t,count,max,mean,min,stddev,p50,p75,p95,p98,p99,p999,mean_rate,m1_rate,m5_rate,m15_rate,rate_unit,duration_unit
1779195068,2,3.000000,1.500000,0.000000,1.500000,3.000000,3.000000,3.000000,3.000000,3.000000,3.000000,0.087665,0.311520,0.380492,0.393389,calls/second,milliseconds
1779195069,2,3.000000,1.500000,0.000000,1.500000,3.000000,3.000000,3.000000,3.000000,3.000000,3.000000,0.083975,0.311520,0.380492,0.393389,calls/second,milliseconds
1779195070,2,3.000000,1.500000,0.000000,1.500000,3.000000,3.000000,3.000000,3.000000,3.000000,3.000000,0.080585,0.311520,0.380492,0.393389,calls/second,milliseconds
1779195071,2,3.000000,1.500000,0.000000,1.500000,3.000000,3.000000,3.000000,3.000000,3.000000,3.000000,0.077457,0.286613,0.374203,0.391209,calls/second,milliseconds
1779195072,2,3.000000,1.500000,0.000000,1.500000,3.000000,3.000000,3.000000,3.000000,3.000000,3.000000,0.074564,0.286613,0.374203,0.391209,calls/second,milliseconds
1779195073,2,3.000000,1.500000,0.000000,1.500000,3.000000,3.000000,3.000000,3.000000,3.000000,3.000000,0.071878,0.286613,0.374203,0.391209,calls/second,milliseconds
1779195074,2,3.000000,1.500000,0.000000,1.500000,3.000000,3.000000,3.000000,3.000000,3.000000,3.000000,0.069377,0.286613,0.374203,0.391209,calls/second,milliseconds
1779195075,2,3.000000,1.500000,0.000000,1.500000,3.000000,3.000000,3.000000,3.000000,3.000000,3.000000,0.067045,0.286613,0.374203,0.391209,calls/second,milliseconds
1779195076,2,3.000000,1.500000,0.000000,1.500000,3.000000,3.000000,3.000000,3.000000,3.000000,3.000000,0.064864,0.263696,0.368018,0.389042,calls/second,milliseconds
1779195077,2,3.000000,1.500000,0.000000,1.500000,3.000000,3.000000,3.000000,3.000000,3.000000,3.000000,0.062822,0.263696,0.368018,0.389042,calls/second,milliseconds
1779195078,2,3.000000,1.500000,0.000000,1.500000,3.000000,3.000000,3.000000,3.000000,3.000000,3.000000,0.060903,0.263696,0.368018,0.389042,calls/second,milliseconds
1779195079,2,3.000000,1.500000,0.000000,1.500000,3.000000,3.000000,3.000000,3.000000,3.000000,3.000000,0.059100,0.263696,0.368018,0.389042,calls/second,milliseconds
1779195080,2,3.000000,1.500000,0.000000,1.500000,3.000000,3.000000,3.000000,3.000000,3.000000,3.000000,0.057400,0.263696,0.368018,0.389042,calls/second,milliseconds
1779195081,2,3.000000,1.500000,0.000000,1.500000,3.000000,3.000000,3.000000,3.000000,3.000000,3.000000,0.055794,0.242612,0.361935,0.386886,calls/second,milliseconds
1779195082,2,3.000000,1.500000,0.000000,1.500000,3.000000,3.000000,3.000000,3.000000,3.000000,3.000000,0.054277,0.242612,0.361935,0.386886,calls/second,milliseconds
1779195083,2,3.000000,1.500000,0.000000,1.500000,3.000000,3.000000,3.000000,3.000000,3.000000,3.000000,0.052839,0.242612,0.361935,0.386886,calls/second,milliseconds
1779195084,2,3.000000,1.500000,0.000000,1.500000,3.000000,3.000000,3.000000,3.000000,3.000000,3.000000,0.051476,0.242612,0.361935,0.386886,calls/second,milliseconds
1779195085,2,3.000000,1.500000,0.000000,1.500000,3.000000,3.000000,3.000000,3.000000,3.000000,3.000000,0.050181,0.242612,0.361935,0.386886,calls/second,milliseconds
1779195086,2,3.000000,1.500000,0.000000,1.500000,3.000000,3.000000,3.000000,3.000000,3.000000,3.000000,0.048951,0.223214,0.355953,0.384743,calls/second,milliseconds
1779195087,2,3.000000,1.500000,0.000000,1.500000,3.000000,3.000000,3.000000,3.000000,3.000000,3.000000,0.047779,0.223214,0.355953,0.384743,calls/second,milliseconds
1779195088,2,3.000000,1.500000,0.000000,1.500000,3.000000,3.000000,3.000000,3.000000,3.000000,3.000000,0.046662,0.223214,0.355953,0.384743,calls/second,milliseconds
1779195089,2,3.000000,1.500000,0.000000,1.500000,3.000000,3.000000,3.000000,3.000000,3.000000,3.000000,0.045596,0.223214,0.355953,0.384743,calls/second,milliseconds
1779195090,2,3.000000,1.500000,0.000000,1.500000,3.000000,3.000000,3.000000,3.000000,3.000000,3.000000,0.044577,0.223214,0.355953,0.384743,calls/second,milliseconds
1779195091,2,3.000000,1.500000,0.000000,1.500000,3.000000,3.000000,3.000000,3.000000,3.000000,3.000000,0.043603,0.205367,0.350069,0.382611,calls/second,milliseconds
1779195092,2,3.000000,1.500000,0.000000,1.500000,3.000000,3.000000,3.000000,3.000000,3.000000,3.000000,0.042671,0.205367,0.350069,0.382611,calls/second,milliseconds
1779195093,2,3.000000,1.500000,0.000000,1.500000,3.000000,3.000000,3.000000,3.000000,3.000000,3.000000,0.041778,0.205367,0.350069,0.382611,calls/second,milliseconds
1779195094,2,3.000000,1.500000,0.000000,1.500000,3.000000,3.000000,3.000000,3.000000,3.000000,3.000000,0.040922,0.205367,0.350069,0.382611,calls/second,milliseconds
1779195095,2,3.000000,1.500000,0.000000,1.500000,3.000000,3.000000,3.000000,3.000000,3.000000,3.000000,0.040100,0.205367,0.350069,0.382611,calls/second,milliseconds
1779195096,2,3.000000,1.500000,0.000000,1.500000,3.000000,3.000000,3.000000,3.000000,3.000000,3.000000,0.039310,0.188947,0.344283,0.380492,calls/second,milliseconds
1779195097,2,3.000000,1.500000,0.000000,1.500000,3.000000,3.000000,3.000000,3.000000,3.000000,3.000000,0.038551,0.188947,0.344283,0.380492,calls/second,milliseconds
1779195098,2,3.000000,1.500000,0.000000,1.500000,3.000000,3.000000,3.000000,3.000000,3.000000,3.000000,0.037821,0.188947,0.344283,0.380492,calls/second,milliseconds
1779195099,2,3.000000,1.500000,0.000000,1.500000,3.000000,3.000000,3.000000,3.000000,3.000000,3.000000,0.037118,0.188947,0.344283,0.380492,calls/second,milliseconds
1779195100,2,3.000000,1.500000,0.000000,1.500000,3.000000,3.000000,3.000000,3.000000,3.000000,3.000000,0.036440,0.188947,0.344283,0.380492,calls/second,milliseconds
1779195101,2,3.000000,1.500000,0.000000,1.500000,3.000000,3.000000,3.000000,3.000000,3.000000,3.000000,0.035787,0.173839,0.338593,0.378384,calls/second,milliseconds
1779195102,2,3.000000,1.500000,0.000000,1.500000,3.000000,3.000000,3.000000,3.000000,3.000000,3.000000,0.035157,0.173839,0.338593,0.378384,calls/second,milliseconds
1779195103,2,3.000000,1.500000,0.000000,1.500000,3.000000,3.000000,3.000000,3.000000,3.000000,3.000000,0.034549,0.173839,0.338593,0.378384,calls/second,milliseconds
1779195104,2,3.000000,1.500000,0.000000,1.500000,3.000000,3.000000,3.000000,3.000000,3.000000,3.000000,0.033961,0.173839,0.338593,0.378384,calls/second,milliseconds
1779195105,2,3.000000,1.500000,0.000000,1.500000,3.000000,3.000000,3.000000,3.000000,3.000000,3.000000,0.033393,0.173839,0.338593,0.378384,calls/second,milliseconds
1779195106,2,3.000000,1.500000,0.000000,1.500000,3.000000,3.000000,3.000000,3.000000,3.000000,3.000000,0.032844,0.159940,0.332996,0.376287,calls/second,milliseconds
1779195107,2,3.000000,1.500000,0.000000,1.500000,3.000000,3.000000,3.000000,3.000000,3.000000,3.000000,0.032312,0.159940,0.332996,0.376287,calls/second,milliseconds
1779195108,2,3.000000,1.500000,0.000000,1.500000,3.000000,3.000000,3.000000,3.000000,3.000000,3.000000,0.031797,0.159940,0.332996,0.376287,calls/second,milliseconds
1779195109,2,3.000000,1.500000,0.000000,1.500000,3.000000,3.000000,3.000000,3.000000,3.000000,3.000000,0.031299,0.159940,0.332996,0.376287,calls/second,milliseconds
1779195110,2,3.000000,1.500000,0.000000,1.500000,3.000000,3.000000,3.000000,3.000000,3.000000,3.000000,0.030816,0.159940,0.332996,0.376287,calls/second,milliseconds
1779195111,2,3.000000,1.500000,0.000000,1.500000,3.000000,3.000000,3.000000,3.000000,3.000000,3.000000,0.030347,0.147152,0.327492,0.374203,calls/second,milliseconds
1779195112,2,3.000000,1.500000,0.000000,1.500000,3.000000,3.000000,3.000000,3.000000,3.000000,3.000000,0.029892,0.147152,0.327492,0.374203,calls/second,milliseconds
1779195113,2,3.000000,1.500000,0.000000,1.500000,3.000000,3.000000,3.000000,3.000000,3.000000,3.000000,0.029452,0.147152,0.327492,0.374203,calls/second,milliseconds
1779195114,2,3.000000,1.500000,0.000000,1.500000,3.000000,3.000000,3.000000,3.000000,3.000000,3.000000,0.029024,0.147152,0.327492,0.374203,calls/second,milliseconds
1779195115,2,3.000000,1.500000,0.000000,1.500000,3.000000,3.000000,3.000000,3.000000,3.000000,3.000000,0.028607,0.147152,0.327492,0.374203,calls/second,milliseconds
1779195116,2,3.000000,1.500000,0.000000,1.500000,3.000000,3.000000,3.000000,3.000000,3.000000,3.000000,0.028203,0.135386,0.322079,0.372130,calls/second,milliseconds
1779195117,2,3.000000,1.500000,0.000000,1.500000,3.000000,3.000000,3.000000,3.000000,3.000000,3.000000,0.027811,0.135386,0.322079,0.372130,calls/second,milliseconds
1779195118,2,3.000000,1.500000,0.000000,1.500000,3.000000,3.000000,3.000000,3.000000,3.000000,3.000000,0.027429,0.135386,0.322079,0.372130,calls/second,milliseconds
1779195119,2,3.000000,1.500000,0.000000,1.500000,3.000000,3.000000,3.000000,3.000000,3.000000,3.000000,0.027057,0.135386,0.322079,0.372130,calls/second,milliseconds
1779195120,2,3.000000,1.500000,0.000000,1.500000,3.000000,3.000000,3.000000,3.000000,3.000000,3.000000,0.026695,0.135386,0.322079,0.372130,calls/second,milliseconds
1779195121,2,3.000000,1.500000,0.000000,1.500000,3.000000,3.000000,3.000000,3.000000,3.000000,3.000000,0.026343,0.124561,0.316756,0.370068,calls/second,milliseconds
1779195122,2,3.000000,1.500000,0.000000,1.500000,3.000000,3.000000,3.000000,3.000000,3.000000,3.000000,0.026000,0.124561,0.316756,0.370068,calls/second,milliseconds
1779195123,2,3.000000,1.500000,0.000000,1.500000,3.000000,3.000000,3.000000,3.000000,3.000000,3.000000,0.025665,0.124561,0.316756,0.370068,calls/second,milliseconds
1779195124,2,3.000000,1.500000,0.000000,1.500000,3.000000,3.000000,3.000000,3.000000,3.000000,3.000000,0.025340,0.124561,0.316756,0.370068,calls/second,milliseconds
1779195125,2,3.000000,1.500000,0.000000,1.500000,3.000000,3.000000,3.000000,3.000000,3.000000,3.000000,0.025022,0.124561,0.316756,0.370068,calls/second,milliseconds
1779195126,2,3.000000,1.500000,0.000000,1.500000,3.000000,3.000000,3.000000,3.000000,3.000000,3.000000,0.024712,0.114602,0.311520,0.368018,calls/second,milliseconds
1779195127,2,3.000000,1.500000,0.000000,1.500000,3.000000,3.000000,3.000000,3.000000,3.000000,3.000000,0.024410,0.114602,0.311520,0.368018,calls/second,milliseconds
1779195128,2,3.000000,1.500000,0.000000,1.500000,3.000000,3.000000,3.000000,3.000000,3.000000,3.000000,0.024116,0.114602,0.311520,0.368018,calls/second,milliseconds
1779195129,2,3.000000,1.500000,0.000000,1.500000,3.000000,3.000000,3.000000,3.000000,3.000000,3.000000,0.023828,0.114602,0.311520,0.368018,calls/second,milliseconds
1779195130,2,3.000000,1.500000,0.000000,1.500000,3.000000,3.000000,3.000000,3.000000,3.000000,3.000000,0.023547,0.114602,0.311520,0.368018,calls/second,milliseconds
1779195131,2,3.000000,1.500000,0.000000,1.500000,3.000000,3.000000,3.000000,3.000000,3.000000,3.000000,0.023272,0.105439,0.306371,0.365979,calls/second,milliseconds
1779195132,2,3.000000,1.500000,0.000000,1.500000,3.000000,3.000000,3.000000,3.000000,3.000000,3.000000,0.023004,0.105439,0.306371,0.365979,calls/second,milliseconds
1779195133,2,3.000000,1.500000,0.000000,1.500000,3.000000,3.000000,3.000000,3.000000,3.000000,3.000000,0.022742,0.105439,0.306371,0.365979,calls/second,milliseconds
1779195134,2,3.000000,1.500000,0.000000,1.500000,3.000000,3.000000,3.000000,3.000000,3.000000,3.000000,0.022486,0.105439,0.306371,0.365979,calls/second,milliseconds
1779195135,2,3.000000,1.500000,0.000000,1.500000,3.000000,3.000000,3.000000,3.000000,3.000000,3.000000,0.022236,0.105439,0.306371,0.365979,calls/second,milliseconds
1779195136,2,3.000000,1.500000,0.000000,1.500000,3.000000,3.000000,3.000000,3.000000,3.000000,3.000000,0.021991,0.097008,0.301307,0.363951,calls/second,milliseconds
1779195137,2,3.000000,1.500000,0.000000,1.500000,3.000000,3.000000,3.000000,3.000000,3.000000,3.000000,0.021751,0.097008,0.301307,0.363951,calls/second,milliseconds
1779195138,2,3.000000,1.500000,0.000000,1.500000,3.000000,3.000000,3.000000,3.000000,3.000000,3.000000,0.021517,0.097008,0.301307,0.363951,calls/second,milliseconds
1779195139,2,3.000000,1.500000,0.000000,1.500000,3.000000,3.000000,3.000000,3.000000,3.000000,3.000000,0.021287,0.097008,0.301307,0.363951,calls/second,milliseconds
1779195140,2,3.000000,1.500000,0.000000,1.500000,3.000000,3.000000,3.000000,3.000000,3.000000,3.000000,0.021062,0.097008,0.301307,0.363951,calls/second,milliseconds
1779195141,2,3.000000,1.500000,0.000000,1.500000,3.000000,3.000000,3.000000,3.000000,3.000000,3.000000,0.020843,0.089252,0.296327,0.361935,calls/second,milliseconds
1779195142,2,3.000000,1.500000,0.000000,1.500000,3.000000,3.000000,3.000000,3.000000,3.000000,3.000000,0.020627,0.089252,0.296327,0.361935,calls/second,milliseconds
1779195143,2,3.000000,1.500000,0.000000,1.500000,3.000000,3.000000,3.000000,3.000000,3.000000,3.000000,0.020416,0.089252,0.296327,0.361935,calls/second,milliseconds
1779195144,2,3.000000,1.500000,0.000000,1.500000,3.000000,3.000000,3.000000,3.000000,3.000000,3.000000,0.020210,0.089252,0.296327,0.361935,calls/second,milliseconds
1779195145,2,3.000000,1.500000,0.000000,1.500000,3.000000,3.000000,3.000000,3.000000,3.000000,3.000000,0.020007,0.089252,0.296327,0.361935,calls/second,milliseconds
1779195146,2,3.000000,1.500000,0.000000,1.500000,3.000000,3.000000,3.000000,3.000000,3.000000,3.000000,0.019808,0.082116,0.291429,0.359930,calls/second,milliseconds
1779195147,2,3.000000,1.500000,0.000000,1.500000,3.000000,3.000000,3.000000,3.000000,3.000000,3.000000,0.019614,0.082116,0.291429,0.359930,calls/second,milliseconds
1779195148,2,3.000000,1.500000,0.000000,1.500000,3.000000,3.000000,3.000000,3.000000,3.000000,3.000000,0.019423,0.082116,0.291429,0.359930,calls/second,milliseconds
1779195149,2,3.000000,1.500000,0.000000,1.500000,3.000000,3.000000,3.000000,3.000000,3.000000,3.000000,0.019236,0.082116,0.291429,0.359930,calls/second,milliseconds
1779195150,2,3.000000,1.500000,0.000000,1.500000,3.000000,3.000000,3.000000,3.000000,3.000000,3.000000,0.019052,0.082116,0.291429,0.359930,calls/second,milliseconds
1779195151,2,3.000000,1.500000,0.000000,1.500000,3.000000,3.000000,3.000000,3.000000,3.000000,3.000000,0.018872,0.075550,0.286613,0.357936,calls/second,milliseconds
1779195152,2,3.000000,1.500000,0.000000,1.500000,3.000000,3.000000,3.000000,3.000000,3.000000,3.000000,0.018695,0.075550,0.286613,0.357936,calls/second,milliseconds
1779195153,2,3.000000,1.500000,0.000000,1.500000,3.000000,3.000000,3.000000,3.000000,3.000000,3.000000,0.018522,0.075550,0.286613,0.357936,calls/second,milliseconds
1779195154,2,3.000000,1.500000,0.000000,1.500000,3.000000,3.000000,3.000000,3.000000,3.000000,3.000000,0.018352,0.075550,0.286613,0.357936,calls/second,milliseconds
1779195155,2,3.000000,1.500000,0.000000,1.500000,3.000000,3.000000,3.000000,3.000000,3.000000,3.000000,0.018185,0.075550,0.286613,0.357936,calls/second,milliseconds
1779195156,2,3.000000,1.500000,0.000000,1.500000,3.000000,3.000000,3.000000,3.000000,3.000000,3.000000,0.018020,0.069510,0.281875,0.355953,calls/second,milliseconds
1779195157,2,3.000000,1.500000,0.000000,1.500000,3.000000,3.000000,3.000000,3.000000,3.000000,3.000000,0.017859,0.069510,0.281875,0.355953,calls/second,milliseconds
1779195158,2,3.000000,1.500000,0.000000,1.500000,3.000000,3.000000,3.000000,3.000000,3.000000,3.000000,0.017701,0.069510,0.281875,0.355953,calls/second,milliseconds
1779195159,2,3.000000,1.500000,0.000000,1.500000,3.000000,3.000000,3.000000,3.000000,3.000000,3.000000,0.017545,0.069510,0.281875,0.355953,calls/second,milliseconds
1779195160,2,3.000000,1.500000,0.000000,1.500000,3.000000,3.000000,3.000000,3.000000,3.000000,3.000000,0.017392,0.069510,0.281875,0.355953,calls/second,milliseconds
1779195161,2,3.000000,1.500000,0.000000,1.500000,3.000000,3.000000,3.000000,3.000000,3.000000,3.000000,0.017242,0.063952,0.277216,0.353981,calls/second,milliseconds
1779195162,2,3.000000,1.500000,0.000000,1.500000,3.000000,3.000000,3.000000,3.000000,3.000000,3.000000,0.017095,0.063952,0.277216,0.353981,calls/second,milliseconds
1779195163,2,3.000000,1.500000,0.000000,1.500000,3.000000,3.000000,3.000000,3.000000,3.000000,3.000000,0.016949,0.063952,0.277216,0.353981,calls/second,milliseconds
1779195164,2,3.000000,1.500000,0.000000,1.500000,3.000000,3.000000,3.000000,3.000000,3.000000,3.000000,0.016807,0.063952,0.277216,0.353981,calls/second,milliseconds
1779195165,2,3.000000,1.500000,0.000000,1.500000,3.000000,3.000000,3.000000,3.000000,3.000000,3.000000,0.016667,0.058839,0.272634,0.352020,calls/second,milliseconds
1779195166,2,3.000000,1.500000,0.000000,1.500000,3.000000,3.000000,3.000000,3.000000,3.000000,3.000000,0.016529,0.058839,0.272634,0.352020,calls/second,milliseconds
1779195167,2,3.000000,1.500000,0.000000,1.500000,3.000000,3.000000,3.000000,3.000000,3.000000,3.000000,0.016393,0.058839,0.272634,0.352020,calls/second,milliseconds
1779195168,2,3.000000,1.500000,0.000000,1.500000,3.000000,3.000000,3.000000,3.000000,3.000000,3.000000,0.016259,0.058839,0.272634,0.352020,calls/second,milliseconds
1779195169,2,3.000000,1.500000,0.000000,1.500000,3.000000,3.000000,3.000000,3.000000,3.000000,3.000000,0.016128,0.058839,0.272634,0.352020,calls/second,milliseconds
1779195170,2,3.000000,1.500000,0.000000,1.500000,3.000000,3.000000,3.000000,3.000000,3.000000,3.000000,0.015999,0.054134,0.268128,0.350069,calls/second,milliseconds
1779195171,2,3.000000,1.500000,0.000000,1.500000,3.000000,3.000000,3.000000,3.000000,3.000000,3.000000,0.015871,0.054134,0.268128,0.350069,calls/second,milliseconds
1779195172,2,3.000000,1.500000,0.000000,1.500000,3.000000,3.000000,3.000000,3.000000,3.000000,3.000000,0.015746,0.054134,0.268128,0.350069,calls/second,milliseconds
1779195173,2,3.000000,1.500000,0.000000,1.500000,3.000000,3.000000,3.000000,3.000000,3.000000,3.000000,0.015623,0.054134,0.268128,0.350069,calls/second,milliseconds
1779195174,2,3.000000,1.500000,0.000000,1.500000,3.000000,3.000000,3.000000,3.000000,3.000000,3.000000,0.015502,0.054134,0.268128,0.350069,calls/second,milliseconds
1779195175,2,3.000000,1.500000,0.000000,1.500000,3.000000,3.000000,3.000000,3.000000,3.000000,3.000000,0.015383,0.049806,0.263696,0.348130,calls/second,milliseconds
1779195176,2,3.000000,1.500000,0.000000,1.500000,3.000000,3.000000,3.000000,3.000000,3.000000,3.000000,0.015265,0.049806,0.263696,0.348130,calls/second,milliseconds
1779195177,2,3.000000,1.500000,0.000000,1.500000,3.000000,3.000000,3.000000,3.000000,3.000000,3.000000,0.015149,0.049806,0.263696,0.348130,calls/second,milliseconds
1779195178,2,3.000000,1.500000,0.000000,1.500000,3.000000,3.000000,3.000000,3.000000,3.000000,3.000000,0.015035,0.049806,0.263696,0.348130,calls/second,milliseconds
1779195179,2,3.000000,1.500000,0.000000,1.500000,3.000000,3.000000,3.000000,3.000000,3.000000,3.000000,0.014923,0.049806,0.263696,0.348130,calls/second,milliseconds
1779195180,2,3.000000,1.500000,0.000000,1.500000,3.000000,3.000000,3.000000,3.000000,3.000000,3.000000,0.014812,0.045824,0.259338,0.346201,calls/second,milliseconds
1779195181,2,3.000000,1.500000,0.000000,1.500000,3.000000,3.000000,3.000000,3.000000,3.000000,3.000000,0.014703,0.045824,0.259338,0.346201,calls/second,milliseconds
1779195182,2,3.000000,1.500000,0.000000,1.500000,3.000000,3.000000,3.000000,3.000000,3.000000,3.000000,0.014595,0.045824,0.259338,0.346201,calls/second,milliseconds
1779195183,2,3.000000,1.500000,0.000000,1.500000,3.000000,3.000000,3.000000,3.000000,3.000000,3.000000,0.014490,0.045824,0.259338,0.346201,calls/second,milliseconds
1779195184,2,3.000000,1.500000,0.000000,1.500000,3.000000,3.000000,3.000000,3.000000,3.000000,3.000000,0.014385,0.045824,0.259338,0.346201,calls/second,milliseconds
1779195185,2,3.000000,1.500000,0.000000,1.500000,3.000000,3.000000,3.000000,3.000000,3.000000,3.000000,0.014282,0.042160,0.255051,0.344283,calls/second,milliseconds
1779195186,2,3.000000,1.500000,0.000000,1.500000,3.000000,3.000000,3.000000,3.000000,3.000000,3.000000,0.014181,0.042160,0.255051,0.344283,calls/second,milliseconds
1779195187,2,3.000000,1.500000,0.000000,1.500000,3.000000,3.000000,3.000000,3.000000,3.000000,3.000000,0.014081,0.042160,0.255051,0.344283,calls/second,milliseconds
1779195188,2,3.000000,1.500000,0.000000,1.500000,3.000000,3.000000,3.000000,3.000000,3.000000,3.000000,0.013982,0.042160,0.255051,0.344283,calls/second,milliseconds
1779195189,2,3.000000,1.500000,0.000000,1.500000,3.000000,3.000000,3.000000,3.000000,3.000000,3.000000,0.013885,0.042160,0.255051,0.344283,calls/second,milliseconds
1779195190,2,3.000000,1.500000,0.000000,1.500000,3.000000,3.000000,3.000000,3.000000,3.000000,3.000000,0.013789,0.038789,0.250836,0.342376,calls/second,milliseconds
1779195191,2,3.000000,1.500000,0.000000,1.500000,3.000000,3.000000,3.000000,3.000000,3.000000,3.000000,0.013695,0.038789,0.250836,0.342376,calls/second,milliseconds
1779195192,2,3.000000,1.500000,0.000000,1.500000,3.000000,3.000000,3.000000,3.000000,3.000000,3.000000,0.013601,0.038789,0.250836,0.342376,calls/second,milliseconds
1779195193,2,3.000000,1.500000,0.000000,1.500000,3.000000,3.000000,3.000000,3.000000,3.000000,3.000000,0.013509,0.038789,0.250836,0.342376,calls/second,milliseconds
1779195194,2,3.000000,1.500000,0.000000,1.500000,3.000000,3.000000,3.000000,3.000000,3.000000,3.000000,0.013418,0.038789,0.250836,0.342376,calls/second,milliseconds
1779195195,2,3.000000,1.500000,0.000000,1.500000,3.000000,3.000000,3.000000,3.000000,3.000000,3.000000,0.013329,0.035687,0.246690,0.340479,calls/second,milliseconds
1779195196,2,3.000000,1.500000,0.000000,1.500000,3.000000,3.000000,3.000000,3.000000,3.000000,3.000000,0.013241,0.035687,0.246690,0.340479,calls/second,milliseconds
1779195197,2,3.000000,1.500000,0.000000,1.500000,3.000000,3.000000,3.000000,3.000000,3.000000,3.000000,0.013153,0.035687,0.246690,0.340479,calls/second,milliseconds
1779195198,2,3.000000,1.500000,0.000000,1.500000,3.000000,3.000000,3.000000,3.000000,3.000000,3.000000,0.013067,0.035687,0.246690,0.340479,calls/second,milliseconds
1779195199,2,3.000000,1.500000,0.000000,1.500000,3.000000,3.000000,3.000000,3.000000,3.000000,3.000000,0.012982,0.035687,0.246690,0.340479,calls/second,milliseconds
1779195200,2,3.000000,1.500000,0.000000,1.500000,3.000000,3.000000,3.000000,3.000000,3.000000,3.000000,0.012899,0.032834,0.242612,0.338593,calls/second,milliseconds
1779195201,2,3.000000,1.500000,0.000000,1.500000,3.000000,3.000000,3.000000,3.000000,3.000000,3.000000,0.012816,0.032834,0.242612,0.338593,calls/second,milliseconds
1779195202,2,3.000000,1.500000,0.000000,1.500000,3.000000,3.000000,3.000000,3.000000,3.000000,3.000000,0.012734,0.032834,0.242612,0.338593,calls/second,milliseconds
1779195203,2,3.000000,1.500000,0.000000,1.500000,3.000000,3.000000,3.000000,3.000000,3.000000,3.000000,0.012653,0.032834,0.242612,0.338593,calls/second,milliseconds
1779195204,2,3.000000,1.500000,0.000000,1.500000,3.000000,3.000000,3.000000,3.000000,3.000000,3.000000,0.012574,0.032834,0.242612,0.338593,calls/second,milliseconds
1779195205,2,3.000000,1.500000,0.000000,1.500000,3.000000,3.000000,3.000000,3.000000,3.000000,3.000000,0.012495,0.030209,0.238602,0.336717,calls/second,milliseconds
1779195206,2,3.000000,1.500000,0.000000,1.500000,3.000000,3.000000,3.000000,3.000000,3.000000,3.000000,0.012417,0.030209,0.238602,0.336717,calls/second,milliseconds
1779195207,2,3.000000,1.500000,0.000000,1.500000,3.000000,3.000000,3.000000,3.000000,3.000000,3.000000,0.012341,0.030209,0.238602,0.336717,calls/second,milliseconds
1779195208,2,3.000000,1.500000,0.000000,1.500000,3.000000,3.000000,3.000000,3.000000,3.000000,3.000000,0.012265,0.030209,0.238602,0.336717,calls/second,milliseconds
1779195209,2,3.000000,1.500000,0.000000,1.500000,3.000000,3.000000,3.000000,3.000000,3.000000,3.000000,0.012190,0.030209,0.238602,0.336717,calls/second,milliseconds
1779195210,2,3.000000,1.500000,0.000000,1.500000,3.000000,3.000000,3.000000,3.000000,3.000000,3.000000,0.012116,0.027793,0.234658,0.334851,calls/second,milliseconds
1779195211,2,3.000000,1.500000,0.000000,1.500000,3.000000,3.000000,3.000000,3.000000,3.000000,3.000000,0.012043,0.027793,0.234658,0.334851,calls/second,milliseconds
1779195212,2,3.000000,1.500000,0.000000,1.500000,3.000000,3.000000,3.000000,3.000000,3.000000,3.000000,0.011971,0.027793,0.234658,0.334851,calls/second,milliseconds
1779195213,2,3.000000,1.500000,0.000000,1.500000,3.000000,3.000000,3.000000,3.000000,3.000000,3.000000,0.011899,0.027793,0.234658,0.334851,calls/second,milliseconds
1779195214,2,3.000000,1.500000,0.000000,1.500000,3.000000,3.000000,3.000000,3.000000,3.000000,3.000000,0.011829,0.027793,0.234658,0.334851,calls/second,milliseconds
1779195215,2,3.000000,1.500000,0.000000,1.500000,3.000000,3.000000,3.000000,3.000000,3.000000,3.000000,0.011759,0.025571,0.230780,0.332996,calls/second,milliseconds
1779195216,2,3.000000,1.500000,0.000000,1.500000,3.000000,3.000000,3.000000,3.000000,3.000000,3.000000,0.011690,0.025571,0.230780,0.332996,calls/second,milliseconds
1779195217,2,3.000000,1.500000,0.000000,1.500000,3.000000,3.000000,3.000000,3.000000,3.000000,3.000000,0.011622,0.025571,0.230780,0.332996,calls/second,milliseconds
1779195218,2,3.000000,1.500000,0.000000,1.500000,3.000000,3.000000,3.000000,3.000000,3.000000,3.000000,0.011555,0.025571,0.230780,0.332996,calls/second,milliseconds
1779195219,2,3.000000,1.500000,0.000000,1.500000,3.000000,3.000000,3.000000,3.000000,3.000000,3.000000,0.011489,0.025571,0.230780,0.332996,calls/second,milliseconds
1779195220,2,3.000000,1.500000,0.000000,1.500000,3.000000,3.000000,3.000000,3.000000,3.000000,3.000000,0.011423,0.023527,0.226965,0.331151,calls/second,milliseconds
1779195221,2,3.000000,1.500000,0.000000,1.500000,3.000000,3.000000,3.000000,3.000000,3.000000,3.000000,0.011358,0.023527,0.226965,0.331151,calls/second,milliseconds
1779195222,2,3.000000,1.500000,0.000000,1.500000,3.000000,3.000000,3.000000,3.000000,3.000000,3.000000,0.011294,0.023527,0.226965,0.331151,calls/second,milliseconds
1779195223,2,3.000000,1.500000,0.000000,1.500000,3.000000,3.000000,3.000000,3.000000,3.000000,3.000000,0.011230,0.023527,0.226965,0.331151,calls/second,milliseconds
1779195224,2,3.000000,1.500000,0.000000,1.500000,3.000000,3.000000,3.000000,3.000000,3.000000,3.000000,0.011167,0.023527,0.226965,0.331151,calls/second,milliseconds
1779195225,2,3.000000,1.500000,0.000000,1.500000,3.000000,3.000000,3.000000,3.000000,3.000000,3.000000,0.011105,0.021646,0.223214,0.329317,calls/second,milliseconds
1779195226,2,3.000000,1.500000,0.000000,1.500000,3.000000,3.000000,3.000000,3.000000,3.000000,3.000000,0.011044,0.021646,0.223214,0.329317,calls/second,milliseconds
1779195227,2,3.000000,1.500000,0.000000,1.500000,3.000000,3.000000,3.000000,3.000000,3.000000,3.000000,0.010983,0.021646,0.223214,0.329317,calls/second,milliseconds
1779195228,2,3.000000,1.500000,0.000000,1.500000,3.000000,3.000000,3.000000,3.000000,3.000000,3.000000,0.010923,0.021646,0.223214,0.329317,calls/second,milliseconds
1779195229,2,3.000000,1.500000,0.000000,1.500000,3.000000,3.000000,3.000000,3.000000,3.000000,3.000000,0.010864,0.021646,0.223214,0.329317,calls/second,milliseconds
1779195230,2,3.000000,1.500000,0.000000,1.500000,3.000000,3.000000,3.000000,3.000000,3.000000,3.000000,0.010805,0.019915,0.219525,0.327492,calls/second,milliseconds
1779195231,2,3.000000,1.500000,0.000000,1.500000,3.000000,3.000000,3.000000,3.000000,3.000000,3.000000,0.010747,0.019915,0.219525,0.327492,calls/second,milliseconds
1779195232,2,3.000000,1.500000,0.000000,1.500000,3.000000,3.000000,3.000000,3.000000,3.000000,3.000000,0.010689,0.019915,0.219525,0.327492,calls/second,milliseconds
1779195233,2,3.000000,1.500000,0.000000,1.500000,3.000000,3.000000,3.000000,3.000000,3.000000,3.000000,0.010632,0.019915,0.219525,0.327492,calls/second,milliseconds
1779195234,2,3.000000,1.500000,0.000000,1.500000,3.000000,3.000000,3.000000,3.000000,3.000000,3.000000,0.010576,0.019915,0.219525,0.327492,calls/second,milliseconds
1779195235,2,3.000000,1.500000,0.000000,1.500000,3.000000,3.000000,3.000000,3.000000,3.000000,3.000000,0.010520,0.018323,0.215896,0.325678,calls/second,milliseconds
1779195236,2,3.000000,1.500000,0.000000,1.500000,3.000000,3.000000,3.000000,3.000000,3.000000,3.000000,0.010465,0.018323,0.215896,0.325678,calls/second,milliseconds
1779195237,2,3.000000,1.500000,0.000000,1.500000,3.000000,3.000000,3.000000,3.000000,3.000000,3.000000,0.010410,0.018323,0.215896,0.325678,calls/second,milliseconds
1779195238,2,3.000000,1.500000,0.000000,1.500000,3.000000,3.000000,3.000000,3.000000,3.000000,3.000000,0.010356,0.018323,0.215896,0.325678,calls/second,milliseconds
1779195239,2,3.000000,1.500000,0.000000,1.500000,3.000000,3.000000,3.000000,3.000000,3.000000,3.000000,0.010303,0.018323,0.215896,0.325678,calls/second,milliseconds
1779195240,2,3.000000,1.500000,0.000000,1.500000,3.000000,3.000000,3.000000,3.000000,3.000000,3.000000,0.010250,0.016858,0.212328,0.323874,calls/second,milliseconds
1779195241,2,3.000000,1.500000,0.000000,1.500000,3.000000,3.000000,3.000000,3.000000,3.000000,3.000000,0.010198,0.016858,0.212328,0.323874,calls/second,milliseconds
1779195242,2,3.000000,1.500000,0.000000,1.500000,3.000000,3.000000,3.000000,3.000000,3.000000,3.000000,0.010146,0.016858,0.212328,0.323874,calls/second,milliseconds
1779195243,2,3.000000,1.500000,0.000000,1.500000,3.000000,3.000000,3.000000,3.000000,3.000000,3.000000,0.010095,0.016858,0.212328,0.323874,calls/second,milliseconds
1779195244,2,3.000000,1.500000,0.000000,1.500000,3.000000,3.000000,3.000000,3.000000,3.000000,3.000000,0.010044,0.016858,0.212328,0.323874,calls/second,milliseconds
1779195245,2,3.000000,1.500000,0.000000,1.500000,3.000000,3.000000,3.000000,3.000000,3.000000,3.000000,0.009994,0.015510,0.208818,0.322079,calls/second,milliseconds
1779195246,2,3.000000,1.500000,0.000000,1.500000,3.000000,3.000000,3.000000,3.000000,3.000000,3.000000,0.009944,0.015510,0.208818,0.322079,calls/second,milliseconds
1779195247,2,3.000000,1.500000,0.000000,1.500000,3.000000,3.000000,3.000000,3.000000,3.000000,3.000000,0.009895,0.015510,0.208818,0.322079,calls/second,milliseconds
1779195248,2,3.000000,1.500000,0.000000,1.500000,3.000000,3.000000,3.000000,3.000000,3.000000,3.000000,0.009846,0.015510,0.208818,0.322079,calls/second,milliseconds
1779195249,2,3.000000,1.500000,0.000000,1.500000,3.000000,3.000000,3.000000,3.000000,3.000000,3.000000,0.009797,0.015510,0.208818,0.322079,calls/second,milliseconds
1779195250,2,3.000000,1.500000,0.000000,1.500000,3.000000,3.000000,3.000000,3.000000,3.000000,3.000000,0.009750,0.014270,0.205367,0.320295,calls/second,milliseconds
1779195251,2,3.000000,1.500000,0.000000,1.500000,3.000000,3.000000,3.000000,3.000000,3.000000,3.000000,0.009702,0.014270,0.205367,0.320295,calls/second,milliseconds
1779195252,2,3.000000,1.500000,0.000000,1.500000,3.000000,3.000000,3.000000,3.000000,3.000000,3.000000,0.009655,0.014270,0.205367,0.320295,calls/second,milliseconds
1779195253,2,3.000000,1.500000,0.000000,1.500000,3.000000,3.000000,3.000000,3.000000,3.000000,3.000000,0.009609,0.014270,0.205367,0.320295,calls/second,milliseconds
1779195254,2,3.000000,1.500000,0.000000,1.500000,3.000000,3.000000,3.000000,3.000000,3.000000,3.000000,0.009563,0.014270,0.205367,0.320295,calls/second,milliseconds
1779195255,2,3.000000,1.500000,0.000000,1.500000,3.000000,3.000000,3.000000,3.000000,3.000000,3.000000,0.009517,0.013129,0.201972,0.318520,calls/second,milliseconds
1779195256,2,3.000000,1.500000,0.000000,1.500000,3.000000,3.000000,3.000000,3.000000,3.000000,3.000000,0.009472,0.013129,0.201972,0.318520,calls/second,milliseconds
1779195257,2,3.000000,1.500000,0.000000,1.500000,3.000000,3.000000,3.000000,3.000000,3.000000,3.000000,0.009427,0.013129,0.201972,0.318520,calls/second,milliseconds
1779195258,2,3.000000,1.500000,0.000000,1.500000,3.000000,3.000000,3.000000,3.000000,3.000000,3.000000,0.009383,0.013129,0.201972,0.318520,calls/second,milliseconds
1779195259,2,3.000000,1.500000,0.000000,1.500000,3.000000,3.000000,3.000000,3.000000,3.000000,3.000000,0.009339,0.013129,0.201972,0.318520,calls/second,milliseconds
1779195260,2,3.000000,1.500000,0.000000,1.500000,3.000000,3.000000,3.000000,3.000000,3.000000,3.000000,0.009296,0.012079,0.198634,0.316756,calls/second,milliseconds
1779195261,2,3.000000,1.500000,0.000000,1.500000,3.000000,3.000000,3.000000,3.000000,3.000000,3.000000,0.009253,0.012079,0.198634,0.316756,calls/second,milliseconds
1779195262,2,3.000000,1.500000,0.000000,1.500000,3.000000,3.000000,3.000000,3.000000,3.000000,3.000000,0.009210,0.012079,0.198634,0.316756,calls/second,milliseconds
1779195263,2,3.000000,1.500000,0.000000,1.500000,3.000000,3.000000,3.000000,3.000000,3.000000,3.000000,0.009168,0.012079,0.198634,0.316756,calls/second,milliseconds
1779195264,2,3.000000,1.500000,0.000000,1.500000,3.000000,3.000000,3.000000,3.000000,3.000000,3.000000,0.009126,0.012079,0.198634,0.316756,calls/second,milliseconds
1779195265,2,3.000000,1.500000,0.000000,1.500000,3.000000,3.000000,3.000000,3.000000,3.000000,3.000000,0.009084,0.011113,0.195351,0.315001,calls/second,milliseconds
1779195266,2,3.000000,1.500000,0.000000,1.500000,3.000000,3.000000,3.000000,3.000000,3.000000,3.000000,0.009043,0.011113,0.195351,0.315001,calls/second,milliseconds
1779195267,2,3.000000,1.500000,0.000000,1.500000,3.000000,3.000000,3.000000,3.000000,3.000000,3.000000,0.009002,0.011113,0.195351,0.315001,calls/second,milliseconds
1779195268,2,3.000000,1.500000,0.000000,1.500000,3.000000,3.000000,3.000000,3.000000,3.000000,3.000000,0.008962,0.011113,0.195351,0.315001,calls/second,milliseconds
1779195269,2,3.000000,1.500000,0.000000,1.500000,3.000000,3.000000,3.000000,3.000000,3.000000,3.000000,0.008922,0.011113,0.195351,0.315001,calls/second,milliseconds
1779195270,2,3.000000,1.500000,0.000000,1.500000,3.000000,3.000000,3.000000,3.000000,3.000000,3.000000,0.008882,0.010225,0.192122,0.313256,calls/second,milliseconds
1779195271,2,3.000000,1.500000,0.000000,1.500000,3.000000,3.000000,3.000000,3.000000,3.000000,3.000000,0.008843,0.010225,0.192122,0.313256,calls/second,milliseconds
1779195272,2,3.000000,1.500000,0.000000,1.500000,3.000000,3.000000,3.000000,3.000000,3.000000,3.000000,0.008804,0.010225,0.192122,0.313256,calls/second,milliseconds
1779195273,2,3.000000,1.500000,0.000000,1.500000,3.000000,3.000000,3.000000,3.000000,3.000000,3.000000,0.008765,0.010225,0.192122,0.313256,calls/second,milliseconds
1779195274,2,3.000000,1.500000,0.000000,1.500000,3.000000,3.000000,3.000000,3.000000,3.000000,3.000000,0.008727,0.010225,0.192122,0.313256,calls/second,milliseconds
1779195275,2,3.000000,1.500000,0.000000,1.500000,3.000000,3.000000,3.000000,3.000000,3.000000,3.000000,0.008689,0.009407,0.188947,0.311520,calls/second,milliseconds
1779195276,2,3.000000,1.500000,0.000000,1.500000,3.000000,3.000000,3.000000,3.000000,3.000000,3.000000,0.008651,0.009407,0.188947,0.311520,calls/second,milliseconds
1779195277,2,3.000000,1.500000,0.000000,1.500000,3.000000,3.000000,3.000000,3.000000,3.000000,3.000000,0.008614,0.009407,0.188947,0.311520,calls/second,milliseconds
1779195278,2,3.000000,1.500000,0.000000,1.500000,3.000000,3.000000,3.000000,3.000000,3.000000,3.000000,0.008577,0.009407,0.188947,0.311520,calls/second,milliseconds
1779195279,2,3.000000,1.500000,0.000000,1.500000,3.000000,3.000000,3.000000,3.000000,3.000000,3.000000,0.008540,0.009407,0.188947,0.311520,calls/second,milliseconds
1779195280,2,3.000000,1.500000,0.000000,1.500000,3.000000,3.000000,3.000000,3.000000,3.000000,3.000000,0.008504,0.008655,0.185824,0.309794,calls/second,milliseconds
1779195281,2,3.000000,1.500000,0.000000,1.500000,3.000000,3.000000,3.000000,3.000000,3.000000,3.000000,0.008468,0.008655,0.185824,0.309794,calls/second,milliseconds
1779195282,2,3.000000,1.500000,0.000000,1.500000,3.000000,3.000000,3.000000,3.000000,3.000000,3.000000,0.008432,0.008655,0.185824,0.309794,calls/second,milliseconds
1779195283,2,3.000000,1.500000,0.000000,1.500000,3.000000,3.000000,3.000000,3.000000,3.000000,3.000000,0.008397,0.008655,0.185824,0.309794,calls/second,milliseconds
1779195284,2,3.000000,1.500000,0.000000,1.500000,3.000000,3.000000,3.000000,3.000000,3.000000,3.000000,0.008361,0.008655,0.185824,0.309794,calls/second,milliseconds
1779195285,2,3.000000,1.500000,0.000000,1.500000,3.000000,3.000000,3.000000,3.000000,3.000000,3.000000,0.008327,0.007963,0.182752,0.308078,calls/second,milliseconds
1779195286,2,3.000000,1.500000,0.000000,1.500000,3.000000,3.000000,3.000000,3.000000,3.000000,3.000000,0.008292,0.007963,0.182752,0.308078,calls/second,milliseconds
1779195287,2,3.000000,1.500000,0.000000,1.500000,3.000000,3.000000,3.000000,3.000000,3.000000,3.000000,0.008258,0.007963,0.182752,0.308078,calls/second,milliseconds
1779195288,2,3.000000,1.500000,0.000000,1.500000,3.000000,3.000000,3.000000,3.000000,3.000000,3.000000,0.008224,0.007963,0.182752,0.308078,calls/second,milliseconds
1779195289,2,3.000000,1.500000,0.000000,1.500000,3.000000,3.000000,3.000000,3.000000,3.000000,3.000000,0.008190,0.007963,0.182752,0.308078,calls/second,milliseconds
1779195290,2,3.000000,1.500000,0.000000,1.500000,3.000000,3.000000,3.000000,3.000000,3.000000,3.000000,0.008157,0.007326,0.179732,0.306371,calls/second,milliseconds
1779195292,2,3.000000,1.500000,0.000000,1.500000,3.000000,3.000000,3.000000,3.000000,3.000000,3.000000,0.008123,0.007326,0.179732,0.306371,calls/second,milliseconds
1779195293,2,3.000000,1.500000,0.000000,1.500000,3.000000,3.000000,3.000000,3.000000,3.000000,3.000000,0.008091,0.007326,0.179732,0.306371,calls/second,milliseconds
1779195294,2,3.000000,1.500000,0.000000,1.500000,3.000000,3.000000,3.000000,3.000000,3.000000,3.000000,0.008058,0.007326,0.179732,0.306371,calls/second,milliseconds
1779195295,2,3.000000,1.500000,0.000000,1.500000,3.000000,3.000000,3.000000,3.000000,3.000000,3.000000,0.008025,0.007326,0.179732,0.306371,calls/second,milliseconds
1779195296,2,3.000000,1.500000,0.000000,1.500000,3.000000,3.000000,3.000000,3.000000,3.000000,3.000000,0.007993,0.006740,0.176761,0.304674,calls/second,milliseconds
1779195297,2,3.000000,1.500000,0.000000,1.500000,3.000000,3.000000,3.000000,3.000000,3.000000,3.000000,0.007961,0.006740,0.176761,0.304674,calls/second,milliseconds
1779195298,2,3.000000,1.500000,0.000000,1.500000,3.000000,3.000000,3.000000,3.000000,3.000000,3.000000,0.007930,0.006740,0.176761,0.304674,calls/second,milliseconds
1779195299,2,3.000000,1.500000,0.000000,1.500000,3.000000,3.000000,3.000000,3.000000,3.000000,3.000000,0.007898,0.006740,0.176761,0.304674,calls/second,milliseconds
1779195300,2,3.000000,1.500000,0.000000,1.500000,3.000000,3.000000,3.000000,3.000000,3.000000,3.000000,0.007867,0.006740,0.176761,0.304674,calls/second,milliseconds
1779195301,2,3.000000,1.500000,0.000000,1.500000,3.000000,3.000000,3.000000,3.000000,3.000000,3.000000,0.007836,0.006202,0.173839,0.302986,calls/second,milliseconds
1779195302,2,3.000000,1.500000,0.000000,1.500000,3.000000,3.000000,3.000000,3.000000,3.000000,3.000000,0.007806,0.006202,0.173839,0.302986,calls/second,milliseconds
1779195303,2,3.000000,1.500000,0.000000,1.500000,3.000000,3.000000,3.000000,3.000000,3.000000,3.000000,0.007775,0.006202,0.173839,0.302986,calls/second,milliseconds
1779195304,2,3.000000,1.500000,0.000000,1.500000,3.000000,3.000000,3.000000,3.000000,3.000000,3.000000,0.007745,0.006202,0.173839,0.302986,calls/second,milliseconds
1779195305,2,3.000000,1.500000,0.000000,1.500000,3.000000,3.000000,3.000000,3.000000,3.000000,3.000000,0.007715,0.006202,0.173839,0.302986,calls/second,milliseconds
1779195306,2,3.000000,1.500000,0.000000,1.500000,3.000000,3.000000,3.000000,3.000000,3.000000,3.000000,0.007686,0.005706,0.170966,0.301307,calls/second,milliseconds
1779195307,2,3.000000,1.500000,0.000000,1.500000,3.000000,3.000000,3.000000,3.000000,3.000000,3.000000,0.007656,0.005706,0.170966,0.301307,calls/second,milliseconds
1779195308,2,3.000000,1.500000,0.000000,1.500000,3.000000,3.000000,3.000000,3.000000,3.000000,3.000000,0.007627,0.005706,0.170966,0.301307,calls/second,milliseconds
1779195309,2,3.000000,1.500000,0.000000,1.500000,3.000000,3.000000,3.000000,3.000000,3.000000,3.000000,0.007598,0.005706,0.170966,0.301307,calls/second,milliseconds
1779195310,2,3.000000,1.500000,0.000000,1.500000,3.000000,3.000000,3.000000,3.000000,3.000000,3.000000,0.007569,0.005706,0.170966,0.301307,calls/second,milliseconds
1779195311,2,3.000000,1.500000,0.000000,1.500000,3.000000,3.000000,3.000000,3.000000,3.000000,3.000000,0.007541,0.005249,0.168140,0.299638,calls/second,milliseconds
1779195312,2,3.000000,1.500000,0.000000,1.500000,3.000000,3.000000,3.000000,3.000000,3.000000,3.000000,0.007512,0.005249,0.168140,0.299638,calls/second,milliseconds
1779195313,2,3.000000,1.500000,0.000000,1.500000,3.000000,3.000000,3.000000,3.000000,3.000000,3.000000,0.007484,0.005249,0.168140,0.299638,calls/second,milliseconds
1779195314,2,3.000000,1.500000,0.000000,1.500000,3.000000,3.000000,3.000000,3.000000,3.000000,3.000000,0.007456,0.005249,0.168140,0.299638,calls/second,milliseconds
1779195315,2,3.000000,1.500000,0.000000,1.500000,3.000000,3.000000,3.000000,3.000000,3.000000,3.000000,0.007428,0.005249,0.168140,0.299638,calls/second,milliseconds
1779195316,2,3.000000,1.500000,0.000000,1.500000,3.000000,3.000000,3.000000,3.000000,3.000000,3.000000,0.007401,0.004830,0.165361,0.297978,calls/second,milliseconds
1779195317,2,3.000000,1.500000,0.000000,1.500000,3.000000,3.000000,3.000000,3.000000,3.000000,3.000000,0.007374,0.004830,0.165361,0.297978,calls/second,milliseconds
1779195318,2,3.000000,1.500000,0.000000,1.500000,3.000000,3.000000,3.000000,3.000000,3.000000,3.000000,0.007346,0.004830,0.165361,0.297978,calls/second,milliseconds
1779195319,2,3.000000,1.500000,0.000000,1.500000,3.000000,3.000000,3.000000,3.000000,3.000000,3.000000,0.007319,0.004830,0.165361,0.297978,calls/second,milliseconds
1779195320,2,3.000000,1.500000,0.000000,1.500000,3.000000,3.000000,3.000000,3.000000,3.000000,3.000000,0.007293,0.004830,0.165361,0.297978,calls/second,milliseconds
1779195321,2,3.000000,1.500000,0.000000,1.500000,3.000000,3.000000,3.000000,3.000000,3.000000,3.000000,0.007266,0.004444,0.162628,0.296327,calls/second,milliseconds
1779195322,2,3.000000,1.500000,0.000000,1.500000,3.000000,3.000000,3.000000,3.000000,3.000000,3.000000,0.007240,0.004444,0.162628,0.296327,calls/second,milliseconds
1779195323,2,3.000000,1.500000,0.000000,1.500000,3.000000,3.000000,3.000000,3.000000,3.000000,3.000000,0.007214,0.004444,0.162628,0.296327,calls/second,milliseconds
1779195324,2,3.000000,1.500000,0.000000,1.500000,3.000000,3.000000,3.000000,3.000000,3.000000,3.000000,0.007188,0.004444,0.162628,0.296327,calls/second,milliseconds
1779195325,2,3.000000,1.500000,0.000000,1.500000,3.000000,3.000000,3.000000,3.000000,3.000000,3.000000,0.007162,0.004444,0.162628,0.296327,calls/second,milliseconds
1779195326,2,3.000000,1.500000,0.000000,1.500000,3.000000,3.000000,3.000000,3.000000,3.000000,3.000000,0.007136,0.004088,0.159940,0.294686,calls/second,milliseconds
1779195327,2,3.000000,1.500000,0.000000,1.500000,3.000000,3.000000,3.000000,3.000000,3.000000,3.000000,0.007111,0.004088,0.159940,0.294686,calls/second,milliseconds
1779195328,2,3.000000,1.500000,0.000000,1.500000,3.000000,3.000000,3.000000,3.000000,3.000000,3.000000,0.007086,0.004088,0.159940,0.294686,calls/second,milliseconds
1779195329,2,3.000000,1.500000,0.000000,1.500000,3.000000,3.000000,3.000000,3.000000,3.000000,3.000000,0.007061,0.004088,0.159940,0.294686,calls/second,milliseconds
1779195330,2,3.000000,1.500000,0.000000,1.500000,3.000000,3.000000,3.000000,3.000000,3.000000,3.000000,0.007036,0.004088,0.159940,0.294686,calls/second,milliseconds
1779195331,2,3.000000,1.500000,0.000000,1.500000,3.000000,3.000000,3.000000,3.000000,3.000000,3.000000,0.007011,0.003761,0.157296,0.293053,calls/second,milliseconds
1779195332,2,3.000000,1.500000,0.000000,1.500000,3.000000,3.000000,3.000000,3.000000,3.000000,3.000000,0.006987,0.003761,0.157296,0.293053,calls/second,milliseconds
1779195333,2,3.000000,1.500000,0.000000,1.500000,3.000000,3.000000,3.000000,3.000000,3.000000,3.000000,0.006962,0.003761,0.157296,0.293053,calls/second,milliseconds
1779195334,2,3.000000,1.500000,0.000000,1.500000,3.000000,3.000000,3.000000,3.000000,3.000000,3.000000,0.006938,0.003761,0.157296,0.293053,calls/second,milliseconds
1779195335,2,3.000000,1.500000,0.000000,1.500000,3.000000,3.000000,3.000000,3.000000,3.000000,3.000000,0.006914,0.003761,0.157296,0.293053,calls/second,milliseconds
1779195336,2,3.000000,1.500000,0.000000,1.500000,3.000000,3.000000,3.000000,3.000000,3.000000,3.000000,0.006890,0.003461,0.154696,0.291429,calls/second,milliseconds
1779195337,2,3.000000,1.500000,0.000000,1.500000,3.000000,3.000000,3.000000,3.000000,3.000000,3.000000,0.006866,0.003461,0.154696,0.291429,calls/second,milliseconds
1779195338,2,3.000000,1.500000,0.000000,1.500000,3.000000,3.000000,3.000000,3.000000,3.000000,3.000000,0.006843,0.003461,0.154696,0.291429,calls/second,milliseconds
1779195339,2,3.000000,1.500000,0.000000,1.500000,3.000000,3.000000,3.000000,3.000000,3.000000,3.000000,0.006820,0.003461,0.154696,0.291429,calls/second,milliseconds
1779195340,2,3.000000,1.500000,0.000000,1.500000,3.000000,3.000000,3.000000,3.000000,3.000000,3.000000,0.006796,0.003461,0.154696,0.291429,calls/second,milliseconds
1779195341,2,3.000000,1.500000,0.000000,1.500000,3.000000,3.000000,3.000000,3.000000,3.000000,3.000000,0.006773,0.003184,0.152140,0.289815,calls/second,milliseconds
1779195342,2,3.000000,1.500000,0.000000,1.500000,3.000000,3.000000,3.000000,3.000000,3.000000,3.000000,0.006750,0.003184,0.152140,0.289815,calls/second,milliseconds
1779195343,2,3.000000,1.500000,0.000000,1.500000,3.000000,3.000000,3.000000,3.000000,3.000000,3.000000,0.006728,0.003184,0.152140,0.289815,calls/second,milliseconds
1779195344,2,3.000000,1.500000,0.000000,1.500000,3.000000,3.000000,3.000000,3.000000,3.000000,3.000000,0.006705,0.003184,0.152140,0.289815,calls/second,milliseconds
1779195345,2,3.000000,1.500000,0.000000,1.500000,3.000000,3.000000,3.000000,3.000000,3.000000,3.000000,0.006683,0.003184,0.152140,0.289815,calls/second,milliseconds
1779195346,2,3.000000,1.500000,0.000000,1.500000,3.000000,3.000000,3.000000,3.000000,3.000000,3.000000,0.006660,0.002929,0.149625,0.288209,calls/second,milliseconds
1779195347,2,3.000000,1.500000,0.000000,1.500000,3.000000,3.000000,3.000000,3.000000,3.000000,3.000000,0.006638,0.002929,0.149625,0.288209,calls/second,milliseconds
1779195348,2,3.000000,1.500000,0.000000,1.500000,3.000000,3.000000,3.000000,3.000000,3.000000,3.000000,0.006616,0.002929,0.149625,0.288209,calls/second,milliseconds
1779195349,2,3.000000,1.500000,0.000000,1.500000,3.000000,3.000000,3.000000,3.000000,3.000000,3.000000,0.006594,0.002929,0.149625,0.288209,calls/second,milliseconds
1779195350,2,3.000000,1.500000,0.000000,1.500000,3.000000,3.000000,3.000000,3.000000,3.000000,3.000000,0.006573,0.002929,0.149625,0.288209,calls/second,milliseconds
1779195351,2,3.000000,1.500000,0.000000,1.500000,3.000000,3.000000,3.000000,3.000000,3.000000,3.000000,0.006551,0.002695,0.147152,0.286613,calls/second,milliseconds
1779195352,2,3.000000,1.500000,0.000000,1.500000,3.000000,3.000000,3.000000,3.000000,3.000000,3.000000,0.006530,0.002695,0.147152,0.286613,calls/second,milliseconds
1779195353,2,3.000000,1.500000,0.000000,1.500000,3.000000,3.000000,3.000000,3.000000,3.000000,3.000000,0.006508,0.002695,0.147152,0.286613,calls/second,milliseconds
1779195354,2,3.000000,1.500000,0.000000,1.500000,3.000000,3.000000,3.000000,3.000000,3.000000,3.000000,0.006487,0.002695,0.147152,0.286613,calls/second,milliseconds
1779195355,2,3.000000,1.500000,0.000000,1.500000,3.000000,3.000000,3.000000,3.000000,3.000000,3.000000,0.006466,0.002695,0.147152,0.286613,calls/second,milliseconds
1779195356,2,3.000000,1.500000,0.000000,1.500000,3.000000,3.000000,3.000000,3.000000,3.000000,3.000000,0.006445,0.002480,0.144720,0.285025,calls/second,milliseconds
1779195357,2,3.000000,1.500000,0.000000,1.500000,3.000000,3.000000,3.000000,3.000000,3.000000,3.000000,0.006425,0.002480,0.144720,0.285025,calls/second,milliseconds
1779195358,2,3.000000,1.500000,0.000000,1.500000,3.000000,3.000000,3.000000,3.000000,3.000000,3.000000,0.006404,0.002480,0.144720,0.285025,calls/second,milliseconds
1779195359,2,3.000000,1.500000,0.000000,1.500000,3.000000,3.000000,3.000000,3.000000,3.000000,3.000000,0.006384,0.002480,0.144720,0.285025,calls/second,milliseconds
1779195360,2,3.000000,1.500000,0.000000,1.500000,3.000000,3.000000,3.000000,3.000000,3.000000,3.000000,0.006363,0.002480,0.144720,0.285025,calls/second,milliseconds
1779195361,2,3.000000,1.500000,0.000000,1.500000,3.000000,3.000000,3.000000,3.000000,3.000000,3.000000,0.006343,0.002281,0.142328,0.283446,calls/second,milliseconds
1779195362,2,3.000000,1.500000,0.000000,1.500000,3.000000,3.000000,3.000000,3.000000,3.000000,3.000000,0.006323,0.002281,0.142328,0.283446,calls/second,milliseconds
1779195363,2,3.000000,1.500000,0.000000,1.500000,3.000000,3.000000,3.000000,3.000000,3.000000,3.000000,0.006303,0.002281,0.142328,0.283446,calls/second,milliseconds
1779195364,2,3.000000,1.500000,0.000000,1.500000,3.000000,3.000000,3.000000,3.000000,3.000000,3.000000,0.006283,0.002281,0.142328,0.283446,calls/second,milliseconds
1779195365,2,3.000000,1.500000,0.000000,1.500000,3.000000,3.000000,3.000000,3.000000,3.000000,3.000000,0.006264,0.002281,0.142328,0.283446,calls/second,milliseconds
1779195366,2,3.000000,1.500000,0.000000,1.500000,3.000000,3.000000,3.000000,3.000000,3.000000,3.000000,0.006244,0.002099,0.139975,0.281875,calls/second,milliseconds
1779195367,2,3.000000,1.500000,0.000000,1.500000,3.000000,3.000000,3.000000,3.000000,3.000000,3.000000,0.006224,0.002099,0.139975,0.281875,calls/second,milliseconds
1779195368,2,3.000000,1.500000,0.000000,1.500000,3.000000,3.000000,3.000000,3.000000,3.000000,3.000000,0.006205,0.002099,0.139975,0.281875,calls/second,milliseconds
1779195369,2,3.000000,1.500000,0.000000,1.500000,3.000000,3.000000,3.000000,3.000000,3.000000,3.000000,0.006186,0.002099,0.139975,0.281875,calls/second,milliseconds
1779195370,2,3.000000,1.500000,0.000000,1.500000,3.000000,3.000000,3.000000,3.000000,3.000000,3.000000,0.006167,0.002099,0.139975,0.281875,calls/second,milliseconds
1779195371,2,3.000000,1.500000,0.000000,1.500000,3.000000,3.000000,3.000000,3.000000,3.000000,3.000000,0.006148,0.001931,0.137662,0.280314,calls/second,milliseconds
1779195372,2,3.000000,1.500000,0.000000,1.500000,3.000000,3.000000,3.000000,3.000000,3.000000,3.000000,0.006129,0.001931,0.137662,0.280314,calls/second,milliseconds
1779195373,2,3.000000,1.500000,0.000000,1.500000,3.000000,3.000000,3.000000,3.000000,3.000000,3.000000,0.006110,0.001931,0.137662,0.280314,calls/second,milliseconds
1779195374,2,3.000000,1.500000,0.000000,1.500000,3.000000,3.000000,3.000000,3.000000,3.000000,3.000000,0.006092,0.001931,0.137662,0.280314,calls/second,milliseconds
1779195375,2,3.000000,1.500000,0.000000,1.500000,3.000000,3.000000,3.000000,3.000000,3.000000,3.000000,0.006073,0.001931,0.137662,0.280314,calls/second,milliseconds
1779195376,2,3.000000,1.500000,0.000000,1.500000,3.000000,3.000000,3.000000,3.000000,3.000000,3.000000,0.006055,0.001777,0.135386,0.278761,calls/second,milliseconds
1779195377,2,3.000000,1.500000,0.000000,1.500000,3.000000,3.000000,3.000000,3.000000,3.000000,3.000000,0.006036,0.001777,0.135386,0.278761,calls/second,milliseconds
1779195378,2,3.000000,1.500000,0.000000,1.500000,3.000000,3.000000,3.000000,3.000000,3.000000,3.000000,0.006018,0.001777,0.135386,0.278761,calls/second,milliseconds
1779195379,2,3.000000,1.500000,0.000000,1.500000,3.000000,3.000000,3.000000,3.000000,3.000000,3.000000,0.006000,0.001777,0.135386,0.278761,calls/second,milliseconds
1779195380,2,3.000000,1.500000,0.000000,1.500000,3.000000,3.000000,3.000000,3.000000,3.000000,3.000000,0.005982,0.001777,0.135386,0.278761,calls/second,milliseconds
1779195381,2,3.000000,1.500000,0.000000,1.500000,3.000000,3.000000,3.000000,3.000000,3.000000,3.000000,0.005964,0.001635,0.133148,0.277216,calls/second,milliseconds
1779195382,2,3.000000,1.500000,0.000000,1.500000,3.000000,3.000000,3.000000,3.000000,3.000000,3.000000,0.005946,0.001635,0.133148,0.277216,calls/second,milliseconds
1779195383,2,3.000000,1.500000,0.000000,1.500000,3.000000,3.000000,3.000000,3.000000,3.000000,3.000000,0.005929,0.001635,0.133148,0.277216,calls/second,milliseconds
1779195384,2,3.000000,1.500000,0.000000,1.500000,3.000000,3.000000,3.000000,3.000000,3.000000,3.000000,0.005911,0.001635,0.133148,0.277216,calls/second,milliseconds
1779195385,2,3.000000,1.500000,0.000000,1.500000,3.000000,3.000000,3.000000,3.000000,3.000000,3.000000,0.005894,0.001635,0.133148,0.277216,calls/second,milliseconds
1779195386,2,3.000000,1.500000,0.000000,1.500000,3.000000,3.000000,3.000000,3.000000,3.000000,3.000000,0.005876,0.001504,0.130948,0.275680,calls/second,milliseconds
1779195387,2,3.000000,1.500000,0.000000,1.500000,3.000000,3.000000,3.000000,3.000000,3.000000,3.000000,0.005859,0.001504,0.130948,0.275680,calls/second,milliseconds
1779195388,2,3.000000,1.500000,0.000000,1.500000,3.000000,3.000000,3.000000,3.000000,3.000000,3.000000,0.005842,0.001504,0.130948,0.275680,calls/second,milliseconds
1779195389,2,3.000000,1.500000,0.000000,1.500000,3.000000,3.000000,3.000000,3.000000,3.000000,3.000000,0.005825,0.001504,0.130948,0.275680,calls/second,milliseconds
1779195390,2,3.000000,1.500000,0.000000,1.500000,3.000000,3.000000,3.000000,3.000000,3.000000,3.000000,0.005808,0.001504,0.130948,0.275680,calls/second,milliseconds
1779195391,2,3.000000,1.500000,0.000000,1.500000,3.000000,3.000000,3.000000,3.000000,3.000000,3.000000,0.005791,0.001384,0.128783,0.274153,calls/second,milliseconds
1779195392,2,3.000000,1.500000,0.000000,1.500000,3.000000,3.000000,3.000000,3.000000,3.000000,3.000000,0.005775,0.001384,0.128783,0.274153,calls/second,milliseconds
1779195393,2,3.000000,1.500000,0.000000,1.500000,3.000000,3.000000,3.000000,3.000000,3.000000,3.000000,0.005758,0.001384,0.128783,0.274153,calls/second,milliseconds
1779195394,2,3.000000,1.500000,0.000000,1.500000,3.000000,3.000000,3.000000,3.000000,3.000000,3.000000,0.005741,0.001384,0.128783,0.274153,calls/second,milliseconds
1779195395,2,3.000000,1.500000,0.000000,1.500000,3.000000,3.000000,3.000000,3.000000,3.000000,3.000000,0.005725,0.001384,0.128783,0.274153,calls/second,milliseconds
1779195396,2,3.000000,1.500000,0.000000,1.500000,3.000000,3.000000,3.000000,3.000000,3.000000,3.000000,0.005709,0.001273,0.126655,0.272634,calls/second,milliseconds
1779195397,2,3.000000,1.500000,0.000000,1.500000,3.000000,3.000000,3.000000,3.000000,3.000000,3.000000,0.005692,0.001273,0.126655,0.272634,calls/second,milliseconds
1779195398,2,3.000000,1.500000,0.000000,1.500000,3.000000,3.000000,3.000000,3.000000,3.000000,3.000000,0.005676,0.001273,0.126655,0.272634,calls/second,milliseconds
1779195399,2,3.000000,1.500000,0.000000,1.500000,3.000000,3.000000,3.000000,3.000000,3.000000,3.000000,0.005660,0.001273,0.126655,0.272634,calls/second,milliseconds
1779195400,2,3.000000,1.500000,0.000000,1.500000,3.000000,3.000000,3.000000,3.000000,3.000000,3.000000,0.005644,0.001273,0.126655,0.272634,calls/second,milliseconds
1779195401,2,3.000000,1.500000,0.000000,1.500000,3.000000,3.000000,3.000000,3.000000,3.000000,3.000000,0.005628,0.001171,0.124561,0.271124,calls/second,milliseconds
1779195402,2,3.000000,1.500000,0.000000,1.500000,3.000000,3.000000,3.000000,3.000000,3.000000,3.000000,0.005612,0.001171,0.124561,0.271124,calls/second,milliseconds
1779195403,2,3.000000,1.500000,0.000000,1.500000,3.000000,3.000000,3.000000,3.000000,3.000000,3.000000,0.005597,0.001171,0.124561,0.271124,calls/second,milliseconds
1779195404,2,3.000000,1.500000,0.000000,1.500000,3.000000,3.000000,3.000000,3.000000,3.000000,3.000000,0.005581,0.001171,0.124561,0.271124,calls/second,milliseconds
1779195405,2,3.000000,1.500000,0.000000,1.500000,3.000000,3.000000,3.000000,3.000000,3.000000,3.000000,0.005565,0.001171,0.124561,0.271124,calls/second,milliseconds
1779195406,2,3.000000,1.500000,0.000000,1.500000,3.000000,3.000000,3.000000,3.000000,3.000000,3.000000,0.005550,0.001078,0.122502,0.269622,calls/second,milliseconds
1779195407,2,3.000000,1.500000,0.000000,1.500000,3.000000,3.000000,3.000000,3.000000,3.000000,3.000000,0.005534,0.001078,0.122502,0.269622,calls/second,milliseconds
1779195408,2,3.000000,1.500000,0.000000,1.500000,3.000000,3.000000,3.000000,3.000000,3.000000,3.000000,0.005519,0.001078,0.122502,0.269622,calls/second,milliseconds
1779195409,2,3.000000,1.500000,0.000000,1.500000,3.000000,3.000000,3.000000,3.000000,3.000000,3.000000,0.005504,0.001078,0.122502,0.269622,calls/second,milliseconds
1779195410,2,3.000000,1.500000,0.000000,1.500000,3.000000,3.000000,3.000000,3.000000,3.000000,3.000000,0.005489,0.001078,0.122502,0.269622,calls/second,milliseconds
1779195411,2,3.000000,1.500000,0.000000,1.500000,3.000000,3.000000,3.000000,3.000000,3.000000,3.000000,0.005474,0.000992,0.120478,0.268128,calls/second,milliseconds
1779195412,2,3.000000,1.500000,0.000000,1.500000,3.000000,3.000000,3.000000,3.000000,3.000000,3.000000,0.005459,0.000992,0.120478,0.268128,calls/second,milliseconds
1779195413,2,3.000000,1.500000,0.000000,1.500000,3.000000,3.000000,3.000000,3.000000,3.000000,3.000000,0.005444,0.000992,0.120478,0.268128,calls/second,milliseconds
1779195414,2,3.000000,1.500000,0.000000,1.500000,3.000000,3.000000,3.000000,3.000000,3.000000,3.000000,0.005429,0.000992,0.120478,0.268128,calls/second,milliseconds
1779195415,2,3.000000,1.500000,0.000000,1.500000,3.000000,3.000000,3.000000,3.000000,3.000000,3.000000,0.005414,0.000992,0.120478,0.268128,calls/second,milliseconds
1779195416,2,3.000000,1.500000,0.000000,1.500000,3.000000,3.000000,3.000000,3.000000,3.000000,3.000000,0.005400,0.000912,0.118486,0.266643,calls/second,milliseconds
1779195417,2,3.000000,1.500000,0.000000,1.500000,3.000000,3.000000,3.000000,3.000000,3.000000,3.000000,0.005385,0.000912,0.118486,0.266643,calls/second,milliseconds
1779195418,2,3.000000,1.500000,0.000000,1.500000,3.000000,3.000000,3.000000,3.000000,3.000000,3.000000,0.005371,0.000912,0.118486,0.266643,calls/second,milliseconds
1779195419,2,3.000000,1.500000,0.000000,1.500000,3.000000,3.000000,3.000000,3.000000,3.000000,3.000000,0.005356,0.000912,0.118486,0.266643,calls/second,milliseconds
1779195420,2,3.000000,1.500000,0.000000,1.500000,3.000000,3.000000,3.000000,3.000000,3.000000,3.000000,0.005342,0.000912,0.118486,0.266643,calls/second,milliseconds
1779195421,2,3.000000,1.500000,0.000000,1.500000,3.000000,3.000000,3.000000,3.000000,3.000000,3.000000,0.005328,0.000839,0.116528,0.265165,calls/second,milliseconds
1779195422,2,3.000000,1.500000,0.000000,1.500000,3.000000,3.000000,3.000000,3.000000,3.000000,3.000000,0.005314,0.000839,0.116528,0.265165,calls/second,milliseconds
1779195423,2,3.000000,1.500000,0.000000,1.500000,3.000000,3.000000,3.000000,3.000000,3.000000,3.000000,0.005299,0.000839,0.116528,0.265165,calls/second,milliseconds
1779195424,2,3.000000,1.500000,0.000000,1.500000,3.000000,3.000000,3.000000,3.000000,3.000000,3.000000,0.005285,0.000839,0.116528,0.265165,calls/second,milliseconds
1779195425,2,3.000000,1.500000,0.000000,1.500000,3.000000,3.000000,3.000000,3.000000,3.000000,3.000000,0.005271,0.000839,0.116528,0.265165,calls/second,milliseconds
1779195426,2,3.000000,1.500000,0.000000,1.500000,3.000000,3.000000,3.000000,3.000000,3.000000,3.000000,0.005258,0.000772,0.114602,0.263696,calls/second,milliseconds
1779195427,2,3.000000,1.500000,0.000000,1.500000,3.000000,3.000000,3.000000,3.000000,3.000000,3.000000,0.005244,0.000772,0.114602,0.263696,calls/second,milliseconds
1779195428,2,3.000000,1.500000,0.000000,1.500000,3.000000,3.000000,3.000000,3.000000,3.000000,3.000000,0.005230,0.000772,0.114602,0.263696,calls/second,milliseconds
1779195429,2,3.000000,1.500000,0.000000,1.500000,3.000000,3.000000,3.000000,3.000000,3.000000,3.000000,0.005216,0.000772,0.114602,0.263696,calls/second,milliseconds
1779195430,2,3.000000,1.500000,0.000000,1.500000,3.000000,3.000000,3.000000,3.000000,3.000000,3.000000,0.005203,0.000772,0.114602,0.263696,calls/second,milliseconds
1779195431,2,3.000000,1.500000,0.000000,1.500000,3.000000,3.000000,3.000000,3.000000,3.000000,3.000000,0.005189,0.000710,0.112708,0.262235,calls/second,milliseconds
1779195432,2,3.000000,1.500000,0.000000,1.500000,3.000000,3.000000,3.000000,3.000000,3.000000,3.000000,0.005176,0.000710,0.112708,0.262235,calls/second,milliseconds
1779195433,2,3.000000,1.500000,0.000000,1.500000,3.000000,3.000000,3.000000,3.000000,3.000000,3.000000,0.005162,0.000710,0.112708,0.262235,calls/second,milliseconds
1779195434,2,3.000000,1.500000,0.000000,1.500000,3.000000,3.000000,3.000000,3.000000,3.000000,3.000000,0.005149,0.000710,0.112708,0.262235,calls/second,milliseconds
1779195435,2,3.000000,1.500000,0.000000,1.500000,3.000000,3.000000,3.000000,3.000000,3.000000,3.000000,0.005136,0.000710,0.112708,0.262235,calls/second,milliseconds
1779195436,2,3.000000,1.500000,0.000000,1.500000,3.000000,3.000000,3.000000,3.000000,3.000000,3.000000,0.005123,0.000654,0.110845,0.260783,calls/second,milliseconds
1779195437,2,3.000000,1.500000,0.000000,1.500000,3.000000,3.000000,3.000000,3.000000,3.000000,3.000000,0.005110,0.000654,0.110845,0.260783,calls/second,milliseconds
1779195438,2,3.000000,1.500000,0.000000,1.500000,3.000000,3.000000,3.000000,3.000000,3.000000,3.000000,0.005097,0.000654,0.110845,0.260783,calls/second,milliseconds
1779195439,2,3.000000,1.500000,0.000000,1.500000,3.000000,3.000000,3.000000,3.000000,3.000000,3.000000,0.005084,0.000654,0.110845,0.260783,calls/second,milliseconds
1779195440,2,3.000000,1.500000,0.000000,1.500000,3.000000,3.000000,3.000000,3.000000,3.000000,3.000000,0.005071,0.000654,0.110845,0.260783,calls/second,milliseconds
1779195441,2,3.000000,1.500000,0.000000,1.500000,3.000000,3.000000,3.000000,3.000000,3.000000,3.000000,0.005058,0.000601,0.109013,0.259338,calls/second,milliseconds
1779195442,2,3.000000,1.500000,0.000000,1.500000,3.000000,3.000000,3.000000,3.000000,3.000000,3.000000,0.005045,0.000601,0.109013,0.259338,calls/second,milliseconds
1779195443,2,3.000000,1.500000,0.000000,1.500000,3.000000,3.000000,3.000000,3.000000,3.000000,3.000000,0.005032,0.000601,0.109013,0.259338,calls/second,milliseconds
1779195444,2,3.000000,1.500000,0.000000,1.500000,3.000000,3.000000,3.000000,3.000000,3.000000,3.000000,0.005020,0.000601,0.109013,0.259338,calls/second,milliseconds
1779195445,2,3.000000,1.500000,0.000000,1.500000,3.000000,3.000000,3.000000,3.000000,3.000000,3.000000,0.005007,0.000601,0.109013,0.259338,calls/second,milliseconds
1779195446,2,3.000000,1.500000,0.000000,1.500000,3.000000,3.000000,3.000000,3.000000,3.000000,3.000000,0.004995,0.000553,0.107211,0.257901,calls/second,milliseconds
1779195447,2,3.000000,1.500000,0.000000,1.500000,3.000000,3.000000,3.000000,3.000000,3.000000,3.000000,0.004982,0.000553,0.107211,0.257901,calls/second,milliseconds
1779195448,2,3.000000,1.500000,0.000000,1.500000,3.000000,3.000000,3.000000,3.000000,3.000000,3.000000,0.004970,0.000553,0.107211,0.257901,calls/second,milliseconds
1779195449,2,3.000000,1.500000,0.000000,1.500000,3.000000,3.000000,3.000000,3.000000,3.000000,3.000000,0.004957,0.000553,0.107211,0.257901,calls/second,milliseconds
1779195450,2,3.000000,1.500000,0.000000,1.500000,3.000000,3.000000,3.000000,3.000000,3.000000,3.000000,0.004945,0.000553,0.107211,0.257901,calls/second,milliseconds
1779195451,2,3.000000,1.500000,0.000000,1.500000,3.000000,3.000000,3.000000,3.000000,3.000000,3.000000,0.004933,0.000509,0.105439,0.256472,calls/second,milliseconds
1779195452,2,3.000000,1.500000,0.000000,1.500000,3.000000,3.000000,3.000000,3.000000,3.000000,3.000000,0.004921,0.000509,0.105439,0.256472,calls/second,milliseconds
1779195453,2,3.000000,1.500000,0.000000,1.500000,3.000000,3.000000,3.000000,3.000000,3.000000,3.000000,0.004909,0.000509,0.105439,0.256472,calls/second,milliseconds
1779195454,2,3.000000,1.500000,0.000000,1.500000,3.000000,3.000000,3.000000,3.000000,3.000000,3.000000,0.004897,0.000509,0.105439,0.256472,calls/second,milliseconds
1779195455,2,3.000000,1.500000,0.000000,1.500000,3.000000,3.000000,3.000000,3.000000,3.000000,3.000000,0.004885,0.000509,0.105439,0.256472,calls/second,milliseconds
1779195456,2,3.000000,1.500000,0.000000,1.500000,3.000000,3.000000,3.000000,3.000000,3.000000,3.000000,0.004873,0.000468,0.103696,0.255051,calls/second,milliseconds
1779195457,2,3.000000,1.500000,0.000000,1.500000,3.000000,3.000000,3.000000,3.000000,3.000000,3.000000,0.004861,0.000468,0.103696,0.255051,calls/second,milliseconds
1779195458,2,3.000000,1.500000,0.000000,1.500000,3.000000,3.000000,3.000000,3.000000,3.000000,3.000000,0.004849,0.000468,0.103696,0.255051,calls/second,milliseconds
1779195459,2,3.000000,1.500000,0.000000,1.500000,3.000000,3.000000,3.000000,3.000000,3.000000,3.000000,0.004837,0.000468,0.103696,0.255051,calls/second,milliseconds
1779195460,2,3.000000,1.500000,0.000000,1.500000,3.000000,3.000000,3.000000,3.000000,3.000000,3.000000,0.004826,0.000468,0.103696,0.255051,calls/second,milliseconds
1779195461,2,3.000000,1.500000,0.000000,1.500000,3.000000,3.000000,3.000000,3.000000,3.000000,3.000000,0.004814,0.000431,0.101982,0.253638,calls/second,milliseconds
1779195462,2,3.000000,1.500000,0.000000,1.500000,3.000000,3.000000,3.000000,3.000000,3.000000,3.000000,0.004802,0.000431,0.101982,0.253638,calls/second,milliseconds
1779195463,2,3.000000,1.500000,0.000000,1.500000,3.000000,3.000000,3.000000,3.000000,3.000000,3.000000,0.004791,0.000431,0.101982,0.253638,calls/second,milliseconds
1779195464,2,3.000000,1.500000,0.000000,1.500000,3.000000,3.000000,3.000000,3.000000,3.000000,3.000000,0.004779,0.000431,0.101982,0.253638,calls/second,milliseconds
1779195465,2,3.000000,1.500000,0.000000,1.500000,3.000000,3.000000,3.000000,3.000000,3.000000,3.000000,0.004768,0.000431,0.101982,0.253638,calls/second,milliseconds
1779195466,2,3.000000,1.500000,0.000000,1.500000,3.000000,3.000000,3.000000,3.000000,3.000000,3.000000,0.004757,0.000396,0.100297,0.252233,calls/second,milliseconds
1779195467,2,3.000000,1.500000,0.000000,1.500000,3.000000,3.000000,3.000000,3.000000,3.000000,3.000000,0.004745,0.000396,0.100297,0.252233,calls/second,milliseconds
1779195468,2,3.000000,1.500000,0.000000,1.500000,3.000000,3.000000,3.000000,3.000000,3.000000,3.000000,0.004734,0.000396,0.100297,0.252233,calls/second,milliseconds
1779195469,2,3.000000,1.500000,0.000000,1.500000,3.000000,3.000000,3.000000,3.000000,3.000000,3.000000,0.004723,0.000396,0.100297,0.252233,calls/second,milliseconds
1779195470,2,3.000000,1.500000,0.000000,1.500000,3.000000,3.000000,3.000000,3.000000,3.000000,3.000000,0.004712,0.000396,0.100297,0.252233,calls/second,milliseconds
1779195471,2,3.000000,1.500000,0.000000,1.500000,3.000000,3.000000,3.000000,3.000000,3.000000,3.000000,0.004701,0.000365,0.098639,0.250836,calls/second,milliseconds
1779195472,2,3.000000,1.500000,0.000000,1.500000,3.000000,3.000000,3.000000,3.000000,3.000000,3.000000,0.004690,0.000365,0.098639,0.250836,calls/second,milliseconds
1779195473,2,3.000000,1.500000,0.000000,1.500000,3.000000,3.000000,3.000000,3.000000,3.000000,3.000000,0.004679,0.000365,0.098639,0.250836,calls/second,milliseconds
1779195474,2,3.000000,1.500000,0.000000,1.500000,3.000000,3.000000,3.000000,3.000000,3.000000,3.000000,0.004668,0.000365,0.098639,0.250836,calls/second,milliseconds
1779195475,2,3.000000,1.500000,0.000000,1.500000,3.000000,3.000000,3.000000,3.000000,3.000000,3.000000,0.004657,0.000365,0.098639,0.250836,calls/second,milliseconds
1779195476,2,3.000000,1.500000,0.000000,1.500000,3.000000,3.000000,3.000000,3.000000,3.000000,3.000000,0.004646,0.000336,0.097008,0.249446,calls/second,milliseconds
1779195477,2,3.000000,1.500000,0.000000,1.500000,3.000000,3.000000,3.000000,3.000000,3.000000,3.000000,0.004635,0.000336,0.097008,0.249446,calls/second,milliseconds
1779195478,2,3.000000,1.500000,0.000000,1.500000,3.000000,3.000000,3.000000,3.000000,3.000000,3.000000,0.004624,0.000336,0.097008,0.249446,calls/second,milliseconds
1779195479,2,3.000000,1.500000,0.000000,1.500000,3.000000,3.000000,3.000000,3.000000,3.000000,3.000000,0.004614,0.000336,0.097008,0.249446,calls/second,milliseconds
1779195480,2,3.000000,1.500000,0.000000,1.500000,3.000000,3.000000,3.000000,3.000000,3.000000,3.000000,0.004603,0.000336,0.097008,0.249446,calls/second,milliseconds
1779195481,2,3.000000,1.500000,0.000000,1.500000,3.000000,3.000000,3.000000,3.000000,3.000000,3.000000,0.004593,0.000309,0.095405,0.248064,calls/second,milliseconds
1779195482,2,3.000000,1.500000,0.000000,1.500000,3.000000,3.000000,3.000000,3.000000,3.000000,3.000000,0.004582,0.000309,0.095405,0.248064,calls/second,milliseconds
1779195483,2,3.000000,1.500000,0.000000,1.500000,3.000000,3.000000,3.000000,3.000000,3.000000,3.000000,0.004572,0.000309,0.095405,0.248064,calls/second,milliseconds
1779195484,2,3.000000,1.500000,0.000000,1.500000,3.000000,3.000000,3.000000,3.000000,3.000000,3.000000,0.004561,0.000309,0.095405,0.248064,calls/second,milliseconds
1779195485,2,3.000000,1.500000,0.000000,1.500000,3.000000,3.000000,3.000000,3.000000,3.000000,3.000000,0.004551,0.000309,0.095405,0.248064,calls/second,milliseconds
1779195486,2,3.000000,1.500000,0.000000,1.500000,3.000000,3.000000,3.000000,3.000000,3.000000,3.000000,0.004540,0.000284,0.093828,0.246690,calls/second,milliseconds
1779195487,2,3.000000,1.500000,0.000000,1.500000,3.000000,3.000000,3.000000,3.000000,3.000000,3.000000,0.004530,0.000284,0.093828,0.246690,calls/second,milliseconds
1779195488,2,3.000000,1.500000,0.000000,1.500000,3.000000,3.000000,3.000000,3.000000,3.000000,3.000000,0.004520,0.000284,0.093828,0.246690,calls/second,milliseconds
1779195489,2,3.000000,1.500000,0.000000,1.500000,3.000000,3.000000,3.000000,3.000000,3.000000,3.000000,0.004510,0.000284,0.093828,0.246690,calls/second,milliseconds
1779195490,2,3.000000,1.500000,0.000000,1.500000,3.000000,3.000000,3.000000,3.000000,3.000000,3.000000,0.004499,0.000284,0.093828,0.246690,calls/second,milliseconds
1779195491,2,3.000000,1.500000,0.000000,1.500000,3.000000,3.000000,3.000000,3.000000,3.000000,3.000000,0.004489,0.000261,0.092277,0.245323,calls/second,milliseconds
1779195492,2,3.000000,1.500000,0.000000,1.500000,3.000000,3.000000,3.000000,3.000000,3.000000,3.000000,0.004479,0.000261,0.092277,0.245323,calls/second,milliseconds
1779195493,2,3.000000,1.500000,0.000000,1.500000,3.000000,3.000000,3.000000,3.000000,3.000000,3.000000,0.004469,0.000261,0.092277,0.245323,calls/second,milliseconds
1779195494,2,3.000000,1.500000,0.000000,1.500000,3.000000,3.000000,3.000000,3.000000,3.000000,3.000000,0.004459,0.000261,0.092277,0.245323,calls/second,milliseconds
1779195495,2,3.000000,1.500000,0.000000,1.500000,3.000000,3.000000,3.000000,3.000000,3.000000,3.000000,0.004449,0.000261,0.092277,0.245323,calls/second,milliseconds
1779195496,2,3.000000,1.500000,0.000000,1.500000,3.000000,3.000000,3.000000,3.000000,3.000000,3.000000,0.004439,0.000240,0.090752,0.243964,calls/second,milliseconds
1779195497,2,3.000000,1.500000,0.000000,1.500000,3.000000,3.000000,3.000000,3.000000,3.000000,3.000000,0.004430,0.000240,0.090752,0.243964,calls/second,milliseconds
1779195498,2,3.000000,1.500000,0.000000,1.500000,3.000000,3.000000,3.000000,3.000000,3.000000,3.000000,0.004420,0.000240,0.090752,0.243964,calls/second,milliseconds
1779195499,2,3.000000,1.500000,0.000000,1.500000,3.000000,3.000000,3.000000,3.000000,3.000000,3.000000,0.004410,0.000240,0.090752,0.243964,calls/second,milliseconds
1779195500,2,3.000000,1.500000,0.000000,1.500000,3.000000,3.000000,3.000000,3.000000,3.000000,3.000000,0.004400,0.000240,0.090752,0.243964,calls/second,milliseconds
1779195501,2,3.000000,1.500000,0.000000,1.500000,3.000000,3.000000,3.000000,3.000000,3.000000,3.000000,0.004391,0.000221,0.089252,0.242612,calls/second,milliseconds
1779195502,2,3.000000,1.500000,0.000000,1.500000,3.000000,3.000000,3.000000,3.000000,3.000000,3.000000,0.004381,0.000221,0.089252,0.242612,calls/second,milliseconds
1779195503,2,3.000000,1.500000,0.000000,1.500000,3.000000,3.000000,3.000000,3.000000,3.000000,3.000000,0.004371,0.000221,0.089252,0.242612,calls/second,milliseconds
1779195504,2,3.000000,1.500000,0.000000,1.500000,3.000000,3.000000,3.000000,3.000000,3.000000,3.000000,0.004362,0.000221,0.089252,0.242612,calls/second,milliseconds
1779195505,2,3.000000,1.500000,0.000000,1.500000,3.000000,3.000000,3.000000,3.000000,3.000000,3.000000,0.004352,0.000221,0.089252,0.242612,calls/second,milliseconds
1779195506,2,3.000000,1.500000,0.000000,1.500000,3.000000,3.000000,3.000000,3.000000,3.000000,3.000000,0.004343,0.000204,0.087777,0.241268,calls/second,milliseconds
1779195507,2,3.000000,1.500000,0.000000,1.500000,3.000000,3.000000,3.000000,3.000000,3.000000,3.000000,0.004333,0.000204,0.087777,0.241268,calls/second,milliseconds
1779195508,2,3.000000,1.500000,0.000000,1.500000,3.000000,3.000000,3.000000,3.000000,3.000000,3.000000,0.004324,0.000204,0.087777,0.241268,calls/second,milliseconds
1779195509,2,3.000000,1.500000,0.000000,1.500000,3.000000,3.000000,3.000000,3.000000,3.000000,3.000000,0.004315,0.000204,0.087777,0.241268,calls/second,milliseconds
1779195510,2,3.000000,1.500000,0.000000,1.500000,3.000000,3.000000,3.000000,3.000000,3.000000,3.000000,0.004305,0.000204,0.087777,0.241268,calls/second,milliseconds
1779195511,2,3.000000,1.500000,0.000000,1.500000,3.000000,3.000000,3.000000,3.000000,3.000000,3.000000,0.004296,0.000187,0.086326,0.239931,calls/second,milliseconds
1779195512,2,3.000000,1.500000,0.000000,1.500000,3.000000,3.000000,3.000000,3.000000,3.000000,3.000000,0.004287,0.000187,0.086326,0.239931,calls/second,milliseconds
1779195513,2,3.000000,1.500000,0.000000,1.500000,3.000000,3.000000,3.000000,3.000000,3.000000,3.000000,0.004278,0.000187,0.086326,0.239931,calls/second,milliseconds
1779195514,2,3.000000,1.500000,0.000000,1.500000,3.000000,3.000000,3.000000,3.000000,3.000000,3.000000,0.004269,0.000187,0.086326,0.239931,calls/second,milliseconds
1779195515,2,3.000000,1.500000,0.000000,1.500000,3.000000,3.000000,3.000000,3.000000,3.000000,3.000000,0.004260,0.000187,0.086326,0.239931,calls/second,milliseconds
1779195516,2,3.000000,1.500000,0.000000,1.500000,3.000000,3.000000,3.000000,3.000000,3.000000,3.000000,0.004250,0.000172,0.084899,0.238602,calls/second,milliseconds
1779195517,2,3.000000,1.500000,0.000000,1.500000,3.000000,3.000000,3.000000,3.000000,3.000000,3.000000,0.004241,0.000172,0.084899,0.238602,calls/second,milliseconds
1779195518,2,3.000000,1.500000,0.000000,1.500000,3.000000,3.000000,3.000000,3.000000,3.000000,3.000000,0.004232,0.000172,0.084899,0.238602,calls/second,milliseconds
1779195519,2,3.000000,1.500000,0.000000,1.500000,3.000000,3.000000,3.000000,3.000000,3.000000,3.000000,0.004224,0.000172,0.084899,0.238602,calls/second,milliseconds
1779195520,2,3.000000,1.500000,0.000000,1.500000,3.000000,3.000000,3.000000,3.000000,3.000000,3.000000,0.004215,0.000172,0.084899,0.238602,calls/second,milliseconds
1779195521,2,3.000000,1.500000,0.000000,1.500000,3.000000,3.000000,3.000000,3.000000,3.000000,3.000000,0.004206,0.000159,0.083496,0.237280,calls/second,milliseconds
1779195522,2,3.000000,1.500000,0.000000,1.500000,3.000000,3.000000,3.000000,3.000000,3.000000,3.000000,0.004197,0.000159,0.083496,0.237280,calls/second,milliseconds
1779195523,2,3.000000,1.500000,0.000000,1.500000,3.000000,3.000000,3.000000,3.000000,3.000000,3.000000,0.004188,0.000159,0.083496,0.237280,calls/second,milliseconds
1779195524,2,3.000000,1.500000,0.000000,1.500000,3.000000,3.000000,3.000000,3.000000,3.000000,3.000000,0.004179,0.000159,0.083496,0.237280,calls/second,milliseconds
1779195525,2,3.000000,1.500000,0.000000,1.500000,3.000000,3.000000,3.000000,3.000000,3.000000,3.000000,0.004171,0.000159,0.083496,0.237280,calls/second,milliseconds
1779195526,2,3.000000,1.500000,0.000000,1.500000,3.000000,3.000000,3.000000,3.000000,3.000000,3.000000,0.004162,0.000146,0.082116,0.235966,calls/second,milliseconds
1779195527,2,3.000000,1.500000,0.000000,1.500000,3.000000,3.000000,3.000000,3.000000,3.000000,3.000000,0.004153,0.000146,0.082116,0.235966,calls/second,milliseconds
1779195528,2,3.000000,1.500000,0.000000,1.500000,3.000000,3.000000,3.000000,3.000000,3.000000,3.000000,0.004145,0.000146,0.082116,0.235966,calls/second,milliseconds
1779195529,2,3.000000,1.500000,0.000000,1.500000,3.000000,3.000000,3.000000,3.000000,3.000000,3.000000,0.004136,0.000146,0.082116,0.235966,calls/second,milliseconds
1779195530,2,3.000000,1.500000,0.000000,1.500000,3.000000,3.000000,3.000000,3.000000,3.000000,3.000000,0.004127,0.000146,0.082116,0.235966,calls/second,milliseconds
1779195531,2,3.000000,1.500000,0.000000,1.500000,3.000000,3.000000,3.000000,3.000000,3.000000,3.000000,0.004119,0.000134,0.080759,0.234658,calls/second,milliseconds
1779195532,2,3.000000,1.500000,0.000000,1.500000,3.000000,3.000000,3.000000,3.000000,3.000000,3.000000,0.004111,0.000134,0.080759,0.234658,calls/second,milliseconds
1779195533,2,3.000000,1.500000,0.000000,1.500000,3.000000,3.000000,3.000000,3.000000,3.000000,3.000000,0.004102,0.000134,0.080759,0.234658,calls/second,milliseconds
1779195534,2,3.000000,1.500000,0.000000,1.500000,3.000000,3.000000,3.000000,3.000000,3.000000,3.000000,0.004094,0.000134,0.080759,0.234658,calls/second,milliseconds
1779195535,2,3.000000,1.500000,0.000000,1.500000,3.000000,3.000000,3.000000,3.000000,3.000000,3.000000,0.004085,0.000134,0.080759,0.234658,calls/second,milliseconds
1779195536,2,3.000000,1.500000,0.000000,1.500000,3.000000,3.000000,3.000000,3.000000,3.000000,3.000000,0.004077,0.000123,0.079424,0.233358,calls/second,milliseconds
1779195537,2,3.000000,1.500000,0.000000,1.500000,3.000000,3.000000,3.000000,3.000000,3.000000,3.000000,0.004069,0.000123,0.079424,0.233358,calls/second,milliseconds
1779195538,2,3.000000,1.500000,0.000000,1.500000,3.000000,3.000000,3.000000,3.000000,3.000000,3.000000,0.004060,0.000123,0.079424,0.233358,calls/second,milliseconds
1779195539,2,3.000000,1.500000,0.000000,1.500000,3.000000,3.000000,3.000000,3.000000,3.000000,3.000000,0.004052,0.000123,0.079424,0.233358,calls/second,milliseconds
1779195540,2,3.000000,1.500000,0.000000,1.500000,3.000000,3.000000,3.000000,3.000000,3.000000,3.000000,0.004044,0.000123,0.079424,0.233358,calls/second,milliseconds
1779195541,2,3.000000,1.500000,0.000000,1.500000,3.000000,3.000000,3.000000,3.000000,3.000000,3.000000,0.004036,0.000114,0.078111,0.232066,calls/second,milliseconds
1779195542,2,3.000000,1.500000,0.000000,1.500000,3.000000,3.000000,3.000000,3.000000,3.000000,3.000000,0.004028,0.000114,0.078111,0.232066,calls/second,milliseconds
1779195543,2,3.000000,1.500000,0.000000,1.500000,3.000000,3.000000,3.000000,3.000000,3.000000,3.000000,0.004020,0.000114,0.078111,0.232066,calls/second,milliseconds
1779195544,2,3.000000,1.500000,0.000000,1.500000,3.000000,3.000000,3.000000,3.000000,3.000000,3.000000,0.004011,0.000114,0.078111,0.232066,calls/second,milliseconds
1779195545,2,3.000000,1.500000,0.000000,1.500000,3.000000,3.000000,3.000000,3.000000,3.000000,3.000000,0.004003,0.000114,0.078111,0.232066,calls/second,milliseconds
1779195546,2,3.000000,1.500000,0.000000,1.500000,3.000000,3.000000,3.000000,3.000000,3.000000,3.000000,0.003995,0.000105,0.076820,0.230780,calls/second,milliseconds
1779195547,2,3.000000,1.500000,0.000000,1.500000,3.000000,3.000000,3.000000,3.000000,3.000000,3.000000,0.003987,0.000105,0.076820,0.230780,calls/second,milliseconds
1779195548,2,3.000000,1.500000,0.000000,1.500000,3.000000,3.000000,3.000000,3.000000,3.000000,3.000000,0.003979,0.000105,0.076820,0.230780,calls/second,milliseconds
1779195549,2,3.000000,1.500000,0.000000,1.500000,3.000000,3.000000,3.000000,3.000000,3.000000,3.000000,0.003972,0.000105,0.076820,0.230780,calls/second,milliseconds
1779195550,2,3.000000,1.500000,0.000000,1.500000,3.000000,3.000000,3.000000,3.000000,3.000000,3.000000,0.003964,0.000105,0.076820,0.230780,calls/second,milliseconds
1779195551,2,3.000000,1.500000,0.000000,1.500000,3.000000,3.000000,3.000000,3.000000,3.000000,3.000000,0.003956,0.000096,0.075550,0.229501,calls/second,milliseconds
1779195552,2,3.000000,1.500000,0.000000,1.500000,3.000000,3.000000,3.000000,3.000000,3.000000,3.000000,0.003948,0.000096,0.075550,0.229501,calls/second,milliseconds
1779195553,2,3.000000,1.500000,0.000000,1.500000,3.000000,3.000000,3.000000,3.000000,3.000000,3.000000,0.003940,0.000096,0.075550,0.229501,calls/second,milliseconds
1779195554,2,3.000000,1.500000,0.000000,1.500000,3.000000,3.000000,3.000000,3.000000,3.000000,3.000000,0.003932,0.000096,0.075550,0.229501,calls/second,milliseconds
1779195555,2,3.000000,1.500000,0.000000,1.500000,3.000000,3.000000,3.000000,3.000000,3.000000,3.000000,0.003925,0.000096,0.075550,0.229501,calls/second,milliseconds
1779195556,2,3.000000,1.500000,0.000000,1.500000,3.000000,3.000000,3.000000,3.000000,3.000000,3.000000,0.003917,0.000088,0.074302,0.228230,calls/second,milliseconds
1779195557,2,3.000000,1.500000,0.000000,1.500000,3.000000,3.000000,3.000000,3.000000,3.000000,3.000000,0.003909,0.000088,0.074302,0.228230,calls/second,milliseconds
1779195558,2,3.000000,1.500000,0.000000,1.500000,3.000000,3.000000,3.000000,3.000000,3.000000,3.000000,0.003902,0.000088,0.074302,0.228230,calls/second,milliseconds
1779195559,2,3.000000,1.500000,0.000000,1.500000,3.000000,3.000000,3.000000,3.000000,3.000000,3.000000,0.003894,0.000088,0.074302,0.228230,calls/second,milliseconds
1779195560,2,3.000000,1.500000,0.000000,1.500000,3.000000,3.000000,3.000000,3.000000,3.000000,3.000000,0.003887,0.000088,0.074302,0.228230,calls/second,milliseconds
1779195561,2,3.000000,1.500000,0.000000,1.500000,3.000000,3.000000,3.000000,3.000000,3.000000,3.000000,0.003879,0.000081,0.073073,0.226965,calls/second,milliseconds
1779195562,2,3.000000,1.500000,0.000000,1.500000,3.000000,3.000000,3.000000,3.000000,3.000000,3.000000,0.003871,0.000081,0.073073,0.226965,calls/second,milliseconds
1779195563,2,3.000000,1.500000,0.000000,1.500000,3.000000,3.000000,3.000000,3.000000,3.000000,3.000000,0.003864,0.000081,0.073073,0.226965,calls/second,milliseconds
1779195564,2,3.000000,1.500000,0.000000,1.500000,3.000000,3.000000,3.000000,3.000000,3.000000,3.000000,0.003856,0.000081,0.073073,0.226965,calls/second,milliseconds
1779195565,2,3.000000,1.500000,0.000000,1.500000,3.000000,3.000000,3.000000,3.000000,3.000000,3.000000,0.003849,0.000081,0.073073,0.226965,calls/second,milliseconds
1779195566,2,3.000000,1.500000,0.000000,1.500000,3.000000,3.000000,3.000000,3.000000,3.000000,3.000000,0.003842,0.000075,0.071866,0.225708,calls/second,milliseconds
1779195567,2,3.000000,1.500000,0.000000,1.500000,3.000000,3.000000,3.000000,3.000000,3.000000,3.000000,0.003834,0.000075,0.071866,0.225708,calls/second,milliseconds
1779195568,2,3.000000,1.500000,0.000000,1.500000,3.000000,3.000000,3.000000,3.000000,3.000000,3.000000,0.003827,0.000075,0.071866,0.225708,calls/second,milliseconds
1779195569,2,3.000000,1.500000,0.000000,1.500000,3.000000,3.000000,3.000000,3.000000,3.000000,3.000000,0.003820,0.000075,0.071866,0.225708,calls/second,milliseconds
1779195570,2,3.000000,1.500000,0.000000,1.500000,3.000000,3.000000,3.000000,3.000000,3.000000,3.000000,0.003812,0.000075,0.071866,0.225708,calls/second,milliseconds
1779195571,2,3.000000,1.500000,0.000000,1.500000,3.000000,3.000000,3.000000,3.000000,3.000000,3.000000,0.003805,0.000069,0.070678,0.224458,calls/second,milliseconds
1779195572,2,3.000000,1.500000,0.000000,1.500000,3.000000,3.000000,3.000000,3.000000,3.000000,3.000000,0.003798,0.000069,0.070678,0.224458,calls/second,milliseconds
1779195573,2,3.000000,1.500000,0.000000,1.500000,3.000000,3.000000,3.000000,3.000000,3.000000,3.000000,0.003791,0.000069,0.070678,0.224458,calls/second,milliseconds
1779195574,2,3.000000,1.500000,0.000000,1.500000,3.000000,3.000000,3.000000,3.000000,3.000000,3.000000,0.003783,0.000069,0.070678,0.224458,calls/second,milliseconds
1779195575,2,3.000000,1.500000,0.000000,1.500000,3.000000,3.000000,3.000000,3.000000,3.000000,3.000000,0.003776,0.000069,0.070678,0.224458,calls/second,milliseconds
1779195576,2,3.000000,1.500000,0.000000,1.500000,3.000000,3.000000,3.000000,3.000000,3.000000,3.000000,0.003769,0.000063,0.069510,0.223214,calls/second,milliseconds
1779195577,2,3.000000,1.500000,0.000000,1.500000,3.000000,3.000000,3.000000,3.000000,3.000000,3.000000,0.003762,0.000063,0.069510,0.223214,calls/second,milliseconds
1779195578,2,3.000000,1.500000,0.000000,1.500000,3.000000,3.000000,3.000000,3.000000,3.000000,3.000000,0.003755,0.000063,0.069510,0.223214,calls/second,milliseconds
1779195579,2,3.000000,1.500000,0.000000,1.500000,3.000000,3.000000,3.000000,3.000000,3.000000,3.000000,0.003748,0.000063,0.069510,0.223214,calls/second,milliseconds
1779195580,2,3.000000,1.500000,0.000000,1.500000,3.000000,3.000000,3.000000,3.000000,3.000000,3.000000,0.003741,0.000063,0.069510,0.223214,calls/second,milliseconds
1779195581,2,3.000000,1.500000,0.000000,1.500000,3.000000,3.000000,3.000000,3.000000,3.000000,3.000000,0.003734,0.000058,0.068361,0.221977,calls/second,milliseconds
1779195582,2,3.000000,1.500000,0.000000,1.500000,3.000000,3.000000,3.000000,3.000000,3.000000,3.000000,0.003727,0.000058,0.068361,0.221977,calls/second,milliseconds
1779195583,2,3.000000,1.500000,0.000000,1.500000,3.000000,3.000000,3.000000,3.000000,3.000000,3.000000,0.003720,0.000058,0.068361,0.221977,calls/second,milliseconds
1779195584,2,3.000000,1.500000,0.000000,1.500000,3.000000,3.000000,3.000000,3.000000,3.000000,3.000000,0.003713,0.000058,0.068361,0.221977,calls/second,milliseconds
1779195585,2,3.000000,1.500000,0.000000,1.500000,3.000000,3.000000,3.000000,3.000000,3.000000,3.000000,0.003706,0.000058,0.068361,0.221977,calls/second,milliseconds
1779195586,2,3.000000,1.500000,0.000000,1.500000,3.000000,3.000000,3.000000,3.000000,3.000000,3.000000,0.003699,0.000054,0.067231,0.220748,calls/second,milliseconds
1779195587,2,3.000000,1.500000,0.000000,1.500000,3.000000,3.000000,3.000000,3.000000,3.000000,3.000000,0.003693,0.000054,0.067231,0.220748,calls/second,milliseconds
1779195588,2,3.000000,1.500000,0.000000,1.500000,3.000000,3.000000,3.000000,3.000000,3.000000,3.000000,0.003686,0.000054,0.067231,0.220748,calls/second,milliseconds
1779195589,2,3.000000,1.500000,0.000000,1.500000,3.000000,3.000000,3.000000,3.000000,3.000000,3.000000,0.003679,0.000054,0.067231,0.220748,calls/second,milliseconds
1779195590,2,3.000000,1.500000,0.000000,1.500000,3.000000,3.000000,3.000000,3.000000,3.000000,3.000000,0.003672,0.000054,0.067231,0.220748,calls/second,milliseconds
1779195591,2,3.000000,1.500000,0.000000,1.500000,3.000000,3.000000,3.000000,3.000000,3.000000,3.000000,0.003665,0.000049,0.066120,0.219525,calls/second,milliseconds
1779195592,2,3.000000,1.500000,0.000000,1.500000,3.000000,3.000000,3.000000,3.000000,3.000000,3.000000,0.003659,0.000049,0.066120,0.219525,calls/second,milliseconds
1779195593,2,3.000000,1.500000,0.000000,1.500000,3.000000,3.000000,3.000000,3.000000,3.000000,3.000000,0.003652,0.000049,0.066120,0.219525,calls/second,milliseconds
1779195594,2,3.000000,1.500000,0.000000,1.500000,3.000000,3.000000,3.000000,3.000000,3.000000,3.000000,0.003645,0.000049,0.066120,0.219525,calls/second,milliseconds
1779195595,2,3.000000,1.500000,0.000000,1.500000,3.000000,3.000000,3.000000,3.000000,3.000000,3.000000,0.003639,0.000049,0.066120,0.219525,calls/second,milliseconds
1779195596,2,3.000000,1.500000,0.000000,1.500000,3.000000,3.000000,3.000000,3.000000,3.000000,3.000000,0.003632,0.000045,0.065027,0.218308,calls/second,milliseconds
1779195597,2,3.000000,1.500000,0.000000,1.500000,3.000000,3.000000,3.000000,3.000000,3.000000,3.000000,0.003625,0.000045,0.065027,0.218308,calls/second,milliseconds
1779195598,2,3.000000,1.500000,0.000000,1.500000,3.000000,3.000000,3.000000,3.000000,3.000000,3.000000,0.003619,0.000045,0.065027,0.218308,calls/second,milliseconds
1779195599,2,3.000000,1.500000,0.000000,1.500000,3.000000,3.000000,3.000000,3.000000,3.000000,3.000000,0.003612,0.000045,0.065027,0.218308,calls/second,milliseconds
1779195600,2,3.000000,1.500000,0.000000,1.500000,3.000000,3.000000,3.000000,3.000000,3.000000,3.000000,0.003606,0.000045,0.065027,0.218308,calls/second,milliseconds
1779195601,2,3.000000,1.500000,0.000000,1.500000,3.000000,3.000000,3.000000,3.000000,3.000000,3.000000,0.003599,0.000042,0.063952,0.217099,calls/second,milliseconds
1779195602,2,3.000000,1.500000,0.000000,1.500000,3.000000,3.000000,3.000000,3.000000,3.000000,3.000000,0.003593,0.000042,0.063952,0.217099,calls/second,milliseconds
1779195603,2,3.000000,1.500000,0.000000,1.500000,3.000000,3.000000,3.000000,3.000000,3.000000,3.000000,0.003586,0.000042,0.063952,0.217099,calls/second,milliseconds
1779195604,2,3.000000,1.500000,0.000000,1.500000,3.000000,3.000000,3.000000,3.000000,3.000000,3.000000,0.003580,0.000042,0.063952,0.217099,calls/second,milliseconds
1779195605,2,3.000000,1.500000,0.000000,1.500000,3.000000,3.000000,3.000000,3.000000,3.000000,3.000000,0.003574,0.000042,0.063952,0.217099,calls/second,milliseconds
1779195606,2,3.000000,1.500000,0.000000,1.500000,3.000000,3.000000,3.000000,3.000000,3.000000,3.000000,0.003567,0.000038,0.062895,0.215896,calls/second,milliseconds
1779195607,2,3.000000,1.500000,0.000000,1.500000,3.000000,3.000000,3.000000,3.000000,3.000000,3.000000,0.003561,0.000038,0.062895,0.215896,calls/second,milliseconds
1779195608,2,3.000000,1.500000,0.000000,1.500000,3.000000,3.000000,3.000000,3.000000,3.000000,3.000000,0.003555,0.000038,0.062895,0.215896,calls/second,milliseconds
1779195609,2,3.000000,1.500000,0.000000,1.500000,3.000000,3.000000,3.000000,3.000000,3.000000,3.000000,0.003548,0.000038,0.062895,0.215896,calls/second,milliseconds
1779195610,2,3.000000,1.500000,0.000000,1.500000,3.000000,3.000000,3.000000,3.000000,3.000000,3.000000,0.003542,0.000038,0.062895,0.215896,calls/second,milliseconds
1779195611,2,3.000000,1.500000,0.000000,1.500000,3.000000,3.000000,3.000000,3.000000,3.000000,3.000000,0.003536,0.000035,0.061855,0.214700,calls/second,milliseconds
1779195612,2,3.000000,1.500000,0.000000,1.500000,3.000000,3.000000,3.000000,3.000000,3.000000,3.000000,0.003529,0.000035,0.061855,0.214700,calls/second,milliseconds
1779195613,2,3.000000,1.500000,0.000000,1.500000,3.000000,3.000000,3.000000,3.000000,3.000000,3.000000,0.003523,0.000035,0.061855,0.214700,calls/second,milliseconds
1779195614,2,3.000000,1.500000,0.000000,1.500000,3.000000,3.000000,3.000000,3.000000,3.000000,3.000000,0.003517,0.000035,0.061855,0.214700,calls/second,milliseconds
1779195615,2,3.000000,1.500000,0.000000,1.500000,3.000000,3.000000,3.000000,3.000000,3.000000,3.000000,0.003511,0.000035,0.061855,0.214700,calls/second,milliseconds
1779195616,2,3.000000,1.500000,0.000000,1.500000,3.000000,3.000000,3.000000,3.000000,3.000000,3.000000,0.003505,0.000033,0.060833,0.213511,calls/second,milliseconds
1779195617,2,3.000000,1.500000,0.000000,1.500000,3.000000,3.000000,3.000000,3.000000,3.000000,3.000000,0.003498,0.000033,0.060833,0.213511,calls/second,milliseconds
1779195618,2,3.000000,1.500000,0.000000,1.500000,3.000000,3.000000,3.000000,3.000000,3.000000,3.000000,0.003492,0.000033,0.060833,0.213511,calls/second,milliseconds
1779195619,2,3.000000,1.500000,0.000000,1.500000,3.000000,3.000000,3.000000,3.000000,3.000000,3.000000,0.003486,0.000033,0.060833,0.213511,calls/second,milliseconds
1779195620,2,3.000000,1.500000,0.000000,1.500000,3.000000,3.000000,3.000000,3.000000,3.000000,3.000000,0.003480,0.000033,0.060833,0.213511,calls/second,milliseconds
1779195621,2,3.000000,1.500000,0.000000,1.500000,3.000000,3.000000,3.000000,3.000000,3.000000,3.000000,0.003474,0.000030,0.059827,0.212328,calls/second,milliseconds
1779195622,2,3.000000,1.500000,0.000000,1.500000,3.000000,3.000000,3.000000,3.000000,3.000000,3.000000,0.003468,0.000030,0.059827,0.212328,calls/second,milliseconds
1779195623,2,3.000000,1.500000,0.000000,1.500000,3.000000,3.000000,3.000000,3.000000,3.000000,3.000000,0.003462,0.000030,0.059827,0.212328,calls/second,milliseconds
1779195624,2,3.000000,1.500000,0.000000,1.500000,3.000000,3.000000,3.000000,3.000000,3.000000,3.000000,0.003456,0.000030,0.059827,0.212328,calls/second,milliseconds
1779195625,2,3.000000,1.500000,0.000000,1.500000,3.000000,3.000000,3.000000,3.000000,3.000000,3.000000,0.003450,0.000030,0.059827,0.212328,calls/second,milliseconds
1779195626,2,3.000000,1.500000,0.000000,1.500000,3.000000,3.000000,3.000000,3.000000,3.000000,3.000000,0.003444,0.000028,0.058839,0.211151,calls/second,milliseconds
1779195627,2,3.000000,1.500000,0.000000,1.500000,3.000000,3.000000,3.000000,3.000000,3.000000,3.000000,0.003438,0.000028,0.058839,0.211151,calls/second,milliseconds
1779195628,2,3.000000,1.500000,0.000000,1.500000,3.000000,3.000000,3.000000,3.000000,3.000000,3.000000,0.003432,0.000028,0.058839,0.211151,calls/second,milliseconds
1779195629,2,3.000000,1.500000,0.000000,1.500000,3.000000,3.000000,3.000000,3.000000,3.000000,3.000000,0.003426,0.000028,0.058839,0.211151,calls/second,milliseconds
1779195630,2,3.000000,1.500000,0.000000,1.500000,3.000000,3.000000,3.000000,3.000000,3.000000,3.000000,0.003421,0.000028,0.058839,0.211151,calls/second,milliseconds
1779195631,2,3.000000,1.500000,0.000000,1.500000,3.000000,3.000000,3.000000,3.000000,3.000000,3.000000,0.003415,0.000025,0.057866,0.209982,calls/second,milliseconds
1779195632,2,3.000000,1.500000,0.000000,1.500000,3.000000,3.000000,3.000000,3.000000,3.000000,3.000000,0.003409,0.000025,0.057866,0.209982,calls/second,milliseconds
1779195633,2,3.000000,1.500000,0.000000,1.500000,3.000000,3.000000,3.000000,3.000000,3.000000,3.000000,0.003403,0.000025,0.057866,0.209982,calls/second,milliseconds
1779195634,2,3.000000,1.500000,0.000000,1.500000,3.000000,3.000000,3.000000,3.000000,3.000000,3.000000,0.003397,0.000025,0.057866,0.209982,calls/second,milliseconds
1779195635,2,3.000000,1.500000,0.000000,1.500000,3.000000,3.000000,3.000000,3.000000,3.000000,3.000000,0.003392,0.000025,0.057866,0.209982,calls/second,milliseconds
1779195636,2,3.000000,1.500000,0.000000,1.500000,3.000000,3.000000,3.000000,3.000000,3.000000,3.000000,0.003386,0.000023,0.056910,0.208818,calls/second,milliseconds
1779195637,2,3.000000,1.500000,0.000000,1.500000,3.000000,3.000000,3.000000,3.000000,3.000000,3.000000,0.003380,0.000023,0.056910,0.208818,calls/second,milliseconds
1779195638,2,3.000000,1.500000,0.000000,1.500000,3.000000,3.000000,3.000000,3.000000,3.000000,3.000000,0.003374,0.000023,0.056910,0.208818,calls/second,milliseconds
1779195639,2,3.000000,1.500000,0.000000,1.500000,3.000000,3.000000,3.000000,3.000000,3.000000,3.000000,0.003369,0.000023,0.056910,0.208818,calls/second,milliseconds
1779195640,2,3.000000,1.500000,0.000000,1.500000,3.000000,3.000000,3.000000,3.000000,3.000000,3.000000,0.003363,0.000023,0.056910,0.208818,calls/second,milliseconds
1779195641,2,3.000000,1.500000,0.000000,1.500000,3.000000,3.000000,3.000000,3.000000,3.000000,3.000000,0.003357,0.000021,0.055969,0.207661,calls/second,milliseconds
1779195642,2,3.000000,1.500000,0.000000,1.500000,3.000000,3.000000,3.000000,3.000000,3.000000,3.000000,0.003352,0.000021,0.055969,0.207661,calls/second,milliseconds
1779195643,2,3.000000,1.500000,0.000000,1.500000,3.000000,3.000000,3.000000,3.000000,3.000000,3.000000,0.003346,0.000021,0.055969,0.207661,calls/second,milliseconds
1779195644,2,3.000000,1.500000,0.000000,1.500000,3.000000,3.000000,3.000000,3.000000,3.000000,3.000000,0.003340,0.000021,0.055969,0.207661,calls/second,milliseconds
1779195645,2,3.000000,1.500000,0.000000,1.500000,3.000000,3.000000,3.000000,3.000000,3.000000,3.000000,0.003335,0.000021,0.055969,0.207661,calls/second,milliseconds
1779195646,2,3.000000,1.500000,0.000000,1.500000,3.000000,3.000000,3.000000,3.000000,3.000000,3.000000,0.003329,0.000020,0.055044,0.206511,calls/second,milliseconds
1779195647,2,3.000000,1.500000,0.000000,1.500000,3.000000,3.000000,3.000000,3.000000,3.000000,3.000000,0.003324,0.000020,0.055044,0.206511,calls/second,milliseconds
1779195648,2,3.000000,1.500000,0.000000,1.500000,3.000000,3.000000,3.000000,3.000000,3.000000,3.000000,0.003318,0.000020,0.055044,0.206511,calls/second,milliseconds
1779195649,2,3.000000,1.500000,0.000000,1.500000,3.000000,3.000000,3.000000,3.000000,3.000000,3.000000,0.003313,0.000020,0.055044,0.206511,calls/second,milliseconds
1779195650,2,3.000000,1.500000,0.000000,1.500000,3.000000,3.000000,3.000000,3.000000,3.000000,3.000000,0.003307,0.000020,0.055044,0.206511,calls/second,milliseconds
1779195651,2,3.000000,1.500000,0.000000,1.500000,3.000000,3.000000,3.000000,3.000000,3.000000,3.000000,0.003302,0.000018,0.054134,0.205367,calls/second,milliseconds
1779195652,2,3.000000,1.500000,0.000000,1.500000,3.000000,3.000000,3.000000,3.000000,3.000000,3.000000,0.003296,0.000018,0.054134,0.205367,calls/second,milliseconds
1779195653,2,3.000000,1.500000,0.000000,1.500000,3.000000,3.000000,3.000000,3.000000,3.000000,3.000000,0.003291,0.000018,0.054134,0.205367,calls/second,milliseconds
1779195654,2,3.000000,1.500000,0.000000,1.500000,3.000000,3.000000,3.000000,3.000000,3.000000,3.000000,0.003286,0.000018,0.054134,0.205367,calls/second,milliseconds
1779195655,2,3.000000,1.500000,0.000000,1.500000,3.000000,3.000000,3.000000,3.000000,3.000000,3.000000,0.003280,0.000018,0.054134,0.205367,calls/second,milliseconds
1779195656,2,3.000000,1.500000,0.000000,1.500000,3.000000,3.000000,3.000000,3.000000,3.000000,3.000000,0.003275,0.000017,0.053239,0.204229,calls/second,milliseconds
1779195657,2,3.000000,1.500000,0.000000,1.500000,3.000000,3.000000,3.000000,3.000000,3.000000,3.000000,0.003269,0.000017,0.053239,0.204229,calls/second,milliseconds
1779195658,2,3.000000,1.500000,0.000000,1.500000,3.000000,3.000000,3.000000,3.000000,3.000000,3.000000,0.003264,0.000017,0.053239,0.204229,calls/second,milliseconds
1779195659,2,3.000000,1.500000,0.000000,1.500000,3.000000,3.000000,3.000000,3.000000,3.000000,3.000000,0.003259,0.000017,0.053239,0.204229,calls/second,milliseconds
1779195660,2,3.000000,1.500000,0.000000,1.500000,3.000000,3.000000,3.000000,3.000000,3.000000,3.000000,0.003253,0.000017,0.053239,0.204229,calls/second,milliseconds
1779195661,2,3.000000,1.500000,0.000000,1.500000,3.000000,3.000000,3.000000,3.000000,3.000000,3.000000,0.003248,0.000015,0.052359,0.203098,calls/second,milliseconds
1779195662,2,3.000000,1.500000,0.000000,1.500000,3.000000,3.000000,3.000000,3.000000,3.000000,3.000000,0.003243,0.000015,0.052359,0.203098,calls/second,milliseconds
1779195663,2,3.000000,1.500000,0.000000,1.500000,3.000000,3.000000,3.000000,3.000000,3.000000,3.000000,0.003238,0.000015,0.052359,0.203098,calls/second,milliseconds
1779195664,2,3.000000,1.500000,0.000000,1.500000,3.000000,3.000000,3.000000,3.000000,3.000000,3.000000,0.003232,0.000015,0.052359,0.203098,calls/second,milliseconds
1779195665,2,3.000000,1.500000,0.000000,1.500000,3.000000,3.000000,3.000000,3.000000,3.000000,3.000000,0.003227,0.000015,0.052359,0.203098,calls/second,milliseconds
1779195666,2,3.000000,1.500000,0.000000,1.500000,3.000000,3.000000,3.000000,3.000000,3.000000,3.000000,0.003222,0.000014,0.051494,0.201972,calls/second,milliseconds
1779195667,2,3.000000,1.500000,0.000000,1.500000,3.000000,3.000000,3.000000,3.000000,3.000000,3.000000,0.003217,0.000014,0.051494,0.201972,calls/second,milliseconds
1779195668,2,3.000000,1.500000,0.000000,1.500000,3.000000,3.000000,3.000000,3.000000,3.000000,3.000000,0.003212,0.000014,0.051494,0.201972,calls/second,milliseconds
1779195669,2,3.000000,1.500000,0.000000,1.500000,3.000000,3.000000,3.000000,3.000000,3.000000,3.000000,0.003206,0.000014,0.051494,0.201972,calls/second,milliseconds
1779195670,2,3.000000,1.500000,0.000000,1.500000,3.000000,3.000000,3.000000,3.000000,3.000000,3.000000,0.003201,0.000014,0.051494,0.201972,calls/second,milliseconds
1779195671,2,3.000000,1.500000,0.000000,1.500000,3.000000,3.000000,3.000000,3.000000,3.000000,3.000000,0.003196,0.000013,0.050643,0.200853,calls/second,milliseconds
1779195672,2,3.000000,1.500000,0.000000,1.500000,3.000000,3.000000,3.000000,3.000000,3.000000,3.000000,0.003191,0.000013,0.050643,0.200853,calls/second,milliseconds
1779195673,2,3.000000,1.500000,0.000000,1.500000,3.000000,3.000000,3.000000,3.000000,3.000000,3.000000,0.003186,0.000013,0.050643,0.200853,calls/second,milliseconds
1779195674,2,3.000000,1.500000,0.000000,1.500000,3.000000,3.000000,3.000000,3.000000,3.000000,3.000000,0.003181,0.000013,0.050643,0.200853,calls/second,milliseconds
1779195675,2,3.000000,1.500000,0.000000,1.500000,3.000000,3.000000,3.000000,3.000000,3.000000,3.000000,0.003176,0.000013,0.050643,0.200853,calls/second,milliseconds
1779195676,2,3.000000,1.500000,0.000000,1.500000,3.000000,3.000000,3.000000,3.000000,3.000000,3.000000,0.003171,0.000012,0.049806,0.199741,calls/second,milliseconds
1779195677,2,3.000000,1.500000,0.000000,1.500000,3.000000,3.000000,3.000000,3.000000,3.000000,3.000000,0.003166,0.000012,0.049806,0.199741,calls/second,milliseconds
1779195678,2,3.000000,1.500000,0.000000,1.500000,3.000000,3.000000,3.000000,3.000000,3.000000,3.000000,0.003161,0.000012,0.049806,0.199741,calls/second,milliseconds
1779195679,2,3.000000,1.500000,0.000000,1.500000,3.000000,3.000000,3.000000,3.000000,3.000000,3.000000,0.003156,0.000012,0.049806,0.199741,calls/second,milliseconds
1779195680,2,3.000000,1.500000,0.000000,1.500000,3.000000,3.000000,3.000000,3.000000,3.000000,3.000000,0.003151,0.000012,0.049806,0.199741,calls/second,milliseconds
1779195681,2,3.000000,1.500000,0.000000,1.500000,3.000000,3.000000,3.000000,3.000000,3.000000,3.000000,0.003146,0.000011,0.048983,0.198634,calls/second,milliseconds
1779195682,2,3.000000,1.500000,0.000000,1.500000,3.000000,3.000000,3.000000,3.000000,3.000000,3.000000,0.003141,0.000011,0.048983,0.198634,calls/second,milliseconds
1779195683,2,3.000000,1.500000,0.000000,1.500000,3.000000,3.000000,3.000000,3.000000,3.000000,3.000000,0.003136,0.000011,0.048983,0.198634,calls/second,milliseconds
1779195684,2,3.000000,1.500000,0.000000,1.500000,3.000000,3.000000,3.000000,3.000000,3.000000,3.000000,0.003131,0.000011,0.048983,0.198634,calls/second,milliseconds
1779195685,2,3.000000,1.500000,0.000000,1.500000,3.000000,3.000000,3.000000,3.000000,3.000000,3.000000,0.003126,0.000011,0.048983,0.198634,calls/second,milliseconds
1779195686,2,3.000000,1.500000,0.000000,1.500000,3.000000,3.000000,3.000000,3.000000,3.000000,3.000000,0.003121,0.000010,0.048173,0.197534,calls/second,milliseconds
1779195687,2,3.000000,1.500000,0.000000,1.500000,3.000000,3.000000,3.000000,3.000000,3.000000,3.000000,0.003116,0.000010,0.048173,0.197534,calls/second,milliseconds
1779195688,2,3.000000,1.500000,0.000000,1.500000,3.000000,3.000000,3.000000,3.000000,3.000000,3.000000,0.003111,0.000010,0.048173,0.197534,calls/second,milliseconds
1779195689,2,3.000000,1.500000,0.000000,1.500000,3.000000,3.000000,3.000000,3.000000,3.000000,3.000000,0.003107,0.000010,0.048173,0.197534,calls/second,milliseconds
1779195690,2,3.000000,1.500000,0.000000,1.500000,3.000000,3.000000,3.000000,3.000000,3.000000,3.000000,0.003102,0.000010,0.048173,0.197534,calls/second,milliseconds
1779195691,2,3.000000,1.500000,0.000000,1.500000,3.000000,3.000000,3.000000,3.000000,3.000000,3.000000,0.003097,0.000009,0.047377,0.196439,calls/second,milliseconds
1779195692,2,3.000000,1.500000,0.000000,1.500000,3.000000,3.000000,3.000000,3.000000,3.000000,3.000000,0.003092,0.000009,0.047377,0.196439,calls/second,milliseconds
1779195693,2,3.000000,1.500000,0.000000,1.500000,3.000000,3.000000,3.000000,3.000000,3.000000,3.000000,0.003087,0.000009,0.047377,0.196439,calls/second,milliseconds
1779195694,2,3.000000,1.500000,0.000000,1.500000,3.000000,3.000000,3.000000,3.000000,3.000000,3.000000,0.003083,0.000009,0.047377,0.196439,calls/second,milliseconds
1779195695,2,3.000000,1.500000,0.000000,1.500000,3.000000,3.000000,3.000000,3.000000,3.000000,3.000000,0.003078,0.000009,0.047377,0.196439,calls/second,milliseconds
1779195696,2,3.000000,1.500000,0.000000,1.500000,3.000000,3.000000,3.000000,3.000000,3.000000,3.000000,0.003073,0.000009,0.046594,0.195351,calls/second,milliseconds
1779195697,2,3.000000,1.500000,0.000000,1.500000,3.000000,3.000000,3.000000,3.000000,3.000000,3.000000,0.003068,0.000009,0.046594,0.195351,calls/second,milliseconds
1779195698,2,3.000000,1.500000,0.000000,1.500000,3.000000,3.000000,3.000000,3.000000,3.000000,3.000000,0.003064,0.000009,0.046594,0.195351,calls/second,milliseconds
1779195699,2,3.000000,1.500000,0.000000,1.500000,3.000000,3.000000,3.000000,3.000000,3.000000,3.000000,0.003059,0.000009,0.046594,0.195351,calls/second,milliseconds
1779195700,2,3.000000,1.500000,0.000000,1.500000,3.000000,3.000000,3.000000,3.000000,3.000000,3.000000,0.003054,0.000009,0.046594,0.195351,calls/second,milliseconds
1779195701,2,3.000000,1.500000,0.000000,1.500000,3.000000,3.000000,3.000000,3.000000,3.000000,3.000000,0.003050,0.000008,0.045824,0.194269,calls/second,milliseconds
1779195702,2,3.000000,1.500000,0.000000,1.500000,3.000000,3.000000,3.000000,3.000000,3.000000,3.000000,0.003045,0.000008,0.045824,0.194269,calls/second,milliseconds
1779195703,2,3.000000,1.500000,0.000000,1.500000,3.000000,3.000000,3.000000,3.000000,3.000000,3.000000,0.003040,0.000008,0.045824,0.194269,calls/second,milliseconds
1779195704,2,3.000000,1.500000,0.000000,1.500000,3.000000,3.000000,3.000000,3.000000,3.000000,3.000000,0.003036,0.000008,0.045824,0.194269,calls/second,milliseconds
1779195705,2,3.000000,1.500000,0.000000,1.500000,3.000000,3.000000,3.000000,3.000000,3.000000,3.000000,0.003031,0.000008,0.045824,0.194269,calls/second,milliseconds
1779195706,2,3.000000,1.500000,0.000000,1.500000,3.000000,3.000000,3.000000,3.000000,3.000000,3.000000,0.003027,0.000007,0.045066,0.193192,calls/second,milliseconds
1779195707,2,3.000000,1.500000,0.000000,1.500000,3.000000,3.000000,3.000000,3.000000,3.000000,3.000000,0.003022,0.000007,0.045066,0.193192,calls/second,milliseconds
1779195708,2,3.000000,1.500000,0.000000,1.500000,3.000000,3.000000,3.000000,3.000000,3.000000,3.000000,0.003017,0.000007,0.045066,0.193192,calls/second,milliseconds
1779195709,2,3.000000,1.500000,0.000000,1.500000,3.000000,3.000000,3.000000,3.000000,3.000000,3.000000,0.003013,0.000007,0.045066,0.193192,calls/second,milliseconds
1779195710,2,3.000000,1.500000,0.000000,1.500000,3.000000,3.000000,3.000000,3.000000,3.000000,3.000000,0.003008,0.000007,0.045066,0.193192,calls/second,milliseconds
1779195711,2,3.000000,1.500000,0.000000,1.500000,3.000000,3.000000,3.000000,3.000000,3.000000,3.000000,0.003004,0.000007,0.044321,0.192122,calls/second,milliseconds
1779195712,2,3.000000,1.500000,0.000000,1.500000,3.000000,3.000000,3.000000,3.000000,3.000000,3.000000,0.002999,0.000007,0.044321,0.192122,calls/second,milliseconds
1779195713,2,3.000000,1.500000,0.000000,1.500000,3.000000,3.000000,3.000000,3.000000,3.000000,3.000000,0.002995,0.000007,0.044321,0.192122,calls/second,milliseconds
1779195714,2,3.000000,1.500000,0.000000,1.500000,3.000000,3.000000,3.000000,3.000000,3.000000,3.000000,0.002990,0.000007,0.044321,0.192122,calls/second,milliseconds
1779195715,2,3.000000,1.500000,0.000000,1.500000,3.000000,3.000000,3.000000,3.000000,3.000000,3.000000,0.002986,0.000007,0.044321,0.192122,calls/second,milliseconds
1779195716,2,3.000000,1.500000,0.000000,1.500000,3.000000,3.000000,3.000000,3.000000,3.000000,3.000000,0.002981,0.000006,0.043589,0.191058,calls/second,milliseconds
1779195717,2,3.000000,1.500000,0.000000,1.500000,3.000000,3.000000,3.000000,3.000000,3.000000,3.000000,0.002977,0.000006,0.043589,0.191058,calls/second,milliseconds
1779195718,2,3.000000,1.500000,0.000000,1.500000,3.000000,3.000000,3.000000,3.000000,3.000000,3.000000,0.002973,0.000006,0.043589,0.191058,calls/second,milliseconds
1779195719,2,3.000000,1.500000,0.000000,1.500000,3.000000,3.000000,3.000000,3.000000,3.000000,3.000000,0.002968,0.000006,0.043589,0.191058,calls/second,milliseconds
1779195720,2,3.000000,1.500000,0.000000,1.500000,3.000000,3.000000,3.000000,3.000000,3.000000,3.000000,0.002964,0.000006,0.043589,0.191058,calls/second,milliseconds
1779195721,2,3.000000,1.500000,0.000000,1.500000,3.000000,3.000000,3.000000,3.000000,3.000000,3.000000,0.002959,0.000006,0.042868,0.189999,calls/second,milliseconds
1779195722,2,3.000000,1.500000,0.000000,1.500000,3.000000,3.000000,3.000000,3.000000,3.000000,3.000000,0.002955,0.000006,0.042868,0.189999,calls/second,milliseconds
1779195723,2,3.000000,1.500000,0.000000,1.500000,3.000000,3.000000,3.000000,3.000000,3.000000,3.000000,0.002951,0.000006,0.042868,0.189999,calls/second,milliseconds
1779195724,2,3.000000,1.500000,0.000000,1.500000,3.000000,3.000000,3.000000,3.000000,3.000000,3.000000,0.002946,0.000006,0.042868,0.189999,calls/second,milliseconds
1779195725,2,3.000000,1.500000,0.000000,1.500000,3.000000,3.000000,3.000000,3.000000,3.000000,3.000000,0.002942,0.000006,0.042868,0.189999,calls/second,milliseconds
1779195726,2,3.000000,1.500000,0.000000,1.500000,3.000000,3.000000,3.000000,3.000000,3.000000,3.000000,0.002938,0.000005,0.042160,0.188947,calls/second,milliseconds
1779195727,2,3.000000,1.500000,0.000000,1.500000,3.000000,3.000000,3.000000,3.000000,3.000000,3.000000,0.002933,0.000005,0.042160,0.188947,calls/second,milliseconds
1779195728,2,3.000000,1.500000,0.000000,1.500000,3.000000,3.000000,3.000000,3.000000,3.000000,3.000000,0.002929,0.000005,0.042160,0.188947,calls/second,milliseconds
1779195729,2,3.000000,1.500000,0.000000,1.500000,3.000000,3.000000,3.000000,3.000000,3.000000,3.000000,0.002925,0.000005,0.042160,0.188947,calls/second,milliseconds
1779195730,2,3.000000,1.500000,0.000000,1.500000,3.000000,3.000000,3.000000,3.000000,3.000000,3.000000,0.002920,0.000005,0.042160,0.188947,calls/second,milliseconds
1779195731,2,3.000000,1.500000,0.000000,1.500000,3.000000,3.000000,3.000000,3.000000,3.000000,3.000000,0.002916,0.000005,0.041463,0.187900,calls/second,milliseconds
1779195732,2,3.000000,1.500000,0.000000,1.500000,3.000000,3.000000,3.000000,3.000000,3.000000,3.000000,0.002912,0.000005,0.041463,0.187900,calls/second,milliseconds
1779195733,2,3.000000,1.500000,0.000000,1.500000,3.000000,3.000000,3.000000,3.000000,3.000000,3.000000,0.002908,0.000005,0.041463,0.187900,calls/second,milliseconds
1779195734,2,3.000000,1.500000,0.000000,1.500000,3.000000,3.000000,3.000000,3.000000,3.000000,3.000000,0.002903,0.000005,0.041463,0.187900,calls/second,milliseconds
1779195735,2,3.000000,1.500000,0.000000,1.500000,3.000000,3.000000,3.000000,3.000000,3.000000,3.000000,0.002899,0.000005,0.041463,0.187900,calls/second,milliseconds
1779195736,2,3.000000,1.500000,0.000000,1.500000,3.000000,3.000000,3.000000,3.000000,3.000000,3.000000,0.002895,0.000004,0.040778,0.186859,calls/second,milliseconds
1779195737,2,3.000000,1.500000,0.000000,1.500000,3.000000,3.000000,3.000000,3.000000,3.000000,3.000000,0.002891,0.000004,0.040778,0.186859,calls/second,milliseconds
1779195738,2,3.000000,1.500000,0.000000,1.500000,3.000000,3.000000,3.000000,3.000000,3.000000,3.000000,0.002887,0.000004,0.040778,0.186859,calls/second,milliseconds
1779195739,2,3.000000,1.500000,0.000000,1.500000,3.000000,3.000000,3.000000,3.000000,3.000000,3.000000,0.002882,0.000004,0.040778,0.186859,calls/second,milliseconds
1779195740,2,3.000000,1.500000,0.000000,1.500000,3.000000,3.000000,3.000000,3.000000,3.000000,3.000000,0.002878,0.000004,0.040778,0.186859,calls/second,milliseconds
1779195741,2,3.000000,1.500000,0.000000,1.500000,3.000000,3.000000,3.000000,3.000000,3.000000,3.000000,0.002874,0.000004,0.040104,0.185824,calls/second,milliseconds
1779195742,2,3.000000,1.500000,0.000000,1.500000,3.000000,3.000000,3.000000,3.000000,3.000000,3.000000,0.002870,0.000004,0.040104,0.185824,calls/second,milliseconds
1779195743,2,3.000000,1.500000,0.000000,1.500000,3.000000,3.000000,3.000000,3.000000,3.000000,3.000000,0.002866,0.000004,0.040104,0.185824,calls/second,milliseconds
1779195744,2,3.000000,1.500000,0.000000,1.500000,3.000000,3.000000,3.000000,3.000000,3.000000,3.000000,0.002862,0.000004,0.040104,0.185824,calls/second,milliseconds
1779195745,2,3.000000,1.500000,0.000000,1.500000,3.000000,3.000000,3.000000,3.000000,3.000000,3.000000,0.002858,0.000004,0.040104,0.185824,calls/second,milliseconds
1779195746,2,3.000000,1.500000,0.000000,1.500000,3.000000,3.000000,3.000000,3.000000,3.000000,3.000000,0.002854,0.000004,0.039441,0.184794,calls/second,milliseconds
1779195747,2,3.000000,1.500000,0.000000,1.500000,3.000000,3.000000,3.000000,3.000000,3.000000,3.000000,0.002850,0.000004,0.039441,0.184794,calls/second,milliseconds
1779195748,2,3.000000,1.500000,0.000000,1.500000,3.000000,3.000000,3.000000,3.000000,3.000000,3.000000,0.002845,0.000004,0.039441,0.184794,calls/second,milliseconds
1779195749,2,3.000000,1.500000,0.000000,1.500000,3.000000,3.000000,3.000000,3.000000,3.000000,3.000000,0.002841,0.000004,0.039441,0.184794,calls/second,milliseconds
1779195750,2,3.000000,1.500000,0.000000,1.500000,3.000000,3.000000,3.000000,3.000000,3.000000,3.000000,0.002837,0.000004,0.039441,0.184794,calls/second,milliseconds
1779195751,2,3.000000,1.500000,0.000000,1.500000,3.000000,3.000000,3.000000,3.000000,3.000000,3.000000,0.002833,0.000003,0.038789,0.183770,calls/second,milliseconds
1779195752,2,3.000000,1.500000,0.000000,1.500000,3.000000,3.000000,3.000000,3.000000,3.000000,3.000000,0.002829,0.000003,0.038789,0.183770,calls/second,milliseconds
1779195753,2,3.000000,1.500000,0.000000,1.500000,3.000000,3.000000,3.000000,3.000000,3.000000,3.000000,0.002825,0.000003,0.038789,0.183770,calls/second,milliseconds
1779195754,2,3.000000,1.500000,0.000000,1.500000,3.000000,3.000000,3.000000,3.000000,3.000000,3.000000,0.002821,0.000003,0.038789,0.183770,calls/second,milliseconds
1779195755,2,3.000000,1.500000,0.000000,1.500000,3.000000,3.000000,3.000000,3.000000,3.000000,3.000000,0.002817,0.000003,0.038789,0.183770,calls/second,milliseconds
1779195756,2,3.000000,1.500000,0.000000,1.500000,3.000000,3.000000,3.000000,3.000000,3.000000,3.000000,0.002813,0.000003,0.038148,0.182752,calls/second,milliseconds
1779195757,2,3.000000,1.500000,0.000000,1.500000,3.000000,3.000000,3.000000,3.000000,3.000000,3.000000,0.002809,0.000003,0.038148,0.182752,calls/second,milliseconds
1779195758,2,3.000000,1.500000,0.000000,1.500000,3.000000,3.000000,3.000000,3.000000,3.000000,3.000000,0.002806,0.000003,0.038148,0.182752,calls/second,milliseconds
1779195759,2,3.000000,1.500000,0.000000,1.500000,3.000000,3.000000,3.000000,3.000000,3.000000,3.000000,0.002802,0.000003,0.038148,0.182752,calls/second,milliseconds
1779195760,2,3.000000,1.500000,0.000000,1.500000,3.000000,3.000000,3.000000,3.000000,3.000000,3.000000,0.002798,0.000003,0.038148,0.182752,calls/second,milliseconds
1779195761,2,3.000000,1.500000,0.000000,1.500000,3.000000,3.000000,3.000000,3.000000,3.000000,3.000000,0.002794,0.000003,0.037517,0.181740,calls/second,milliseconds
1779195762,2,3.000000,1.500000,0.000000,1.500000,3.000000,3.000000,3.000000,3.000000,3.000000,3.000000,0.002790,0.000003,0.037517,0.181740,calls/second,milliseconds
1779195763,2,3.000000,1.500000,0.000000,1.500000,3.000000,3.000000,3.000000,3.000000,3.000000,3.000000,0.002786,0.000003,0.037517,0.181740,calls/second,milliseconds
1779195764,2,3.000000,1.500000,0.000000,1.500000,3.000000,3.000000,3.000000,3.000000,3.000000,3.000000,0.002782,0.000003,0.037517,0.181740,calls/second,milliseconds
1779195765,2,3.000000,1.500000,0.000000,1.500000,3.000000,3.000000,3.000000,3.000000,3.000000,3.000000,0.002778,0.000003,0.037517,0.181740,calls/second,milliseconds
1779195766,2,3.000000,1.500000,0.000000,1.500000,3.000000,3.000000,3.000000,3.000000,3.000000,3.000000,0.002774,0.000003,0.036897,0.180733,calls/second,milliseconds
1779195767,2,3.000000,1.500000,0.000000,1.500000,3.000000,3.000000,3.000000,3.000000,3.000000,3.000000,0.002771,0.000003,0.036897,0.180733,calls/second,milliseconds
1779195768,2,3.000000,1.500000,0.000000,1.500000,3.000000,3.000000,3.000000,3.000000,3.000000,3.000000,0.002767,0.000003,0.036897,0.180733,calls/second,milliseconds
1779195769,2,3.000000,1.500000,0.000000,1.500000,3.000000,3.000000,3.000000,3.000000,3.000000,3.000000,0.002763,0.000003,0.036897,0.180733,calls/second,milliseconds
1779195770,2,3.000000,1.500000,0.000000,1.500000,3.000000,3.000000,3.000000,3.000000,3.000000,3.000000,0.002759,0.000003,0.036897,0.180733,calls/second,milliseconds
1779195771,2,3.000000,1.500000,0.000000,1.500000,3.000000,3.000000,3.000000,3.000000,3.000000,3.000000,0.002755,0.000002,0.036287,0.179732,calls/second,milliseconds
1779195772,2,3.000000,1.500000,0.000000,1.500000,3.000000,3.000000,3.000000,3.000000,3.000000,3.000000,0.002751,0.000002,0.036287,0.179732,calls/second,milliseconds
1779195773,2,3.000000,1.500000,0.000000,1.500000,3.000000,3.000000,3.000000,3.000000,3.000000,3.000000,0.002748,0.000002,0.036287,0.179732,calls/second,milliseconds
1779195774,2,3.000000,1.500000,0.000000,1.500000,3.000000,3.000000,3.000000,3.000000,3.000000,3.000000,0.002744,0.000002,0.036287,0.179732,calls/second,milliseconds
1779195775,2,3.000000,1.500000,0.000000,1.500000,3.000000,3.000000,3.000000,3.000000,3.000000,3.000000,0.002740,0.000002,0.036287,0.179732,calls/second,milliseconds
1779195776,2,3.000000,1.500000,0.000000,1.500000,3.000000,3.000000,3.000000,3.000000,3.000000,3.000000,0.002736,0.000002,0.035687,0.178736,calls/second,milliseconds
1779195777,2,3.000000,1.500000,0.000000,1.500000,3.000000,3.000000,3.000000,3.000000,3.000000,3.000000,0.002733,0.000002,0.035687,0.178736,calls/second,milliseconds
1779195778,2,3.000000,1.500000,0.000000,1.500000,3.000000,3.000000,3.000000,3.000000,3.000000,3.000000,0.002729,0.000002,0.035687,0.178736,calls/second,milliseconds
1779195779,2,3.000000,1.500000,0.000000,1.500000,3.000000,3.000000,3.000000,3.000000,3.000000,3.000000,0.002725,0.000002,0.035687,0.178736,calls/second,milliseconds
1779195780,2,3.000000,1.500000,0.000000,1.500000,3.000000,3.000000,3.000000,3.000000,3.000000,3.000000,0.002721,0.000002,0.035687,0.178736,calls/second,milliseconds
1779195781,2,3.000000,1.500000,0.000000,1.500000,3.000000,3.000000,3.000000,3.000000,3.000000,3.000000,0.002718,0.000002,0.035098,0.177746,calls/second,milliseconds
1779195782,2,3.000000,1.500000,0.000000,1.500000,3.000000,3.000000,3.000000,3.000000,3.000000,3.000000,0.002714,0.000002,0.035098,0.177746,calls/second,milliseconds
1779195783,2,3.000000,1.500000,0.000000,1.500000,3.000000,3.000000,3.000000,3.000000,3.000000,3.000000,0.002710,0.000002,0.035098,0.177746,calls/second,milliseconds
1779195784,2,3.000000,1.500000,0.000000,1.500000,3.000000,3.000000,3.000000,3.000000,3.000000,3.000000,0.002707,0.000002,0.035098,0.177746,calls/second,milliseconds
1779195785,2,3.000000,1.500000,0.000000,1.500000,3.000000,3.000000,3.000000,3.000000,3.000000,3.000000,0.002703,0.000002,0.035098,0.177746,calls/second,milliseconds
1779195786,2,3.000000,1.500000,0.000000,1.500000,3.000000,3.000000,3.000000,3.000000,3.000000,3.000000,0.002699,0.000002,0.034517,0.176761,calls/second,milliseconds
1779195787,2,3.000000,1.500000,0.000000,1.500000,3.000000,3.000000,3.000000,3.000000,3.000000,3.000000,0.002696,0.000002,0.034517,0.176761,calls/second,milliseconds
1779195788,2,3.000000,1.500000,0.000000,1.500000,3.000000,3.000000,3.000000,3.000000,3.000000,3.000000,0.002692,0.000002,0.034517,0.176761,calls/second,milliseconds
1779195789,2,3.000000,1.500000,0.000000,1.500000,3.000000,3.000000,3.000000,3.000000,3.000000,3.000000,0.002688,0.000002,0.034517,0.176761,calls/second,milliseconds
1779195790,2,3.000000,1.500000,0.000000,1.500000,3.000000,3.000000,3.000000,3.000000,3.000000,3.000000,0.002685,0.000002,0.034517,0.176761,calls/second,milliseconds
1779195791,2,3.000000,1.500000,0.000000,1.500000,3.000000,3.000000,3.000000,3.000000,3.000000,3.000000,0.002681,0.000002,0.033947,0.175782,calls/second,milliseconds
1779195792,2,3.000000,1.500000,0.000000,1.500000,3.000000,3.000000,3.000000,3.000000,3.000000,3.000000,0.002678,0.000002,0.033947,0.175782,calls/second,milliseconds
1779195793,2,3.000000,1.500000,0.000000,1.500000,3.000000,3.000000,3.000000,3.000000,3.000000,3.000000,0.002674,0.000002,0.033947,0.175782,calls/second,milliseconds
1779195794,2,3.000000,1.500000,0.000000,1.500000,3.000000,3.000000,3.000000,3.000000,3.000000,3.000000,0.002670,0.000002,0.033947,0.175782,calls/second,milliseconds
1779195795,2,3.000000,1.500000,0.000000,1.500000,3.000000,3.000000,3.000000,3.000000,3.000000,3.000000,0.002667,0.000002,0.033947,0.175782,calls/second,milliseconds
1779195796,2,3.000000,1.500000,0.000000,1.500000,3.000000,3.000000,3.000000,3.000000,3.000000,3.000000,0.002663,0.000002,0.033386,0.174808,calls/second,milliseconds
1779195797,2,3.000000,1.500000,0.000000,1.500000,3.000000,3.000000,3.000000,3.000000,3.000000,3.000000,0.002660,0.000002,0.033386,0.174808,calls/second,milliseconds
1779195798,2,3.000000,1.500000,0.000000,1.500000,3.000000,3.000000,3.000000,3.000000,3.000000,3.000000,0.002656,0.000002,0.033386,0.174808,calls/second,milliseconds
1779195799,2,3.000000,1.500000,0.000000,1.500000,3.000000,3.000000,3.000000,3.000000,3.000000,3.000000,0.002653,0.000002,0.033386,0.174808,calls/second,milliseconds
1779195800,2,3.000000,1.500000,0.000000,1.500000,3.000000,3.000000,3.000000,3.000000,3.000000,3.000000,0.002649,0.000002,0.033386,0.174808,calls/second,milliseconds
1779195801,2,3.000000,1.500000,0.000000,1.500000,3.000000,3.000000,3.000000,3.000000,3.000000,3.000000,0.002646,0.000001,0.032834,0.173839,calls/second,milliseconds
1779195802,2,3.000000,1.500000,0.000000,1.500000,3.000000,3.000000,3.000000,3.000000,3.000000,3.000000,0.002642,0.000001,0.032834,0.173839,calls/second,milliseconds
1779195803,2,3.000000,1.500000,0.000000,1.500000,3.000000,3.000000,3.000000,3.000000,3.000000,3.000000,0.002639,0.000001,0.032834,0.173839,calls/second,milliseconds
1779195804,2,3.000000,1.500000,0.000000,1.500000,3.000000,3.000000,3.000000,3.000000,3.000000,3.000000,0.002635,0.000001,0.032834,0.173839,calls/second,milliseconds
1779195805,2,3.000000,1.500000,0.000000,1.500000,3.000000,3.000000,3.000000,3.000000,3.000000,3.000000,0.002632,0.000001,0.032834,0.173839,calls/second,milliseconds
1779195806,2,3.000000,1.500000,0.000000,1.500000,3.000000,3.000000,3.000000,3.000000,3.000000,3.000000,0.002628,0.000001,0.032291,0.172876,calls/second,milliseconds
1779195807,2,3.000000,1.500000,0.000000,1.500000,3.000000,3.000000,3.000000,3.000000,3.000000,3.000000,0.002625,0.000001,0.032291,0.172876,calls/second,milliseconds
1779195808,2,3.000000,1.500000,0.000000,1.500000,3.000000,3.000000,3.000000,3.000000,3.000000,3.000000,0.002621,0.000001,0.032291,0.172876,calls/second,milliseconds
1779195809,2,3.000000,1.500000,0.000000,1.500000,3.000000,3.000000,3.000000,3.000000,3.000000,3.000000,0.002618,0.000001,0.032291,0.172876,calls/second,milliseconds
1779195810,2,3.000000,1.500000,0.000000,1.500000,3.000000,3.000000,3.000000,3.000000,3.000000,3.000000,0.002615,0.000001,0.032291,0.172876,calls/second,milliseconds
1779195811,2,3.000000,1.500000,0.000000,1.500000,3.000000,3.000000,3.000000,3.000000,3.000000,3.000000,0.002611,0.000001,0.031758,0.171918,calls/second,milliseconds
1779195812,2,3.000000,1.500000,0.000000,1.500000,3.000000,3.000000,3.000000,3.000000,3.000000,3.000000,0.002608,0.000001,0.031758,0.171918,calls/second,milliseconds
1779195813,2,3.000000,1.500000,0.000000,1.500000,3.000000,3.000000,3.000000,3.000000,3.000000,3.000000,0.002604,0.000001,0.031758,0.171918,calls/second,milliseconds
1779195814,2,3.000000,1.500000,0.000000,1.500000,3.000000,3.000000,3.000000,3.000000,3.000000,3.000000,0.002601,0.000001,0.031758,0.171918,calls/second,milliseconds
1779195815,2,3.000000,1.500000,0.000000,1.500000,3.000000,3.000000,3.000000,3.000000,3.000000,3.000000,0.002598,0.000001,0.031758,0.171918,calls/second,milliseconds
1779195816,2,3.000000,1.500000,0.000000,1.500000,3.000000,3.000000,3.000000,3.000000,3.000000,3.000000,0.002594,0.000001,0.031233,0.170966,calls/second,milliseconds
1779195817,2,3.000000,1.500000,0.000000,1.500000,3.000000,3.000000,3.000000,3.000000,3.000000,3.000000,0.002591,0.000001,0.031233,0.170966,calls/second,milliseconds
1779195818,2,3.000000,1.500000,0.000000,1.500000,3.000000,3.000000,3.000000,3.000000,3.000000,3.000000,0.002587,0.000001,0.031233,0.170966,calls/second,milliseconds
1779195819,2,3.000000,1.500000,0.000000,1.500000,3.000000,3.000000,3.000000,3.000000,3.000000,3.000000,0.002584,0.000001,0.031233,0.170966,calls/second,milliseconds
1779195820,2,3.000000,1.500000,0.000000,1.500000,3.000000,3.000000,3.000000,3.000000,3.000000,3.000000,0.002581,0.000001,0.031233,0.170966,calls/second,milliseconds
1779195821,2,3.000000,1.500000,0.000000,1.500000,3.000000,3.000000,3.000000,3.000000,3.000000,3.000000,0.002577,0.000001,0.030716,0.170019,calls/second,milliseconds
1779195822,2,3.000000,1.500000,0.000000,1.500000,3.000000,3.000000,3.000000,3.000000,3.000000,3.000000,0.002574,0.000001,0.030716,0.170019,calls/second,milliseconds
1779195823,2,3.000000,1.500000,0.000000,1.500000,3.000000,3.000000,3.000000,3.000000,3.000000,3.000000,0.002571,0.000001,0.030716,0.170019,calls/second,milliseconds
1779195824,2,3.000000,1.500000,0.000000,1.500000,3.000000,3.000000,3.000000,3.000000,3.000000,3.000000,0.002567,0.000001,0.030716,0.170019,calls/second,milliseconds
1779195825,2,3.000000,1.500000,0.000000,1.500000,3.000000,3.000000,3.000000,3.000000,3.000000,3.000000,0.002564,0.000001,0.030716,0.170019,calls/second,milliseconds
1779195826,2,3.000000,1.500000,0.000000,1.500000,3.000000,3.000000,3.000000,3.000000,3.000000,3.000000,0.002561,0.000001,0.030209,0.169077,calls/second,milliseconds
1779195827,2,3.000000,1.500000,0.000000,1.500000,3.000000,3.000000,3.000000,3.000000,3.000000,3.000000,0.002558,0.000001,0.030209,0.169077,calls/second,milliseconds
1779195828,2,3.000000,1.500000,0.000000,1.500000,3.000000,3.000000,3.000000,3.000000,3.000000,3.000000,0.002554,0.000001,0.030209,0.169077,calls/second,milliseconds
1779195829,2,3.000000,1.500000,0.000000,1.500000,3.000000,3.000000,3.000000,3.000000,3.000000,3.000000,0.002551,0.000001,0.030209,0.169077,calls/second,milliseconds
1779195830,2,3.000000,1.500000,0.000000,1.500000,3.000000,3.000000,3.000000,3.000000,3.000000,3.000000,0.002548,0.000001,0.030209,0.169077,calls/second,milliseconds
1779195831,2,3.000000,1.500000,0.000000,1.500000,3.000000,3.000000,3.000000,3.000000,3.000000,3.000000,0.002545,0.000001,0.029709,0.168140,calls/second,milliseconds
1779195832,2,3.000000,1.500000,0.000000,1.500000,3.000000,3.000000,3.000000,3.000000,3.000000,3.000000,0.002541,0.000001,0.029709,0.168140,calls/second,milliseconds
1779195833,2,3.000000,1.500000,0.000000,1.500000,3.000000,3.000000,3.000000,3.000000,3.000000,3.000000,0.002538,0.000001,0.029709,0.168140,calls/second,milliseconds
1779195834,2,3.000000,1.500000,0.000000,1.500000,3.000000,3.000000,3.000000,3.000000,3.000000,3.000000,0.002535,0.000001,0.029709,0.168140,calls/second,milliseconds
1779195835,2,3.000000,1.500000,0.000000,1.500000,3.000000,3.000000,3.000000,3.000000,3.000000,3.000000,0.002532,0.000001,0.029709,0.168140,calls/second,milliseconds
1779195836,2,3.000000,1.500000,0.000000,1.500000,3.000000,3.000000,3.000000,3.000000,3.000000,3.000000,0.002528,0.000001,0.029218,0.167209,calls/second,milliseconds
1779195837,2,3.000000,1.500000,0.000000,1.500000,3.000000,3.000000,3.000000,3.000000,3.000000,3.000000,0.002525,0.000001,0.029218,0.167209,calls/second,milliseconds
1779195838,2,3.000000,1.500000,0.000000,1.500000,3.000000,3.000000,3.000000,3.000000,3.000000,3.000000,0.002522,0.000001,0.029218,0.167209,calls/second,milliseconds
1779195839,2,3.000000,1.500000,0.000000,1.500000,3.000000,3.000000,3.000000,3.000000,3.000000,3.000000,0.002519,0.000001,0.029218,0.167209,calls/second,milliseconds
1779195840,2,3.000000,1.500000,0.000000,1.500000,3.000000,3.000000,3.000000,3.000000,3.000000,3.000000,0.002516,0.000001,0.029218,0.167209,calls/second,milliseconds
1779195841,2,3.000000,1.500000,0.000000,1.500000,3.000000,3.000000,3.000000,3.000000,3.000000,3.000000,0.002513,0.000001,0.028735,0.166282,calls/second,milliseconds
1779195842,2,3.000000,1.500000,0.000000,1.500000,3.000000,3.000000,3.000000,3.000000,3.000000,3.000000,0.002509,0.000001,0.028735,0.166282,calls/second,milliseconds
1779195843,2,3.000000,1.500000,0.000000,1.500000,3.000000,3.000000,3.000000,3.000000,3.000000,3.000000,0.002506,0.000001,0.028735,0.166282,calls/second,milliseconds
1779195844,2,3.000000,1.500000,0.000000,1.500000,3.000000,3.000000,3.000000,3.000000,3.000000,3.000000,0.002503,0.000001,0.028735,0.166282,calls/second,milliseconds
1779195845,2,3.000000,1.500000,0.000000,1.500000,3.000000,3.000000,3.000000,3.000000,3.000000,3.000000,0.002500,0.000001,0.028735,0.166282,calls/second,milliseconds
1779195846,2,3.000000,1.500000,0.000000,1.500000,3.000000,3.000000,3.000000,3.000000,3.000000,3.000000,0.002497,0.000001,0.028260,0.165361,calls/second,milliseconds
1779195847,2,3.000000,1.500000,0.000000,1.500000,3.000000,3.000000,3.000000,3.000000,3.000000,3.000000,0.002494,0.000001,0.028260,0.165361,calls/second,milliseconds
1779195848,2,3.000000,1.500000,0.000000,1.500000,3.000000,3.000000,3.000000,3.000000,3.000000,3.000000,0.002491,0.000001,0.028260,0.165361,calls/second,milliseconds
1779195849,2,3.000000,1.500000,0.000000,1.500000,3.000000,3.000000,3.000000,3.000000,3.000000,3.000000,0.002488,0.000001,0.028260,0.165361,calls/second,milliseconds
1779195850,2,3.000000,1.500000,0.000000,1.500000,3.000000,3.000000,3.000000,3.000000,3.000000,3.000000,0.002484,0.000001,0.027793,0.164445,calls/second,milliseconds
1779195851,2,3.000000,1.500000,0.000000,1.500000,3.000000,3.000000,3.000000,3.000000,3.000000,3.000000,0.002481,0.000001,0.027793,0.164445,calls/second,milliseconds
1779195852,2,3.000000,1.500000,0.000000,1.500000,3.000000,3.000000,3.000000,3.000000,3.000000,3.000000,0.002478,0.000001,0.027793,0.164445,calls/second,milliseconds
1779195853,2,3.000000,1.500000,0.000000,1.500000,3.000000,3.000000,3.000000,3.000000,3.000000,3.000000,0.002475,0.000001,0.027793,0.164445,calls/second,milliseconds
1779195854,2,3.000000,1.500000,0.000000,1.500000,3.000000,3.000000,3.000000,3.000000,3.000000,3.000000,0.002472,0.000001,0.027793,0.164445,calls/second,milliseconds
1779195855,2,3.000000,1.500000,0.000000,1.500000,3.000000,3.000000,3.000000,3.000000,3.000000,3.000000,0.002469,0.000001,0.027334,0.163534,calls/second,milliseconds
1779195856,2,3.000000,1.500000,0.000000,1.500000,3.000000,3.000000,3.000000,3.000000,3.000000,3.000000,0.002466,0.000001,0.027334,0.163534,calls/second,milliseconds
1779195857,2,3.000000,1.500000,0.000000,1.500000,3.000000,3.000000,3.000000,3.000000,3.000000,3.000000,0.002463,0.000001,0.027334,0.163534,calls/second,milliseconds
1779195858,2,3.000000,1.500000,0.000000,1.500000,3.000000,3.000000,3.000000,3.000000,3.000000,3.000000,0.002460,0.000001,0.027334,0.163534,calls/second,milliseconds
1779195859,2,3.000000,1.500000,0.000000,1.500000,3.000000,3.000000,3.000000,3.000000,3.000000,3.000000,0.002457,0.000001,0.027334,0.163534,calls/second,milliseconds
1779195860,2,3.000000,1.500000,0.000000,1.500000,3.000000,3.000000,3.000000,3.000000,3.000000,3.000000,0.002454,0.000001,0.026882,0.162628,calls/second,milliseconds
1779195861,2,3.000000,1.500000,0.000000,1.500000,3.000000,3.000000,3.000000,3.000000,3.000000,3.000000,0.002451,0.000001,0.026882,0.162628,calls/second,milliseconds
1779195862,2,3.000000,1.500000,0.000000,1.500000,3.000000,3.000000,3.000000,3.000000,3.000000,3.000000,0.002448,0.000001,0.026882,0.162628,calls/second,milliseconds
1779195863,2,3.000000,1.500000,0.000000,1.500000,3.000000,3.000000,3.000000,3.000000,3.000000,3.000000,0.002445,0.000001,0.026882,0.162628,calls/second,milliseconds
1779195864,2,3.000000,1.500000,0.000000,1.500000,3.000000,3.000000,3.000000,3.000000,3.000000,3.000000,0.002442,0.000001,0.026882,0.162628,calls/second,milliseconds
1779195865,2,3.000000,1.500000,0.000000,1.500000,3.000000,3.000000,3.000000,3.000000,3.000000,3.000000,0.002439,0.000001,0.026438,0.161727,calls/second,milliseconds
1779195866,2,3.000000,1.500000,0.000000,1.500000,3.000000,3.000000,3.000000,3.000000,3.000000,3.000000,0.002436,0.000001,0.026438,0.161727,calls/second,milliseconds
1779195867,2,3.000000,1.500000,0.000000,1.500000,3.000000,3.000000,3.000000,3.000000,3.000000,3.000000,0.002433,0.000001,0.026438,0.161727,calls/second,milliseconds
1779195868,2,3.000000,1.500000,0.000000,1.500000,3.000000,3.000000,3.000000,3.000000,3.000000,3.000000,0.002430,0.000001,0.026438,0.161727,calls/second,milliseconds
1779195869,2,3.000000,1.500000,0.000000,1.500000,3.000000,3.000000,3.000000,3.000000,3.000000,3.000000,0.002427,0.000001,0.026438,0.161727,calls/second,milliseconds
1779195870,2,3.000000,1.500000,0.000000,1.500000,3.000000,3.000000,3.000000,3.000000,3.000000,3.000000,0.002424,0.000000,0.026001,0.160831,calls/second,milliseconds
1779195871,2,3.000000,1.500000,0.000000,1.500000,3.000000,3.000000,3.000000,3.000000,3.000000,3.000000,0.002421,0.000000,0.026001,0.160831,calls/second,milliseconds
1779195872,2,3.000000,1.500000,0.000000,1.500000,3.000000,3.000000,3.000000,3.000000,3.000000,3.000000,0.002418,0.000000,0.026001,0.160831,calls/second,milliseconds
1779195873,2,3.000000,1.500000,0.000000,1.500000,3.000000,3.000000,3.000000,3.000000,3.000000,3.000000,0.002415,0.000000,0.026001,0.160831,calls/second,milliseconds
1779195874,2,3.000000,1.500000,0.000000,1.500000,3.000000,3.000000,3.000000,3.000000,3.000000,3.000000,0.002412,0.000000,0.026001,0.160831,calls/second,milliseconds
1779195875,2,3.000000,1.500000,0.000000,1.500000,3.000000,3.000000,3.000000,3.000000,3.000000,3.000000,0.002410,0.000000,0.025571,0.159940,calls/second,milliseconds
1779195876,2,3.000000,1.500000,0.000000,1.500000,3.000000,3.000000,3.000000,3.000000,3.000000,3.000000,0.002407,0.000000,0.025571,0.159940,calls/second,milliseconds
1779195877,2,3.000000,1.500000,0.000000,1.500000,3.000000,3.000000,3.000000,3.000000,3.000000,3.000000,0.002404,0.000000,0.025571,0.159940,calls/second,milliseconds
1779195878,2,3.000000,1.500000,0.000000,1.500000,3.000000,3.000000,3.000000,3.000000,3.000000,3.000000,0.002401,0.000000,0.025571,0.159940,calls/second,milliseconds
1779195879,2,3.000000,1.500000,0.000000,1.500000,3.000000,3.000000,3.000000,3.000000,3.000000,3.000000,0.002398,0.000000,0.025571,0.159940,calls/second,milliseconds
1779195880,2,3.000000,1.500000,0.000000,1.500000,3.000000,3.000000,3.000000,3.000000,3.000000,3.000000,0.002395,0.000000,0.025148,0.159054,calls/second,milliseconds
1779195881,2,3.000000,1.500000,0.000000,1.500000,3.000000,3.000000,3.000000,3.000000,3.000000,3.000000,0.002392,0.000000,0.025148,0.159054,calls/second,milliseconds
1779195882,2,3.000000,1.500000,0.000000,1.500000,3.000000,3.000000,3.000000,3.000000,3.000000,3.000000,0.002389,0.000000,0.025148,0.159054,calls/second,milliseconds
1779195883,2,3.000000,1.500000,0.000000,1.500000,3.000000,3.000000,3.000000,3.000000,3.000000,3.000000,0.002386,0.000000,0.025148,0.159054,calls/second,milliseconds
1779195884,2,3.000000,1.500000,0.000000,1.500000,3.000000,3.000000,3.000000,3.000000,3.000000,3.000000,0.002384,0.000000,0.025148,0.159054,calls/second,milliseconds
1779195885,2,3.000000,1.500000,0.000000,1.500000,3.000000,3.000000,3.000000,3.000000,3.000000,3.000000,0.002381,0.000000,0.024733,0.158173,calls/second,milliseconds
1779195886,2,3.000000,1.500000,0.000000,1.500000,3.000000,3.000000,3.000000,3.000000,3.000000,3.000000,0.002378,0.000000,0.024733,0.158173,calls/second,milliseconds
1779195887,2,3.000000,1.500000,0.000000,1.500000,3.000000,3.000000,3.000000,3.000000,3.000000,3.000000,0.002375,0.000000,0.024733,0.158173,calls/second,milliseconds
1779195888,2,3.000000,1.500000,0.000000,1.500000,3.000000,3.000000,3.000000,3.000000,3.000000,3.000000,0.002372,0.000000,0.024733,0.158173,calls/second,milliseconds
1779195889,2,3.000000,1.500000,0.000000,1.500000,3.000000,3.000000,3.000000,3.000000,3.000000,3.000000,0.002369,0.000000,0.024733,0.158173,calls/second,milliseconds
1779195890,2,3.000000,1.500000,0.000000,1.500000,3.000000,3.000000,3.000000,3.000000,3.000000,3.000000,0.002367,0.000000,0.024324,0.157296,calls/second,milliseconds
1779195891,2,3.000000,1.500000,0.000000,1.500000,3.000000,3.000000,3.000000,3.000000,3.000000,3.000000,0.002364,0.000000,0.024324,0.157296,calls/second,milliseconds
1779195892,2,3.000000,1.500000,0.000000,1.500000,3.000000,3.000000,3.000000,3.000000,3.000000,3.000000,0.002361,0.000000,0.024324,0.157296,calls/second,milliseconds
1779195893,2,3.000000,1.500000,0.000000,1.500000,3.000000,3.000000,3.000000,3.000000,3.000000,3.000000,0.002358,0.000000,0.024324,0.157296,calls/second,milliseconds
1779195894,2,3.000000,1.500000,0.000000,1.500000,3.000000,3.000000,3.000000,3.000000,3.000000,3.000000,0.002356,0.000000,0.024324,0.157296,calls/second,milliseconds
1779195895,2,3.000000,1.500000,0.000000,1.500000,3.000000,3.000000,3.000000,3.000000,3.000000,3.000000,0.002353,0.000000,0.023922,0.156425,calls/second,milliseconds
1779195896,2,3.000000,1.500000,0.000000,1.500000,3.000000,3.000000,3.000000,3.000000,3.000000,3.000000,0.002350,0.000000,0.023922,0.156425,calls/second,milliseconds
1779195897,2,3.000000,1.500000,0.000000,1.500000,3.000000,3.000000,3.000000,3.000000,3.000000,3.000000,0.002347,0.000000,0.023922,0.156425,calls/second,milliseconds
1779195898,2,3.000000,1.500000,0.000000,1.500000,3.000000,3.000000,3.000000,3.000000,3.000000,3.000000,0.002344,0.000000,0.023922,0.156425,calls/second,milliseconds
1779195899,2,3.000000,1.500000,0.000000,1.500000,3.000000,3.000000,3.000000,3.000000,3.000000,3.000000,0.002342,0.000000,0.023922,0.156425,calls/second,milliseconds
1779195900,2,3.000000,1.500000,0.000000,1.500000,3.000000,3.000000,3.000000,3.000000,3.000000,3.000000,0.002339,0.000000,0.023527,0.155558,calls/second,milliseconds
1779195901,2,3.000000,1.500000,0.000000,1.500000,3.000000,3.000000,3.000000,3.000000,3.000000,3.000000,0.002336,0.000000,0.023527,0.155558,calls/second,milliseconds
1779195902,2,3.000000,1.500000,0.000000,1.500000,3.000000,3.000000,3.000000,3.000000,3.000000,3.000000,0.002333,0.000000,0.023527,0.155558,calls/second,milliseconds
1779195903,2,3.000000,1.500000,0.000000,1.500000,3.000000,3.000000,3.000000,3.000000,3.000000,3.000000,0.002331,0.000000,0.023527,0.155558,calls/second,milliseconds
1779195904,2,3.000000,1.500000,0.000000,1.500000,3.000000,3.000000,3.000000,3.000000,3.000000,3.000000,0.002328,0.000000,0.023527,0.155558,calls/second,milliseconds
1779195905,2,3.000000,1.500000,0.000000,1.500000,3.000000,3.000000,3.000000,3.000000,3.000000,3.000000,0.002325,0.000000,0.023138,0.154696,calls/second,milliseconds
1779195906,2,3.000000,1.500000,0.000000,1.500000,3.000000,3.000000,3.000000,3.000000,3.000000,3.000000,0.002323,0.000000,0.023138,0.154696,calls/second,milliseconds
1779195907,2,3.000000,1.500000,0.000000,1.500000,3.000000,3.000000,3.000000,3.000000,3.000000,3.000000,0.002320,0.000000,0.023138,0.154696,calls/second,milliseconds
1779195908,2,3.000000,1.500000,0.000000,1.500000,3.000000,3.000000,3.000000,3.000000,3.000000,3.000000,0.002317,0.000000,0.023138,0.154696,calls/second,milliseconds
1779195909,2,3.000000,1.500000,0.000000,1.500000,3.000000,3.000000,3.000000,3.000000,3.000000,3.000000,0.002315,0.000000,0.023138,0.154696,calls/second,milliseconds
1779195910,2,3.000000,1.500000,0.000000,1.500000,3.000000,3.000000,3.000000,3.000000,3.000000,3.000000,0.002312,0.000000,0.022755,0.153839,calls/second,milliseconds
1779195911,2,3.000000,1.500000,0.000000,1.500000,3.000000,3.000000,3.000000,3.000000,3.000000,3.000000,0.002309,0.000000,0.022755,0.153839,calls/second,milliseconds
1779195912,2,3.000000,1.500000,0.000000,1.500000,3.000000,3.000000,3.000000,3.000000,3.000000,3.000000,0.002307,0.000000,0.022755,0.153839,calls/second,milliseconds
1779195913,2,3.000000,1.500000,0.000000,1.500000,3.000000,3.000000,3.000000,3.000000,3.000000,3.000000,0.002304,0.000000,0.022755,0.153839,calls/second,milliseconds
1779195914,2,3.000000,1.500000,0.000000,1.500000,3.000000,3.000000,3.000000,3.000000,3.000000,3.000000,0.002301,0.000000,0.022755,0.153839,calls/second,milliseconds
1779195915,2,3.000000,1.500000,0.000000,1.500000,3.000000,3.000000,3.000000,3.000000,3.000000,3.000000,0.002299,0.000000,0.022379,0.152987,calls/second,milliseconds
1779195916,2,3.000000,1.500000,0.000000,1.500000,3.000000,3.000000,3.000000,3.000000,3.000000,3.000000,0.002296,0.000000,0.022379,0.152987,calls/second,milliseconds
1779195917,2,3.000000,1.500000,0.000000,1.500000,3.000000,3.000000,3.000000,3.000000,3.000000,3.000000,0.002293,0.000000,0.022379,0.152987,calls/second,milliseconds
1779195918,2,3.000000,1.500000,0.000000,1.500000,3.000000,3.000000,3.000000,3.000000,3.000000,3.000000,0.002291,0.000000,0.022379,0.152987,calls/second,milliseconds
1779195919,2,3.000000,1.500000,0.000000,1.500000,3.000000,3.000000,3.000000,3.000000,3.000000,3.000000,0.002288,0.000000,0.022379,0.152987,calls/second,milliseconds
1779195920,2,3.000000,1.500000,0.000000,1.500000,3.000000,3.000000,3.000000,3.000000,3.000000,3.000000,0.002285,0.000000,0.022009,0.152140,calls/second,milliseconds
1779195921,2,3.000000,1.500000,0.000000,1.500000,3.000000,3.000000,3.000000,3.000000,3.000000,3.000000,0.002283,0.000000,0.022009,0.152140,calls/second,milliseconds
1779195922,2,3.000000,1.500000,0.000000,1.500000,3.000000,3.000000,3.000000,3.000000,3.000000,3.000000,0.002280,0.000000,0.022009,0.152140,calls/second,milliseconds
1779195923,2,3.000000,1.500000,0.000000,1.500000,3.000000,3.000000,3.000000,3.000000,3.000000,3.000000,0.002278,0.000000,0.022009,0.152140,calls/second,milliseconds
1779195924,2,3.000000,1.500000,0.000000,1.500000,3.000000,3.000000,3.000000,3.000000,3.000000,3.000000,0.002275,0.000000,0.022009,0.152140,calls/second,milliseconds
1779195925,2,3.000000,1.500000,0.000000,1.500000,3.000000,3.000000,3.000000,3.000000,3.000000,3.000000,0.002272,0.000000,0.021646,0.151297,calls/second,milliseconds
1779195926,2,3.000000,1.500000,0.000000,1.500000,3.000000,3.000000,3.000000,3.000000,3.000000,3.000000,0.002270,0.000000,0.021646,0.151297,calls/second,milliseconds
1779195927,2,3.000000,1.500000,0.000000,1.500000,3.000000,3.000000,3.000000,3.000000,3.000000,3.000000,0.002267,0.000000,0.021646,0.151297,calls/second,milliseconds
1779195928,2,3.000000,1.500000,0.000000,1.500000,3.000000,3.000000,3.000000,3.000000,3.000000,3.000000,0.002265,0.000000,0.021646,0.151297,calls/second,milliseconds
1779195929,2,3.000000,1.500000,0.000000,1.500000,3.000000,3.000000,3.000000,3.000000,3.000000,3.000000,0.002262,0.000000,0.021646,0.151297,calls/second,milliseconds
1779195930,2,3.000000,1.500000,0.000000,1.500000,3.000000,3.000000,3.000000,3.000000,3.000000,3.000000,0.002260,0.000000,0.021288,0.150458,calls/second,milliseconds
1779195931,2,3.000000,1.500000,0.000000,1.500000,3.000000,3.000000,3.000000,3.000000,3.000000,3.000000,0.002257,0.000000,0.021288,0.150458,calls/second,milliseconds
1779195932,2,3.000000,1.500000,0.000000,1.500000,3.000000,3.000000,3.000000,3.000000,3.000000,3.000000,0.002254,0.000000,0.021288,0.150458,calls/second,milliseconds
1779195933,2,3.000000,1.500000,0.000000,1.500000,3.000000,3.000000,3.000000,3.000000,3.000000,3.000000,0.002252,0.000000,0.021288,0.150458,calls/second,milliseconds
1779195934,2,3.000000,1.500000,0.000000,1.500000,3.000000,3.000000,3.000000,3.000000,3.000000,3.000000,0.002249,0.000000,0.021288,0.150458,calls/second,milliseconds
1779195935,2,3.000000,1.500000,0.000000,1.500000,3.000000,3.000000,3.000000,3.000000,3.000000,3.000000,0.002247,0.000000,0.020936,0.149625,calls/second,milliseconds
1779195936,2,3.000000,1.500000,0.000000,1.500000,3.000000,3.000000,3.000000,3.000000,3.000000,3.000000,0.002244,0.000000,0.020936,0.149625,calls/second,milliseconds
1779195937,2,3.000000,1.500000,0.000000,1.500000,3.000000,3.000000,3.000000,3.000000,3.000000,3.000000,0.002242,0.000000,0.020936,0.149625,calls/second,milliseconds
1779195938,2,3.000000,1.500000,0.000000,1.500000,3.000000,3.000000,3.000000,3.000000,3.000000,3.000000,0.002239,0.000000,0.020936,0.149625,calls/second,milliseconds
1779195939,2,3.000000,1.500000,0.000000,1.500000,3.000000,3.000000,3.000000,3.000000,3.000000,3.000000,0.002237,0.000000,0.020936,0.149625,calls/second,milliseconds
1779195940,2,3.000000,1.500000,0.000000,1.500000,3.000000,3.000000,3.000000,3.000000,3.000000,3.000000,0.002234,0.000000,0.020590,0.148796,calls/second,milliseconds
1779195941,2,3.000000,1.500000,0.000000,1.500000,3.000000,3.000000,3.000000,3.000000,3.000000,3.000000,0.002232,0.000000,0.020590,0.148796,calls/second,milliseconds
1779195942,2,3.000000,1.500000,0.000000,1.500000,3.000000,3.000000,3.000000,3.000000,3.000000,3.000000,0.002229,0.000000,0.020590,0.148796,calls/second,milliseconds
1779195943,2,3.000000,1.500000,0.000000,1.500000,3.000000,3.000000,3.000000,3.000000,3.000000,3.000000,0.002227,0.000000,0.020590,0.148796,calls/second,milliseconds
1779195944,2,3.000000,1.500000,0.000000,1.500000,3.000000,3.000000,3.000000,3.000000,3.000000,3.000000,0.002224,0.000000,0.020590,0.148796,calls/second,milliseconds
1779195945,2,3.000000,1.500000,0.000000,1.500000,3.000000,3.000000,3.000000,3.000000,3.000000,3.000000,0.002222,0.000000,0.020250,0.147972,calls/second,milliseconds
1779195946,2,3.000000,1.500000,0.000000,1.500000,3.000000,3.000000,3.000000,3.000000,3.000000,3.000000,0.002219,0.000000,0.020250,0.147972,calls/second,milliseconds
1779195947,2,3.000000,1.500000,0.000000,1.500000,3.000000,3.000000,3.000000,3.000000,3.000000,3.000000,0.002217,0.000000,0.020250,0.147972,calls/second,milliseconds
1779195948,2,3.000000,1.500000,0.000000,1.500000,3.000000,3.000000,3.000000,3.000000,3.000000,3.000000,0.002214,0.000000,0.020250,0.147972,calls/second,milliseconds
1779195949,2,3.000000,1.500000,0.000000,1.500000,3.000000,3.000000,3.000000,3.000000,3.000000,3.000000,0.002212,0.000000,0.020250,0.147972,calls/second,milliseconds
1779195950,2,3.000000,1.500000,0.000000,1.500000,3.000000,3.000000,3.000000,3.000000,3.000000,3.000000,0.002210,0.000000,0.019915,0.147152,calls/second,milliseconds
1779195951,2,3.000000,1.500000,0.000000,1.500000,3.000000,3.000000,3.000000,3.000000,3.000000,3.000000,0.002207,0.000000,0.019915,0.147152,calls/second,milliseconds
1779195952,2,3.000000,1.500000,0.000000,1.500000,3.000000,3.000000,3.000000,3.000000,3.000000,3.000000,0.002205,0.000000,0.019915,0.147152,calls/second,milliseconds
1779195953,2,3.000000,1.500000,0.000000,1.500000,3.000000,3.000000,3.000000,3.000000,3.000000,3.000000,0.002202,0.000000,0.019915,0.147152,calls/second,milliseconds
1779195954,2,3.000000,1.500000,0.000000,1.500000,3.000000,3.000000,3.000000,3.000000,3.000000,3.000000,0.002200,0.000000,0.019915,0.147152,calls/second,milliseconds
1779195955,2,3.000000,1.500000,0.000000,1.500000,3.000000,3.000000,3.000000,3.000000,3.000000,3.000000,0.002197,0.000000,0.019586,0.146337,calls/second,milliseconds
1779195956,2,3.000000,1.500000,0.000000,1.500000,3.000000,3.000000,3.000000,3.000000,3.000000,3.000000,0.002195,0.000000,0.019586,0.146337,calls/second,milliseconds
1779195957,2,3.000000,1.500000,0.000000,1.500000,3.000000,3.000000,3.000000,3.000000,3.000000,3.000000,0.002193,0.000000,0.019586,0.146337,calls/second,milliseconds
1779195958,2,3.000000,1.500000,0.000000,1.500000,3.000000,3.000000,3.000000,3.000000,3.000000,3.000000,0.002190,0.000000,0.019586,0.146337,calls/second,milliseconds
1779195959,2,3.000000,1.500000,0.000000,1.500000,3.000000,3.000000,3.000000,3.000000,3.000000,3.000000,0.002188,0.000000,0.019586,0.146337,calls/second,milliseconds
1779195960,2,3.000000,1.500000,0.000000,1.500000,3.000000,3.000000,3.000000,3.000000,3.000000,3.000000,0.002185,0.000000,0.019262,0.145526,calls/second,milliseconds
1779195961,2,3.000000,1.500000,0.000000,1.500000,3.000000,3.000000,3.000000,3.000000,3.000000,3.000000,0.002183,0.000000,0.019262,0.145526,calls/second,milliseconds
1779195962,2,3.000000,1.500000,0.000000,1.500000,3.000000,3.000000,3.000000,3.000000,3.000000,3.000000,0.002181,0.000000,0.019262,0.145526,calls/second,milliseconds
1779195963,2,3.000000,1.500000,0.000000,1.500000,3.000000,3.000000,3.000000,3.000000,3.000000,3.000000,0.002178,0.000000,0.019262,0.145526,calls/second,milliseconds
1779195964,2,3.000000,1.500000,0.000000,1.500000,3.000000,3.000000,3.000000,3.000000,3.000000,3.000000,0.002176,0.000000,0.019262,0.145526,calls/second,milliseconds
1779195965,2,3.000000,1.500000,0.000000,1.500000,3.000000,3.000000,3.000000,3.000000,3.000000,3.000000,0.002174,0.000000,0.018944,0.144720,calls/second,milliseconds
1779195966,2,3.000000,1.500000,0.000000,1.500000,3.000000,3.000000,3.000000,3.000000,3.000000,3.000000,0.002171,0.000000,0.018944,0.144720,calls/second,milliseconds
1779195967,2,3.000000,1.500000,0.000000,1.500000,3.000000,3.000000,3.000000,3.000000,3.000000,3.000000,0.002169,0.000000,0.018944,0.144720,calls/second,milliseconds
1779195968,2,3.000000,1.500000,0.000000,1.500000,3.000000,3.000000,3.000000,3.000000,3.000000,3.000000,0.002166,0.000000,0.018944,0.144720,calls/second,milliseconds
1779195969,2,3.000000,1.500000,0.000000,1.500000,3.000000,3.000000,3.000000,3.000000,3.000000,3.000000,0.002164,0.000000,0.018944,0.144720,calls/second,milliseconds
1779195970,2,3.000000,1.500000,0.000000,1.500000,3.000000,3.000000,3.000000,3.000000,3.000000,3.000000,0.002162,0.000000,0.018630,0.143918,calls/second,milliseconds
1779195971,2,3.000000,1.500000,0.000000,1.500000,3.000000,3.000000,3.000000,3.000000,3.000000,3.000000,0.002159,0.000000,0.018630,0.143918,calls/second,milliseconds
1779195972,2,3.000000,1.500000,0.000000,1.500000,3.000000,3.000000,3.000000,3.000000,3.000000,3.000000,0.002157,0.000000,0.018630,0.143918,calls/second,milliseconds
1779195973,2,3.000000,1.500000,0.000000,1.500000,3.000000,3.000000,3.000000,3.000000,3.000000,3.000000,0.002155,0.000000,0.018630,0.143918,calls/second,milliseconds
1779195974,2,3.000000,1.500000,0.000000,1.500000,3.000000,3.000000,3.000000,3.000000,3.000000,3.000000,0.002152,0.000000,0.018630,0.143918,calls/second,milliseconds
1779195975,2,3.000000,1.500000,0.000000,1.500000,3.000000,3.000000,3.000000,3.000000,3.000000,3.000000,0.002150,0.000000,0.018323,0.143120,calls/second,milliseconds
1779195976,2,3.000000,1.500000,0.000000,1.500000,3.000000,3.000000,3.000000,3.000000,3.000000,3.000000,0.002148,0.000000,0.018323,0.143120,calls/second,milliseconds
1779195977,2,3.000000,1.500000,0.000000,1.500000,3.000000,3.000000,3.000000,3.000000,3.000000,3.000000,0.002145,0.000000,0.018323,0.143120,calls/second,milliseconds
1779195978,2,3.000000,1.500000,0.000000,1.500000,3.000000,3.000000,3.000000,3.000000,3.000000,3.000000,0.002143,0.000000,0.018323,0.143120,calls/second,milliseconds
1779195979,2,3.000000,1.500000,0.000000,1.500000,3.000000,3.000000,3.000000,3.000000,3.000000,3.000000,0.002141,0.000000,0.018323,0.143120,calls/second,milliseconds
1779195980,2,3.000000,1.500000,0.000000,1.500000,3.000000,3.000000,3.000000,3.000000,3.000000,3.000000,0.002139,0.000000,0.018020,0.142328,calls/second,milliseconds
1779195981,2,3.000000,1.500000,0.000000,1.500000,3.000000,3.000000,3.000000,3.000000,3.000000,3.000000,0.002136,0.000000,0.018020,0.142328,calls/second,milliseconds
1779195982,2,3.000000,1.500000,0.000000,1.500000,3.000000,3.000000,3.000000,3.000000,3.000000,3.000000,0.002134,0.000000,0.018020,0.142328,calls/second,milliseconds
1779195983,2,3.000000,1.500000,0.000000,1.500000,3.000000,3.000000,3.000000,3.000000,3.000000,3.000000,0.002132,0.000000,0.018020,0.142328,calls/second,milliseconds
1779195984,2,3.000000,1.500000,0.000000,1.500000,3.000000,3.000000,3.000000,3.000000,3.000000,3.000000,0.002129,0.000000,0.018020,0.142328,calls/second,milliseconds
1779195985,2,3.000000,1.500000,0.000000,1.500000,3.000000,3.000000,3.000000,3.000000,3.000000,3.000000,0.002127,0.000000,0.017722,0.141539,calls/second,milliseconds
1779195986,2,3.000000,1.500000,0.000000,1.500000,3.000000,3.000000,3.000000,3.000000,3.000000,3.000000,0.002125,0.000000,0.017722,0.141539,calls/second,milliseconds
1779195988,2,3.000000,1.500000,0.000000,1.500000,3.000000,3.000000,3.000000,3.000000,3.000000,3.000000,0.002123,0.000000,0.017722,0.141539,calls/second,milliseconds
1779195989,2,3.000000,1.500000,0.000000,1.500000,3.000000,3.000000,3.000000,3.000000,3.000000,3.000000,0.002120,0.000000,0.017722,0.141539,calls/second,milliseconds
1779195990,2,3.000000,1.500000,0.000000,1.500000,3.000000,3.000000,3.000000,3.000000,3.000000,3.000000,0.002118,0.000000,0.017722,0.141539,calls/second,milliseconds
1779195991,2,3.000000,1.500000,0.000000,1.500000,3.000000,3.000000,3.000000,3.000000,3.000000,3.000000,0.002116,0.000000,0.017429,0.140755,calls/second,milliseconds
1779195992,2,3.000000,1.500000,0.000000,1.500000,3.000000,3.000000,3.000000,3.000000,3.000000,3.000000,0.002114,0.000000,0.017429,0.140755,calls/second,milliseconds
1779195993,2,3.000000,1.500000,0.000000,1.500000,3.000000,3.000000,3.000000,3.000000,3.000000,3.000000,0.002111,0.000000,0.017429,0.140755,calls/second,milliseconds
1779195994,2,3.000000,1.500000,0.000000,1.500000,3.000000,3.000000,3.000000,3.000000,3.000000,3.000000,0.002109,0.000000,0.017429,0.140755,calls/second,milliseconds
1779195995,2,3.000000,1.500000,0.000000,1.500000,3.000000,3.000000,3.000000,3.000000,3.000000,3.000000,0.002107,0.000000,0.017429,0.140755,calls/second,milliseconds
1779195996,2,3.000000,1.500000,0.000000,1.500000,3.000000,3.000000,3.000000,3.000000,3.000000,3.000000,0.002105,0.000000,0.017141,0.139975,calls/second,milliseconds
1779195997,2,3.000000,1.500000,0.000000,1.500000,3.000000,3.000000,3.000000,3.000000,3.000000,3.000000,0.002103,0.000000,0.017141,0.139975,calls/second,milliseconds
1779195998,2,3.000000,1.500000,0.000000,1.500000,3.000000,3.000000,3.000000,3.000000,3.000000,3.000000,0.002100,0.000000,0.017141,0.139975,calls/second,milliseconds
1779195999,2,3.000000,1.500000,0.000000,1.500000,3.000000,3.000000,3.000000,3.000000,3.000000,3.000000,0.002098,0.000000,0.017141,0.139975,calls/second,milliseconds
1779196000,2,3.000000,1.500000,0.000000,1.500000,3.000000,3.000000,3.000000,3.000000,3.000000,3.000000,0.002096,0.000000,0.017141,0.139975,calls/second,milliseconds
1779196001,2,3.000000,1.500000,0.000000,1.500000,3.000000,3.000000,3.000000,3.000000,3.000000,3.000000,0.002094,0.000000,0.016858,0.139200,calls/second,milliseconds
1779196002,2,3.000000,1.500000,0.000000,1.500000,3.000000,3.000000,3.000000,3.000000,3.000000,3.000000,0.002092,0.000000,0.016858,0.139200,calls/second,milliseconds
1779196003,2,3.000000,1.500000,0.000000,1.500000,3.000000,3.000000,3.000000,3.000000,3.000000,3.000000,0.002089,0.000000,0.016858,0.139200,calls/second,milliseconds
1779196004,2,3.000000,1.500000,0.000000,1.500000,3.000000,3.000000,3.000000,3.000000,3.000000,3.000000,0.002087,0.000000,0.016858,0.139200,calls/second,milliseconds
1779196005,2,3.000000,1.500000,0.000000,1.500000,3.000000,3.000000,3.000000,3.000000,3.000000,3.000000,0.002085,0.000000,0.016858,0.139200,calls/second,milliseconds
1779196006,2,3.000000,1.500000,0.000000,1.500000,3.000000,3.000000,3.000000,3.000000,3.000000,3.000000,0.002083,0.000000,0.016579,0.138428,calls/second,milliseconds
1779196007,2,3.000000,1.500000,0.000000,1.500000,3.000000,3.000000,3.000000,3.000000,3.000000,3.000000,0.002081,0.000000,0.016579,0.138428,calls/second,milliseconds
1779196008,2,3.000000,1.500000,0.000000,1.500000,3.000000,3.000000,3.000000,3.000000,3.000000,3.000000,0.002079,0.000000,0.016579,0.138428,calls/second,milliseconds
1779196009,2,3.000000,1.500000,0.000000,1.500000,3.000000,3.000000,3.000000,3.000000,3.000000,3.000000,0.002076,0.000000,0.016579,0.138428,calls/second,milliseconds
1779196010,2,3.000000,1.500000,0.000000,1.500000,3.000000,3.000000,3.000000,3.000000,3.000000,3.000000,0.002074,0.000000,0.016579,0.138428,calls/second,milliseconds
1779196011,2,3.000000,1.500000,0.000000,1.500000,3.000000,3.000000,3.000000,3.000000,3.000000,3.000000,0.002072,0.000000,0.016305,0.137662,calls/second,milliseconds
1779196012,2,3.000000,1.500000,0.000000,1.500000,3.000000,3.000000,3.000000,3.000000,3.000000,3.000000,0.002070,0.000000,0.016305,0.137662,calls/second,milliseconds
1779196013,2,3.000000,1.500000,0.000000,1.500000,3.000000,3.000000,3.000000,3.000000,3.000000,3.000000,0.002068,0.000000,0.016305,0.137662,calls/second,milliseconds
1779196014,2,3.000000,1.500000,0.000000,1.500000,3.000000,3.000000,3.000000,3.000000,3.000000,3.000000,0.002066,0.000000,0.016305,0.137662,calls/second,milliseconds
1779196015,2,3.000000,1.500000,0.000000,1.500000,3.000000,3.000000,3.000000,3.000000,3.000000,3.000000,0.002063,0.000000,0.016305,0.137662,calls/second,milliseconds
1779196016,2,3.000000,1.500000,0.000000,1.500000,3.000000,3.000000,3.000000,3.000000,3.000000,3.000000,0.002061,0.000000,0.016035,0.136899,calls/second,milliseconds
1779196017,2,3.000000,1.500000,0.000000,1.500000,3.000000,3.000000,3.000000,3.000000,3.000000,3.000000,0.002059,0.000000,0.016035,0.136899,calls/second,milliseconds
1779196018,2,3.000000,1.500000,0.000000,1.500000,3.000000,3.000000,3.000000,3.000000,3.000000,3.000000,0.002057,0.000000,0.016035,0.136899,calls/second,milliseconds
1779196019,2,3.000000,1.500000,0.000000,1.500000,3.000000,3.000000,3.000000,3.000000,3.000000,3.000000,0.002055,0.000000,0.016035,0.136899,calls/second,milliseconds
1779196020,2,3.000000,1.500000,0.000000,1.500000,3.000000,3.000000,3.000000,3.000000,3.000000,3.000000,0.002053,0.000000,0.016035,0.136899,calls/second,milliseconds
1779196021,2,3.000000,1.500000,0.000000,1.500000,3.000000,3.000000,3.000000,3.000000,3.000000,3.000000,0.002051,0.000000,0.015770,0.136140,calls/second,milliseconds
1779196022,2,3.000000,1.500000,0.000000,1.500000,3.000000,3.000000,3.000000,3.000000,3.000000,3.000000,0.002049,0.000000,0.015770,0.136140,calls/second,milliseconds
1779196023,2,3.000000,1.500000,0.000000,1.500000,3.000000,3.000000,3.000000,3.000000,3.000000,3.000000,0.002047,0.000000,0.015770,0.136140,calls/second,milliseconds
1779196024,2,3.000000,1.500000,0.000000,1.500000,3.000000,3.000000,3.000000,3.000000,3.000000,3.000000,0.002044,0.000000,0.015770,0.136140,calls/second,milliseconds
1779196025,2,3.000000,1.500000,0.000000,1.500000,3.000000,3.000000,3.000000,3.000000,3.000000,3.000000,0.002042,0.000000,0.015770,0.136140,calls/second,milliseconds
1779196026,2,3.000000,1.500000,0.000000,1.500000,3.000000,3.000000,3.000000,3.000000,3.000000,3.000000,0.002040,0.000000,0.015510,0.135386,calls/second,milliseconds
1779196027,2,3.000000,1.500000,0.000000,1.500000,3.000000,3.000000,3.000000,3.000000,3.000000,3.000000,0.002038,0.000000,0.015510,0.135386,calls/second,milliseconds
1779196028,2,3.000000,1.500000,0.000000,1.500000,3.000000,3.000000,3.000000,3.000000,3.000000,3.000000,0.002036,0.000000,0.015510,0.135386,calls/second,milliseconds
1779196029,2,3.000000,1.500000,0.000000,1.500000,3.000000,3.000000,3.000000,3.000000,3.000000,3.000000,0.002034,0.000000,0.015510,0.135386,calls/second,milliseconds
1779196030,2,3.000000,1.500000,0.000000,1.500000,3.000000,3.000000,3.000000,3.000000,3.000000,3.000000,0.002032,0.000000,0.015510,0.135386,calls/second,milliseconds
1779196031,2,3.000000,1.500000,0.000000,1.500000,3.000000,3.000000,3.000000,3.000000,3.000000,3.000000,0.002030,0.000000,0.015253,0.134636,calls/second,milliseconds
1779196032,2,3.000000,1.500000,0.000000,1.500000,3.000000,3.000000,3.000000,3.000000,3.000000,3.000000,0.002028,0.000000,0.015253,0.134636,calls/second,milliseconds
