t,count,max,mean,min,stddev,p50,p75,p95,p98,p99,p999,mean_rate,m1_rate,m5_rate,m15_rate,rate_unit,duration_unit
1779276215,0,0.000000,0.000000,0.000000,0.000000,0.000000,0.000000,0.000000,0.000000,0.000000,0.000000,0.000000,0.000000,0.000000,0.000000,calls/second,milliseconds
1779276216,0,0.000000,0.000000,0.000000,0.000000,0.000000,0.000000,0.000000,0.000000,0.000000,0.000000,0.000000,0.000000,0.000000,0.000000,calls/second,milliseconds
1779276217,0,0.000000,0.000000,0.000000,0.000000,0.000000,0.000000,0.000000,0.000000,0.000000,0.000000,0.000000,0.000000,0.000000,0.000000,calls/second,milliseconds
1779276218,0,0.000000,0.000000,0.000000,0.000000,0.000000,0.000000,0.000000,0.000000,0.000000,0.000000,0.000000,0.000000,0.000000,0.000000,calls/second,milliseconds
1779276219,0,0.000000,0.000000,0.000000,0.000000,0.000000,0.000000,0.000000,0.000000,0.000000,0.000000,0.000000,0.000000,0.000000,0.000000,calls/second,milliseconds
1779276220,0,0.000000,0.000000,0.000000,0.000000,0.000000,0.000000,0.000000,0.000000,0.000000,0.000000,0.000000,0.000000,0.000000,0.000000,calls/second,milliseconds
1779276221,0,0.000000,0.000000,0.000000,0.000000,0.000000,0.000000,0.000000,0.000000,0.000000,0.000000,0.000000,0.000000,0.000000,0.000000,calls/second,milliseconds
1779276222,0,0.000000,0.000000,0.000000,0.000000,0.000000,0.000000,0.000000,0.000000,0.000000,0.000000,0.000000,0.000000,0.000000,0.000000,calls/second,milliseconds
1779276223,0,0.000000,0.000000,0.000000,0.000000,0.000000,0.000000,0.000000,0.000000,0.000000,0.000000,0.000000,0.000000,0.000000,0.000000,calls/second,milliseconds
1779276224,0,0.000000,0.000000,0.000000,0.000000,0.000000,0.000000,0.000000,0.000000,0.000000,0.000000,0.000000,0.000000,0.000000,0.000000,calls/second,milliseconds
1779276225,0,0.000000,0.000000,0.000000,0.000000,0.000000,0.000000,0.000000,0.000000,0.000000,0.000000,0.000000,0.000000,0.000000,0.000000,calls/second,milliseconds
1779276226,0,0.000000,0.000000,0.000000,0.000000,0.000000,0.000000,0.000000,0.000000,0.000000,0.000000,0.000000,0.000000,0.000000,0.000000,calls/second,milliseconds
1779276227,0,0.000000,0.000000,0.000000,0.000000,0.000000,0.000000,0.000000,0.000000,0.000000,0.000000,0.000000,0.000000,0.000000,0.000000,calls/second,milliseconds
1779276228,0,0.000000,0.000000,0.000000,0.000000,0.000000,0.000000,0.000000,0.000000,0.000000,0.000000,0.000000,0.000000,0.000000,0.000000,calls/second,milliseconds
1779276229,0,0.000000,0.000000,0.000000,0.000000,0.000000,0.000000,0.000000,0.000000,0.000000,0.000000,0.000000,0.000000,0.000000,0.000000,calls/second,milliseconds
1779276230,0,0.000000,0.000000,0.000000,0.000000,0.000000,0.000000,0.000000,0.000000,0.000000,0.000000,0.000000,0.000000,0.000000,0.000000,calls/second,milliseconds
1779276231,0,0.000000,0.000000,0.000000,0.000000,0.000000,0.000000,0.000000,0.000000,0.000000,0.000000,0.000000,0.000000,0.000000,0.000000,calls/second,milliseconds
1779276232,0,0.000000,0.000000,0.000000,0.000000,0.000000,0.000000,0.000000,0.000000,0.000000,0.000000,0.000000,0.000000,0.000000,0.000000,calls/second,milliseconds
1779276233,0,0.000000,0.000000,0.000000,0.000000,0.000000,0.000000,0.000000,0.000000,0.000000,0.000000,0.000000,0.000000,0.000000,0.000000,calls/second,milliseconds
1779276234,0,0.000000,0.000000,0.000000,0.000000,0.000000,0.000000,0.000000,0.000000,0.000000,0.000000,0.000000,0.000000,0.000000,0.000000,calls/second,milliseconds
1779276235,0,0.000000,0.000000,0.000000,0.000000,0.000000,0.000000,0.000000,0.000000,0.000000,0.000000,0.000000,0.000000,0.000000,0.000000,calls/second,milliseconds
1779276236,0,0.000000,0.000000,0.000000,0.000000,0.000000,0.000000,0.000000,0.000000,0.000000,0.000000,0.000000,0.000000,0.000000,0.000000,calls/second,milliseconds
1779276237,5,2.343537,2.125520,1.781360,0.210896,2.142416,2.338502,2.343537,2.343537,2.343537,2.343537,0.221164,0.000000,0.000000,0.000000,calls/second,milliseconds
1779276238,5,2.343537,2.125520,1.781360,0.210896,2.142416,2.338502,2.343537,2.343537,2.343537,2.343537,0.211771,0.000000,0.000000,0.000000,calls/second,milliseconds
1779276239,5,2.343537,2.125520,1.781360,0.210896,2.142416,2.338502,2.343537,2.343537,2.343537,2.343537,0.203147,0.000000,0.000000,0.000000,calls/second,milliseconds
1779276240,5,2.343537,2.125520,1.781360,0.210896,2.142416,2.338502,2.343537,2.343537,2.343537,2.343537,0.195198,0.079956,0.016529,0.005540,calls/second,milliseconds
1779276241,5,2.343537,2.125520,1.781360,0.210896,2.142416,2.338502,2.343537,2.343537,2.343537,2.343537,0.187845,0.079956,0.016529,0.005540,calls/second,milliseconds
1779276242,5,2.343537,2.125520,1.781360,0.210896,2.142416,2.338502,2.343537,2.343537,2.343537,2.343537,0.181027,0.079956,0.016529,0.005540,calls/second,milliseconds
1779276243,5,2.343537,2.125520,1.781360,0.210896,2.142416,2.338502,2.343537,2.343537,2.343537,2.343537,0.174687,0.079956,0.016529,0.005540,calls/second,milliseconds
1779276244,5,2.343537,2.125520,1.781360,0.210896,2.142416,2.338502,2.343537,2.343537,2.343537,2.343537,0.168778,0.079956,0.016529,0.005540,calls/second,milliseconds
1779276245,5,2.343537,2.125520,1.781360,0.210896,2.142416,2.338502,2.343537,2.343537,2.343537,2.343537,0.163254,0.073563,0.016255,0.005509,calls/second,milliseconds
1779276246,10,2.343537,1.119973,0.228092,0.943954,0.272552,2.142416,2.343537,2.343537,2.343537,2.343537,0.316163,0.073563,0.016255,0.005509,calls/second,milliseconds
1779276247,10,2.343537,1.119973,0.228092,0.943954,0.272552,2.142416,2.343537,2.343537,2.343537,2.343537,0.306448,0.073563,0.016255,0.005509,calls/second,milliseconds
1779276248,15,2.343537,0.748933,0.063042,0.906691,0.265362,1.781360,2.343537,2.343537,2.343537,2.343537,0.445979,0.073563,0.016255,0.005509,calls/second,milliseconds
1779276249,15,2.343537,0.748933,0.063042,0.906691,0.265362,1.781360,2.343537,2.343537,2.343537,2.343537,0.433068,0.073563,0.016255,0.005509,calls/second,milliseconds
1779276250,15,2.343537,0.748933,0.063042,0.906691,0.265362,1.781360,2.343537,2.343537,2.343537,2.343537,0.420886,0.227592,0.049044,0.016559,calls/second,milliseconds
1779276251,15,2.343537,0.748933,0.063042,0.906691,0.265362,1.781360,2.343537,2.343537,2.343537,2.343537,0.409374,0.227592,0.049044,0.016559,calls/second,milliseconds
1779276252,15,2.343537,0.748933,0.063042,0.906691,0.265362,1.781360,2.343537,2.343537,2.343537,2.343537,0.398474,0.227592,0.049044,0.016559,calls/second,milliseconds
1779276253,15,2.343537,0.748933,0.063042,0.906691,0.265362,1.781360,2.343537,2.343537,2.343537,2.343537,0.388139,0.227592,0.049044,0.016559,calls/second,milliseconds
1779276254,20,2.343537,0.608494,0.063042,0.803626,0.235416,0.305219,2.338502,2.343537,2.343537,2.343537,0.504437,0.227592,0.049044,0.016559,calls/second,milliseconds
1779276255,20,2.343537,0.608494,0.063042,0.803626,0.235416,0.305219,2.338502,2.343537,2.343537,2.343537,0.491997,0.289350,0.064762,0.022008,calls/second,milliseconds
1779276256,20,2.343537,0.608494,0.063042,0.803626,0.235416,0.305219,2.338502,2.343537,2.343537,2.343537,0.480159,0.289350,0.064762,0.022008,calls/second,milliseconds
1779276257,20,2.343537,0.608494,0.063042,0.803626,0.235416,0.305219,2.338502,2.343537,2.343537,2.343537,0.468875,0.289350,0.064762,0.022008,calls/second,milliseconds
1779276258,20,2.343537,0.608494,0.063042,0.803626,0.235416,0.305219,2.338502,2.343537,2.343537,2.343537,0.458114,0.289350,0.064762,0.022008,calls/second,milliseconds
1779276259,20,2.343537,0.608494,0.063042,0.803626,0.235416,0.305219,2.338502,2.343537,2.343537,2.343537,0.447835,0.289350,0.064762,0.022008,calls/second,milliseconds
1779276260,20,2.343537,0.608494,0.063042,0.803626,0.235416,0.305219,2.338502,2.343537,2.343537,2.343537,0.438007,0.266215,0.063691,0.021886,calls/second,milliseconds
1779276261,20,2.343537,0.608494,0.063042,0.803626,0.235416,0.305219,2.338502,2.343537,2.343537,2.343537,0.428597,0.266215,0.063691,0.021886,calls/second,milliseconds
1779276262,20,2.343537,0.608494,0.063042,0.803626,0.235416,0.305219,2.338502,2.343537,2.343537,2.343537,0.419587,0.266215,0.063691,0.021886,calls/second,milliseconds
1779276263,25,2.343537,0.527909,0.063042,0.713494,0.261701,0.310308,2.338502,2.343537,2.343537,2.343537,0.513683,0.266215,0.063691,0.021886,calls/second,milliseconds
1779276264,25,2.343537,0.527909,0.063042,0.713494,0.261701,0.310308,2.338502,2.343537,2.343537,2.343537,0.503317,0.266215,0.063691,0.021886,calls/second,milliseconds
1779276265,30,2.343537,0.435087,0.039710,0.664243,0.228092,0.283776,2.338502,2.343537,2.343537,2.343537,0.592036,0.324885,0.079167,0.027305,calls/second,milliseconds
1779276266,30,2.343537,0.435087,0.039710,0.664243,0.228092,0.283776,2.338502,2.343537,2.343537,2.343537,0.580553,0.324885,0.079167,0.027305,calls/second,milliseconds
1779276267,30,2.343537,0.435087,0.039710,0.664243,0.228092,0.283776,2.338502,2.343537,2.343537,2.343537,0.569506,0.324885,0.079167,0.027305,calls/second,milliseconds
1779276268,30,2.343537,0.435087,0.039710,0.664243,0.228092,0.283776,2.338502,2.343537,2.343537,2.343537,0.558871,0.324885,0.079167,0.027305,calls/second,milliseconds
1779276269,30,2.343537,0.435087,0.039710,0.664243,0.228092,0.283776,2.338502,2.343537,2.343537,2.343537,0.548634,0.324885,0.079167,0.027305,calls/second,milliseconds
1779276270,30,2.343537,0.435087,0.039710,0.664243,0.228092,0.283776,2.338502,2.343537,2.343537,2.343537,0.538760,0.378865,0.094387,0.032694,calls/second,milliseconds
1779276271,35,2.343537,0.397184,0.039710,0.607941,0.226930,0.280712,2.142416,2.343537,2.343537,2.343537,0.617443,0.378865,0.094387,0.032694,calls/second,milliseconds
1779276272,35,2.343537,0.397184,0.039710,0.607941,0.226930,0.280712,2.142416,2.343537,2.343537,2.343537,0.606719,0.378865,0.094387,0.032694,calls/second,milliseconds
1779276273,35,2.343537,0.397184,0.039710,0.607941,0.226930,0.280712,2.142416,2.343537,2.343537,2.343537,0.596364,0.378865,0.094387,0.032694,calls/second,milliseconds
1779276274,35,2.343537,0.397184,0.039710,0.607941,0.226930,0.280712,2.142416,2.343537,2.343537,2.343537,0.586354,0.378865,0.094387,0.032694,calls/second,milliseconds
1779276275,35,2.343537,0.397184,0.039710,0.607941,0.226930,0.280712,2.142416,2.343537,2.343537,2.343537,0.576675,0.428528,0.109356,0.038053,calls/second,milliseconds
1779276276,35,2.343537,0.397184,0.039710,0.607941,0.226930,0.280712,2.142416,2.343537,2.343537,2.343537,0.567308,0.428528,0.109356,0.038053,calls/second,milliseconds
1779276277,35,2.343537,0.397184,0.039710,0.607941,0.226930,0.280712,2.142416,2.343537,2.343537,2.343537,0.558240,0.428528,0.109356,0.038053,calls/second,milliseconds
1779276278,35,2.343537,0.397184,0.039710,0.607941,0.226930,0.280712,2.142416,2.343537,2.343537,2.343537,0.549456,0.428528,0.109356,0.038053,calls/second,milliseconds
1779276279,35,2.343537,0.397184,0.039710,0.607941,0.226930,0.280712,2.142416,2.343537,2.343537,2.343537,0.540950,0.428528,0.109356,0.038053,calls/second,milliseconds
1779276280,40,2.343537,0.374026,0.039710,0.556021,0.235416,0.280712,2.142416,2.338502,2.343537,2.343537,0.608800,0.394265,0.107548,0.037842,calls/second,milliseconds
1779276281,40,2.343537,0.374026,0.039710,0.556021,0.235416,0.280712,2.142416,2.338502,2.343537,2.343537,0.599655,0.394265,0.107548,0.037842,calls/second,milliseconds
1779276282,45,2.343537,0.329534,0.039710,0.523488,0.223683,0.272552,2.021787,2.338502,2.343537,2.343537,0.664631,0.394265,0.107548,0.037842,calls/second,milliseconds
1779276283,45,2.343537,0.329534,0.039710,0.523488,0.223683,0.272552,2.021787,2.338502,2.343537,2.343537,0.654940,0.394265,0.107548,0.037842,calls/second,milliseconds
1779276284,45,2.343537,0.329534,0.039710,0.523488,0.223683,0.272552,2.021787,2.338502,2.343537,2.343537,0.645524,0.394265,0.107548,0.037842,calls/second,milliseconds
1779276285,45,2.343537,0.329534,0.039710,0.523488,0.223683,0.272552,2.021787,2.338502,2.343537,2.343537,0.636375,0.522652,0.138828,0.048712,calls/second,milliseconds
1779276286,45,2.343537,0.329534,0.039710,0.523488,0.223683,0.272552,2.021787,2.338502,2.343537,2.343537,0.627487,0.522652,0.138828,0.048712,calls/second,milliseconds
1779276287,45,2.343537,0.329534,0.039710,0.523488,0.223683,0.272552,2.021787,2.338502,2.343537,2.343537,0.618839,0.522652,0.138828,0.048712,calls/second,milliseconds
1779276288,50,2.343537,0.326659,0.039710,0.486100,0.228092,0.305219,2.021787,2.338502,2.343537,2.343537,0.678254,0.522652,0.138828,0.048712,calls/second,milliseconds
1779276289,50,2.343537,0.326659,0.039710,0.486100,0.228092,0.305219,2.021787,2.338502,2.343537,2.343537,0.669158,0.522652,0.138828,0.048712,calls/second,milliseconds
1779276290,50,2.343537,0.326659,0.039710,0.486100,0.228092,0.305219,2.021787,2.338502,2.343537,2.343537,0.660302,0.560819,0.153062,0.053983,calls/second,milliseconds
1779276291,50,2.343537,0.326659,0.039710,0.486100,0.228092,0.305219,2.021787,2.338502,2.343537,2.343537,0.651676,0.560819,0.153062,0.053983,calls/second,milliseconds
1779276292,50,2.343537,0.326659,0.039710,0.486100,0.228092,0.305219,2.021787,2.338502,2.343537,2.343537,0.643278,0.560819,0.153062,0.053983,calls/second,milliseconds
1779276293,50,2.343537,0.326659,0.039710,0.486100,0.228092,0.305219,2.021787,2.338502,2.343537,2.343537,0.635096,0.560819,0.153062,0.053983,calls/second,milliseconds
1779276294,50,2.343537,0.326659,0.039710,0.486100,0.228092,0.305219,2.021787,2.338502,2.343537,2.343537,0.627119,0.560819,0.153062,0.053983,calls/second,milliseconds
1779276295,50,2.343537,0.326659,0.039710,0.486100,0.228092,0.305219,2.021787,2.338502,2.343537,2.343537,0.619339,0.515978,0.150532,0.053684,calls/second,milliseconds
1779276296,50,2.343537,0.326659,0.039710,0.486100,0.228092,0.305219,2.021787,2.338502,2.343537,2.343537,0.611748,0.515978,0.150532,0.053684,calls/second,milliseconds
1779276297,55,2.343537,0.317326,0.039710,0.452217,0.235416,0.310308,1.781360,2.338502,2.343537,2.343537,0.664773,0.515978,0.150532,0.053684,calls/second,milliseconds
1779276298,55,2.343537,0.317326,0.039710,0.452217,0.235416,0.310308,1.781360,2.338502,2.343537,2.343537,0.656818,0.515978,0.150532,0.053684,calls/second,milliseconds
1779276299,60,2.343537,0.285089,0.035060,0.431419,0.223683,0.283776,0.369835,2.142416,2.338502,2.343537,0.708060,0.515978,0.150532,0.053684,calls/second,milliseconds
1779276300,60,2.343537,0.285089,0.035060,0.431419,0.223683,0.283776,0.369835,2.142416,2.338502,2.343537,0.699786,0.634634,0.181101,0.064466,calls/second,milliseconds
1779276301,60,2.343537,0.285089,0.035060,0.431419,0.223683,0.283776,0.369835,2.142416,2.338502,2.343537,0.691703,0.634634,0.181101,0.064466,calls/second,milliseconds
1779276302,60,2.343537,0.285089,0.035060,0.431419,0.223683,0.283776,0.369835,2.142416,2.338502,2.343537,0.683803,0.634634,0.181101,0.064466,calls/second,milliseconds
1779276303,60,2.343537,0.285089,0.035060,0.431419,0.223683,0.283776,0.369835,2.142416,2.338502,2.343537,0.676085,0.634634,0.181101,0.064466,calls/second,milliseconds
1779276304,60,2.343537,0.285089,0.035060,0.431419,0.223683,0.283776,0.369835,2.142416,2.338502,2.343537,0.668541,0.634634,0.181101,0.064466,calls/second,milliseconds
1779276305,65,2.343537,0.286557,0.035060,0.405075,0.235416,0.305219,0.369835,2.142416,2.338502,2.343537,0.716257,0.663847,0.194636,0.069649,calls/second,milliseconds
1779276306,65,2.343537,0.286557,0.035060,0.405075,0.235416,0.305219,0.369835,2.142416,2.338502,2.343537,0.708436,0.663847,0.194636,0.069649,calls/second,milliseconds
1779276307,65,2.343537,0.286557,0.035060,0.405075,0.235416,0.305219,0.369835,2.142416,2.338502,2.343537,0.700781,0.663847,0.194636,0.069649,calls/second,milliseconds
1779276308,65,2.343537,0.286557,0.035060,0.405075,0.235416,0.305219,0.369835,2.142416,2.338502,2.343537,0.693295,0.663847,0.194636,0.069649,calls/second,milliseconds
1779276309,65,2.343537,0.286557,0.035060,0.405075,0.235416,0.305219,0.369835,2.142416,2.338502,2.343537,0.685964,0.663847,0.194636,0.069649,calls/second,milliseconds
1779276310,65,2.343537,0.286557,0.035060,0.405075,0.235416,0.305219,0.369835,2.142416,2.338502,2.343537,0.678789,0.610769,0.191419,0.069264,calls/second,milliseconds
1779276311,65,2.343537,0.286557,0.035060,0.405075,0.235416,0.305219,0.369835,2.142416,2.338502,2.343537,0.671757,0.610769,0.191419,0.069264,calls/second,milliseconds
1779276312,65,2.343537,0.286557,0.035060,0.405075,0.235416,0.305219,0.369835,2.142416,2.338502,2.343537,0.664870,0.610769,0.191419,0.069264,calls/second,milliseconds
1779276313,65,2.343537,0.286557,0.035060,0.405075,0.235416,0.305219,0.369835,2.142416,2.338502,2.343537,0.658123,0.610769,0.191419,0.069264,calls/second,milliseconds
1779276314,70,2.343537,0.287468,0.035060,0.379700,0.261701,0.304087,0.369835,2.142416,2.338502,2.343537,0.701627,0.610769,0.191419,0.069264,calls/second,milliseconds
1779276315,70,2.343537,0.287468,0.035060,0.379700,0.261701,0.304087,0.369835,2.142416,2.338502,2.343537,0.694652,0.641890,0.204783,0.074420,calls/second,milliseconds
1779276316,75,2.343537,0.261916,0.029928,0.365195,0.235416,0.299867,0.355355,2.142416,2.338502,2.343537,0.736942,0.641890,0.204783,0.074420,calls/second,milliseconds
1779276317,75,2.343537,0.261916,0.029928,0.365195,0.235416,0.299867,0.355355,2.142416,2.338502,2.343537,0.729758,0.641890,0.204783,0.074420,calls/second,milliseconds
1779276318,75,2.343537,0.261916,0.029928,0.365195,0.235416,0.299867,0.355355,2.142416,2.338502,2.343537,0.722715,0.641890,0.204783,0.074420,calls/second,milliseconds
1779276319,75,2.343537,0.261916,0.029928,0.365195,0.235416,0.299867,0.355355,2.142416,2.338502,2.343537,0.715804,0.641890,0.204783,0.074420,calls/second,milliseconds
1779276320,75,2.343537,0.261916,0.029928,0.365195,0.235416,0.299867,0.355355,2.142416,2.338502,2.343537,0.709022,0.670523,0.217927,0.079548,calls/second,milliseconds
1779276321,75,2.343537,0.261916,0.029928,0.365195,0.235416,0.299867,0.355355,2.142416,2.338502,2.343537,0.702371,0.670523,0.217927,0.079548,calls/second,milliseconds
1779276322,80,2.343537,0.256301,0.029928,0.345700,0.231586,0.299856,0.355355,2.021787,2.338502,2.343537,0.742231,0.670523,0.217927,0.079548,calls/second,milliseconds
1779276323,80,2.343537,0.256301,0.029928,0.345700,0.231586,0.299856,0.355355,2.021787,2.338502,2.343537,0.735395,0.670523,0.217927,0.079548,calls/second,milliseconds
1779276324,80,2.343537,0.256301,0.029928,0.345700,0.231586,0.299856,0.355355,2.021787,2.338502,2.343537,0.728684,0.670523,0.217927,0.079548,calls/second,milliseconds
1779276325,80,2.343537,0.256301,0.029928,0.345700,0.231586,0.299856,0.355355,2.021787,2.338502,2.343537,0.722095,0.696866,0.230854,0.084647,calls/second,milliseconds
1779276326,80,2.343537,0.256301,0.029928,0.345700,0.231586,0.299856,0.355355,2.021787,2.338502,2.343537,0.715626,0.696866,0.230854,0.084647,calls/second,milliseconds
1779276327,80,2.343537,0.256301,0.029928,0.345700,0.231586,0.299856,0.355355,2.021787,2.338502,2.343537,0.709270,0.696866,0.230854,0.084647,calls/second,milliseconds
1779276328,80,2.343537,0.256301,0.029928,0.345700,0.231586,0.299856,0.355355,2.021787,2.338502,2.343537,0.703028,0.696866,0.230854,0.084647,calls/second,milliseconds
1779276329,80,2.343537,0.256301,0.029928,0.345700,0.231586,0.299856,0.355355,2.021787,2.338502,2.343537,0.696894,0.696866,0.230854,0.084647,calls/second,milliseconds
1779276330,80,2.343537,0.256301,0.029928,0.345700,0.231586,0.299856,0.355355,2.021787,2.338502,2.343537,0.690867,0.641148,0.227038,0.084178,calls/second,milliseconds
1779276331,85,2.343537,0.253854,0.029928,0.326373,0.235416,0.299856,0.337943,2.021787,2.338502,2.343537,0.727746,0.641148,0.227038,0.084178,calls/second,milliseconds
1779276332,85,2.343537,0.253854,0.029928,0.326373,0.235416,0.299856,0.337943,2.021787,2.338502,2.343537,0.721555,0.641148,0.227038,0.084178,calls/second,milliseconds
1779276333,90,2.343537,0.234625,0.029928,0.314446,0.215252,0.274177,0.337943,1.781360,2.142416,2.343537,0.757558,0.641148,0.227038,0.084178,calls/second,milliseconds
1779276334,90,2.343537,0.234625,0.029928,0.314446,0.215252,0.274177,0.337943,1.781360,2.142416,2.343537,0.751222,0.641148,0.227038,0.084178,calls/second,milliseconds
1779276335,90,2.343537,0.234625,0.029928,0.314446,0.215252,0.274177,0.337943,1.781360,2.142416,2.343537,0.744991,0.749796,0.256343,0.094792,calls/second,milliseconds
1779276336,90,2.343537,0.234625,0.029928,0.314446,0.215252,0.274177,0.337943,1.781360,2.142416,2.343537,0.738863,0.749796,0.256343,0.094792,calls/second,milliseconds
1779276337,90,2.343537,0.234625,0.029928,0.314446,0.215252,0.274177,0.337943,1.781360,2.142416,2.343537,0.732836,0.749796,0.256343,0.094792,calls/second,milliseconds
1779276338,90,2.343537,0.234625,0.029928,0.314446,0.215252,0.274177,0.337943,1.781360,2.142416,2.343537,0.726906,0.749796,0.256343,0.094792,calls/second,milliseconds
1779276339,95,2.343537,0.240267,0.029928,0.299183,0.230553,0.286869,0.362213,1.781360,2.142416,2.343537,0.761121,0.749796,0.256343,0.094792,calls/second,milliseconds
1779276340,95,2.343537,0.240267,0.029928,0.299183,0.230553,0.286869,0.362213,1.781360,2.142416,2.343537,0.755062,0.769801,0.268634,0.099807,calls/second,milliseconds
1779276341,95,2.343537,0.240267,0.029928,0.299183,0.230553,0.286869,0.362213,1.781360,2.142416,2.343537,0.749096,0.769801,0.268634,0.099807,calls/second,milliseconds
1779276342,95,2.343537,0.240267,0.029928,0.299183,0.230553,0.286869,0.362213,1.781360,2.142416,2.343537,0.743226,0.769801,0.268634,0.099807,calls/second,milliseconds
1779276343,95,2.343537,0.240267,0.029928,0.299183,0.230553,0.286869,0.362213,1.781360,2.142416,2.343537,0.737444,0.769801,0.268634,0.099807,calls/second,milliseconds
1779276344,95,2.343537,0.240267,0.029928,0.299183,0.230553,0.286869,0.362213,1.781360,2.142416,2.343537,0.731753,0.769801,0.268634,0.099807,calls/second,milliseconds
1779276345,95,2.343537,0.240267,0.029928,0.299183,0.230553,0.286869,0.362213,1.781360,2.142416,2.343537,0.726150,0.708251,0.264194,0.099254,calls/second,milliseconds
1779276346,95,2.343537,0.240267,0.029928,0.299183,0.230553,0.286869,0.362213,1.781360,2.142416,2.343537,0.720634,0.708251,0.264194,0.099254,calls/second,milliseconds
1779276347,95,2.343537,0.240267,0.029928,0.299183,0.230553,0.286869,0.362213,1.781360,2.142416,2.343537,0.715200,0.708251,0.264194,0.099254,calls/second,milliseconds
1779276348,100,2.343537,0.254958,0.029928,0.286922,0.238942,0.304087,0.384351,0.463365,2.142416,2.343537,0.747204,0.708251,0.264194,0.099254,calls/second,milliseconds
1779276349,100,2.343537,0.254958,0.029928,0.286922,0.238942,0.304087,0.384351,0.463365,2.142416,2.343537,0.741648,0.708251,0.264194,0.099254,calls/second,milliseconds
1779276350,105,2.343537,0.233851,0.025251,0.280309,0.230553,0.303503,0.384351,0.463365,2.142416,2.343537,0.772984,0.731578,0.276356,0.104245,calls/second,milliseconds
1779276351,105,2.343537,0.233851,0.025251,0.280309,0.230553,0.303503,0.384351,0.463365,2.142416,2.343537,0.767323,0.731578,0.276356,0.104245,calls/second,milliseconds
1779276352,105,2.343537,0.233851,0.025251,0.280309,0.230553,0.303503,0.384351,0.463365,2.142416,2.343537,0.761747,0.731578,0.276356,0.104245,calls/second,milliseconds
1779276353,105,2.343537,0.233851,0.025251,0.280309,0.230553,0.303503,0.384351,0.463365,2.142416,2.343537,0.756251,0.731578,0.276356,0.104245,calls/second,milliseconds
1779276354,105,2.343537,0.233851,0.025251,0.280309,0.230553,0.303503,0.384351,0.463365,2.142416,2.343537,0.750834,0.731578,0.276356,0.104245,calls/second,milliseconds
1779276355,105,2.343537,0.233851,0.025251,0.280309,0.230553,0.303503,0.384351,0.463365,2.142416,2.343537,0.745495,0.753040,0.288317,0.109207,calls/second,milliseconds
1779276356,110,2.343537,0.238327,0.025251,0.267156,0.240244,0.291439,0.384180,0.463365,2.021787,2.343537,0.775480,0.753040,0.288317,0.109207,calls/second,milliseconds
1779276357,110,2.343537,0.238327,0.025251,0.267156,0.240244,0.291439,0.384180,0.463365,2.021787,2.343537,0.770044,0.753040,0.288317,0.109207,calls/second,milliseconds
1779276358,110,2.343537,0.238327,0.025251,0.267156,0.240244,0.291439,0.384180,0.463365,2.021787,2.343537,0.764683,0.753040,0.288317,0.109207,calls/second,milliseconds
1779276359,110,2.343537,0.238327,0.025251,0.267156,0.240244,0.291439,0.384180,0.463365,2.021787,2.343537,0.759394,0.753040,0.288317,0.109207,calls/second,milliseconds
1779276360,110,2.343537,0.238327,0.025251,0.267156,0.240244,0.291439,0.384180,0.463365,2.021787,2.343537,0.754179,0.772786,0.300080,0.114142,calls/second,milliseconds
1779276361,110,2.343537,0.238327,0.025251,0.267156,0.240244,0.291439,0.384180,0.463365,2.021787,2.343537,0.749036,0.772786,0.300080,0.114142,calls/second,milliseconds
1779276362,110,2.343537,0.238327,0.025251,0.267156,0.240244,0.291439,0.384180,0.463365,2.021787,2.343537,0.743963,0.772786,0.300080,0.114142,calls/second,milliseconds
1779276363,110,2.343537,0.238327,0.025251,0.267156,0.240244,0.291439,0.384180,0.463365,2.021787,2.343537,0.738955,0.772786,0.300080,0.114142,calls/second,milliseconds
1779276364,110,2.343537,0.238327,0.025251,0.267156,0.240244,0.291439,0.384180,0.463365,2.021787,2.343537,0.734016,0.772786,0.300080,0.114142,calls/second,milliseconds
1779276365,115,2.343537,0.241831,0.025251,0.254359,0.253992,0.291439,0.384180,0.463365,2.021787,2.343537,0.762287,0.710997,0.295120,0.113510,calls/second,milliseconds
1779276366,115,2.343537,0.241831,0.025251,0.254359,0.253992,0.291439,0.384180,0.463365,2.021787,2.343537,0.757259,0.710997,0.295120,0.113510,calls/second,milliseconds
1779276367,120,2.343537,0.225491,0.025251,0.247770,0.237731,0.286869,0.384180,0.463365,2.021787,2.343537,0.785002,0.710997,0.295120,0.113510,calls/second,milliseconds
1779276368,120,2.343537,0.225491,0.025251,0.247770,0.237731,0.286869,0.384180,0.463365,2.021787,2.343537,0.779893,0.710997,0.295120,0.113510,calls/second,milliseconds
1779276369,120,2.343537,0.225491,0.025251,0.247770,0.237731,0.286869,0.384180,0.463365,2.021787,2.343537,0.774848,0.710997,0.295120,0.113510,calls/second,milliseconds
1779276370,120,2.343537,0.225491,0.025251,0.247770,0.237731,0.286869,0.384180,0.463365,2.021787,2.343537,0.769869,0.814060,0.323299,0.123961,calls/second,milliseconds
1779276371,120,2.343537,0.225491,0.025251,0.247770,0.237731,0.286869,0.384180,0.463365,2.021787,2.343537,0.764954,0.814060,0.323299,0.123961,calls/second,milliseconds
1779276372,120,2.343537,0.225491,0.025251,0.247770,0.237731,0.286869,0.384180,0.463365,2.021787,2.343537,0.760102,0.814060,0.323299,0.123961,calls/second,milliseconds
1779276373,125,2.343537,0.232389,0.025251,0.237370,0.253992,0.289777,0.369835,0.463365,1.781360,2.343537,0.786781,0.814060,0.323299,0.123961,calls/second,milliseconds
1779276374,125,2.343537,0.232389,0.025251,0.237370,0.253992,0.289777,0.369835,0.463365,1.781360,2.343537,0.781851,0.814060,0.323299,0.123961,calls/second,milliseconds
1779276375,125,2.343537,0.232389,0.025251,0.237370,0.253992,0.289777,0.369835,0.463365,1.781360,2.343537,0.776984,0.828927,0.334484,0.128815,calls/second,milliseconds
1779276376,125,2.343537,0.232389,0.025251,0.237370,0.253992,0.289777,0.369835,0.463365,1.781360,2.343537,0.772177,0.828927,0.334484,0.128815,calls/second,milliseconds
1779276377,125,2.343537,0.232389,0.025251,0.237370,0.253992,0.289777,0.369835,0.463365,1.781360,2.343537,0.767429,0.828927,0.334484,0.128815,calls/second,milliseconds
1779276378,125,2.343537,0.232389,0.025251,0.237370,0.253992,0.289777,0.369835,0.463365,1.781360,2.343537,0.762737,0.828927,0.334484,0.128815,calls/second,milliseconds
1779276379,125,2.343537,0.232389,0.025251,0.237370,0.253992,0.289777,0.369835,0.463365,1.781360,2.343537,0.758105,0.828927,0.334484,0.128815,calls/second,milliseconds
1779276380,125,2.343537,0.232389,0.025251,0.237370,0.253992,0.289777,0.369835,0.463365,1.781360,2.343537,0.753528,0.762650,0.328955,0.128101,calls/second,milliseconds
1779276381,125,2.343537,0.232389,0.025251,0.237370,0.253992,0.289777,0.369835,0.463365,1.781360,2.343537,0.749006,0.762650,0.328955,0.128101,calls/second,milliseconds
1779276382,130,2.343537,0.234351,0.025251,0.227186,0.246967,0.291574,0.384351,0.463365,1.781360,2.343537,0.774320,0.762650,0.328955,0.128101,calls/second,milliseconds
1779276383,130,2.343537,0.234351,0.025251,0.227186,0.246967,0.291574,0.384351,0.463365,1.781360,2.343537,0.769728,0.762650,0.328955,0.128101,calls/second,milliseconds
1779276384,135,2.343537,0.216909,0.025251,0.223876,0.230553,0.289777,0.384180,0.463365,0.463365,2.343537,0.794621,0.762650,0.328955,0.128101,calls/second,milliseconds
1779276385,135,2.343537,0.216909,0.025251,0.223876,0.230553,0.289777,0.384180,0.463365,0.463365,2.343537,0.789965,0.861583,0.356575,0.138472,calls/second,milliseconds
1779276386,135,2.343537,0.216909,0.025251,0.223876,0.230553,0.289777,0.384180,0.463365,0.463365,2.343537,0.785363,0.861583,0.356575,0.138472,calls/second,milliseconds
1779276387,135,2.343537,0.216909,0.025251,0.223876,0.230553,0.289777,0.384180,0.463365,0.463365,2.343537,0.780814,0.861583,0.356575,0.138472,calls/second,milliseconds
1779276388,135,2.343537,0.216909,0.025251,0.223876,0.230553,0.289777,0.384180,0.463365,0.463365,2.343537,0.776318,0.861583,0.356575,0.138472,calls/second,milliseconds
1779276389,135,2.343537,0.216909,0.025251,0.223876,0.230553,0.289777,0.384180,0.463365,0.463365,2.343537,0.771872,0.861583,0.356575,0.138472,calls/second,milliseconds
1779276390,135,2.343537,0.216909,0.025251,0.223876,0.230553,0.289777,0.384180,0.463365,0.463365,2.343537,0.767476,0.792694,0.350682,0.137705,calls/second,milliseconds
1779276391,135,2.343537,0.216909,0.025251,0.223876,0.230553,0.289777,0.384180,0.463365,0.463365,2.343537,0.763130,0.792694,0.350682,0.137705,calls/second,milliseconds
1779276392,135,2.343537,0.216909,0.025251,0.223876,0.230553,0.289777,0.384180,0.463365,0.463365,2.343537,0.758835,0.792694,0.350682,0.137705,calls/second,milliseconds
1779276393,135,2.343537,0.216909,0.025251,0.223876,0.230553,0.289777,0.384180,0.463365,0.463365,2.343537,0.754588,0.792694,0.350682,0.137705,calls/second,milliseconds
1779276394,140,2.343537,0.230876,0.025251,0.217732,0.253992,0.310423,0.391104,0.416297,0.463365,2.343537,0.778179,0.792694,0.350682,0.137705,calls/second,milliseconds
1779276395,140,2.343537,0.230876,0.025251,0.217732,0.253992,0.310423,0.391104,0.416297,0.463365,2.343537,0.773872,0.809270,0.361414,0.142482,calls/second,milliseconds
1779276396,140,2.343537,0.230876,0.025251,0.217732,0.253992,0.310423,0.391104,0.416297,0.463365,2.343537,0.769612,0.809270,0.361414,0.142482,calls/second,milliseconds
1779276397,140,2.343537,0.230876,0.025251,0.217732,0.253992,0.310423,0.391104,0.416297,0.463365,2.343537,0.765398,0.809270,0.361414,0.142482,calls/second,milliseconds
1779276398,140,2.343537,0.230876,0.025251,0.217732,0.253992,0.310423,0.391104,0.416297,0.463365,2.343537,0.761228,0.809270,0.361414,0.142482,calls/second,milliseconds
1779276399,140,2.343537,0.230876,0.025251,0.217732,0.253992,0.310423,0.391104,0.416297,0.463365,2.343537,0.757105,0.809270,0.361414,0.142482,calls/second,milliseconds
1779276400,140,2.343537,0.230876,0.025251,0.217732,0.253992,0.310423,0.391104,0.416297,0.463365,2.343537,0.753028,0.744564,0.355440,0.141692,calls/second,milliseconds
1779276401,140,2.343537,0.230876,0.025251,0.217732,0.253992,0.310423,0.391104,0.416297,0.463365,2.343537,0.748993,0.744564,0.355440,0.141692,calls/second,milliseconds
1779276402,140,2.343537,0.230876,0.025251,0.217732,0.253992,0.310423,0.391104,0.416297,0.463365,2.343537,0.744999,0.744564,0.355440,0.141692,calls/second,milliseconds
1779276403,140,2.343537,0.230876,0.025251,0.217732,0.253992,0.310423,0.391104,0.416297,0.463365,2.343537,0.741049,0.744564,0.355440,0.141692,calls/second,milliseconds
1779276404,145,2.343537,0.251672,0.025251,0.216295,0.273145,0.339080,0.463034,0.481196,0.481196,2.343537,0.763464,0.744564,0.355440,0.141692,calls/second,milliseconds
1779276405,145,2.343537,0.251672,0.025251,0.216295,0.273145,0.339080,0.463034,0.481196,0.481196,2.343537,0.759459,0.764988,0.366094,0.146448,calls/second,milliseconds
1779276406,150,2.343537,0.234139,0.025251,0.213472,0.253992,0.323535,0.463034,0.481196,0.481196,2.343537,0.781548,0.764988,0.366094,0.146448,calls/second,milliseconds
1779276407,150,2.343537,0.234139,0.025251,0.213472,0.253992,0.323535,0.463034,0.481196,0.481196,2.343537,0.777492,0.764988,0.366094,0.146448,calls/second,milliseconds
1779276408,150,2.343537,0.234139,0.025251,0.213472,0.253992,0.323535,0.463034,0.481196,0.481196,2.343537,0.773477,0.764988,0.366094,0.146448,calls/second,milliseconds
1779276409,150,2.343537,0.234139,0.025251,0.213472,0.253992,0.323535,0.463034,0.481196,0.481196,2.343537,0.769504,0.764988,0.366094,0.146448,calls/second,milliseconds
1779276410,150,2.343537,0.234139,0.025251,0.213472,0.253992,0.323535,0.463034,0.481196,0.481196,2.343537,0.765568,0.783778,0.376571,0.151176,calls/second,milliseconds
1779276411,150,2.343537,0.234139,0.025251,0.213472,0.253992,0.323535,0.463034,0.481196,0.481196,2.343537,0.761675,0.783778,0.376571,0.151176,calls/second,milliseconds
1779276412,155,2.343537,0.232461,0.025251,0.203697,0.232786,0.311981,0.433673,0.481196,0.481196,2.343537,0.783081,0.783778,0.376571,0.151176,calls/second,milliseconds
1779276413,155,2.343537,0.232461,0.025251,0.203697,0.232786,0.311981,0.433673,0.481196,0.481196,2.343537,0.779137,0.783778,0.376571,0.151176,calls/second,milliseconds
1779276414,155,2.343537,0.232461,0.025251,0.203697,0.232786,0.311981,0.433673,0.481196,0.481196,2.343537,0.775235,0.783778,0.376571,0.151176,calls/second,milliseconds
1779276415,155,2.343537,0.232461,0.025251,0.203697,0.232786,0.311981,0.433673,0.481196,0.481196,2.343537,0.771371,0.801066,0.386876,0.155879,calls/second,milliseconds
1779276416,155,2.343537,0.232461,0.025251,0.203697,0.232786,0.311981,0.433673,0.481196,0.481196,2.343537,0.767545,0.801066,0.386876,0.155879,calls/second,milliseconds
1779276417,155,2.343537,0.232461,0.025251,0.203697,0.232786,0.311981,0.433673,0.481196,0.481196,2.343537,0.763758,0.801066,0.386876,0.155879,calls/second,milliseconds
1779276418,155,2.343537,0.232461,0.025251,0.203697,0.232786,0.311981,0.433673,0.481196,0.481196,2.343537,0.760008,0.801066,0.386876,0.155879,calls/second,milliseconds
1779276419,155,2.343537,0.232461,0.025251,0.203697,0.232786,0.311981,0.433673,0.481196,0.481196,2.343537,0.756294,0.801066,0.386876,0.155879,calls/second,milliseconds
1779276420,155,2.343537,0.232461,0.025251,0.203697,0.232786,0.311981,0.433673,0.481196,0.481196,2.343537,0.752614,0.737017,0.380481,0.155015,calls/second,milliseconds
1779276421,160,2.343537,0.238405,0.025251,0.194955,0.240244,0.320273,0.433673,0.481196,0.481196,2.343537,0.773132,0.737017,0.380481,0.155015,calls/second,milliseconds
1779276422,160,2.343537,0.238405,0.025251,0.194955,0.240244,0.320273,0.433673,0.481196,0.481196,2.343537,0.769409,0.737017,0.380481,0.155015,calls/second,milliseconds
1779276423,165,2.343537,0.220396,0.025251,0.194779,0.230599,0.317299,0.433673,0.463365,0.481196,2.343537,0.789648,0.737017,0.380481,0.155015,calls/second,milliseconds
1779276424,165,2.343537,0.220396,0.025251,0.194779,0.230599,0.317299,0.433673,0.463365,0.481196,2.343537,0.785880,0.737017,0.380481,0.155015,calls/second,milliseconds
1779276425,165,2.343537,0.220396,0.025251,0.194779,0.230599,0.317299,0.433673,0.463365,0.481196,2.343537,0.782150,0.837999,0.407250,0.165237,calls/second,milliseconds
1779276426,165,2.343537,0.220396,0.025251,0.194779,0.230599,0.317299,0.433673,0.463365,0.481196,2.343537,0.778455,0.837999,0.407250,0.165237,calls/second,milliseconds
1779276427,165,2.343537,0.220396,0.025251,0.194779,0.230599,0.317299,0.433673,0.463365,0.481196,2.343537,0.774790,0.837999,0.407250,0.165237,calls/second,milliseconds
1779276428,165,2.343537,0.220396,0.025251,0.194779,0.230599,0.317299,0.433673,0.463365,0.481196,2.343537,0.771164,0.837999,0.407250,0.165237,calls/second,milliseconds
1779276429,170,2.343537,0.221110,0.025251,0.186115,0.229347,0.310308,0.433663,0.463365,0.481196,2.338502,0.790832,0.837999,0.407250,0.165237,calls/second,milliseconds
1779276430,170,2.343537,0.221110,0.025251,0.186115,0.229347,0.310308,0.433663,0.463365,0.481196,2.338502,0.787162,0.850952,0.417047,0.169862,calls/second,milliseconds
1779276431,170,2.343537,0.221110,0.025251,0.186115,0.229347,0.310308,0.433663,0.463365,0.481196,2.338502,0.783528,0.850952,0.417047,0.169862,calls/second,milliseconds
1779276432,170,2.343537,0.221110,0.025251,0.186115,0.229347,0.310308,0.433663,0.463365,0.481196,2.338502,0.779926,0.850952,0.417047,0.169862,calls/second,milliseconds
1779276433,170,2.343537,0.221110,0.025251,0.186115,0.229347,0.310308,0.433663,0.463365,0.481196,2.338502,0.776358,0.850952,0.417047,0.169862,calls/second,milliseconds
1779276434,170,2.343537,0.221110,0.025251,0.186115,0.229347,0.310308,0.433663,0.463365,0.481196,2.338502,0.772824,0.850952,0.417047,0.169862,calls/second,milliseconds
1779276435,170,2.343537,0.221110,0.025251,0.186115,0.229347,0.310308,0.433663,0.463365,0.481196,2.338502,0.769319,0.782914,0.410154,0.168921,calls/second,milliseconds
1779276436,170,2.343537,0.221110,0.025251,0.186115,0.229347,0.310308,0.433663,0.463365,0.481196,2.338502,0.765847,0.782914,0.410154,0.168921,calls/second,milliseconds
1779276437,170,2.343537,0.221110,0.025251,0.186115,0.229347,0.310308,0.433663,0.463365,0.481196,2.338502,0.762405,0.782914,0.410154,0.168921,calls/second,milliseconds
1779276438,175,2.343537,0.225837,0.025251,0.178161,0.232786,0.306526,0.433663,0.463365,0.481196,2.338502,0.781317,0.782914,0.410154,0.168921,calls/second,milliseconds
1779276439,175,2.343537,0.225837,0.025251,0.178161,0.232786,0.306526,0.433663,0.463365,0.481196,2.338502,0.777838,0.782914,0.410154,0.168921,calls/second,milliseconds
1779276440,180,2.343537,0.213409,0.025251,0.175058,0.229347,0.303503,0.416297,0.463034,0.481196,2.338502,0.796514,0.800271,0.419903,0.173525,calls/second,milliseconds
1779276441,180,2.343537,0.213409,0.025251,0.175058,0.229347,0.303503,0.416297,0.463034,0.481196,2.338502,0.793000,0.800271,0.419903,0.173525,calls/second,milliseconds
1779276442,180,2.343537,0.213409,0.025251,0.175058,0.229347,0.303503,0.416297,0.463034,0.481196,2.338502,0.789516,0.800271,0.419903,0.173525,calls/second,milliseconds
1779276443,180,2.343537,0.213409,0.025251,0.175058,0.229347,0.303503,0.416297,0.463034,0.481196,2.338502,0.786061,0.800271,0.419903,0.173525,calls/second,milliseconds
1779276444,180,2.343537,0.213409,0.025251,0.175058,0.229347,0.303503,0.416297,0.463034,0.481196,2.338502,0.782638,0.800271,0.419903,0.173525,calls/second,milliseconds
1779276445,185,2.343537,0.223565,0.025251,0.170762,0.232786,0.309316,0.416297,0.463034,0.481196,2.338502,0.800889,0.816240,0.429491,0.178104,calls/second,milliseconds
1779276446,185,2.343537,0.223565,0.025251,0.170762,0.232786,0.309316,0.416297,0.463034,0.481196,2.338502,0.797430,0.816240,0.429491,0.178104,calls/second,milliseconds
1779276447,185,2.343537,0.223565,0.025251,0.170762,0.232786,0.309316,0.416297,0.463034,0.481196,2.338502,0.794000,0.816240,0.429491,0.178104,calls/second,milliseconds
1779276448,185,2.343537,0.223565,0.025251,0.170762,0.232786,0.309316,0.416297,0.463034,0.481196,2.338502,0.790602,0.816240,0.429491,0.178104,calls/second,milliseconds
1779276449,185,2.343537,0.223565,0.025251,0.170762,0.232786,0.309316,0.416297,0.463034,0.481196,2.338502,0.787233,0.830933,0.438921,0.182657,calls/second,milliseconds
1779276450,185,2.343537,0.223565,0.025251,0.170762,0.232786,0.309316,0.416297,0.463034,0.481196,2.338502,0.783892,0.830933,0.438921,0.182657,calls/second,milliseconds
1779276451,185,2.343537,0.223565,0.025251,0.170762,0.232786,0.309316,0.416297,0.463034,0.481196,2.338502,0.780580,0.830933,0.438921,0.182657,calls/second,milliseconds
1779276452,185,2.343537,0.223565,0.025251,0.170762,0.232786,0.309316,0.416297,0.463034,0.481196,2.338502,0.777294,0.830933,0.438921,0.182657,calls/second,milliseconds
1779276453,185,2.343537,0.223565,0.025251,0.170762,0.232786,0.309316,0.416297,0.463034,0.481196,2.338502,0.774037,0.830933,0.438921,0.182657,calls/second,milliseconds
1779276454,185,2.343537,0.223565,0.025251,0.170762,0.232786,0.309316,0.416297,0.463034,0.481196,2.338502,0.770808,0.764495,0.431666,0.181645,calls/second,milliseconds
1779276455,190,2.343537,0.233155,0.025251,0.165894,0.253992,0.320273,0.399748,0.463034,0.481196,2.338502,0.788351,0.764495,0.431666,0.181645,calls/second,milliseconds
1779276456,190,2.343537,0.233155,0.025251,0.165894,0.253992,0.320273,0.399748,0.463034,0.481196,2.338502,0.785089,0.764495,0.431666,0.181645,calls/second,milliseconds
1779276457,195,2.343537,0.217960,0.014246,0.166533,0.232786,0.314726,0.399748,0.463034,0.481196,2.338502,0.802428,0.764495,0.431666,0.181645,calls/second,milliseconds
1779276458,195,2.343537,0.217960,0.014246,0.166533,0.232786,0.314726,0.399748,0.463034,0.481196,2.338502,0.799135,0.764495,0.431666,0.181645,calls/second,milliseconds
1779276459,195,2.343537,0.217960,0.014246,0.166533,0.232786,0.314726,0.399748,0.463034,0.481196,2.338502,0.795867,0.863281,0.457588,0.191719,calls/second,milliseconds
1779276460,195,2.343537,0.217960,0.014246,0.166533,0.232786,0.314726,0.399748,0.463034,0.481196,2.338502,0.792626,0.863281,0.457588,0.191719,calls/second,milliseconds
1779276461,195,2.343537,0.217960,0.014246,0.166533,0.232786,0.314726,0.399748,0.463034,0.481196,2.338502,0.789413,0.863281,0.457588,0.191719,calls/second,milliseconds
1779276462,200,2.343537,0.226050,0.014246,0.161722,0.254677,0.317299,0.391104,0.433673,0.463365,2.338502,0.806386,0.863281,0.457588,0.191719,calls/second,milliseconds
1779276463,200,2.343537,0.226050,0.014246,0.161722,0.254677,0.317299,0.391104,0.433673,0.463365,2.338502,0.803144,0.863281,0.457588,0.191719,calls/second,milliseconds
1779276464,200,2.343537,0.226050,0.014246,0.161722,0.254677,0.317299,0.391104,0.433673,0.463365,2.338502,0.799926,0.874212,0.466554,0.196197,calls/second,milliseconds
1779276465,200,2.343537,0.226050,0.014246,0.161722,0.254677,0.317299,0.391104,0.433673,0.463365,2.338502,0.796733,0.874212,0.466554,0.196197,calls/second,milliseconds
1779276466,200,2.343537,0.226050,0.014246,0.161722,0.254677,0.317299,0.391104,0.433673,0.463365,2.338502,0.793567,0.874212,0.466554,0.196197,calls/second,milliseconds
1779276467,200,2.343537,0.226050,0.014246,0.161722,0.254677,0.317299,0.391104,0.433673,0.463365,2.338502,0.790425,0.874212,0.466554,0.196197,calls/second,milliseconds
1779276468,200,2.343537,0.226050,0.014246,0.161722,0.254677,0.317299,0.391104,0.433673,0.463365,2.338502,0.787307,0.874212,0.466554,0.196197,calls/second,milliseconds
1779276469,200,2.343537,0.226050,0.014246,0.161722,0.254677,0.317299,0.391104,0.433673,0.463365,2.338502,0.784215,0.804314,0.458842,0.195110,calls/second,milliseconds
1779276470,200,2.343537,0.226050,0.014246,0.161722,0.254677,0.317299,0.391104,0.433673,0.463365,2.338502,0.781124,0.804314,0.458842,0.195110,calls/second,milliseconds
1779276471,200,2.343537,0.226050,0.014246,0.161722,0.254677,0.317299,0.391104,0.433673,0.463365,2.338502,0.778081,0.804314,0.458842,0.195110,calls/second,milliseconds
1779276472,205,2.343537,0.233784,0.014246,0.156433,0.280712,0.314726,0.384756,0.433673,0.463365,2.338502,0.794439,0.804314,0.458842,0.195110,calls/second,milliseconds
1779276473,205,2.343537,0.233784,0.014246,0.156433,0.280712,0.314726,0.384756,0.433673,0.463365,2.338502,0.791368,0.804314,0.458842,0.195110,calls/second,milliseconds
1779276474,210,2.343537,0.218433,0.014246,0.158052,0.253992,0.310649,0.384351,0.433673,0.463365,2.142416,0.807548,0.899916,0.484315,0.205110,calls/second,milliseconds
1779276475,210,2.343537,0.218433,0.014246,0.158052,0.253992,0.310649,0.384351,0.433673,0.463365,2.142416,0.804450,0.899916,0.484315,0.205110,calls/second,milliseconds
1779276476,210,2.343537,0.218433,0.014246,0.158052,0.253992,0.310649,0.384351,0.433673,0.463365,2.142416,0.801376,0.899916,0.484315,0.205110,calls/second,milliseconds
1779276477,210,2.343537,0.218433,0.014246,0.158052,0.253992,0.310649,0.384351,0.433673,0.463365,2.142416,0.798325,0.899916,0.484315,0.205110,calls/second,milliseconds
1779276478,210,2.343537,0.218433,0.014246,0.158052,0.253992,0.310649,0.384351,0.433673,0.463365,2.142416,0.795297,0.899916,0.484315,0.205110,calls/second,milliseconds
1779276479,215,2.343537,0.224914,0.014246,0.153021,0.271876,0.314726,0.369835,0.433673,0.463034,2.142416,0.811157,0.827963,0.476310,0.203973,calls/second,milliseconds
1779276480,215,2.343537,0.224914,0.014246,0.153021,0.271876,0.314726,0.369835,0.433673,0.463034,2.142416,0.808104,0.827963,0.476310,0.203973,calls/second,milliseconds
1779276481,215,2.343537,0.224914,0.014246,0.153021,0.271876,0.314726,0.369835,0.433673,0.463034,2.142416,0.805073,0.827963,0.476310,0.203973,calls/second,milliseconds
1779276482,215,2.343537,0.224914,0.014246,0.153021,0.271876,0.314726,0.369835,0.433673,0.463034,2.142416,0.802066,0.827963,0.476310,0.203973,calls/second,milliseconds
1779276483,215,2.343537,0.224914,0.014246,0.153021,0.271876,0.314726,0.369835,0.433673,0.463034,2.142416,0.799080,0.827963,0.476310,0.203973,calls/second,milliseconds
1779276484,215,2.343537,0.224914,0.014246,0.153021,0.271876,0.314726,0.369835,0.433673,0.463034,2.142416,0.796118,0.841718,0.484966,0.208383,calls/second,milliseconds
1779276485,215,2.343537,0.224914,0.014246,0.153021,0.271876,0.314726,0.369835,0.433673,0.463034,2.142416,0.793176,0.841718,0.484966,0.208383,calls/second,milliseconds
1779276486,215,2.343537,0.224914,0.014246,0.153021,0.271876,0.314726,0.369835,0.433673,0.463034,2.142416,0.790257,0.841718,0.484966,0.208383,calls/second,milliseconds
1779276487,215,2.343537,0.224914,0.014246,0.153021,0.271876,0.314726,0.369835,0.433673,0.463034,2.142416,0.787356,0.841718,0.484966,0.208383,calls/second,milliseconds
1779276488,215,2.343537,0.224914,0.014246,0.153021,0.271876,0.314726,0.369835,0.433673,0.463034,2.142416,0.784479,0.841718,0.484966,0.208383,calls/second,milliseconds
1779276489,220,2.343537,0.236012,0.014246,0.150643,0.285082,0.323535,0.394237,0.433663,0.463034,2.142416,0.799798,0.854373,0.493479,0.212769,calls/second,milliseconds
1779276490,220,2.343537,0.236012,0.014246,0.150643,0.285082,0.323535,0.394237,0.433663,0.463034,2.142416,0.796896,0.854373,0.493479,0.212769,calls/second,milliseconds
1779276491,225,2.343537,0.220642,0.014246,0.153016,0.269030,0.322185,0.384756,0.433663,0.463034,2.142416,0.812062,0.854373,0.493479,0.212769,calls/second,milliseconds
1779276492,225,2.343537,0.220642,0.014246,0.153016,0.269030,0.322185,0.384756,0.433663,0.463034,2.142416,0.809135,0.854373,0.493479,0.212769,calls/second,milliseconds
1779276493,225,2.343537,0.220642,0.014246,0.153016,0.269030,0.322185,0.384756,0.433663,0.463034,2.142416,0.806232,0.854373,0.493479,0.212769,calls/second,milliseconds
1779276494,225,2.343537,0.220642,0.014246,0.153016,0.269030,0.322185,0.384756,0.433663,0.463034,2.142416,0.803347,0.866017,0.501851,0.217130,calls/second,milliseconds
1779276495,225,2.343537,0.220642,0.014246,0.153016,0.269030,0.322185,0.384756,0.433663,0.463034,2.142416,0.800484,0.866017,0.501851,0.217130,calls/second,milliseconds
1779276496,230,2.343537,0.227257,0.014246,0.148406,0.274973,0.321227,0.384351,0.433663,0.463034,2.021787,0.815368,0.866017,0.501851,0.217130,calls/second,milliseconds
1779276497,230,2.343537,0.227257,0.014246,0.148406,0.274973,0.321227,0.384351,0.433663,0.463034,2.021787,0.812484,0.866017,0.501851,0.217130,calls/second,milliseconds
1779276498,230,2.343537,0.227257,0.014246,0.148406,0.274973,0.321227,0.384351,0.433663,0.463034,2.021787,0.809620,0.866017,0.501851,0.217130,calls/second,milliseconds
1779276499,230,2.343537,0.227257,0.014246,0.148406,0.274973,0.321227,0.384351,0.433663,0.463034,2.021787,0.806775,0.876730,0.510085,0.221468,calls/second,milliseconds
1779276500,230,2.343537,0.227257,0.014246,0.148406,0.274973,0.321227,0.384351,0.433663,0.463034,2.021787,0.803952,0.876730,0.510085,0.221468,calls/second,milliseconds
1779276501,230,2.343537,0.227257,0.014246,0.148406,0.274973,0.321227,0.384351,0.433663,0.463034,2.021787,0.801147,0.876730,0.510085,0.221468,calls/second,milliseconds
1779276502,230,2.343537,0.227257,0.014246,0.148406,0.274973,0.321227,0.384351,0.433663,0.463034,2.021787,0.798362,0.876730,0.510085,0.221468,calls/second,milliseconds
1779276503,230,2.343537,0.227257,0.014246,0.148406,0.274973,0.321227,0.384351,0.433663,0.463034,2.021787,0.795597,0.876730,0.510085,0.221468,calls/second,milliseconds
1779276504,230,2.343537,0.227257,0.014246,0.148406,0.274973,0.321227,0.384351,0.433663,0.463034,2.021787,0.792851,0.806630,0.501654,0.220241,calls/second,milliseconds
1779276505,230,2.343537,0.227257,0.014246,0.148406,0.274973,0.321227,0.384351,0.433663,0.463034,2.021787,0.790124,0.806630,0.501654,0.220241,calls/second,milliseconds
1779276506,235,2.343537,0.230599,0.014246,0.142411,0.272787,0.317299,0.367262,0.416297,0.463034,2.021787,0.804532,0.806630,0.501654,0.220241,calls/second,milliseconds
1779276507,235,2.343537,0.230599,0.014246,0.142411,0.272787,0.317299,0.367262,0.416297,0.463034,2.021787,0.801782,0.806630,0.501654,0.220241,calls/second,milliseconds
1779276508,240,2.343537,0.214415,0.014246,0.146710,0.268705,0.311138,0.365322,0.399748,0.433673,2.021787,0.816053,0.806630,0.501654,0.220241,calls/second,milliseconds
1779276509,240,2.343537,0.214415,0.014246,0.146710,0.268705,0.311138,0.365322,0.399748,0.433673,2.021787,0.813283,0.902047,0.526419,0.230101,calls/second,milliseconds
1779276510,240,2.343537,0.214415,0.014246,0.146710,0.268705,0.311138,0.365322,0.399748,0.433673,2.021787,0.810532,0.902047,0.526419,0.230101,calls/second,milliseconds
1779276511,240,2.343537,0.214415,0.014246,0.146710,0.268705,0.311138,0.365322,0.399748,0.433673,2.021787,0.807800,0.902047,0.526419,0.230101,calls/second,milliseconds
1779276512,240,2.343537,0.214415,0.014246,0.146710,0.268705,0.311138,0.365322,0.399748,0.433673,2.021787,0.805086,0.902047,0.526419,0.230101,calls/second,milliseconds
1779276513,245,2.343537,0.215028,0.014246,0.141199,0.254677,0.310649,0.361423,0.399748,0.433673,2.021787,0.819108,0.902047,0.526419,0.230101,calls/second,milliseconds
1779276514,245,2.343537,0.215028,0.014246,0.141199,0.254677,0.310649,0.361423,0.399748,0.433673,2.021787,0.816373,0.909879,0.534247,0.234366,calls/second,milliseconds
1779276515,245,2.343537,0.215028,0.014246,0.141199,0.254677,0.310649,0.361423,0.399748,0.433673,2.021787,0.813657,0.909879,0.534247,0.234366,calls/second,milliseconds
1779276516,245,2.343537,0.215028,0.014246,0.141199,0.254677,0.310649,0.361423,0.399748,0.433673,2.021787,0.810958,0.909879,0.534247,0.234366,calls/second,milliseconds
1779276517,245,2.343537,0.215028,0.014246,0.141199,0.254677,0.310649,0.361423,0.399748,0.433673,2.021787,0.808276,0.909879,0.534247,0.234366,calls/second,milliseconds
1779276518,245,2.343537,0.215028,0.014246,0.141199,0.254677,0.310649,0.361423,0.399748,0.433673,2.021787,0.805614,0.909879,0.534247,0.234366,calls/second,milliseconds
1779276519,245,2.343537,0.215028,0.014246,0.141199,0.254677,0.310649,0.361423,0.399748,0.433673,2.021787,0.802970,0.837129,0.525416,0.233068,calls/second,milliseconds
1779276520,245,2.343537,0.215028,0.014246,0.141199,0.254677,0.310649,0.361423,0.399748,0.433673,2.021787,0.800344,0.837129,0.525416,0.233068,calls/second,milliseconds
1779276521,245,2.343537,0.215028,0.014246,0.141199,0.254677,0.310649,0.361423,0.399748,0.433673,2.021787,0.797734,0.837129,0.525416,0.233068,calls/second,milliseconds
1779276522,245,2.343537,0.215028,0.014246,0.141199,0.254677,0.310649,0.361423,0.399748,0.433673,2.021787,0.795141,0.837129,0.525416,0.233068,calls/second,milliseconds
1779276523,250,2.343537,0.219850,0.014246,0.136095,0.251305,0.310649,0.361423,0.394237,0.433673,1.781360,0.808738,0.837129,0.525416,0.233068,calls/second,milliseconds
1779276524,250,2.343537,0.219850,0.014246,0.136095,0.251305,0.310649,0.361423,0.394237,0.433673,1.781360,0.806127,0.850151,0.533261,0.237317,calls/second,milliseconds
1779276525,255,2.343537,0.204712,0.014246,0.139893,0.244858,0.306561,0.359162,0.394237,0.433673,1.781360,0.819603,0.850151,0.533261,0.237317,calls/second,milliseconds
1779276526,255,2.343537,0.204712,0.014246,0.139893,0.244858,0.306561,0.359162,0.394237,0.433673,1.781360,0.816974,0.850151,0.533261,0.237317,calls/second,milliseconds
1779276527,255,2.343537,0.204712,0.014246,0.139893,0.244858,0.306561,0.359162,0.394237,0.433673,1.781360,0.814360,0.850151,0.533261,0.237317,calls/second,milliseconds
1779276528,255,2.343537,0.204712,0.014246,0.139893,0.244858,0.306561,0.359162,0.394237,0.433673,1.781360,0.811764,0.850151,0.533261,0.237317,calls/second,milliseconds
1779276529,255,2.343537,0.204712,0.014246,0.139893,0.244858,0.306561,0.359162,0.394237,0.433673,1.781360,0.809185,0.862133,0.540975,0.241542,calls/second,milliseconds
1779276530,260,2.343537,0.212089,0.014246,0.136470,0.251305,0.306602,0.359162,0.394237,0.433663,0.481196,0.822435,0.862133,0.540975,0.241542,calls/second,milliseconds
1779276532,260,2.343537,0.212089,0.014246,0.136470,0.251305,0.306602,0.359162,0.394237,0.433663,0.481196,0.819836,0.862133,0.540975,0.241542,calls/second,milliseconds
1779276533,260,2.343537,0.212089,0.014246,0.136470,0.251305,0.306602,0.359162,0.394237,0.433663,0.481196,0.817255,0.862133,0.540975,0.241542,calls/second,milliseconds
1779276534,260,2.343537,0.212089,0.014246,0.136470,0.251305,0.306602,0.359162,0.394237,0.433663,0.481196,0.814691,0.862133,0.540975,0.241542,calls/second,milliseconds
1779276535,260,2.343537,0.212089,0.014246,0.136470,0.251305,0.306602,0.359162,0.394237,0.433663,0.481196,0.812142,0.873156,0.548562,0.245744,calls/second,milliseconds
1779276536,260,2.343537,0.212089,0.014246,0.136470,0.251305,0.306602,0.359162,0.394237,0.433663,0.481196,0.809609,0.873156,0.548562,0.245744,calls/second,milliseconds
1779276537,260,2.343537,0.212089,0.014246,0.136470,0.251305,0.306602,0.359162,0.394237,0.433663,0.481196,0.807091,0.873156,0.548562,0.245744,calls/second,milliseconds
1779276538,260,2.343537,0.212089,0.014246,0.136470,0.251305,0.306602,0.359162,0.394237,0.433663,0.481196,0.804590,0.873156,0.548562,0.245744,calls/second,milliseconds
1779276539,260,2.343537,0.212089,0.014246,0.136470,0.251305,0.306602,0.359162,0.394237,0.433663,0.481196,0.802102,0.873156,0.548562,0.245744,calls/second,milliseconds
1779276540,260,2.343537,0.212089,0.014246,0.136470,0.251305,0.306602,0.359162,0.394237,0.433663,0.481196,0.799632,0.803342,0.539495,0.244383,calls/second,milliseconds
1779276541,265,2.343537,0.213888,0.014246,0.130961,0.251107,0.305810,0.357638,0.394237,0.433663,0.481196,0.812507,0.803342,0.539495,0.244383,calls/second,milliseconds
1779276542,265,2.343537,0.213888,0.014246,0.130961,0.251107,0.305810,0.357638,0.394237,0.433663,0.481196,0.810019,0.803342,0.539495,0.244383,calls/second,milliseconds
1779276543,270,2.343537,0.200354,0.014246,0.133482,0.241606,0.303192,0.357638,0.394237,0.416297,0.481196,0.822784,0.803342,0.539495,0.244383,calls/second,milliseconds
1779276544,270,2.343537,0.200354,0.014246,0.133482,0.241606,0.303192,0.357638,0.394237,0.416297,0.481196,0.820281,0.803342,0.539495,0.244383,calls/second,milliseconds
1779276545,270,2.343537,0.200354,0.014246,0.133482,0.241606,0.303192,0.357638,0.394237,0.416297,0.481196,0.817793,0.899022,0.563635,0.254109,calls/second,milliseconds
1779276546,270,2.343537,0.200354,0.014246,0.133482,0.241606,0.303192,0.357638,0.394237,0.416297,0.481196,0.815321,0.899022,0.563635,0.254109,calls/second,milliseconds
1779276547,270,2.343537,0.200354,0.014246,0.133482,0.241606,0.303192,0.357638,0.394237,0.416297,0.481196,0.812863,0.899022,0.563635,0.254109,calls/second,milliseconds
1779276548,275,2.343537,0.223277,0.014246,0.149584,0.251305,0.310746,0.478375,0.495233,0.510212,0.510212,0.825427,0.899022,0.563635,0.254109,calls/second,milliseconds
1779276549,275,2.343537,0.223277,0.014246,0.149584,0.251305,0.310746,0.478375,0.495233,0.510212,0.510212,0.822953,0.899022,0.563635,0.254109,calls/second,milliseconds
1779276550,275,2.343537,0.223277,0.014246,0.149584,0.251305,0.310746,0.478375,0.495233,0.510212,0.510212,0.820492,0.907095,0.570848,0.258241,calls/second,milliseconds
1779276551,275,2.343537,0.223277,0.014246,0.149584,0.251305,0.310746,0.478375,0.495233,0.510212,0.510212,0.818047,0.907095,0.570848,0.258241,calls/second,milliseconds
1779276552,275,2.343537,0.223277,0.014246,0.149584,0.251305,0.310746,0.478375,0.495233,0.510212,0.510212,0.815618,0.907095,0.570848,0.258241,calls/second,milliseconds
1779276553,275,2.343537,0.223277,0.014246,0.149584,0.251305,0.310746,0.478375,0.495233,0.510212,0.510212,0.813203,0.907095,0.570848,0.258241,calls/second,milliseconds
1779276554,275,2.343537,0.223277,0.014246,0.149584,0.251305,0.310746,0.478375,0.495233,0.510212,0.510212,0.810801,0.907095,0.570848,0.258241,calls/second,milliseconds
1779276555,275,2.343537,0.223277,0.014246,0.149584,0.251305,0.310746,0.478375,0.495233,0.510212,0.510212,0.808413,0.834568,0.561412,0.256811,calls/second,milliseconds
1779276556,275,2.343537,0.223277,0.014246,0.149584,0.251305,0.310746,0.478375,0.495233,0.510212,0.510212,0.806038,0.834568,0.561412,0.256811,calls/second,milliseconds
1779276557,275,2.343537,0.223277,0.014246,0.149584,0.251305,0.310746,0.478375,0.495233,0.510212,0.510212,0.803680,0.834568,0.561412,0.256811,calls/second,milliseconds
1779276558,280,2.343537,0.237285,0.014246,0.150169,0.268705,0.324141,0.471694,0.495233,0.510212,0.510212,0.815904,0.834568,0.561412,0.256811,calls/second,milliseconds
1779276559,280,2.343537,0.237285,0.014246,0.150169,0.268705,0.324141,0.471694,0.495233,0.510212,0.510212,0.813530,0.834568,0.561412,0.256811,calls/second,milliseconds
1779276560,285,2.343537,0.221248,0.014246,0.153750,0.251305,0.320273,0.471694,0.495233,0.510212,0.510212,0.825655,0.927751,0.585190,0.266468,calls/second,milliseconds
1779276561,285,2.343537,0.221248,0.014246,0.153750,0.251305,0.320273,0.471694,0.495233,0.510212,0.510212,0.823267,0.927751,0.585190,0.266468,calls/second,milliseconds
1779276562,285,2.343537,0.221248,0.014246,0.153750,0.251305,0.320273,0.471694,0.495233,0.510212,0.510212,0.820892,0.927751,0.585190,0.266468,calls/second,milliseconds
1779276563,285,2.343537,0.221248,0.014246,0.153750,0.251305,0.320273,0.471694,0.495233,0.510212,0.510212,0.818530,0.927751,0.585190,0.266468,calls/second,milliseconds
1779276564,285,2.343537,0.221248,0.014246,0.153750,0.251305,0.320273,0.471694,0.495233,0.510212,0.510212,0.816182,0.927751,0.585190,0.266468,calls/second,milliseconds
1779276565,290,2.343537,0.228601,0.014246,0.149696,0.265556,0.322803,0.471694,0.495233,0.510212,0.510212,0.828126,0.933528,0.592046,0.270532,calls/second,milliseconds
1779276566,290,2.343537,0.228601,0.014246,0.149696,0.265556,0.322803,0.471694,0.495233,0.510212,0.510212,0.825762,0.933528,0.592046,0.270532,calls/second,milliseconds
1779276567,290,2.343537,0.228601,0.014246,0.149696,0.265556,0.322803,0.471694,0.495233,0.510212,0.510212,0.823414,0.933528,0.592046,0.270532,calls/second,milliseconds
1779276568,290,2.343537,0.228601,0.014246,0.149696,0.265556,0.322803,0.471694,0.495233,0.510212,0.510212,0.821079,0.933528,0.592046,0.270532,calls/second,milliseconds
1779276569,290,2.343537,0.228601,0.014246,0.149696,0.265556,0.322803,0.471694,0.495233,0.510212,0.510212,0.818756,0.933528,0.592046,0.270532,calls/second,milliseconds
1779276570,290,2.343537,0.228601,0.014246,0.149696,0.265556,0.322803,0.471694,0.495233,0.510212,0.510212,0.816447,0.858887,0.582261,0.269033,calls/second,milliseconds
1779276571,290,2.343537,0.228601,0.014246,0.149696,0.265556,0.322803,0.471694,0.495233,0.510212,0.510212,0.814150,0.858887,0.582261,0.269033,calls/second,milliseconds
1779276572,290,2.343537,0.228601,0.014246,0.149696,0.265556,0.322803,0.471694,0.495233,0.510212,0.510212,0.811868,0.858887,0.582261,0.269033,calls/second,milliseconds
1779276573,290,2.343537,0.228601,0.014246,0.149696,0.265556,0.322803,0.471694,0.495233,0.510212,0.510212,0.809598,0.858887,0.582261,0.269033,calls/second,milliseconds
1779276574,290,2.343537,0.228601,0.014246,0.149696,0.265556,0.322803,0.471694,0.495233,0.510212,0.510212,0.807341,0.858887,0.582261,0.269033,calls/second,milliseconds
1779276575,295,2.343537,0.223513,0.014246,0.144315,0.251107,0.317299,0.464241,0.495233,0.510212,0.510212,0.818969,0.870170,0.589165,0.273083,calls/second,milliseconds
1779276576,295,2.343537,0.223513,0.014246,0.144315,0.251107,0.317299,0.464241,0.495233,0.510212,0.510212,0.816698,0.870170,0.589165,0.273083,calls/second,milliseconds
1779276577,300,2.343537,0.207658,0.014246,0.148311,0.229351,0.311022,0.464241,0.495233,0.510212,0.510212,0.828244,0.870170,0.589165,0.273083,calls/second,milliseconds
1779276578,300,2.343537,0.207658,0.014246,0.148311,0.229351,0.311022,0.464241,0.495233,0.510212,0.510212,0.825960,0.870170,0.589165,0.273083,calls/second,milliseconds
1779276579,300,2.343537,0.207658,0.014246,0.148311,0.229351,0.311022,0.464241,0.495233,0.510212,0.510212,0.823688,0.870170,0.589165,0.273083,calls/second,milliseconds
1779276580,300,2.343537,0.207658,0.014246,0.148311,0.229351,0.311022,0.464241,0.495233,0.510212,0.510212,0.821429,0.880550,0.595956,0.277110,calls/second,milliseconds
1779276581,300,2.343537,0.207658,0.014246,0.148311,0.229351,0.311022,0.464241,0.495233,0.510212,0.510212,0.819183,0.880550,0.595956,0.277110,calls/second,milliseconds
1779276582,305,2.343537,0.213747,0.014246,0.144058,0.244858,0.311022,0.463365,0.481196,0.510212,0.510212,0.830565,0.880550,0.595956,0.277110,calls/second,milliseconds
1779276583,305,2.343537,0.213747,0.014246,0.144058,0.244858,0.311022,0.463365,0.481196,0.510212,0.510212,0.828304,0.880550,0.595956,0.277110,calls/second,milliseconds
1779276584,305,2.343537,0.213747,0.014246,0.144058,0.244858,0.311022,0.463365,0.481196,0.510212,0.510212,0.826057,0.880550,0.595956,0.277110,calls/second,milliseconds
1779276585,305,2.343537,0.213747,0.014246,0.144058,0.244858,0.311022,0.463365,0.481196,0.510212,0.510212,0.823823,0.890101,0.602634,0.281115,calls/second,milliseconds
1779276586,305,2.343537,0.213747,0.014246,0.144058,0.244858,0.311022,0.463365,0.481196,0.510212,0.510212,0.821599,0.890101,0.602634,0.281115,calls/second,milliseconds
1779276587,305,2.343537,0.213747,0.014246,0.144058,0.244858,0.311022,0.463365,0.481196,0.510212,0.510212,0.819388,0.890101,0.602634,0.281115,calls/second,milliseconds
1779276588,305,2.343537,0.213747,0.014246,0.144058,0.244858,0.311022,0.463365,0.481196,0.510212,0.510212,0.817190,0.890101,0.602634,0.281115,calls/second,milliseconds
1779276589,305,2.343537,0.213747,0.014246,0.144058,0.244858,0.311022,0.463365,0.481196,0.510212,0.510212,0.815003,0.890101,0.602634,0.281115,calls/second,milliseconds
1779276590,305,2.343537,0.213747,0.014246,0.144058,0.244858,0.311022,0.463365,0.481196,0.510212,0.510212,0.812828,0.818932,0.592673,0.279558,calls/second,milliseconds
1779276591,305,2.343537,0.213747,0.014246,0.144058,0.244858,0.311022,0.463365,0.481196,0.510212,0.510212,0.810665,0.818932,0.592673,0.279558,calls/second,milliseconds
1779276592,310,2.343537,0.218031,0.014246,0.139203,0.250121,0.311022,0.416297,0.478375,0.495233,0.510212,0.821767,0.818932,0.592673,0.279558,calls/second,milliseconds
1779276593,310,2.343537,0.218031,0.014246,0.139203,0.250121,0.311022,0.416297,0.478375,0.495233,0.510212,0.819591,0.818932,0.592673,0.279558,calls/second,milliseconds
1779276594,315,2.343537,0.201458,0.009341,0.144685,0.230553,0.309316,0.398914,0.478375,0.495233,0.510212,0.830611,0.818932,0.592673,0.279558,calls/second,milliseconds
1779276595,315,2.343537,0.201458,0.009341,0.144685,0.230553,0.309316,0.398914,0.478375,0.495233,0.510212,0.828422,0.913365,0.615935,0.289089,calls/second,milliseconds
1779276596,315,2.343537,0.201458,0.009341,0.144685,0.230553,0.309316,0.398914,0.478375,0.495233,0.510212,0.826245,0.913365,0.615935,0.289089,calls/second,milliseconds
1779276597,315,2.343537,0.201458,0.009341,0.144685,0.230553,0.309316,0.398914,0.478375,0.495233,0.510212,0.824079,0.913365,0.615935,0.289089,calls/second,milliseconds
1779276598,315,2.343537,0.201458,0.009341,0.144685,0.230553,0.309316,0.398914,0.478375,0.495233,0.510212,0.821926,0.913365,0.615935,0.289089,calls/second,milliseconds
1779276599,320,2.343537,0.206977,0.009341,0.140103,0.248695,0.306602,0.398914,0.478375,0.495233,0.510212,0.832796,0.913365,0.615935,0.289089,calls/second,milliseconds
1779276600,320,2.343537,0.206977,0.009341,0.140103,0.248695,0.306602,0.398914,0.478375,0.495233,0.510212,0.830632,0.920292,0.622283,0.293028,calls/second,milliseconds
1779276601,320,2.343537,0.206977,0.009341,0.140103,0.248695,0.306602,0.398914,0.478375,0.495233,0.510212,0.828478,0.920292,0.622283,0.293028,calls/second,milliseconds
1779276602,320,2.343537,0.206977,0.009341,0.140103,0.248695,0.306602,0.398914,0.478375,0.495233,0.510212,0.826336,0.920292,0.622283,0.293028,calls/second,milliseconds
1779276603,320,2.343537,0.206977,0.009341,0.140103,0.248695,0.306602,0.398914,0.478375,0.495233,0.510212,0.824205,0.920292,0.622283,0.293028,calls/second,milliseconds
1779276604,320,2.343537,0.206977,0.009341,0.140103,0.248695,0.306602,0.398914,0.478375,0.495233,0.510212,0.822083,0.920292,0.622283,0.293028,calls/second,milliseconds
1779276605,320,2.343537,0.206977,0.009341,0.140103,0.248695,0.306602,0.398914,0.478375,0.495233,0.510212,0.819973,0.846710,0.611997,0.291404,calls/second,milliseconds
1779276606,320,2.343537,0.206977,0.009341,0.140103,0.248695,0.306602,0.398914,0.478375,0.495233,0.510212,0.817874,0.846710,0.611997,0.291404,calls/second,milliseconds
1779276607,320,2.343537,0.206977,0.009341,0.140103,0.248695,0.306602,0.398914,0.478375,0.495233,0.510212,0.815786,0.846710,0.611997,0.291404,calls/second,milliseconds
1779276608,320,2.343537,0.206977,0.009341,0.140103,0.248695,0.306602,0.398914,0.478375,0.495233,0.510212,0.813709,0.846710,0.611997,0.291404,calls/second,milliseconds
1779276609,325,2.343537,0.207686,0.009341,0.134551,0.238625,0.304873,0.394237,0.478375,0.495233,0.510212,0.824323,0.846710,0.611997,0.291404,calls/second,milliseconds
1779276610,325,2.343537,0.207686,0.009341,0.134551,0.238625,0.304873,0.394237,0.478375,0.495233,0.510212,0.822234,0.858966,0.618410,0.295330,calls/second,milliseconds
1779276611,330,2.343537,0.192620,0.009341,0.138677,0.228512,0.294011,0.388638,0.471694,0.495233,0.510212,0.832774,0.858966,0.618410,0.295330,calls/second,milliseconds
1779276612,330,2.343537,0.192620,0.009341,0.138677,0.228512,0.294011,0.388638,0.471694,0.495233,0.510212,0.830675,0.858966,0.618410,0.295330,calls/second,milliseconds
1779276613,330,2.343537,0.192620,0.009341,0.138677,0.228512,0.294011,0.388638,0.471694,0.495233,0.510212,0.828586,0.858966,0.618410,0.295330,calls/second,milliseconds
1779276614,330,2.343537,0.192620,0.009341,0.138677,0.228512,0.294011,0.388638,0.471694,0.495233,0.510212,0.826506,0.858966,0.618410,0.295330,calls/second,milliseconds
1779276615,330,2.343537,0.192620,0.009341,0.138677,0.228512,0.294011,0.388638,0.471694,0.495233,0.510212,0.824438,0.870243,0.624717,0.299234,calls/second,milliseconds
1779276616,330,2.343537,0.192620,0.009341,0.138677,0.228512,0.294011,0.388638,0.471694,0.495233,0.510212,0.822380,0.870243,0.624717,0.299234,calls/second,milliseconds
1779276617,330,2.343537,0.192620,0.009341,0.138677,0.228512,0.294011,0.388638,0.471694,0.495233,0.510212,0.820333,0.870243,0.624717,0.299234,calls/second,milliseconds
1779276618,330,2.343537,0.192620,0.009341,0.138677,0.228512,0.294011,0.388638,0.471694,0.495233,0.510212,0.818295,0.870243,0.624717,0.299234,calls/second,milliseconds
1779276619,330,2.343537,0.192620,0.009341,0.138677,0.228512,0.294011,0.388638,0.471694,0.495233,0.510212,0.816268,0.870243,0.624717,0.299234,calls/second,milliseconds
1779276620,330,2.343537,0.192620,0.009341,0.138677,0.228512,0.294011,0.388638,0.471694,0.495233,0.510212,0.814251,0.800662,0.614392,0.297576,calls/second,milliseconds
1779276621,335,2.343537,0.200879,0.009341,0.135578,0.238625,0.303192,0.387667,0.471694,0.495233,0.510212,0.824550,0.800662,0.614392,0.297576,calls/second,milliseconds
1779276622,335,2.343537,0.200879,0.009341,0.135578,0.238625,0.303192,0.387667,0.471694,0.495233,0.510212,0.822523,0.800662,0.614392,0.297576,calls/second,milliseconds
1779276623,335,2.343537,0.200879,0.009341,0.135578,0.238625,0.303192,0.387667,0.471694,0.495233,0.510212,0.820505,0.800662,0.614392,0.297576,calls/second,milliseconds
1779276624,335,2.343537,0.200879,0.009341,0.135578,0.238625,0.303192,0.387667,0.471694,0.495233,0.510212,0.818498,0.800662,0.614392,0.297576,calls/second,milliseconds
1779276625,335,2.343537,0.200879,0.009341,0.135578,0.238625,0.303192,0.387667,0.471694,0.495233,0.510212,0.816500,0.816600,0.620765,0.301468,calls/second,milliseconds
1779276626,335,2.343537,0.200879,0.009341,0.135578,0.238625,0.303192,0.387667,0.471694,0.495233,0.510212,0.814511,0.816600,0.620765,0.301468,calls/second,milliseconds
1779276627,335,2.343537,0.200879,0.009341,0.135578,0.238625,0.303192,0.387667,0.471694,0.495233,0.510212,0.812533,0.816600,0.620765,0.301468,calls/second,milliseconds
1779276628,335,2.343537,0.200879,0.009341,0.135578,0.238625,0.303192,0.387667,0.471694,0.495233,0.510212,0.810564,0.816600,0.620765,0.301468,calls/second,milliseconds
1779276629,335,2.343537,0.200879,0.009341,0.135578,0.238625,0.303192,0.387667,0.471694,0.495233,0.510212,0.808605,0.816600,0.620765,0.301468,calls/second,milliseconds
1779276630,335,2.343537,0.200879,0.009341,0.135578,0.238625,0.303192,0.387667,0.471694,0.495233,0.510212,0.806655,0.751308,0.610505,0.299798,calls/second,milliseconds
1779276631,340,2.343537,0.201488,0.009341,0.129375,0.229351,0.292291,0.387667,0.471694,0.495233,0.510212,0.816725,0.751308,0.610505,0.299798,calls/second,milliseconds
1779276632,340,2.343537,0.201488,0.009341,0.129375,0.229351,0.292291,0.387667,0.471694,0.495233,0.510212,0.814765,0.751308,0.610505,0.299798,calls/second,milliseconds
1779276633,345,2.343537,0.187948,0.009341,0.131466,0.210197,0.283988,0.386102,0.464241,0.481196,0.510212,0.824766,0.751308,0.610505,0.299798,calls/second,milliseconds
1779276634,345,2.343537,0.187948,0.009341,0.131466,0.210197,0.283988,0.386102,0.464241,0.481196,0.510212,0.822796,0.751308,0.610505,0.299798,calls/second,milliseconds
1779276635,345,2.343537,0.187948,0.009341,0.131466,0.210197,0.283988,0.386102,0.464241,0.481196,0.510212,0.820835,0.851148,0.633471,0.309217,calls/second,milliseconds
1779276636,345,2.343537,0.187948,0.009341,0.131466,0.210197,0.283988,0.386102,0.464241,0.481196,0.510212,0.818885,0.851148,0.633471,0.309217,calls/second,milliseconds
1779276637,345,2.343537,0.187948,0.009341,0.131466,0.210197,0.283988,0.386102,0.464241,0.481196,0.510212,0.816943,0.851148,0.633471,0.309217,calls/second,milliseconds
1779276638,350,2.343537,0.194524,0.009341,0.128156,0.221104,0.285967,0.370872,0.464241,0.478375,0.510212,0.826822,0.851148,0.633471,0.309217,calls/second,milliseconds
1779276639,350,2.343537,0.194524,0.009341,0.128156,0.221104,0.285967,0.370872,0.464241,0.478375,0.510212,0.824869,0.851148,0.633471,0.309217,calls/second,milliseconds
1779276640,350,2.343537,0.194524,0.009341,0.128156,0.221104,0.285967,0.370872,0.464241,0.478375,0.510212,0.822927,0.863050,0.639529,0.313044,calls/second,milliseconds
1779276641,350,2.343537,0.194524,0.009341,0.128156,0.221104,0.285967,0.370872,0.464241,0.478375,0.510212,0.820993,0.863050,0.639529,0.313044,calls/second,milliseconds
1779276642,350,2.343537,0.194524,0.009341,0.128156,0.221104,0.285967,0.370872,0.464241,0.478375,0.510212,0.819068,0.863050,0.639529,0.313044,calls/second,milliseconds
1779276643,350,2.343537,0.194524,0.009341,0.128156,0.221104,0.285967,0.370872,0.464241,0.478375,0.510212,0.817153,0.863050,0.639529,0.313044,calls/second,milliseconds
1779276644,350,2.343537,0.194524,0.009341,0.128156,0.221104,0.285967,0.370872,0.464241,0.478375,0.510212,0.815247,0.863050,0.639529,0.313044,calls/second,milliseconds
1779276645,350,2.343537,0.194524,0.009341,0.128156,0.221104,0.285967,0.370872,0.464241,0.478375,0.510212,0.813349,0.794044,0.628959,0.311310,calls/second,milliseconds
1779276646,350,2.343537,0.194524,0.009341,0.128156,0.221104,0.285967,0.370872,0.464241,0.478375,0.510212,0.811461,0.794044,0.628959,0.311310,calls/second,milliseconds
1779276647,350,2.343537,0.194524,0.009341,0.128156,0.221104,0.285967,0.370872,0.464241,0.478375,0.510212,0.809580,0.794044,0.628959,0.311310,calls/second,milliseconds
1779276648,355,2.343537,0.195438,0.009341,0.122363,0.212926,0.280402,0.365322,0.464241,0.478375,0.510212,0.819247,0.794044,0.628959,0.311310,calls/second,milliseconds
1779276649,355,2.343537,0.195438,0.009341,0.122363,0.212926,0.280402,0.365322,0.464241,0.478375,0.510212,0.817358,0.794044,0.628959,0.311310,calls/second,milliseconds
1779276650,360,2.343537,0.181693,0.009341,0.125603,0.207682,0.274973,0.357638,0.433663,0.478375,0.510212,0.826963,0.890467,0.651620,0.320665,calls/second,milliseconds
1779276651,360,2.343537,0.181693,0.009341,0.125603,0.207682,0.274973,0.357638,0.433663,0.478375,0.510212,0.825065,0.890467,0.651620,0.320665,calls/second,milliseconds
1779276652,360,2.343537,0.181693,0.009341,0.125603,0.207682,0.274973,0.357638,0.433663,0.478375,0.510212,0.823175,0.890467,0.651620,0.320665,calls/second,milliseconds
1779276653,360,2.343537,0.181693,0.009341,0.125603,0.207682,0.274973,0.357638,0.433663,0.478375,0.510212,0.821293,0.890467,0.651620,0.320665,calls/second,milliseconds
1779276654,360,2.343537,0.181693,0.009341,0.125603,0.207682,0.274973,0.357638,0.433663,0.478375,0.510212,0.819421,0.890467,0.651620,0.320665,calls/second,milliseconds
1779276655,365,2.343537,0.181546,0.009341,0.120687,0.203171,0.272251,0.343378,0.398914,0.478375,0.510212,0.828912,0.899225,0.657378,0.324429,calls/second,milliseconds
1779276656,365,2.343537,0.181546,0.009341,0.120687,0.203171,0.272251,0.343378,0.398914,0.478375,0.510212,0.827031,0.899225,0.657378,0.324429,calls/second,milliseconds
1779276657,365,2.343537,0.181546,0.009341,0.120687,0.203171,0.272251,0.343378,0.398914,0.478375,0.510212,0.825159,0.899225,0.657378,0.324429,calls/second,milliseconds
1779276658,365,2.343537,0.181546,0.009341,0.120687,0.203171,0.272251,0.343378,0.398914,0.478375,0.510212,0.823295,0.899225,0.657378,0.324429,calls/second,milliseconds
1779276659,365,2.343537,0.181546,0.009341,0.120687,0.203171,0.272251,0.343378,0.398914,0.478375,0.510212,0.821438,0.899225,0.657378,0.324429,calls/second,milliseconds
1779276660,365,2.343537,0.181546,0.009341,0.120687,0.203171,0.272251,0.343378,0.398914,0.478375,0.510212,0.819591,0.827327,0.646513,0.322631,calls/second,milliseconds
1779276661,365,2.343537,0.181546,0.009341,0.120687,0.203171,0.272251,0.343378,0.398914,0.478375,0.510212,0.817752,0.827327,0.646513,0.322631,calls/second,milliseconds
1779276662,365,2.343537,0.181546,0.009341,0.120687,0.203171,0.272251,0.343378,0.398914,0.478375,0.510212,0.815922,0.827327,0.646513,0.322631,calls/second,milliseconds
1779276663,365,2.343537,0.181546,0.009341,0.120687,0.203171,0.272251,0.343378,0.398914,0.478375,0.510212,0.814100,0.827327,0.646513,0.322631,calls/second,milliseconds
1779276664,365,2.343537,0.181546,0.009341,0.120687,0.203171,0.272251,0.343378,0.398914,0.478375,0.510212,0.812285,0.827327,0.646513,0.322631,calls/second,milliseconds
1779276665,370,2.343537,0.189533,0.009341,0.118133,0.212093,0.270862,0.339080,0.398914,0.471694,0.510212,0.821581,0.841133,0.652356,0.326384,calls/second,milliseconds
1779276666,370,2.343537,0.189533,0.009341,0.118133,0.212093,0.270862,0.339080,0.398914,0.471694,0.510212,0.819757,0.841133,0.652356,0.326384,calls/second,milliseconds
1779276667,375,2.343537,0.177312,0.009341,0.120224,0.203171,0.269306,0.336726,0.394237,0.471694,0.510212,0.828996,0.841133,0.652356,0.326384,calls/second,milliseconds
1779276668,375,2.343537,0.177312,0.009341,0.120224,0.203171,0.269306,0.336726,0.394237,0.471694,0.510212,0.827164,0.841133,0.652356,0.326384,calls/second,milliseconds
1779276669,375,2.343537,0.177312,0.009341,0.120224,0.203171,0.269306,0.336726,0.394237,0.471694,0.510212,0.825341,0.841133,0.652356,0.326384,calls/second,milliseconds
1779276670,375,2.343537,0.177312,0.009341,0.120224,0.203171,0.269306,0.336726,0.394237,0.471694,0.510212,0.823526,0.853835,0.658102,0.330116,calls/second,milliseconds
1779276671,375,2.343537,0.177312,0.009341,0.120224,0.203171,0.269306,0.336726,0.394237,0.471694,0.510212,0.821719,0.853835,0.658102,0.330116,calls/second,milliseconds
1779276672,380,2.343537,0.196703,0.009341,0.133026,0.212093,0.285967,0.398914,0.495233,0.507208,0.510212,0.830852,0.853835,0.658102,0.330116,calls/second,milliseconds
1779276673,380,2.343537,0.196703,0.009341,0.133026,0.212093,0.285967,0.398914,0.495233,0.507208,0.510212,0.829037,0.853835,0.658102,0.330116,calls/second,milliseconds
1779276674,380,2.343537,0.196703,0.009341,0.133026,0.212093,0.285967,0.398914,0.495233,0.507208,0.510212,0.827230,0.853835,0.658102,0.330116,calls/second,milliseconds
1779276675,380,2.343537,0.196703,0.009341,0.133026,0.212093,0.285967,0.398914,0.495233,0.507208,0.510212,0.825431,0.865522,0.663753,0.333827,calls/second,milliseconds
1779276676,380,2.343537,0.196703,0.009341,0.133026,0.212093,0.285967,0.398914,0.495233,0.507208,0.510212,0.823639,0.865522,0.663753,0.333827,calls/second,milliseconds
1779276677,380,2.343537,0.196703,0.009341,0.133026,0.212093,0.285967,0.398914,0.495233,0.507208,0.510212,0.821855,0.865522,0.663753,0.333827,calls/second,milliseconds
1779276678,380,2.343537,0.196703,0.009341,0.133026,0.212093,0.285967,0.398914,0.495233,0.507208,0.510212,0.820073,0.865522,0.663753,0.333827,calls/second,milliseconds
1779276679,380,2.343537,0.196703,0.009341,0.133026,0.212093,0.285967,0.398914,0.495233,0.507208,0.510212,0.818304,0.865522,0.663753,0.333827,calls/second,milliseconds
1779276680,380,2.343537,0.196703,0.009341,0.133026,0.212093,0.285967,0.398914,0.495233,0.507208,0.510212,0.816543,0.796319,0.652782,0.331978,calls/second,milliseconds
1779276681,380,2.343537,0.196703,0.009341,0.133026,0.212093,0.285967,0.398914,0.495233,0.507208,0.510212,0.814789,0.796319,0.652782,0.331978,calls/second,milliseconds
1779276682,385,2.343537,0.194601,0.009341,0.128076,0.209558,0.274495,0.388638,0.481196,0.507208,0.510212,0.823742,0.796319,0.652782,0.331978,calls/second,milliseconds
1779276683,385,2.343537,0.194601,0.009341,0.128076,0.209558,0.274495,0.388638,0.481196,0.507208,0.510212,0.821979,0.796319,0.652782,0.331978,calls/second,milliseconds
1779276684,390,2.343537,0.181416,0.009341,0.130339,0.201524,0.269306,0.386102,0.478375,0.507208,0.510212,0.830877,0.796319,0.652782,0.331978,calls/second,milliseconds
1779276685,390,2.343537,0.181416,0.009341,0.130339,0.201524,0.269306,0.386102,0.478375,0.507208,0.510212,0.829109,0.892560,0.675049,0.341219,calls/second,milliseconds
1779276686,390,2.343537,0.181416,0.009341,0.130339,0.201524,0.269306,0.386102,0.478375,0.507208,0.510212,0.827347,0.892560,0.675049,0.341219,calls/second,milliseconds
1779276687,390,2.343537,0.181416,0.009341,0.130339,0.201524,0.269306,0.386102,0.478375,0.507208,0.510212,0.825593,0.892560,0.675049,0.341219,calls/second,milliseconds
1779276688,390,2.343537,0.181416,0.009341,0.130339,0.201524,0.269306,0.386102,0.478375,0.507208,0.510212,0.823846,0.892560,0.675049,0.341219,calls/second,milliseconds
1779276689,395,2.343537,0.190347,0.009341,0.129462,0.210197,0.274270,0.395443,0.471694,0.507208,0.510212,0.832646,0.892560,0.675049,0.341219,calls/second,milliseconds
1779276690,395,2.343537,0.190347,0.009341,0.129462,0.210197,0.274270,0.395443,0.471694,0.507208,0.510212,0.830892,0.901150,0.680420,0.344869,calls/second,milliseconds
1779276691,395,2.343537,0.190347,0.009341,0.129462,0.210197,0.274270,0.395443,0.471694,0.507208,0.510212,0.829144,0.901150,0.680420,0.344869,calls/second,milliseconds
1779276692,395,2.343537,0.190347,0.009341,0.129462,0.210197,0.274270,0.395443,0.471694,0.507208,0.510212,0.827405,0.901150,0.680420,0.344869,calls/second,milliseconds
1779276693,395,2.343537,0.190347,0.009341,0.129462,0.210197,0.274270,0.395443,0.471694,0.507208,0.510212,0.825673,0.901150,0.680420,0.344869,calls/second,milliseconds
1779276694,395,2.343537,0.190347,0.009341,0.129462,0.210197,0.274270,0.395443,0.471694,0.507208,0.510212,0.823948,0.901150,0.680420,0.344869,calls/second,milliseconds
1779276695,395,2.343537,0.190347,0.009341,0.129462,0.210197,0.274270,0.395443,0.471694,0.507208,0.510212,0.822230,0.829098,0.669174,0.342958,calls/second,milliseconds
1779276696,395,2.343537,0.190347,0.009341,0.129462,0.210197,0.274270,0.395443,0.471694,0.507208,0.510212,0.820519,0.829098,0.669174,0.342958,calls/second,milliseconds
1779276697,395,2.343537,0.190347,0.009341,0.129462,0.210197,0.274270,0.395443,0.471694,0.507208,0.510212,0.818815,0.829098,0.669174,0.342958,calls/second,milliseconds
1779276698,395,2.343537,0.190347,0.009341,0.129462,0.210197,0.274270,0.395443,0.471694,0.507208,0.510212,0.817118,0.829098,0.669174,0.342958,calls/second,milliseconds
1779276699,400,2.343537,0.194588,0.009341,0.124524,0.221104,0.269152,0.395443,0.464241,0.507208,0.510212,0.825750,0.829098,0.669174,0.342958,calls/second,milliseconds
1779276700,400,2.343537,0.194588,0.009341,0.124524,0.221104,0.269152,0.395443,0.464241,0.507208,0.510212,0.824046,0.842763,0.674642,0.346598,calls/second,milliseconds
1779276701,405,2.343537,0.181770,0.009341,0.126796,0.210197,0.263799,0.387667,0.440129,0.507208,0.510212,0.832629,0.842763,0.674642,0.346598,calls/second,milliseconds
1779276702,405,2.343537,0.181770,0.009341,0.126796,0.210197,0.263799,0.387667,0.440129,0.507208,0.510212,0.830919,0.842763,0.674642,0.346598,calls/second,milliseconds
1779276703,405,2.343537,0.181770,0.009341,0.126796,0.210197,0.263799,0.387667,0.440129,0.507208,0.510212,0.829215,0.842763,0.674642,0.346598,calls/second,milliseconds
1779276704,405,2.343537,0.181770,0.009341,0.126796,0.210197,0.263799,0.387667,0.440129,0.507208,0.510212,0.827517,0.842763,0.674642,0.346598,calls/second,milliseconds
1779276705,405,2.343537,0.181770,0.009341,0.126796,0.210197,0.263799,0.387667,0.440129,0.507208,0.510212,0.825827,0.855335,0.680020,0.350218,calls/second,milliseconds
1779276706,405,2.343537,0.181770,0.009341,0.126796,0.210197,0.263799,0.387667,0.440129,0.507208,0.510212,0.824143,0.855335,0.680020,0.350218,calls/second,milliseconds
1779276707,405,2.343537,0.181770,0.009341,0.126796,0.210197,0.263799,0.387667,0.440129,0.507208,0.510212,0.822467,0.855335,0.680020,0.350218,calls/second,milliseconds
1779276708,405,2.343537,0.181770,0.009341,0.126796,0.210197,0.263799,0.387667,0.440129,0.507208,0.510212,0.820797,0.855335,0.680020,0.350218,calls/second,milliseconds
1779276709,405,2.343537,0.181770,0.009341,0.126796,0.210197,0.263799,0.387667,0.440129,0.507208,0.510212,0.819134,0.855335,0.680020,0.350218,calls/second,milliseconds
1779276710,405,2.343537,0.181770,0.009341,0.126796,0.210197,0.263799,0.387667,0.440129,0.507208,0.510212,0.817478,0.786946,0.668780,0.348278,calls/second,milliseconds
1779276711,410,2.343537,0.220232,0.009341,0.174089,0.228512,0.294011,0.623081,0.624107,0.680302,0.680302,0.825901,0.786946,0.668780,0.348278,calls/second,milliseconds
1779276712,410,2.343537,0.220232,0.009341,0.174089,0.228512,0.294011,0.623081,0.624107,0.680302,0.680302,0.824238,0.786946,0.668780,0.348278,calls/second,milliseconds
1779276713,410,2.343537,0.220232,0.009341,0.174089,0.228512,0.294011,0.623081,0.624107,0.680302,0.680302,0.822582,0.786946,0.668780,0.348278,calls/second,milliseconds
1779276714,410,2.343537,0.220232,0.009341,0.174089,0.228512,0.294011,0.623081,0.624107,0.680302,0.680302,0.820932,0.786946,0.668780,0.348278,calls/second,milliseconds
1779276715,410,2.343537,0.220232,0.009341,0.174089,0.228512,0.294011,0.623081,0.624107,0.680302,0.680302,0.819288,0.803981,0.674255,0.351889,calls/second,milliseconds
1779276716,410,2.343537,0.220232,0.009341,0.174089,0.228512,0.294011,0.623081,0.624107,0.680302,0.680302,0.817652,0.803981,0.674255,0.351889,calls/second,milliseconds
1779276717,410,2.343537,0.220232,0.009341,0.174089,0.228512,0.294011,0.623081,0.624107,0.680302,0.680302,0.816023,0.803981,0.674255,0.351889,calls/second,milliseconds
1779276718,410,2.343537,0.220232,0.009341,0.174089,0.228512,0.294011,0.623081,0.624107,0.680302,0.680302,0.814400,0.803981,0.674255,0.351889,calls/second,milliseconds
1779276719,410,2.343537,0.220232,0.009341,0.174089,0.228512,0.294011,0.623081,0.624107,0.680302,0.680302,0.812783,0.803981,0.674255,0.351889,calls/second,milliseconds
1779276720,410,2.343537,0.220232,0.009341,0.174089,0.228512,0.294011,0.623081,0.624107,0.680302,0.680302,0.811173,0.739698,0.663110,0.349939,calls/second,milliseconds
1779276721,415,2.343537,0.230750,0.009341,0.169277,0.236414,0.319842,0.619818,0.624107,0.680302,0.680302,0.819440,0.739698,0.663110,0.349939,calls/second,milliseconds
1779276722,415,2.343537,0.230750,0.009341,0.169277,0.236414,0.319842,0.619818,0.624107,0.680302,0.680302,0.817823,0.739698,0.663110,0.349939,calls/second,milliseconds
1779276723,420,2.343537,0.215022,0.009341,0.169852,0.225541,0.312936,0.619818,0.624107,0.680302,0.680302,0.826045,0.739698,0.663110,0.349939,calls/second,milliseconds
1779276724,420,2.343537,0.215022,0.009341,0.169852,0.225541,0.312936,0.619818,0.624107,0.680302,0.680302,0.824421,0.739698,0.663110,0.349939,calls/second,milliseconds
1779276725,420,2.343537,0.215022,0.009341,0.169852,0.225541,0.312936,0.619818,0.624107,0.680302,0.680302,0.822803,0.840466,0.685207,0.359081,calls/second,milliseconds
1779276726,420,2.343537,0.215022,0.009341,0.169852,0.225541,0.312936,0.619818,0.624107,0.680302,0.680302,0.821191,0.840466,0.685207,0.359081,calls/second,milliseconds
1779276727,420,2.343537,0.215022,0.009341,0.169852,0.225541,0.312936,0.619818,0.624107,0.680302,0.680302,0.819586,0.840466,0.685207,0.359081,calls/second,milliseconds
1779276728,425,2.343537,0.248459,0.009341,0.196144,0.236974,0.334907,0.623081,0.652648,0.680302,0.680302,0.827725,0.840466,0.685207,0.359081,calls/second,milliseconds
1779276729,425,2.343537,0.248459,0.009341,0.196144,0.236974,0.334907,0.623081,0.652648,0.680302,0.680302,0.826114,0.840466,0.685207,0.359081,calls/second,milliseconds
1779276730,425,2.343537,0.248459,0.009341,0.196144,0.236974,0.334907,0.623081,0.652648,0.680302,0.680302,0.824508,0.853222,0.690410,0.362631,calls/second,milliseconds
1779276731,425,2.343537,0.248459,0.009341,0.196144,0.236974,0.334907,0.623081,0.652648,0.680302,0.680302,0.822909,0.853222,0.690410,0.362631,calls/second,milliseconds
1779276732,425,2.343537,0.248459,0.009341,0.196144,0.236974,0.334907,0.623081,0.652648,0.680302,0.680302,0.821317,0.853222,0.690410,0.362631,calls/second,milliseconds
1779276733,425,2.343537,0.248459,0.009341,0.196144,0.236974,0.334907,0.623081,0.652648,0.680302,0.680302,0.819730,0.853222,0.690410,0.362631,calls/second,milliseconds
1779276734,425,2.343537,0.248459,0.009341,0.196144,0.236974,0.334907,0.623081,0.652648,0.680302,0.680302,0.818150,0.853222,0.690410,0.362631,calls/second,milliseconds
1779276735,425,2.343537,0.248459,0.009341,0.196144,0.236974,0.334907,0.623081,0.652648,0.680302,0.680302,0.816576,0.785002,0.678999,0.360622,calls/second,milliseconds
1779276736,425,2.343537,0.248459,0.009341,0.196144,0.236974,0.334907,0.623081,0.652648,0.680302,0.680302,0.815007,0.785002,0.678999,0.360622,calls/second,milliseconds
1779276737,425,2.343537,0.248459,0.009341,0.196144,0.236974,0.334907,0.623081,0.652648,0.680302,0.680302,0.813445,0.785002,0.678999,0.360622,calls/second,milliseconds
1779276738,430,2.343537,0.243509,0.009341,0.187781,0.219987,0.322568,0.623081,0.652648,0.680302,0.680302,0.821440,0.785002,0.678999,0.360622,calls/second,milliseconds
1779276739,430,2.343537,0.243509,0.009341,0.187781,0.219987,0.322568,0.623081,0.652648,0.680302,0.680302,0.819871,0.785002,0.678999,0.360622,calls/second,milliseconds
1779276740,435,2.343537,0.225103,0.009341,0.189523,0.207304,0.319842,0.619818,0.652648,0.680302,0.680302,0.827824,0.882148,0.700833,0.369705,calls/second,milliseconds
1779276741,435,2.343537,0.225103,0.009341,0.189523,0.207304,0.319842,0.619818,0.652648,0.680302,0.680302,0.826249,0.882148,0.700833,0.369705,calls/second,milliseconds
1779276742,435,2.343537,0.225103,0.009341,0.189523,0.207304,0.319842,0.619818,0.652648,0.680302,0.680302,0.824680,0.882148,0.700833,0.369705,calls/second,milliseconds
1779276743,435,2.343537,0.225103,0.009341,0.189523,0.207304,0.319842,0.619818,0.652648,0.680302,0.680302,0.823117,0.882148,0.700833,0.369705,calls/second,milliseconds
1779276744,435,2.343537,0.225103,0.009341,0.189523,0.207304,0.319842,0.619818,0.652648,0.680302,0.680302,0.821560,0.882148,0.700833,0.369705,calls/second,milliseconds
1779276745,440,2.343537,0.230543,0.009341,0.182441,0.221104,0.319764,0.619818,0.652648,0.680302,0.680302,0.829434,0.811615,0.689249,0.367657,calls/second,milliseconds
1779276746,440,2.343537,0.230543,0.009341,0.182441,0.221104,0.319764,0.619818,0.652648,0.680302,0.680302,0.827870,0.811615,0.689249,0.367657,calls/second,milliseconds
1779276747,440,2.343537,0.230543,0.009341,0.182441,0.221104,0.319764,0.619818,0.652648,0.680302,0.680302,0.826312,0.811615,0.689249,0.367657,calls/second,milliseconds
1779276748,440,2.343537,0.230543,0.009341,0.182441,0.221104,0.319764,0.619818,0.652648,0.680302,0.680302,0.824761,0.811615,0.689249,0.367657,calls/second,milliseconds
1779276749,440,2.343537,0.230543,0.009341,0.182441,0.221104,0.319764,0.619818,0.652648,0.680302,0.680302,0.823216,0.811615,0.689249,0.367657,calls/second,milliseconds
1779276750,440,2.343537,0.230543,0.009341,0.182441,0.221104,0.319764,0.619818,0.652648,0.680302,0.680302,0.821677,0.826678,0.694385,0.371160,calls/second,milliseconds
1779276751,440,2.343537,0.230543,0.009341,0.182441,0.221104,0.319764,0.619818,0.652648,0.680302,0.680302,0.820142,0.826678,0.694385,0.371160,calls/second,milliseconds
1779276752,440,2.343537,0.230543,0.009341,0.182441,0.221104,0.319764,0.619818,0.652648,0.680302,0.680302,0.818614,0.826678,0.694385,0.371160,calls/second,milliseconds
1779276753,440,2.343537,0.230543,0.009341,0.182441,0.221104,0.319764,0.619818,0.652648,0.680302,0.680302,0.817092,0.826678,0.694385,0.371160,calls/second,milliseconds
1779276754,440,2.343537,0.230543,0.009341,0.182441,0.221104,0.319764,0.619818,0.652648,0.680302,0.680302,0.815574,0.826678,0.694385,0.371160,calls/second,milliseconds
1779276755,445,2.343537,0.254343,0.009341,0.190200,0.237032,0.336726,0.618812,0.652648,0.652648,0.680302,0.823314,0.840536,0.699437,0.374644,calls/second,milliseconds
1779276756,445,2.343537,0.254343,0.009341,0.190200,0.237032,0.336726,0.618812,0.652648,0.652648,0.680302,0.821791,0.840536,0.699437,0.374644,calls/second,milliseconds
1779276757,450,2.343537,0.234861,0.009341,0.193122,0.221104,0.333859,0.618812,0.624107,0.652648,0.680302,0.829489,0.840536,0.699437,0.374644,calls/second,milliseconds
1779276758,450,2.343537,0.234861,0.009341,0.193122,0.221104,0.333859,0.618812,0.624107,0.652648,0.680302,0.827960,0.840536,0.699437,0.374644,calls/second,milliseconds
1779276759,450,2.343537,0.234861,0.009341,0.193122,0.221104,0.333859,0.618812,0.624107,0.652648,0.680302,0.826437,0.840536,0.699437,0.374644,calls/second,milliseconds
1779276760,450,2.343537,0.234861,0.009341,0.193122,0.221104,0.333859,0.618812,0.624107,0.652648,0.680302,0.824920,0.853286,0.704405,0.378108,calls/second,milliseconds
1779276761,450,2.343537,0.234861,0.009341,0.193122,0.221104,0.333859,0.618812,0.624107,0.652648,0.680302,0.823408,0.853286,0.704405,0.378108,calls/second,milliseconds
1779276762,450,2.343537,0.234861,0.009341,0.193122,0.221104,0.333859,0.618812,0.624107,0.652648,0.680302,0.821902,0.853286,0.704405,0.378108,calls/second,milliseconds
1779276763,450,2.343537,0.234861,0.009341,0.193122,0.221104,0.333859,0.618812,0.624107,0.652648,0.680302,0.820402,0.853286,0.704405,0.378108,calls/second,milliseconds
1779276764,450,2.343537,0.234861,0.009341,0.193122,0.221104,0.333859,0.618812,0.624107,0.652648,0.680302,0.818907,0.853286,0.704405,0.378108,calls/second,milliseconds
1779276765,450,2.343537,0.234861,0.009341,0.193122,0.221104,0.333859,0.618812,0.624107,0.652648,0.680302,0.817416,0.785061,0.692762,0.376014,calls/second,milliseconds
1779276766,450,2.343537,0.234861,0.009341,0.193122,0.221104,0.333859,0.618812,0.624107,0.652648,0.680302,0.815931,0.785061,0.692762,0.376014,calls/second,milliseconds
1779276767,450,2.343537,0.234861,0.009341,0.193122,0.221104,0.333859,0.618812,0.624107,0.652648,0.680302,0.814453,0.785061,0.692762,0.376014,calls/second,milliseconds
1779276768,450,2.343537,0.234861,0.009341,0.193122,0.221104,0.333859,0.618812,0.624107,0.652648,0.680302,0.812979,0.785061,0.692762,0.376014,calls/second,milliseconds
1779276769,450,2.343537,0.234861,0.009341,0.193122,0.221104,0.333859,0.618812,0.624107,0.652648,0.680302,0.811511,0.785061,0.692762,0.376014,calls/second,milliseconds
1779276770,450,2.343537,0.234861,0.009341,0.193122,0.221104,0.333859,0.618812,0.624107,0.652648,0.680302,0.810048,0.722291,0.681311,0.373930,calls/second,milliseconds
1779276771,450,2.343537,0.234861,0.009341,0.193122,0.221104,0.333859,0.618812,0.624107,0.652648,0.680302,0.808591,0.722291,0.681311,0.373930,calls/second,milliseconds
1779276772,455,2.343537,0.244404,0.009341,0.186140,0.248695,0.335318,0.618812,0.624107,0.652648,0.680302,0.816106,0.722291,0.681311,0.373930,calls/second,milliseconds
1779276773,455,2.343537,0.244404,0.009341,0.186140,0.248695,0.335318,0.618812,0.624107,0.652648,0.680302,0.814643,0.722291,0.681311,0.373930,calls/second,milliseconds
1779276774,455,2.343537,0.244404,0.009341,0.186140,0.248695,0.335318,0.618812,0.624107,0.652648,0.680302,0.813185,0.722291,0.681311,0.373930,calls/second,milliseconds
1779276775,455,2.343537,0.244404,0.009341,0.186140,0.248695,0.335318,0.618812,0.624107,0.652648,0.680302,0.811733,0.744495,0.686579,0.377399,calls/second,milliseconds
1779276776,455,2.343537,0.244404,0.009341,0.186140,0.248695,0.335318,0.618812,0.624107,0.652648,0.680302,0.810285,0.744495,0.686579,0.377399,calls/second,milliseconds
1779276777,455,2.343537,0.244404,0.009341,0.186140,0.248695,0.335318,0.618812,0.624107,0.652648,0.680302,0.808843,0.744495,0.686579,0.377399,calls/second,milliseconds
1779276778,455,2.343537,0.244404,0.009341,0.186140,0.248695,0.335318,0.618812,0.624107,0.652648,0.680302,0.807400,0.744495,0.686579,0.377399,calls/second,milliseconds
1779276779,455,2.343537,0.244404,0.009341,0.186140,0.248695,0.335318,0.618812,0.624107,0.652648,0.680302,0.805967,0.744495,0.686579,0.377399,calls/second,milliseconds
1779276780,455,2.343537,0.244404,0.009341,0.186140,0.248695,0.335318,0.618812,0.624107,0.652648,0.680302,0.804541,0.684969,0.675231,0.375308,calls/second,milliseconds
1779276781,455,2.343537,0.244404,0.009341,0.186140,0.248695,0.335318,0.618812,0.624107,0.652648,0.680302,0.803119,0.684969,0.675231,0.375308,calls/second,milliseconds
1779276782,460,2.343537,0.251601,0.009341,0.178094,0.266996,0.334907,0.615741,0.624107,0.652648,0.680302,0.810511,0.684969,0.675231,0.375308,calls/second,milliseconds
1779276783,460,2.343537,0.251601,0.009341,0.178094,0.266996,0.334907,0.615741,0.624107,0.652648,0.680302,0.809083,0.684969,0.675231,0.375308,calls/second,milliseconds
1779276784,465,2.343537,0.230141,0.009341,0.182398,0.245098,0.328123,0.585294,0.624107,0.652648,0.680302,0.816440,0.684969,0.675231,0.375308,calls/second,milliseconds
1779276785,465,2.343537,0.230141,0.009341,0.182398,0.245098,0.328123,0.585294,0.624107,0.652648,0.680302,0.815007,0.790113,0.697127,0.384309,calls/second,milliseconds
1779276786,465,2.343537,0.230141,0.009341,0.182398,0.245098,0.328123,0.585294,0.624107,0.652648,0.680302,0.813578,0.790113,0.697127,0.384309,calls/second,milliseconds
1779276787,465,2.343537,0.230141,0.009341,0.182398,0.245098,0.328123,0.585294,0.624107,0.652648,0.680302,0.812155,0.790113,0.697127,0.384309,calls/second,milliseconds
1779276788,465,2.343537,0.230141,0.009341,0.182398,0.245098,0.328123,0.585294,0.624107,0.652648,0.680302,0.810737,0.790113,0.697127,0.384309,calls/second,milliseconds
1779276789,470,2.343537,0.255184,0.009341,0.191167,0.266996,0.363770,0.585294,0.623081,0.652648,0.680302,0.818026,0.790113,0.697127,0.384309,calls/second,milliseconds
1779276790,470,2.343537,0.255184,0.009341,0.191167,0.266996,0.363770,0.585294,0.623081,0.652648,0.680302,0.816602,0.806894,0.702133,0.387720,calls/second,milliseconds
1779276791,470,2.343537,0.255184,0.009341,0.191167,0.266996,0.363770,0.585294,0.623081,0.652648,0.680302,0.815184,0.806894,0.702133,0.387720,calls/second,milliseconds
1779276792,470,2.343537,0.255184,0.009341,0.191167,0.266996,0.363770,0.585294,0.623081,0.652648,0.680302,0.813770,0.806894,0.702133,0.387720,calls/second,milliseconds
1779276793,470,2.343537,0.255184,0.009341,0.191167,0.266996,0.363770,0.585294,0.623081,0.652648,0.680302,0.812362,0.806894,0.702133,0.387720,calls/second,milliseconds
1779276794,470,2.343537,0.255184,0.009341,0.191167,0.266996,0.363770,0.585294,0.623081,0.652648,0.680302,0.810958,0.806894,0.702133,0.387720,calls/second,milliseconds
1779276795,470,2.343537,0.255184,0.009341,0.191167,0.266996,0.363770,0.585294,0.623081,0.652648,0.680302,0.809559,0.742379,0.690528,0.385572,calls/second,milliseconds
1779276796,470,2.343537,0.255184,0.009341,0.191167,0.266996,0.363770,0.585294,0.623081,0.652648,0.680302,0.808165,0.742379,0.690528,0.385572,calls/second,milliseconds
1779276797,470,2.343537,0.255184,0.009341,0.191167,0.266996,0.363770,0.585294,0.623081,0.652648,0.680302,0.806776,0.742379,0.690528,0.385572,calls/second,milliseconds
1779276798,470,2.343537,0.255184,0.009341,0.191167,0.266996,0.363770,0.585294,0.623081,0.652648,0.680302,0.805392,0.742379,0.690528,0.385572,calls/second,milliseconds
1779276799,475,2.343537,0.266260,0.009341,0.185016,0.299448,0.372307,0.572253,0.623081,0.652648,0.680302,0.812565,0.742379,0.690528,0.385572,calls/second,milliseconds
1779276800,475,2.343537,0.266260,0.009341,0.185016,0.299448,0.372307,0.572253,0.623081,0.652648,0.680302,0.811174,0.762977,0.695643,0.388976,calls/second,milliseconds
1779276801,480,2.343537,0.245392,0.009341,0.188642,0.266996,0.369071,0.564723,0.619818,0.652648,0.680302,0.818314,0.762977,0.695643,0.388976,calls/second,milliseconds
1779276802,480,2.343537,0.245392,0.009341,0.188642,0.266996,0.369071,0.564723,0.619818,0.652648,0.680302,0.816918,0.762977,0.695643,0.388976,calls/second,milliseconds
1779276803,480,2.343537,0.245392,0.009341,0.188642,0.266996,0.369071,0.564723,0.619818,0.652648,0.680302,0.815529,0.762977,0.695643,0.388976,calls/second,milliseconds
1779276804,480,2.343537,0.245392,0.009341,0.188642,0.266996,0.369071,0.564723,0.619818,0.652648,0.680302,0.814143,0.762977,0.695643,0.388976,calls/second,milliseconds
1779276805,480,2.343537,0.245392,0.009341,0.188642,0.266996,0.369071,0.564723,0.619818,0.652648,0.680302,0.812762,0.781928,0.700674,0.392361,calls/second,milliseconds
1779276806,485,2.343537,0.246433,0.009341,0.180279,0.261878,0.362714,0.538841,0.619818,0.624107,0.680302,0.819838,0.781928,0.700674,0.392361,calls/second,milliseconds
1779276807,485,2.343537,0.246433,0.009341,0.180279,0.261878,0.362714,0.538841,0.619818,0.624107,0.680302,0.818451,0.781928,0.700674,0.392361,calls/second,milliseconds
1779276808,485,2.343537,0.246433,0.009341,0.180279,0.261878,0.362714,0.538841,0.619818,0.624107,0.680302,0.817071,0.781928,0.700674,0.392361,calls/second,milliseconds
1779276809,485,2.343537,0.246433,0.009341,0.180279,0.261878,0.362714,0.538841,0.619818,0.624107,0.680302,0.815694,0.781928,0.700674,0.392361,calls/second,milliseconds
1779276810,485,2.343537,0.246433,0.009341,0.180279,0.261878,0.362714,0.538841,0.619818,0.624107,0.680302,0.814323,0.799364,0.705621,0.395728,calls/second,milliseconds
1779276811,485,2.343537,0.246433,0.009341,0.180279,0.261878,0.362714,0.538841,0.619818,0.624107,0.680302,0.812956,0.799364,0.705621,0.395728,calls/second,milliseconds
1779276812,485,2.343537,0.246433,0.009341,0.180279,0.261878,0.362714,0.538841,0.619818,0.624107,0.680302,0.811594,0.799364,0.705621,0.395728,calls/second,milliseconds
1779276813,485,2.343537,0.246433,0.009341,0.180279,0.261878,0.362714,0.538841,0.619818,0.624107,0.680302,0.810236,0.799364,0.705621,0.395728,calls/second,milliseconds
1779276814,485,2.343537,0.246433,0.009341,0.180279,0.261878,0.362714,0.538841,0.619818,0.624107,0.680302,0.808882,0.799364,0.705621,0.395728,calls/second,milliseconds
1779276815,485,2.343537,0.246433,0.009341,0.180279,0.261878,0.362714,0.538841,0.619818,0.624107,0.680302,0.807533,0.735451,0.693958,0.393535,calls/second,milliseconds
1779276816,490,2.343537,0.244508,0.009341,0.171998,0.260637,0.350532,0.538841,0.619818,0.624107,0.680302,0.814499,0.735451,0.693958,0.393535,calls/second,milliseconds
1779276817,490,2.343537,0.244508,0.009341,0.171998,0.260637,0.350532,0.538841,0.619818,0.624107,0.680302,0.813145,0.735451,0.693958,0.393535,calls/second,milliseconds
1779276818,495,2.343537,0.227792,0.009341,0.173004,0.229675,0.335318,0.538841,0.618812,0.624107,0.680302,0.820079,0.735451,0.693958,0.393535,calls/second,milliseconds
1779276819,495,2.343537,0.227792,0.009341,0.173004,0.229675,0.335318,0.538841,0.618812,0.624107,0.680302,0.818720,0.735451,0.693958,0.393535,calls/second,milliseconds
1779276820,495,2.343537,0.227792,0.009341,0.173004,0.229675,0.335318,0.538841,0.618812,0.624107,0.680302,0.817366,0.836558,0.715545,0.402435,calls/second,milliseconds
1779276821,495,2.343537,0.227792,0.009341,0.173004,0.229675,0.335318,0.538841,0.618812,0.624107,0.680302,0.816017,0.836558,0.715545,0.402435,calls/second,milliseconds
1779276822,495,2.343537,0.227792,0.009341,0.173004,0.229675,0.335318,0.538841,0.618812,0.624107,0.680302,0.814672,0.836558,0.715545,0.402435,calls/second,milliseconds
1779276823,500,2.343537,0.226877,0.009341,0.165602,0.229675,0.323536,0.530629,0.618812,0.624107,0.680302,0.821547,0.836558,0.715545,0.402435,calls/second,milliseconds
1779276824,500,2.343537,0.226877,0.009341,0.165602,0.229675,0.323536,0.530629,0.618812,0.624107,0.680302,0.820197,0.836558,0.715545,0.402435,calls/second,milliseconds
1779276825,500,2.343537,0.226877,0.009341,0.165602,0.229675,0.323536,0.530629,0.618812,0.624107,0.680302,0.818851,0.849627,0.720247,0.405746,calls/second,milliseconds
1779276826,500,2.343537,0.226877,0.009341,0.165602,0.229675,0.323536,0.530629,0.618812,0.624107,0.680302,0.817510,0.849627,0.720247,0.405746,calls/second,milliseconds
1779276827,500,2.343537,0.226877,0.009341,0.165602,0.229675,0.323536,0.530629,0.618812,0.624107,0.680302,0.816174,0.849627,0.720247,0.405746,calls/second,milliseconds
1779276828,500,2.343537,0.226877,0.009341,0.165602,0.229675,0.323536,0.530629,0.618812,0.624107,0.680302,0.814842,0.849627,0.720247,0.405746,calls/second,milliseconds
1779276829,500,2.343537,0.226877,0.009341,0.165602,0.229675,0.323536,0.530629,0.618812,0.624107,0.680302,0.813514,0.849627,0.720247,0.405746,calls/second,milliseconds
1779276830,500,2.343537,0.226877,0.009341,0.165602,0.229675,0.323536,0.530629,0.618812,0.624107,0.680302,0.812190,0.781694,0.708342,0.403498,calls/second,milliseconds
1779276831,500,2.343537,0.226877,0.009341,0.165602,0.229675,0.323536,0.530629,0.618812,0.624107,0.680302,0.810871,0.781694,0.708342,0.403498,calls/second,milliseconds
1779276832,500,2.343537,0.226877,0.009341,0.165602,0.229675,0.323536,0.530629,0.618812,0.624107,0.680302,0.809556,0.781694,0.708342,0.403498,calls/second,milliseconds
1779276833,505,2.343537,0.230120,0.009341,0.158685,0.240968,0.319354,0.520719,0.615741,0.623081,0.680302,0.816328,0.781694,0.708342,0.403498,calls/second,milliseconds
1779276834,505,2.343537,0.230120,0.009341,0.158685,0.240968,0.319354,0.520719,0.615741,0.623081,0.680302,0.815009,0.781694,0.708342,0.403498,calls/second,milliseconds
1779276835,510,2.343537,0.211349,0.005237,0.163663,0.215629,0.311155,0.520719,0.615741,0.623081,0.680302,0.821749,0.879105,0.729692,0.412343,calls/second,milliseconds
1779276836,510,2.343537,0.211349,0.005237,0.163663,0.215629,0.311155,0.520719,0.615741,0.623081,0.680302,0.820426,0.879105,0.729692,0.412343,calls/second,milliseconds
1779276837,510,2.343537,0.211349,0.005237,0.163663,0.215629,0.311155,0.520719,0.615741,0.623081,0.680302,0.819106,0.879105,0.729692,0.412343,calls/second,milliseconds
1779276838,510,2.343537,0.211349,0.005237,0.163663,0.215629,0.311155,0.520719,0.615741,0.623081,0.680302,0.817790,0.879105,0.729692,0.412343,calls/second,milliseconds
1779276839,510,2.343537,0.211349,0.005237,0.163663,0.215629,0.311155,0.520719,0.615741,0.623081,0.680302,0.816479,0.879105,0.729692,0.412343,calls/second,milliseconds
1779276840,515,2.343537,0.214834,0.005237,0.157233,0.229675,0.299448,0.507288,0.585294,0.623081,0.680302,0.823163,0.888771,0.734159,0.415599,calls/second,milliseconds
1779276841,515,2.343537,0.214834,0.005237,0.157233,0.229675,0.299448,0.507288,0.585294,0.623081,0.680302,0.821847,0.888771,0.734159,0.415599,calls/second,milliseconds
1779276842,515,2.343537,0.214834,0.005237,0.157233,0.229675,0.299448,0.507288,0.585294,0.623081,0.680302,0.820535,0.888771,0.734159,0.415599,calls/second,milliseconds
1779276843,515,2.343537,0.214834,0.005237,0.157233,0.229675,0.299448,0.507288,0.585294,0.623081,0.680302,0.819228,0.888771,0.734159,0.415599,calls/second,milliseconds
1779276844,515,2.343537,0.214834,0.005237,0.157233,0.229675,0.299448,0.507288,0.585294,0.623081,0.680302,0.817925,0.888771,0.734159,0.415599,calls/second,milliseconds
1779276845,515,2.343537,0.214834,0.005237,0.157233,0.229675,0.299448,0.507288,0.585294,0.623081,0.680302,0.816627,0.817709,0.722025,0.413296,calls/second,milliseconds
1779276846,515,2.343537,0.214834,0.005237,0.157233,0.229675,0.299448,0.507288,0.585294,0.623081,0.680302,0.815332,0.817709,0.722025,0.413296,calls/second,milliseconds
1779276847,515,2.343537,0.214834,0.005237,0.157233,0.229675,0.299448,0.507288,0.585294,0.623081,0.680302,0.814041,0.817709,0.722025,0.413296,calls/second,milliseconds
1779276848,515,2.343537,0.214834,0.005237,0.157233,0.229675,0.299448,0.507288,0.585294,0.623081,0.680302,0.812754,0.817709,0.722025,0.413296,calls/second,milliseconds
1779276849,515,2.343537,0.214834,0.005237,0.157233,0.229675,0.299448,0.507288,0.585294,0.623081,0.680302,0.811472,0.817709,0.722025,0.413296,calls/second,milliseconds
1779276850,520,2.343537,0.219134,0.005237,0.150736,0.238617,0.296802,0.499383,0.585294,0.619818,0.680302,0.818059,0.832284,0.726619,0.416547,calls/second,milliseconds
1779276851,520,2.343537,0.219134,0.005237,0.150736,0.238617,0.296802,0.499383,0.585294,0.619818,0.680302,0.816772,0.832284,0.726619,0.416547,calls/second,milliseconds
1779276852,525,2.343537,0.204380,0.005237,0.152215,0.229675,0.285967,0.499383,0.572253,0.619818,0.680302,0.823330,0.832284,0.726619,0.416547,calls/second,milliseconds
1779276853,525,2.343537,0.204380,0.005237,0.152215,0.229675,0.285967,0.499383,0.572253,0.619818,0.680302,0.822039,0.832284,0.726619,0.416547,calls/second,milliseconds
1779276854,525,2.343537,0.204380,0.005237,0.152215,0.229675,0.285967,0.499383,0.572253,0.619818,0.680302,0.820752,0.832284,0.726619,0.416547,calls/second,milliseconds
1779276855,525,2.343537,0.204380,0.005237,0.152215,0.229675,0.285967,0.499383,0.572253,0.619818,0.680302,0.819469,0.845694,0.731138,0.419779,calls/second,milliseconds
1779276856,525,2.343537,0.204380,0.005237,0.152215,0.229675,0.285967,0.499383,0.572253,0.619818,0.680302,0.818190,0.845694,0.731138,0.419779,calls/second,milliseconds
1779276857,530,2.343537,0.203051,0.005237,0.145800,0.212926,0.278789,0.492994,0.564723,0.618812,0.680302,0.824694,0.845694,0.731138,0.419779,calls/second,milliseconds
1779276858,530,2.343537,0.203051,0.005237,0.145800,0.212926,0.278789,0.492994,0.564723,0.618812,0.680302,0.823411,0.845694,0.731138,0.419779,calls/second,milliseconds
1779276859,530,2.343537,0.203051,0.005237,0.145800,0.212926,0.278789,0.492994,0.564723,0.618812,0.680302,0.822132,0.845694,0.731138,0.419779,calls/second,milliseconds
1779276860,530,2.343537,0.203051,0.005237,0.145800,0.212926,0.278789,0.492994,0.564723,0.618812,0.680302,0.820857,0.858031,0.735582,0.422993,calls/second,milliseconds
1779276861,530,2.343537,0.203051,0.005237,0.145800,0.212926,0.278789,0.492994,0.564723,0.618812,0.680302,0.819586,0.858031,0.735582,0.422993,calls/second,milliseconds
1779276862,530,2.343537,0.203051,0.005237,0.145800,0.212926,0.278789,0.492994,0.564723,0.618812,0.680302,0.818318,0.858031,0.735582,0.422993,calls/second,milliseconds
1779276863,530,2.343537,0.203051,0.005237,0.145800,0.212926,0.278789,0.492994,0.564723,0.618812,0.680302,0.817054,0.858031,0.735582,0.422993,calls/second,milliseconds
1779276864,530,2.343537,0.203051,0.005237,0.145800,0.212926,0.278789,0.492994,0.564723,0.618812,0.680302,0.815794,0.858031,0.735582,0.422993,calls/second,milliseconds
1779276865,530,2.343537,0.203051,0.005237,0.145800,0.212926,0.278789,0.492994,0.564723,0.618812,0.680302,0.814539,0.789427,0.723424,0.420650,calls/second,milliseconds
1779276866,530,2.343537,0.203051,0.005237,0.145800,0.212926,0.278789,0.492994,0.564723,0.618812,0.680302,0.813287,0.789427,0.723424,0.420650,calls/second,milliseconds
1779276867,535,2.343537,0.208655,0.005237,0.140757,0.223722,0.292418,0.490772,0.538841,0.618812,0.680302,0.819700,0.789427,0.723424,0.420650,calls/second,milliseconds
1779276868,535,2.343537,0.208655,0.005237,0.140757,0.223722,0.292418,0.490772,0.538841,0.618812,0.680302,0.818443,0.789427,0.723424,0.420650,calls/second,milliseconds
1779276869,540,2.343537,0.192334,0.005237,0.145220,0.212520,0.278934,0.485749,0.538841,0.618812,0.680302,0.824829,0.789427,0.723424,0.420650,calls/second,milliseconds
1779276870,540,2.343537,0.192334,0.005237,0.145220,0.212520,0.278934,0.485749,0.538841,0.618812,0.680302,0.823569,0.886219,0.744524,0.429400,calls/second,milliseconds
1779276871,540,2.343537,0.192334,0.005237,0.145220,0.212520,0.278934,0.485749,0.538841,0.618812,0.680302,0.822313,0.886219,0.744524,0.429400,calls/second,milliseconds
1779276872,540,2.343537,0.192334,0.005237,0.145220,0.212520,0.278934,0.485749,0.538841,0.618812,0.680302,0.821061,0.886219,0.744524,0.429400,calls/second,milliseconds
1779276873,540,2.343537,0.192334,0.005237,0.145220,0.212520,0.278934,0.485749,0.538841,0.618812,0.680302,0.819812,0.886219,0.744524,0.429400,calls/second,milliseconds
1779276874,540,2.343537,0.192334,0.005237,0.145220,0.212520,0.278934,0.485749,0.538841,0.618812,0.680302,0.818567,0.886219,0.744524,0.429400,calls/second,milliseconds
1779276875,540,2.343537,0.192334,0.005237,0.145220,0.212520,0.278934,0.485749,0.538841,0.618812,0.680302,0.817326,0.815361,0.732218,0.427021,calls/second,milliseconds
1779276876,540,2.343537,0.192334,0.005237,0.145220,0.212520,0.278934,0.485749,0.538841,0.618812,0.680302,0.816089,0.815361,0.732218,0.427021,calls/second,milliseconds
1779276877,540,2.343537,0.192334,0.005237,0.145220,0.212520,0.278934,0.485749,0.538841,0.618812,0.680302,0.814856,0.815361,0.732218,0.427021,calls/second,milliseconds
1779276878,540,2.343537,0.192334,0.005237,0.145220,0.212520,0.278934,0.485749,0.538841,0.618812,0.680302,0.813621,0.815361,0.732218,0.427021,calls/second,milliseconds
1779276879,545,2.343537,0.195305,0.005237,0.139176,0.215629,0.274945,0.481437,0.538841,0.615741,0.680302,0.819917,0.815361,0.732218,0.427021,calls/second,milliseconds
1779276880,545,2.343537,0.195305,0.005237,0.139176,0.215629,0.274945,0.481437,0.538841,0.615741,0.680302,0.818684,0.830124,0.736644,0.430195,calls/second,milliseconds
1779276881,545,2.343537,0.195305,0.005237,0.139176,0.215629,0.274945,0.481437,0.538841,0.615741,0.680302,0.817454,0.830124,0.736644,0.430195,calls/second,milliseconds
1779276882,545,2.343537,0.195305,0.005237,0.139176,0.215629,0.274945,0.481437,0.538841,0.615741,0.680302,0.816228,0.830124,0.736644,0.430195,calls/second,milliseconds
1779276883,545,2.343537,0.195305,0.005237,0.139176,0.215629,0.274945,0.481437,0.538841,0.615741,0.680302,0.815006,0.830124,0.736644,0.430195,calls/second,milliseconds
1779276884,545,2.343537,0.195305,0.005237,0.139176,0.215629,0.274945,0.481437,0.538841,0.615741,0.680302,0.813787,0.830124,0.736644,0.430195,calls/second,milliseconds
1779276885,545,2.343537,0.195305,0.005237,0.139176,0.215629,0.274945,0.481437,0.538841,0.615741,0.680302,0.812572,0.763751,0.724468,0.427812,calls/second,milliseconds
1779276886,545,2.343537,0.195305,0.005237,0.139176,0.215629,0.274945,0.481437,0.538841,0.615741,0.680302,0.811361,0.763751,0.724468,0.427812,calls/second,milliseconds
1779276887,545,2.343537,0.195305,0.005237,0.139176,0.215629,0.274945,0.481437,0.538841,0.615741,0.680302,0.810153,0.763751,0.724468,0.427812,calls/second,milliseconds
1779276888,545,2.343537,0.195305,0.005237,0.139176,0.215629,0.274945,0.481437,0.538841,0.615741,0.680302,0.808949,0.763751,0.724468,0.427812,calls/second,milliseconds
1779276889,550,2.343537,0.200811,0.005237,0.133774,0.223722,0.276378,0.440129,0.530629,0.615741,0.680302,0.815159,0.763751,0.724468,0.427812,calls/second,milliseconds
1779276890,550,2.343537,0.200811,0.005237,0.133774,0.223722,0.276378,0.440129,0.530629,0.615741,0.680302,0.813951,0.782640,0.729022,0.430982,calls/second,milliseconds
1779276891,555,2.343537,0.185342,0.005237,0.137209,0.215424,0.273843,0.396323,0.520719,0.585294,0.680302,0.820134,0.782640,0.729022,0.430982,calls/second,milliseconds
1779276892,555,2.343537,0.185342,0.005237,0.137209,0.215424,0.273843,0.396323,0.520719,0.585294,0.680302,0.818922,0.782640,0.729022,0.430982,calls/second,milliseconds
1779276893,555,2.343537,0.185342,0.005237,0.137209,0.215424,0.273843,0.396323,0.520719,0.585294,0.680302,0.817713,0.782640,0.729022,0.430982,calls/second,milliseconds
1779276894,555,2.343537,0.185342,0.005237,0.137209,0.215424,0.273843,0.396323,0.520719,0.585294,0.680302,0.816508,0.782640,0.729022,0.430982,calls/second,milliseconds
1779276895,555,2.343537,0.185342,0.005237,0.137209,0.215424,0.273843,0.396323,0.520719,0.585294,0.680302,0.815306,0.800019,0.733501,0.434134,calls/second,milliseconds
1779276896,560,2.343537,0.194027,0.005237,0.134376,0.228559,0.278789,0.373513,0.520719,0.572253,0.680302,0.821443,0.800019,0.733501,0.434134,calls/second,milliseconds
1779276897,560,2.343537,0.194027,0.005237,0.134376,0.228559,0.278789,0.373513,0.520719,0.572253,0.680302,0.820237,0.800019,0.733501,0.434134,calls/second,milliseconds
1779276898,560,2.343537,0.194027,0.005237,0.134376,0.228559,0.278789,0.373513,0.520719,0.572253,0.680302,0.819036,0.800019,0.733501,0.434134,calls/second,milliseconds
1779276899,560,2.343537,0.194027,0.005237,0.134376,0.228559,0.278789,0.373513,0.520719,0.572253,0.680302,0.817838,0.800019,0.733501,0.434134,calls/second,milliseconds
1779276900,560,2.343537,0.194027,0.005237,0.134376,0.228559,0.278789,0.373513,0.520719,0.572253,0.680302,0.816643,0.816009,0.737906,0.437269,calls/second,milliseconds
1779276901,560,2.343537,0.194027,0.005237,0.134376,0.228559,0.278789,0.373513,0.520719,0.572253,0.680302,0.815452,0.816009,0.737906,0.437269,calls/second,milliseconds
1779276902,560,2.343537,0.194027,0.005237,0.134376,0.228559,0.278789,0.373513,0.520719,0.572253,0.680302,0.814264,0.816009,0.737906,0.437269,calls/second,milliseconds
1779276903,560,2.343537,0.194027,0.005237,0.134376,0.228559,0.278789,0.373513,0.520719,0.572253,0.680302,0.813081,0.816009,0.737906,0.437269,calls/second,milliseconds
1779276904,560,2.343537,0.194027,0.005237,0.134376,0.228559,0.278789,0.373513,0.520719,0.572253,0.680302,0.811899,0.816009,0.737906,0.437269,calls/second,milliseconds
1779276905,560,2.343537,0.194027,0.005237,0.134376,0.228559,0.278789,0.373513,0.520719,0.572253,0.680302,0.810722,0.750764,0.725709,0.434847,calls/second,milliseconds
1779276906,565,2.343537,0.193627,0.005237,0.128191,0.212520,0.276378,0.371817,0.507288,0.564723,0.652648,0.816776,0.750764,0.725709,0.434847,calls/second,milliseconds
1779276907,565,2.343537,0.193627,0.005237,0.128191,0.212520,0.276378,0.371817,0.507288,0.564723,0.652648,0.815594,0.750764,0.725709,0.434847,calls/second,milliseconds
1779276908,570,2.343537,0.179577,0.005237,0.130895,0.204888,0.273843,0.363770,0.507208,0.564723,0.652648,0.821624,0.750764,0.725709,0.434847,calls/second,milliseconds
1779276909,570,2.343537,0.179577,0.005237,0.130895,0.204888,0.273843,0.363770,0.507208,0.564723,0.652648,0.820439,0.750764,0.725709,0.434847,calls/second,milliseconds
1779276910,570,2.343537,0.179577,0.005237,0.130895,0.204888,0.273843,0.363770,0.507208,0.564723,0.652648,0.819258,0.850648,0.746772,0.443518,calls/second,milliseconds
1779276911,570,2.343537,0.179577,0.005237,0.130895,0.204888,0.273843,0.363770,0.507208,0.564723,0.652648,0.818080,0.850648,0.746772,0.443518,calls/second,milliseconds
1779276912,570,2.343537,0.179577,0.005237,0.130895,0.204888,0.273843,0.363770,0.507208,0.564723,0.652648,0.816906,0.850648,0.746772,0.443518,calls/second,milliseconds
1779276913,575,2.343537,0.183326,0.005237,0.125914,0.205290,0.260637,0.358359,0.499383,0.538841,0.652648,0.822890,0.850648,0.746772,0.443518,calls/second,milliseconds
1779276914,575,2.343537,0.183326,0.005237,0.125914,0.205290,0.260637,0.358359,0.499383,0.538841,0.652648,0.821712,0.850648,0.746772,0.443518,calls/second,milliseconds
1779276915,575,2.343537,0.183326,0.005237,0.125914,0.205290,0.260637,0.358359,0.499383,0.538841,0.652648,0.820537,0.862589,0.750957,0.446601,calls/second,milliseconds
1779276916,575,2.343537,0.183326,0.005237,0.125914,0.205290,0.260637,0.358359,0.499383,0.538841,0.652648,0.819366,0.862589,0.750957,0.446601,calls/second,milliseconds
1779276917,575,2.343537,0.183326,0.005237,0.125914,0.205290,0.260637,0.358359,0.499383,0.538841,0.652648,0.818198,0.862589,0.750957,0.446601,calls/second,milliseconds
1779276918,575,2.343537,0.183326,0.005237,0.125914,0.205290,0.260637,0.358359,0.499383,0.538841,0.652648,0.817034,0.862589,0.750957,0.446601,calls/second,milliseconds
1779276919,575,2.343537,0.183326,0.005237,0.125914,0.205290,0.260637,0.358359,0.499383,0.538841,0.652648,0.815873,0.862589,0.750957,0.446601,calls/second,milliseconds
1779276920,575,2.343537,0.183326,0.005237,0.125914,0.205290,0.260637,0.358359,0.499383,0.538841,0.652648,0.814715,0.793620,0.738545,0.444127,calls/second,milliseconds
1779276921,575,2.343537,0.183326,0.005237,0.125914,0.205290,0.260637,0.358359,0.499383,0.538841,0.652648,0.813561,0.793620,0.738545,0.444127,calls/second,milliseconds
1779276922,575,2.343537,0.183326,0.005237,0.125914,0.205290,0.260637,0.358359,0.499383,0.538841,0.652648,0.812409,0.793620,0.738545,0.444127,calls/second,milliseconds
1779276923,580,2.343537,0.204641,0.005237,0.140063,0.216879,0.276411,0.465465,0.492994,0.538841,0.652648,0.818315,0.793620,0.738545,0.444127,calls/second,milliseconds
1779276924,585,2.343537,0.188438,0.002706,0.144271,0.205290,0.274945,0.465465,0.490772,0.538841,0.652648,0.824205,0.793620,0.738545,0.444127,calls/second,milliseconds
1779276925,585,2.343537,0.188438,0.002706,0.144271,0.205290,0.274945,0.465465,0.490772,0.538841,0.652648,0.823043,0.890077,0.759395,0.452747,calls/second,milliseconds
1779276926,585,2.343537,0.188438,0.002706,0.144271,0.205290,0.274945,0.465465,0.490772,0.538841,0.652648,0.821885,0.890077,0.759395,0.452747,calls/second,milliseconds
1779276927,585,2.343537,0.188438,0.002706,0.144271,0.205290,0.274945,0.465465,0.490772,0.538841,0.652648,0.820730,0.890077,0.759395,0.452747,calls/second,milliseconds
1779276928,585,2.343537,0.188438,0.002706,0.144271,0.205290,0.274945,0.465465,0.490772,0.538841,0.652648,0.819579,0.890077,0.759395,0.452747,calls/second,milliseconds
1779276929,585,2.343537,0.188438,0.002706,0.144271,0.205290,0.274945,0.465465,0.490772,0.538841,0.652648,0.818430,0.890077,0.759395,0.452747,calls/second,milliseconds
1779276930,590,2.343537,0.186659,0.002706,0.138258,0.200080,0.267472,0.465465,0.485749,0.530629,0.652648,0.824269,0.818911,0.746843,0.450238,calls/second,milliseconds
1779276931,590,2.343537,0.186659,0.002706,0.138258,0.200080,0.267472,0.465465,0.485749,0.530629,0.652648,0.823117,0.818911,0.746843,0.450238,calls/second,milliseconds
1779276932,590,2.343537,0.186659,0.002706,0.138258,0.200080,0.267472,0.465465,0.485749,0.530629,0.652648,0.821968,0.818911,0.746843,0.450238,calls/second,milliseconds
1779276933,590,2.343537,0.186659,0.002706,0.138258,0.200080,0.267472,0.465465,0.485749,0.530629,0.652648,0.820822,0.818911,0.746843,0.450238,calls/second,milliseconds
1779276934,590,2.343537,0.186659,0.002706,0.138258,0.200080,0.267472,0.465465,0.485749,0.530629,0.652648,0.819680,0.818911,0.746843,0.450238,calls/second,milliseconds
1779276935,590,2.343537,0.186659,0.002706,0.138258,0.200080,0.267472,0.465465,0.485749,0.530629,0.652648,0.818541,0.833390,0.751028,0.453284,calls/second,milliseconds
1779276936,590,2.343537,0.186659,0.002706,0.138258,0.200080,0.267472,0.465465,0.485749,0.530629,0.652648,0.817404,0.833390,0.751028,0.453284,calls/second,milliseconds
1779276937,590,2.343537,0.186659,0.002706,0.138258,0.200080,0.267472,0.465465,0.485749,0.530629,0.652648,0.816271,0.833390,0.751028,0.453284,calls/second,milliseconds
1779276938,590,2.343537,0.186659,0.002706,0.138258,0.200080,0.267472,0.465465,0.485749,0.530629,0.652648,0.815141,0.833390,0.751028,0.453284,calls/second,milliseconds
1779276939,595,2.343537,0.201142,0.002706,0.142094,0.205290,0.276411,0.460979,0.485573,0.520719,0.652648,0.820913,0.833390,0.751028,0.453284,calls/second,milliseconds
1779276940,595,2.343537,0.201142,0.002706,0.142094,0.205290,0.276411,0.460979,0.485573,0.520719,0.652648,0.819780,0.846711,0.755143,0.456313,calls/second,milliseconds
1779276941,600,2.343537,0.185610,0.002706,0.145451,0.200080,0.267472,0.460979,0.485573,0.520719,0.652648,0.825529,0.846711,0.755143,0.456313,calls/second,milliseconds
1779276942,600,2.343537,0.185610,0.002706,0.145451,0.200080,0.267472,0.460979,0.485573,0.520719,0.652648,0.824393,0.846711,0.755143,0.456313,calls/second,milliseconds
1779276943,600,2.343537,0.185610,0.002706,0.145451,0.200080,0.267472,0.460979,0.485573,0.520719,0.652648,0.823261,0.846711,0.755143,0.456313,calls/second,milliseconds
1779276944,600,2.343537,0.185610,0.002706,0.145451,0.200080,0.267472,0.460979,0.485573,0.520719,0.652648,0.822131,0.846711,0.755143,0.456313,calls/second,milliseconds
1779276945,600,2.343537,0.185610,0.002706,0.145451,0.200080,0.267472,0.460979,0.485573,0.520719,0.652648,0.821004,0.858967,0.759190,0.459325,calls/second,milliseconds
1779276946,600,2.343537,0.185610,0.002706,0.145451,0.200080,0.267472,0.460979,0.485573,0.520719,0.652648,0.819881,0.858967,0.759190,0.459325,calls/second,milliseconds
1779276947,605,2.343537,0.190137,0.002706,0.140279,0.205236,0.256945,0.460979,0.485573,0.507288,0.652648,0.825583,0.858967,0.759190,0.459325,calls/second,milliseconds
1779276948,605,2.343537,0.190137,0.002706,0.140279,0.205236,0.256945,0.460979,0.485573,0.507288,0.652648,0.824456,0.858967,0.759190,0.459325,calls/second,milliseconds
1779276949,605,2.343537,0.190137,0.002706,0.140279,0.205236,0.256945,0.460979,0.485573,0.507288,0.652648,0.823333,0.858967,0.759190,0.459325,calls/second,milliseconds
1779276950,605,2.343537,0.190137,0.002706,0.140279,0.205236,0.256945,0.460979,0.485573,0.507288,0.652648,0.822212,0.870244,0.763170,0.462320,calls/second,milliseconds
1779276951,605,2.343537,0.190137,0.002706,0.140279,0.205236,0.256945,0.460979,0.485573,0.507288,0.652648,0.821095,0.870244,0.763170,0.462320,calls/second,milliseconds
1779276952,605,2.343537,0.190137,0.002706,0.140279,0.205236,0.256945,0.460979,0.485573,0.507288,0.652648,0.819980,0.870244,0.763170,0.462320,calls/second,milliseconds
1779276953,605,2.343537,0.190137,0.002706,0.140279,0.205236,0.256945,0.460979,0.485573,0.507288,0.652648,0.818869,0.870244,0.763170,0.462320,calls/second,milliseconds
1779276954,605,2.343537,0.190137,0.002706,0.140279,0.205236,0.256945,0.460979,0.485573,0.507288,0.652648,0.817761,0.870244,0.763170,0.462320,calls/second,milliseconds
1779276955,605,2.343537,0.190137,0.002706,0.140279,0.205236,0.256945,0.460979,0.485573,0.507288,0.652648,0.816656,0.800663,0.750556,0.459759,calls/second,milliseconds
1779276956,610,2.343537,0.187173,0.002706,0.134397,0.196392,0.255060,0.430854,0.485573,0.499383,0.652648,0.822293,0.800663,0.750556,0.459759,calls/second,milliseconds
1779276957,610,2.343537,0.187173,0.002706,0.134397,0.196392,0.255060,0.430854,0.485573,0.499383,0.652648,0.821184,0.800663,0.750556,0.459759,calls/second,milliseconds
1779276958,615,2.343537,0.175228,0.002706,0.134775,0.184227,0.250936,0.430854,0.485573,0.499383,0.624107,0.826800,0.800663,0.750556,0.459759,calls/second,milliseconds
1779276959,615,2.343537,0.175228,0.002706,0.134775,0.184227,0.250936,0.430854,0.485573,0.499383,0.624107,0.825688,0.800663,0.750556,0.459759,calls/second,milliseconds
1779276960,615,2.343537,0.175228,0.002706,0.134775,0.184227,0.250936,0.430854,0.485573,0.499383,0.624107,0.824580,0.896557,0.771207,0.468292,calls/second,milliseconds
1779276961,615,2.343537,0.175228,0.002706,0.134775,0.184227,0.250936,0.430854,0.485573,0.499383,0.624107,0.823474,0.896557,0.771207,0.468292,calls/second,milliseconds
1779276962,615,2.343537,0.175228,0.002706,0.134775,0.184227,0.250936,0.430854,0.485573,0.499383,0.624107,0.822371,0.896557,0.771207,0.468292,calls/second,milliseconds
1779276963,615,2.343537,0.175228,0.002706,0.134775,0.184227,0.250936,0.430854,0.485573,0.499383,0.624107,0.821272,0.896557,0.771207,0.468292,calls/second,milliseconds
1779276964,620,2.343537,0.174166,0.002706,0.129205,0.170308,0.250209,0.430854,0.485573,0.492994,0.624107,0.826842,0.896557,0.771207,0.468292,calls/second,milliseconds
1779276965,620,2.343537,0.174166,0.002706,0.129205,0.170308,0.250209,0.430854,0.485573,0.492994,0.624107,0.825739,0.904828,0.774989,0.471238,calls/second,milliseconds
1779276966,620,2.343537,0.174166,0.002706,0.129205,0.170308,0.250209,0.430854,0.485573,0.492994,0.624107,0.824639,0.904828,0.774989,0.471238,calls/second,milliseconds
1779276967,620,2.343537,0.174166,0.002706,0.129205,0.170308,0.250209,0.430854,0.485573,0.492994,0.624107,0.823542,0.904828,0.774989,0.471238,calls/second,milliseconds
1779276968,620,2.343537,0.174166,0.002706,0.129205,0.170308,0.250209,0.430854,0.485573,0.492994,0.624107,0.822448,0.904828,0.774989,0.471238,calls/second,milliseconds
1779276969,620,2.343537,0.174166,0.002706,0.129205,0.170308,0.250209,0.430854,0.485573,0.492994,0.624107,0.821357,0.904828,0.774989,0.471238,calls/second,milliseconds
1779276970,620,2.343537,0.174166,0.002706,0.129205,0.170308,0.250209,0.430854,0.485573,0.492994,0.624107,0.820268,0.832481,0.762180,0.468627,calls/second,milliseconds
1779276971,620,2.343537,0.174166,0.002706,0.129205,0.170308,0.250209,0.430854,0.485573,0.492994,0.624107,0.819183,0.832481,0.762180,0.468627,calls/second,milliseconds
1779276972,620,2.343537,0.174166,0.002706,0.129205,0.170308,0.250209,0.430854,0.485573,0.492994,0.624107,0.818100,0.832481,0.762180,0.468627,calls/second,milliseconds
1779276973,625,2.343537,0.186585,0.002706,0.129877,0.185756,0.267472,0.427689,0.481437,0.485749,0.624107,0.823609,0.832481,0.762180,0.468627,calls/second,milliseconds
1779276974,625,2.343537,0.186585,0.002706,0.129877,0.185756,0.267472,0.427689,0.481437,0.485749,0.624107,0.822519,0.832481,0.762180,0.468627,calls/second,milliseconds
1779276975,630,2.343537,0.173177,0.002706,0.132276,0.170308,0.256346,0.427689,0.465465,0.485749,0.624107,0.828007,0.845876,0.766110,0.471571,calls/second,milliseconds
1779276976,630,2.343537,0.173177,0.002706,0.132276,0.170308,0.256346,0.427689,0.465465,0.485749,0.624107,0.826919,0.845876,0.766110,0.471571,calls/second,milliseconds
1779276977,630,2.343537,0.173177,0.002706,0.132276,0.170308,0.256346,0.427689,0.465465,0.485749,0.624107,0.825833,0.845876,0.766110,0.471571,calls/second,milliseconds
1779276978,630,2.343537,0.173177,0.002706,0.132276,0.170308,0.256346,0.427689,0.465465,0.485749,0.624107,0.824750,0.845876,0.766110,0.471571,calls/second,milliseconds
1779276979,630,2.343537,0.173177,0.002706,0.132276,0.170308,0.256346,0.427689,0.465465,0.485749,0.624107,0.823670,0.845876,0.766110,0.471571,calls/second,milliseconds
1779276980,630,2.343537,0.173177,0.002706,0.132276,0.170308,0.256346,0.427689,0.465465,0.485749,0.624107,0.822594,0.858199,0.769976,0.474499,calls/second,milliseconds
1779276981,635,2.343537,0.191543,0.002706,0.141402,0.185861,0.295724,0.430854,0.465465,0.485573,0.623081,0.828038,0.858199,0.769976,0.474499,calls/second,milliseconds
1779276982,635,2.343537,0.191543,0.002706,0.141402,0.185861,0.295724,0.430854,0.465465,0.485573,0.623081,0.826958,0.858199,0.769976,0.474499,calls/second,milliseconds
1779276983,635,2.343537,0.191543,0.002706,0.141402,0.185861,0.295724,0.430854,0.465465,0.485573,0.623081,0.825880,0.858199,0.769976,0.474499,calls/second,milliseconds
1779276984,635,2.343537,0.191543,0.002706,0.141402,0.185861,0.295724,0.430854,0.465465,0.485573,0.623081,0.824806,0.858199,0.769976,0.474499,calls/second,milliseconds
1779276985,635,2.343537,0.191543,0.002706,0.141402,0.185861,0.295724,0.430854,0.465465,0.485573,0.623081,0.823735,0.869536,0.773778,0.477410,calls/second,milliseconds
1779276986,635,2.343537,0.191543,0.002706,0.141402,0.185861,0.295724,0.430854,0.465465,0.485573,0.623081,0.822665,0.869536,0.773778,0.477410,calls/second,milliseconds
1779276987,635,2.343537,0.191543,0.002706,0.141402,0.185861,0.295724,0.430854,0.465465,0.485573,0.623081,0.821599,0.869536,0.773778,0.477410,calls/second,milliseconds
1779276988,635,2.343537,0.191543,0.002706,0.141402,0.185861,0.295724,0.430854,0.465465,0.485573,0.623081,0.820535,0.869536,0.773778,0.477410,calls/second,milliseconds
1779276989,635,2.343537,0.191543,0.002706,0.141402,0.185861,0.295724,0.430854,0.465465,0.485573,0.623081,0.819474,0.869536,0.773778,0.477410,calls/second,milliseconds
1779276990,640,2.343537,0.189655,0.002706,0.135303,0.172113,0.278789,0.430854,0.465465,0.485573,0.623081,0.824861,0.800012,0.760989,0.474765,calls/second,milliseconds
1779276991,640,2.343537,0.189655,0.002706,0.135303,0.172113,0.278789,0.430854,0.465465,0.485573,0.623081,0.823797,0.800012,0.760989,0.474765,calls/second,milliseconds
1779276992,645,2.343537,0.176801,0.002706,0.136652,0.170293,0.265823,0.429155,0.465465,0.485573,0.623081,0.829164,0.800012,0.760989,0.474765,calls/second,milliseconds
1779276993,645,2.343537,0.176801,0.002706,0.136652,0.170293,0.265823,0.429155,0.465465,0.485573,0.623081,0.828098,0.800012,0.760989,0.474765,calls/second,milliseconds
1779276994,645,2.343537,0.176801,0.002706,0.136652,0.170293,0.265823,0.429155,0.465465,0.485573,0.623081,0.827034,0.800012,0.760989,0.474765,calls/second,milliseconds
1779276995,645,2.343537,0.176801,0.002706,0.136652,0.170293,0.265823,0.429155,0.465465,0.485573,0.623081,0.825973,0.895958,0.781468,0.483215,calls/second,milliseconds
1779276996,645,2.343537,0.176801,0.002706,0.136652,0.170293,0.265823,0.429155,0.465465,0.485573,0.623081,0.824915,0.895958,0.781468,0.483215,calls/second,milliseconds
1779276997,645,2.343537,0.176801,0.002706,0.136652,0.170293,0.265823,0.429155,0.465465,0.485573,0.623081,0.823859,0.895958,0.781468,0.483215,calls/second,milliseconds
1779276998,650,2.343537,0.181152,0.002706,0.131985,0.173864,0.253895,0.429155,0.460979,0.485573,0.619818,0.829185,0.895958,0.781468,0.483215,calls/second,milliseconds
1779276999,650,2.343537,0.181152,0.002706,0.131985,0.173864,0.253895,0.429155,0.460979,0.485573,0.619818,0.828126,0.895958,0.781468,0.483215,calls/second,milliseconds
1779277000,650,2.343537,0.181152,0.002706,0.131985,0.173864,0.253895,0.429155,0.460979,0.485573,0.619818,0.827071,0.904277,0.785080,0.486078,calls/second,milliseconds
1779277001,650,2.343537,0.181152,0.002706,0.131985,0.173864,0.253895,0.429155,0.460979,0.485573,0.619818,0.826019,0.904277,0.785080,0.486078,calls/second,milliseconds
1779277002,650,2.343537,0.181152,0.002706,0.131985,0.173864,0.253895,0.429155,0.460979,0.485573,0.619818,0.824969,0.904277,0.785080,0.486078,calls/second,milliseconds
1779277003,650,2.343537,0.181152,0.002706,0.131985,0.173864,0.253895,0.429155,0.460979,0.485573,0.619818,0.823921,0.904277,0.785080,0.486078,calls/second,milliseconds
1779277004,650,2.343537,0.181152,0.002706,0.131985,0.173864,0.253895,0.429155,0.460979,0.485573,0.619818,0.822876,0.904277,0.785080,0.486078,calls/second,milliseconds
1779277005,650,2.343537,0.181152,0.002706,0.131985,0.173864,0.253895,0.429155,0.460979,0.485573,0.619818,0.821834,0.831975,0.772104,0.483385,calls/second,milliseconds
1779277006,650,2.343537,0.181152,0.002706,0.131985,0.173864,0.253895,0.429155,0.460979,0.485573,0.619818,0.820795,0.831975,0.772104,0.483385,calls/second,milliseconds
1779277007,655,2.343537,0.179654,0.002706,0.126320,0.171138,0.250936,0.429155,0.460979,0.485573,0.619818,0.826064,0.831975,0.772104,0.483385,calls/second,milliseconds
1779277008,655,2.343537,0.179654,0.002706,0.126320,0.171138,0.250936,0.429155,0.460979,0.485573,0.619818,0.825021,0.831975,0.772104,0.483385,calls/second,milliseconds
1779277009,660,2.343537,0.168162,0.002706,0.127172,0.169304,0.249349,0.427689,0.460979,0.485573,0.618812,0.830272,0.831975,0.772104,0.483385,calls/second,milliseconds
1779277010,660,2.343537,0.168162,0.002706,0.127172,0.169304,0.249349,0.427689,0.460979,0.485573,0.618812,0.829227,0.925365,0.792399,0.491788,calls/second,milliseconds
1779277011,660,2.343537,0.168162,0.002706,0.127172,0.169304,0.249349,0.427689,0.460979,0.485573,0.618812,0.828185,0.925365,0.792399,0.491788,calls/second,milliseconds
1779277012,660,2.343537,0.168162,0.002706,0.127172,0.169304,0.249349,0.427689,0.460979,0.485573,0.618812,0.827145,0.925365,0.792399,0.491788,calls/second,milliseconds
1779277013,660,2.343537,0.168162,0.002706,0.127172,0.169304,0.249349,0.427689,0.460979,0.485573,0.618812,0.826108,0.925365,0.792399,0.491788,calls/second,milliseconds
1779277014,660,2.343537,0.168162,0.002706,0.127172,0.169304,0.249349,0.427689,0.460979,0.485573,0.618812,0.825074,0.925365,0.792399,0.491788,calls/second,milliseconds
1779277015,665,2.343537,0.163821,0.002706,0.122837,0.164880,0.248105,0.418936,0.448221,0.481437,0.618812,0.830285,0.851377,0.779302,0.489063,calls/second,milliseconds
1779277016,665,2.343537,0.163821,0.002706,0.122837,0.164880,0.248105,0.418936,0.448221,0.481437,0.618812,0.829248,0.851377,0.779302,0.489063,calls/second,milliseconds
1779277017,665,2.343537,0.163821,0.002706,0.122837,0.164880,0.248105,0.418936,0.448221,0.481437,0.618812,0.828213,0.851377,0.779302,0.489063,calls/second,milliseconds
1779277018,665,2.343537,0.163821,0.002706,0.122837,0.164880,0.248105,0.418936,0.448221,0.481437,0.618812,0.827182,0.851377,0.779302,0.489063,calls/second,milliseconds
1779277019,665,2.343537,0.163821,0.002706,0.122837,0.164880,0.248105,0.418936,0.448221,0.481437,0.618812,0.826152,0.851377,0.779302,0.489063,calls/second,milliseconds
1779277020,665,2.343537,0.163821,0.002706,0.122837,0.164880,0.248105,0.418936,0.448221,0.481437,0.618812,0.825126,0.863260,0.782950,0.491894,calls/second,milliseconds
1779277021,665,2.343537,0.163821,0.002706,0.122837,0.164880,0.248105,0.418936,0.448221,0.481437,0.618812,0.824101,0.863260,0.782950,0.491894,calls/second,milliseconds
1779277022,665,2.343537,0.163821,0.002706,0.122837,0.164880,0.248105,0.418936,0.448221,0.481437,0.618812,0.823079,0.863260,0.782950,0.491894,calls/second,milliseconds
1779277023,665,2.343537,0.163821,0.002706,0.122837,0.164880,0.248105,0.418936,0.448221,0.481437,0.618812,0.822061,0.863260,0.782950,0.491894,calls/second,milliseconds
1779277024,670,2.343537,0.163822,0.002706,0.117496,0.166624,0.240916,0.402638,0.448221,0.465465,0.618812,0.827217,0.863260,0.782950,0.491894,calls/second,milliseconds
1779277025,670,2.343537,0.163822,0.002706,0.117496,0.166624,0.240916,0.402638,0.448221,0.465465,0.618812,0.826196,0.874193,0.786537,0.494709,calls/second,milliseconds
1779277026,675,2.343537,0.151236,0.001325,0.120355,0.156985,0.210603,0.392558,0.448221,0.465465,0.615741,0.831335,0.874193,0.786537,0.494709,calls/second,milliseconds
1779277027,675,2.343537,0.151236,0.001325,0.120355,0.156985,0.210603,0.392558,0.448221,0.465465,0.615741,0.830310,0.874193,0.786537,0.494709,calls/second,milliseconds
1779277028,675,2.343537,0.151236,0.001325,0.120355,0.156985,0.210603,0.392558,0.448221,0.465465,0.615741,0.829288,0.874193,0.786537,0.494709,calls/second,milliseconds
1779277029,675,2.343537,0.151236,0.001325,0.120355,0.156985,0.210603,0.392558,0.448221,0.465465,0.615741,0.828269,0.874193,0.786537,0.494709,calls/second,milliseconds
1779277030,675,2.343537,0.151236,0.001325,0.120355,0.156985,0.210603,0.392558,0.448221,0.465465,0.615741,0.827252,0.884252,0.790065,0.497508,calls/second,milliseconds
1779277031,675,2.343537,0.151236,0.001325,0.120355,0.156985,0.210603,0.392558,0.448221,0.465465,0.615741,0.826238,0.884252,0.790065,0.497508,calls/second,milliseconds
1779277032,680,2.343537,0.154749,0.001325,0.116111,0.166722,0.212936,0.392558,0.448221,0.465465,0.615741,0.831339,0.884252,0.790065,0.497508,calls/second,milliseconds
1779277033,680,2.343537,0.154749,0.001325,0.116111,0.166722,0.212936,0.392558,0.448221,0.465465,0.615741,0.830323,0.884252,0.790065,0.497508,calls/second,milliseconds
1779277034,680,2.343537,0.154749,0.001325,0.116111,0.166722,0.212936,0.392558,0.448221,0.465465,0.615741,0.829308,0.884252,0.790065,0.497508,calls/second,milliseconds
1779277035,680,2.343537,0.154749,0.001325,0.116111,0.166722,0.212936,0.392558,0.448221,0.465465,0.615741,0.828296,0.893507,0.793535,0.500292,calls/second,milliseconds
1779277036,680,2.343537,0.154749,0.001325,0.116111,0.166722,0.212936,0.392558,0.448221,0.465465,0.615741,0.827287,0.893507,0.793535,0.500292,calls/second,milliseconds
1779277037,680,2.343537,0.154749,0.001325,0.116111,0.166722,0.212936,0.392558,0.448221,0.465465,0.615741,0.826280,0.893507,0.793535,0.500292,calls/second,milliseconds
1779277038,680,2.343537,0.154749,0.001325,0.116111,0.166722,0.212936,0.392558,0.448221,0.465465,0.615741,0.825276,0.893507,0.793535,0.500292,calls/second,milliseconds
1779277039,680,2.343537,0.154749,0.001325,0.116111,0.166722,0.212936,0.392558,0.448221,0.465465,0.615741,0.824274,0.893507,0.793535,0.500292,calls/second,milliseconds
1779277040,680,2.343537,0.154749,0.001325,0.116111,0.166722,0.212936,0.392558,0.448221,0.465465,0.615741,0.823274,0.822066,0.780419,0.497520,calls/second,milliseconds
1779277041,685,2.343537,0.154106,0.001325,0.111266,0.163188,0.204888,0.382022,0.448221,0.465465,0.585294,0.828323,0.822066,0.780419,0.497520,calls/second,milliseconds
1779277042,685,2.343537,0.154106,0.001325,0.111266,0.163188,0.204888,0.382022,0.448221,0.465465,0.585294,0.827321,0.822066,0.780419,0.497520,calls/second,milliseconds
1779277043,690,2.343537,0.144390,0.001325,0.111631,0.156849,0.196392,0.382022,0.430854,0.460979,0.585294,0.832353,0.822066,0.780419,0.497520,calls/second,milliseconds
1779277044,690,2.343537,0.144390,0.001325,0.111631,0.156849,0.196392,0.382022,0.430854,0.460979,0.585294,0.831348,0.822066,0.780419,0.497520,calls/second,milliseconds
1779277045,690,2.343537,0.144390,0.001325,0.111631,0.156849,0.196392,0.382022,0.430854,0.460979,0.585294,0.830347,0.916248,0.800577,0.505844,calls/second,milliseconds
1779277046,690,2.343537,0.144390,0.001325,0.111631,0.156849,0.196392,0.382022,0.430854,0.460979,0.585294,0.829347,0.916248,0.800577,0.505844,calls/second,milliseconds
1779277047,690,2.343537,0.144390,0.001325,0.111631,0.156849,0.196392,0.382022,0.430854,0.460979,0.585294,0.828350,0.916248,0.800577,0.505844,calls/second,milliseconds
1779277048,690,2.343537,0.144390,0.001325,0.111631,0.156849,0.196392,0.382022,0.430854,0.460979,0.585294,0.827355,0.916248,0.800577,0.505844,calls/second,milliseconds
1779277049,695,2.343537,0.141299,0.001325,0.107579,0.146667,0.186376,0.343006,0.430854,0.460979,0.572253,0.832350,0.916248,0.800577,0.505844,calls/second,milliseconds
1779277050,695,2.343537,0.141299,0.001325,0.107579,0.146667,0.186376,0.343006,0.430854,0.460979,0.572253,0.831353,0.922945,0.803873,0.508582,calls/second,milliseconds
1779277051,695,2.343537,0.141299,0.001325,0.107579,0.146667,0.186376,0.343006,0.430854,0.460979,0.572253,0.830359,0.922945,0.803873,0.508582,calls/second,milliseconds
1779277052,695,2.343537,0.141299,0.001325,0.107579,0.146667,0.186376,0.343006,0.430854,0.460979,0.572253,0.829366,0.922945,0.803873,0.508582,calls/second,milliseconds
1779277053,695,2.343537,0.141299,0.001325,0.107579,0.146667,0.186376,0.343006,0.430854,0.460979,0.572253,0.828376,0.922945,0.803873,0.508582,calls/second,milliseconds
1779277054,695,2.343537,0.141299,0.001325,0.107579,0.146667,0.186376,0.343006,0.430854,0.460979,0.572253,0.827388,0.922945,0.803873,0.508582,calls/second,milliseconds
1779277055,695,2.343537,0.141299,0.001325,0.107579,0.146667,0.186376,0.343006,0.430854,0.460979,0.572253,0.826403,0.849150,0.790587,0.505764,calls/second,milliseconds
1779277056,695,2.343537,0.141299,0.001325,0.107579,0.146667,0.186376,0.343006,0.430854,0.460979,0.572253,0.825420,0.849150,0.790587,0.505764,calls/second,milliseconds
1779277057,695,2.343537,0.141299,0.001325,0.107579,0.146667,0.186376,0.343006,0.430854,0.460979,0.572253,0.824439,0.849150,0.790587,0.505764,calls/second,milliseconds
1779277058,700,2.343537,0.138743,0.001325,0.103348,0.127640,0.179806,0.343006,0.429155,0.460979,0.564723,0.829385,0.849150,0.790587,0.505764,calls/second,milliseconds
1779277059,700,2.343537,0.138743,0.001325,0.103348,0.127640,0.179806,0.343006,0.429155,0.460979,0.564723,0.828402,0.861211,0.794048,0.508503,calls/second,milliseconds
1779277060,705,2.343537,0.129188,0.001325,0.104228,0.118783,0.174987,0.323114,0.429155,0.448221,0.538841,0.833330,0.861211,0.794048,0.508503,calls/second,milliseconds
1779277061,705,2.343537,0.129188,0.001325,0.104228,0.118783,0.174987,0.323114,0.429155,0.448221,0.538841,0.832345,0.861211,0.794048,0.508503,calls/second,milliseconds
1779277062,705,2.343537,0.129188,0.001325,0.104228,0.118783,0.174987,0.323114,0.429155,0.448221,0.538841,0.831362,0.861211,0.794048,0.508503,calls/second,milliseconds
1779277063,705,2.343537,0.129188,0.001325,0.104228,0.118783,0.174987,0.323114,0.429155,0.448221,0.538841,0.830382,0.861211,0.794048,0.508503,calls/second,milliseconds
1779277064,705,2.343537,0.129188,0.001325,0.104228,0.118783,0.174987,0.323114,0.429155,0.448221,0.538841,0.829403,0.872308,0.797452,0.511225,calls/second,milliseconds
1779277065,705,2.343537,0.129188,0.001325,0.104228,0.118783,0.174987,0.323114,0.429155,0.448221,0.538841,0.828427,0.872308,0.797452,0.511225,calls/second,milliseconds
1779277066,710,2.343537,0.132311,0.001325,0.100539,0.127640,0.179806,0.321161,0.427689,0.448221,0.538841,0.833322,0.872308,0.797452,0.511225,calls/second,milliseconds
1779277067,710,2.343537,0.132311,0.001325,0.100539,0.127640,0.179806,0.321161,0.427689,0.448221,0.538841,0.832344,0.872308,0.797452,0.511225,calls/second,milliseconds
1779277068,710,2.343537,0.132311,0.001325,0.100539,0.127640,0.179806,0.321161,0.427689,0.448221,0.538841,0.831367,0.872308,0.797452,0.511225,calls/second,milliseconds
1779277069,710,2.343537,0.132311,0.001325,0.100539,0.127640,0.179806,0.321161,0.427689,0.448221,0.538841,0.830389,0.882518,0.800800,0.513933,calls/second,milliseconds
1779277070,710,2.343537,0.132311,0.001325,0.100539,0.127640,0.179806,0.321161,0.427689,0.448221,0.538841,0.829418,0.882518,0.800800,0.513933,calls/second,milliseconds
1779277071,710,2.343537,0.132311,0.001325,0.100539,0.127640,0.179806,0.321161,0.427689,0.448221,0.538841,0.828449,0.882518,0.800800,0.513933,calls/second,milliseconds
1779277072,710,2.343537,0.132311,0.001325,0.100539,0.127640,0.179806,0.321161,0.427689,0.448221,0.538841,0.827481,0.882518,0.800800,0.513933,calls/second,milliseconds
1779277073,710,2.343537,0.132311,0.001325,0.100539,0.127640,0.179806,0.321161,0.427689,0.448221,0.538841,0.826516,0.882518,0.800800,0.513933,calls/second,milliseconds
1779277074,710,2.343537,0.132311,0.001325,0.100539,0.127640,0.179806,0.321161,0.427689,0.448221,0.538841,0.825554,0.811956,0.787564,0.511086,calls/second,milliseconds
1779277075,715,2.343537,0.136626,0.001325,0.097234,0.152390,0.183138,0.317625,0.418936,0.448221,0.538841,0.830400,0.811956,0.787564,0.511086,calls/second,milliseconds
1779277076,715,2.343537,0.136626,0.001325,0.097234,0.152390,0.183138,0.317625,0.418936,0.448221,0.538841,0.829434,0.811956,0.787564,0.511086,calls/second,milliseconds
1779277077,720,2.343537,0.127175,0.001325,0.098569,0.127640,0.180670,0.314141,0.418936,0.448221,0.530629,0.834265,0.811956,0.787564,0.511086,calls/second,milliseconds
1779277078,720,2.343537,0.127175,0.001325,0.098569,0.127640,0.180670,0.314141,0.418936,0.448221,0.530629,0.833298,0.811956,0.787564,0.511086,calls/second,milliseconds
1779277079,720,2.343537,0.127175,0.001325,0.098569,0.127640,0.180670,0.314141,0.418936,0.448221,0.530629,0.832333,0.906947,0.807603,0.519335,calls/second,milliseconds
1779277080,720,2.343537,0.127175,0.001325,0.098569,0.127640,0.180670,0.314141,0.418936,0.448221,0.530629,0.831370,0.906947,0.807603,0.519335,calls/second,milliseconds
1779277081,720,2.343537,0.127175,0.001325,0.098569,0.127640,0.180670,0.314141,0.418936,0.448221,0.530629,0.830410,0.906947,0.807603,0.519335,calls/second,milliseconds
1779277082,720,2.343537,0.127175,0.001325,0.098569,0.127640,0.180670,0.314141,0.418936,0.448221,0.530629,0.829452,0.906947,0.807603,0.519335,calls/second,milliseconds
1779277083,725,2.343537,0.130651,0.001325,0.095290,0.146874,0.182251,0.309822,0.402638,0.448221,0.520719,0.834249,0.906947,0.807603,0.519335,calls/second,milliseconds
1779277084,725,2.343537,0.130651,0.001325,0.095290,0.146874,0.182251,0.309822,0.402638,0.448221,0.520719,0.833289,0.914387,0.810784,0.521998,calls/second,milliseconds
1779277085,725,2.343537,0.130651,0.001325,0.095290,0.146874,0.182251,0.309822,0.402638,0.448221,0.520719,0.832331,0.914387,0.810784,0.521998,calls/second,milliseconds
1779277086,725,2.343537,0.130651,0.001325,0.095290,0.146874,0.182251,0.309822,0.402638,0.448221,0.520719,0.831375,0.914387,0.810784,0.521998,calls/second,milliseconds
1779277087,725,2.343537,0.130651,0.001325,0.095290,0.146874,0.182251,0.309822,0.402638,0.448221,0.520719,0.830421,0.914387,0.810784,0.521998,calls/second,milliseconds
1779277088,725,2.343537,0.130651,0.001325,0.095290,0.146874,0.182251,0.309822,0.402638,0.448221,0.520719,0.829470,0.914387,0.810784,0.521998,calls/second,milliseconds
1779277089,725,2.343537,0.130651,0.001325,0.095290,0.146874,0.182251,0.309822,0.402638,0.448221,0.520719,0.828520,0.841276,0.797382,0.519106,calls/second,milliseconds
1779277090,725,2.343537,0.130651,0.001325,0.095290,0.146874,0.182251,0.309822,0.402638,0.448221,0.520719,0.827573,0.841276,0.797382,0.519106,calls/second,milliseconds
1779277091,725,2.343537,0.130651,0.001325,0.095290,0.146874,0.182251,0.309822,0.402638,0.448221,0.520719,0.826628,0.841276,0.797382,0.519106,calls/second,milliseconds
1779277092,730,2.343537,0.129975,0.001325,0.091234,0.134611,0.179276,0.292888,0.392558,0.430854,0.520719,0.831380,0.841276,0.797382,0.519106,calls/second,milliseconds
1779277093,730,2.343537,0.129975,0.001325,0.091234,0.134611,0.179276,0.292888,0.392558,0.430854,0.520719,0.830433,0.841276,0.797382,0.519106,calls/second,milliseconds
1779277094,735,2.343537,0.122192,0.001325,0.091433,0.124805,0.173888,0.276411,0.392558,0.430854,0.520719,0.835169,0.933923,0.817260,0.527310,calls/second,milliseconds
1779277095,735,2.343537,0.122192,0.001325,0.091433,0.124805,0.173888,0.276411,0.392558,0.430854,0.520719,0.834219,0.933923,0.817260,0.527310,calls/second,milliseconds
1779277096,735,2.343537,0.122192,0.001325,0.091433,0.124805,0.173888,0.276411,0.392558,0.430854,0.520719,0.833272,0.933923,0.817260,0.527310,calls/second,milliseconds
1779277097,735,2.343537,0.122192,0.001325,0.091433,0.124805,0.173888,0.276411,0.392558,0.430854,0.520719,0.832327,0.933923,0.817260,0.527310,calls/second,milliseconds
1779277098,735,2.343537,0.122192,0.001325,0.091433,0.124805,0.173888,0.276411,0.392558,0.430854,0.520719,0.831383,0.933923,0.817260,0.527310,calls/second,milliseconds
1779277099,740,2.343537,0.120570,0.001325,0.087921,0.116570,0.171363,0.256346,0.382022,0.429155,0.507288,0.836092,0.859250,0.803752,0.524389,calls/second,milliseconds
1779277100,740,2.343537,0.120570,0.001325,0.087921,0.116570,0.171363,0.256346,0.382022,0.429155,0.507288,0.835146,0.859250,0.803752,0.524389,calls/second,milliseconds
1779277101,740,2.343537,0.120570,0.001325,0.087921,0.116570,0.171363,0.256346,0.382022,0.429155,0.507288,0.834203,0.859250,0.803752,0.524389,calls/second,milliseconds
1779277102,740,2.343537,0.120570,0.001325,0.087921,0.116570,0.171363,0.256346,0.382022,0.429155,0.507288,0.833263,0.859250,0.803752,0.524389,calls/second,milliseconds
1779277103,740,2.343537,0.120570,0.001325,0.087921,0.116570,0.171363,0.256346,0.382022,0.429155,0.507288,0.832323,0.859250,0.803752,0.524389,calls/second,milliseconds
1779277104,740,2.343537,0.120570,0.001325,0.087921,0.116570,0.171363,0.256346,0.382022,0.429155,0.507288,0.831386,0.870504,0.806996,0.527024,calls/second,milliseconds
1779277105,740,2.343537,0.120570,0.001325,0.087921,0.116570,0.171363,0.256346,0.382022,0.429155,0.507288,0.830452,0.870504,0.806996,0.527024,calls/second,milliseconds
1779277106,740,2.343537,0.120570,0.001325,0.087921,0.116570,0.171363,0.256346,0.382022,0.429155,0.507288,0.829519,0.870504,0.806996,0.527024,calls/second,milliseconds
1779277107,740,2.343537,0.120570,0.001325,0.087921,0.116570,0.171363,0.256346,0.382022,0.429155,0.507288,0.828588,0.870504,0.806996,0.527024,calls/second,milliseconds
1779277108,740,2.343537,0.120570,0.001325,0.087921,0.116570,0.171363,0.256346,0.382022,0.429155,0.507288,0.827660,0.870504,0.806996,0.527024,calls/second,milliseconds
1779277109,745,2.343537,0.123438,0.001325,0.085005,0.118783,0.173866,0.253895,0.371817,0.429155,0.499383,0.832319,0.880858,0.810186,0.529644,calls/second,milliseconds
1779277110,745,2.343537,0.123438,0.001325,0.085005,0.118783,0.173866,0.253895,0.371817,0.429155,0.499383,0.831389,0.880858,0.810186,0.529644,calls/second,milliseconds
1779277111,750,2.343537,0.115147,0.001325,0.086229,0.115653,0.171224,0.250679,0.343006,0.429155,0.499383,0.836034,0.880858,0.810186,0.529644,calls/second,milliseconds
1779277112,750,2.343537,0.115147,0.001325,0.086229,0.115653,0.171224,0.250679,0.343006,0.429155,0.499383,0.835102,0.880858,0.810186,0.529644,calls/second,milliseconds
1779277113,750,2.343537,0.115147,0.001325,0.086229,0.115653,0.171224,0.250679,0.343006,0.429155,0.499383,0.834171,0.880858,0.810186,0.529644,calls/second,milliseconds
1779277114,750,2.343537,0.115147,0.001325,0.086229,0.115653,0.171224,0.250679,0.343006,0.429155,0.499383,0.833243,0.890384,0.813323,0.532250,calls/second,milliseconds
1779277115,750,2.343537,0.115147,0.001325,0.086229,0.115653,0.171224,0.250679,0.343006,0.429155,0.499383,0.832316,0.890384,0.813323,0.532250,calls/second,milliseconds
1779277116,755,2.343537,0.116391,0.001325,0.082845,0.122123,0.170293,0.248662,0.326987,0.427689,0.490772,0.836935,0.890384,0.813323,0.532250,calls/second,milliseconds
1779277117,755,2.343537,0.116391,0.001325,0.082845,0.122123,0.170293,0.248662,0.326987,0.427689,0.490772,0.836006,0.890384,0.813323,0.532250,calls/second,milliseconds
1779277118,755,2.343537,0.116391,0.001325,0.082845,0.122123,0.170293,0.248662,0.326987,0.427689,0.490772,0.835080,0.890384,0.813323,0.532250,calls/second,milliseconds
1779277119,755,2.343537,0.116391,0.001325,0.082845,0.122123,0.170293,0.248662,0.326987,0.427689,0.490772,0.834156,0.899149,0.816408,0.534841,calls/second,milliseconds
1779277120,755,2.343537,0.116391,0.001325,0.082845,0.122123,0.170293,0.248662,0.326987,0.427689,0.490772,0.833233,0.899149,0.816408,0.534841,calls/second,milliseconds
1779277121,755,2.343537,0.116391,0.001325,0.082845,0.122123,0.170293,0.248662,0.326987,0.427689,0.490772,0.832313,0.899149,0.816408,0.534841,calls/second,milliseconds
1779277122,755,2.343537,0.116391,0.001325,0.082845,0.122123,0.170293,0.248662,0.326987,0.427689,0.490772,0.831395,0.899149,0.816408,0.534841,calls/second,milliseconds
1779277123,755,2.343537,0.116391,0.001325,0.082845,0.122123,0.170293,0.248662,0.326987,0.427689,0.490772,0.830479,0.899149,0.816408,0.534841,calls/second,milliseconds
1779277124,755,2.343537,0.116391,0.001325,0.082845,0.122123,0.170293,0.248662,0.326987,0.427689,0.490772,0.829565,0.827257,0.802914,0.531878,calls/second,milliseconds
1779277125,755,2.343537,0.116391,0.001325,0.082845,0.122123,0.170293,0.248662,0.326987,0.427689,0.490772,0.828653,0.827257,0.802914,0.531878,calls/second,milliseconds
1779277126,760,2.343537,0.119255,0.001325,0.079818,0.128300,0.164880,0.245530,0.323114,0.418936,0.485749,0.833225,0.827257,0.802914,0.531878,calls/second,milliseconds
1779277127,760,2.343537,0.119255,0.001325,0.079818,0.128300,0.164880,0.245530,0.323114,0.418936,0.485749,0.832311,0.827257,0.802914,0.531878,calls/second,milliseconds
1779277128,765,2.343537,0.112306,0.001325,0.080146,0.118783,0.156849,0.234724,0.321161,0.402638,0.485573,0.836868,0.827257,0.802914,0.531878,calls/second,milliseconds
1779277129,765,2.343537,0.112306,0.001325,0.080146,0.118783,0.156849,0.234724,0.321161,0.402638,0.485573,0.835953,0.921024,0.822701,0.540012,calls/second,milliseconds
1779277130,765,2.343537,0.112306,0.001325,0.080146,0.118783,0.156849,0.234724,0.321161,0.402638,0.485573,0.835038,0.921024,0.822701,0.540012,calls/second,milliseconds
1779277131,765,2.343537,0.112306,0.001325,0.080146,0.118783,0.156849,0.234724,0.321161,0.402638,0.485573,0.834126,0.921024,0.822701,0.540012,calls/second,milliseconds
1779277132,765,2.343537,0.112306,0.001325,0.080146,0.118783,0.156849,0.234724,0.321161,0.402638,0.485573,0.833216,0.921024,0.822701,0.540012,calls/second,milliseconds
1779277133,770,2.343537,0.104670,0.001325,0.081229,0.113507,0.155303,0.214835,0.317625,0.392558,0.485573,0.837749,0.921024,0.822701,0.540012,calls/second,milliseconds
1779277134,770,2.343537,0.104670,0.001325,0.081229,0.113507,0.155303,0.214835,0.317625,0.392558,0.485573,0.836837,0.927339,0.825631,0.542560,calls/second,milliseconds
1779277135,775,2.343537,0.099043,0.001325,0.080655,0.106484,0.153274,0.212936,0.314141,0.392558,0.485573,0.841355,0.927339,0.825631,0.542560,calls/second,milliseconds
1779277136,775,2.343537,0.099043,0.001325,0.080655,0.106484,0.153274,0.212936,0.314141,0.392558,0.485573,0.840441,0.927339,0.825631,0.542560,calls/second,milliseconds
1779277138,775,2.343537,0.099043,0.001325,0.080655,0.106484,0.153274,0.212936,0.314141,0.392558,0.485573,0.839530,0.927339,0.825631,0.542560,calls/second,milliseconds
1779277139,775,2.343537,0.099043,0.001325,0.080655,0.106484,0.153274,0.212936,0.314141,0.392558,0.485573,0.838620,0.927339,0.825631,0.542560,calls/second,milliseconds
1779277140,775,2.343537,0.099043,0.001325,0.080655,0.106484,0.153274,0.212936,0.314141,0.392558,0.485573,0.837712,0.933148,0.828513,0.545095,calls/second,milliseconds
1779277141,775,2.343537,0.099043,0.001325,0.080655,0.106484,0.153274,0.212936,0.314141,0.392558,0.485573,0.836806,0.933148,0.828513,0.545095,calls/second,milliseconds
1779277142,775,2.343537,0.099043,0.001325,0.080655,0.106484,0.153274,0.212936,0.314141,0.392558,0.485573,0.835902,0.933148,0.828513,0.545095,calls/second,milliseconds
1779277143,775,2.343537,0.099043,0.001325,0.080655,0.106484,0.153274,0.212936,0.314141,0.392558,0.485573,0.835000,0.933148,0.828513,0.545095,calls/second,milliseconds
1779277144,775,2.343537,0.099043,0.001325,0.080655,0.106484,0.153274,0.212936,0.314141,0.392558,0.485573,0.834100,0.933148,0.828513,0.545095,calls/second,milliseconds
1779277145,775,2.343537,0.099043,0.001325,0.080655,0.106484,0.153274,0.212936,0.314141,0.392558,0.485573,0.833202,0.858538,0.814819,0.542075,calls/second,milliseconds
1779277146,775,2.343537,0.099043,0.001325,0.080655,0.106484,0.153274,0.212936,0.314141,0.392558,0.485573,0.832306,0.858538,0.814819,0.542075,calls/second,milliseconds
1779277147,775,2.343537,0.099043,0.001325,0.080655,0.106484,0.153274,0.212936,0.314141,0.392558,0.485573,0.831411,0.858538,0.814819,0.542075,calls/second,milliseconds
1779277148,775,2.343537,0.099043,0.001325,0.080655,0.106484,0.153274,0.212936,0.314141,0.392558,0.485573,0.830519,0.858538,0.814819,0.542075,calls/second,milliseconds
1779277149,775,2.343537,0.099043,0.001325,0.080655,0.106484,0.153274,0.212936,0.314141,0.392558,0.485573,0.829628,0.858538,0.814819,0.542075,calls/second,milliseconds
1779277150,775,2.343537,0.099043,0.001325,0.080655,0.106484,0.153274,0.212936,0.314141,0.392558,0.485573,0.828739,0.789893,0.801351,0.539072,calls/second,milliseconds
1779277151,775,2.343537,0.099043,0.001325,0.080655,0.106484,0.153274,0.212936,0.314141,0.392558,0.485573,0.827853,0.789893,0.801351,0.539072,calls/second,milliseconds
1779277152,775,2.343537,0.099043,0.001325,0.080655,0.106484,0.153274,0.212936,0.314141,0.392558,0.485573,0.826968,0.789893,0.801351,0.539072,calls/second,milliseconds
1779277153,775,2.343537,0.099043,0.001325,0.080655,0.106484,0.153274,0.212936,0.314141,0.392558,0.485573,0.826085,0.789893,0.801351,0.539072,calls/second,milliseconds
1779277154,775,2.343537,0.099043,0.001325,0.080655,0.106484,0.153274,0.212936,0.314141,0.392558,0.485573,0.825204,0.789893,0.801351,0.539072,calls/second,milliseconds
1779277155,775,2.343537,0.099043,0.001325,0.080655,0.106484,0.153274,0.212936,0.314141,0.392558,0.485573,0.824325,0.726737,0.788106,0.536085,calls/second,milliseconds
1779277156,775,2.343537,0.099043,0.001325,0.080655,0.106484,0.153274,0.212936,0.314141,0.392558,0.485573,0.823448,0.726737,0.788106,0.536085,calls/second,milliseconds
1779277157,775,2.343537,0.099043,0.001325,0.080655,0.106484,0.153274,0.212936,0.314141,0.392558,0.485573,0.822572,0.726737,0.788106,0.536085,calls/second,milliseconds
