t,count,max,mean,min,stddev,p50,p75,p95,p98,p99,p999,mean_rate,m1_rate,m5_rate,m15_rate,rate_unit,duration_unit
1779970512,1,203.208658,203.208658,203.208658,0.000000,203.208658,203.208658,203.208658,203.208658,203.208658,203.208658,8.402721,0.000000,0.000000,0.000000,calls/second,milliseconds
1779970513,1,203.208658,203.208658,203.208658,0.000000,203.208658,203.208658,203.208658,203.208658,203.208658,203.208658,0.889886,0.000000,0.000000,0.000000,calls/second,milliseconds
1779970514,1,203.208658,203.208658,203.208658,0.000000,203.208658,203.208658,203.208658,203.208658,203.208658,203.208658,0.469894,0.000000,0.000000,0.000000,calls/second,milliseconds
1779970515,1,203.208658,203.208658,203.208658,0.000000,203.208658,203.208658,203.208658,203.208658,203.208658,203.208658,0.319316,0.000000,0.000000,0.000000,calls/second,milliseconds
1779970516,1,203.208658,203.208658,203.208658,0.000000,203.208658,203.208658,203.208658,203.208658,203.208658,203.208658,0.241829,0.000000,0.000000,0.000000,calls/second,milliseconds
1779970517,1,203.208658,203.208658,203.208658,0.000000,203.208658,203.208658,203.208658,203.208658,203.208658,203.208658,0.194595,0.200000,0.200000,0.200000,calls/second,milliseconds
1779970518,1,203.208658,203.208658,203.208658,0.000000,203.208658,203.208658,203.208658,203.208658,203.208658,203.208658,0.162795,0.200000,0.200000,0.200000,calls/second,milliseconds
1779970519,2,203.208658,101.494951,9.919607,96.511490,9.919607,203.208658,203.208658,203.208658,203.208658,203.208658,0.279853,0.200000,0.200000,0.200000,calls/second,milliseconds
1779970520,2,203.208658,101.494951,9.919607,96.511490,9.919607,203.208658,203.208658,203.208658,203.208658,203.208658,0.245399,0.200000,0.200000,0.200000,calls/second,milliseconds
1779970521,2,203.208658,101.494951,9.919607,96.511490,9.919607,203.208658,203.208658,203.208658,203.208658,203.208658,0.218513,0.200000,0.200000,0.200000,calls/second,milliseconds
1779970522,2,203.208658,101.494951,9.919607,96.511490,9.919607,203.208658,203.208658,203.208658,203.208658,203.208658,0.196931,0.200000,0.200000,0.200000,calls/second,milliseconds
1779970523,2,203.208658,101.494951,9.919607,96.511490,9.919607,203.208658,203.208658,203.208658,203.208658,203.208658,0.179226,0.200000,0.200000,0.200000,calls/second,milliseconds
1779970524,2,203.208658,101.494951,9.919607,96.511490,9.919607,203.208658,203.208658,203.208658,203.208658,203.208658,0.164450,0.200000,0.200000,0.200000,calls/second,milliseconds
1779970525,2,203.208658,101.494951,9.919607,96.511490,9.919607,203.208658,203.208658,203.208658,203.208658,203.208658,0.151928,0.200000,0.200000,0.200000,calls/second,milliseconds
1779970526,2,203.208658,101.494951,9.919607,96.511490,9.919607,203.208658,203.208658,203.208658,203.208658,203.208658,0.141177,0.200000,0.200000,0.200000,calls/second,milliseconds
1779970527,2,203.208658,101.494951,9.919607,96.511490,9.919607,203.208658,203.208658,203.208658,203.208658,203.208658,0.131848,0.184009,0.196694,0.198892,calls/second,milliseconds
1779970528,2,203.208658,101.494951,9.919607,96.511490,9.919607,203.208658,203.208658,203.208658,203.208658,203.208658,0.123675,0.184009,0.196694,0.198892,calls/second,milliseconds
1779970529,2,203.208658,101.494951,9.919607,96.511490,9.919607,203.208658,203.208658,203.208658,203.208658,203.208658,0.116457,0.184009,0.196694,0.198892,calls/second,milliseconds
1779970530,2,203.208658,101.494951,9.919607,96.511490,9.919607,203.208658,203.208658,203.208658,203.208658,203.208658,0.110033,0.184009,0.196694,0.198892,calls/second,milliseconds
1779970531,2,203.208658,101.494951,9.919607,96.511490,9.919607,203.208658,203.208658,203.208658,203.208658,203.208658,0.104279,0.184009,0.196694,0.198892,calls/second,milliseconds
1779970532,2,203.208658,101.494951,9.919607,96.511490,9.919607,203.208658,203.208658,203.208658,203.208658,203.208658,0.099098,0.169296,0.193443,0.197790,calls/second,milliseconds
1779970533,2,203.208658,101.494951,9.919607,96.511490,9.919607,203.208658,203.208658,203.208658,203.208658,203.208658,0.094407,0.169296,0.193443,0.197790,calls/second,milliseconds
1779970534,2,203.208658,101.494951,9.919607,96.511490,9.919607,203.208658,203.208658,203.208658,203.208658,203.208658,0.090142,0.169296,0.193443,0.197790,calls/second,milliseconds
1779970535,2,203.208658,101.494951,9.919607,96.511490,9.919607,203.208658,203.208658,203.208658,203.208658,203.208658,0.086246,0.169296,0.193443,0.197790,calls/second,milliseconds
1779970536,2,203.208658,101.494951,9.919607,96.511490,9.919607,203.208658,203.208658,203.208658,203.208658,203.208658,0.082672,0.169296,0.193443,0.197790,calls/second,milliseconds
1779970537,2,203.208658,101.494951,9.919607,96.511490,9.919607,203.208658,203.208658,203.208658,203.208658,203.208658,0.079382,0.155760,0.190246,0.196694,calls/second,milliseconds
1779970538,2,203.208658,101.494951,9.919607,96.511490,9.919607,203.208658,203.208658,203.208658,203.208658,203.208658,0.076345,0.155760,0.190246,0.196694,calls/second,milliseconds
1779970539,2,203.208658,101.494951,9.919607,96.511490,9.919607,203.208658,203.208658,203.208658,203.208658,203.208658,0.073532,0.155760,0.190246,0.196694,calls/second,milliseconds
1779970540,2,203.208658,101.494951,9.919607,96.511490,9.919607,203.208658,203.208658,203.208658,203.208658,203.208658,0.070918,0.155760,0.190246,0.196694,calls/second,milliseconds
1779970541,2,203.208658,101.494951,9.919607,96.511490,9.919607,203.208658,203.208658,203.208658,203.208658,203.208658,0.068485,0.155760,0.190246,0.196694,calls/second,milliseconds
1779970542,2,203.208658,101.494951,9.919607,96.511490,9.919607,203.208658,203.208658,203.208658,203.208658,203.208658,0.066212,0.143306,0.187101,0.195605,calls/second,milliseconds
1779970543,2,203.208658,101.494951,9.919607,96.511490,9.919607,203.208658,203.208658,203.208658,203.208658,203.208658,0.064086,0.143306,0.187101,0.195605,calls/second,milliseconds
1779970544,2,203.208658,101.494951,9.919607,96.511490,9.919607,203.208658,203.208658,203.208658,203.208658,203.208658,0.062092,0.143306,0.187101,0.195605,calls/second,milliseconds
1779970545,2,203.208658,101.494951,9.919607,96.511490,9.919607,203.208658,203.208658,203.208658,203.208658,203.208658,0.060218,0.143306,0.187101,0.195605,calls/second,milliseconds
1779970546,3,203.208658,60.094544,7.620671,85.901360,9.919607,203.208658,203.208658,203.208658,203.208658,203.208658,0.087681,0.143306,0.187101,0.195605,calls/second,milliseconds
1779970547,3,203.208658,60.094544,7.620671,85.901360,9.919607,203.208658,203.208658,203.208658,203.208658,203.208658,0.085184,0.147839,0.187315,0.195629,calls/second,milliseconds
1779970548,3,203.208658,60.094544,7.620671,85.901360,9.919607,203.208658,203.208658,203.208658,203.208658,203.208658,0.082828,0.147839,0.187315,0.195629,calls/second,milliseconds
1779970549,3,203.208658,60.094544,7.620671,85.901360,9.919607,203.208658,203.208658,203.208658,203.208658,203.208658,0.080597,0.147839,0.187315,0.195629,calls/second,milliseconds
1779970550,3,203.208658,60.094544,7.620671,85.901360,9.919607,203.208658,203.208658,203.208658,203.208658,203.208658,0.078484,0.147839,0.187315,0.195629,calls/second,milliseconds
1779970551,4,203.208658,43.059591,7.224306,74.912920,7.620671,9.919607,203.208658,203.208658,203.208658,203.208658,0.101970,0.147839,0.187315,0.195629,calls/second,milliseconds
1779970552,4,203.208658,43.059591,7.224306,74.912920,7.620671,9.919607,203.208658,203.208658,203.208658,203.208658,0.099430,0.152010,0.187524,0.195653,calls/second,milliseconds
1779970553,4,203.208658,43.059591,7.224306,74.912920,7.620671,9.919607,203.208658,203.208658,203.208658,203.208658,0.097013,0.152010,0.187524,0.195653,calls/second,milliseconds
1779970554,4,203.208658,43.059591,7.224306,74.912920,7.620671,9.919607,203.208658,203.208658,203.208658,203.208658,0.094711,0.152010,0.187524,0.195653,calls/second,milliseconds
1779970555,5,203.208658,33.047351,3.782661,66.890859,7.620671,9.919607,203.208658,203.208658,203.208658,203.208658,0.115645,0.152010,0.187524,0.195653,calls/second,milliseconds
1779970556,5,203.208658,33.047351,3.782661,66.890859,7.620671,9.919607,203.208658,203.208658,203.208658,203.208658,0.113026,0.152010,0.187524,0.195653,calls/second,milliseconds
1779970557,5,203.208658,33.047351,3.782661,66.890859,7.620671,9.919607,203.208658,203.208658,203.208658,203.208658,0.110522,0.155847,0.187730,0.195677,calls/second,milliseconds
1779970558,5,203.208658,33.047351,3.782661,66.890859,7.620671,9.919607,203.208658,203.208658,203.208658,203.208658,0.108126,0.155847,0.187730,0.195677,calls/second,milliseconds
1779970559,5,203.208658,33.047351,3.782661,66.890859,7.620671,9.919607,203.208658,203.208658,203.208658,203.208658,0.105833,0.155847,0.187730,0.195677,calls/second,milliseconds
1779970560,6,203.208658,27.368090,3.782661,60.227475,7.224306,7.620671,203.208658,203.208658,203.208658,203.208658,0.124361,0.155847,0.187730,0.195677,calls/second,milliseconds
1779970561,6,203.208658,27.368090,3.782661,60.227475,7.224306,7.620671,203.208658,203.208658,203.208658,203.208658,0.121831,0.155847,0.187730,0.195677,calls/second,milliseconds
1779970562,6,203.208658,27.368090,3.782661,60.227475,7.224306,7.620671,203.208658,203.208658,203.208658,203.208658,0.119400,0.159377,0.187933,0.195701,calls/second,milliseconds
1779970563,6,203.208658,27.368090,3.782661,60.227475,7.224306,7.620671,203.208658,203.208658,203.208658,203.208658,0.117065,0.159377,0.187933,0.195701,calls/second,milliseconds
1779970564,6,203.208658,27.368090,3.782661,60.227475,7.224306,7.620671,203.208658,203.208658,203.208658,203.208658,0.114821,0.159377,0.187933,0.195701,calls/second,milliseconds
1779970565,6,203.208658,27.368090,3.782661,60.227475,7.224306,7.620671,203.208658,203.208658,203.208658,203.208658,0.112661,0.159377,0.187933,0.195701,calls/second,milliseconds
1779970567,6,203.208658,27.368090,3.782661,60.227475,7.224306,7.620671,203.208658,203.208658,203.208658,203.208658,0.110581,0.159377,0.187933,0.195701,calls/second,milliseconds
1779970568,6,203.208658,27.368090,3.782661,60.227475,7.224306,7.620671,203.208658,203.208658,203.208658,203.208658,0.108576,0.146634,0.184827,0.194617,calls/second,milliseconds
1779970569,6,203.208658,27.368090,3.782661,60.227475,7.224306,7.620671,203.208658,203.208658,203.208658,203.208658,0.106641,0.146634,0.184827,0.194617,calls/second,milliseconds
1779970570,6,203.208658,27.368090,3.782661,60.227475,7.224306,7.620671,203.208658,203.208658,203.208658,203.208658,0.104775,0.146634,0.184827,0.194617,calls/second,milliseconds
1779970571,6,203.208658,27.368090,3.782661,60.227475,7.224306,7.620671,203.208658,203.208658,203.208658,203.208658,0.102974,0.146634,0.184827,0.194617,calls/second,milliseconds
1779970572,6,203.208658,27.368090,3.782661,60.227475,7.224306,7.620671,203.208658,203.208658,203.208658,203.208658,0.101233,0.146634,0.184827,0.194617,calls/second,milliseconds
1779970573,6,203.208658,27.368090,3.782661,60.227475,7.224306,7.620671,203.208658,203.208658,203.208658,203.208658,0.099550,0.134910,0.181772,0.193539,calls/second,milliseconds
1779970574,6,203.208658,27.368090,3.782661,60.227475,7.224306,7.620671,203.208658,203.208658,203.208658,203.208658,0.097922,0.134910,0.181772,0.193539,calls/second,milliseconds
1779970575,6,203.208658,27.368090,3.782661,60.227475,7.224306,7.620671,203.208658,203.208658,203.208658,203.208658,0.096347,0.134910,0.181772,0.193539,calls/second,milliseconds
1779970576,6,203.208658,27.368090,3.782661,60.227475,7.224306,7.620671,203.208658,203.208658,203.208658,203.208658,0.094821,0.134910,0.181772,0.193539,calls/second,milliseconds
1779970577,6,203.208658,27.368090,3.782661,60.227475,7.224306,7.620671,203.208658,203.208658,203.208658,203.208658,0.093343,0.134910,0.181772,0.193539,calls/second,milliseconds
1779970578,6,203.208658,27.368090,3.782661,60.227475,7.224306,7.620671,203.208658,203.208658,203.208658,203.208658,0.091910,0.124123,0.178768,0.192467,calls/second,milliseconds
1779970579,6,203.208658,27.368090,3.782661,60.227475,7.224306,7.620671,203.208658,203.208658,203.208658,203.208658,0.090521,0.124123,0.178768,0.192467,calls/second,milliseconds
1779970580,6,203.208658,27.368090,3.782661,60.227475,7.224306,7.620671,203.208658,203.208658,203.208658,203.208658,0.089173,0.124123,0.178768,0.192467,calls/second,milliseconds
1779970581,7,203.208658,22.911853,3.782661,53.647683,7.595858,7.620671,203.208658,203.208658,203.208658,203.208658,0.102509,0.124123,0.178768,0.192467,calls/second,milliseconds
1779970582,7,203.208658,22.911853,3.782661,53.647683,7.595858,7.620671,203.208658,203.208658,203.208658,203.208658,0.101027,0.124123,0.178768,0.192467,calls/second,milliseconds
1779970583,7,203.208658,22.911853,3.782661,53.647683,7.595858,7.620671,203.208658,203.208658,203.208658,203.208658,0.099587,0.130190,0.179119,0.192508,calls/second,milliseconds
1779970584,7,203.208658,22.911853,3.782661,53.647683,7.595858,7.620671,203.208658,203.208658,203.208658,203.208658,0.098186,0.130190,0.179119,0.192508,calls/second,milliseconds
1779970585,7,203.208658,22.911853,3.782661,53.647683,7.595858,7.620671,203.208658,203.208658,203.208658,203.208658,0.096826,0.130190,0.179119,0.192508,calls/second,milliseconds
1779970586,8,203.208658,19.780819,3.782661,48.537682,7.224306,7.595858,203.208658,203.208658,203.208658,203.208658,0.109146,0.130190,0.179119,0.192508,calls/second,milliseconds
1779970587,8,203.208658,19.780819,3.782661,48.537682,7.224306,7.595858,203.208658,203.208658,203.208658,203.208658,0.107662,0.130190,0.179119,0.192508,calls/second,milliseconds
1779970588,8,203.208658,19.780819,3.782661,48.537682,7.224306,7.595858,203.208658,203.208658,203.208658,203.208658,0.106231,0.135772,0.179464,0.192550,calls/second,milliseconds
1779970589,8,203.208658,19.780819,3.782661,48.537682,7.224306,7.595858,203.208658,203.208658,203.208658,203.208658,0.104837,0.135772,0.179464,0.192550,calls/second,milliseconds
1779970590,8,203.208658,19.780819,3.782661,48.537682,7.224306,7.595858,203.208658,203.208658,203.208658,203.208658,0.103478,0.135772,0.179464,0.192550,calls/second,milliseconds
1779970591,8,203.208658,19.780819,3.782661,48.537682,7.224306,7.595858,203.208658,203.208658,203.208658,203.208658,0.102154,0.135772,0.179464,0.192550,calls/second,milliseconds
1779970592,8,203.208658,19.780819,3.782661,48.537682,7.224306,7.595858,203.208658,203.208658,203.208658,203.208658,0.100864,0.135772,0.179464,0.192550,calls/second,milliseconds
1779970593,8,203.208658,19.780819,3.782661,48.537682,7.224306,7.595858,203.208658,203.208658,203.208658,203.208658,0.099606,0.124916,0.176497,0.191483,calls/second,milliseconds
1779970594,8,203.208658,19.780819,3.782661,48.537682,7.224306,7.595858,203.208658,203.208658,203.208658,203.208658,0.098378,0.124916,0.176497,0.191483,calls/second,milliseconds
1779970595,8,203.208658,19.780819,3.782661,48.537682,7.224306,7.595858,203.208658,203.208658,203.208658,203.208658,0.097181,0.124916,0.176497,0.191483,calls/second,milliseconds
1779970596,8,203.208658,19.780819,3.782661,48.537682,7.224306,7.595858,203.208658,203.208658,203.208658,203.208658,0.096012,0.124916,0.176497,0.191483,calls/second,milliseconds
1779970597,8,203.208658,19.780819,3.782661,48.537682,7.224306,7.595858,203.208658,203.208658,203.208658,203.208658,0.094872,0.124916,0.176497,0.191483,calls/second,milliseconds
1779970598,8,203.208658,19.780819,3.782661,48.537682,7.224306,7.595858,203.208658,203.208658,203.208658,203.208658,0.093758,0.114928,0.173580,0.190422,calls/second,milliseconds
1779970599,8,203.208658,19.780819,3.782661,48.537682,7.224306,7.595858,203.208658,203.208658,203.208658,203.208658,0.092671,0.114928,0.173580,0.190422,calls/second,milliseconds
1779970600,8,203.208658,19.780819,3.782661,48.537682,7.224306,7.595858,203.208658,203.208658,203.208658,203.208658,0.091608,0.114928,0.173580,0.190422,calls/second,milliseconds
1779970601,9,203.208658,16.499105,3.091622,44.007358,6.892298,7.595858,203.208658,203.208658,203.208658,203.208658,0.101890,0.114928,0.173580,0.190422,calls/second,milliseconds
1779970602,9,203.208658,16.499105,3.091622,44.007358,6.892298,7.595858,203.208658,203.208658,203.208658,203.208658,0.100747,0.114928,0.173580,0.190422,calls/second,milliseconds
1779970603,9,203.208658,16.499105,3.091622,44.007358,6.892298,7.595858,203.208658,203.208658,203.208658,203.208658,0.099631,0.121730,0.174017,0.190475,calls/second,milliseconds
1779970604,9,203.208658,16.499105,3.091622,44.007358,6.892298,7.595858,203.208658,203.208658,203.208658,203.208658,0.098537,0.121730,0.174017,0.190475,calls/second,milliseconds
1779970605,9,203.208658,16.499105,3.091622,44.007358,6.892298,7.595858,203.208658,203.208658,203.208658,203.208658,0.097468,0.121730,0.174017,0.190475,calls/second,milliseconds
1779970606,10,203.208658,14.264813,3.091622,40.267979,6.698782,7.595858,9.919607,203.208658,203.208658,203.208658,0.107136,0.121730,0.174017,0.190475,calls/second,milliseconds
1779970607,10,203.208658,14.264813,3.091622,40.267979,6.698782,7.595858,9.919607,203.208658,203.208658,203.208658,0.105998,0.121730,0.174017,0.190475,calls/second,milliseconds
1779970608,10,203.208658,14.264813,3.091622,40.267979,6.698782,7.595858,9.919607,203.208658,203.208658,203.208658,0.104885,0.127988,0.174446,0.190528,calls/second,milliseconds
1779970609,10,203.208658,14.264813,3.091622,40.267979,6.698782,7.595858,9.919607,203.208658,203.208658,203.208658,0.103794,0.127988,0.174446,0.190528,calls/second,milliseconds
1779970610,10,203.208658,14.264813,3.091622,40.267979,6.698782,7.595858,9.919607,203.208658,203.208658,203.208658,0.102726,0.127988,0.174446,0.190528,calls/second,milliseconds
1779970611,10,203.208658,14.264813,3.091622,40.267979,6.698782,7.595858,9.919607,203.208658,203.208658,203.208658,0.101680,0.127988,0.174446,0.190528,calls/second,milliseconds
1779970612,10,203.208658,14.264813,3.091622,40.267979,6.698782,7.595858,9.919607,203.208658,203.208658,203.208658,0.100655,0.127988,0.174446,0.190528,calls/second,milliseconds
1779970613,10,203.208658,14.264813,3.091622,40.267979,6.698782,7.595858,9.919607,203.208658,203.208658,203.208658,0.099650,0.117755,0.171563,0.189472,calls/second,milliseconds
1779970614,10,203.208658,14.264813,3.091622,40.267979,6.698782,7.595858,9.919607,203.208658,203.208658,203.208658,0.098665,0.117755,0.171563,0.189472,calls/second,milliseconds
1779970615,10,203.208658,14.264813,3.091622,40.267979,6.698782,7.595858,9.919607,203.208658,203.208658,203.208658,0.097700,0.117755,0.171563,0.189472,calls/second,milliseconds
1779970616,10,203.208658,14.264813,3.091622,40.267979,6.698782,7.595858,9.919607,203.208658,203.208658,203.208658,0.096753,0.117755,0.171563,0.189472,calls/second,milliseconds
1779970617,10,203.208658,14.264813,3.091622,40.267979,6.698782,7.595858,9.919607,203.208658,203.208658,203.208658,0.095824,0.117755,0.171563,0.189472,calls/second,milliseconds
1779970618,10,203.208658,14.264813,3.091622,40.267979,6.698782,7.595858,9.919607,203.208658,203.208658,203.208658,0.094912,0.108340,0.168727,0.188423,calls/second,milliseconds
1779970619,10,203.208658,14.264813,3.091622,40.267979,6.698782,7.595858,9.919607,203.208658,203.208658,203.208658,0.094019,0.108340,0.168727,0.188423,calls/second,milliseconds
1779970620,10,203.208658,14.264813,3.091622,40.267979,6.698782,7.595858,9.919607,203.208658,203.208658,203.208658,0.093141,0.108340,0.168727,0.188423,calls/second,milliseconds
1779970621,11,203.208658,12.402841,3.091622,36.688058,3.901159,7.224306,9.919607,203.208658,203.208658,203.208658,0.101508,0.108340,0.168727,0.188423,calls/second,milliseconds
1779970622,11,203.208658,12.402841,3.091622,36.688058,3.901159,7.224306,9.919607,203.208658,203.208658,203.208658,0.100578,0.108340,0.168727,0.188423,calls/second,milliseconds
1779970623,11,203.208658,12.402841,3.091622,36.688058,3.901159,7.224306,9.919607,203.208658,203.208658,203.208658,0.099665,0.115668,0.169244,0.188487,calls/second,milliseconds
1779970624,11,203.208658,12.402841,3.091622,36.688058,3.901159,7.224306,9.919607,203.208658,203.208658,203.208658,0.098768,0.115668,0.169244,0.188487,calls/second,milliseconds
1779970625,11,203.208658,12.402841,3.091622,36.688058,3.901159,7.224306,9.919607,203.208658,203.208658,203.208658,0.097888,0.115668,0.169244,0.188487,calls/second,milliseconds
1779970626,12,203.208658,11.540273,3.091622,33.637491,6.698782,7.086161,9.919607,203.208658,203.208658,203.208658,0.105843,0.115668,0.169244,0.188487,calls/second,milliseconds
1779970627,12,203.208658,11.540273,3.091622,33.637491,6.698782,7.086161,9.919607,203.208658,203.208658,203.208658,0.104916,0.115668,0.169244,0.188487,calls/second,milliseconds
1779970628,12,203.208658,11.540273,3.091622,33.637491,6.698782,7.086161,9.919607,203.208658,203.208658,203.208658,0.104005,0.122411,0.169753,0.188551,calls/second,milliseconds
1779970629,12,203.208658,11.540273,3.091622,33.637491,6.698782,7.086161,9.919607,203.208658,203.208658,203.208658,0.103110,0.122411,0.169753,0.188551,calls/second,milliseconds
1779970630,12,203.208658,11.540273,3.091622,33.637491,6.698782,7.086161,9.919607,203.208658,203.208658,203.208658,0.102230,0.122411,0.169753,0.188551,calls/second,milliseconds
1779970631,13,203.208658,10.792681,3.091622,31.084751,6.517648,7.086161,9.919607,203.208658,203.208658,203.208658,0.109813,0.122411,0.169753,0.188551,calls/second,milliseconds
1779970632,13,203.208658,10.792681,3.091622,31.084751,6.517648,7.086161,9.919607,203.208658,203.208658,203.208658,0.108891,0.122411,0.169753,0.188551,calls/second,milliseconds
1779970633,13,203.208658,10.792681,3.091622,31.084751,6.517648,7.086161,9.919607,203.208658,203.208658,203.208658,0.107986,0.128615,0.170253,0.188614,calls/second,milliseconds
1779970634,13,203.208658,10.792681,3.091622,31.084751,6.517648,7.086161,9.919607,203.208658,203.208658,203.208658,0.107095,0.128615,0.170253,0.188614,calls/second,milliseconds
1779970635,13,203.208658,10.792681,3.091622,31.084751,6.517648,7.086161,9.919607,203.208658,203.208658,203.208658,0.106218,0.128615,0.170253,0.188614,calls/second,milliseconds
1779970636,14,203.208658,11.223325,3.091622,28.876048,6.892298,7.595858,13.907514,203.208658,203.208658,203.208658,0.113460,0.128615,0.170253,0.188614,calls/second,milliseconds
1779970637,14,203.208658,11.223325,3.091622,28.876048,6.892298,7.595858,13.907514,203.208658,203.208658,203.208658,0.112545,0.128615,0.170253,0.188614,calls/second,milliseconds
1779970638,14,203.208658,11.223325,3.091622,28.876048,6.892298,7.595858,13.907514,203.208658,203.208658,203.208658,0.111646,0.134323,0.170744,0.188677,calls/second,milliseconds
1779970639,14,203.208658,11.223325,3.091622,28.876048,6.892298,7.595858,13.907514,203.208658,203.208658,203.208658,0.110761,0.134323,0.170744,0.188677,calls/second,milliseconds
1779970640,14,203.208658,11.223325,3.091622,28.876048,6.892298,7.595858,13.907514,203.208658,203.208658,203.208658,0.109890,0.134323,0.170744,0.188677,calls/second,milliseconds
1779970641,14,203.208658,11.223325,3.091622,28.876048,6.892298,7.595858,13.907514,203.208658,203.208658,203.208658,0.109033,0.134323,0.170744,0.188677,calls/second,milliseconds
1779970642,14,203.208658,11.223325,3.091622,28.876048,6.892298,7.595858,13.907514,203.208658,203.208658,203.208658,0.108189,0.134323,0.170744,0.188677,calls/second,milliseconds
1779970643,14,203.208658,11.223325,3.091622,28.876048,6.892298,7.595858,13.907514,203.208658,203.208658,203.208658,0.107359,0.123583,0.167922,0.187632,calls/second,milliseconds
1779970644,14,203.208658,11.223325,3.091622,28.876048,6.892298,7.595858,13.907514,203.208658,203.208658,203.208658,0.106540,0.123583,0.167922,0.187632,calls/second,milliseconds
1779970645,14,203.208658,11.223325,3.091622,28.876048,6.892298,7.595858,13.907514,203.208658,203.208658,203.208658,0.105734,0.123583,0.167922,0.187632,calls/second,milliseconds
1779970646,14,203.208658,11.223325,3.091622,28.876048,6.892298,7.595858,13.907514,203.208658,203.208658,203.208658,0.104940,0.123583,0.167922,0.187632,calls/second,milliseconds
1779970647,14,203.208658,11.223325,3.091622,28.876048,6.892298,7.595858,13.907514,203.208658,203.208658,203.208658,0.104159,0.123583,0.167922,0.187632,calls/second,milliseconds
1779970648,14,203.208658,11.223325,3.091622,28.876048,6.892298,7.595858,13.907514,203.208658,203.208658,203.208658,0.103388,0.113702,0.165147,0.186592,calls/second,milliseconds
1779970649,14,203.208658,11.223325,3.091622,28.876048,6.892298,7.595858,13.907514,203.208658,203.208658,203.208658,0.102629,0.113702,0.165147,0.186592,calls/second,milliseconds
1779970650,14,203.208658,11.223325,3.091622,28.876048,6.892298,7.595858,13.907514,203.208658,203.208658,203.208658,0.101881,0.113702,0.165147,0.186592,calls/second,milliseconds
1779970651,14,203.208658,11.223325,3.091622,28.876048,6.892298,7.595858,13.907514,203.208658,203.208658,203.208658,0.101144,0.113702,0.165147,0.186592,calls/second,milliseconds
1779970652,14,203.208658,11.223325,3.091622,28.876048,6.892298,7.595858,13.907514,203.208658,203.208658,203.208658,0.100418,0.113702,0.165147,0.186592,calls/second,milliseconds
1779970653,15,269.996901,50.402130,3.091622,96.493751,7.086161,13.907514,269.996901,269.996901,269.996901,269.996901,0.106823,0.104610,0.162417,0.185559,calls/second,milliseconds
1779970654,15,269.996901,50.402130,3.091622,96.493751,7.086161,13.907514,269.996901,269.996901,269.996901,269.996901,0.106067,0.104610,0.162417,0.185559,calls/second,milliseconds
1779970655,15,269.996901,50.402130,3.091622,96.493751,7.086161,13.907514,269.996901,269.996901,269.996901,269.996901,0.105321,0.104610,0.162417,0.185559,calls/second,milliseconds
1779970656,15,269.996901,50.402130,3.091622,96.493751,7.086161,13.907514,269.996901,269.996901,269.996901,269.996901,0.104586,0.104610,0.162417,0.185559,calls/second,milliseconds
1779970657,15,269.996901,50.402130,3.091622,96.493751,7.086161,13.907514,269.996901,269.996901,269.996901,269.996901,0.103860,0.104610,0.162417,0.185559,calls/second,milliseconds
1779970658,15,269.996901,50.402130,3.091622,96.493751,7.086161,13.907514,269.996901,269.996901,269.996901,269.996901,0.103145,0.112237,0.163038,0.185639,calls/second,milliseconds
1779970659,15,269.996901,50.402130,3.091622,96.493751,7.086161,13.907514,269.996901,269.996901,269.996901,269.996901,0.102440,0.112237,0.163038,0.185639,calls/second,milliseconds
1779970660,15,269.996901,50.402130,3.091622,96.493751,7.086161,13.907514,269.996901,269.996901,269.996901,269.996901,0.101744,0.112237,0.163038,0.185639,calls/second,milliseconds
1779970661,15,269.996901,50.402130,3.091622,96.493751,7.086161,13.907514,269.996901,269.996901,269.996901,269.996901,0.101058,0.112237,0.163038,0.185639,calls/second,milliseconds
1779970662,15,269.996901,50.402130,3.091622,96.493751,7.086161,13.907514,269.996901,269.996901,269.996901,269.996901,0.100380,0.112237,0.163038,0.185639,calls/second,milliseconds
1779970663,16,269.996901,43.425470,3.091622,90.525733,6.698782,9.919607,269.996901,269.996901,269.996901,269.996901,0.106359,0.103263,0.160343,0.184610,calls/second,milliseconds
1779970664,16,269.996901,43.425470,3.091622,90.525733,6.698782,9.919607,269.996901,269.996901,269.996901,269.996901,0.105656,0.103263,0.160343,0.184610,calls/second,milliseconds
1779970665,16,269.996901,43.425470,3.091622,90.525733,6.698782,9.919607,269.996901,269.996901,269.996901,269.996901,0.104962,0.103263,0.160343,0.184610,calls/second,milliseconds
1779970666,17,269.996901,38.002436,3.091622,85.288060,6.517648,7.595858,269.996901,269.996901,269.996901,269.996901,0.110794,0.103263,0.160343,0.184610,calls/second,milliseconds
1779970667,17,269.996901,38.002436,3.091622,85.288060,6.517648,7.595858,269.996901,269.996901,269.996901,269.996901,0.110075,0.103263,0.160343,0.184610,calls/second,milliseconds
1779970668,17,269.996901,38.002436,3.091622,85.288060,6.517648,7.595858,269.996901,269.996901,269.996901,269.996901,0.109366,0.126989,0.164304,0.185803,calls/second,milliseconds
1779970669,17,269.996901,38.002436,3.091622,85.288060,6.517648,7.595858,269.996901,269.996901,269.996901,269.996901,0.108666,0.126989,0.164304,0.185803,calls/second,milliseconds
1779970670,17,269.996901,38.002436,3.091622,85.288060,6.517648,7.595858,269.996901,269.996901,269.996901,269.996901,0.107974,0.126989,0.164304,0.185803,calls/second,milliseconds
1779970671,17,269.996901,38.002436,3.091622,85.288060,6.517648,7.595858,269.996901,269.996901,269.996901,269.996901,0.107292,0.126989,0.164304,0.185803,calls/second,milliseconds
1779970672,17,269.996901,38.002436,3.091622,85.288060,6.517648,7.595858,269.996901,269.996901,269.996901,269.996901,0.106618,0.126989,0.164304,0.185803,calls/second,milliseconds
1779970673,17,269.996901,38.002436,3.091622,85.288060,6.517648,7.595858,269.996901,269.996901,269.996901,269.996901,0.105953,0.116836,0.161589,0.184774,calls/second,milliseconds
1779970674,17,269.996901,38.002436,3.091622,85.288060,6.517648,7.595858,269.996901,269.996901,269.996901,269.996901,0.105295,0.116836,0.161589,0.184774,calls/second,milliseconds
1779970675,17,269.996901,38.002436,3.091622,85.288060,6.517648,7.595858,269.996901,269.996901,269.996901,269.996901,0.104646,0.116836,0.161589,0.184774,calls/second,milliseconds
1779970676,17,269.996901,38.002436,3.091622,85.288060,6.517648,7.595858,269.996901,269.996901,269.996901,269.996901,0.104005,0.116836,0.161589,0.184774,calls/second,milliseconds
1779970677,17,269.996901,38.002436,3.091622,85.288060,6.517648,7.595858,269.996901,269.996901,269.996901,269.996901,0.103371,0.116836,0.161589,0.184774,calls/second,milliseconds
1779970678,17,269.996901,38.002436,3.091622,85.288060,6.517648,7.595858,269.996901,269.996901,269.996901,269.996901,0.102746,0.107494,0.158918,0.183750,calls/second,milliseconds
1779970679,17,269.996901,38.002436,3.091622,85.288060,6.517648,7.595858,269.996901,269.996901,269.996901,269.996901,0.102128,0.107494,0.158918,0.183750,calls/second,milliseconds
1779970680,17,269.996901,38.002436,3.091622,85.288060,6.517648,7.595858,269.996901,269.996901,269.996901,269.996901,0.101517,0.107494,0.158918,0.183750,calls/second,milliseconds
1779970681,17,269.996901,38.002436,3.091622,85.288060,6.517648,7.595858,269.996901,269.996901,269.996901,269.996901,0.100913,0.107494,0.158918,0.183750,calls/second,milliseconds
1779970682,17,269.996901,38.002436,3.091622,85.288060,6.517648,7.595858,269.996901,269.996901,269.996901,269.996901,0.100317,0.107494,0.158918,0.183750,calls/second,milliseconds
1779970683,17,269.996901,38.002436,3.091622,85.288060,6.517648,7.595858,269.996901,269.996901,269.996901,269.996901,0.099727,0.098899,0.156291,0.182732,calls/second,milliseconds
1779970684,17,269.996901,38.002436,3.091622,85.288060,6.517648,7.595858,269.996901,269.996901,269.996901,269.996901,0.099145,0.098899,0.156291,0.182732,calls/second,milliseconds
1779970685,17,269.996901,38.002436,3.091622,85.288060,6.517648,7.595858,269.996901,269.996901,269.996901,269.996901,0.098569,0.098899,0.156291,0.182732,calls/second,milliseconds
1779970686,18,269.996901,32.694494,3.091622,79.403684,3.901159,7.224306,269.996901,269.996901,269.996901,269.996901,0.103765,0.098899,0.156291,0.182732,calls/second,milliseconds
1779970687,18,269.996901,32.694494,3.091622,79.403684,3.901159,7.224306,269.996901,269.996901,269.996901,269.996901,0.103169,0.098899,0.156291,0.182732,calls/second,milliseconds
1779970688,18,269.996901,32.694494,3.091622,79.403684,3.901159,7.224306,269.996901,269.996901,269.996901,269.996901,0.102580,0.106983,0.157014,0.182828,calls/second,milliseconds
1779970689,18,269.996901,32.694494,3.091622,79.403684,3.901159,7.224306,269.996901,269.996901,269.996901,269.996901,0.101998,0.106983,0.157014,0.182828,calls/second,milliseconds
1779970690,18,269.996901,32.694494,3.091622,79.403684,3.901159,7.224306,269.996901,269.996901,269.996901,269.996901,0.101422,0.106983,0.157014,0.182828,calls/second,milliseconds
1779970691,18,269.996901,32.694494,3.091622,79.403684,3.901159,7.224306,269.996901,269.996901,269.996901,269.996901,0.100853,0.106983,0.157014,0.182828,calls/second,milliseconds
1779970692,18,269.996901,32.694494,3.091622,79.403684,3.901159,7.224306,269.996901,269.996901,269.996901,269.996901,0.100290,0.106983,0.157014,0.182828,calls/second,milliseconds
1779970693,18,269.996901,32.694494,3.091622,79.403684,3.901159,7.224306,269.996901,269.996901,269.996901,269.996901,0.099734,0.098429,0.154418,0.181815,calls/second,milliseconds
1779970694,18,269.996901,32.694494,3.091622,79.403684,3.901159,7.224306,269.996901,269.996901,269.996901,269.996901,0.099183,0.098429,0.154418,0.181815,calls/second,milliseconds
1779970695,18,269.996901,32.694494,3.091622,79.403684,3.901159,7.224306,269.996901,269.996901,269.996901,269.996901,0.098639,0.098429,0.154418,0.181815,calls/second,milliseconds
1779970696,19,269.996901,28.285119,3.091622,73.852044,3.763695,7.086161,269.996901,269.996901,269.996901,269.996901,0.103550,0.098429,0.154418,0.181815,calls/second,milliseconds
1779970697,19,269.996901,28.285119,3.091622,73.852044,3.763695,7.086161,269.996901,269.996901,269.996901,269.996901,0.102988,0.098429,0.154418,0.181815,calls/second,milliseconds
1779970698,19,269.996901,28.285119,3.091622,73.852044,3.763695,7.086161,269.996901,269.996901,269.996901,269.996901,0.102432,0.106550,0.155172,0.181916,calls/second,milliseconds
1779970699,19,269.996901,28.285119,3.091622,73.852044,3.763695,7.086161,269.996901,269.996901,269.996901,269.996901,0.101882,0.106550,0.155172,0.181916,calls/second,milliseconds
1779970700,19,269.996901,28.285119,3.091622,73.852044,3.763695,7.086161,269.996901,269.996901,269.996901,269.996901,0.101338,0.106550,0.155172,0.181916,calls/second,milliseconds
1779970701,19,269.996901,28.285119,3.091622,73.852044,3.763695,7.086161,269.996901,269.996901,269.996901,269.996901,0.100800,0.106550,0.155172,0.181916,calls/second,milliseconds
1779970702,19,269.996901,28.285119,3.091622,73.852044,3.763695,7.086161,269.996901,269.996901,269.996901,269.996901,0.100267,0.106550,0.155172,0.181916,calls/second,milliseconds
1779970703,19,269.996901,28.285119,3.091622,73.852044,3.763695,7.086161,269.996901,269.996901,269.996901,269.996901,0.099740,0.098031,0.152607,0.180908,calls/second,milliseconds
1779970704,19,269.996901,28.285119,3.091622,73.852044,3.763695,7.086161,269.996901,269.996901,269.996901,269.996901,0.099218,0.098031,0.152607,0.180908,calls/second,milliseconds
1779970705,19,269.996901,28.285119,3.091622,73.852044,3.763695,7.086161,269.996901,269.996901,269.996901,269.996901,0.098702,0.098031,0.152607,0.180908,calls/second,milliseconds
1779970706,19,269.996901,28.285119,3.091622,73.852044,3.763695,7.086161,269.996901,269.996901,269.996901,269.996901,0.098191,0.098031,0.152607,0.180908,calls/second,milliseconds
1779970707,19,269.996901,28.285119,3.091622,73.852044,3.763695,7.086161,269.996901,269.996901,269.996901,269.996901,0.097685,0.098031,0.152607,0.180908,calls/second,milliseconds
1779970708,19,269.996901,28.285119,3.091622,73.852044,3.763695,7.086161,269.996901,269.996901,269.996901,269.996901,0.097185,0.090193,0.150085,0.179906,calls/second,milliseconds
1779970709,19,269.996901,28.285119,3.091622,73.852044,3.763695,7.086161,269.996901,269.996901,269.996901,269.996901,0.096690,0.090193,0.150085,0.179906,calls/second,milliseconds
1779970710,19,269.996901,28.285119,3.091622,73.852044,3.763695,7.086161,269.996901,269.996901,269.996901,269.996901,0.096200,0.090193,0.150085,0.179906,calls/second,milliseconds
1779970711,19,269.996901,28.285119,3.091622,73.852044,3.763695,7.086161,269.996901,269.996901,269.996901,269.996901,0.095714,0.090193,0.150085,0.179906,calls/second,milliseconds
1779970712,19,269.996901,28.285119,3.091622,73.852044,3.763695,7.086161,269.996901,269.996901,269.996901,269.996901,0.095233,0.090193,0.150085,0.179906,calls/second,milliseconds
1779970713,19,269.996901,28.285119,3.091622,73.852044,3.763695,7.086161,269.996901,269.996901,269.996901,269.996901,0.094758,0.082981,0.147604,0.178909,calls/second,milliseconds
1779970714,19,269.996901,28.285119,3.091622,73.852044,3.763695,7.086161,269.996901,269.996901,269.996901,269.996901,0.094287,0.082981,0.147604,0.178909,calls/second,milliseconds
1779970715,19,269.996901,28.285119,3.091622,73.852044,3.763695,7.086161,269.996901,269.996901,269.996901,269.996901,0.093821,0.082981,0.147604,0.178909,calls/second,milliseconds
1779970716,19,269.996901,28.285119,3.091622,73.852044,3.763695,7.086161,269.996901,269.996901,269.996901,269.996901,0.093359,0.082981,0.147604,0.178909,calls/second,milliseconds
1779970717,19,269.996901,28.285119,3.091622,73.852044,3.763695,7.086161,269.996901,269.996901,269.996901,269.996901,0.092902,0.082981,0.147604,0.178909,calls/second,milliseconds
1779970718,19,269.996901,28.285119,3.091622,73.852044,3.763695,7.086161,269.996901,269.996901,269.996901,269.996901,0.092449,0.076346,0.145164,0.177918,calls/second,milliseconds
1779970719,19,269.996901,28.285119,3.091622,73.852044,3.763695,7.086161,269.996901,269.996901,269.996901,269.996901,0.092001,0.076346,0.145164,0.177918,calls/second,milliseconds
1779970720,19,269.996901,28.285119,3.091622,73.852044,3.763695,7.086161,269.996901,269.996901,269.996901,269.996901,0.091557,0.076346,0.145164,0.177918,calls/second,milliseconds
1779970721,19,269.996901,28.285119,3.091622,73.852044,3.763695,7.086161,269.996901,269.996901,269.996901,269.996901,0.091117,0.076346,0.145164,0.177918,calls/second,milliseconds
1779970722,19,269.996901,28.285119,3.091622,73.852044,3.763695,7.086161,269.996901,269.996901,269.996901,269.996901,0.090682,0.076346,0.145164,0.177918,calls/second,milliseconds
1779970723,19,269.996901,28.285119,3.091622,73.852044,3.763695,7.086161,269.996901,269.996901,269.996901,269.996901,0.090250,0.070242,0.142765,0.176932,calls/second,milliseconds
1779970724,19,269.996901,28.285119,3.091622,73.852044,3.763695,7.086161,269.996901,269.996901,269.996901,269.996901,0.089823,0.070242,0.142765,0.176932,calls/second,milliseconds
1779970725,19,269.996901,28.285119,3.091622,73.852044,3.763695,7.086161,269.996901,269.996901,269.996901,269.996901,0.089400,0.070242,0.142765,0.176932,calls/second,milliseconds
1779970726,20,269.996901,23.573369,3.091622,67.056293,3.824998,6.698782,269.996901,269.996901,269.996901,269.996901,0.093664,0.070242,0.142765,0.176932,calls/second,milliseconds
1779970727,20,269.996901,23.573369,3.091622,67.056293,3.824998,6.698782,269.996901,269.996901,269.996901,269.996901,0.093227,0.070242,0.142765,0.176932,calls/second,milliseconds
1779970728,20,269.996901,23.573369,3.091622,67.056293,3.824998,6.698782,269.996901,269.996901,269.996901,269.996901,0.092791,0.080617,0.143711,0.177060,calls/second,milliseconds
1779970729,20,269.996901,23.573369,3.091622,67.056293,3.824998,6.698782,269.996901,269.996901,269.996901,269.996901,0.092362,0.080617,0.143711,0.177060,calls/second,milliseconds
1779970730,20,269.996901,23.573369,3.091622,67.056293,3.824998,6.698782,269.996901,269.996901,269.996901,269.996901,0.091937,0.080617,0.143711,0.177060,calls/second,milliseconds
1779970731,20,269.996901,23.573369,3.091622,67.056293,3.824998,6.698782,269.996901,269.996901,269.996901,269.996901,0.091516,0.080617,0.143711,0.177060,calls/second,milliseconds
1779970732,20,269.996901,23.573369,3.091622,67.056293,3.824998,6.698782,269.996901,269.996901,269.996901,269.996901,0.091098,0.080617,0.143711,0.177060,calls/second,milliseconds
1779970733,20,269.996901,23.573369,3.091622,67.056293,3.824998,6.698782,269.996901,269.996901,269.996901,269.996901,0.090685,0.074171,0.141336,0.176079,calls/second,milliseconds
1779970734,20,269.996901,23.573369,3.091622,67.056293,3.824998,6.698782,269.996901,269.996901,269.996901,269.996901,0.090275,0.074171,0.141336,0.176079,calls/second,milliseconds
1779970735,20,269.996901,23.573369,3.091622,67.056293,3.824998,6.698782,269.996901,269.996901,269.996901,269.996901,0.089869,0.074171,0.141336,0.176079,calls/second,milliseconds
1779970736,21,269.996901,19.906561,3.091622,61.109038,3.763695,6.517648,269.996901,269.996901,269.996901,269.996901,0.093939,0.074171,0.141336,0.176079,calls/second,milliseconds
1779970737,21,269.996901,19.906561,3.091622,61.109038,3.763695,6.517648,269.996901,269.996901,269.996901,269.996901,0.093520,0.074171,0.141336,0.176079,calls/second,milliseconds
1779970738,21,269.996901,19.906561,3.091622,61.109038,3.763695,6.517648,269.996901,269.996901,269.996901,269.996901,0.093105,0.084232,0.142305,0.176212,calls/second,milliseconds
1779970739,21,269.996901,19.906561,3.091622,61.109038,3.763695,6.517648,269.996901,269.996901,269.996901,269.996901,0.092693,0.084232,0.142305,0.176212,calls/second,milliseconds
1779970740,21,269.996901,19.906561,3.091622,61.109038,3.763695,6.517648,269.996901,269.996901,269.996901,269.996901,0.092285,0.084232,0.142305,0.176212,calls/second,milliseconds
1779970741,22,269.996901,17.179568,3.091622,56.188472,3.710482,3.824998,13.907514,269.996901,269.996901,269.996901,0.096256,0.084232,0.142305,0.176212,calls/second,milliseconds
1779970742,22,269.996901,17.179568,3.091622,56.188472,3.710482,3.824998,13.907514,269.996901,269.996901,269.996901,0.095836,0.084232,0.142305,0.176212,calls/second,milliseconds
1779970743,22,269.996901,17.179568,3.091622,56.188472,3.710482,3.824998,13.907514,269.996901,269.996901,269.996901,0.095420,0.093488,0.143259,0.176343,calls/second,milliseconds
1779970744,22,269.996901,17.179568,3.091622,56.188472,3.710482,3.824998,13.907514,269.996901,269.996901,269.996901,0.095008,0.093488,0.143259,0.176343,calls/second,milliseconds
1779970745,22,269.996901,17.179568,3.091622,56.188472,3.710482,3.824998,13.907514,269.996901,269.996901,269.996901,0.094598,0.093488,0.143259,0.176343,calls/second,milliseconds
1779970746,23,269.996901,15.036455,2.961594,52.030159,3.632362,3.824998,13.907514,269.996901,269.996901,269.996901,0.098474,0.093488,0.143259,0.176343,calls/second,milliseconds
1779970747,23,269.996901,15.036455,2.961594,52.030159,3.632362,3.824998,13.907514,269.996901,269.996901,269.996901,0.098054,0.093488,0.143259,0.176343,calls/second,milliseconds
1779970748,23,269.996901,15.036455,2.961594,52.030159,3.632362,3.824998,13.907514,269.996901,269.996901,269.996901,0.097637,0.102004,0.144197,0.176474,calls/second,milliseconds
1779970749,23,269.996901,15.036455,2.961594,52.030159,3.632362,3.824998,13.907514,269.996901,269.996901,269.996901,0.097224,0.102004,0.144197,0.176474,calls/second,milliseconds
1779970750,23,269.996901,15.036455,2.961594,52.030159,3.632362,3.824998,13.907514,269.996901,269.996901,269.996901,0.096814,0.102004,0.144197,0.176474,calls/second,milliseconds
1779970751,24,269.996901,13.415526,2.961594,48.424655,3.522546,3.824998,13.907514,269.996901,269.996901,269.996901,0.100599,0.102004,0.144197,0.176474,calls/second,milliseconds
1779970752,24,269.996901,13.415526,2.961594,48.424655,3.522546,3.824998,13.907514,269.996901,269.996901,269.996901,0.100179,0.102004,0.144197,0.176474,calls/second,milliseconds
1779970753,24,269.996901,13.415526,2.961594,48.424655,3.522546,3.824998,13.907514,269.996901,269.996901,269.996901,0.099762,0.109840,0.145119,0.176605,calls/second,milliseconds
1779970754,24,269.996901,13.415526,2.961594,48.424655,3.522546,3.824998,13.907514,269.996901,269.996901,269.996901,0.099348,0.109840,0.145119,0.176605,calls/second,milliseconds
1779970755,24,269.996901,13.415526,2.961594,48.424655,3.522546,3.824998,13.907514,269.996901,269.996901,269.996901,0.098938,0.109840,0.145119,0.176605,calls/second,milliseconds
1779970756,25,269.996901,11.962776,2.319559,45.298367,3.438876,3.763695,13.907514,269.996901,269.996901,269.996901,0.102637,0.109840,0.145119,0.176605,calls/second,milliseconds
1779970757,25,269.996901,11.962776,2.319559,45.298367,3.438876,3.763695,13.907514,269.996901,269.996901,269.996901,0.102217,0.109840,0.145119,0.176605,calls/second,milliseconds
1779970758,25,269.996901,11.962776,2.319559,45.298367,3.438876,3.763695,13.907514,269.996901,269.996901,269.996901,0.101800,0.117049,0.146026,0.176734,calls/second,milliseconds
1779970759,25,269.996901,11.962776,2.319559,45.298367,3.438876,3.763695,13.907514,269.996901,269.996901,269.996901,0.101386,0.117049,0.146026,0.176734,calls/second,milliseconds
1779970760,25,269.996901,11.962776,2.319559,45.298367,3.438876,3.763695,13.907514,269.996901,269.996901,269.996901,0.100976,0.117049,0.146026,0.176734,calls/second,milliseconds
1779970761,26,269.996901,10.904450,2.319559,42.498406,3.438876,3.723314,7.620671,269.996901,269.996901,269.996901,0.104592,0.117049,0.146026,0.176734,calls/second,milliseconds
1779970762,26,269.996901,10.904450,2.319559,42.498406,3.438876,3.723314,7.620671,269.996901,269.996901,269.996901,0.104173,0.117049,0.146026,0.176734,calls/second,milliseconds
1779970763,26,269.996901,10.904450,2.319559,42.498406,3.438876,3.723314,7.620671,269.996901,269.996901,269.996901,0.103756,0.123681,0.146918,0.176863,calls/second,milliseconds
1779970764,26,269.996901,10.904450,2.319559,42.498406,3.438876,3.723314,7.620671,269.996901,269.996901,269.996901,0.103343,0.123681,0.146918,0.176863,calls/second,milliseconds
1779970765,26,269.996901,10.904450,2.319559,42.498406,3.438876,3.723314,7.620671,269.996901,269.996901,269.996901,0.102934,0.123681,0.146918,0.176863,calls/second,milliseconds
1779970766,26,269.996901,10.904450,2.319559,42.498406,3.438876,3.723314,7.620671,269.996901,269.996901,269.996901,0.102527,0.123681,0.146918,0.176863,calls/second,milliseconds
1779970767,26,269.996901,10.904450,2.319559,42.498406,3.438876,3.723314,7.620671,269.996901,269.996901,269.996901,0.102123,0.123681,0.146918,0.176863,calls/second,milliseconds
1779970768,26,269.996901,10.904450,2.319559,42.498406,3.438876,3.723314,7.620671,269.996901,269.996901,269.996901,0.101723,0.113792,0.144490,0.175883,calls/second,milliseconds
1779970769,26,269.996901,10.904450,2.319559,42.498406,3.438876,3.723314,7.620671,269.996901,269.996901,269.996901,0.101326,0.113792,0.144490,0.175883,calls/second,milliseconds
1779970770,26,269.996901,10.904450,2.319559,42.498406,3.438876,3.723314,7.620671,269.996901,269.996901,269.996901,0.100933,0.113792,0.144490,0.175883,calls/second,milliseconds
1779970771,26,269.996901,10.904450,2.319559,42.498406,3.438876,3.723314,7.620671,269.996901,269.996901,269.996901,0.100542,0.113792,0.144490,0.175883,calls/second,milliseconds
1779970772,26,269.996901,10.904450,2.319559,42.498406,3.438876,3.723314,7.620671,269.996901,269.996901,269.996901,0.100154,0.113792,0.144490,0.175883,calls/second,milliseconds
1779970773,26,269.996901,10.904450,2.319559,42.498406,3.438876,3.723314,7.620671,269.996901,269.996901,269.996901,0.099769,0.104694,0.142102,0.174909,calls/second,milliseconds
1779970774,26,269.996901,10.904450,2.319559,42.498406,3.438876,3.723314,7.620671,269.996901,269.996901,269.996901,0.099387,0.104694,0.142102,0.174909,calls/second,milliseconds
1779970775,26,269.996901,10.904450,2.319559,42.498406,3.438876,3.723314,7.620671,269.996901,269.996901,269.996901,0.099008,0.104694,0.142102,0.174909,calls/second,milliseconds
1779970776,26,269.996901,10.904450,2.319559,42.498406,3.438876,3.723314,7.620671,269.996901,269.996901,269.996901,0.098632,0.104694,0.142102,0.174909,calls/second,milliseconds
1779970777,26,269.996901,10.904450,2.319559,42.498406,3.438876,3.723314,7.620671,269.996901,269.996901,269.996901,0.098259,0.104694,0.142102,0.174909,calls/second,milliseconds
1779970778,26,269.996901,10.904450,2.319559,42.498406,3.438876,3.723314,7.620671,269.996901,269.996901,269.996901,0.097888,0.096323,0.139753,0.173940,calls/second,milliseconds
1779970779,26,269.996901,10.904450,2.319559,42.498406,3.438876,3.723314,7.620671,269.996901,269.996901,269.996901,0.097521,0.096323,0.139753,0.173940,calls/second,milliseconds
1779970780,26,269.996901,10.904450,2.319559,42.498406,3.438876,3.723314,7.620671,269.996901,269.996901,269.996901,0.097156,0.096323,0.139753,0.173940,calls/second,milliseconds
1779970781,26,269.996901,10.904450,2.319559,42.498406,3.438876,3.723314,7.620671,269.996901,269.996901,269.996901,0.096794,0.096323,0.139753,0.173940,calls/second,milliseconds
1779970782,26,269.996901,10.904450,2.319559,42.498406,3.438876,3.723314,7.620671,269.996901,269.996901,269.996901,0.096434,0.096323,0.139753,0.173940,calls/second,milliseconds
1779970783,26,269.996901,10.904450,2.319559,42.498406,3.438876,3.723314,7.620671,269.996901,269.996901,269.996901,0.096077,0.088621,0.137443,0.172976,calls/second,milliseconds
1779970784,26,269.996901,10.904450,2.319559,42.498406,3.438876,3.723314,7.620671,269.996901,269.996901,269.996901,0.095723,0.088621,0.137443,0.172976,calls/second,milliseconds
1779970785,26,269.996901,10.904450,2.319559,42.498406,3.438876,3.723314,7.620671,269.996901,269.996901,269.996901,0.095371,0.088621,0.137443,0.172976,calls/second,milliseconds
1779970786,26,269.996901,10.904450,2.319559,42.498406,3.438876,3.723314,7.620671,269.996901,269.996901,269.996901,0.095022,0.088621,0.137443,0.172976,calls/second,milliseconds
1779970787,26,269.996901,10.904450,2.319559,42.498406,3.438876,3.723314,7.620671,269.996901,269.996901,269.996901,0.094676,0.088621,0.137443,0.172976,calls/second,milliseconds
1779970788,26,269.996901,10.904450,2.319559,42.498406,3.438876,3.723314,7.620671,269.996901,269.996901,269.996901,0.094332,0.081536,0.135171,0.172018,calls/second,milliseconds
1779970789,26,269.996901,10.904450,2.319559,42.498406,3.438876,3.723314,7.620671,269.996901,269.996901,269.996901,0.093990,0.081536,0.135171,0.172018,calls/second,milliseconds
1779970790,26,269.996901,10.904450,2.319559,42.498406,3.438876,3.723314,7.620671,269.996901,269.996901,269.996901,0.093651,0.081536,0.135171,0.172018,calls/second,milliseconds
1779970791,26,269.996901,10.904450,2.319559,42.498406,3.438876,3.723314,7.620671,269.996901,269.996901,269.996901,0.093315,0.081536,0.135171,0.172018,calls/second,milliseconds
1779970792,26,269.996901,10.904450,2.319559,42.498406,3.438876,3.723314,7.620671,269.996901,269.996901,269.996901,0.092981,0.081536,0.135171,0.172018,calls/second,milliseconds
1779970793,26,269.996901,10.904450,2.319559,42.498406,3.438876,3.723314,7.620671,269.996901,269.996901,269.996901,0.092649,0.075016,0.132937,0.171065,calls/second,milliseconds
1779970794,26,269.996901,10.904450,2.319559,42.498406,3.438876,3.723314,7.620671,269.996901,269.996901,269.996901,0.092319,0.075016,0.132937,0.171065,calls/second,milliseconds
1779970795,26,269.996901,10.904450,2.319559,42.498406,3.438876,3.723314,7.620671,269.996901,269.996901,269.996901,0.091992,0.075016,0.132937,0.171065,calls/second,milliseconds
1779970796,26,269.996901,10.904450,2.319559,42.498406,3.438876,3.723314,7.620671,269.996901,269.996901,269.996901,0.091667,0.075016,0.132937,0.171065,calls/second,milliseconds
1779970797,26,269.996901,10.904450,2.319559,42.498406,3.438876,3.723314,7.620671,269.996901,269.996901,269.996901,0.091345,0.075016,0.132937,0.171065,calls/second,milliseconds
1779970798,26,269.996901,10.904450,2.319559,42.498406,3.438876,3.723314,7.620671,269.996901,269.996901,269.996901,0.091025,0.069018,0.130740,0.170117,calls/second,milliseconds
1779970799,26,269.996901,10.904450,2.319559,42.498406,3.438876,3.723314,7.620671,269.996901,269.996901,269.996901,0.090707,0.069018,0.130740,0.170117,calls/second,milliseconds
1779970800,26,269.996901,10.904450,2.319559,42.498406,3.438876,3.723314,7.620671,269.996901,269.996901,269.996901,0.090391,0.069018,0.130740,0.170117,calls/second,milliseconds
1779970801,26,269.996901,10.904450,2.319559,42.498406,3.438876,3.723314,7.620671,269.996901,269.996901,269.996901,0.090077,0.069018,0.130740,0.170117,calls/second,milliseconds
1779970802,26,269.996901,10.904450,2.319559,42.498406,3.438876,3.723314,7.620671,269.996901,269.996901,269.996901,0.089766,0.069018,0.130740,0.170117,calls/second,milliseconds
1779970803,26,269.996901,10.904450,2.319559,42.498406,3.438876,3.723314,7.620671,269.996901,269.996901,269.996901,0.089457,0.063500,0.128579,0.169175,calls/second,milliseconds
1779970804,26,269.996901,10.904450,2.319559,42.498406,3.438876,3.723314,7.620671,269.996901,269.996901,269.996901,0.089149,0.063500,0.128579,0.169175,calls/second,milliseconds
1779970805,26,269.996901,10.904450,2.319559,42.498406,3.438876,3.723314,7.620671,269.996901,269.996901,269.996901,0.088844,0.063500,0.128579,0.169175,calls/second,milliseconds
1779970806,26,269.996901,10.904450,2.319559,42.498406,3.438876,3.723314,7.620671,269.996901,269.996901,269.996901,0.088541,0.063500,0.128579,0.169175,calls/second,milliseconds
1779970807,26,269.996901,10.904450,2.319559,42.498406,3.438876,3.723314,7.620671,269.996901,269.996901,269.996901,0.088241,0.063500,0.128579,0.169175,calls/second,milliseconds
1779970808,26,269.996901,10.904450,2.319559,42.498406,3.438876,3.723314,7.620671,269.996901,269.996901,269.996901,0.087942,0.058423,0.126454,0.168238,calls/second,milliseconds
1779970809,26,269.996901,10.904450,2.319559,42.498406,3.438876,3.723314,7.620671,269.996901,269.996901,269.996901,0.087645,0.058423,0.126454,0.168238,calls/second,milliseconds
1779970810,26,269.996901,10.904450,2.319559,42.498406,3.438876,3.723314,7.620671,269.996901,269.996901,269.996901,0.087350,0.058423,0.126454,0.168238,calls/second,milliseconds
1779970811,26,269.996901,10.904450,2.319559,42.498406,3.438876,3.723314,7.620671,269.996901,269.996901,269.996901,0.087057,0.058423,0.126454,0.168238,calls/second,milliseconds
1779970812,26,269.996901,10.904450,2.319559,42.498406,3.438876,3.723314,7.620671,269.996901,269.996901,269.996901,0.086766,0.058423,0.126454,0.168238,calls/second,milliseconds
1779970813,26,269.996901,10.904450,2.319559,42.498406,3.438876,3.723314,7.620671,269.996901,269.996901,269.996901,0.086477,0.053752,0.124364,0.167306,calls/second,milliseconds
1779970814,26,269.996901,10.904450,2.319559,42.498406,3.438876,3.723314,7.620671,269.996901,269.996901,269.996901,0.086190,0.053752,0.124364,0.167306,calls/second,milliseconds
1779970815,26,269.996901,10.904450,2.319559,42.498406,3.438876,3.723314,7.620671,269.996901,269.996901,269.996901,0.085905,0.053752,0.124364,0.167306,calls/second,milliseconds
1779970816,26,269.996901,10.904450,2.319559,42.498406,3.438876,3.723314,7.620671,269.996901,269.996901,269.996901,0.085622,0.053752,0.124364,0.167306,calls/second,milliseconds
1779970817,26,269.996901,10.904450,2.319559,42.498406,3.438876,3.723314,7.620671,269.996901,269.996901,269.996901,0.085340,0.053752,0.124364,0.167306,calls/second,milliseconds
1779970818,26,269.996901,10.904450,2.319559,42.498406,3.438876,3.723314,7.620671,269.996901,269.996901,269.996901,0.085061,0.049454,0.122308,0.166379,calls/second,milliseconds
1779970819,26,269.996901,10.904450,2.319559,42.498406,3.438876,3.723314,7.620671,269.996901,269.996901,269.996901,0.084783,0.049454,0.122308,0.166379,calls/second,milliseconds
1779970820,26,269.996901,10.904450,2.319559,42.498406,3.438876,3.723314,7.620671,269.996901,269.996901,269.996901,0.084507,0.049454,0.122308,0.166379,calls/second,milliseconds
1779970821,26,269.996901,10.904450,2.319559,42.498406,3.438876,3.723314,7.620671,269.996901,269.996901,269.996901,0.084233,0.049454,0.122308,0.166379,calls/second,milliseconds
1779970822,26,269.996901,10.904450,2.319559,42.498406,3.438876,3.723314,7.620671,269.996901,269.996901,269.996901,0.083960,0.049454,0.122308,0.166379,calls/second,milliseconds
1779970823,26,269.996901,10.904450,2.319559,42.498406,3.438876,3.723314,7.620671,269.996901,269.996901,269.996901,0.083690,0.045500,0.120287,0.165457,calls/second,milliseconds
1779970824,26,269.996901,10.904450,2.319559,42.498406,3.438876,3.723314,7.620671,269.996901,269.996901,269.996901,0.083421,0.045500,0.120287,0.165457,calls/second,milliseconds
1779970825,26,269.996901,10.904450,2.319559,42.498406,3.438876,3.723314,7.620671,269.996901,269.996901,269.996901,0.083154,0.045500,0.120287,0.165457,calls/second,milliseconds
1779970826,26,269.996901,10.904450,2.319559,42.498406,3.438876,3.723314,7.620671,269.996901,269.996901,269.996901,0.082888,0.045500,0.120287,0.165457,calls/second,milliseconds
1779970827,26,269.996901,10.904450,2.319559,42.498406,3.438876,3.723314,7.620671,269.996901,269.996901,269.996901,0.082624,0.045500,0.120287,0.165457,calls/second,milliseconds
1779970828,26,269.996901,10.904450,2.319559,42.498406,3.438876,3.723314,7.620671,269.996901,269.996901,269.996901,0.082362,0.041862,0.118298,0.164540,calls/second,milliseconds
1779970829,26,269.996901,10.904450,2.319559,42.498406,3.438876,3.723314,7.620671,269.996901,269.996901,269.996901,0.082102,0.041862,0.118298,0.164540,calls/second,milliseconds
1779970830,26,269.996901,10.904450,2.319559,42.498406,3.438876,3.723314,7.620671,269.996901,269.996901,269.996901,0.081843,0.041862,0.118298,0.164540,calls/second,milliseconds
1779970831,26,269.996901,10.904450,2.319559,42.498406,3.438876,3.723314,7.620671,269.996901,269.996901,269.996901,0.081586,0.041862,0.118298,0.164540,calls/second,milliseconds
1779970832,26,269.996901,10.904450,2.319559,42.498406,3.438876,3.723314,7.620671,269.996901,269.996901,269.996901,0.081330,0.041862,0.118298,0.164540,calls/second,milliseconds
1779970833,26,269.996901,10.904450,2.319559,42.498406,3.438876,3.723314,7.620671,269.996901,269.996901,269.996901,0.081076,0.038515,0.116343,0.163629,calls/second,milliseconds
1779970834,26,269.996901,10.904450,2.319559,42.498406,3.438876,3.723314,7.620671,269.996901,269.996901,269.996901,0.080824,0.038515,0.116343,0.163629,calls/second,milliseconds
1779970835,26,269.996901,10.904450,2.319559,42.498406,3.438876,3.723314,7.620671,269.996901,269.996901,269.996901,0.080573,0.038515,0.116343,0.163629,calls/second,milliseconds
1779970836,26,269.996901,10.904450,2.319559,42.498406,3.438876,3.723314,7.620671,269.996901,269.996901,269.996901,0.080324,0.038515,0.116343,0.163629,calls/second,milliseconds
1779970837,26,269.996901,10.904450,2.319559,42.498406,3.438876,3.723314,7.620671,269.996901,269.996901,269.996901,0.080076,0.038515,0.116343,0.163629,calls/second,milliseconds
1779970838,26,269.996901,10.904450,2.319559,42.498406,3.438876,3.723314,7.620671,269.996901,269.996901,269.996901,0.079830,0.035435,0.114420,0.162722,calls/second,milliseconds
1779970839,26,269.996901,10.904450,2.319559,42.498406,3.438876,3.723314,7.620671,269.996901,269.996901,269.996901,0.079585,0.035435,0.114420,0.162722,calls/second,milliseconds
1779970840,26,269.996901,10.904450,2.319559,42.498406,3.438876,3.723314,7.620671,269.996901,269.996901,269.996901,0.079342,0.035435,0.114420,0.162722,calls/second,milliseconds
1779970841,26,269.996901,10.904450,2.319559,42.498406,3.438876,3.723314,7.620671,269.996901,269.996901,269.996901,0.079100,0.035435,0.114420,0.162722,calls/second,milliseconds
1779970842,26,269.996901,10.904450,2.319559,42.498406,3.438876,3.723314,7.620671,269.996901,269.996901,269.996901,0.078860,0.035435,0.114420,0.162722,calls/second,milliseconds
1779970843,26,269.996901,10.904450,2.319559,42.498406,3.438876,3.723314,7.620671,269.996901,269.996901,269.996901,0.078621,0.032602,0.112529,0.161821,calls/second,milliseconds
1779970844,26,269.996901,10.904450,2.319559,42.498406,3.438876,3.723314,7.620671,269.996901,269.996901,269.996901,0.078384,0.032602,0.112529,0.161821,calls/second,milliseconds
1779970845,26,269.996901,10.904450,2.319559,42.498406,3.438876,3.723314,7.620671,269.996901,269.996901,269.996901,0.078148,0.032602,0.112529,0.161821,calls/second,milliseconds
1779970846,26,269.996901,10.904450,2.319559,42.498406,3.438876,3.723314,7.620671,269.996901,269.996901,269.996901,0.077914,0.032602,0.112529,0.161821,calls/second,milliseconds
1779970847,26,269.996901,10.904450,2.319559,42.498406,3.438876,3.723314,7.620671,269.996901,269.996901,269.996901,0.077680,0.032602,0.112529,0.161821,calls/second,milliseconds
1779970848,26,269.996901,10.904450,2.319559,42.498406,3.438876,3.723314,7.620671,269.996901,269.996901,269.996901,0.077449,0.029995,0.110669,0.160924,calls/second,milliseconds
1779970849,26,269.996901,10.904450,2.319559,42.498406,3.438876,3.723314,7.620671,269.996901,269.996901,269.996901,0.077218,0.029995,0.110669,0.160924,calls/second,milliseconds
1779970850,26,269.996901,10.904450,2.319559,42.498406,3.438876,3.723314,7.620671,269.996901,269.996901,269.996901,0.076989,0.029995,0.110669,0.160924,calls/second,milliseconds
1779970851,26,269.996901,10.904450,2.319559,42.498406,3.438876,3.723314,7.620671,269.996901,269.996901,269.996901,0.076762,0.029995,0.110669,0.160924,calls/second,milliseconds
1779970852,26,269.996901,10.904450,2.319559,42.498406,3.438876,3.723314,7.620671,269.996901,269.996901,269.996901,0.076535,0.029995,0.110669,0.160924,calls/second,milliseconds
1779970853,26,269.996901,10.904450,2.319559,42.498406,3.438876,3.723314,7.620671,269.996901,269.996901,269.996901,0.076310,0.027597,0.108840,0.160033,calls/second,milliseconds
1779970854,26,269.996901,10.904450,2.319559,42.498406,3.438876,3.723314,7.620671,269.996901,269.996901,269.996901,0.076087,0.027597,0.108840,0.160033,calls/second,milliseconds
1779970855,26,269.996901,10.904450,2.319559,42.498406,3.438876,3.723314,7.620671,269.996901,269.996901,269.996901,0.075865,0.027597,0.108840,0.160033,calls/second,milliseconds
1779970856,26,269.996901,10.904450,2.319559,42.498406,3.438876,3.723314,7.620671,269.996901,269.996901,269.996901,0.075644,0.027597,0.108840,0.160033,calls/second,milliseconds
1779970857,26,269.996901,10.904450,2.319559,42.498406,3.438876,3.723314,7.620671,269.996901,269.996901,269.996901,0.075424,0.027597,0.108840,0.160033,calls/second,milliseconds
1779970858,26,269.996901,10.904450,2.319559,42.498406,3.438876,3.723314,7.620671,269.996901,269.996901,269.996901,0.075205,0.025390,0.107041,0.159146,calls/second,milliseconds
1779970859,26,269.996901,10.904450,2.319559,42.498406,3.438876,3.723314,7.620671,269.996901,269.996901,269.996901,0.074988,0.025390,0.107041,0.159146,calls/second,milliseconds
1779970860,26,269.996901,10.904450,2.319559,42.498406,3.438876,3.723314,7.620671,269.996901,269.996901,269.996901,0.074772,0.025390,0.107041,0.159146,calls/second,milliseconds
1779970861,26,269.996901,10.904450,2.319559,42.498406,3.438876,3.723314,7.620671,269.996901,269.996901,269.996901,0.074557,0.025390,0.107041,0.159146,calls/second,milliseconds
1779970862,26,269.996901,10.904450,2.319559,42.498406,3.438876,3.723314,7.620671,269.996901,269.996901,269.996901,0.074344,0.025390,0.107041,0.159146,calls/second,milliseconds
1779970863,26,269.996901,10.904450,2.319559,42.498406,3.438876,3.723314,7.620671,269.996901,269.996901,269.996901,0.074132,0.023360,0.105272,0.158264,calls/second,milliseconds
1779970864,26,269.996901,10.904450,2.319559,42.498406,3.438876,3.723314,7.620671,269.996901,269.996901,269.996901,0.073921,0.023360,0.105272,0.158264,calls/second,milliseconds
1779970865,26,269.996901,10.904450,2.319559,42.498406,3.438876,3.723314,7.620671,269.996901,269.996901,269.996901,0.073711,0.023360,0.105272,0.158264,calls/second,milliseconds
1779970866,26,269.996901,10.904450,2.319559,42.498406,3.438876,3.723314,7.620671,269.996901,269.996901,269.996901,0.073502,0.023360,0.105272,0.158264,calls/second,milliseconds
1779970867,26,269.996901,10.904450,2.319559,42.498406,3.438876,3.723314,7.620671,269.996901,269.996901,269.996901,0.073295,0.023360,0.105272,0.158264,calls/second,milliseconds
1779970868,26,269.996901,10.904450,2.319559,42.498406,3.438876,3.723314,7.620671,269.996901,269.996901,269.996901,0.073088,0.021493,0.103532,0.157387,calls/second,milliseconds
1779970869,26,269.996901,10.904450,2.319559,42.498406,3.438876,3.723314,7.620671,269.996901,269.996901,269.996901,0.072883,0.021493,0.103532,0.157387,calls/second,milliseconds
1779970870,26,269.996901,10.904450,2.319559,42.498406,3.438876,3.723314,7.620671,269.996901,269.996901,269.996901,0.072679,0.021493,0.103532,0.157387,calls/second,milliseconds
1779970871,26,269.996901,10.904450,2.319559,42.498406,3.438876,3.723314,7.620671,269.996901,269.996901,269.996901,0.072476,0.021493,0.103532,0.157387,calls/second,milliseconds
1779970872,26,269.996901,10.904450,2.319559,42.498406,3.438876,3.723314,7.620671,269.996901,269.996901,269.996901,0.072275,0.021493,0.103532,0.157387,calls/second,milliseconds
1779970873,27,269.996901,10.581377,2.319559,32.952237,3.824998,10.094499,10.094499,13.907514,269.996901,269.996901,0.074846,0.035765,0.105126,0.157624,calls/second,milliseconds
1779970874,27,269.996901,10.581377,2.319559,32.952237,3.824998,10.094499,10.094499,13.907514,269.996901,269.996901,0.074639,0.035765,0.105126,0.157624,calls/second,milliseconds
1779970875,27,269.996901,10.581377,2.319559,32.952237,3.824998,10.094499,10.094499,13.907514,269.996901,269.996901,0.074433,0.035765,0.105126,0.157624,calls/second,milliseconds
1779970876,27,269.996901,10.581377,2.319559,32.952237,3.824998,10.094499,10.094499,13.907514,269.996901,269.996901,0.074228,0.035765,0.105126,0.157624,calls/second,milliseconds
1779970877,27,269.996901,10.581377,2.319559,32.952237,3.824998,10.094499,10.094499,13.907514,269.996901,269.996901,0.074024,0.035765,0.105126,0.157624,calls/second,milliseconds
1779970878,27,269.996901,10.581377,2.319559,32.952237,3.824998,10.094499,10.094499,13.907514,269.996901,269.996901,0.073821,0.032906,0.103389,0.156750,calls/second,milliseconds
1779970879,27,269.996901,10.581377,2.319559,32.952237,3.824998,10.094499,10.094499,13.907514,269.996901,269.996901,0.073620,0.032906,0.103389,0.156750,calls/second,milliseconds
1779970880,27,269.996901,10.581377,2.319559,32.952237,3.824998,10.094499,10.094499,13.907514,269.996901,269.996901,0.073419,0.032906,0.103389,0.156750,calls/second,milliseconds
1779970881,27,269.996901,10.581377,2.319559,32.952237,3.824998,10.094499,10.094499,13.907514,269.996901,269.996901,0.073220,0.032906,0.103389,0.156750,calls/second,milliseconds
1779970882,27,269.996901,10.581377,2.319559,32.952237,3.824998,10.094499,10.094499,13.907514,269.996901,269.996901,0.073022,0.032906,0.103389,0.156750,calls/second,milliseconds
1779970883,28,269.996901,8.457097,2.319559,27.417623,3.873293,10.094499,10.094499,10.094499,269.996901,269.996901,0.075522,0.030275,0.101680,0.155882,calls/second,milliseconds
1779970884,28,269.996901,8.457097,2.319559,27.417623,3.873293,10.094499,10.094499,10.094499,269.996901,269.996901,0.075318,0.030275,0.101680,0.155882,calls/second,milliseconds
1779970885,28,269.996901,8.457097,2.319559,27.417623,3.873293,10.094499,10.094499,10.094499,269.996901,269.996901,0.075115,0.030275,0.101680,0.155882,calls/second,milliseconds
1779970886,29,269.996901,7.238600,2.319559,23.857050,3.824998,3.873293,10.094499,10.094499,13.907514,269.996901,0.077589,0.030275,0.101680,0.155882,calls/second,milliseconds
1779970887,29,269.996901,7.238600,2.319559,23.857050,3.824998,3.873293,10.094499,10.094499,13.907514,269.996901,0.077382,0.030275,0.101680,0.155882,calls/second,milliseconds
1779970888,29,269.996901,7.238600,2.319559,23.857050,3.824998,3.873293,10.094499,10.094499,13.907514,269.996901,0.077176,0.059836,0.106610,0.157234,calls/second,milliseconds
1779970889,29,269.996901,7.238600,2.319559,23.857050,3.824998,3.873293,10.094499,10.094499,13.907514,269.996901,0.076971,0.059836,0.106610,0.157234,calls/second,milliseconds
1779970890,29,269.996901,7.238600,2.319559,23.857050,3.824998,3.873293,10.094499,10.094499,13.907514,269.996901,0.076767,0.059836,0.106610,0.157234,calls/second,milliseconds
1779970891,29,269.996901,7.238600,2.319559,23.857050,3.824998,3.873293,10.094499,10.094499,13.907514,269.996901,0.076564,0.059836,0.106610,0.157234,calls/second,milliseconds
1779970892,29,269.996901,7.238600,2.319559,23.857050,3.824998,3.873293,10.094499,10.094499,13.907514,269.996901,0.076362,0.059836,0.106610,0.157234,calls/second,milliseconds
1779970893,29,269.996901,7.238600,2.319559,23.857050,3.824998,3.873293,10.094499,10.094499,13.907514,269.996901,0.076161,0.055052,0.104848,0.156363,calls/second,milliseconds
1779970894,29,269.996901,7.238600,2.319559,23.857050,3.824998,3.873293,10.094499,10.094499,13.907514,269.996901,0.075961,0.055052,0.104848,0.156363,calls/second,milliseconds
1779970895,29,269.996901,7.238600,2.319559,23.857050,3.824998,3.873293,10.094499,10.094499,13.907514,269.996901,0.075762,0.055052,0.104848,0.156363,calls/second,milliseconds
1779970896,29,269.996901,7.238600,2.319559,23.857050,3.824998,3.873293,10.094499,10.094499,13.907514,269.996901,0.075565,0.055052,0.104848,0.156363,calls/second,milliseconds
1779970897,29,269.996901,7.238600,2.319559,23.857050,3.824998,3.873293,10.094499,10.094499,13.907514,269.996901,0.075368,0.055052,0.104848,0.156363,calls/second,milliseconds
1779970898,29,269.996901,7.238600,2.319559,23.857050,3.824998,3.873293,10.094499,10.094499,13.907514,269.996901,0.075172,0.050650,0.103115,0.155497,calls/second,milliseconds
1779970899,29,269.996901,7.238600,2.319559,23.857050,3.824998,3.873293,10.094499,10.094499,13.907514,269.996901,0.074978,0.050650,0.103115,0.155497,calls/second,milliseconds
1779970900,29,269.996901,7.238600,2.319559,23.857050,3.824998,3.873293,10.094499,10.094499,13.907514,269.996901,0.074784,0.050650,0.103115,0.155497,calls/second,milliseconds
1779970901,29,269.996901,7.238600,2.319559,23.857050,3.824998,3.873293,10.094499,10.094499,13.907514,269.996901,0.074592,0.050650,0.103115,0.155497,calls/second,milliseconds
1779970902,29,269.996901,7.238600,2.319559,23.857050,3.824998,3.873293,10.094499,10.094499,13.907514,269.996901,0.074400,0.050650,0.103115,0.155497,calls/second,milliseconds
1779970903,30,269.996901,6.419636,2.319559,20.806496,3.869150,3.873293,10.094499,10.094499,13.907514,269.996901,0.076768,0.062592,0.104717,0.155743,calls/second,milliseconds
1779970904,30,269.996901,6.419636,2.319559,20.806496,3.869150,3.873293,10.094499,10.094499,13.907514,269.996901,0.076572,0.062592,0.104717,0.155743,calls/second,milliseconds
1779970905,30,269.996901,6.419636,2.319559,20.806496,3.869150,3.873293,10.094499,10.094499,13.907514,269.996901,0.076377,0.062592,0.104717,0.155743,calls/second,milliseconds
1779970906,30,269.996901,6.419636,2.319559,20.806496,3.869150,3.873293,10.094499,10.094499,13.907514,269.996901,0.076183,0.062592,0.104717,0.155743,calls/second,milliseconds
1779970907,30,269.996901,6.419636,2.319559,20.806496,3.869150,3.873293,10.094499,10.094499,13.907514,269.996901,0.075989,0.062592,0.104717,0.155743,calls/second,milliseconds
1779970908,30,269.996901,6.419636,2.319559,20.806496,3.869150,3.873293,10.094499,10.094499,13.907514,269.996901,0.075797,0.057587,0.102986,0.154881,calls/second,milliseconds
1779970909,30,269.996901,6.419636,2.319559,20.806496,3.869150,3.873293,10.094499,10.094499,13.907514,269.996901,0.075606,0.057587,0.102986,0.154881,calls/second,milliseconds
1779970910,30,269.996901,6.419636,2.319559,20.806496,3.869150,3.873293,10.094499,10.094499,13.907514,269.996901,0.075415,0.057587,0.102986,0.154881,calls/second,milliseconds
1779970911,30,269.996901,6.419636,2.319559,20.806496,3.869150,3.873293,10.094499,10.094499,13.907514,269.996901,0.075226,0.057587,0.102986,0.154881,calls/second,milliseconds
1779970912,30,269.996901,6.419636,2.319559,20.806496,3.869150,3.873293,10.094499,10.094499,13.907514,269.996901,0.075038,0.057587,0.102986,0.154881,calls/second,milliseconds
1779970913,31,269.996901,5.818106,2.319559,18.408206,3.710482,3.873293,10.094499,10.094499,10.094499,269.996901,0.077345,0.052983,0.101284,0.154023,calls/second,milliseconds
1779970914,31,269.996901,5.818106,2.319559,18.408206,3.710482,3.873293,10.094499,10.094499,10.094499,269.996901,0.077152,0.052983,0.101284,0.154023,calls/second,milliseconds
1779970915,31,269.996901,5.818106,2.319559,18.408206,3.710482,3.873293,10.094499,10.094499,10.094499,269.996901,0.076961,0.052983,0.101284,0.154023,calls/second,milliseconds
1779970916,32,269.996901,5.384477,2.319559,16.620390,3.687971,3.869150,10.094499,10.094499,10.094499,269.996901,0.079246,0.052983,0.101284,0.154023,calls/second,milliseconds
1779970917,32,269.996901,5.384477,2.319559,16.620390,3.687971,3.869150,10.094499,10.094499,10.094499,269.996901,0.079050,0.052983,0.101284,0.154023,calls/second,milliseconds
1779970918,32,269.996901,5.384477,2.319559,16.620390,3.687971,3.869150,10.094499,10.094499,10.094499,269.996901,0.078855,0.080729,0.106221,0.155385,calls/second,milliseconds
1779970919,32,269.996901,5.384477,2.319559,16.620390,3.687971,3.869150,10.094499,10.094499,10.094499,269.996901,0.078661,0.080729,0.106221,0.155385,calls/second,milliseconds
1779970920,32,269.996901,5.384477,2.319559,16.620390,3.687971,3.869150,10.094499,10.094499,10.094499,269.996901,0.078468,0.080729,0.106221,0.155385,calls/second,milliseconds
1779970921,33,269.996901,5.030680,2.319559,15.181353,3.560126,3.869150,10.094499,10.094499,10.094499,269.996901,0.080722,0.080729,0.106221,0.155385,calls/second,milliseconds
1779970922,33,269.996901,5.030680,2.319559,15.181353,3.560126,3.869150,10.094499,10.094499,10.094499,269.996901,0.080525,0.080729,0.106221,0.155385,calls/second,milliseconds
1779970923,33,269.996901,5.030680,2.319559,15.181353,3.560126,3.869150,10.094499,10.094499,10.094499,269.996901,0.080328,0.090265,0.107771,0.155632,calls/second,milliseconds
1779970924,33,269.996901,5.030680,2.319559,15.181353,3.560126,3.869150,10.094499,10.094499,10.094499,269.996901,0.080133,0.090265,0.107771,0.155632,calls/second,milliseconds
1779970925,33,269.996901,5.030680,2.319559,15.181353,3.560126,3.869150,10.094499,10.094499,10.094499,269.996901,0.079939,0.090265,0.107771,0.155632,calls/second,milliseconds
1779970926,34,269.996901,4.663915,2.319559,13.996273,3.560126,3.869150,10.094499,10.094499,10.094499,269.996901,0.082162,0.090265,0.107771,0.155632,calls/second,milliseconds
1779970927,34,269.996901,4.663915,2.319559,13.996273,3.560126,3.869150,10.094499,10.094499,10.094499,269.996901,0.081963,0.090265,0.107771,0.155632,calls/second,milliseconds
1779970928,34,269.996901,4.663915,2.319559,13.996273,3.560126,3.869150,10.094499,10.094499,10.094499,269.996901,0.081766,0.099039,0.109295,0.155878,calls/second,milliseconds
1779970929,34,269.996901,4.663915,2.319559,13.996273,3.560126,3.869150,10.094499,10.094499,10.094499,269.996901,0.081569,0.099039,0.109295,0.155878,calls/second,milliseconds
1779970930,34,269.996901,4.663915,2.319559,13.996273,3.560126,3.869150,10.094499,10.094499,10.094499,269.996901,0.081374,0.099039,0.109295,0.155878,calls/second,milliseconds
1779970931,34,269.996901,4.663915,2.319559,13.996273,3.560126,3.869150,10.094499,10.094499,10.094499,269.996901,0.081179,0.099039,0.109295,0.155878,calls/second,milliseconds
1779970932,34,269.996901,4.663915,2.319559,13.996273,3.560126,3.869150,10.094499,10.094499,10.094499,269.996901,0.080986,0.099039,0.109295,0.155878,calls/second,milliseconds
1779970933,34,269.996901,4.663915,2.319559,13.996273,3.560126,3.869150,10.094499,10.094499,10.094499,269.996901,0.080793,0.091120,0.107489,0.155015,calls/second,milliseconds
1779970934,34,269.996901,4.663915,2.319559,13.996273,3.560126,3.869150,10.094499,10.094499,10.094499,269.996901,0.080601,0.091120,0.107489,0.155015,calls/second,milliseconds
1779970935,34,269.996901,4.663915,2.319559,13.996273,3.560126,3.869150,10.094499,10.094499,10.094499,269.996901,0.080410,0.091120,0.107489,0.155015,calls/second,milliseconds
1779970936,34,269.996901,4.663915,2.319559,13.996273,3.560126,3.869150,10.094499,10.094499,10.094499,269.996901,0.080220,0.091120,0.107489,0.155015,calls/second,milliseconds
1779970937,34,269.996901,4.663915,2.319559,13.996273,3.560126,3.869150,10.094499,10.094499,10.094499,269.996901,0.080031,0.091120,0.107489,0.155015,calls/second,milliseconds
1779970938,34,269.996901,4.663915,2.319559,13.996273,3.560126,3.869150,10.094499,10.094499,10.094499,269.996901,0.079843,0.083835,0.105712,0.154156,calls/second,milliseconds
1779970939,34,269.996901,4.663915,2.319559,13.996273,3.560126,3.869150,10.094499,10.094499,10.094499,269.996901,0.079656,0.083835,0.105712,0.154156,calls/second,milliseconds
1779970940,34,269.996901,4.663915,2.319559,13.996273,3.560126,3.869150,10.094499,10.094499,10.094499,269.996901,0.079469,0.083835,0.105712,0.154156,calls/second,milliseconds
1779970941,34,269.996901,4.663915,2.319559,13.996273,3.560126,3.869150,10.094499,10.094499,10.094499,269.996901,0.079284,0.083835,0.105712,0.154156,calls/second,milliseconds
1779970942,34,269.996901,4.663915,2.319559,13.996273,3.560126,3.869150,10.094499,10.094499,10.094499,269.996901,0.079099,0.083835,0.105712,0.154156,calls/second,milliseconds
1779970943,34,269.996901,4.663915,2.319559,13.996273,3.560126,3.869150,10.094499,10.094499,10.094499,269.996901,0.078915,0.077132,0.103965,0.153302,calls/second,milliseconds
1779970944,34,269.996901,4.663915,2.319559,13.996273,3.560126,3.869150,10.094499,10.094499,10.094499,269.996901,0.078732,0.077132,0.103965,0.153302,calls/second,milliseconds
1779970945,34,269.996901,4.663915,2.319559,13.996273,3.560126,3.869150,10.094499,10.094499,10.094499,269.996901,0.078550,0.077132,0.103965,0.153302,calls/second,milliseconds
1779970946,35,269.996901,4.483711,2.319559,12.746525,3.612620,3.687971,10.094499,10.094499,10.094499,269.996901,0.080674,0.077132,0.103965,0.153302,calls/second,milliseconds
1779970947,35,269.996901,4.483711,2.319559,12.746525,3.612620,3.687971,10.094499,10.094499,10.094499,269.996901,0.080488,0.077132,0.103965,0.153302,calls/second,milliseconds
1779970948,35,269.996901,4.483711,2.319559,12.746525,3.612620,3.687971,10.094499,10.094499,10.094499,269.996901,0.080303,0.086956,0.105552,0.153561,calls/second,milliseconds
1779970949,35,269.996901,4.483711,2.319559,12.746525,3.612620,3.687971,10.094499,10.094499,10.094499,269.996901,0.080119,0.086956,0.105552,0.153561,calls/second,milliseconds
1779970950,35,269.996901,4.483711,2.319559,12.746525,3.612620,3.687971,10.094499,10.094499,10.094499,269.996901,0.079936,0.086956,0.105552,0.153561,calls/second,milliseconds
1779970951,36,269.996901,4.274071,2.319559,11.720675,3.522546,3.687971,10.094499,10.094499,10.094499,269.996901,0.082032,0.086956,0.105552,0.153561,calls/second,milliseconds
1779970952,36,269.996901,4.274071,2.319559,11.720675,3.522546,3.687971,10.094499,10.094499,10.094499,269.996901,0.081845,0.086956,0.105552,0.153561,calls/second,milliseconds
1779970953,36,269.996901,4.274071,2.319559,11.720675,3.522546,3.687971,10.094499,10.094499,10.094499,269.996901,0.081659,0.095994,0.107113,0.153818,calls/second,milliseconds
1779970954,36,269.996901,4.274071,2.319559,11.720675,3.522546,3.687971,10.094499,10.094499,10.094499,269.996901,0.081474,0.095994,0.107113,0.153818,calls/second,milliseconds
1779970955,36,269.996901,4.274071,2.319559,11.720675,3.522546,3.687971,10.094499,10.094499,10.094499,269.996901,0.081290,0.095994,0.107113,0.153818,calls/second,milliseconds
1779970956,36,269.996901,4.274071,2.319559,11.720675,3.522546,3.687971,10.094499,10.094499,10.094499,269.996901,0.081107,0.095994,0.107113,0.153818,calls/second,milliseconds
1779970957,36,269.996901,4.274071,2.319559,11.720675,3.522546,3.687971,10.094499,10.094499,10.094499,269.996901,0.080924,0.095994,0.107113,0.153818,calls/second,milliseconds
1779970958,36,269.996901,4.274071,2.319559,11.720675,3.522546,3.687971,10.094499,10.094499,10.094499,269.996901,0.080742,0.088319,0.105343,0.152966,calls/second,milliseconds
1779970959,36,269.996901,4.274071,2.319559,11.720675,3.522546,3.687971,10.094499,10.094499,10.094499,269.996901,0.080561,0.088319,0.105343,0.152966,calls/second,milliseconds
1779970960,36,269.996901,4.274071,2.319559,11.720675,3.522546,3.687971,10.094499,10.094499,10.094499,269.996901,0.080381,0.088319,0.105343,0.152966,calls/second,milliseconds
1779970961,37,269.996901,4.032613,2.319559,10.799245,3.501933,3.612620,3.873293,10.094499,10.094499,269.996901,0.082430,0.088319,0.105343,0.152966,calls/second,milliseconds
1779970962,37,269.996901,4.032613,2.319559,10.799245,3.501933,3.612620,3.873293,10.094499,10.094499,269.996901,0.082246,0.088319,0.105343,0.152966,calls/second,milliseconds
1779970963,37,269.996901,4.032613,2.319559,10.799245,3.501933,3.612620,3.873293,10.094499,10.094499,269.996901,0.082064,0.097248,0.106908,0.153226,calls/second,milliseconds
1779970964,37,269.996901,4.032613,2.319559,10.799245,3.501933,3.612620,3.873293,10.094499,10.094499,269.996901,0.081882,0.097248,0.106908,0.153226,calls/second,milliseconds
1779970965,37,269.996901,4.032613,2.319559,10.799245,3.501933,3.612620,3.873293,10.094499,10.094499,269.996901,0.081701,0.097248,0.106908,0.153226,calls/second,milliseconds
1779970966,38,269.996901,3.844517,2.319559,10.014536,3.277465,3.612620,3.873293,10.094499,10.094499,269.996901,0.083724,0.097248,0.106908,0.153226,calls/second,milliseconds
1779970967,38,269.996901,3.844517,2.319559,10.014536,3.277465,3.612620,3.873293,10.094499,10.094499,269.996901,0.083539,0.097248,0.106908,0.153226,calls/second,milliseconds
1779970968,38,269.996901,3.844517,2.319559,10.014536,3.277465,3.612620,3.873293,10.094499,10.094499,269.996901,0.083356,0.105464,0.108446,0.153485,calls/second,milliseconds
1779970969,38,269.996901,3.844517,2.319559,10.014536,3.277465,3.612620,3.873293,10.094499,10.094499,269.996901,0.083173,0.105464,0.108446,0.153485,calls/second,milliseconds
1779970970,38,269.996901,3.844517,2.319559,10.014536,3.277465,3.612620,3.873293,10.094499,10.094499,269.996901,0.082991,0.105464,0.108446,0.153485,calls/second,milliseconds
1779970971,39,269.996901,3.709093,2.319559,9.333148,3.139421,3.612620,3.873293,10.094499,10.094499,269.996901,0.084990,0.105464,0.108446,0.153485,calls/second,milliseconds
1779970972,39,269.996901,3.709093,2.319559,9.333148,3.139421,3.612620,3.873293,10.094499,10.094499,269.996901,0.084805,0.105464,0.108446,0.153485,calls/second,milliseconds
1779970973,39,269.996901,3.709093,2.319559,9.333148,3.139421,3.612620,3.873293,10.094499,10.094499,269.996901,0.084620,0.113023,0.109960,0.153743,calls/second,milliseconds
1779970974,39,269.996901,3.709093,2.319559,9.333148,3.139421,3.612620,3.873293,10.094499,10.094499,269.996901,0.084437,0.113023,0.109960,0.153743,calls/second,milliseconds
1779970975,39,269.996901,3.709093,2.319559,9.333148,3.139421,3.612620,3.873293,10.094499,10.094499,269.996901,0.084254,0.113023,0.109960,0.153743,calls/second,milliseconds
1779970976,39,269.996901,3.709093,2.319559,9.333148,3.139421,3.612620,3.873293,10.094499,10.094499,269.996901,0.084072,0.113023,0.109960,0.153743,calls/second,milliseconds
1779970977,39,269.996901,3.709093,2.319559,9.333148,3.139421,3.612620,3.873293,10.094499,10.094499,269.996901,0.083891,0.113023,0.109960,0.153743,calls/second,milliseconds
1779970978,39,269.996901,3.709093,2.319559,9.333148,3.139421,3.612620,3.873293,10.094499,10.094499,269.996901,0.083711,0.103986,0.108142,0.152891,calls/second,milliseconds
1779970979,39,269.996901,3.709093,2.319559,9.333148,3.139421,3.612620,3.873293,10.094499,10.094499,269.996901,0.083531,0.103986,0.108142,0.152891,calls/second,milliseconds
1779970980,39,269.996901,3.709093,2.319559,9.333148,3.139421,3.612620,3.873293,10.094499,10.094499,269.996901,0.083352,0.103986,0.108142,0.152891,calls/second,milliseconds
1779970981,40,269.996901,3.645593,2.319559,8.689190,3.233558,3.560126,3.873293,10.094499,10.094499,203.208658,0.085307,0.103986,0.108142,0.152891,calls/second,milliseconds
1779970982,40,269.996901,3.645593,2.319559,8.689190,3.233558,3.560126,3.873293,10.094499,10.094499,203.208658,0.085125,0.103986,0.108142,0.152891,calls/second,milliseconds
1779970983,40,269.996901,3.645593,2.319559,8.689190,3.233558,3.560126,3.873293,10.094499,10.094499,203.208658,0.084944,0.111663,0.109660,0.153152,calls/second,milliseconds
1779970984,40,269.996901,3.645593,2.319559,8.689190,3.233558,3.560126,3.873293,10.094499,10.094499,203.208658,0.084764,0.111663,0.109660,0.153152,calls/second,milliseconds
1779970985,40,269.996901,3.645593,2.319559,8.689190,3.233558,3.560126,3.873293,10.094499,10.094499,203.208658,0.084585,0.111663,0.109660,0.153152,calls/second,milliseconds
1779970986,41,269.996901,3.564731,2.319559,8.126963,3.139421,3.501933,3.873293,10.094499,10.094499,13.907514,0.086516,0.111663,0.109660,0.153152,calls/second,milliseconds
1779970987,41,269.996901,3.564731,2.319559,8.126963,3.139421,3.501933,3.873293,10.094499,10.094499,13.907514,0.086334,0.111663,0.109660,0.153152,calls/second,milliseconds
1779970988,41,269.996901,3.564731,2.319559,8.126963,3.139421,3.501933,3.873293,10.094499,10.094499,13.907514,0.086152,0.118726,0.111154,0.153412,calls/second,milliseconds
1779970989,41,269.996901,3.564731,2.319559,8.126963,3.139421,3.501933,3.873293,10.094499,10.094499,13.907514,0.085971,0.118726,0.111154,0.153412,calls/second,milliseconds
1779970990,41,269.996901,3.564731,2.319559,8.126963,3.139421,3.501933,3.873293,10.094499,10.094499,13.907514,0.085791,0.118726,0.111154,0.153412,calls/second,milliseconds
1779970991,42,269.996901,3.549947,2.319559,7.626358,3.233558,3.501933,3.869150,10.094499,10.094499,13.907514,0.087699,0.118726,0.111154,0.153412,calls/second,milliseconds
1779970992,42,269.996901,3.549947,2.319559,7.626358,3.233558,3.501933,3.869150,10.094499,10.094499,13.907514,0.087516,0.118726,0.111154,0.153412,calls/second,milliseconds
1779970993,42,269.996901,3.549947,2.319559,7.626358,3.233558,3.501933,3.869150,10.094499,10.094499,13.907514,0.087334,0.125224,0.112622,0.153670,calls/second,milliseconds
1779970994,42,269.996901,3.549947,2.319559,7.626358,3.233558,3.501933,3.869150,10.094499,10.094499,13.907514,0.087153,0.125224,0.112622,0.153670,calls/second,milliseconds
1779970995,42,269.996901,3.549947,2.319559,7.626358,3.233558,3.501933,3.869150,10.094499,10.094499,13.907514,0.086972,0.125224,0.112622,0.153670,calls/second,milliseconds
1779970996,42,269.996901,3.549947,2.319559,7.626358,3.233558,3.501933,3.869150,10.094499,10.094499,13.907514,0.086792,0.125224,0.112622,0.153670,calls/second,milliseconds
1779970997,42,269.996901,3.549947,2.319559,7.626358,3.233558,3.501933,3.869150,10.094499,10.094499,13.907514,0.086613,0.125224,0.112622,0.153670,calls/second,milliseconds
1779970998,42,269.996901,3.549947,2.319559,7.626358,3.233558,3.501933,3.869150,10.094499,10.094499,13.907514,0.086435,0.115212,0.110761,0.152819,calls/second,milliseconds
1779970999,42,269.996901,3.549947,2.319559,7.626358,3.233558,3.501933,3.869150,10.094499,10.094499,13.907514,0.086257,0.115212,0.110761,0.152819,calls/second,milliseconds
1779971000,42,269.996901,3.549947,2.319559,7.626358,3.233558,3.501933,3.869150,10.094499,10.094499,13.907514,0.086080,0.115212,0.110761,0.152819,calls/second,milliseconds
1779971001,42,269.996901,3.549947,2.319559,7.626358,3.233558,3.501933,3.869150,10.094499,10.094499,13.907514,0.085903,0.115212,0.110761,0.152819,calls/second,milliseconds
1779971002,42,269.996901,3.549947,2.319559,7.626358,3.233558,3.501933,3.869150,10.094499,10.094499,13.907514,0.085728,0.115212,0.110761,0.152819,calls/second,milliseconds
1779971003,42,269.996901,3.549947,2.319559,7.626358,3.233558,3.501933,3.869150,10.094499,10.094499,13.907514,0.085553,0.106000,0.108930,0.151972,calls/second,milliseconds
1779971004,42,269.996901,3.549947,2.319559,7.626358,3.233558,3.501933,3.869150,10.094499,10.094499,13.907514,0.085379,0.106000,0.108930,0.151972,calls/second,milliseconds
1779971005,42,269.996901,3.549947,2.319559,7.626358,3.233558,3.501933,3.869150,10.094499,10.094499,13.907514,0.085205,0.106000,0.108930,0.151972,calls/second,milliseconds
1779971006,43,269.996901,3.542681,2.319559,7.113001,3.233558,3.494100,3.869150,6.892298,10.094499,13.907514,0.087057,0.106000,0.108930,0.151972,calls/second,milliseconds
1779971007,43,269.996901,3.542681,2.319559,7.113001,3.233558,3.494100,3.869150,6.892298,10.094499,13.907514,0.086881,0.106000,0.108930,0.151972,calls/second,milliseconds
1779971008,43,269.996901,3.542681,2.319559,7.113001,3.233558,3.494100,3.869150,6.892298,10.094499,13.907514,0.086706,0.113516,0.110435,0.152238,calls/second,milliseconds
1779971009,43,269.996901,3.542681,2.319559,7.113001,3.233558,3.494100,3.869150,6.892298,10.094499,13.907514,0.086531,0.113516,0.110435,0.152238,calls/second,milliseconds
1779971010,43,269.996901,3.542681,2.319559,7.113001,3.233558,3.494100,3.869150,6.892298,10.094499,13.907514,0.086357,0.113516,0.110435,0.152238,calls/second,milliseconds
1779971011,44,269.996901,3.511539,2.319559,6.661769,3.289469,3.494100,3.869150,3.873293,10.094499,13.907514,0.088188,0.113516,0.110435,0.152238,calls/second,milliseconds
1779971012,44,269.996901,3.511539,2.319559,6.661769,3.289469,3.494100,3.869150,3.873293,10.094499,13.907514,0.088011,0.113516,0.110435,0.152238,calls/second,milliseconds
1779971013,44,269.996901,3.511539,2.319559,6.661769,3.289469,3.494100,3.869150,3.873293,10.094499,13.907514,0.087835,0.120431,0.111915,0.152503,calls/second,milliseconds
1779971014,44,269.996901,3.511539,2.319559,6.661769,3.289469,3.494100,3.869150,3.873293,10.094499,13.907514,0.087660,0.120431,0.111915,0.152503,calls/second,milliseconds
1779971015,44,269.996901,3.511539,2.319559,6.661769,3.289469,3.494100,3.869150,3.873293,10.094499,13.907514,0.087485,0.120431,0.111915,0.152503,calls/second,milliseconds
1779971016,44,269.996901,3.511539,2.319559,6.661769,3.289469,3.494100,3.869150,3.873293,10.094499,13.907514,0.087311,0.120431,0.111915,0.152503,calls/second,milliseconds
1779971017,44,269.996901,3.511539,2.319559,6.661769,3.289469,3.494100,3.869150,3.873293,10.094499,13.907514,0.087138,0.120431,0.111915,0.152503,calls/second,milliseconds
1779971018,44,269.996901,3.511539,2.319559,6.661769,3.289469,3.494100,3.869150,3.873293,10.094499,13.907514,0.086966,0.110802,0.110066,0.151658,calls/second,milliseconds
1779971019,44,269.996901,3.511539,2.319559,6.661769,3.289469,3.494100,3.869150,3.873293,10.094499,13.907514,0.086794,0.110802,0.110066,0.151658,calls/second,milliseconds
1779971020,44,269.996901,3.511539,2.319559,6.661769,3.289469,3.494100,3.869150,3.873293,10.094499,13.907514,0.086623,0.110802,0.110066,0.151658,calls/second,milliseconds
1779971021,44,269.996901,3.511539,2.319559,6.661769,3.289469,3.494100,3.869150,3.873293,10.094499,13.907514,0.086453,0.110802,0.110066,0.151658,calls/second,milliseconds
1779971022,44,269.996901,3.511539,2.319559,6.661769,3.289469,3.494100,3.869150,3.873293,10.094499,13.907514,0.086283,0.110802,0.110066,0.151658,calls/second,milliseconds
1779971023,44,269.996901,3.511539,2.319559,6.661769,3.289469,3.494100,3.869150,3.873293,10.094499,13.907514,0.086114,0.101942,0.108246,0.150818,calls/second,milliseconds
1779971024,44,269.996901,3.511539,2.319559,6.661769,3.289469,3.494100,3.869150,3.873293,10.094499,13.907514,0.085945,0.101942,0.108246,0.150818,calls/second,milliseconds
1779971025,44,269.996901,3.511539,2.319559,6.661769,3.289469,3.494100,3.869150,3.873293,10.094499,13.907514,0.085778,0.101942,0.108246,0.150818,calls/second,milliseconds
1779971026,44,269.996901,3.511539,2.319559,6.661769,3.289469,3.494100,3.869150,3.873293,10.094499,13.907514,0.085610,0.101942,0.108246,0.150818,calls/second,milliseconds
1779971027,44,269.996901,3.511539,2.319559,6.661769,3.289469,3.494100,3.869150,3.873293,10.094499,13.907514,0.085444,0.101942,0.108246,0.150818,calls/second,milliseconds
1779971028,44,269.996901,3.511539,2.319559,6.661769,3.289469,3.494100,3.869150,3.873293,10.094499,13.907514,0.085278,0.093791,0.106457,0.149982,calls/second,milliseconds
1779971029,44,269.996901,3.511539,2.319559,6.661769,3.289469,3.494100,3.869150,3.873293,10.094499,13.907514,0.085113,0.093791,0.106457,0.149982,calls/second,milliseconds
1779971030,44,269.996901,3.511539,2.319559,6.661769,3.289469,3.494100,3.869150,3.873293,10.094499,13.907514,0.084948,0.093791,0.106457,0.149982,calls/second,milliseconds
1779971031,44,269.996901,3.511539,2.319559,6.661769,3.289469,3.494100,3.869150,3.873293,10.094499,13.907514,0.084785,0.093791,0.106457,0.149982,calls/second,milliseconds
1779971032,44,269.996901,3.511539,2.319559,6.661769,3.289469,3.494100,3.869150,3.873293,10.094499,13.907514,0.084621,0.093791,0.106457,0.149982,calls/second,milliseconds
1779971033,44,269.996901,3.511539,2.319559,6.661769,3.289469,3.494100,3.869150,3.873293,10.094499,13.907514,0.084459,0.086292,0.104698,0.149151,calls/second,milliseconds
1779971034,44,269.996901,3.511539,2.319559,6.661769,3.289469,3.494100,3.869150,3.873293,10.094499,13.907514,0.084297,0.086292,0.104698,0.149151,calls/second,milliseconds
1779971035,44,269.996901,3.511539,2.319559,6.661769,3.289469,3.494100,3.869150,3.873293,10.094499,13.907514,0.084135,0.086292,0.104698,0.149151,calls/second,milliseconds
1779971036,44,269.996901,3.511539,2.319559,6.661769,3.289469,3.494100,3.869150,3.873293,10.094499,13.907514,0.083974,0.086292,0.104698,0.149151,calls/second,milliseconds
1779971037,44,269.996901,3.511539,2.319559,6.661769,3.289469,3.494100,3.869150,3.873293,10.094499,13.907514,0.083814,0.086292,0.104698,0.149151,calls/second,milliseconds
1779971038,44,269.996901,3.511539,2.319559,6.661769,3.289469,3.494100,3.869150,3.873293,10.094499,13.907514,0.083655,0.079393,0.102967,0.148325,calls/second,milliseconds
1779971039,44,269.996901,3.511539,2.319559,6.661769,3.289469,3.494100,3.869150,3.873293,10.094499,13.907514,0.083495,0.079393,0.102967,0.148325,calls/second,milliseconds
1779971040,44,269.996901,3.511539,2.319559,6.661769,3.289469,3.494100,3.869150,3.873293,10.094499,13.907514,0.083337,0.079393,0.102967,0.148325,calls/second,milliseconds
1779971041,44,269.996901,3.511539,2.319559,6.661769,3.289469,3.494100,3.869150,3.873293,10.094499,13.907514,0.083179,0.079393,0.102967,0.148325,calls/second,milliseconds
1779971042,44,269.996901,3.511539,2.319559,6.661769,3.289469,3.494100,3.869150,3.873293,10.094499,13.907514,0.083022,0.079393,0.102967,0.148325,calls/second,milliseconds
1779971043,44,269.996901,3.511539,2.319559,6.661769,3.289469,3.494100,3.869150,3.873293,10.094499,13.907514,0.082865,0.073045,0.101265,0.147503,calls/second,milliseconds
1779971044,44,269.996901,3.511539,2.319559,6.661769,3.289469,3.494100,3.869150,3.873293,10.094499,13.907514,0.082709,0.073045,0.101265,0.147503,calls/second,milliseconds
1779971045,45,269.996901,3.548138,2.319559,6.061933,3.440943,3.632362,3.869150,3.873293,10.094499,10.094499,0.084430,0.073045,0.101265,0.147503,calls/second,milliseconds
1779971046,45,269.996901,3.548138,2.319559,6.061933,3.440943,3.632362,3.869150,3.873293,10.094499,10.094499,0.084272,0.073045,0.101265,0.147503,calls/second,milliseconds
1779971047,45,269.996901,3.548138,2.319559,6.061933,3.440943,3.632362,3.869150,3.873293,10.094499,10.094499,0.084114,0.073045,0.101265,0.147503,calls/second,milliseconds
1779971048,45,269.996901,3.548138,2.319559,6.061933,3.440943,3.632362,3.869150,3.873293,10.094499,10.094499,0.083957,0.083196,0.102897,0.147794,calls/second,milliseconds
1779971049,45,269.996901,3.548138,2.319559,6.061933,3.440943,3.632362,3.869150,3.873293,10.094499,10.094499,0.083800,0.083196,0.102897,0.147794,calls/second,milliseconds
1779971050,46,269.996901,3.483644,2.319559,5.569453,3.289469,3.560126,3.724175,3.873293,10.094499,10.094499,0.085503,0.083196,0.102897,0.147794,calls/second,milliseconds
1779971051,46,269.996901,3.483644,2.319559,5.569453,3.289469,3.560126,3.724175,3.873293,10.094499,10.094499,0.085344,0.083196,0.102897,0.147794,calls/second,milliseconds
1779971052,46,269.996901,3.483644,2.319559,5.569453,3.289469,3.560126,3.724175,3.873293,10.094499,10.094499,0.085186,0.083196,0.102897,0.147794,calls/second,milliseconds
1779971053,46,269.996901,3.483644,2.319559,5.569453,3.289469,3.560126,3.724175,3.873293,10.094499,10.094499,0.085028,0.092535,0.104502,0.148083,calls/second,milliseconds
1779971054,46,269.996901,3.483644,2.319559,5.569453,3.289469,3.560126,3.724175,3.873293,10.094499,10.094499,0.084871,0.092535,0.104502,0.148083,calls/second,milliseconds
1779971055,46,269.996901,3.483644,2.319559,5.569453,3.289469,3.560126,3.724175,3.873293,10.094499,10.094499,0.084715,0.092535,0.104502,0.148083,calls/second,milliseconds
1779971056,46,269.996901,3.483644,2.319559,5.569453,3.289469,3.560126,3.724175,3.873293,10.094499,10.094499,0.084559,0.092535,0.104502,0.148083,calls/second,milliseconds
1779971057,46,269.996901,3.483644,2.319559,5.569453,3.289469,3.560126,3.724175,3.873293,10.094499,10.094499,0.084403,0.085136,0.102775,0.147263,calls/second,milliseconds
1779971058,46,269.996901,3.483644,2.319559,5.569453,3.289469,3.560126,3.724175,3.873293,10.094499,10.094499,0.084249,0.085136,0.102775,0.147263,calls/second,milliseconds
1779971059,46,269.996901,3.483644,2.319559,5.569453,3.289469,3.560126,3.724175,3.873293,10.094499,10.094499,0.084094,0.085136,0.102775,0.147263,calls/second,milliseconds
1779971060,46,269.996901,3.483644,2.319559,5.569453,3.289469,3.560126,3.724175,3.873293,10.094499,10.094499,0.083941,0.085136,0.102775,0.147263,calls/second,milliseconds
1779971061,46,269.996901,3.483644,2.319559,5.569453,3.289469,3.560126,3.724175,3.873293,10.094499,10.094499,0.083788,0.085136,0.102775,0.147263,calls/second,milliseconds
1779971062,46,269.996901,3.483644,2.319559,5.569453,3.289469,3.560126,3.724175,3.873293,10.094499,10.094499,0.083635,0.078329,0.101076,0.146447,calls/second,milliseconds
1779971063,46,269.996901,3.483644,2.319559,5.569453,3.289469,3.560126,3.724175,3.873293,10.094499,10.094499,0.083483,0.078329,0.101076,0.146447,calls/second,milliseconds
1779971064,46,269.996901,3.483644,2.319559,5.569453,3.289469,3.560126,3.724175,3.873293,10.094499,10.094499,0.083332,0.078329,0.101076,0.146447,calls/second,milliseconds
1779971065,47,269.996901,3.409554,2.319559,5.095479,3.139421,3.494100,3.724175,3.873293,7.086161,10.094499,0.084989,0.078329,0.101076,0.146447,calls/second,milliseconds
1779971066,47,269.996901,3.409554,2.319559,5.095479,3.139421,3.494100,3.724175,3.873293,7.086161,10.094499,0.084835,0.078329,0.101076,0.146447,calls/second,milliseconds
1779971067,47,269.996901,3.409554,2.319559,5.095479,3.139421,3.494100,3.724175,3.873293,7.086161,10.094499,0.084682,0.088057,0.102711,0.146744,calls/second,milliseconds
1779971068,47,269.996901,3.409554,2.319559,5.095479,3.139421,3.494100,3.724175,3.873293,7.086161,10.094499,0.084530,0.088057,0.102711,0.146744,calls/second,milliseconds
1779971069,47,269.996901,3.409554,2.319559,5.095479,3.139421,3.494100,3.724175,3.873293,7.086161,10.094499,0.084378,0.088057,0.102711,0.146744,calls/second,milliseconds
1779971070,48,269.996901,3.388264,2.319559,4.697759,3.267732,3.494100,3.724175,3.869150,3.873293,10.094499,0.086018,0.088057,0.102711,0.146744,calls/second,milliseconds
1779971071,48,269.996901,3.388264,2.319559,4.697759,3.267732,3.494100,3.724175,3.869150,3.873293,10.094499,0.085864,0.088057,0.102711,0.146744,calls/second,milliseconds
1779971072,48,269.996901,3.388264,2.319559,4.697759,3.267732,3.494100,3.724175,3.869150,3.873293,10.094499,0.085711,0.097008,0.104319,0.147039,calls/second,milliseconds
1779971073,48,269.996901,3.388264,2.319559,4.697759,3.267732,3.494100,3.724175,3.869150,3.873293,10.094499,0.085558,0.097008,0.104319,0.147039,calls/second,milliseconds
1779971074,48,269.996901,3.388264,2.319559,4.697759,3.267732,3.494100,3.724175,3.869150,3.873293,10.094499,0.085405,0.097008,0.104319,0.147039,calls/second,milliseconds
1779971075,49,269.996901,3.314563,2.319559,4.362220,3.139421,3.440943,3.724175,3.869150,3.873293,10.094499,0.087030,0.097008,0.104319,0.147039,calls/second,milliseconds
1779971076,49,269.996901,3.314563,2.319559,4.362220,3.139421,3.440943,3.724175,3.869150,3.873293,10.094499,0.086875,0.097008,0.104319,0.147039,calls/second,milliseconds
1779971077,49,269.996901,3.314563,2.319559,4.362220,3.139421,3.440943,3.724175,3.869150,3.873293,10.094499,0.086721,0.105243,0.105901,0.147332,calls/second,milliseconds
1779971078,49,269.996901,3.314563,2.319559,4.362220,3.139421,3.440943,3.724175,3.869150,3.873293,10.094499,0.086568,0.105243,0.105901,0.147332,calls/second,milliseconds
1779971079,49,269.996901,3.314563,2.319559,4.362220,3.139421,3.440943,3.724175,3.869150,3.873293,10.094499,0.086415,0.105243,0.105901,0.147332,calls/second,milliseconds
1779971080,50,269.996901,3.200381,2.319559,4.078245,3.136014,3.289469,3.724175,3.869150,3.873293,10.094499,0.088023,0.105243,0.105901,0.147332,calls/second,milliseconds
1779971081,50,269.996901,3.200381,2.319559,4.078245,3.136014,3.289469,3.724175,3.869150,3.873293,10.094499,0.087868,0.105243,0.105901,0.147332,calls/second,milliseconds
1779971082,50,269.996901,3.200381,2.319559,4.078245,3.136014,3.289469,3.724175,3.869150,3.873293,10.094499,0.087714,0.112819,0.107456,0.147624,calls/second,milliseconds
1779971083,50,269.996901,3.200381,2.319559,4.078245,3.136014,3.289469,3.724175,3.869150,3.873293,10.094499,0.087560,0.112819,0.107456,0.147624,calls/second,milliseconds
1779971084,50,269.996901,3.200381,2.319559,4.078245,3.136014,3.289469,3.724175,3.869150,3.873293,10.094499,0.087407,0.112819,0.107456,0.147624,calls/second,milliseconds
1779971085,50,269.996901,3.200381,2.319559,4.078245,3.136014,3.289469,3.724175,3.869150,3.873293,10.094499,0.087254,0.112819,0.107456,0.147624,calls/second,milliseconds
1779971086,50,269.996901,3.200381,2.319559,4.078245,3.136014,3.289469,3.724175,3.869150,3.873293,10.094499,0.087102,0.112819,0.107456,0.147624,calls/second,milliseconds
1779971087,50,269.996901,3.200381,2.319559,4.078245,3.136014,3.289469,3.724175,3.869150,3.873293,10.094499,0.086950,0.103798,0.105680,0.146806,calls/second,milliseconds
1779971088,50,269.996901,3.200381,2.319559,4.078245,3.136014,3.289469,3.724175,3.869150,3.873293,10.094499,0.086799,0.103798,0.105680,0.146806,calls/second,milliseconds
1779971089,50,269.996901,3.200381,2.319559,4.078245,3.136014,3.289469,3.724175,3.869150,3.873293,10.094499,0.086648,0.103798,0.105680,0.146806,calls/second,milliseconds
1779971090,51,269.996901,3.219373,2.319559,3.800577,3.233558,3.344611,3.724175,3.824998,3.873293,10.094499,0.088228,0.103798,0.105680,0.146806,calls/second,milliseconds
1779971091,51,269.996901,3.219373,2.319559,3.800577,3.233558,3.344611,3.724175,3.824998,3.873293,10.094499,0.088076,0.103798,0.105680,0.146806,calls/second,milliseconds
1779971092,51,269.996901,3.219373,2.319559,3.800577,3.233558,3.344611,3.724175,3.824998,3.873293,10.094499,0.087924,0.111490,0.107239,0.147101,calls/second,milliseconds
1779971093,51,269.996901,3.219373,2.319559,3.800577,3.233558,3.344611,3.724175,3.824998,3.873293,10.094499,0.087772,0.111490,0.107239,0.147101,calls/second,milliseconds
1779971094,51,269.996901,3.219373,2.319559,3.800577,3.233558,3.344611,3.724175,3.824998,3.873293,10.094499,0.087621,0.111490,0.107239,0.147101,calls/second,milliseconds
1779971095,52,269.996901,3.216210,2.319559,3.556561,3.193926,3.344611,3.724175,3.724175,3.873293,10.094499,0.089186,0.111490,0.107239,0.147101,calls/second,milliseconds
1779971096,52,269.996901,3.216210,2.319559,3.556561,3.193926,3.344611,3.724175,3.724175,3.873293,10.094499,0.089033,0.111490,0.107239,0.147101,calls/second,milliseconds
1779971097,52,269.996901,3.216210,2.319559,3.556561,3.193926,3.344611,3.724175,3.724175,3.873293,10.094499,0.088880,0.118567,0.108772,0.147394,calls/second,milliseconds
1779971098,52,269.996901,3.216210,2.319559,3.556561,3.193926,3.344611,3.724175,3.724175,3.873293,10.094499,0.088728,0.118567,0.108772,0.147394,calls/second,milliseconds
1779971099,52,269.996901,3.216210,2.319559,3.556561,3.193926,3.344611,3.724175,3.724175,3.873293,10.094499,0.088577,0.118567,0.108772,0.147394,calls/second,milliseconds
1779971100,53,269.996901,3.180798,2.319559,3.341266,3.139421,3.344611,3.724175,3.724175,3.869150,10.094499,0.090127,0.118567,0.108772,0.147394,calls/second,milliseconds
1779971101,53,269.996901,3.180798,2.319559,3.341266,3.139421,3.344611,3.724175,3.724175,3.869150,10.094499,0.089974,0.118567,0.108772,0.147394,calls/second,milliseconds
1779971102,53,269.996901,3.180798,2.319559,3.341266,3.139421,3.344611,3.724175,3.724175,3.869150,10.094499,0.089821,0.125078,0.110280,0.147685,calls/second,milliseconds
1779971103,53,269.996901,3.180798,2.319559,3.341266,3.139421,3.344611,3.724175,3.724175,3.869150,10.094499,0.089669,0.125078,0.110280,0.147685,calls/second,milliseconds
1779971104,53,269.996901,3.180798,2.319559,3.341266,3.139421,3.344611,3.724175,3.724175,3.869150,10.094499,0.089517,0.125078,0.110280,0.147685,calls/second,milliseconds
1779971105,53,269.996901,3.180798,2.319559,3.341266,3.139421,3.344611,3.724175,3.724175,3.869150,10.094499,0.089366,0.125078,0.110280,0.147685,calls/second,milliseconds
1779971106,53,269.996901,3.180798,2.319559,3.341266,3.139421,3.344611,3.724175,3.724175,3.869150,10.094499,0.089215,0.125078,0.110280,0.147685,calls/second,milliseconds
1779971107,53,269.996901,3.180798,2.319559,3.341266,3.139421,3.344611,3.724175,3.724175,3.869150,10.094499,0.089065,0.115077,0.108457,0.146867,calls/second,milliseconds
1779971108,53,269.996901,3.180798,2.319559,3.341266,3.139421,3.344611,3.724175,3.724175,3.869150,10.094499,0.088915,0.115077,0.108457,0.146867,calls/second,milliseconds
1779971109,53,269.996901,3.180798,2.319559,3.341266,3.139421,3.344611,3.724175,3.724175,3.869150,10.094499,0.088766,0.115077,0.108457,0.146867,calls/second,milliseconds
1779971110,53,269.996901,3.180798,2.319559,3.341266,3.139421,3.344611,3.724175,3.724175,3.869150,10.094499,0.088618,0.115077,0.108457,0.146867,calls/second,milliseconds
1779971111,53,269.996901,3.180798,2.319559,3.341266,3.139421,3.344611,3.724175,3.724175,3.869150,10.094499,0.088469,0.115077,0.108457,0.146867,calls/second,milliseconds
1779971112,53,269.996901,3.180798,2.319559,3.341266,3.139421,3.344611,3.724175,3.724175,3.869150,10.094499,0.088322,0.105876,0.106665,0.146053,calls/second,milliseconds
1779971113,53,269.996901,3.180798,2.319559,3.341266,3.139421,3.344611,3.724175,3.724175,3.869150,10.094499,0.088175,0.105876,0.106665,0.146053,calls/second,milliseconds
1779971114,53,269.996901,3.180798,2.319559,3.341266,3.139421,3.344611,3.724175,3.724175,3.869150,10.094499,0.088028,0.105876,0.106665,0.146053,calls/second,milliseconds
1779971115,53,269.996901,3.180798,2.319559,3.341266,3.139421,3.344611,3.724175,3.724175,3.869150,10.094499,0.087882,0.105876,0.106665,0.146053,calls/second,milliseconds
1779971116,53,269.996901,3.180798,2.319559,3.341266,3.139421,3.344611,3.724175,3.724175,3.869150,10.094499,0.087736,0.105876,0.106665,0.146053,calls/second,milliseconds
1779971117,53,269.996901,3.180798,2.319559,3.341266,3.139421,3.344611,3.724175,3.724175,3.869150,10.094499,0.087591,0.097411,0.104902,0.145244,calls/second,milliseconds
1779971118,53,269.996901,3.180798,2.319559,3.341266,3.139421,3.344611,3.724175,3.724175,3.869150,10.094499,0.087446,0.097411,0.104902,0.145244,calls/second,milliseconds
1779971119,53,269.996901,3.180798,2.319559,3.341266,3.139421,3.344611,3.724175,3.724175,3.869150,10.094499,0.087302,0.097411,0.104902,0.145244,calls/second,milliseconds
1779971120,54,269.996901,3.186138,2.319559,3.103014,3.193926,3.277465,3.724175,3.724175,3.869150,10.094499,0.088803,0.097411,0.104902,0.145244,calls/second,milliseconds
1779971121,54,269.996901,3.186138,2.319559,3.103014,3.193926,3.277465,3.724175,3.724175,3.869150,10.094499,0.088657,0.097411,0.104902,0.145244,calls/second,milliseconds
1779971122,54,269.996901,3.186138,2.319559,3.103014,3.193926,3.277465,3.724175,3.724175,3.869150,10.094499,0.088511,0.105614,0.106473,0.145547,calls/second,milliseconds
1779971123,54,269.996901,3.186138,2.319559,3.103014,3.193926,3.277465,3.724175,3.724175,3.869150,10.094499,0.088366,0.105614,0.106473,0.145547,calls/second,milliseconds
1779971124,54,269.996901,3.186138,2.319559,3.103014,3.193926,3.277465,3.724175,3.724175,3.869150,10.094499,0.088222,0.105614,0.106473,0.145547,calls/second,milliseconds
1779971125,55,269.996901,3.203925,2.319559,2.896141,3.219623,3.323898,3.724175,3.724175,3.869150,10.094499,0.089709,0.105614,0.106473,0.145547,calls/second,milliseconds
1779971126,55,269.996901,3.203925,2.319559,2.896141,3.219623,3.323898,3.724175,3.724175,3.869150,10.094499,0.089562,0.105614,0.106473,0.145547,calls/second,milliseconds
1779971127,55,269.996901,3.203925,2.319559,2.896141,3.219623,3.323898,3.724175,3.724175,3.869150,10.094499,0.089416,0.113160,0.108019,0.145849,calls/second,milliseconds
1779971128,55,269.996901,3.203925,2.319559,2.896141,3.219623,3.323898,3.724175,3.724175,3.869150,10.094499,0.089271,0.113160,0.108019,0.145849,calls/second,milliseconds
1779971129,55,269.996901,3.203925,2.319559,2.896141,3.219623,3.323898,3.724175,3.724175,3.869150,10.094499,0.089126,0.113160,0.108019,0.145849,calls/second,milliseconds
1779971130,56,269.996901,3.183614,2.319559,2.714018,3.193926,3.323898,3.612620,3.724175,3.869150,10.094499,0.090600,0.113160,0.108019,0.145849,calls/second,milliseconds
1779971131,56,269.996901,3.183614,2.319559,2.714018,3.193926,3.323898,3.612620,3.724175,3.869150,10.094499,0.090453,0.113160,0.108019,0.145849,calls/second,milliseconds
1779971132,56,269.996901,3.183614,2.319559,2.714018,3.193926,3.323898,3.612620,3.724175,3.869150,10.094499,0.090307,0.120104,0.109540,0.146149,calls/second,milliseconds
1779971133,56,269.996901,3.183614,2.319559,2.714018,3.193926,3.323898,3.612620,3.724175,3.869150,10.094499,0.090161,0.120104,0.109540,0.146149,calls/second,milliseconds
1779971134,56,269.996901,3.183614,2.319559,2.714018,3.193926,3.323898,3.612620,3.724175,3.869150,10.094499,0.090016,0.120104,0.109540,0.146149,calls/second,milliseconds
1779971135,56,269.996901,3.183614,2.319559,2.714018,3.193926,3.323898,3.612620,3.724175,3.869150,10.094499,0.089872,0.120104,0.109540,0.146149,calls/second,milliseconds
1779971136,56,269.996901,3.183614,2.319559,2.714018,3.193926,3.323898,3.612620,3.724175,3.869150,10.094499,0.089727,0.120104,0.109540,0.146149,calls/second,milliseconds
1779971137,56,269.996901,3.183614,2.319559,2.714018,3.193926,3.323898,3.612620,3.724175,3.869150,10.094499,0.089584,0.110501,0.107729,0.145339,calls/second,milliseconds
1779971138,56,269.996901,3.183614,2.319559,2.714018,3.193926,3.323898,3.612620,3.724175,3.869150,10.094499,0.089440,0.110501,0.107729,0.145339,calls/second,milliseconds
1779971139,56,269.996901,3.183614,2.319559,2.714018,3.193926,3.323898,3.612620,3.724175,3.869150,10.094499,0.089298,0.110501,0.107729,0.145339,calls/second,milliseconds
1779971140,56,269.996901,3.183614,2.319559,2.714018,3.193926,3.323898,3.612620,3.724175,3.869150,10.094499,0.089155,0.110501,0.107729,0.145339,calls/second,milliseconds
1779971141,56,269.996901,3.183614,2.319559,2.714018,3.193926,3.323898,3.612620,3.724175,3.869150,10.094499,0.089013,0.110501,0.107729,0.145339,calls/second,milliseconds
1779971142,56,269.996901,3.183614,2.319559,2.714018,3.193926,3.323898,3.612620,3.724175,3.869150,10.094499,0.088872,0.101665,0.105948,0.144534,calls/second,milliseconds
1779971143,56,269.996901,3.183614,2.319559,2.714018,3.193926,3.323898,3.612620,3.724175,3.869150,10.094499,0.088731,0.101665,0.105948,0.144534,calls/second,milliseconds
1779971144,56,269.996901,3.183614,2.319559,2.714018,3.193926,3.323898,3.612620,3.724175,3.869150,10.094499,0.088590,0.101665,0.105948,0.144534,calls/second,milliseconds
1779971145,57,269.996901,3.180320,2.319559,2.527562,3.158791,3.289469,3.560126,3.724175,3.724175,10.094499,0.090030,0.101665,0.105948,0.144534,calls/second,milliseconds
1779971146,57,269.996901,3.180320,2.319559,2.527562,3.158791,3.289469,3.560126,3.724175,3.724175,10.094499,0.089887,0.101665,0.105948,0.144534,calls/second,milliseconds
1779971147,57,269.996901,3.180320,2.319559,2.527562,3.158791,3.289469,3.560126,3.724175,3.724175,10.094499,0.089746,0.109528,0.107503,0.144842,calls/second,milliseconds
1779971148,57,269.996901,3.180320,2.319559,2.527562,3.158791,3.289469,3.560126,3.724175,3.724175,10.094499,0.089604,0.109528,0.107503,0.144842,calls/second,milliseconds
1779971149,57,269.996901,3.180320,2.319559,2.527562,3.158791,3.289469,3.560126,3.724175,3.724175,10.094499,0.089463,0.109528,0.107503,0.144842,calls/second,milliseconds
1779971150,58,269.996901,3.169976,2.319559,2.364300,3.158791,3.267732,3.494100,3.724175,3.724175,10.094499,0.090890,0.109528,0.107503,0.144842,calls/second,milliseconds
1779971151,58,269.996901,3.169976,2.319559,2.364300,3.158791,3.267732,3.494100,3.724175,3.724175,10.094499,0.090748,0.109528,0.107503,0.144842,calls/second,milliseconds
1779971152,58,269.996901,3.169976,2.319559,2.364300,3.158791,3.267732,3.494100,3.724175,3.724175,10.094499,0.090606,0.116762,0.109032,0.145147,calls/second,milliseconds
1779971153,58,269.996901,3.169976,2.319559,2.364300,3.158791,3.267732,3.494100,3.724175,3.724175,10.094499,0.090464,0.116762,0.109032,0.145147,calls/second,milliseconds
1779971154,58,269.996901,3.169976,2.319559,2.364300,3.158791,3.267732,3.494100,3.724175,3.724175,10.094499,0.090323,0.116762,0.109032,0.145147,calls/second,milliseconds
1779971155,59,269.996901,3.156071,2.319559,2.219686,3.097657,3.219623,3.494100,3.724175,3.724175,10.094499,0.091737,0.116762,0.109032,0.145147,calls/second,milliseconds
1779971156,59,269.996901,3.156071,2.319559,2.219686,3.097657,3.219623,3.494100,3.724175,3.724175,10.094499,0.091595,0.116762,0.109032,0.145147,calls/second,milliseconds
1779971157,59,269.996901,3.156071,2.319559,2.219686,3.097657,3.219623,3.494100,3.724175,3.724175,10.094499,0.091453,0.123417,0.110535,0.145451,calls/second,milliseconds
1779971158,59,269.996901,3.156071,2.319559,2.219686,3.097657,3.219623,3.494100,3.724175,3.724175,10.094499,0.091311,0.123417,0.110535,0.145451,calls/second,milliseconds
1779971159,59,269.996901,3.156071,2.319559,2.219686,3.097657,3.219623,3.494100,3.724175,3.724175,10.094499,0.091169,0.123417,0.110535,0.145451,calls/second,milliseconds
1779971160,60,269.996901,3.129356,2.319559,2.091193,3.097657,3.219623,3.440943,3.724175,3.724175,10.094499,0.092571,0.123417,0.110535,0.145451,calls/second,milliseconds
1779971161,60,269.996901,3.129356,2.319559,2.091193,3.097657,3.219623,3.440943,3.724175,3.724175,10.094499,0.092429,0.123417,0.110535,0.145451,calls/second,milliseconds
1779971162,60,269.996901,3.129356,2.319559,2.091193,3.097657,3.219623,3.440943,3.724175,3.724175,10.094499,0.092286,0.129540,0.112014,0.145753,calls/second,milliseconds
1779971163,60,269.996901,3.129356,2.319559,2.091193,3.097657,3.219623,3.440943,3.724175,3.724175,10.094499,0.092144,0.129540,0.112014,0.145753,calls/second,milliseconds
1779971164,60,269.996901,3.129356,2.319559,2.091193,3.097657,3.219623,3.440943,3.724175,3.724175,10.094499,0.092003,0.129540,0.112014,0.145753,calls/second,milliseconds
1779971165,61,269.996901,3.115094,2.319559,1.974299,3.052977,3.219623,3.440943,3.724175,3.724175,10.094499,0.093393,0.129540,0.112014,0.145753,calls/second,milliseconds
1779971166,61,269.996901,3.115094,2.319559,1.974299,3.052977,3.219623,3.440943,3.724175,3.724175,10.094499,0.093250,0.129540,0.112014,0.145753,calls/second,milliseconds
1779971167,61,269.996901,3.115094,2.319559,1.974299,3.052977,3.219623,3.440943,3.724175,3.724175,10.094499,0.093107,0.135174,0.113468,0.146054,calls/second,milliseconds
1779971168,61,269.996901,3.115094,2.319559,1.974299,3.052977,3.219623,3.440943,3.724175,3.724175,10.094499,0.092965,0.135174,0.113468,0.146054,calls/second,milliseconds
1779971169,61,269.996901,3.115094,2.319559,1.974299,3.052977,3.219623,3.440943,3.724175,3.724175,10.094499,0.092824,0.135174,0.113468,0.146054,calls/second,milliseconds
1779971170,61,269.996901,3.115094,2.319559,1.974299,3.052977,3.219623,3.440943,3.724175,3.724175,10.094499,0.092682,0.135174,0.113468,0.146054,calls/second,milliseconds
1779971171,61,269.996901,3.115094,2.319559,1.974299,3.052977,3.219623,3.440943,3.724175,3.724175,10.094499,0.092542,0.135174,0.113468,0.146054,calls/second,milliseconds
1779971172,62,269.996901,3.206236,2.319559,1.882901,3.097657,3.277465,3.958693,3.958693,3.958693,10.094499,0.093916,0.140357,0.114899,0.146353,calls/second,milliseconds
1779971173,62,269.996901,3.206236,2.319559,1.882901,3.097657,3.277465,3.958693,3.958693,3.958693,10.094499,0.093774,0.140357,0.114899,0.146353,calls/second,milliseconds
1779971174,62,269.996901,3.206236,2.319559,1.882901,3.097657,3.277465,3.958693,3.958693,3.958693,10.094499,0.093632,0.140357,0.114899,0.146353,calls/second,milliseconds
1779971175,62,269.996901,3.206236,2.319559,1.882901,3.097657,3.277465,3.958693,3.958693,3.958693,10.094499,0.093490,0.140357,0.114899,0.146353,calls/second,milliseconds
1779971176,62,269.996901,3.206236,2.319559,1.882901,3.097657,3.277465,3.958693,3.958693,3.958693,10.094499,0.093349,0.140357,0.114899,0.146353,calls/second,milliseconds
1779971177,62,269.996901,3.206236,2.319559,1.882901,3.097657,3.277465,3.958693,3.958693,3.958693,10.094499,0.093209,0.129135,0.113000,0.145542,calls/second,milliseconds
1779971178,62,269.996901,3.206236,2.319559,1.882901,3.097657,3.277465,3.958693,3.958693,3.958693,10.094499,0.093069,0.129135,0.113000,0.145542,calls/second,milliseconds
1779971179,62,269.996901,3.206236,2.319559,1.882901,3.097657,3.277465,3.958693,3.958693,3.958693,10.094499,0.092929,0.129135,0.113000,0.145542,calls/second,milliseconds
1779971180,62,269.996901,3.206236,2.319559,1.882901,3.097657,3.277465,3.958693,3.958693,3.958693,10.094499,0.092790,0.129135,0.113000,0.145542,calls/second,milliseconds
1779971181,62,269.996901,3.206236,2.319559,1.882901,3.097657,3.277465,3.958693,3.958693,3.958693,10.094499,0.092651,0.129135,0.113000,0.145542,calls/second,milliseconds
1779971182,63,269.996901,3.187729,2.319559,1.775572,3.052977,3.233558,3.958693,3.958693,3.958693,10.094499,0.094005,0.118810,0.111132,0.144735,calls/second,milliseconds
1779971183,63,269.996901,3.187729,2.319559,1.775572,3.052977,3.233558,3.958693,3.958693,3.958693,10.094499,0.093864,0.118810,0.111132,0.144735,calls/second,milliseconds
1779971184,63,269.996901,3.187729,2.319559,1.775572,3.052977,3.233558,3.958693,3.958693,3.958693,10.094499,0.093724,0.118810,0.111132,0.144735,calls/second,milliseconds
1779971185,63,269.996901,3.187729,2.319559,1.775572,3.052977,3.233558,3.958693,3.958693,3.958693,10.094499,0.093585,0.118810,0.111132,0.144735,calls/second,milliseconds
1779971186,63,269.996901,3.187729,2.319559,1.775572,3.052977,3.233558,3.958693,3.958693,3.958693,10.094499,0.093446,0.118810,0.111132,0.144735,calls/second,milliseconds
1779971187,63,269.996901,3.187729,2.319559,1.775572,3.052977,3.233558,3.958693,3.958693,3.958693,10.094499,0.093307,0.125301,0.112601,0.145042,calls/second,milliseconds
1779971188,63,269.996901,3.187729,2.319559,1.775572,3.052977,3.233558,3.958693,3.958693,3.958693,10.094499,0.093169,0.125301,0.112601,0.145042,calls/second,milliseconds
1779971189,63,269.996901,3.187729,2.319559,1.775572,3.052977,3.233558,3.958693,3.958693,3.958693,10.094499,0.093031,0.125301,0.112601,0.145042,calls/second,milliseconds
1779971190,64,269.996901,3.189727,2.319559,1.673482,3.097657,3.219623,3.958693,3.958693,3.958693,10.094499,0.094369,0.125301,0.112601,0.145042,calls/second,milliseconds
1779971191,64,269.996901,3.189727,2.319559,1.673482,3.097657,3.219623,3.958693,3.958693,3.958693,10.094499,0.094229,0.125301,0.112601,0.145042,calls/second,milliseconds
1779971192,64,269.996901,3.189727,2.319559,1.673482,3.097657,3.219623,3.958693,3.958693,3.958693,10.094499,0.094091,0.131274,0.114045,0.145346,calls/second,milliseconds
1779971193,64,269.996901,3.189727,2.319559,1.673482,3.097657,3.219623,3.958693,3.958693,3.958693,10.094499,0.093952,0.131274,0.114045,0.145346,calls/second,milliseconds
1779971194,64,269.996901,3.189727,2.319559,1.673482,3.097657,3.219623,3.958693,3.958693,3.958693,10.094499,0.093814,0.131274,0.114045,0.145346,calls/second,milliseconds
1779971195,65,269.996901,3.174806,2.319559,1.581596,3.052977,3.205613,3.958693,3.958693,3.958693,3.958693,0.095140,0.131274,0.114045,0.145346,calls/second,milliseconds
1779971196,65,269.996901,3.174806,2.319559,1.581596,3.052977,3.205613,3.958693,3.958693,3.958693,3.958693,0.095001,0.131274,0.114045,0.145346,calls/second,milliseconds
1779971197,65,269.996901,3.174806,2.319559,1.581596,3.052977,3.205613,3.958693,3.958693,3.958693,3.958693,0.094862,0.136769,0.115466,0.145649,calls/second,milliseconds
1779971198,65,269.996901,3.174806,2.319559,1.581596,3.052977,3.205613,3.958693,3.958693,3.958693,3.958693,0.094724,0.136769,0.115466,0.145649,calls/second,milliseconds
1779971199,65,269.996901,3.174806,2.319559,1.581596,3.052977,3.205613,3.958693,3.958693,3.958693,3.958693,0.094586,0.136769,0.115466,0.145649,calls/second,milliseconds
1779971200,66,269.996901,3.095190,2.319559,1.515423,3.050877,3.205613,3.958693,3.958693,3.958693,3.958693,0.095901,0.136769,0.115466,0.145649,calls/second,milliseconds
1779971201,66,269.996901,3.095190,2.319559,1.515423,3.050877,3.205613,3.958693,3.958693,3.958693,3.958693,0.095762,0.136769,0.115466,0.145649,calls/second,milliseconds
1779971202,66,269.996901,3.095190,2.319559,1.515423,3.050877,3.205613,3.958693,3.958693,3.958693,3.958693,0.095623,0.141825,0.116863,0.145950,calls/second,milliseconds
1779971203,66,269.996901,3.095190,2.319559,1.515423,3.050877,3.205613,3.958693,3.958693,3.958693,3.958693,0.095484,0.141825,0.116863,0.145950,calls/second,milliseconds
1779971204,66,269.996901,3.095190,2.319559,1.515423,3.050877,3.205613,3.958693,3.958693,3.958693,3.958693,0.095346,0.141825,0.116863,0.145950,calls/second,milliseconds
1779971205,66,269.996901,3.095190,2.319559,1.515423,3.050877,3.205613,3.958693,3.958693,3.958693,3.958693,0.095208,0.141825,0.116863,0.145950,calls/second,milliseconds
1779971206,66,269.996901,3.095190,2.319559,1.515423,3.050877,3.205613,3.958693,3.958693,3.958693,3.958693,0.095071,0.141825,0.116863,0.145950,calls/second,milliseconds
1779971207,66,269.996901,3.095190,2.319559,1.515423,3.050877,3.205613,3.958693,3.958693,3.958693,3.958693,0.094934,0.130485,0.114932,0.145141,calls/second,milliseconds
1779971208,66,269.996901,3.095190,2.319559,1.515423,3.050877,3.205613,3.958693,3.958693,3.958693,3.958693,0.094797,0.130485,0.114932,0.145141,calls/second,milliseconds
1779971209,66,269.996901,3.095190,2.319559,1.515423,3.050877,3.205613,3.958693,3.958693,3.958693,3.958693,0.094661,0.130485,0.114932,0.145141,calls/second,milliseconds
1779971210,67,269.996901,3.070640,2.319559,1.433298,3.050877,3.205613,3.958693,3.958693,3.958693,3.958693,0.095958,0.130485,0.114932,0.145141,calls/second,milliseconds
1779971211,67,269.996901,3.070640,2.319559,1.433298,3.050877,3.205613,3.958693,3.958693,3.958693,3.958693,0.095820,0.130485,0.114932,0.145141,calls/second,milliseconds
1779971212,67,269.996901,3.070640,2.319559,1.433298,3.050877,3.205613,3.958693,3.958693,3.958693,3.958693,0.095683,0.136043,0.116338,0.145445,calls/second,milliseconds
1779971213,67,269.996901,3.070640,2.319559,1.433298,3.050877,3.205613,3.958693,3.958693,3.958693,3.958693,0.095546,0.136043,0.116338,0.145445,calls/second,milliseconds
1779971214,67,269.996901,3.070640,2.319559,1.433298,3.050877,3.205613,3.958693,3.958693,3.958693,3.958693,0.095410,0.136043,0.116338,0.145445,calls/second,milliseconds
1779971215,68,269.996901,3.084104,2.319559,1.357336,3.050877,3.200169,3.958693,3.958693,3.958693,3.958693,0.096696,0.136043,0.116338,0.145445,calls/second,milliseconds
1779971216,68,269.996901,3.084104,2.319559,1.357336,3.050877,3.200169,3.958693,3.958693,3.958693,3.958693,0.096559,0.136043,0.116338,0.145445,calls/second,milliseconds
1779971217,68,269.996901,3.084104,2.319559,1.357336,3.050877,3.200169,3.958693,3.958693,3.958693,3.958693,0.096422,0.141157,0.117721,0.145748,calls/second,milliseconds
1779971218,68,269.996901,3.084104,2.319559,1.357336,3.050877,3.200169,3.958693,3.958693,3.958693,3.958693,0.096285,0.141157,0.117721,0.145748,calls/second,milliseconds
1779971219,68,269.996901,3.084104,2.319559,1.357336,3.050877,3.200169,3.958693,3.958693,3.958693,3.958693,0.096149,0.141157,0.117721,0.145748,calls/second,milliseconds
1779971220,69,269.996901,3.053816,2.319559,1.290318,3.050877,3.200169,3.873293,3.958693,3.958693,3.958693,0.097425,0.141157,0.117721,0.145748,calls/second,milliseconds
1779971221,69,269.996901,3.053816,2.319559,1.290318,3.050877,3.200169,3.873293,3.958693,3.958693,3.958693,0.097287,0.141157,0.117721,0.145748,calls/second,milliseconds
1779971222,69,269.996901,3.053816,2.319559,1.290318,3.050877,3.200169,3.873293,3.958693,3.958693,3.958693,0.097150,0.145862,0.119080,0.146048,calls/second,milliseconds
1779971223,69,269.996901,3.053816,2.319559,1.290318,3.050877,3.200169,3.873293,3.958693,3.958693,3.958693,0.097013,0.145862,0.119080,0.146048,calls/second,milliseconds
1779971224,69,269.996901,3.053816,2.319559,1.290318,3.050877,3.200169,3.873293,3.958693,3.958693,3.958693,0.096877,0.145862,0.119080,0.146048,calls/second,milliseconds
1779971225,70,269.996901,3.006194,2.319559,1.233978,3.040296,3.200169,3.724175,3.958693,3.958693,3.958693,0.098143,0.145862,0.119080,0.146048,calls/second,milliseconds
1779971226,70,269.996901,3.006194,2.319559,1.233978,3.040296,3.200169,3.724175,3.958693,3.958693,3.958693,0.098005,0.145862,0.119080,0.146048,calls/second,milliseconds
1779971227,70,269.996901,3.006194,2.319559,1.233978,3.040296,3.200169,3.724175,3.958693,3.958693,3.958693,0.097868,0.150190,0.120418,0.146347,calls/second,milliseconds
1779971228,70,269.996901,3.006194,2.319559,1.233978,3.040296,3.200169,3.724175,3.958693,3.958693,3.958693,0.097731,0.150190,0.120418,0.146347,calls/second,milliseconds
1779971229,70,269.996901,3.006194,2.319559,1.233978,3.040296,3.200169,3.724175,3.958693,3.958693,3.958693,0.097595,0.150190,0.120418,0.146347,calls/second,milliseconds
1779971230,71,269.996901,2.976136,2.319559,1.177212,2.998572,3.200169,3.560126,3.958693,3.958693,3.958693,0.098851,0.150190,0.120418,0.146347,calls/second,milliseconds
1779971231,71,269.996901,2.976136,2.319559,1.177212,2.998572,3.200169,3.560126,3.958693,3.958693,3.958693,0.098713,0.150190,0.120418,0.146347,calls/second,milliseconds
1779971232,71,269.996901,2.976136,2.319559,1.177212,2.998572,3.200169,3.560126,3.958693,3.958693,3.958693,0.098576,0.154173,0.121733,0.146644,calls/second,milliseconds
1779971233,71,269.996901,2.976136,2.319559,1.177212,2.998572,3.200169,3.560126,3.958693,3.958693,3.958693,0.098439,0.154173,0.121733,0.146644,calls/second,milliseconds
1779971235,71,269.996901,2.976136,2.319559,1.177212,2.998572,3.200169,3.560126,3.958693,3.958693,3.958693,0.098303,0.154173,0.121733,0.146644,calls/second,milliseconds
1779971236,71,269.996901,2.976136,2.319559,1.177212,2.998572,3.200169,3.560126,3.958693,3.958693,3.958693,0.098166,0.154173,0.121733,0.146644,calls/second,milliseconds
1779971237,72,269.996901,2.946758,2.319559,1.123818,2.920813,3.158791,3.440943,3.958693,3.958693,3.958693,0.099411,0.154173,0.121733,0.146644,calls/second,milliseconds
1779971238,72,269.996901,2.946758,2.319559,1.123818,2.920813,3.158791,3.440943,3.958693,3.958693,3.958693,0.099274,0.157837,0.123027,0.146940,calls/second,milliseconds
1779971239,72,269.996901,2.946758,2.319559,1.123818,2.920813,3.158791,3.440943,3.958693,3.958693,3.958693,0.099137,0.157837,0.123027,0.146940,calls/second,milliseconds
1779971240,72,269.996901,2.946758,2.319559,1.123818,2.920813,3.158791,3.440943,3.958693,3.958693,3.958693,0.099001,0.157837,0.123027,0.146940,calls/second,milliseconds
1779971241,72,269.996901,2.946758,2.319559,1.123818,2.920813,3.158791,3.440943,3.958693,3.958693,3.958693,0.098865,0.157837,0.123027,0.146940,calls/second,milliseconds
1779971242,72,269.996901,2.946758,2.319559,1.123818,2.920813,3.158791,3.440943,3.958693,3.958693,3.958693,0.098729,0.157837,0.123027,0.146940,calls/second,milliseconds
1779971243,72,269.996901,2.946758,2.319559,1.123818,2.920813,3.158791,3.440943,3.958693,3.958693,3.958693,0.098594,0.145217,0.120994,0.146126,calls/second,milliseconds
1779971244,72,269.996901,2.946758,2.319559,1.123818,2.920813,3.158791,3.440943,3.958693,3.958693,3.958693,0.098458,0.145217,0.120994,0.146126,calls/second,milliseconds
1779971245,72,269.996901,2.946758,2.319559,1.123818,2.920813,3.158791,3.440943,3.958693,3.958693,3.958693,0.098324,0.145217,0.120994,0.146126,calls/second,milliseconds
1779971246,72,269.996901,2.946758,2.319559,1.123818,2.920813,3.158791,3.440943,3.958693,3.958693,3.958693,0.098190,0.145217,0.120994,0.146126,calls/second,milliseconds
1779971247,72,269.996901,2.946758,2.319559,1.123818,2.920813,3.158791,3.440943,3.958693,3.958693,3.958693,0.098056,0.145217,0.120994,0.146126,calls/second,milliseconds
1779971248,73,269.996901,2.981617,2.319559,1.071014,3.031504,3.200169,3.344611,3.958693,3.958693,3.958693,0.099282,0.149597,0.122299,0.146424,calls/second,milliseconds
1779971249,73,269.996901,2.981617,2.319559,1.071014,3.031504,3.200169,3.344611,3.958693,3.958693,3.958693,0.099147,0.149597,0.122299,0.146424,calls/second,milliseconds
1779971250,73,269.996901,2.981617,2.319559,1.071014,3.031504,3.200169,3.344611,3.958693,3.958693,3.958693,0.099012,0.149597,0.122299,0.146424,calls/second,milliseconds
1779971251,74,269.996901,2.978785,2.319559,1.018893,2.951813,3.200169,3.344611,3.958693,3.958693,3.958693,0.100233,0.149597,0.122299,0.146424,calls/second,milliseconds
1779971252,75,269.996901,2.930030,2.319559,0.985622,2.951813,3.200169,3.323898,3.958693,3.958693,3.958693,0.101450,0.149597,0.122299,0.146424,calls/second,milliseconds
1779971253,75,269.996901,2.930030,2.319559,0.985622,2.951813,3.200169,3.323898,3.958693,3.958693,3.958693,0.101312,0.169618,0.126889,0.147829,calls/second,milliseconds
1779971254,75,269.996901,2.930030,2.319559,0.985622,2.951813,3.200169,3.323898,3.958693,3.958693,3.958693,0.101175,0.169618,0.126889,0.147829,calls/second,milliseconds
1779971255,75,269.996901,2.930030,2.319559,0.985622,2.951813,3.200169,3.323898,3.958693,3.958693,3.958693,0.101039,0.169618,0.126889,0.147829,calls/second,milliseconds
1779971256,75,269.996901,2.930030,2.319559,0.985622,2.951813,3.200169,3.323898,3.958693,3.958693,3.958693,0.100903,0.169618,0.126889,0.147829,calls/second,milliseconds
1779971257,75,269.996901,2.930030,2.319559,0.985622,2.951813,3.200169,3.323898,3.958693,3.958693,3.958693,0.100767,0.169618,0.126889,0.147829,calls/second,milliseconds
1779971258,75,269.996901,2.930030,2.319559,0.985622,2.951813,3.200169,3.323898,3.958693,3.958693,3.958693,0.100632,0.156056,0.124792,0.147010,calls/second,milliseconds
1779971259,75,269.996901,2.930030,2.319559,0.985622,2.951813,3.200169,3.323898,3.958693,3.958693,3.958693,0.100497,0.156056,0.124792,0.147010,calls/second,milliseconds
1779971260,75,269.996901,2.930030,2.319559,0.985622,2.951813,3.200169,3.323898,3.958693,3.958693,3.958693,0.100362,0.156056,0.124792,0.147010,calls/second,milliseconds
1779971261,75,269.996901,2.930030,2.319559,0.985622,2.951813,3.200169,3.323898,3.958693,3.958693,3.958693,0.100228,0.156056,0.124792,0.147010,calls/second,milliseconds
1779971262,76,269.996901,2.898583,2.319559,0.943948,2.916473,3.158791,3.323898,3.958693,3.958693,3.958693,0.101428,0.156056,0.124792,0.147010,calls/second,milliseconds
1779971263,76,269.996901,2.898583,2.319559,0.943948,2.916473,3.158791,3.323898,3.958693,3.958693,3.958693,0.101293,0.159570,0.126035,0.147304,calls/second,milliseconds
1779971264,76,269.996901,2.898583,2.319559,0.943948,2.916473,3.158791,3.323898,3.958693,3.958693,3.958693,0.101158,0.159570,0.126035,0.147304,calls/second,milliseconds
1779971265,76,269.996901,2.898583,2.319559,0.943948,2.916473,3.158791,3.323898,3.958693,3.958693,3.958693,0.101023,0.159570,0.126035,0.147304,calls/second,milliseconds
1779971266,76,269.996901,2.898583,2.319559,0.943948,2.916473,3.158791,3.323898,3.958693,3.958693,3.958693,0.100889,0.159570,0.126035,0.147304,calls/second,milliseconds
1779971267,76,269.996901,2.898583,2.319559,0.943948,2.916473,3.158791,3.323898,3.958693,3.958693,3.958693,0.100755,0.159570,0.126035,0.147304,calls/second,milliseconds
1779971268,76,269.996901,2.898583,2.319559,0.943948,2.916473,3.158791,3.323898,3.958693,3.958693,3.958693,0.100621,0.146811,0.123952,0.146488,calls/second,milliseconds
1779971269,76,269.996901,2.898583,2.319559,0.943948,2.916473,3.158791,3.323898,3.958693,3.958693,3.958693,0.100488,0.146811,0.123952,0.146488,calls/second,milliseconds
1779971270,76,269.996901,2.898583,2.319559,0.943948,2.916473,3.158791,3.323898,3.958693,3.958693,3.958693,0.100355,0.146811,0.123952,0.146488,calls/second,milliseconds
1779971271,77,269.996901,2.887637,2.319559,0.898146,2.859068,3.052977,3.294001,3.958693,3.958693,3.958693,0.101542,0.146811,0.123952,0.146488,calls/second,milliseconds
1779971272,77,269.996901,2.887637,2.319559,0.898146,2.859068,3.052977,3.294001,3.958693,3.958693,3.958693,0.101408,0.146811,0.123952,0.146488,calls/second,milliseconds
1779971273,77,269.996901,2.887637,2.319559,0.898146,2.859068,3.052977,3.294001,3.958693,3.958693,3.958693,0.101274,0.151064,0.125209,0.146784,calls/second,milliseconds
1779971274,77,269.996901,2.887637,2.319559,0.898146,2.859068,3.052977,3.294001,3.958693,3.958693,3.958693,0.101141,0.151064,0.125209,0.146784,calls/second,milliseconds
1779971275,77,269.996901,2.887637,2.319559,0.898146,2.859068,3.052977,3.294001,3.958693,3.958693,3.958693,0.101008,0.151064,0.125209,0.146784,calls/second,milliseconds
1779971276,77,269.996901,2.887637,2.319559,0.898146,2.859068,3.052977,3.294001,3.958693,3.958693,3.958693,0.100875,0.151064,0.125209,0.146784,calls/second,milliseconds
1779971277,77,269.996901,2.887637,2.319559,0.898146,2.859068,3.052977,3.294001,3.958693,3.958693,3.958693,0.100743,0.151064,0.125209,0.146784,calls/second,milliseconds
1779971278,77,269.996901,2.887637,2.319559,0.898146,2.859068,3.052977,3.294001,3.958693,3.958693,3.958693,0.100611,0.138986,0.123139,0.145971,calls/second,milliseconds
1779971279,77,269.996901,2.887637,2.319559,0.898146,2.859068,3.052977,3.294001,3.958693,3.958693,3.958693,0.100480,0.138986,0.123139,0.145971,calls/second,milliseconds
1779971280,77,269.996901,2.887637,2.319559,0.898146,2.859068,3.052977,3.294001,3.958693,3.958693,3.958693,0.100349,0.138986,0.123139,0.145971,calls/second,milliseconds
1779971281,77,269.996901,2.887637,2.319559,0.898146,2.859068,3.052977,3.294001,3.958693,3.958693,3.958693,0.100218,0.138986,0.123139,0.145971,calls/second,milliseconds
1779971282,77,269.996901,2.887637,2.319559,0.898146,2.859068,3.052977,3.294001,3.958693,3.958693,3.958693,0.100087,0.138986,0.123139,0.145971,calls/second,milliseconds
1779971283,77,269.996901,2.887637,2.319559,0.898146,2.859068,3.052977,3.294001,3.958693,3.958693,3.958693,0.099957,0.127873,0.121104,0.145162,calls/second,milliseconds
1779971284,77,269.996901,2.887637,2.319559,0.898146,2.859068,3.052977,3.294001,3.958693,3.958693,3.958693,0.099828,0.127873,0.121104,0.145162,calls/second,milliseconds
1779971285,77,269.996901,2.887637,2.319559,0.898146,2.859068,3.052977,3.294001,3.958693,3.958693,3.958693,0.099698,0.127873,0.121104,0.145162,calls/second,milliseconds
1779971286,77,269.996901,2.887637,2.319559,0.898146,2.859068,3.052977,3.294001,3.958693,3.958693,3.958693,0.099569,0.127873,0.121104,0.145162,calls/second,milliseconds
1779971287,77,269.996901,2.887637,2.319559,0.898146,2.859068,3.052977,3.294001,3.958693,3.958693,3.958693,0.099440,0.127873,0.121104,0.145162,calls/second,milliseconds
1779971288,77,269.996901,2.887637,2.319559,0.898146,2.859068,3.052977,3.294001,3.958693,3.958693,3.958693,0.099312,0.117649,0.119102,0.144358,calls/second,milliseconds
1779971289,77,269.996901,2.887637,2.319559,0.898146,2.859068,3.052977,3.294001,3.958693,3.958693,3.958693,0.099184,0.117649,0.119102,0.144358,calls/second,milliseconds
1779971290,77,269.996901,2.887637,2.319559,0.898146,2.859068,3.052977,3.294001,3.958693,3.958693,3.958693,0.099056,0.117649,0.119102,0.144358,calls/second,milliseconds
1779971291,77,269.996901,2.887637,2.319559,0.898146,2.859068,3.052977,3.294001,3.958693,3.958693,3.958693,0.098928,0.117649,0.119102,0.144358,calls/second,milliseconds
1779971292,77,269.996901,2.887637,2.319559,0.898146,2.859068,3.052977,3.294001,3.958693,3.958693,3.958693,0.098801,0.117649,0.119102,0.144358,calls/second,milliseconds
1779971293,77,269.996901,2.887637,2.319559,0.898146,2.859068,3.052977,3.294001,3.958693,3.958693,3.958693,0.098675,0.108242,0.117134,0.143558,calls/second,milliseconds
1779971294,77,269.996901,2.887637,2.319559,0.898146,2.859068,3.052977,3.294001,3.958693,3.958693,3.958693,0.098548,0.108242,0.117134,0.143558,calls/second,milliseconds
1779971295,77,269.996901,2.887637,2.319559,0.898146,2.859068,3.052977,3.294001,3.958693,3.958693,3.958693,0.098422,0.108242,0.117134,0.143558,calls/second,milliseconds
1779971296,78,269.996901,2.927165,2.319559,0.847958,2.951813,3.205613,3.294001,3.869150,3.958693,3.958693,0.099573,0.108242,0.117134,0.143558,calls/second,milliseconds
1779971297,78,269.996901,2.927165,2.319559,0.847958,2.951813,3.205613,3.294001,3.869150,3.958693,3.958693,0.099446,0.108242,0.117134,0.143558,calls/second,milliseconds
1779971298,78,269.996901,2.927165,2.319559,0.847958,2.951813,3.205613,3.294001,3.869150,3.958693,3.958693,0.099319,0.115579,0.118503,0.143871,calls/second,milliseconds
1779971299,78,269.996901,2.927165,2.319559,0.847958,2.951813,3.205613,3.294001,3.869150,3.958693,3.958693,0.099192,0.115579,0.118503,0.143871,calls/second,milliseconds
1779971300,78,269.996901,2.927165,2.319559,0.847958,2.951813,3.205613,3.294001,3.869150,3.958693,3.958693,0.099066,0.115579,0.118503,0.143871,calls/second,milliseconds
1779971301,79,269.996901,2.920530,2.319559,0.797177,2.870290,3.200169,3.294001,3.724175,3.958693,3.958693,0.100209,0.115579,0.118503,0.143871,calls/second,milliseconds
1779971302,79,269.996901,2.920530,2.319559,0.797177,2.870290,3.200169,3.294001,3.724175,3.958693,3.958693,0.100082,0.115579,0.118503,0.143871,calls/second,milliseconds
1779971303,79,269.996901,2.920530,2.319559,0.797177,2.870290,3.200169,3.294001,3.724175,3.958693,3.958693,0.099955,0.122329,0.119851,0.144182,calls/second,milliseconds
1779971304,79,269.996901,2.920530,2.319559,0.797177,2.870290,3.200169,3.294001,3.724175,3.958693,3.958693,0.099828,0.122329,0.119851,0.144182,calls/second,milliseconds
1779971305,79,269.996901,2.920530,2.319559,0.797177,2.870290,3.200169,3.294001,3.724175,3.958693,3.958693,0.099702,0.122329,0.119851,0.144182,calls/second,milliseconds
1779971306,80,269.996901,2.920629,2.319559,0.751341,2.921415,3.158791,3.294001,3.494100,3.958693,3.958693,0.100837,0.122329,0.119851,0.144182,calls/second,milliseconds
1779971307,80,269.996901,2.920629,2.319559,0.751341,2.921415,3.158791,3.294001,3.494100,3.958693,3.958693,0.100710,0.122329,0.119851,0.144182,calls/second,milliseconds
1779971308,80,269.996901,2.920629,2.319559,0.751341,2.921415,3.158791,3.294001,3.494100,3.958693,3.958693,0.100583,0.128539,0.121175,0.144491,calls/second,milliseconds
1779971309,80,269.996901,2.920629,2.319559,0.751341,2.921415,3.158791,3.294001,3.494100,3.958693,3.958693,0.100456,0.128539,0.121175,0.144491,calls/second,milliseconds
1779971310,80,269.996901,2.920629,2.319559,0.751341,2.921415,3.158791,3.294001,3.494100,3.958693,3.958693,0.100330,0.128539,0.121175,0.144491,calls/second,milliseconds
1779971311,80,269.996901,2.920629,2.319559,0.751341,2.921415,3.158791,3.294001,3.494100,3.958693,3.958693,0.100204,0.128539,0.121175,0.144491,calls/second,milliseconds
1779971312,80,269.996901,2.920629,2.319559,0.751341,2.921415,3.158791,3.294001,3.494100,3.958693,3.958693,0.100079,0.128539,0.121175,0.144491,calls/second,milliseconds
1779971313,80,269.996901,2.920629,2.319559,0.751341,2.921415,3.158791,3.294001,3.494100,3.958693,3.958693,0.099953,0.118262,0.119172,0.143691,calls/second,milliseconds
1779971314,80,269.996901,2.920629,2.319559,0.751341,2.921415,3.158791,3.294001,3.494100,3.958693,3.958693,0.099829,0.118262,0.119172,0.143691,calls/second,milliseconds
1779971315,80,269.996901,2.920629,2.319559,0.751341,2.921415,3.158791,3.294001,3.494100,3.958693,3.958693,0.099704,0.118262,0.119172,0.143691,calls/second,milliseconds
1779971316,81,269.996901,2.918582,2.319559,0.706899,2.902809,3.050877,3.294001,3.344611,3.958693,3.958693,0.100824,0.118262,0.119172,0.143691,calls/second,milliseconds
1779971317,81,269.996901,2.918582,2.319559,0.706899,2.902809,3.050877,3.294001,3.344611,3.958693,3.958693,0.100699,0.118262,0.119172,0.143691,calls/second,milliseconds
1779971318,81,269.996901,2.918582,2.319559,0.706899,2.902809,3.050877,3.294001,3.344611,3.958693,3.958693,0.100574,0.124797,0.120508,0.144003,calls/second,milliseconds
1779971319,81,269.996901,2.918582,2.319559,0.706899,2.902809,3.050877,3.294001,3.344611,3.958693,3.958693,0.100449,0.124797,0.120508,0.144003,calls/second,milliseconds
1779971320,81,269.996901,2.918582,2.319559,0.706899,2.902809,3.050877,3.294001,3.344611,3.958693,3.958693,0.100324,0.124797,0.120508,0.144003,calls/second,milliseconds
1779971321,82,269.996901,2.864329,2.319559,0.684418,2.902809,3.040296,3.294001,3.344611,3.958693,3.958693,0.101437,0.124797,0.120508,0.144003,calls/second,milliseconds
1779971322,82,269.996901,2.864329,2.319559,0.684418,2.902809,3.040296,3.294001,3.344611,3.958693,3.958693,0.101311,0.124797,0.120508,0.144003,calls/second,milliseconds
1779971323,82,269.996901,2.864329,2.319559,0.684418,2.902809,3.040296,3.294001,3.344611,3.958693,3.958693,0.101186,0.130810,0.121822,0.144313,calls/second,milliseconds
1779971324,82,269.996901,2.864329,2.319559,0.684418,2.902809,3.040296,3.294001,3.344611,3.958693,3.958693,0.101061,0.130810,0.121822,0.144313,calls/second,milliseconds
1779971325,82,269.996901,2.864329,2.319559,0.684418,2.902809,3.040296,3.294001,3.344611,3.958693,3.958693,0.100937,0.130810,0.121822,0.144313,calls/second,milliseconds
1779971326,82,269.996901,2.864329,2.319559,0.684418,2.902809,3.040296,3.294001,3.344611,3.958693,3.958693,0.100813,0.130810,0.121822,0.144313,calls/second,milliseconds
1779971327,82,269.996901,2.864329,2.319559,0.684418,2.902809,3.040296,3.294001,3.344611,3.958693,3.958693,0.100689,0.130810,0.121822,0.144313,calls/second,milliseconds
1779971328,82,269.996901,2.864329,2.319559,0.684418,2.902809,3.040296,3.294001,3.344611,3.958693,3.958693,0.100565,0.120351,0.119809,0.143513,calls/second,milliseconds
1779971329,82,269.996901,2.864329,2.319559,0.684418,2.902809,3.040296,3.294001,3.344611,3.958693,3.958693,0.100442,0.120351,0.119809,0.143513,calls/second,milliseconds
1779971330,82,269.996901,2.864329,2.319559,0.684418,2.902809,3.040296,3.294001,3.344611,3.958693,3.958693,0.100319,0.120351,0.119809,0.143513,calls/second,milliseconds
1779971331,82,269.996901,2.864329,2.319559,0.684418,2.902809,3.040296,3.294001,3.344611,3.958693,3.958693,0.100196,0.120351,0.119809,0.143513,calls/second,milliseconds
1779971332,82,269.996901,2.864329,2.319559,0.684418,2.902809,3.040296,3.294001,3.344611,3.958693,3.958693,0.100073,0.120351,0.119809,0.143513,calls/second,milliseconds
1779971333,82,269.996901,2.864329,2.319559,0.684418,2.902809,3.040296,3.294001,3.344611,3.958693,3.958693,0.099951,0.110728,0.117828,0.142718,calls/second,milliseconds
1779971334,82,269.996901,2.864329,2.319559,0.684418,2.902809,3.040296,3.294001,3.344611,3.958693,3.958693,0.099829,0.110728,0.117828,0.142718,calls/second,milliseconds
1779971335,82,269.996901,2.864329,2.319559,0.684418,2.902809,3.040296,3.294001,3.344611,3.958693,3.958693,0.099708,0.110728,0.117828,0.142718,calls/second,milliseconds
1779971336,82,269.996901,2.864329,2.319559,0.684418,2.902809,3.040296,3.294001,3.344611,3.958693,3.958693,0.099587,0.110728,0.117828,0.142718,calls/second,milliseconds
1779971337,82,269.996901,2.864329,2.319559,0.684418,2.902809,3.040296,3.294001,3.344611,3.958693,3.958693,0.099466,0.110728,0.117828,0.142718,calls/second,milliseconds
1779971338,82,269.996901,2.864329,2.319559,0.684418,2.902809,3.040296,3.294001,3.344611,3.958693,3.958693,0.099345,0.101875,0.115881,0.141928,calls/second,milliseconds
1779971339,82,269.996901,2.864329,2.319559,0.684418,2.902809,3.040296,3.294001,3.344611,3.958693,3.958693,0.099224,0.101875,0.115881,0.141928,calls/second,milliseconds
1779971340,82,269.996901,2.864329,2.319559,0.684418,2.902809,3.040296,3.294001,3.344611,3.958693,3.958693,0.099104,0.101875,0.115881,0.141928,calls/second,milliseconds
1779971341,83,269.996901,2.885607,2.319559,0.640961,2.902809,3.028693,3.294001,3.323898,3.958693,3.958693,0.100192,0.101875,0.115881,0.141928,calls/second,milliseconds
1779971342,83,269.996901,2.885607,2.319559,0.640961,2.902809,3.028693,3.294001,3.323898,3.958693,3.958693,0.100071,0.101875,0.115881,0.141928,calls/second,milliseconds
1779971343,83,269.996901,2.885607,2.319559,0.640961,2.902809,3.028693,3.294001,3.323898,3.958693,3.958693,0.099950,0.109721,0.117271,0.142249,calls/second,milliseconds
1779971344,83,269.996901,2.885607,2.319559,0.640961,2.902809,3.028693,3.294001,3.323898,3.958693,3.958693,0.099830,0.109721,0.117271,0.142249,calls/second,milliseconds
1779971345,83,269.996901,2.885607,2.319559,0.640961,2.902809,3.028693,3.294001,3.323898,3.958693,3.958693,0.099710,0.109721,0.117271,0.142249,calls/second,milliseconds
1779971346,84,269.996901,2.907441,2.319559,0.603274,2.921415,3.063911,3.267732,3.323898,3.724175,3.958693,0.100790,0.109721,0.117271,0.142249,calls/second,milliseconds
1779971347,84,269.996901,2.907441,2.319559,0.603274,2.921415,3.063911,3.267732,3.323898,3.724175,3.958693,0.100669,0.109721,0.117271,0.142249,calls/second,milliseconds
1779971348,84,269.996901,2.907441,2.319559,0.603274,2.921415,3.063911,3.267732,3.323898,3.724175,3.958693,0.100548,0.116939,0.118639,0.142569,calls/second,milliseconds
1779971349,84,269.996901,2.907441,2.319559,0.603274,2.921415,3.063911,3.267732,3.323898,3.724175,3.958693,0.100427,0.116939,0.118639,0.142569,calls/second,milliseconds
1779971350,84,269.996901,2.907441,2.319559,0.603274,2.921415,3.063911,3.267732,3.323898,3.724175,3.958693,0.100307,0.116939,0.118639,0.142569,calls/second,milliseconds
1779971351,85,269.996901,2.961845,2.319559,0.586454,3.028693,3.158791,3.374019,3.374019,3.612620,3.958693,0.101380,0.116939,0.118639,0.142569,calls/second,milliseconds
1779971352,85,269.996901,2.961845,2.319559,0.586454,3.028693,3.158791,3.374019,3.374019,3.612620,3.958693,0.101259,0.116939,0.118639,0.142569,calls/second,milliseconds
1779971353,85,269.996901,2.961845,2.319559,0.586454,3.028693,3.158791,3.374019,3.374019,3.612620,3.958693,0.101138,0.123580,0.119983,0.142887,calls/second,milliseconds
1779971354,85,269.996901,2.961845,2.319559,0.586454,3.028693,3.158791,3.374019,3.374019,3.612620,3.958693,0.101018,0.123580,0.119983,0.142887,calls/second,milliseconds
1779971355,85,269.996901,2.961845,2.319559,0.586454,3.028693,3.158791,3.374019,3.374019,3.612620,3.958693,0.100898,0.123580,0.119983,0.142887,calls/second,milliseconds
1779971356,86,269.996901,3.002715,2.319559,0.564641,3.028693,3.294001,3.374019,3.374019,3.440943,3.958693,0.101964,0.123580,0.119983,0.142887,calls/second,milliseconds
1779971357,86,269.996901,3.002715,2.319559,0.564641,3.028693,3.294001,3.374019,3.374019,3.440943,3.958693,0.101843,0.123580,0.119983,0.142887,calls/second,milliseconds
1779971358,86,269.996901,3.002715,2.319559,0.564641,3.028693,3.294001,3.374019,3.374019,3.440943,3.958693,0.101722,0.129690,0.121306,0.143204,calls/second,milliseconds
1779971359,86,269.996901,3.002715,2.319559,0.564641,3.028693,3.294001,3.374019,3.374019,3.440943,3.958693,0.101602,0.129690,0.121306,0.143204,calls/second,milliseconds
1779971360,86,269.996901,3.002715,2.319559,0.564641,3.028693,3.294001,3.374019,3.374019,3.440943,3.958693,0.101482,0.129690,0.121306,0.143204,calls/second,milliseconds
1779971361,86,269.996901,3.002715,2.319559,0.564641,3.028693,3.294001,3.374019,3.374019,3.440943,3.958693,0.101362,0.129690,0.121306,0.143204,calls/second,milliseconds
1779971362,86,269.996901,3.002715,2.319559,0.564641,3.028693,3.294001,3.374019,3.374019,3.440943,3.958693,0.101243,0.129690,0.121306,0.143204,calls/second,milliseconds
1779971363,86,269.996901,3.002715,2.319559,0.564641,3.028693,3.294001,3.374019,3.374019,3.440943,3.958693,0.101123,0.119321,0.119301,0.142410,calls/second,milliseconds
1779971364,86,269.996901,3.002715,2.319559,0.564641,3.028693,3.294001,3.374019,3.374019,3.440943,3.958693,0.101004,0.119321,0.119301,0.142410,calls/second,milliseconds
1779971365,86,269.996901,3.002715,2.319559,0.564641,3.028693,3.294001,3.374019,3.374019,3.440943,3.958693,0.100886,0.119321,0.119301,0.142410,calls/second,milliseconds
1779971366,86,269.996901,3.002715,2.319559,0.564641,3.028693,3.294001,3.374019,3.374019,3.440943,3.958693,0.100767,0.119321,0.119301,0.142410,calls/second,milliseconds
1779971367,86,269.996901,3.002715,2.319559,0.564641,3.028693,3.294001,3.374019,3.374019,3.440943,3.958693,0.100649,0.119321,0.119301,0.142410,calls/second,milliseconds
1779971368,86,269.996901,3.002715,2.319559,0.564641,3.028693,3.294001,3.374019,3.374019,3.440943,3.958693,0.100532,0.109780,0.117329,0.141621,calls/second,milliseconds
1779971369,86,269.996901,3.002715,2.319559,0.564641,3.028693,3.294001,3.374019,3.374019,3.440943,3.958693,0.100414,0.109780,0.117329,0.141621,calls/second,milliseconds
1779971370,86,269.996901,3.002715,2.319559,0.564641,3.028693,3.294001,3.374019,3.374019,3.440943,3.958693,0.100297,0.109780,0.117329,0.141621,calls/second,milliseconds
1779971371,87,269.996901,3.019463,2.319559,0.530769,3.063911,3.210284,3.374019,3.374019,3.374019,3.958693,0.101345,0.109780,0.117329,0.141621,calls/second,milliseconds
1779971372,87,269.996901,3.019463,2.319559,0.530769,3.063911,3.210284,3.374019,3.374019,3.374019,3.958693,0.101227,0.109780,0.117329,0.141621,calls/second,milliseconds
1779971373,87,269.996901,3.019463,2.319559,0.530769,3.063911,3.210284,3.374019,3.374019,3.374019,3.958693,0.101109,0.116994,0.118696,0.141945,calls/second,milliseconds
1779971374,87,269.996901,3.019463,2.319559,0.530769,3.063911,3.210284,3.374019,3.374019,3.374019,3.958693,0.100991,0.116994,0.118696,0.141945,calls/second,milliseconds
1779971375,87,269.996901,3.019463,2.319559,0.530769,3.063911,3.210284,3.374019,3.374019,3.374019,3.958693,0.100874,0.116994,0.118696,0.141945,calls/second,milliseconds
1779971376,88,269.996901,2.965291,2.319559,0.520588,3.028693,3.200169,3.374019,3.374019,3.374019,3.958693,0.101915,0.116994,0.118696,0.141945,calls/second,milliseconds
1779971377,88,269.996901,2.965291,2.319559,0.520588,3.028693,3.200169,3.374019,3.374019,3.374019,3.958693,0.101797,0.116994,0.118696,0.141945,calls/second,milliseconds
1779971378,88,269.996901,2.965291,2.319559,0.520588,3.028693,3.200169,3.374019,3.374019,3.374019,3.958693,0.101679,0.123631,0.120039,0.142267,calls/second,milliseconds
1779971379,88,269.996901,2.965291,2.319559,0.520588,3.028693,3.200169,3.374019,3.374019,3.374019,3.958693,0.101562,0.123631,0.120039,0.142267,calls/second,milliseconds
1779971380,88,269.996901,2.965291,2.319559,0.520588,3.028693,3.200169,3.374019,3.374019,3.374019,3.958693,0.101444,0.123631,0.120039,0.142267,calls/second,milliseconds
1779971381,89,269.996901,2.933418,2.319559,0.498780,2.921415,3.139248,3.374019,3.374019,3.374019,3.958693,0.102479,0.123631,0.120039,0.142267,calls/second,milliseconds
1779971382,89,269.996901,2.933418,2.319559,0.498780,2.921415,3.139248,3.374019,3.374019,3.374019,3.958693,0.102361,0.123631,0.120039,0.142267,calls/second,milliseconds
1779971383,89,269.996901,2.933418,2.319559,0.498780,2.921415,3.139248,3.374019,3.374019,3.374019,3.958693,0.102243,0.129737,0.121361,0.142586,calls/second,milliseconds
1779971384,89,269.996901,2.933418,2.319559,0.498780,2.921415,3.139248,3.374019,3.374019,3.374019,3.958693,0.102126,0.129737,0.121361,0.142586,calls/second,milliseconds
1779971385,89,269.996901,2.933418,2.319559,0.498780,2.921415,3.139248,3.374019,3.374019,3.374019,3.958693,0.102009,0.129737,0.121361,0.142586,calls/second,milliseconds
1779971386,90,269.996901,2.932401,2.319559,0.471204,2.923960,3.139248,3.374019,3.374019,3.374019,3.958693,0.103036,0.129737,0.121361,0.142586,calls/second,milliseconds
1779971387,90,269.996901,2.932401,2.319559,0.471204,2.923960,3.139248,3.374019,3.374019,3.374019,3.958693,0.102918,0.129737,0.121361,0.142586,calls/second,milliseconds
1779971388,90,269.996901,2.932401,2.319559,0.471204,2.923960,3.139248,3.374019,3.374019,3.374019,3.958693,0.102801,0.135355,0.122661,0.142904,calls/second,milliseconds
1779971389,90,269.996901,2.932401,2.319559,0.471204,2.923960,3.139248,3.374019,3.374019,3.374019,3.958693,0.102683,0.135355,0.122661,0.142904,calls/second,milliseconds
1779971390,90,269.996901,2.932401,2.319559,0.471204,2.923960,3.139248,3.374019,3.374019,3.374019,3.958693,0.102566,0.135355,0.122661,0.142904,calls/second,milliseconds
1779971391,90,269.996901,2.932401,2.319559,0.471204,2.923960,3.139248,3.374019,3.374019,3.374019,3.958693,0.102449,0.135355,0.122661,0.142904,calls/second,milliseconds
1779971392,90,269.996901,2.932401,2.319559,0.471204,2.923960,3.139248,3.374019,3.374019,3.374019,3.958693,0.102333,0.135355,0.122661,0.142904,calls/second,milliseconds
1779971393,90,269.996901,2.932401,2.319559,0.471204,2.923960,3.139248,3.374019,3.374019,3.374019,3.958693,0.102216,0.124532,0.120633,0.142113,calls/second,milliseconds
1779971394,90,269.996901,2.932401,2.319559,0.471204,2.923960,3.139248,3.374019,3.374019,3.374019,3.958693,0.102100,0.124532,0.120633,0.142113,calls/second,milliseconds
1779971395,90,269.996901,2.932401,2.319559,0.471204,2.923960,3.139248,3.374019,3.374019,3.374019,3.958693,0.101984,0.124532,0.120633,0.142113,calls/second,milliseconds
1779971396,91,269.996901,2.925973,2.319559,0.444636,2.921415,3.139248,3.374019,3.374019,3.374019,3.958693,0.103000,0.124532,0.120633,0.142113,calls/second,milliseconds
1779971397,91,269.996901,2.925973,2.319559,0.444636,2.921415,3.139248,3.374019,3.374019,3.374019,3.958693,0.102884,0.124532,0.120633,0.142113,calls/second,milliseconds
1779971398,91,269.996901,2.925973,2.319559,0.444636,2.921415,3.139248,3.374019,3.374019,3.374019,3.958693,0.102768,0.130567,0.121945,0.142433,calls/second,milliseconds
1779971399,91,269.996901,2.925973,2.319559,0.444636,2.921415,3.139248,3.374019,3.374019,3.374019,3.958693,0.102651,0.130567,0.121945,0.142433,calls/second,milliseconds
1779971400,91,269.996901,2.925973,2.319559,0.444636,2.921415,3.139248,3.374019,3.374019,3.374019,3.958693,0.102536,0.130567,0.121945,0.142433,calls/second,milliseconds
1779971401,92,269.996901,2.906236,2.319559,0.424047,2.874533,3.063911,3.374019,3.374019,3.374019,3.958693,0.103546,0.130567,0.121945,0.142433,calls/second,milliseconds
1779971402,92,269.996901,2.906236,2.319559,0.424047,2.874533,3.063911,3.374019,3.374019,3.374019,3.958693,0.103429,0.130567,0.121945,0.142433,calls/second,milliseconds
1779971403,92,269.996901,2.906236,2.319559,0.424047,2.874533,3.063911,3.374019,3.374019,3.374019,3.958693,0.103313,0.136118,0.123235,0.142752,calls/second,milliseconds
1779971404,92,269.996901,2.906236,2.319559,0.424047,2.874533,3.063911,3.374019,3.374019,3.374019,3.958693,0.103197,0.136118,0.123235,0.142752,calls/second,milliseconds
1779971405,92,269.996901,2.906236,2.319559,0.424047,2.874533,3.063911,3.374019,3.374019,3.374019,3.958693,0.103081,0.136118,0.123235,0.142752,calls/second,milliseconds
1779971406,93,269.996901,2.913130,2.319559,0.402052,2.921415,3.063911,3.344611,3.374019,3.374019,3.958693,0.104085,0.136118,0.123235,0.142752,calls/second,milliseconds
1779971407,93,269.996901,2.913130,2.319559,0.402052,2.921415,3.063911,3.344611,3.374019,3.374019,3.958693,0.103968,0.136118,0.123235,0.142752,calls/second,milliseconds
1779971408,93,269.996901,2.913130,2.319559,0.402052,2.921415,3.063911,3.344611,3.374019,3.374019,3.958693,0.103852,0.141226,0.124504,0.143070,calls/second,milliseconds
1779971409,93,269.996901,2.913130,2.319559,0.402052,2.921415,3.063911,3.344611,3.374019,3.374019,3.958693,0.103736,0.141226,0.124504,0.143070,calls/second,milliseconds
1779971410,93,269.996901,2.913130,2.319559,0.402052,2.921415,3.063911,3.344611,3.374019,3.374019,3.958693,0.103620,0.141226,0.124504,0.143070,calls/second,milliseconds
1779971411,94,269.996901,2.917818,2.319559,0.381630,2.923960,3.028693,3.327903,3.374019,3.374019,3.958693,0.104617,0.141226,0.124504,0.143070,calls/second,milliseconds
1779971412,95,269.996901,2.885700,2.319559,0.377268,2.921415,2.998572,3.327903,3.374019,3.374019,3.958693,0.105613,0.141226,0.124504,0.143070,calls/second,milliseconds
1779971413,95,269.996901,2.885700,2.319559,0.377268,2.921415,2.998572,3.327903,3.374019,3.374019,3.958693,0.105495,0.161916,0.129058,0.144493,calls/second,milliseconds
1779971414,95,269.996901,2.885700,2.319559,0.377268,2.921415,2.998572,3.327903,3.374019,3.374019,3.958693,0.105378,0.161916,0.129058,0.144493,calls/second,milliseconds
1779971415,95,269.996901,2.885700,2.319559,0.377268,2.921415,2.998572,3.327903,3.374019,3.374019,3.958693,0.105261,0.161916,0.129058,0.144493,calls/second,milliseconds
1779971416,95,269.996901,2.885700,2.319559,0.377268,2.921415,2.998572,3.327903,3.374019,3.374019,3.958693,0.105144,0.161916,0.129058,0.144493,calls/second,milliseconds
1779971417,95,269.996901,2.885700,2.319559,0.377268,2.921415,2.998572,3.327903,3.374019,3.374019,3.958693,0.105028,0.161916,0.129058,0.144493,calls/second,milliseconds
1779971418,95,269.996901,2.885700,2.319559,0.377268,2.921415,2.998572,3.327903,3.374019,3.374019,3.958693,0.104912,0.148970,0.126925,0.143692,calls/second,milliseconds
1779971419,95,269.996901,2.885700,2.319559,0.377268,2.921415,2.998572,3.327903,3.374019,3.374019,3.958693,0.104796,0.148970,0.126925,0.143692,calls/second,milliseconds
1779971420,95,269.996901,2.885700,2.319559,0.377268,2.921415,2.998572,3.327903,3.374019,3.374019,3.958693,0.104680,0.148970,0.126925,0.143692,calls/second,milliseconds
1779971421,95,269.996901,2.885700,2.319559,0.377268,2.921415,2.998572,3.327903,3.374019,3.374019,3.958693,0.104565,0.148970,0.126925,0.143692,calls/second,milliseconds
1779971422,96,269.996901,2.886088,2.319559,0.358527,2.889707,2.972950,3.327903,3.374019,3.374019,3.958693,0.105549,0.148970,0.126925,0.143692,calls/second,milliseconds
1779971423,96,269.996901,2.886088,2.319559,0.358527,2.889707,2.972950,3.327903,3.374019,3.374019,3.958693,0.105433,0.153050,0.128132,0.144004,calls/second,milliseconds
1779971424,96,269.996901,2.886088,2.319559,0.358527,2.889707,2.972950,3.327903,3.374019,3.374019,3.958693,0.105317,0.153050,0.128132,0.144004,calls/second,milliseconds
1779971425,96,269.996901,2.886088,2.319559,0.358527,2.889707,2.972950,3.327903,3.374019,3.374019,3.958693,0.105202,0.153050,0.128132,0.144004,calls/second,milliseconds
1779971426,96,269.996901,2.886088,2.319559,0.358527,2.889707,2.972950,3.327903,3.374019,3.374019,3.958693,0.105087,0.153050,0.128132,0.144004,calls/second,milliseconds
1779971427,96,269.996901,2.886088,2.319559,0.358527,2.889707,2.972950,3.327903,3.374019,3.374019,3.958693,0.104971,0.153050,0.128132,0.144004,calls/second,milliseconds
1779971428,96,269.996901,2.886088,2.319559,0.358527,2.889707,2.972950,3.327903,3.374019,3.374019,3.958693,0.104857,0.140813,0.126015,0.143207,calls/second,milliseconds
1779971429,96,269.996901,2.886088,2.319559,0.358527,2.889707,2.972950,3.327903,3.374019,3.374019,3.958693,0.104742,0.140813,0.126015,0.143207,calls/second,milliseconds
1779971430,96,269.996901,2.886088,2.319559,0.358527,2.889707,2.972950,3.327903,3.374019,3.374019,3.958693,0.104628,0.140813,0.126015,0.143207,calls/second,milliseconds
1779971431,96,269.996901,2.886088,2.319559,0.358527,2.889707,2.972950,3.327903,3.374019,3.374019,3.958693,0.104514,0.140813,0.126015,0.143207,calls/second,milliseconds
1779971432,96,269.996901,2.886088,2.319559,0.358527,2.889707,2.972950,3.327903,3.374019,3.374019,3.958693,0.104400,0.140813,0.126015,0.143207,calls/second,milliseconds
1779971433,96,269.996901,2.886088,2.319559,0.358527,2.889707,2.972950,3.327903,3.374019,3.374019,3.958693,0.104286,0.129554,0.123932,0.142413,calls/second,milliseconds
1779971434,96,269.996901,2.886088,2.319559,0.358527,2.889707,2.972950,3.327903,3.374019,3.374019,3.958693,0.104173,0.129554,0.123932,0.142413,calls/second,milliseconds
1779971435,96,269.996901,2.886088,2.319559,0.358527,2.889707,2.972950,3.327903,3.374019,3.374019,3.958693,0.104060,0.129554,0.123932,0.142413,calls/second,milliseconds
1779971436,97,269.996901,2.905957,2.319559,0.343685,2.923960,3.063911,3.327903,3.374019,3.374019,3.958693,0.105030,0.129554,0.123932,0.142413,calls/second,milliseconds
1779971437,97,269.996901,2.905957,2.319559,0.343685,2.923960,3.063911,3.327903,3.374019,3.374019,3.958693,0.104916,0.129554,0.123932,0.142413,calls/second,milliseconds
1779971438,97,269.996901,2.905957,2.319559,0.343685,2.923960,3.063911,3.327903,3.374019,3.374019,3.958693,0.104803,0.135187,0.125189,0.142732,calls/second,milliseconds
1779971439,97,269.996901,2.905957,2.319559,0.343685,2.923960,3.063911,3.327903,3.374019,3.374019,3.958693,0.104689,0.135187,0.125189,0.142732,calls/second,milliseconds
1779971440,97,269.996901,2.905957,2.319559,0.343685,2.923960,3.063911,3.327903,3.374019,3.374019,3.958693,0.104576,0.135187,0.125189,0.142732,calls/second,milliseconds
1779971441,97,269.996901,2.905957,2.319559,0.343685,2.923960,3.063911,3.327903,3.374019,3.374019,3.958693,0.104464,0.135187,0.125189,0.142732,calls/second,milliseconds
1779971442,97,269.996901,2.905957,2.319559,0.343685,2.923960,3.063911,3.327903,3.374019,3.374019,3.958693,0.104351,0.135187,0.125189,0.142732,calls/second,milliseconds
