t,count,max,mean,min,stddev,p50,p75,p95,p98,p99,p999,mean_rate,m1_rate,m5_rate,m15_rate,rate_unit,duration_unit
1779781180,0,0.000000,0.000000,0.000000,0.000000,0.000000,0.000000,0.000000,0.000000,0.000000,0.000000,0.000000,0.000000,0.000000,0.000000,calls/second,milliseconds
1779781181,0,0.000000,0.000000,0.000000,0.000000,0.000000,0.000000,0.000000,0.000000,0.000000,0.000000,0.000000,0.000000,0.000000,0.000000,calls/second,milliseconds
1779781182,0,0.000000,0.000000,0.000000,0.000000,0.000000,0.000000,0.000000,0.000000,0.000000,0.000000,0.000000,0.000000,0.000000,0.000000,calls/second,milliseconds
1779781183,0,0.000000,0.000000,0.000000,0.000000,0.000000,0.000000,0.000000,0.000000,0.000000,0.000000,0.000000,0.000000,0.000000,0.000000,calls/second,milliseconds
1779781184,0,0.000000,0.000000,0.000000,0.000000,0.000000,0.000000,0.000000,0.000000,0.000000,0.000000,0.000000,0.000000,0.000000,0.000000,calls/second,milliseconds
1779781185,0,0.000000,0.000000,0.000000,0.000000,0.000000,0.000000,0.000000,0.000000,0.000000,0.000000,0.000000,0.000000,0.000000,0.000000,calls/second,milliseconds
1779781186,0,0.000000,0.000000,0.000000,0.000000,0.000000,0.000000,0.000000,0.000000,0.000000,0.000000,0.000000,0.000000,0.000000,0.000000,calls/second,milliseconds
1779781187,0,0.000000,0.000000,0.000000,0.000000,0.000000,0.000000,0.000000,0.000000,0.000000,0.000000,0.000000,0.000000,0.000000,0.000000,calls/second,milliseconds
1779781188,0,0.000000,0.000000,0.000000,0.000000,0.000000,0.000000,0.000000,0.000000,0.000000,0.000000,0.000000,0.000000,0.000000,0.000000,calls/second,milliseconds
1779781189,0,0.000000,0.000000,0.000000,0.000000,0.000000,0.000000,0.000000,0.000000,0.000000,0.000000,0.000000,0.000000,0.000000,0.000000,calls/second,milliseconds
1779781190,0,0.000000,0.000000,0.000000,0.000000,0.000000,0.000000,0.000000,0.000000,0.000000,0.000000,0.000000,0.000000,0.000000,0.000000,calls/second,milliseconds
1779781191,0,0.000000,0.000000,0.000000,0.000000,0.000000,0.000000,0.000000,0.000000,0.000000,0.000000,0.000000,0.000000,0.000000,0.000000,calls/second,milliseconds
1779781192,0,0.000000,0.000000,0.000000,0.000000,0.000000,0.000000,0.000000,0.000000,0.000000,0.000000,0.000000,0.000000,0.000000,0.000000,calls/second,milliseconds
1779781193,0,0.000000,0.000000,0.000000,0.000000,0.000000,0.000000,0.000000,0.000000,0.000000,0.000000,0.000000,0.000000,0.000000,0.000000,calls/second,milliseconds
1779781194,0,0.000000,0.000000,0.000000,0.000000,0.000000,0.000000,0.000000,0.000000,0.000000,0.000000,0.000000,0.000000,0.000000,0.000000,calls/second,milliseconds
1779781195,0,0.000000,0.000000,0.000000,0.000000,0.000000,0.000000,0.000000,0.000000,0.000000,0.000000,0.000000,0.000000,0.000000,0.000000,calls/second,milliseconds
1779781196,0,0.000000,0.000000,0.000000,0.000000,0.000000,0.000000,0.000000,0.000000,0.000000,0.000000,0.000000,0.000000,0.000000,0.000000,calls/second,milliseconds
1779781197,0,0.000000,0.000000,0.000000,0.000000,0.000000,0.000000,0.000000,0.000000,0.000000,0.000000,0.000000,0.000000,0.000000,0.000000,calls/second,milliseconds
1779781198,0,0.000000,0.000000,0.000000,0.000000,0.000000,0.000000,0.000000,0.000000,0.000000,0.000000,0.000000,0.000000,0.000000,0.000000,calls/second,milliseconds
1779781199,0,0.000000,0.000000,0.000000,0.000000,0.000000,0.000000,0.000000,0.000000,0.000000,0.000000,0.000000,0.000000,0.000000,0.000000,calls/second,milliseconds
1779781200,0,0.000000,0.000000,0.000000,0.000000,0.000000,0.000000,0.000000,0.000000,0.000000,0.000000,0.000000,0.000000,0.000000,0.000000,calls/second,milliseconds
1779781201,0,0.000000,0.000000,0.000000,0.000000,0.000000,0.000000,0.000000,0.000000,0.000000,0.000000,0.000000,0.000000,0.000000,0.000000,calls/second,milliseconds
1779781202,0,0.000000,0.000000,0.000000,0.000000,0.000000,0.000000,0.000000,0.000000,0.000000,0.000000,0.000000,0.000000,0.000000,0.000000,calls/second,milliseconds
1779781203,0,0.000000,0.000000,0.000000,0.000000,0.000000,0.000000,0.000000,0.000000,0.000000,0.000000,0.000000,0.000000,0.000000,0.000000,calls/second,milliseconds
1779781204,0,0.000000,0.000000,0.000000,0.000000,0.000000,0.000000,0.000000,0.000000,0.000000,0.000000,0.000000,0.000000,0.000000,0.000000,calls/second,milliseconds
1779781205,0,0.000000,0.000000,0.000000,0.000000,0.000000,0.000000,0.000000,0.000000,0.000000,0.000000,0.000000,0.000000,0.000000,0.000000,calls/second,milliseconds
1779781206,0,0.000000,0.000000,0.000000,0.000000,0.000000,0.000000,0.000000,0.000000,0.000000,0.000000,0.000000,0.000000,0.000000,0.000000,calls/second,milliseconds
1779781207,0,0.000000,0.000000,0.000000,0.000000,0.000000,0.000000,0.000000,0.000000,0.000000,0.000000,0.000000,0.000000,0.000000,0.000000,calls/second,milliseconds
1779781208,0,0.000000,0.000000,0.000000,0.000000,0.000000,0.000000,0.000000,0.000000,0.000000,0.000000,0.000000,0.000000,0.000000,0.000000,calls/second,milliseconds
1779781209,0,0.000000,0.000000,0.000000,0.000000,0.000000,0.000000,0.000000,0.000000,0.000000,0.000000,0.000000,0.000000,0.000000,0.000000,calls/second,milliseconds
1779781210,0,0.000000,0.000000,0.000000,0.000000,0.000000,0.000000,0.000000,0.000000,0.000000,0.000000,0.000000,0.000000,0.000000,0.000000,calls/second,milliseconds
1779781211,0,0.000000,0.000000,0.000000,0.000000,0.000000,0.000000,0.000000,0.000000,0.000000,0.000000,0.000000,0.000000,0.000000,0.000000,calls/second,milliseconds
1779781212,0,0.000000,0.000000,0.000000,0.000000,0.000000,0.000000,0.000000,0.000000,0.000000,0.000000,0.000000,0.000000,0.000000,0.000000,calls/second,milliseconds
1779781213,0,0.000000,0.000000,0.000000,0.000000,0.000000,0.000000,0.000000,0.000000,0.000000,0.000000,0.000000,0.000000,0.000000,0.000000,calls/second,milliseconds
1779781214,0,0.000000,0.000000,0.000000,0.000000,0.000000,0.000000,0.000000,0.000000,0.000000,0.000000,0.000000,0.000000,0.000000,0.000000,calls/second,milliseconds
1779781215,0,0.000000,0.000000,0.000000,0.000000,0.000000,0.000000,0.000000,0.000000,0.000000,0.000000,0.000000,0.000000,0.000000,0.000000,calls/second,milliseconds
1779781216,0,0.000000,0.000000,0.000000,0.000000,0.000000,0.000000,0.000000,0.000000,0.000000,0.000000,0.000000,0.000000,0.000000,0.000000,calls/second,milliseconds
1779781217,0,0.000000,0.000000,0.000000,0.000000,0.000000,0.000000,0.000000,0.000000,0.000000,0.000000,0.000000,0.000000,0.000000,0.000000,calls/second,milliseconds
1779781218,0,0.000000,0.000000,0.000000,0.000000,0.000000,0.000000,0.000000,0.000000,0.000000,0.000000,0.000000,0.000000,0.000000,0.000000,calls/second,milliseconds
1779781219,0,0.000000,0.000000,0.000000,0.000000,0.000000,0.000000,0.000000,0.000000,0.000000,0.000000,0.000000,0.000000,0.000000,0.000000,calls/second,milliseconds
1779781220,0,0.000000,0.000000,0.000000,0.000000,0.000000,0.000000,0.000000,0.000000,0.000000,0.000000,0.000000,0.000000,0.000000,0.000000,calls/second,milliseconds
1779781221,0,0.000000,0.000000,0.000000,0.000000,0.000000,0.000000,0.000000,0.000000,0.000000,0.000000,0.000000,0.000000,0.000000,0.000000,calls/second,milliseconds
1779781222,0,0.000000,0.000000,0.000000,0.000000,0.000000,0.000000,0.000000,0.000000,0.000000,0.000000,0.000000,0.000000,0.000000,0.000000,calls/second,milliseconds
1779781223,0,0.000000,0.000000,0.000000,0.000000,0.000000,0.000000,0.000000,0.000000,0.000000,0.000000,0.000000,0.000000,0.000000,0.000000,calls/second,milliseconds
1779781224,0,0.000000,0.000000,0.000000,0.000000,0.000000,0.000000,0.000000,0.000000,0.000000,0.000000,0.000000,0.000000,0.000000,0.000000,calls/second,milliseconds
1779781225,0,0.000000,0.000000,0.000000,0.000000,0.000000,0.000000,0.000000,0.000000,0.000000,0.000000,0.000000,0.000000,0.000000,0.000000,calls/second,milliseconds
1779781226,0,0.000000,0.000000,0.000000,0.000000,0.000000,0.000000,0.000000,0.000000,0.000000,0.000000,0.000000,0.000000,0.000000,0.000000,calls/second,milliseconds
1779781227,0,0.000000,0.000000,0.000000,0.000000,0.000000,0.000000,0.000000,0.000000,0.000000,0.000000,0.000000,0.000000,0.000000,0.000000,calls/second,milliseconds
1779781228,0,0.000000,0.000000,0.000000,0.000000,0.000000,0.000000,0.000000,0.000000,0.000000,0.000000,0.000000,0.000000,0.000000,0.000000,calls/second,milliseconds
1779781229,0,0.000000,0.000000,0.000000,0.000000,0.000000,0.000000,0.000000,0.000000,0.000000,0.000000,0.000000,0.000000,0.000000,0.000000,calls/second,milliseconds
1779781230,0,0.000000,0.000000,0.000000,0.000000,0.000000,0.000000,0.000000,0.000000,0.000000,0.000000,0.000000,0.000000,0.000000,0.000000,calls/second,milliseconds
1779781231,0,0.000000,0.000000,0.000000,0.000000,0.000000,0.000000,0.000000,0.000000,0.000000,0.000000,0.000000,0.000000,0.000000,0.000000,calls/second,milliseconds
1779781232,0,0.000000,0.000000,0.000000,0.000000,0.000000,0.000000,0.000000,0.000000,0.000000,0.000000,0.000000,0.000000,0.000000,0.000000,calls/second,milliseconds
1779781233,0,0.000000,0.000000,0.000000,0.000000,0.000000,0.000000,0.000000,0.000000,0.000000,0.000000,0.000000,0.000000,0.000000,0.000000,calls/second,milliseconds
1779781234,0,0.000000,0.000000,0.000000,0.000000,0.000000,0.000000,0.000000,0.000000,0.000000,0.000000,0.000000,0.000000,0.000000,0.000000,calls/second,milliseconds
1779781235,0,0.000000,0.000000,0.000000,0.000000,0.000000,0.000000,0.000000,0.000000,0.000000,0.000000,0.000000,0.000000,0.000000,0.000000,calls/second,milliseconds
1779781236,0,0.000000,0.000000,0.000000,0.000000,0.000000,0.000000,0.000000,0.000000,0.000000,0.000000,0.000000,0.000000,0.000000,0.000000,calls/second,milliseconds
1779781237,0,0.000000,0.000000,0.000000,0.000000,0.000000,0.000000,0.000000,0.000000,0.000000,0.000000,0.000000,0.000000,0.000000,0.000000,calls/second,milliseconds
1779781238,0,0.000000,0.000000,0.000000,0.000000,0.000000,0.000000,0.000000,0.000000,0.000000,0.000000,0.000000,0.000000,0.000000,0.000000,calls/second,milliseconds
1779781239,0,0.000000,0.000000,0.000000,0.000000,0.000000,0.000000,0.000000,0.000000,0.000000,0.000000,0.000000,0.000000,0.000000,0.000000,calls/second,milliseconds
1779781240,0,0.000000,0.000000,0.000000,0.000000,0.000000,0.000000,0.000000,0.000000,0.000000,0.000000,0.000000,0.000000,0.000000,0.000000,calls/second,milliseconds
1779781241,0,0.000000,0.000000,0.000000,0.000000,0.000000,0.000000,0.000000,0.000000,0.000000,0.000000,0.000000,0.000000,0.000000,0.000000,calls/second,milliseconds
1779781242,0,0.000000,0.000000,0.000000,0.000000,0.000000,0.000000,0.000000,0.000000,0.000000,0.000000,0.000000,0.000000,0.000000,0.000000,calls/second,milliseconds
1779781243,0,0.000000,0.000000,0.000000,0.000000,0.000000,0.000000,0.000000,0.000000,0.000000,0.000000,0.000000,0.000000,0.000000,0.000000,calls/second,milliseconds
1779781244,0,0.000000,0.000000,0.000000,0.000000,0.000000,0.000000,0.000000,0.000000,0.000000,0.000000,0.000000,0.000000,0.000000,0.000000,calls/second,milliseconds
1779781245,0,0.000000,0.000000,0.000000,0.000000,0.000000,0.000000,0.000000,0.000000,0.000000,0.000000,0.000000,0.000000,0.000000,0.000000,calls/second,milliseconds
1779781246,0,0.000000,0.000000,0.000000,0.000000,0.000000,0.000000,0.000000,0.000000,0.000000,0.000000,0.000000,0.000000,0.000000,0.000000,calls/second,milliseconds
1779781247,0,0.000000,0.000000,0.000000,0.000000,0.000000,0.000000,0.000000,0.000000,0.000000,0.000000,0.000000,0.000000,0.000000,0.000000,calls/second,milliseconds
1779781248,0,0.000000,0.000000,0.000000,0.000000,0.000000,0.000000,0.000000,0.000000,0.000000,0.000000,0.000000,0.000000,0.000000,0.000000,calls/second,milliseconds
1779781249,0,0.000000,0.000000,0.000000,0.000000,0.000000,0.000000,0.000000,0.000000,0.000000,0.000000,0.000000,0.000000,0.000000,0.000000,calls/second,milliseconds
1779781250,0,0.000000,0.000000,0.000000,0.000000,0.000000,0.000000,0.000000,0.000000,0.000000,0.000000,0.000000,0.000000,0.000000,0.000000,calls/second,milliseconds
1779781251,0,0.000000,0.000000,0.000000,0.000000,0.000000,0.000000,0.000000,0.000000,0.000000,0.000000,0.000000,0.000000,0.000000,0.000000,calls/second,milliseconds
1779781252,0,0.000000,0.000000,0.000000,0.000000,0.000000,0.000000,0.000000,0.000000,0.000000,0.000000,0.000000,0.000000,0.000000,0.000000,calls/second,milliseconds
1779781253,0,0.000000,0.000000,0.000000,0.000000,0.000000,0.000000,0.000000,0.000000,0.000000,0.000000,0.000000,0.000000,0.000000,0.000000,calls/second,milliseconds
1779781254,0,0.000000,0.000000,0.000000,0.000000,0.000000,0.000000,0.000000,0.000000,0.000000,0.000000,0.000000,0.000000,0.000000,0.000000,calls/second,milliseconds
1779781255,0,0.000000,0.000000,0.000000,0.000000,0.000000,0.000000,0.000000,0.000000,0.000000,0.000000,0.000000,0.000000,0.000000,0.000000,calls/second,milliseconds
1779781256,0,0.000000,0.000000,0.000000,0.000000,0.000000,0.000000,0.000000,0.000000,0.000000,0.000000,0.000000,0.000000,0.000000,0.000000,calls/second,milliseconds
1779781257,5,2.241285,1.918345,1.684224,0.209616,1.911491,2.046454,2.241285,2.241285,2.241285,2.241285,0.064320,0.000000,0.000000,0.000000,calls/second,milliseconds
1779781258,5,2.241285,1.918345,1.684224,0.209616,1.911491,2.046454,2.241285,2.241285,2.241285,2.241285,0.063502,0.000000,0.000000,0.000000,calls/second,milliseconds
1779781259,5,2.241285,1.918345,1.684224,0.209616,1.911491,2.046454,2.241285,2.241285,2.241285,2.241285,0.062704,0.000000,0.000000,0.000000,calls/second,milliseconds
1779781260,5,2.241285,1.918345,1.684224,0.209616,1.911491,2.046454,2.241285,2.241285,2.241285,2.241285,0.061926,0.079956,0.016529,0.005540,calls/second,milliseconds
1779781261,5,2.241285,1.918345,1.684224,0.209616,1.911491,2.046454,2.241285,2.241285,2.241285,2.241285,0.061167,0.079956,0.016529,0.005540,calls/second,milliseconds
1779781262,5,2.241285,1.918345,1.684224,0.209616,1.911491,2.046454,2.241285,2.241285,2.241285,2.241285,0.060426,0.079956,0.016529,0.005540,calls/second,milliseconds
1779781263,5,2.241285,1.918345,1.684224,0.209616,1.911491,2.046454,2.241285,2.241285,2.241285,2.241285,0.059704,0.079956,0.016529,0.005540,calls/second,milliseconds
1779781264,5,2.241285,1.918345,1.684224,0.209616,1.911491,2.046454,2.241285,2.241285,2.241285,2.241285,0.058998,0.079956,0.016529,0.005540,calls/second,milliseconds
1779781265,5,2.241285,1.918345,1.684224,0.209616,1.911491,2.046454,2.241285,2.241285,2.241285,2.241285,0.058309,0.073563,0.016255,0.005509,calls/second,milliseconds
1779781266,5,2.241285,1.918345,1.684224,0.209616,1.911491,2.046454,2.241285,2.241285,2.241285,2.241285,0.057635,0.073563,0.016255,0.005509,calls/second,milliseconds
1779781267,10,2.241285,1.034806,0.255710,0.832086,0.297947,1.911491,2.241285,2.241285,2.241285,2.241285,0.113955,0.073563,0.016255,0.005509,calls/second,milliseconds
1779781268,15,2.241285,0.692793,0.063730,0.810462,0.278807,1.684224,2.241285,2.241285,2.241285,2.241285,0.169003,0.073563,0.016255,0.005509,calls/second,milliseconds
1779781269,15,2.241285,0.692793,0.063730,0.810462,0.278807,1.684224,2.241285,2.241285,2.241285,2.241285,0.167116,0.073563,0.016255,0.005509,calls/second,milliseconds
1779781270,15,2.241285,0.692793,0.063730,0.810462,0.278807,1.684224,2.241285,2.241285,2.241285,2.241285,0.165271,0.227592,0.049044,0.016559,calls/second,milliseconds
1779781271,15,2.241285,0.692793,0.063730,0.810462,0.278807,1.684224,2.241285,2.241285,2.241285,2.241285,0.163466,0.227592,0.049044,0.016559,calls/second,milliseconds
1779781272,15,2.241285,0.692793,0.063730,0.810462,0.278807,1.684224,2.241285,2.241285,2.241285,2.241285,0.161702,0.227592,0.049044,0.016559,calls/second,milliseconds
1779781273,15,2.241285,0.692793,0.063730,0.810462,0.278807,1.684224,2.241285,2.241285,2.241285,2.241285,0.159975,0.227592,0.049044,0.016559,calls/second,milliseconds
1779781274,15,2.241285,0.692793,0.063730,0.810462,0.278807,1.684224,2.241285,2.241285,2.241285,2.241285,0.158283,0.227592,0.049044,0.016559,calls/second,milliseconds
1779781275,15,2.241285,0.692793,0.063730,0.810462,0.278807,1.684224,2.241285,2.241285,2.241285,2.241285,0.156627,0.209395,0.048233,0.016467,calls/second,milliseconds
1779781276,15,2.241285,0.692793,0.063730,0.810462,0.278807,1.684224,2.241285,2.241285,2.241285,2.241285,0.155007,0.209395,0.048233,0.016467,calls/second,milliseconds
1779781277,15,2.241285,0.692793,0.063730,0.810462,0.278807,1.684224,2.241285,2.241285,2.241285,2.241285,0.153418,0.209395,0.048233,0.016467,calls/second,milliseconds
1779781278,15,2.241285,0.692793,0.063730,0.810462,0.278807,1.684224,2.241285,2.241285,2.241285,2.241285,0.151863,0.209395,0.048233,0.016467,calls/second,milliseconds
1779781279,15,2.241285,0.692793,0.063730,0.810462,0.278807,1.684224,2.241285,2.241285,2.241285,2.241285,0.150338,0.209395,0.048233,0.016467,calls/second,milliseconds
1779781280,15,2.241285,0.692793,0.063730,0.810462,0.278807,1.684224,2.241285,2.241285,2.241285,2.241285,0.148844,0.192653,0.047436,0.016376,calls/second,milliseconds
1779781281,15,2.241285,0.692793,0.063730,0.810462,0.278807,1.684224,2.241285,2.241285,2.241285,2.241285,0.147380,0.192653,0.047436,0.016376,calls/second,milliseconds
1779781282,15,2.241285,0.692793,0.063730,0.810462,0.278807,1.684224,2.241285,2.241285,2.241285,2.241285,0.145943,0.192653,0.047436,0.016376,calls/second,milliseconds
1779781283,15,2.241285,0.692793,0.063730,0.810462,0.278807,1.684224,2.241285,2.241285,2.241285,2.241285,0.144534,0.192653,0.047436,0.016376,calls/second,milliseconds
1779781284,15,2.241285,0.692793,0.063730,0.810462,0.278807,1.684224,2.241285,2.241285,2.241285,2.241285,0.143153,0.192653,0.047436,0.016376,calls/second,milliseconds
1779781285,15,2.241285,0.692793,0.063730,0.810462,0.278807,1.684224,2.241285,2.241285,2.241285,2.241285,0.141798,0.177249,0.046652,0.016286,calls/second,milliseconds
1779781286,15,2.241285,0.692793,0.063730,0.810462,0.278807,1.684224,2.241285,2.241285,2.241285,2.241285,0.140467,0.177249,0.046652,0.016286,calls/second,milliseconds
1779781287,15,2.241285,0.692793,0.063730,0.810462,0.278807,1.684224,2.241285,2.241285,2.241285,2.241285,0.139162,0.177249,0.046652,0.016286,calls/second,milliseconds
1779781288,15,2.241285,0.692793,0.063730,0.810462,0.278807,1.684224,2.241285,2.241285,2.241285,2.241285,0.137880,0.177249,0.046652,0.016286,calls/second,milliseconds
1779781289,15,2.241285,0.692793,0.063730,0.810462,0.278807,1.684224,2.241285,2.241285,2.241285,2.241285,0.136622,0.177249,0.046652,0.016286,calls/second,milliseconds
1779781290,15,2.241285,0.692793,0.063730,0.810462,0.278807,1.684224,2.241285,2.241285,2.241285,2.241285,0.135386,0.163077,0.045881,0.016195,calls/second,milliseconds
1779781291,15,2.241285,0.692793,0.063730,0.810462,0.278807,1.684224,2.241285,2.241285,2.241285,2.241285,0.134173,0.163077,0.045881,0.016195,calls/second,milliseconds
1779781292,15,2.241285,0.692793,0.063730,0.810462,0.278807,1.684224,2.241285,2.241285,2.241285,2.241285,0.132982,0.163077,0.045881,0.016195,calls/second,milliseconds
1779781293,15,2.241285,0.692793,0.063730,0.810462,0.278807,1.684224,2.241285,2.241285,2.241285,2.241285,0.131811,0.163077,0.045881,0.016195,calls/second,milliseconds
1779781294,20,2.241285,0.560834,0.063730,0.683012,0.278807,0.350820,2.046454,2.241285,2.241285,2.241285,0.174215,0.163077,0.045881,0.016195,calls/second,milliseconds
1779781295,20,2.241285,0.560834,0.063730,0.683012,0.278807,0.350820,2.046454,2.241285,2.241285,2.241285,0.172708,0.229994,0.061651,0.021646,calls/second,milliseconds
1779781296,20,2.241285,0.560834,0.063730,0.683012,0.278807,0.350820,2.046454,2.241285,2.241285,2.241285,0.171228,0.229994,0.061651,0.021646,calls/second,milliseconds
1779781297,20,2.241285,0.560834,0.063730,0.683012,0.278807,0.350820,2.046454,2.241285,2.241285,2.241285,0.169772,0.229994,0.061651,0.021646,calls/second,milliseconds
1779781298,20,2.241285,0.560834,0.063730,0.683012,0.278807,0.350820,2.046454,2.241285,2.241285,2.241285,0.168341,0.229994,0.061651,0.021646,calls/second,milliseconds
1779781299,20,2.241285,0.560834,0.063730,0.683012,0.278807,0.350820,2.046454,2.241285,2.241285,2.241285,0.166934,0.229994,0.061651,0.021646,calls/second,milliseconds
1779781300,20,2.241285,0.560834,0.063730,0.683012,0.278807,0.350820,2.046454,2.241285,2.241285,2.241285,0.165550,0.211604,0.060632,0.021526,calls/second,milliseconds
1779781301,20,2.241285,0.560834,0.063730,0.683012,0.278807,0.350820,2.046454,2.241285,2.241285,2.241285,0.164188,0.211604,0.060632,0.021526,calls/second,milliseconds
1779781302,20,2.241285,0.560834,0.063730,0.683012,0.278807,0.350820,2.046454,2.241285,2.241285,2.241285,0.162850,0.211604,0.060632,0.021526,calls/second,milliseconds
1779781303,25,2.241285,0.477480,0.063730,0.592983,0.277073,0.297947,2.046454,2.241285,2.241285,2.241285,0.201915,0.211604,0.060632,0.021526,calls/second,milliseconds
1779781304,25,2.241285,0.477480,0.063730,0.592983,0.277073,0.297947,2.046454,2.241285,2.241285,2.241285,0.200293,0.211604,0.060632,0.021526,calls/second,milliseconds
1779781305,30,2.241285,0.384631,0.056741,0.549075,0.266999,0.290757,1.911491,2.241285,2.241285,2.241285,0.238438,0.274641,0.076158,0.026947,calls/second,milliseconds
1779781306,30,2.241285,0.384631,0.056741,0.549075,0.266999,0.290757,1.911491,2.241285,2.241285,2.241285,0.236555,0.274641,0.076158,0.026947,calls/second,milliseconds
1779781307,30,2.241285,0.384631,0.056741,0.549075,0.266999,0.290757,1.911491,2.241285,2.241285,2.241285,0.234702,0.274641,0.076158,0.026947,calls/second,milliseconds
1779781308,30,2.241285,0.384631,0.056741,0.549075,0.266999,0.290757,1.911491,2.241285,2.241285,2.241285,0.232877,0.274641,0.076158,0.026947,calls/second,milliseconds
1779781309,30,2.241285,0.384631,0.056741,0.549075,0.266999,0.290757,1.911491,2.241285,2.241285,2.241285,0.231081,0.274641,0.076158,0.026947,calls/second,milliseconds
1779781310,30,2.241285,0.384631,0.056741,0.549075,0.266999,0.290757,1.911491,2.241285,2.241285,2.241285,0.229311,0.332637,0.091428,0.032338,calls/second,milliseconds
1779781311,35,2.241285,0.363264,0.056741,0.494422,0.266999,0.293248,1.911491,2.046454,2.241285,2.241285,0.265497,0.332637,0.091428,0.032338,calls/second,milliseconds
1779781312,35,2.241285,0.363264,0.056741,0.494422,0.266999,0.293248,1.911491,2.046454,2.241285,2.241285,0.263494,0.332637,0.091428,0.032338,calls/second,milliseconds
1779781313,35,2.241285,0.363264,0.056741,0.494422,0.266999,0.293248,1.911491,2.046454,2.241285,2.241285,0.261522,0.332637,0.091428,0.032338,calls/second,milliseconds
1779781314,35,2.241285,0.363264,0.056741,0.494422,0.266999,0.293248,1.911491,2.046454,2.241285,2.241285,0.259580,0.332637,0.091428,0.032338,calls/second,milliseconds
1779781315,35,2.241285,0.363264,0.056741,0.494422,0.266999,0.293248,1.911491,2.046454,2.241285,2.241285,0.257666,0.385997,0.106446,0.037699,calls/second,milliseconds
1779781316,35,2.241285,0.363264,0.056741,0.494422,0.266999,0.293248,1.911491,2.046454,2.241285,2.241285,0.255781,0.385997,0.106446,0.037699,calls/second,milliseconds
1779781317,35,2.241285,0.363264,0.056741,0.494422,0.266999,0.293248,1.911491,2.046454,2.241285,2.241285,0.253922,0.385997,0.106446,0.037699,calls/second,milliseconds
1779781318,35,2.241285,0.363264,0.056741,0.494422,0.266999,0.293248,1.911491,2.046454,2.241285,2.241285,0.252091,0.385997,0.106446,0.037699,calls/second,milliseconds
1779781319,35,2.241285,0.363264,0.056741,0.494422,0.266999,0.293248,1.911491,2.046454,2.241285,2.241285,0.250286,0.385997,0.106446,0.037699,calls/second,milliseconds
1779781320,40,2.241285,0.343638,0.056741,0.448395,0.268948,0.293248,1.708269,2.046454,2.241285,2.241285,0.284007,0.355134,0.104686,0.037490,calls/second,milliseconds
1779781321,40,2.241285,0.343638,0.056741,0.448395,0.268948,0.293248,1.708269,2.046454,2.241285,2.241285,0.282001,0.355134,0.104686,0.037490,calls/second,milliseconds
1779781322,45,2.241285,0.306619,0.056741,0.419559,0.255710,0.287718,1.684224,2.046454,2.241285,2.241285,0.315026,0.355134,0.104686,0.037490,calls/second,milliseconds
1779781323,45,2.241285,0.306619,0.056741,0.419559,0.255710,0.287718,1.684224,2.046454,2.241285,2.241285,0.312833,0.355134,0.104686,0.037490,calls/second,milliseconds
1779781324,45,2.241285,0.306619,0.056741,0.419559,0.255710,0.287718,1.684224,2.046454,2.241285,2.241285,0.310668,0.355134,0.104686,0.037490,calls/second,milliseconds
1779781325,45,2.241285,0.306619,0.056741,0.419559,0.255710,0.287718,1.684224,2.046454,2.241285,2.241285,0.308535,0.486650,0.136013,0.048362,calls/second,milliseconds
1779781326,45,2.241285,0.306619,0.056741,0.419559,0.255710,0.287718,1.684224,2.046454,2.241285,2.241285,0.306429,0.486650,0.136013,0.048362,calls/second,milliseconds
1779781327,45,2.241285,0.306619,0.056741,0.419559,0.255710,0.287718,1.684224,2.046454,2.241285,2.241285,0.304354,0.486650,0.136013,0.048362,calls/second,milliseconds
1779781328,45,2.241285,0.306619,0.056741,0.419559,0.255710,0.287718,1.684224,2.046454,2.241285,2.241285,0.302306,0.486650,0.136013,0.048362,calls/second,milliseconds
1779781329,45,2.241285,0.306619,0.056741,0.419559,0.255710,0.287718,1.684224,2.046454,2.241285,2.241285,0.300285,0.486650,0.136013,0.048362,calls/second,milliseconds
1779781330,45,2.241285,0.306619,0.056741,0.419559,0.255710,0.287718,1.684224,2.046454,2.241285,2.241285,0.298292,0.447740,0.133765,0.048094,calls/second,milliseconds
1779781331,45,2.241285,0.306619,0.056741,0.419559,0.255710,0.287718,1.684224,2.046454,2.241285,2.241285,0.296307,0.447740,0.133765,0.048094,calls/second,milliseconds
1779781332,45,2.241285,0.306619,0.056741,0.419559,0.255710,0.287718,1.684224,2.046454,2.241285,2.241285,0.294365,0.447740,0.133765,0.048094,calls/second,milliseconds
1779781333,45,2.241285,0.306619,0.056741,0.419559,0.255710,0.287718,1.684224,2.046454,2.241285,2.241285,0.292450,0.447740,0.133765,0.048094,calls/second,milliseconds
1779781334,45,2.241285,0.306619,0.056741,0.419559,0.255710,0.287718,1.684224,2.046454,2.241285,2.241285,0.290559,0.447740,0.133765,0.048094,calls/second,milliseconds
1779781335,45,2.241285,0.306619,0.056741,0.419559,0.255710,0.287718,1.684224,2.046454,2.241285,2.241285,0.288692,0.411941,0.131554,0.047828,calls/second,milliseconds
1779781336,45,2.241285,0.306619,0.056741,0.419559,0.255710,0.287718,1.684224,2.046454,2.241285,2.241285,0.286849,0.411941,0.131554,0.047828,calls/second,milliseconds
1779781337,45,2.241285,0.306619,0.056741,0.419559,0.255710,0.287718,1.684224,2.046454,2.241285,2.241285,0.285030,0.411941,0.131554,0.047828,calls/second,milliseconds
1779781338,45,2.241285,0.306619,0.056741,0.419559,0.255710,0.287718,1.684224,2.046454,2.241285,2.241285,0.283233,0.411941,0.131554,0.047828,calls/second,milliseconds
1779781339,45,2.241285,0.306619,0.056741,0.419559,0.255710,0.287718,1.684224,2.046454,2.241285,2.241285,0.281460,0.411941,0.131554,0.047828,calls/second,milliseconds
1779781340,45,2.241285,0.306619,0.056741,0.419559,0.255710,0.287718,1.684224,2.046454,2.241285,2.241285,0.279707,0.379004,0.129379,0.047563,calls/second,milliseconds
1779781341,45,2.241285,0.306619,0.056741,0.419559,0.255710,0.287718,1.684224,2.046454,2.241285,2.241285,0.277976,0.379004,0.129379,0.047563,calls/second,milliseconds
1779781342,45,2.241285,0.306619,0.056741,0.419559,0.255710,0.287718,1.684224,2.046454,2.241285,2.241285,0.276267,0.379004,0.129379,0.047563,calls/second,milliseconds
1779781343,45,2.241285,0.306619,0.056741,0.419559,0.255710,0.287718,1.684224,2.046454,2.241285,2.241285,0.274577,0.379004,0.129379,0.047563,calls/second,milliseconds
1779781344,45,2.241285,0.306619,0.056741,0.419559,0.255710,0.287718,1.684224,2.046454,2.241285,2.241285,0.272909,0.379004,0.129379,0.047563,calls/second,milliseconds
1779781345,45,2.241285,0.306619,0.056741,0.419559,0.255710,0.287718,1.684224,2.046454,2.241285,2.241285,0.271261,0.348700,0.127241,0.047299,calls/second,milliseconds
1779781346,45,2.241285,0.306619,0.056741,0.419559,0.255710,0.287718,1.684224,2.046454,2.241285,2.241285,0.269633,0.348700,0.127241,0.047299,calls/second,milliseconds
1779781347,45,2.241285,0.306619,0.056741,0.419559,0.255710,0.287718,1.684224,2.046454,2.241285,2.241285,0.268025,0.348700,0.127241,0.047299,calls/second,milliseconds
1779781348,45,2.241285,0.306619,0.056741,0.419559,0.255710,0.287718,1.684224,2.046454,2.241285,2.241285,0.266436,0.348700,0.127241,0.047299,calls/second,milliseconds
1779781349,45,2.241285,0.306619,0.056741,0.419559,0.255710,0.287718,1.684224,2.046454,2.241285,2.241285,0.264865,0.348700,0.127241,0.047299,calls/second,milliseconds
1779781350,45,2.241285,0.306619,0.056741,0.419559,0.255710,0.287718,1.684224,2.046454,2.241285,2.241285,0.263313,0.320820,0.125138,0.047037,calls/second,milliseconds
1779781351,45,2.241285,0.306619,0.056741,0.419559,0.255710,0.287718,1.684224,2.046454,2.241285,2.241285,0.261779,0.320820,0.125138,0.047037,calls/second,milliseconds
1779781352,45,2.241285,0.306619,0.056741,0.419559,0.255710,0.287718,1.684224,2.046454,2.241285,2.241285,0.260263,0.320820,0.125138,0.047037,calls/second,milliseconds
1779781353,45,2.241285,0.306619,0.056741,0.419559,0.255710,0.287718,1.684224,2.046454,2.241285,2.241285,0.258765,0.320820,0.125138,0.047037,calls/second,milliseconds
1779781354,45,2.241285,0.306619,0.056741,0.419559,0.255710,0.287718,1.684224,2.046454,2.241285,2.241285,0.257283,0.320820,0.125138,0.047037,calls/second,milliseconds
1779781355,45,2.241285,0.306619,0.056741,0.419559,0.255710,0.287718,1.684224,2.046454,2.241285,2.241285,0.255819,0.295168,0.123070,0.046777,calls/second,milliseconds
1779781356,45,2.241285,0.306619,0.056741,0.419559,0.255710,0.287718,1.684224,2.046454,2.241285,2.241285,0.254370,0.295168,0.123070,0.046777,calls/second,milliseconds
1779781357,45,2.241285,0.306619,0.056741,0.419559,0.255710,0.287718,1.684224,2.046454,2.241285,2.241285,0.252938,0.295168,0.123070,0.046777,calls/second,milliseconds
1779781358,45,2.241285,0.306619,0.056741,0.419559,0.255710,0.287718,1.684224,2.046454,2.241285,2.241285,0.251523,0.295168,0.123070,0.046777,calls/second,milliseconds
1779781359,45,2.241285,0.306619,0.056741,0.419559,0.255710,0.287718,1.684224,2.046454,2.241285,2.241285,0.250123,0.295168,0.123070,0.046777,calls/second,milliseconds
1779781360,45,2.241285,0.306619,0.056741,0.419559,0.255710,0.287718,1.684224,2.046454,2.241285,2.241285,0.248738,0.271568,0.121035,0.046518,calls/second,milliseconds
1779781361,45,2.241285,0.306619,0.056741,0.419559,0.255710,0.287718,1.684224,2.046454,2.241285,2.241285,0.247369,0.271568,0.121035,0.046518,calls/second,milliseconds
1779781362,45,2.241285,0.306619,0.056741,0.419559,0.255710,0.287718,1.684224,2.046454,2.241285,2.241285,0.246015,0.271568,0.121035,0.046518,calls/second,milliseconds
1779781363,45,2.241285,0.306619,0.056741,0.419559,0.255710,0.287718,1.684224,2.046454,2.241285,2.241285,0.244676,0.271568,0.121035,0.046518,calls/second,milliseconds
1779781364,45,2.241285,0.306619,0.056741,0.419559,0.255710,0.287718,1.684224,2.046454,2.241285,2.241285,0.243351,0.271568,0.121035,0.046518,calls/second,milliseconds
1779781365,45,2.241285,0.306619,0.056741,0.419559,0.255710,0.287718,1.684224,2.046454,2.241285,2.241285,0.242040,0.249855,0.119035,0.046260,calls/second,milliseconds
1779781366,45,2.241285,0.306619,0.056741,0.419559,0.255710,0.287718,1.684224,2.046454,2.241285,2.241285,0.240743,0.249855,0.119035,0.046260,calls/second,milliseconds
1779781367,45,2.241285,0.306619,0.056741,0.419559,0.255710,0.287718,1.684224,2.046454,2.241285,2.241285,0.239460,0.249855,0.119035,0.046260,calls/second,milliseconds
1779781368,45,2.241285,0.306619,0.056741,0.419559,0.255710,0.287718,1.684224,2.046454,2.241285,2.241285,0.238191,0.249855,0.119035,0.046260,calls/second,milliseconds
1779781369,45,2.241285,0.306619,0.056741,0.419559,0.255710,0.287718,1.684224,2.046454,2.241285,2.241285,0.236935,0.249855,0.119035,0.046260,calls/second,milliseconds
1779781370,45,2.241285,0.306619,0.056741,0.419559,0.255710,0.287718,1.684224,2.046454,2.241285,2.241285,0.235693,0.229877,0.117067,0.046004,calls/second,milliseconds
1779781371,45,2.241285,0.306619,0.056741,0.419559,0.255710,0.287718,1.684224,2.046454,2.241285,2.241285,0.234462,0.229877,0.117067,0.046004,calls/second,milliseconds
1779781372,45,2.241285,0.306619,0.056741,0.419559,0.255710,0.287718,1.684224,2.046454,2.241285,2.241285,0.233245,0.229877,0.117067,0.046004,calls/second,milliseconds
1779781373,45,2.241285,0.306619,0.056741,0.419559,0.255710,0.287718,1.684224,2.046454,2.241285,2.241285,0.232040,0.229877,0.117067,0.046004,calls/second,milliseconds
1779781374,45,2.241285,0.306619,0.056741,0.419559,0.255710,0.287718,1.684224,2.046454,2.241285,2.241285,0.230848,0.229877,0.117067,0.046004,calls/second,milliseconds
1779781375,45,2.241285,0.306619,0.056741,0.419559,0.255710,0.287718,1.684224,2.046454,2.241285,2.241285,0.229667,0.211497,0.115132,0.045749,calls/second,milliseconds
1779781376,45,2.241285,0.306619,0.056741,0.419559,0.255710,0.287718,1.684224,2.046454,2.241285,2.241285,0.228499,0.211497,0.115132,0.045749,calls/second,milliseconds
1779781377,45,2.241285,0.306619,0.056741,0.419559,0.255710,0.287718,1.684224,2.046454,2.241285,2.241285,0.227343,0.211497,0.115132,0.045749,calls/second,milliseconds
1779781378,45,2.241285,0.306619,0.056741,0.419559,0.255710,0.287718,1.684224,2.046454,2.241285,2.241285,0.226199,0.211497,0.115132,0.045749,calls/second,milliseconds
1779781379,45,2.241285,0.306619,0.056741,0.419559,0.255710,0.287718,1.684224,2.046454,2.241285,2.241285,0.225066,0.211497,0.115132,0.045749,calls/second,milliseconds
1779781380,45,2.241285,0.306619,0.056741,0.419559,0.255710,0.287718,1.684224,2.046454,2.241285,2.241285,0.223945,0.194587,0.113229,0.045495,calls/second,milliseconds
1779781381,45,2.241285,0.306619,0.056741,0.419559,0.255710,0.287718,1.684224,2.046454,2.241285,2.241285,0.222834,0.194587,0.113229,0.045495,calls/second,milliseconds
1779781382,45,2.241285,0.306619,0.056741,0.419559,0.255710,0.287718,1.684224,2.046454,2.241285,2.241285,0.221735,0.194587,0.113229,0.045495,calls/second,milliseconds
1779781383,45,2.241285,0.306619,0.056741,0.419559,0.255710,0.287718,1.684224,2.046454,2.241285,2.241285,0.220646,0.194587,0.113229,0.045495,calls/second,milliseconds
1779781384,45,2.241285,0.306619,0.056741,0.419559,0.255710,0.287718,1.684224,2.046454,2.241285,2.241285,0.219568,0.194587,0.113229,0.045495,calls/second,milliseconds
1779781385,45,2.241285,0.306619,0.056741,0.419559,0.255710,0.287718,1.684224,2.046454,2.241285,2.241285,0.218500,0.179029,0.111358,0.045243,calls/second,milliseconds
1779781386,45,2.241285,0.306619,0.056741,0.419559,0.255710,0.287718,1.684224,2.046454,2.241285,2.241285,0.217443,0.179029,0.111358,0.045243,calls/second,milliseconds
1779781387,45,2.241285,0.306619,0.056741,0.419559,0.255710,0.287718,1.684224,2.046454,2.241285,2.241285,0.216396,0.179029,0.111358,0.045243,calls/second,milliseconds
1779781388,45,2.241285,0.306619,0.056741,0.419559,0.255710,0.287718,1.684224,2.046454,2.241285,2.241285,0.215359,0.179029,0.111358,0.045243,calls/second,milliseconds
1779781389,45,2.241285,0.306619,0.056741,0.419559,0.255710,0.287718,1.684224,2.046454,2.241285,2.241285,0.214331,0.179029,0.111358,0.045243,calls/second,milliseconds
1779781390,45,2.241285,0.306619,0.056741,0.419559,0.255710,0.287718,1.684224,2.046454,2.241285,2.241285,0.213314,0.164714,0.109517,0.044993,calls/second,milliseconds
1779781391,45,2.241285,0.306619,0.056741,0.419559,0.255710,0.287718,1.684224,2.046454,2.241285,2.241285,0.212306,0.164714,0.109517,0.044993,calls/second,milliseconds
1779781392,45,2.241285,0.306619,0.056741,0.419559,0.255710,0.287718,1.684224,2.046454,2.241285,2.241285,0.211307,0.164714,0.109517,0.044993,calls/second,milliseconds
1779781393,45,2.241285,0.306619,0.056741,0.419559,0.255710,0.287718,1.684224,2.046454,2.241285,2.241285,0.210318,0.164714,0.109517,0.044993,calls/second,milliseconds
1779781394,45,2.241285,0.306619,0.056741,0.419559,0.255710,0.287718,1.684224,2.046454,2.241285,2.241285,0.209338,0.164714,0.109517,0.044993,calls/second,milliseconds
1779781395,45,2.241285,0.306619,0.056741,0.419559,0.255710,0.287718,1.684224,2.046454,2.241285,2.241285,0.208367,0.151545,0.107707,0.044743,calls/second,milliseconds
1779781396,45,2.241285,0.306619,0.056741,0.419559,0.255710,0.287718,1.684224,2.046454,2.241285,2.241285,0.207405,0.151545,0.107707,0.044743,calls/second,milliseconds
1779781397,45,2.241285,0.306619,0.056741,0.419559,0.255710,0.287718,1.684224,2.046454,2.241285,2.241285,0.206453,0.151545,0.107707,0.044743,calls/second,milliseconds
1779781398,45,2.241285,0.306619,0.056741,0.419559,0.255710,0.287718,1.684224,2.046454,2.241285,2.241285,0.205508,0.151545,0.107707,0.044743,calls/second,milliseconds
1779781399,45,2.241285,0.306619,0.056741,0.419559,0.255710,0.287718,1.684224,2.046454,2.241285,2.241285,0.204573,0.151545,0.107707,0.044743,calls/second,milliseconds
1779781400,45,2.241285,0.306619,0.056741,0.419559,0.255710,0.287718,1.684224,2.046454,2.241285,2.241285,0.203645,0.139428,0.105927,0.044495,calls/second,milliseconds
1779781401,45,2.241285,0.306619,0.056741,0.419559,0.255710,0.287718,1.684224,2.046454,2.241285,2.241285,0.202726,0.139428,0.105927,0.044495,calls/second,milliseconds
1779781402,45,2.241285,0.306619,0.056741,0.419559,0.255710,0.287718,1.684224,2.046454,2.241285,2.241285,0.201815,0.139428,0.105927,0.044495,calls/second,milliseconds
1779781403,45,2.241285,0.306619,0.056741,0.419559,0.255710,0.287718,1.684224,2.046454,2.241285,2.241285,0.200913,0.139428,0.105927,0.044495,calls/second,milliseconds
1779781404,45,2.241285,0.306619,0.056741,0.419559,0.255710,0.287718,1.684224,2.046454,2.241285,2.241285,0.200019,0.139428,0.105927,0.044495,calls/second,milliseconds
1779781405,45,2.241285,0.306619,0.056741,0.419559,0.255710,0.287718,1.684224,2.046454,2.241285,2.241285,0.199132,0.128280,0.104176,0.044249,calls/second,milliseconds
1779781406,45,2.241285,0.306619,0.056741,0.419559,0.255710,0.287718,1.684224,2.046454,2.241285,2.241285,0.198253,0.128280,0.104176,0.044249,calls/second,milliseconds
1779781407,45,2.241285,0.306619,0.056741,0.419559,0.255710,0.287718,1.684224,2.046454,2.241285,2.241285,0.197382,0.128280,0.104176,0.044249,calls/second,milliseconds
1779781408,45,2.241285,0.306619,0.056741,0.419559,0.255710,0.287718,1.684224,2.046454,2.241285,2.241285,0.196519,0.128280,0.104176,0.044249,calls/second,milliseconds
1779781409,45,2.241285,0.306619,0.056741,0.419559,0.255710,0.287718,1.684224,2.046454,2.241285,2.241285,0.195664,0.128280,0.104176,0.044249,calls/second,milliseconds
1779781410,45,2.241285,0.306619,0.056741,0.419559,0.255710,0.287718,1.684224,2.046454,2.241285,2.241285,0.194815,0.118023,0.102454,0.044004,calls/second,milliseconds
1779781411,45,2.241285,0.306619,0.056741,0.419559,0.255710,0.287718,1.684224,2.046454,2.241285,2.241285,0.193974,0.118023,0.102454,0.044004,calls/second,milliseconds
1779781412,45,2.241285,0.306619,0.056741,0.419559,0.255710,0.287718,1.684224,2.046454,2.241285,2.241285,0.193141,0.118023,0.102454,0.044004,calls/second,milliseconds
1779781413,45,2.241285,0.306619,0.056741,0.419559,0.255710,0.287718,1.684224,2.046454,2.241285,2.241285,0.192314,0.118023,0.102454,0.044004,calls/second,milliseconds
1779781414,45,2.241285,0.306619,0.056741,0.419559,0.255710,0.287718,1.684224,2.046454,2.241285,2.241285,0.191495,0.118023,0.102454,0.044004,calls/second,milliseconds
1779781415,45,2.241285,0.306619,0.056741,0.419559,0.255710,0.287718,1.684224,2.046454,2.241285,2.241285,0.190682,0.108586,0.100761,0.043760,calls/second,milliseconds
1779781416,45,2.241285,0.306619,0.056741,0.419559,0.255710,0.287718,1.684224,2.046454,2.241285,2.241285,0.189876,0.108586,0.100761,0.043760,calls/second,milliseconds
1779781417,45,2.241285,0.306619,0.056741,0.419559,0.255710,0.287718,1.684224,2.046454,2.241285,2.241285,0.189077,0.108586,0.100761,0.043760,calls/second,milliseconds
1779781418,45,2.241285,0.306619,0.056741,0.419559,0.255710,0.287718,1.684224,2.046454,2.241285,2.241285,0.188285,0.108586,0.100761,0.043760,calls/second,milliseconds
1779781419,45,2.241285,0.306619,0.056741,0.419559,0.255710,0.287718,1.684224,2.046454,2.241285,2.241285,0.187499,0.099904,0.099095,0.043518,calls/second,milliseconds
1779781420,45,2.241285,0.306619,0.056741,0.419559,0.255710,0.287718,1.684224,2.046454,2.241285,2.241285,0.186720,0.099904,0.099095,0.043518,calls/second,milliseconds
1779781421,45,2.241285,0.306619,0.056741,0.419559,0.255710,0.287718,1.684224,2.046454,2.241285,2.241285,0.185947,0.099904,0.099095,0.043518,calls/second,milliseconds
1779781422,45,2.241285,0.306619,0.056741,0.419559,0.255710,0.287718,1.684224,2.046454,2.241285,2.241285,0.185181,0.099904,0.099095,0.043518,calls/second,milliseconds
1779781423,45,2.241285,0.306619,0.056741,0.419559,0.255710,0.287718,1.684224,2.046454,2.241285,2.241285,0.184421,0.099904,0.099095,0.043518,calls/second,milliseconds
1779781424,45,2.241285,0.306619,0.056741,0.419559,0.255710,0.287718,1.684224,2.046454,2.241285,2.241285,0.183667,0.091916,0.097458,0.043277,calls/second,milliseconds
1779781425,45,2.241285,0.306619,0.056741,0.419559,0.255710,0.287718,1.684224,2.046454,2.241285,2.241285,0.182919,0.091916,0.097458,0.043277,calls/second,milliseconds
1779781426,45,2.241285,0.306619,0.056741,0.419559,0.255710,0.287718,1.684224,2.046454,2.241285,2.241285,0.182177,0.091916,0.097458,0.043277,calls/second,milliseconds
1779781427,45,2.241285,0.306619,0.056741,0.419559,0.255710,0.287718,1.684224,2.046454,2.241285,2.241285,0.181442,0.091916,0.097458,0.043277,calls/second,milliseconds
1779781428,50,2.241285,0.297267,0.056741,0.317215,0.270210,0.304526,0.351428,1.911491,2.046454,2.241285,0.200791,0.091916,0.097458,0.043277,calls/second,milliseconds
1779781429,50,2.241285,0.297267,0.056741,0.317215,0.270210,0.304526,0.351428,1.911491,2.046454,2.241285,0.199987,0.164523,0.112375,0.048577,calls/second,milliseconds
1779781430,50,2.241285,0.297267,0.056741,0.317215,0.270210,0.304526,0.351428,1.911491,2.046454,2.241285,0.199189,0.164523,0.112375,0.048577,calls/second,milliseconds
1779781431,50,2.241285,0.297267,0.056741,0.317215,0.270210,0.304526,0.351428,1.911491,2.046454,2.241285,0.198398,0.164523,0.112375,0.048577,calls/second,milliseconds
1779781432,50,2.241285,0.297267,0.056741,0.317215,0.270210,0.304526,0.351428,1.911491,2.046454,2.241285,0.197612,0.164523,0.112375,0.048577,calls/second,milliseconds
1779781433,50,2.241285,0.297267,0.056741,0.317215,0.270210,0.304526,0.351428,1.911491,2.046454,2.241285,0.196833,0.164523,0.112375,0.048577,calls/second,milliseconds
1779781434,50,2.241285,0.297267,0.056741,0.317215,0.270210,0.304526,0.351428,1.911491,2.046454,2.241285,0.196060,0.151368,0.110518,0.048308,calls/second,milliseconds
1779781435,50,2.241285,0.297267,0.056741,0.317215,0.270210,0.304526,0.351428,1.911491,2.046454,2.241285,0.195293,0.151368,0.110518,0.048308,calls/second,milliseconds
1779781436,50,2.241285,0.297267,0.056741,0.317215,0.270210,0.304526,0.351428,1.911491,2.046454,2.241285,0.194532,0.151368,0.110518,0.048308,calls/second,milliseconds
1779781437,55,2.241285,0.284973,0.056741,0.262425,0.270210,0.304526,0.370546,1.684224,1.911491,2.241285,0.213155,0.151368,0.110518,0.048308,calls/second,milliseconds
1779781438,55,2.241285,0.284973,0.056741,0.262425,0.270210,0.304526,0.370546,1.684224,1.911491,2.241285,0.212331,0.151368,0.110518,0.048308,calls/second,milliseconds
1779781439,60,2.241285,0.218007,0.015262,0.253117,0.208316,0.302405,0.370546,0.370546,1.708269,2.241285,0.230741,0.299177,0.141748,0.059120,calls/second,milliseconds
1779781440,60,2.241285,0.218007,0.015262,0.253117,0.208316,0.302405,0.370546,0.370546,1.708269,2.241285,0.229856,0.299177,0.141748,0.059120,calls/second,milliseconds
1779781441,60,2.241285,0.218007,0.015262,0.253117,0.208316,0.302405,0.370546,0.370546,1.708269,2.241285,0.228977,0.299177,0.141748,0.059120,calls/second,milliseconds
1779781442,60,2.241285,0.218007,0.015262,0.253117,0.208316,0.302405,0.370546,0.370546,1.708269,2.241285,0.228106,0.299177,0.141748,0.059120,calls/second,milliseconds
1779781443,60,2.241285,0.218007,0.015262,0.253117,0.208316,0.302405,0.370546,0.370546,1.708269,2.241285,0.227234,0.299177,0.141748,0.059120,calls/second,milliseconds
1779781444,60,2.241285,0.218007,0.015262,0.253117,0.208316,0.302405,0.370546,0.370546,1.708269,2.241285,0.226375,0.275256,0.139405,0.058793,calls/second,milliseconds
1779781445,60,2.241285,0.218007,0.015262,0.253117,0.208316,0.302405,0.370546,0.370546,1.708269,2.241285,0.225523,0.275256,0.139405,0.058793,calls/second,milliseconds
1779781446,60,2.241285,0.218007,0.015262,0.253117,0.208316,0.302405,0.370546,0.370546,1.708269,2.241285,0.224677,0.275256,0.139405,0.058793,calls/second,milliseconds
1779781448,60,2.241285,0.218007,0.015262,0.253117,0.208316,0.302405,0.370546,0.370546,1.708269,2.241285,0.223837,0.275256,0.139405,0.058793,calls/second,milliseconds
1779781449,60,2.241285,0.218007,0.015262,0.253117,0.208316,0.302405,0.370546,0.370546,1.708269,2.241285,0.223004,0.275256,0.139405,0.058793,calls/second,milliseconds
1779781450,60,2.241285,0.218007,0.015262,0.253117,0.208316,0.302405,0.370546,0.370546,1.708269,2.241285,0.222177,0.253248,0.137101,0.058467,calls/second,milliseconds
1779781451,60,2.241285,0.218007,0.015262,0.253117,0.208316,0.302405,0.370546,0.370546,1.708269,2.241285,0.221356,0.253248,0.137101,0.058467,calls/second,milliseconds
1779781452,60,2.241285,0.218007,0.015262,0.253117,0.208316,0.302405,0.370546,0.370546,1.708269,2.241285,0.220541,0.253248,0.137101,0.058467,calls/second,milliseconds
1779781453,60,2.241285,0.218007,0.015262,0.253117,0.208316,0.302405,0.370546,0.370546,1.708269,2.241285,0.219732,0.253248,0.137101,0.058467,calls/second,milliseconds
1779781454,60,2.241285,0.218007,0.015262,0.253117,0.208316,0.302405,0.370546,0.370546,1.708269,2.241285,0.218928,0.253248,0.137101,0.058467,calls/second,milliseconds
1779781455,60,2.241285,0.218007,0.015262,0.253117,0.208316,0.302405,0.370546,0.370546,1.708269,2.241285,0.218131,0.232999,0.134835,0.058143,calls/second,milliseconds
1779781456,60,2.241285,0.218007,0.015262,0.253117,0.208316,0.302405,0.370546,0.370546,1.708269,2.241285,0.217340,0.232999,0.134835,0.058143,calls/second,milliseconds
1779781457,60,2.241285,0.218007,0.015262,0.253117,0.208316,0.302405,0.370546,0.370546,1.708269,2.241285,0.216554,0.232999,0.134835,0.058143,calls/second,milliseconds
1779781458,60,2.241285,0.218007,0.015262,0.253117,0.208316,0.302405,0.370546,0.370546,1.708269,2.241285,0.215774,0.232999,0.134835,0.058143,calls/second,milliseconds
1779781459,60,2.241285,0.218007,0.015262,0.253117,0.208316,0.302405,0.370546,0.370546,1.708269,2.241285,0.215000,0.232999,0.134835,0.058143,calls/second,milliseconds
1779781460,65,2.241285,0.247502,0.015262,0.225834,0.266999,0.327821,0.407768,0.407768,1.684224,2.241285,0.232084,0.214369,0.132606,0.057821,calls/second,milliseconds
1779781461,65,2.241285,0.247502,0.015262,0.225834,0.266999,0.327821,0.407768,0.407768,1.684224,2.241285,0.231258,0.214369,0.132606,0.057821,calls/second,milliseconds
1779781462,65,2.241285,0.247502,0.015262,0.225834,0.266999,0.327821,0.407768,0.407768,1.684224,2.241285,0.230437,0.214369,0.132606,0.057821,calls/second,milliseconds
1779781463,65,2.241285,0.247502,0.015262,0.225834,0.266999,0.327821,0.407768,0.407768,1.684224,2.241285,0.229621,0.214369,0.132606,0.057821,calls/second,milliseconds
1779781464,65,2.241285,0.247502,0.015262,0.225834,0.266999,0.327821,0.407768,0.407768,1.684224,2.241285,0.228812,0.214369,0.132606,0.057821,calls/second,milliseconds
1779781465,65,2.241285,0.247502,0.015262,0.225834,0.266999,0.327821,0.407768,0.407768,1.684224,2.241285,0.228008,0.277185,0.146943,0.063041,calls/second,milliseconds
1779781466,65,2.241285,0.247502,0.015262,0.225834,0.266999,0.327821,0.407768,0.407768,1.684224,2.241285,0.227210,0.277185,0.146943,0.063041,calls/second,milliseconds
1779781467,65,2.241285,0.247502,0.015262,0.225834,0.266999,0.327821,0.407768,0.407768,1.684224,2.241285,0.226417,0.277185,0.146943,0.063041,calls/second,milliseconds
1779781468,65,2.241285,0.247502,0.015262,0.225834,0.266999,0.327821,0.407768,0.407768,1.684224,2.241285,0.225630,0.277185,0.146943,0.063041,calls/second,milliseconds
1779781469,65,2.241285,0.247502,0.015262,0.225834,0.266999,0.327821,0.407768,0.407768,1.684224,2.241285,0.224849,0.277185,0.146943,0.063041,calls/second,milliseconds
1779781470,70,2.241285,0.260666,0.015262,0.200435,0.270210,0.314325,0.379030,0.407768,0.407768,2.241285,0.241309,0.334978,0.161043,0.068232,calls/second,milliseconds
1779781471,70,2.241285,0.260666,0.015262,0.200435,0.270210,0.314325,0.379030,0.407768,0.407768,2.241285,0.240479,0.334978,0.161043,0.068232,calls/second,milliseconds
1779781472,75,2.241285,0.218815,0.015262,0.199602,0.264664,0.307638,0.379030,0.407768,0.407768,2.241285,0.256772,0.334978,0.161043,0.068232,calls/second,milliseconds
1779781473,75,2.241285,0.218815,0.015262,0.199602,0.264664,0.307638,0.379030,0.407768,0.407768,2.241285,0.255895,0.334978,0.161043,0.068232,calls/second,milliseconds
1779781474,75,2.241285,0.218815,0.015262,0.199602,0.264664,0.307638,0.379030,0.407768,0.407768,2.241285,0.255024,0.334978,0.161043,0.068232,calls/second,milliseconds
1779781475,75,2.241285,0.218815,0.015262,0.199602,0.264664,0.307638,0.379030,0.407768,0.407768,2.241285,0.254158,0.388150,0.174910,0.073394,calls/second,milliseconds
1779781476,75,2.241285,0.218815,0.015262,0.199602,0.264664,0.307638,0.379030,0.407768,0.407768,2.241285,0.253299,0.388150,0.174910,0.073394,calls/second,milliseconds
1779781477,75,2.241285,0.218815,0.015262,0.199602,0.264664,0.307638,0.379030,0.407768,0.407768,2.241285,0.252444,0.388150,0.174910,0.073394,calls/second,milliseconds
1779781478,75,2.241285,0.218815,0.015262,0.199602,0.264664,0.307638,0.379030,0.407768,0.407768,2.241285,0.251596,0.388150,0.174910,0.073394,calls/second,milliseconds
1779781479,75,2.241285,0.218815,0.015262,0.199602,0.264664,0.307638,0.379030,0.407768,0.407768,2.241285,0.250754,0.388150,0.174910,0.073394,calls/second,milliseconds
1779781480,75,2.241285,0.218815,0.015262,0.199602,0.264664,0.307638,0.379030,0.407768,0.407768,2.241285,0.249917,0.357116,0.172019,0.072987,calls/second,milliseconds
1779781481,75,2.241285,0.218815,0.015262,0.199602,0.264664,0.307638,0.379030,0.407768,0.407768,2.241285,0.249086,0.357116,0.172019,0.072987,calls/second,milliseconds
1779781482,80,2.241285,0.236382,0.015262,0.184372,0.280258,0.310714,0.379030,0.407768,0.407768,2.241285,0.264811,0.357116,0.172019,0.072987,calls/second,milliseconds
1779781483,80,2.241285,0.236382,0.015262,0.184372,0.280258,0.310714,0.379030,0.407768,0.407768,2.241285,0.263936,0.357116,0.172019,0.072987,calls/second,milliseconds
1779781484,80,2.241285,0.236382,0.015262,0.184372,0.280258,0.310714,0.379030,0.407768,0.407768,2.241285,0.263067,0.357116,0.172019,0.072987,calls/second,milliseconds
1779781485,80,2.241285,0.236382,0.015262,0.184372,0.280258,0.310714,0.379030,0.407768,0.407768,2.241285,0.262204,0.408518,0.185704,0.078123,calls/second,milliseconds
1779781486,80,2.241285,0.236382,0.015262,0.184372,0.280258,0.310714,0.379030,0.407768,0.407768,2.241285,0.261346,0.408518,0.185704,0.078123,calls/second,milliseconds
1779781487,80,2.241285,0.236382,0.015262,0.184372,0.280258,0.310714,0.379030,0.407768,0.407768,2.241285,0.260494,0.408518,0.185704,0.078123,calls/second,milliseconds
1779781488,80,2.241285,0.236382,0.015262,0.184372,0.280258,0.310714,0.379030,0.407768,0.407768,2.241285,0.259646,0.408518,0.185704,0.078123,calls/second,milliseconds
1779781489,80,2.241285,0.236382,0.015262,0.184372,0.280258,0.310714,0.379030,0.407768,0.407768,2.241285,0.258805,0.408518,0.185704,0.078123,calls/second,milliseconds
1779781490,80,2.241285,0.236382,0.015262,0.184372,0.280258,0.310714,0.379030,0.407768,0.407768,2.241285,0.257970,0.375854,0.182635,0.077690,calls/second,milliseconds
1779781491,80,2.241285,0.236382,0.015262,0.184372,0.280258,0.310714,0.379030,0.407768,0.407768,2.241285,0.257139,0.375854,0.182635,0.077690,calls/second,milliseconds
1779781492,85,2.241285,0.241255,0.015262,0.168753,0.270210,0.310708,0.372962,0.407768,0.407768,2.241285,0.272333,0.375854,0.182635,0.077690,calls/second,milliseconds
1779781493,85,2.241285,0.241255,0.015262,0.168753,0.270210,0.310708,0.372962,0.407768,0.407768,2.241285,0.271462,0.375854,0.182635,0.077690,calls/second,milliseconds
1779781494,90,2.241285,0.212352,0.015262,0.169762,0.265383,0.308012,0.372962,0.407768,0.407768,2.046454,0.286514,0.375854,0.182635,0.077690,calls/second,milliseconds
1779781495,90,2.241285,0.212352,0.015262,0.169762,0.265383,0.308012,0.372962,0.407768,0.407768,2.046454,0.285604,0.505714,0.212673,0.088340,calls/second,milliseconds
1779781496,90,2.241285,0.212352,0.015262,0.169762,0.265383,0.308012,0.372962,0.407768,0.407768,2.046454,0.284699,0.505714,0.212673,0.088340,calls/second,milliseconds
1779781497,90,2.241285,0.212352,0.015262,0.169762,0.265383,0.308012,0.372962,0.407768,0.407768,2.046454,0.283800,0.505714,0.212673,0.088340,calls/second,milliseconds
1779781498,90,2.241285,0.212352,0.015262,0.169762,0.265383,0.308012,0.372962,0.407768,0.407768,2.046454,0.282906,0.505714,0.212673,0.088340,calls/second,milliseconds
1779781499,95,2.241285,0.245902,0.015262,0.177326,0.270210,0.331352,0.455851,0.456019,0.456019,2.046454,0.297686,0.505714,0.212673,0.088340,calls/second,milliseconds
1779781500,95,2.241285,0.245902,0.015262,0.177326,0.270210,0.331352,0.455851,0.456019,0.456019,2.046454,0.296754,0.545235,0.225686,0.093391,calls/second,milliseconds
1779781501,95,2.241285,0.245902,0.015262,0.177326,0.270210,0.331352,0.455851,0.456019,0.456019,2.046454,0.295829,0.545235,0.225686,0.093391,calls/second,milliseconds
1779781502,95,2.241285,0.245902,0.015262,0.177326,0.270210,0.331352,0.455851,0.456019,0.456019,2.046454,0.294910,0.545235,0.225686,0.093391,calls/second,milliseconds
1779781503,95,2.241285,0.245902,0.015262,0.177326,0.270210,0.331352,0.455851,0.456019,0.456019,2.046454,0.293995,0.545235,0.225686,0.093391,calls/second,milliseconds
1779781504,95,2.241285,0.245902,0.015262,0.177326,0.270210,0.331352,0.455851,0.456019,0.456019,2.046454,0.293087,0.545235,0.225686,0.093391,calls/second,milliseconds
1779781505,95,2.241285,0.245902,0.015262,0.177326,0.270210,0.331352,0.455851,0.456019,0.456019,2.046454,0.292185,0.501640,0.221956,0.092874,calls/second,milliseconds
1779781506,95,2.241285,0.245902,0.015262,0.177326,0.270210,0.331352,0.455851,0.456019,0.456019,2.046454,0.291288,0.501640,0.221956,0.092874,calls/second,milliseconds
1779781507,95,2.241285,0.245902,0.015262,0.177326,0.270210,0.331352,0.455851,0.456019,0.456019,2.046454,0.290396,0.501640,0.221956,0.092874,calls/second,milliseconds
1779781508,95,2.241285,0.245902,0.015262,0.177326,0.270210,0.331352,0.455851,0.456019,0.456019,2.046454,0.289510,0.501640,0.221956,0.092874,calls/second,milliseconds
1779781509,100,2.241285,0.245051,0.015262,0.164471,0.264664,0.314325,0.455851,0.456019,0.456019,2.046454,0.303820,0.501640,0.221956,0.092874,calls/second,milliseconds
1779781510,100,2.241285,0.245051,0.015262,0.164471,0.264664,0.314325,0.455851,0.456019,0.456019,2.046454,0.302898,0.541487,0.234816,0.097899,calls/second,milliseconds
1779781511,105,2.241285,0.219205,0.015262,0.168113,0.246692,0.309162,0.450391,0.456019,0.456019,2.046454,0.317081,0.541487,0.234816,0.097899,calls/second,milliseconds
1779781512,105,2.241285,0.219205,0.015262,0.168113,0.246692,0.309162,0.450391,0.456019,0.456019,2.046454,0.316125,0.541487,0.234816,0.097899,calls/second,milliseconds
1779781513,105,2.241285,0.219205,0.015262,0.168113,0.246692,0.309162,0.450391,0.456019,0.456019,2.046454,0.315175,0.541487,0.234816,0.097899,calls/second,milliseconds
1779781514,105,2.241285,0.219205,0.015262,0.168113,0.246692,0.309162,0.450391,0.456019,0.456019,2.046454,0.314230,0.541487,0.234816,0.097899,calls/second,milliseconds
1779781515,105,2.241285,0.219205,0.015262,0.168113,0.246692,0.309162,0.450391,0.456019,0.456019,2.046454,0.313291,0.578148,0.247463,0.102897,calls/second,milliseconds
1779781516,105,2.241285,0.219205,0.015262,0.168113,0.246692,0.309162,0.450391,0.456019,0.456019,2.046454,0.312357,0.578148,0.247463,0.102897,calls/second,milliseconds
1779781517,105,2.241285,0.219205,0.015262,0.168113,0.246692,0.309162,0.450391,0.456019,0.456019,2.046454,0.311430,0.578148,0.247463,0.102897,calls/second,milliseconds
1779781518,105,2.241285,0.219205,0.015262,0.168113,0.246692,0.309162,0.450391,0.456019,0.456019,2.046454,0.310508,0.578148,0.247463,0.102897,calls/second,milliseconds
1779781519,105,2.241285,0.219205,0.015262,0.168113,0.246692,0.309162,0.450391,0.456019,0.456019,2.046454,0.309591,0.578148,0.247463,0.102897,calls/second,milliseconds
1779781520,105,2.241285,0.219205,0.015262,0.168113,0.246692,0.309162,0.450391,0.456019,0.456019,2.046454,0.308679,0.531922,0.243373,0.102327,calls/second,milliseconds
1779781521,105,2.241285,0.219205,0.015262,0.168113,0.246692,0.309162,0.450391,0.456019,0.456019,2.046454,0.307773,0.531922,0.243373,0.102327,calls/second,milliseconds
1779781522,105,2.241285,0.219205,0.015262,0.168113,0.246692,0.309162,0.450391,0.456019,0.456019,2.046454,0.306873,0.531922,0.243373,0.102327,calls/second,milliseconds
1779781523,105,2.241285,0.219205,0.015262,0.168113,0.246692,0.309162,0.450391,0.456019,0.456019,2.046454,0.305977,0.531922,0.243373,0.102327,calls/second,milliseconds
1779781524,105,2.241285,0.219205,0.015262,0.168113,0.246692,0.309162,0.450391,0.456019,0.456019,2.046454,0.305087,0.531922,0.243373,0.102327,calls/second,milliseconds
1779781525,105,2.241285,0.219205,0.015262,0.168113,0.246692,0.309162,0.450391,0.456019,0.456019,2.046454,0.304202,0.489391,0.239351,0.101760,calls/second,milliseconds
1779781526,105,2.241285,0.219205,0.015262,0.168113,0.246692,0.309162,0.450391,0.456019,0.456019,2.046454,0.303321,0.489391,0.239351,0.101760,calls/second,milliseconds
1779781527,105,2.241285,0.219205,0.015262,0.168113,0.246692,0.309162,0.450391,0.456019,0.456019,2.046454,0.302446,0.489391,0.239351,0.101760,calls/second,milliseconds
1779781528,105,2.241285,0.219205,0.015262,0.168113,0.246692,0.309162,0.450391,0.456019,0.456019,2.046454,0.301576,0.489391,0.239351,0.101760,calls/second,milliseconds
1779781529,105,2.241285,0.219205,0.015262,0.168113,0.246692,0.309162,0.450391,0.456019,0.456019,2.046454,0.300711,0.489391,0.239351,0.101760,calls/second,milliseconds
1779781530,105,2.241285,0.219205,0.015262,0.168113,0.246692,0.309162,0.450391,0.456019,0.456019,2.046454,0.299852,0.450262,0.235395,0.101196,calls/second,milliseconds
1779781531,105,2.241285,0.219205,0.015262,0.168113,0.246692,0.309162,0.450391,0.456019,0.456019,2.046454,0.298996,0.450262,0.235395,0.101196,calls/second,milliseconds
1779781532,105,2.241285,0.219205,0.015262,0.168113,0.246692,0.309162,0.450391,0.456019,0.456019,2.046454,0.298146,0.450262,0.235395,0.101196,calls/second,milliseconds
1779781533,105,2.241285,0.219205,0.015262,0.168113,0.246692,0.309162,0.450391,0.456019,0.456019,2.046454,0.297301,0.450262,0.235395,0.101196,calls/second,milliseconds
1779781534,105,2.241285,0.219205,0.015262,0.168113,0.246692,0.309162,0.450391,0.456019,0.456019,2.046454,0.296460,0.450262,0.235395,0.101196,calls/second,milliseconds
1779781535,105,2.241285,0.219205,0.015262,0.168113,0.246692,0.309162,0.450391,0.456019,0.456019,2.046454,0.295625,0.414261,0.231504,0.100636,calls/second,milliseconds
1779781536,110,2.241285,0.241724,0.015262,0.163221,0.266224,0.354138,0.450391,0.456019,0.456019,1.911491,0.308831,0.414261,0.231504,0.100636,calls/second,milliseconds
1779781537,110,2.241285,0.241724,0.015262,0.163221,0.266224,0.354138,0.450391,0.456019,0.456019,1.911491,0.307965,0.414261,0.231504,0.100636,calls/second,milliseconds
1779781538,110,2.241285,0.241724,0.015262,0.163221,0.266224,0.354138,0.450391,0.456019,0.456019,1.911491,0.307104,0.414261,0.231504,0.100636,calls/second,milliseconds
1779781539,110,2.241285,0.241724,0.015262,0.163221,0.266224,0.354138,0.450391,0.456019,0.456019,1.911491,0.306247,0.414261,0.231504,0.100636,calls/second,milliseconds
1779781540,110,2.241285,0.241724,0.015262,0.163221,0.266224,0.354138,0.450391,0.456019,0.456019,1.911491,0.305396,0.461094,0.244206,0.105618,calls/second,milliseconds
1779781541,110,2.241285,0.241724,0.015262,0.163221,0.266224,0.354138,0.450391,0.456019,0.456019,1.911491,0.304548,0.461094,0.244206,0.105618,calls/second,milliseconds
1779781542,110,2.241285,0.241724,0.015262,0.163221,0.266224,0.354138,0.450391,0.456019,0.456019,1.911491,0.303706,0.461094,0.244206,0.105618,calls/second,milliseconds
1779781543,110,2.241285,0.241724,0.015262,0.163221,0.266224,0.354138,0.450391,0.456019,0.456019,1.911491,0.302869,0.461094,0.244206,0.105618,calls/second,milliseconds
1779781544,110,2.241285,0.241724,0.015262,0.163221,0.266224,0.354138,0.450391,0.456019,0.456019,1.911491,0.302036,0.461094,0.244206,0.105618,calls/second,milliseconds
1779781545,110,2.241285,0.241724,0.015262,0.163221,0.266224,0.354138,0.450391,0.456019,0.456019,1.911491,0.301208,0.424227,0.240170,0.105033,calls/second,milliseconds
1779781546,115,2.241285,0.244284,0.015262,0.150419,0.265383,0.331318,0.437401,0.455851,0.456019,1.911491,0.314038,0.424227,0.240170,0.105033,calls/second,milliseconds
1779781547,115,2.241285,0.244284,0.015262,0.150419,0.265383,0.331318,0.437401,0.455851,0.456019,1.911491,0.313182,0.424227,0.240170,0.105033,calls/second,milliseconds
1779781548,120,2.241285,0.214809,0.013340,0.158395,0.251570,0.310714,0.437401,0.455851,0.456019,1.911491,0.325910,0.424227,0.240170,0.105033,calls/second,milliseconds
1779781549,120,2.241285,0.214809,0.013340,0.158395,0.251570,0.310714,0.437401,0.455851,0.456019,1.911491,0.325026,0.424227,0.240170,0.105033,calls/second,milliseconds
1779781550,120,2.241285,0.214809,0.013340,0.158395,0.251570,0.310714,0.437401,0.455851,0.456019,1.911491,0.324146,0.550219,0.269257,0.115531,calls/second,milliseconds
1779781551,120,2.241285,0.214809,0.013340,0.158395,0.251570,0.310714,0.437401,0.455851,0.456019,1.911491,0.323272,0.550219,0.269257,0.115531,calls/second,milliseconds
1779781552,120,2.241285,0.214809,0.013340,0.158395,0.251570,0.310714,0.437401,0.455851,0.456019,1.911491,0.322402,0.550219,0.269257,0.115531,calls/second,milliseconds
1779781553,120,2.241285,0.214809,0.013340,0.158395,0.251570,0.310714,0.437401,0.455851,0.456019,1.911491,0.321536,0.550219,0.269257,0.115531,calls/second,milliseconds
1779781554,120,2.241285,0.214809,0.013340,0.158395,0.251570,0.310714,0.437401,0.455851,0.456019,1.911491,0.320672,0.550219,0.269257,0.115531,calls/second,milliseconds
1779781555,120,2.241285,0.214809,0.013340,0.158395,0.251570,0.310714,0.437401,0.455851,0.456019,1.911491,0.319816,0.506226,0.264807,0.114891,calls/second,milliseconds
1779781556,120,2.241285,0.214809,0.013340,0.158395,0.251570,0.310714,0.437401,0.455851,0.456019,1.911491,0.318965,0.506226,0.264807,0.114891,calls/second,milliseconds
1779781557,120,2.241285,0.214809,0.013340,0.158395,0.251570,0.310714,0.437401,0.455851,0.456019,1.911491,0.318119,0.506226,0.264807,0.114891,calls/second,milliseconds
1779781558,125,2.241285,0.227499,0.013340,0.152062,0.251666,0.317146,0.434051,0.455851,0.456019,1.708269,0.330496,0.506226,0.264807,0.114891,calls/second,milliseconds
1779781559,125,2.241285,0.227499,0.013340,0.152062,0.251666,0.317146,0.434051,0.455851,0.456019,1.708269,0.329623,0.506226,0.264807,0.114891,calls/second,milliseconds
1779781560,125,2.241285,0.227499,0.013340,0.152062,0.251666,0.317146,0.434051,0.455851,0.456019,1.708269,0.328755,0.545706,0.276958,0.119795,calls/second,milliseconds
1779781561,125,2.241285,0.227499,0.013340,0.152062,0.251666,0.317146,0.434051,0.455851,0.456019,1.708269,0.327891,0.545706,0.276958,0.119795,calls/second,milliseconds
1779781562,125,2.241285,0.227499,0.013340,0.152062,0.251666,0.317146,0.434051,0.455851,0.456019,1.708269,0.327032,0.545706,0.276958,0.119795,calls/second,milliseconds
1779781563,125,2.241285,0.227499,0.013340,0.152062,0.251666,0.317146,0.434051,0.455851,0.456019,1.708269,0.326177,0.545706,0.276958,0.119795,calls/second,milliseconds
1779781564,125,2.241285,0.227499,0.013340,0.152062,0.251666,0.317146,0.434051,0.455851,0.456019,1.708269,0.325326,0.545706,0.276958,0.119795,calls/second,milliseconds
1779781565,125,2.241285,0.227499,0.013340,0.152062,0.251666,0.317146,0.434051,0.455851,0.456019,1.708269,0.324481,0.502074,0.272381,0.119131,calls/second,milliseconds
1779781566,125,2.241285,0.227499,0.013340,0.152062,0.251666,0.317146,0.434051,0.455851,0.456019,1.708269,0.323639,0.502074,0.272381,0.119131,calls/second,milliseconds
1779781567,125,2.241285,0.227499,0.013340,0.152062,0.251666,0.317146,0.434051,0.455851,0.456019,1.708269,0.322802,0.502074,0.272381,0.119131,calls/second,milliseconds
1779781568,130,2.241285,0.234450,0.013340,0.142943,0.265383,0.311695,0.434051,0.455851,0.456019,1.708269,0.334848,0.502074,0.272381,0.119131,calls/second,milliseconds
1779781569,130,2.241285,0.234450,0.013340,0.142943,0.265383,0.311695,0.434051,0.455851,0.456019,1.708269,0.333986,0.502074,0.272381,0.119131,calls/second,milliseconds
1779781570,135,2.241285,0.214104,0.013340,0.144502,0.250741,0.308012,0.400076,0.450391,0.455851,1.684224,0.345942,0.621841,0.300936,0.129552,calls/second,milliseconds
1779781571,135,2.241285,0.214104,0.013340,0.144502,0.250741,0.308012,0.400076,0.450391,0.455851,1.684224,0.345056,0.621841,0.300936,0.129552,calls/second,milliseconds
1779781572,135,2.241285,0.214104,0.013340,0.144502,0.250741,0.308012,0.400076,0.450391,0.455851,1.684224,0.344175,0.621841,0.300936,0.129552,calls/second,milliseconds
1779781573,135,2.241285,0.214104,0.013340,0.144502,0.250741,0.308012,0.400076,0.450391,0.455851,1.684224,0.343298,0.621841,0.300936,0.129552,calls/second,milliseconds
1779781574,135,2.241285,0.214104,0.013340,0.144502,0.250741,0.308012,0.400076,0.450391,0.455851,1.684224,0.342425,0.621841,0.300936,0.129552,calls/second,milliseconds
1779781575,135,2.241285,0.214104,0.013340,0.144502,0.250741,0.308012,0.400076,0.450391,0.455851,1.684224,0.341558,0.572121,0.295962,0.128834,calls/second,milliseconds
1779781576,135,2.241285,0.214104,0.013340,0.144502,0.250741,0.308012,0.400076,0.450391,0.455851,1.684224,0.340695,0.572121,0.295962,0.128834,calls/second,milliseconds
1779781577,135,2.241285,0.214104,0.013340,0.144502,0.250741,0.308012,0.400076,0.450391,0.455851,1.684224,0.339836,0.572121,0.295962,0.128834,calls/second,milliseconds
1779781578,135,2.241285,0.214104,0.013340,0.144502,0.250741,0.308012,0.400076,0.450391,0.455851,1.684224,0.338981,0.572121,0.295962,0.128834,calls/second,milliseconds
1779781579,135,2.241285,0.214104,0.013340,0.144502,0.250741,0.308012,0.400076,0.450391,0.455851,1.684224,0.338130,0.572121,0.295962,0.128834,calls/second,milliseconds
1779781580,135,2.241285,0.214104,0.013340,0.144502,0.250741,0.308012,0.400076,0.450391,0.455851,1.684224,0.337284,0.526377,0.291070,0.128120,calls/second,milliseconds
1779781581,135,2.241285,0.214104,0.013340,0.144502,0.250741,0.308012,0.400076,0.450391,0.455851,1.684224,0.336442,0.526377,0.291070,0.128120,calls/second,milliseconds
1779781582,135,2.241285,0.214104,0.013340,0.144502,0.250741,0.308012,0.400076,0.450391,0.455851,1.684224,0.335604,0.526377,0.291070,0.128120,calls/second,milliseconds
1779781583,135,2.241285,0.214104,0.013340,0.144502,0.250741,0.308012,0.400076,0.450391,0.455851,1.684224,0.334770,0.526377,0.291070,0.128120,calls/second,milliseconds
1779781584,135,2.241285,0.214104,0.013340,0.144502,0.250741,0.308012,0.400076,0.450391,0.455851,1.684224,0.333941,0.526377,0.291070,0.128120,calls/second,milliseconds
1779781585,135,2.241285,0.214104,0.013340,0.144502,0.250741,0.308012,0.400076,0.450391,0.455851,1.684224,0.333116,0.484290,0.286259,0.127410,calls/second,milliseconds
1779781586,135,2.241285,0.214104,0.013340,0.144502,0.250741,0.308012,0.400076,0.450391,0.455851,1.684224,0.332295,0.484290,0.286259,0.127410,calls/second,milliseconds
1779781587,135,2.241285,0.214104,0.013340,0.144502,0.250741,0.308012,0.400076,0.450391,0.455851,1.684224,0.331478,0.484290,0.286259,0.127410,calls/second,milliseconds
1779781588,135,2.241285,0.214104,0.013340,0.144502,0.250741,0.308012,0.400076,0.450391,0.455851,1.684224,0.330665,0.484290,0.286259,0.127410,calls/second,milliseconds
1779781589,135,2.241285,0.214104,0.013340,0.144502,0.250741,0.308012,0.400076,0.450391,0.455851,1.684224,0.329856,0.484290,0.286259,0.127410,calls/second,milliseconds
1779781590,135,2.241285,0.214104,0.013340,0.144502,0.250741,0.308012,0.400076,0.450391,0.455851,1.684224,0.329050,0.445569,0.281527,0.126704,calls/second,milliseconds
1779781591,135,2.241285,0.214104,0.013340,0.144502,0.250741,0.308012,0.400076,0.450391,0.455851,1.684224,0.328249,0.445569,0.281527,0.126704,calls/second,milliseconds
1779781592,135,2.241285,0.214104,0.013340,0.144502,0.250741,0.308012,0.400076,0.450391,0.455851,1.684224,0.327452,0.445569,0.281527,0.126704,calls/second,milliseconds
1779781593,135,2.241285,0.214104,0.013340,0.144502,0.250741,0.308012,0.400076,0.450391,0.455851,1.684224,0.326659,0.445569,0.281527,0.126704,calls/second,milliseconds
1779781594,135,2.241285,0.214104,0.013340,0.144502,0.250741,0.308012,0.400076,0.450391,0.455851,1.684224,0.325869,0.445569,0.281527,0.126704,calls/second,milliseconds
1779781595,135,2.241285,0.214104,0.013340,0.144502,0.250741,0.308012,0.400076,0.450391,0.455851,1.684224,0.325083,0.409943,0.276874,0.126003,calls/second,milliseconds
1779781596,135,2.241285,0.214104,0.013340,0.144502,0.250741,0.308012,0.400076,0.450391,0.455851,1.684224,0.324301,0.409943,0.276874,0.126003,calls/second,milliseconds
1779781597,135,2.241285,0.214104,0.013340,0.144502,0.250741,0.308012,0.400076,0.450391,0.455851,1.684224,0.323523,0.409943,0.276874,0.126003,calls/second,milliseconds
1779781598,135,2.241285,0.214104,0.013340,0.144502,0.250741,0.308012,0.400076,0.450391,0.455851,1.684224,0.322748,0.409943,0.276874,0.126003,calls/second,milliseconds
1779781599,135,2.241285,0.214104,0.013340,0.144502,0.250741,0.308012,0.400076,0.450391,0.455851,1.684224,0.321978,0.409943,0.276874,0.126003,calls/second,milliseconds
1779781600,135,2.241285,0.214104,0.013340,0.144502,0.250741,0.308012,0.400076,0.450391,0.455851,1.684224,0.321210,0.377166,0.272298,0.125304,calls/second,milliseconds
1779781601,135,2.241285,0.214104,0.013340,0.144502,0.250741,0.308012,0.400076,0.450391,0.455851,1.684224,0.320447,0.377166,0.272298,0.125304,calls/second,milliseconds
1779781602,135,2.241285,0.214104,0.013340,0.144502,0.250741,0.308012,0.400076,0.450391,0.455851,1.684224,0.319687,0.377166,0.272298,0.125304,calls/second,milliseconds
1779781603,135,2.241285,0.214104,0.013340,0.144502,0.250741,0.308012,0.400076,0.450391,0.455851,1.684224,0.318931,0.377166,0.272298,0.125304,calls/second,milliseconds
1779781604,135,2.241285,0.214104,0.013340,0.144502,0.250741,0.308012,0.400076,0.450391,0.455851,1.684224,0.318178,0.377166,0.272298,0.125304,calls/second,milliseconds
1779781605,135,2.241285,0.214104,0.013340,0.144502,0.250741,0.308012,0.400076,0.450391,0.455851,1.684224,0.317429,0.347009,0.267797,0.124610,calls/second,milliseconds
1779781606,135,2.241285,0.214104,0.013340,0.144502,0.250741,0.308012,0.400076,0.450391,0.455851,1.684224,0.316683,0.347009,0.267797,0.124610,calls/second,milliseconds
1779781607,135,2.241285,0.214104,0.013340,0.144502,0.250741,0.308012,0.400076,0.450391,0.455851,1.684224,0.315941,0.347009,0.267797,0.124610,calls/second,milliseconds
1779781608,135,2.241285,0.214104,0.013340,0.144502,0.250741,0.308012,0.400076,0.450391,0.455851,1.684224,0.315202,0.347009,0.267797,0.124610,calls/second,milliseconds
1779781609,135,2.241285,0.214104,0.013340,0.144502,0.250741,0.308012,0.400076,0.450391,0.455851,1.684224,0.314467,0.347009,0.267797,0.124610,calls/second,milliseconds
1779781610,140,2.241285,0.240951,0.013340,0.143525,0.272475,0.344076,0.433612,0.450391,0.455851,0.456019,0.325354,0.319264,0.263371,0.123920,calls/second,milliseconds
1779781611,140,2.241285,0.240951,0.013340,0.143525,0.272475,0.344076,0.433612,0.450391,0.455851,0.456019,0.324599,0.319264,0.263371,0.123920,calls/second,milliseconds
1779781612,140,2.241285,0.240951,0.013340,0.143525,0.272475,0.344076,0.433612,0.450391,0.455851,0.456019,0.323847,0.319264,0.263371,0.123920,calls/second,milliseconds
1779781613,140,2.241285,0.240951,0.013340,0.143525,0.272475,0.344076,0.433612,0.450391,0.455851,0.456019,0.323098,0.319264,0.263371,0.123920,calls/second,milliseconds
1779781614,140,2.241285,0.240951,0.013340,0.143525,0.272475,0.344076,0.433612,0.450391,0.455851,0.456019,0.322353,0.319264,0.263371,0.123920,calls/second,milliseconds
1779781615,140,2.241285,0.240951,0.013340,0.143525,0.272475,0.344076,0.433612,0.450391,0.455851,0.456019,0.321611,0.373693,0.275546,0.128774,calls/second,milliseconds
1779781616,140,2.241285,0.240951,0.013340,0.143525,0.272475,0.344076,0.433612,0.450391,0.455851,0.456019,0.320873,0.373693,0.275546,0.128774,calls/second,milliseconds
1779781617,140,2.241285,0.240951,0.013340,0.143525,0.272475,0.344076,0.433612,0.450391,0.455851,0.456019,0.320139,0.373693,0.275546,0.128774,calls/second,milliseconds
1779781618,140,2.241285,0.240951,0.013340,0.143525,0.272475,0.344076,0.433612,0.450391,0.455851,0.456019,0.319407,0.373693,0.275546,0.128774,calls/second,milliseconds
1779781619,140,2.241285,0.240951,0.013340,0.143525,0.272475,0.344076,0.433612,0.450391,0.455851,0.456019,0.318679,0.373693,0.275546,0.128774,calls/second,milliseconds
1779781620,145,2.241285,0.251598,0.013340,0.133883,0.278807,0.331318,0.433612,0.437401,0.455851,0.456019,0.329310,0.423769,0.287520,0.133600,calls/second,milliseconds
1779781621,145,2.241285,0.251598,0.013340,0.133883,0.278807,0.331318,0.433612,0.437401,0.455851,0.456019,0.328563,0.423769,0.287520,0.133600,calls/second,milliseconds
1779781622,150,2.241285,0.217710,0.013340,0.146849,0.257274,0.323653,0.433612,0.437401,0.455851,0.456019,0.339123,0.423769,0.287520,0.133600,calls/second,milliseconds
1779781623,150,2.241285,0.217710,0.013340,0.146849,0.257274,0.323653,0.433612,0.437401,0.455851,0.456019,0.338357,0.423769,0.287520,0.133600,calls/second,milliseconds
1779781624,150,2.241285,0.217710,0.013340,0.146849,0.257274,0.323653,0.433612,0.437401,0.455851,0.456019,0.337594,0.423769,0.287520,0.133600,calls/second,milliseconds
1779781625,150,2.241285,0.217710,0.013340,0.146849,0.257274,0.323653,0.433612,0.437401,0.455851,0.456019,0.336834,0.469842,0.299297,0.138400,calls/second,milliseconds
1779781626,150,2.241285,0.217710,0.013340,0.146849,0.257274,0.323653,0.433612,0.437401,0.455851,0.456019,0.336078,0.469842,0.299297,0.138400,calls/second,milliseconds
1779781627,150,2.241285,0.217710,0.013340,0.146849,0.257274,0.323653,0.433612,0.437401,0.455851,0.456019,0.335326,0.469842,0.299297,0.138400,calls/second,milliseconds
1779781628,150,2.241285,0.217710,0.013340,0.146849,0.257274,0.323653,0.433612,0.437401,0.455851,0.456019,0.334577,0.469842,0.299297,0.138400,calls/second,milliseconds
1779781629,150,2.241285,0.217710,0.013340,0.146849,0.257274,0.323653,0.433612,0.437401,0.455851,0.456019,0.333831,0.469842,0.299297,0.138400,calls/second,milliseconds
1779781630,150,2.241285,0.217710,0.013340,0.146849,0.257274,0.323653,0.433612,0.437401,0.455851,0.456019,0.333088,0.432276,0.294350,0.137633,calls/second,milliseconds
1779781631,150,2.241285,0.217710,0.013340,0.146849,0.257274,0.323653,0.433612,0.437401,0.455851,0.456019,0.332350,0.432276,0.294350,0.137633,calls/second,milliseconds
1779781632,150,2.241285,0.217710,0.013340,0.146849,0.257274,0.323653,0.433612,0.437401,0.455851,0.456019,0.331614,0.432276,0.294350,0.137633,calls/second,milliseconds
1779781633,150,2.241285,0.217710,0.013340,0.146849,0.257274,0.323653,0.433612,0.437401,0.455851,0.456019,0.330881,0.432276,0.294350,0.137633,calls/second,milliseconds
1779781634,150,2.241285,0.217710,0.013340,0.146849,0.257274,0.323653,0.433612,0.437401,0.455851,0.456019,0.330152,0.432276,0.294350,0.137633,calls/second,milliseconds
1779781635,150,2.241285,0.217710,0.013340,0.146849,0.257274,0.323653,0.433612,0.437401,0.455851,0.456019,0.329426,0.397713,0.289484,0.136871,calls/second,milliseconds
1779781636,150,2.241285,0.217710,0.013340,0.146849,0.257274,0.323653,0.433612,0.437401,0.455851,0.456019,0.328703,0.397713,0.289484,0.136871,calls/second,milliseconds
1779781637,150,2.241285,0.217710,0.013340,0.146849,0.257274,0.323653,0.433612,0.437401,0.455851,0.456019,0.327984,0.397713,0.289484,0.136871,calls/second,milliseconds
1779781638,150,2.241285,0.217710,0.013340,0.146849,0.257274,0.323653,0.433612,0.437401,0.455851,0.456019,0.327267,0.397713,0.289484,0.136871,calls/second,milliseconds
1779781639,150,2.241285,0.217710,0.013340,0.146849,0.257274,0.323653,0.433612,0.437401,0.455851,0.456019,0.326553,0.397713,0.289484,0.136871,calls/second,milliseconds
1779781640,150,2.241285,0.217710,0.013340,0.146849,0.257274,0.323653,0.433612,0.437401,0.455851,0.456019,0.325843,0.365913,0.284700,0.136113,calls/second,milliseconds
1779781641,150,2.241285,0.217710,0.013340,0.146849,0.257274,0.323653,0.433612,0.437401,0.455851,0.456019,0.325136,0.365913,0.284700,0.136113,calls/second,milliseconds
1779781642,150,2.241285,0.217710,0.013340,0.146849,0.257274,0.323653,0.433612,0.437401,0.455851,0.456019,0.324432,0.365913,0.284700,0.136113,calls/second,milliseconds
1779781643,150,2.241285,0.217710,0.013340,0.146849,0.257274,0.323653,0.433612,0.437401,0.455851,0.456019,0.323730,0.365913,0.284700,0.136113,calls/second,milliseconds
1779781644,150,2.241285,0.217710,0.013340,0.146849,0.257274,0.323653,0.433612,0.437401,0.455851,0.456019,0.323032,0.365913,0.284700,0.136113,calls/second,milliseconds
1779781645,150,2.241285,0.217710,0.013340,0.146849,0.257274,0.323653,0.433612,0.437401,0.455851,0.456019,0.322337,0.336657,0.279994,0.135359,calls/second,milliseconds
1779781646,150,2.241285,0.217710,0.013340,0.146849,0.257274,0.323653,0.433612,0.437401,0.455851,0.456019,0.321645,0.336657,0.279994,0.135359,calls/second,milliseconds
1779781647,150,2.241285,0.217710,0.013340,0.146849,0.257274,0.323653,0.433612,0.437401,0.455851,0.456019,0.320955,0.336657,0.279994,0.135359,calls/second,milliseconds
1779781648,150,2.241285,0.217710,0.013340,0.146849,0.257274,0.323653,0.433612,0.437401,0.455851,0.456019,0.320269,0.336657,0.279994,0.135359,calls/second,milliseconds
1779781649,150,2.241285,0.217710,0.013340,0.146849,0.257274,0.323653,0.433612,0.437401,0.455851,0.456019,0.319586,0.336657,0.279994,0.135359,calls/second,milliseconds
1779781650,150,2.241285,0.217710,0.013340,0.146849,0.257274,0.323653,0.433612,0.437401,0.455851,0.456019,0.318905,0.309739,0.275366,0.134609,calls/second,milliseconds
1779781651,150,2.241285,0.217710,0.013340,0.146849,0.257274,0.323653,0.433612,0.437401,0.455851,0.456019,0.318228,0.309739,0.275366,0.134609,calls/second,milliseconds
1779781652,150,2.241285,0.217710,0.013340,0.146849,0.257274,0.323653,0.433612,0.437401,0.455851,0.456019,0.317553,0.309739,0.275366,0.134609,calls/second,milliseconds
1779781653,150,2.241285,0.217710,0.013340,0.146849,0.257274,0.323653,0.433612,0.437401,0.455851,0.456019,0.316881,0.309739,0.275366,0.134609,calls/second,milliseconds
1779781654,150,2.241285,0.217710,0.013340,0.146849,0.257274,0.323653,0.433612,0.437401,0.455851,0.456019,0.316212,0.309739,0.275366,0.134609,calls/second,milliseconds
1779781655,150,2.241285,0.217710,0.013340,0.146849,0.257274,0.323653,0.433612,0.437401,0.455851,0.456019,0.315546,0.284974,0.270815,0.133863,calls/second,milliseconds
1779781656,150,2.241285,0.217710,0.013340,0.146849,0.257274,0.323653,0.433612,0.437401,0.455851,0.456019,0.314882,0.284974,0.270815,0.133863,calls/second,milliseconds
1779781657,155,2.241285,0.235807,0.013340,0.137425,0.260502,0.331318,0.390820,0.433612,0.450391,0.456019,0.324696,0.284974,0.270815,0.133863,calls/second,milliseconds
1779781658,155,2.241285,0.235807,0.013340,0.137425,0.260502,0.331318,0.390820,0.433612,0.450391,0.456019,0.324016,0.284974,0.270815,0.133863,calls/second,milliseconds
1779781659,155,2.241285,0.235807,0.013340,0.137425,0.260502,0.331318,0.390820,0.433612,0.450391,0.456019,0.323339,0.284974,0.270815,0.133863,calls/second,milliseconds
1779781660,155,2.241285,0.235807,0.013340,0.137425,0.260502,0.331318,0.390820,0.433612,0.450391,0.456019,0.322665,0.342144,0.282867,0.138661,calls/second,milliseconds
1779781661,155,2.241285,0.235807,0.013340,0.137425,0.260502,0.331318,0.390820,0.433612,0.450391,0.456019,0.321994,0.342144,0.282867,0.138661,calls/second,milliseconds
1779781662,155,2.241285,0.235807,0.013340,0.137425,0.260502,0.331318,0.390820,0.433612,0.450391,0.456019,0.321326,0.342144,0.282867,0.138661,calls/second,milliseconds
1779781663,155,2.241285,0.235807,0.013340,0.137425,0.260502,0.331318,0.390820,0.433612,0.450391,0.456019,0.320660,0.342144,0.282867,0.138661,calls/second,milliseconds
1779781664,155,2.241285,0.235807,0.013340,0.137425,0.260502,0.331318,0.390820,0.433612,0.450391,0.456019,0.319995,0.342144,0.282867,0.138661,calls/second,milliseconds
1779781665,155,2.241285,0.235807,0.013340,0.137425,0.260502,0.331318,0.390820,0.433612,0.450391,0.456019,0.319334,0.314788,0.278192,0.137893,calls/second,milliseconds
1779781666,155,2.241285,0.235807,0.013340,0.137425,0.260502,0.331318,0.390820,0.433612,0.450391,0.456019,0.318677,0.314788,0.278192,0.137893,calls/second,milliseconds
1779781667,160,2.241285,0.275173,0.013340,0.148027,0.293498,0.381197,0.453523,0.483000,0.483000,0.483000,0.328281,0.314788,0.278192,0.137893,calls/second,milliseconds
1779781668,160,2.241285,0.275173,0.013340,0.148027,0.293498,0.381197,0.453523,0.483000,0.483000,0.483000,0.327607,0.314788,0.278192,0.137893,calls/second,milliseconds
1779781669,165,2.241285,0.238126,0.013340,0.158975,0.260502,0.368096,0.453523,0.483000,0.483000,0.483000,0.337153,0.314788,0.278192,0.137893,calls/second,milliseconds
1779781670,165,2.241285,0.238126,0.013340,0.158975,0.260502,0.368096,0.453523,0.483000,0.483000,0.483000,0.336465,0.449530,0.306651,0.148210,calls/second,milliseconds
1779781671,165,2.241285,0.238126,0.013340,0.158975,0.260502,0.368096,0.453523,0.483000,0.483000,0.483000,0.335779,0.449530,0.306651,0.148210,calls/second,milliseconds
1779781672,165,2.241285,0.238126,0.013340,0.158975,0.260502,0.368096,0.453523,0.483000,0.483000,0.483000,0.335096,0.449530,0.306651,0.148210,calls/second,milliseconds
1779781673,165,2.241285,0.238126,0.013340,0.158975,0.260502,0.368096,0.453523,0.483000,0.483000,0.483000,0.334416,0.449530,0.306651,0.148210,calls/second,milliseconds
1779781674,165,2.241285,0.238126,0.013340,0.158975,0.260502,0.368096,0.453523,0.483000,0.483000,0.483000,0.333739,0.449530,0.306651,0.148210,calls/second,milliseconds
1779781675,165,2.241285,0.238126,0.013340,0.158975,0.260502,0.368096,0.453523,0.483000,0.483000,0.483000,0.333064,0.413587,0.301582,0.147389,calls/second,milliseconds
1779781676,165,2.241285,0.238126,0.013340,0.158975,0.260502,0.368096,0.453523,0.483000,0.483000,0.483000,0.332392,0.413587,0.301582,0.147389,calls/second,milliseconds
1779781677,165,2.241285,0.238126,0.013340,0.158975,0.260502,0.368096,0.453523,0.483000,0.483000,0.483000,0.331723,0.413587,0.301582,0.147389,calls/second,milliseconds
1779781678,165,2.241285,0.238126,0.013340,0.158975,0.260502,0.368096,0.453523,0.483000,0.483000,0.483000,0.331057,0.413587,0.301582,0.147389,calls/second,milliseconds
1779781679,170,2.241285,0.260129,0.013340,0.154728,0.302405,0.375292,0.453523,0.483000,0.483000,0.483000,0.340405,0.413587,0.301582,0.147389,calls/second,milliseconds
1779781680,170,2.241285,0.260129,0.013340,0.154728,0.302405,0.375292,0.453523,0.483000,0.483000,0.483000,0.339724,0.460474,0.313126,0.152112,calls/second,milliseconds
1779781681,170,2.241285,0.260129,0.013340,0.154728,0.302405,0.375292,0.453523,0.483000,0.483000,0.483000,0.339045,0.460474,0.313126,0.152112,calls/second,milliseconds
1779781682,170,2.241285,0.260129,0.013340,0.154728,0.302405,0.375292,0.453523,0.483000,0.483000,0.483000,0.338369,0.460474,0.313126,0.152112,calls/second,milliseconds
1779781683,170,2.241285,0.260129,0.013340,0.154728,0.302405,0.375292,0.453523,0.483000,0.483000,0.483000,0.337696,0.460474,0.313126,0.152112,calls/second,milliseconds
1779781684,170,2.241285,0.260129,0.013340,0.154728,0.302405,0.375292,0.453523,0.483000,0.483000,0.483000,0.337025,0.460474,0.313126,0.152112,calls/second,milliseconds
1779781685,170,2.241285,0.260129,0.013340,0.154728,0.302405,0.375292,0.453523,0.483000,0.483000,0.483000,0.336358,0.423657,0.307951,0.151269,calls/second,milliseconds
1779781686,170,2.241285,0.260129,0.013340,0.154728,0.302405,0.375292,0.453523,0.483000,0.483000,0.483000,0.335692,0.423657,0.307951,0.151269,calls/second,milliseconds
1779781687,170,2.241285,0.260129,0.013340,0.154728,0.302405,0.375292,0.453523,0.483000,0.483000,0.483000,0.335030,0.423657,0.307951,0.151269,calls/second,milliseconds
1779781688,170,2.241285,0.260129,0.013340,0.154728,0.302405,0.375292,0.453523,0.483000,0.483000,0.483000,0.334370,0.423657,0.307951,0.151269,calls/second,milliseconds
1779781689,175,2.241285,0.273806,0.013340,0.146235,0.315661,0.373194,0.450391,0.483000,0.483000,0.483000,0.343528,0.423657,0.307951,0.151269,calls/second,milliseconds
1779781690,175,2.241285,0.273806,0.013340,0.146235,0.315661,0.373194,0.450391,0.483000,0.483000,0.483000,0.342854,0.469739,0.319389,0.155971,calls/second,milliseconds
1779781691,180,2.241285,0.241095,0.013340,0.158114,0.301113,0.368096,0.438675,0.456019,0.483000,0.483000,0.351959,0.469739,0.319389,0.155971,calls/second,milliseconds
1779781692,180,2.241285,0.241095,0.013340,0.158114,0.301113,0.368096,0.438675,0.456019,0.483000,0.483000,0.351271,0.469739,0.319389,0.155971,calls/second,milliseconds
1779781693,180,2.241285,0.241095,0.013340,0.158114,0.301113,0.368096,0.438675,0.456019,0.483000,0.483000,0.350586,0.469739,0.319389,0.155971,calls/second,milliseconds
1779781694,180,2.241285,0.241095,0.013340,0.158114,0.301113,0.368096,0.438675,0.456019,0.483000,0.483000,0.349904,0.469739,0.319389,0.155971,calls/second,milliseconds
1779781695,180,2.241285,0.241095,0.013340,0.158114,0.301113,0.368096,0.438675,0.456019,0.483000,0.483000,0.349223,0.512136,0.330639,0.160648,calls/second,milliseconds
1779781696,180,2.241285,0.241095,0.013340,0.158114,0.301113,0.368096,0.438675,0.456019,0.483000,0.483000,0.348546,0.512136,0.330639,0.160648,calls/second,milliseconds
1779781697,180,2.241285,0.241095,0.013340,0.158114,0.301113,0.368096,0.438675,0.456019,0.483000,0.483000,0.347872,0.512136,0.330639,0.160648,calls/second,milliseconds
1779781698,180,2.241285,0.241095,0.013340,0.158114,0.301113,0.368096,0.438675,0.456019,0.483000,0.483000,0.347200,0.512136,0.330639,0.160648,calls/second,milliseconds
1779781699,180,2.241285,0.241095,0.013340,0.158114,0.301113,0.368096,0.438675,0.456019,0.483000,0.483000,0.346531,0.512136,0.330639,0.160648,calls/second,milliseconds
1779781700,180,2.241285,0.241095,0.013340,0.158114,0.301113,0.368096,0.438675,0.456019,0.483000,0.483000,0.345864,0.471188,0.325174,0.159758,calls/second,milliseconds
1779781701,180,2.241285,0.241095,0.013340,0.158114,0.301113,0.368096,0.438675,0.456019,0.483000,0.483000,0.345200,0.471188,0.325174,0.159758,calls/second,milliseconds
1779781702,180,2.241285,0.241095,0.013340,0.158114,0.301113,0.368096,0.438675,0.456019,0.483000,0.483000,0.344538,0.471188,0.325174,0.159758,calls/second,milliseconds
1779781703,180,2.241285,0.241095,0.013340,0.158114,0.301113,0.368096,0.438675,0.456019,0.483000,0.483000,0.343879,0.471188,0.325174,0.159758,calls/second,milliseconds
1779781704,180,2.241285,0.241095,0.013340,0.158114,0.301113,0.368096,0.438675,0.456019,0.483000,0.483000,0.343222,0.471188,0.325174,0.159758,calls/second,milliseconds
1779781705,180,2.241285,0.241095,0.013340,0.158114,0.301113,0.368096,0.438675,0.456019,0.483000,0.483000,0.342568,0.433514,0.319799,0.158872,calls/second,milliseconds
1779781706,185,2.241285,0.247160,0.013340,0.146893,0.283205,0.362231,0.438675,0.453523,0.483000,0.483000,0.351414,0.433514,0.319799,0.158872,calls/second,milliseconds
1779781707,185,2.241285,0.247160,0.013340,0.146893,0.283205,0.362231,0.438675,0.453523,0.483000,0.483000,0.350747,0.433514,0.319799,0.158872,calls/second,milliseconds
1779781708,185,2.241285,0.247160,0.013340,0.146893,0.283205,0.362231,0.438675,0.453523,0.483000,0.483000,0.350082,0.433514,0.319799,0.158872,calls/second,milliseconds
1779781709,185,2.241285,0.247160,0.013340,0.146893,0.283205,0.362231,0.438675,0.453523,0.483000,0.483000,0.349420,0.433514,0.319799,0.158872,calls/second,milliseconds
1779781710,185,2.241285,0.247160,0.013340,0.146893,0.283205,0.362231,0.438675,0.453523,0.483000,0.483000,0.348760,0.478808,0.331042,0.163532,calls/second,milliseconds
1779781711,185,2.241285,0.247160,0.013340,0.146893,0.283205,0.362231,0.438675,0.453523,0.483000,0.483000,0.348103,0.478808,0.331042,0.163532,calls/second,milliseconds
1779781712,185,2.241285,0.247160,0.013340,0.146893,0.283205,0.362231,0.438675,0.453523,0.483000,0.483000,0.347448,0.478808,0.331042,0.163532,calls/second,milliseconds
1779781713,185,2.241285,0.247160,0.013340,0.146893,0.283205,0.362231,0.438675,0.453523,0.483000,0.483000,0.346796,0.478808,0.331042,0.163532,calls/second,milliseconds
1779781714,185,2.241285,0.247160,0.013340,0.146893,0.283205,0.362231,0.438675,0.453523,0.483000,0.483000,0.346146,0.478808,0.331042,0.163532,calls/second,milliseconds
1779781715,185,2.241285,0.247160,0.013340,0.146893,0.283205,0.362231,0.438675,0.453523,0.483000,0.483000,0.345498,0.440524,0.325570,0.162626,calls/second,milliseconds
1779781716,190,2.241285,0.256597,0.013340,0.137924,0.291319,0.355938,0.437401,0.453523,0.483000,0.483000,0.354173,0.440524,0.325570,0.162626,calls/second,milliseconds
1779781717,190,2.241285,0.256597,0.013340,0.137924,0.291319,0.355938,0.437401,0.453523,0.483000,0.483000,0.353513,0.440524,0.325570,0.162626,calls/second,milliseconds
1779781718,195,2.241285,0.227690,0.013340,0.148509,0.283205,0.335779,0.436705,0.453523,0.483000,0.483000,0.362141,0.440524,0.325570,0.162626,calls/second,milliseconds
1779781719,195,2.241285,0.227690,0.013340,0.148509,0.283205,0.335779,0.436705,0.453523,0.483000,0.483000,0.361469,0.440524,0.325570,0.162626,calls/second,milliseconds
1779781720,195,2.241285,0.227690,0.013340,0.148509,0.283205,0.335779,0.436705,0.453523,0.483000,0.483000,0.360799,0.565213,0.353246,0.172806,calls/second,milliseconds
1779781721,195,2.241285,0.227690,0.013340,0.148509,0.283205,0.335779,0.436705,0.453523,0.483000,0.483000,0.360132,0.565213,0.353246,0.172806,calls/second,milliseconds
1779781722,195,2.241285,0.227690,0.013340,0.148509,0.283205,0.335779,0.436705,0.453523,0.483000,0.483000,0.359467,0.565213,0.353246,0.172806,calls/second,milliseconds
1779781723,195,2.241285,0.227690,0.013340,0.148509,0.283205,0.335779,0.436705,0.453523,0.483000,0.483000,0.358805,0.565213,0.353246,0.172806,calls/second,milliseconds
1779781724,195,2.241285,0.227690,0.013340,0.148509,0.283205,0.335779,0.436705,0.453523,0.483000,0.483000,0.358145,0.565213,0.353246,0.172806,calls/second,milliseconds
1779781725,195,2.241285,0.227690,0.013340,0.148509,0.283205,0.335779,0.436705,0.453523,0.483000,0.483000,0.357487,0.520021,0.347407,0.171848,calls/second,milliseconds
1779781726,195,2.241285,0.227690,0.013340,0.148509,0.283205,0.335779,0.436705,0.453523,0.483000,0.483000,0.356832,0.520021,0.347407,0.171848,calls/second,milliseconds
1779781727,195,2.241285,0.227690,0.013340,0.148509,0.283205,0.335779,0.436705,0.453523,0.483000,0.483000,0.356179,0.520021,0.347407,0.171848,calls/second,milliseconds
1779781728,195,2.241285,0.227690,0.013340,0.148509,0.283205,0.335779,0.436705,0.453523,0.483000,0.483000,0.355529,0.520021,0.347407,0.171848,calls/second,milliseconds
1779781729,195,2.241285,0.227690,0.013340,0.148509,0.283205,0.335779,0.436705,0.453523,0.483000,0.483000,0.354881,0.520021,0.347407,0.171848,calls/second,milliseconds
1779781730,195,2.241285,0.227690,0.013340,0.148509,0.283205,0.335779,0.436705,0.453523,0.483000,0.483000,0.354235,0.478442,0.341665,0.170896,calls/second,milliseconds
1779781731,195,2.241285,0.227690,0.013340,0.148509,0.283205,0.335779,0.436705,0.453523,0.483000,0.483000,0.353592,0.478442,0.341665,0.170896,calls/second,milliseconds
1779781732,195,2.241285,0.227690,0.013340,0.148509,0.283205,0.335779,0.436705,0.453523,0.483000,0.483000,0.352950,0.478442,0.341665,0.170896,calls/second,milliseconds
1779781733,200,2.241285,0.261342,0.013340,0.160815,0.292068,0.390820,0.491734,0.499333,0.499333,0.499333,0.361346,0.478442,0.341665,0.170896,calls/second,milliseconds
1779781734,200,2.241285,0.261342,0.013340,0.160815,0.292068,0.390820,0.491734,0.499333,0.499333,0.499333,0.360693,0.478442,0.341665,0.170896,calls/second,milliseconds
1779781735,200,2.241285,0.261342,0.013340,0.160815,0.292068,0.390820,0.491734,0.499333,0.499333,0.499333,0.360043,0.520144,0.352547,0.175490,calls/second,milliseconds
1779781736,200,2.241285,0.261342,0.013340,0.160815,0.292068,0.390820,0.491734,0.499333,0.499333,0.499333,0.359395,0.520144,0.352547,0.175490,calls/second,milliseconds
1779781737,200,2.241285,0.261342,0.013340,0.160815,0.292068,0.390820,0.491734,0.499333,0.499333,0.499333,0.358749,0.520144,0.352547,0.175490,calls/second,milliseconds
1779781738,200,2.241285,0.261342,0.013340,0.160815,0.292068,0.390820,0.491734,0.499333,0.499333,0.499333,0.358105,0.520144,0.352547,0.175490,calls/second,milliseconds
1779781739,200,2.241285,0.261342,0.013340,0.160815,0.292068,0.390820,0.491734,0.499333,0.499333,0.499333,0.357464,0.520144,0.352547,0.175490,calls/second,milliseconds
1779781740,200,2.241285,0.261342,0.013340,0.160815,0.292068,0.390820,0.491734,0.499333,0.499333,0.499333,0.356826,0.478556,0.346719,0.174517,calls/second,milliseconds
1779781741,200,2.241285,0.261342,0.013340,0.160815,0.292068,0.390820,0.491734,0.499333,0.499333,0.499333,0.356189,0.478556,0.346719,0.174517,calls/second,milliseconds
1779781742,200,2.241285,0.261342,0.013340,0.160815,0.292068,0.390820,0.491734,0.499333,0.499333,0.499333,0.355555,0.478556,0.346719,0.174517,calls/second,milliseconds
1779781743,205,2.241285,0.266472,0.013340,0.150504,0.293687,0.368052,0.485680,0.499333,0.499333,0.499333,0.363797,0.478556,0.346719,0.174517,calls/second,milliseconds
1779781744,205,2.241285,0.266472,0.013340,0.150504,0.293687,0.368052,0.485680,0.499333,0.499333,0.499333,0.363151,0.478556,0.346719,0.174517,calls/second,milliseconds
1779781745,210,2.241285,0.238476,0.013340,0.158675,0.291258,0.355938,0.485680,0.499333,0.499333,0.499333,0.371350,0.600204,0.374046,0.184631,calls/second,milliseconds
1779781746,210,2.241285,0.238476,0.013340,0.158675,0.291258,0.355938,0.485680,0.499333,0.499333,0.499333,0.370693,0.600204,0.374046,0.184631,calls/second,milliseconds
1779781747,210,2.241285,0.238476,0.013340,0.158675,0.291258,0.355938,0.485680,0.499333,0.499333,0.499333,0.370039,0.600204,0.374046,0.184631,calls/second,milliseconds
1779781748,210,2.241285,0.238476,0.013340,0.158675,0.291258,0.355938,0.485680,0.499333,0.499333,0.499333,0.369387,0.600204,0.374046,0.184631,calls/second,milliseconds
1779781749,210,2.241285,0.238476,0.013340,0.158675,0.291258,0.355938,0.485680,0.499333,0.499333,0.499333,0.368738,0.600204,0.374046,0.184631,calls/second,milliseconds
1779781750,210,2.241285,0.238476,0.013340,0.158675,0.291258,0.355938,0.485680,0.499333,0.499333,0.499333,0.368090,0.552214,0.367863,0.183608,calls/second,milliseconds
1779781751,210,2.241285,0.238476,0.013340,0.158675,0.291258,0.355938,0.485680,0.499333,0.499333,0.499333,0.367445,0.552214,0.367863,0.183608,calls/second,milliseconds
1779781752,210,2.241285,0.238476,0.013340,0.158675,0.291258,0.355938,0.485680,0.499333,0.499333,0.499333,0.366802,0.552214,0.367863,0.183608,calls/second,milliseconds
1779781753,210,2.241285,0.238476,0.013340,0.158675,0.291258,0.355938,0.485680,0.499333,0.499333,0.499333,0.366162,0.552214,0.367863,0.183608,calls/second,milliseconds
1779781754,210,2.241285,0.238476,0.013340,0.158675,0.291258,0.355938,0.485680,0.499333,0.499333,0.499333,0.365524,0.552214,0.367863,0.183608,calls/second,milliseconds
1779781755,210,2.241285,0.238476,0.013340,0.158675,0.291258,0.355938,0.485680,0.499333,0.499333,0.499333,0.364888,0.508061,0.361783,0.182591,calls/second,milliseconds
1779781756,210,2.241285,0.238476,0.013340,0.158675,0.291258,0.355938,0.485680,0.499333,0.499333,0.499333,0.364254,0.508061,0.361783,0.182591,calls/second,milliseconds
1779781757,210,2.241285,0.238476,0.013340,0.158675,0.291258,0.355938,0.485680,0.499333,0.499333,0.499333,0.363622,0.508061,0.361783,0.182591,calls/second,milliseconds
1779781758,210,2.241285,0.238476,0.013340,0.158675,0.291258,0.355938,0.485680,0.499333,0.499333,0.499333,0.362993,0.508061,0.361783,0.182591,calls/second,milliseconds
1779781759,210,2.241285,0.238476,0.013340,0.158675,0.291258,0.355938,0.485680,0.499333,0.499333,0.499333,0.362366,0.508061,0.361783,0.182591,calls/second,milliseconds
1779781760,210,2.241285,0.238476,0.013340,0.158675,0.291258,0.355938,0.485680,0.499333,0.499333,0.499333,0.361741,0.467439,0.355803,0.181579,calls/second,milliseconds
1779781761,210,2.241285,0.238476,0.013340,0.158675,0.291258,0.355938,0.485680,0.499333,0.499333,0.499333,0.361118,0.467439,0.355803,0.181579,calls/second,milliseconds
1779781762,210,2.241285,0.238476,0.013340,0.158675,0.291258,0.355938,0.485680,0.499333,0.499333,0.499333,0.360497,0.467439,0.355803,0.181579,calls/second,milliseconds
1779781763,210,2.241285,0.238476,0.013340,0.158675,0.291258,0.355938,0.485680,0.499333,0.499333,0.499333,0.359878,0.467439,0.355803,0.181579,calls/second,milliseconds
1779781764,210,2.241285,0.238476,0.013340,0.158675,0.291258,0.355938,0.485680,0.499333,0.499333,0.499333,0.359261,0.467439,0.355803,0.181579,calls/second,milliseconds
1779781765,210,2.241285,0.238476,0.013340,0.158675,0.291258,0.355938,0.485680,0.499333,0.499333,0.499333,0.358647,0.430065,0.349922,0.180573,calls/second,milliseconds
1779781766,210,2.241285,0.238476,0.013340,0.158675,0.291258,0.355938,0.485680,0.499333,0.499333,0.499333,0.358034,0.430065,0.349922,0.180573,calls/second,milliseconds
1779781767,210,2.241285,0.238476,0.013340,0.158675,0.291258,0.355938,0.485680,0.499333,0.499333,0.499333,0.357424,0.430065,0.349922,0.180573,calls/second,milliseconds
1779781768,210,2.241285,0.238476,0.013340,0.158675,0.291258,0.355938,0.485680,0.499333,0.499333,0.499333,0.356816,0.430065,0.349922,0.180573,calls/second,milliseconds
1779781769,210,2.241285,0.238476,0.013340,0.158675,0.291258,0.355938,0.485680,0.499333,0.499333,0.499333,0.356210,0.430065,0.349922,0.180573,calls/second,milliseconds
1779781770,210,2.241285,0.238476,0.013340,0.158675,0.291258,0.355938,0.485680,0.499333,0.499333,0.499333,0.355606,0.395679,0.344139,0.179573,calls/second,milliseconds
1779781771,210,2.241285,0.238476,0.013340,0.158675,0.291258,0.355938,0.485680,0.499333,0.499333,0.499333,0.355004,0.395679,0.344139,0.179573,calls/second,milliseconds
1779781772,210,2.241285,0.238476,0.013340,0.158675,0.291258,0.355938,0.485680,0.499333,0.499333,0.499333,0.354404,0.395679,0.344139,0.179573,calls/second,milliseconds
1779781773,210,2.241285,0.238476,0.013340,0.158675,0.291258,0.355938,0.485680,0.499333,0.499333,0.499333,0.353803,0.395679,0.344139,0.179573,calls/second,milliseconds
1779781774,210,2.241285,0.238476,0.013340,0.158675,0.291258,0.355938,0.485680,0.499333,0.499333,0.499333,0.353207,0.395679,0.344139,0.179573,calls/second,milliseconds
1779781775,210,2.241285,0.238476,0.013340,0.158675,0.291258,0.355938,0.485680,0.499333,0.499333,0.499333,0.352613,0.364042,0.338451,0.178578,calls/second,milliseconds
1779781776,210,2.241285,0.238476,0.013340,0.158675,0.291258,0.355938,0.485680,0.499333,0.499333,0.499333,0.352021,0.364042,0.338451,0.178578,calls/second,milliseconds
1779781777,210,2.241285,0.238476,0.013340,0.158675,0.291258,0.355938,0.485680,0.499333,0.499333,0.499333,0.351431,0.364042,0.338451,0.178578,calls/second,milliseconds
1779781778,210,2.241285,0.238476,0.013340,0.158675,0.291258,0.355938,0.485680,0.499333,0.499333,0.499333,0.350843,0.364042,0.338451,0.178578,calls/second,milliseconds
1779781779,210,2.241285,0.238476,0.013340,0.158675,0.291258,0.355938,0.485680,0.499333,0.499333,0.499333,0.350257,0.364042,0.338451,0.178578,calls/second,milliseconds
1779781780,210,2.241285,0.238476,0.013340,0.158675,0.291258,0.355938,0.485680,0.499333,0.499333,0.499333,0.349672,0.334935,0.332857,0.177589,calls/second,milliseconds
1779781781,210,2.241285,0.238476,0.013340,0.158675,0.291258,0.355938,0.485680,0.499333,0.499333,0.499333,0.349091,0.334935,0.332857,0.177589,calls/second,milliseconds
1779781782,210,2.241285,0.238476,0.013340,0.158675,0.291258,0.355938,0.485680,0.499333,0.499333,0.499333,0.348510,0.334935,0.332857,0.177589,calls/second,milliseconds
1779781783,210,2.241285,0.238476,0.013340,0.158675,0.291258,0.355938,0.485680,0.499333,0.499333,0.499333,0.347932,0.334935,0.332857,0.177589,calls/second,milliseconds
1779781784,210,2.241285,0.238476,0.013340,0.158675,0.291258,0.355938,0.485680,0.499333,0.499333,0.499333,0.347356,0.334935,0.332857,0.177589,calls/second,milliseconds
1779781785,210,2.241285,0.238476,0.013340,0.158675,0.291258,0.355938,0.485680,0.499333,0.499333,0.499333,0.346781,0.308155,0.327355,0.176605,calls/second,milliseconds
1779781786,210,2.241285,0.238476,0.013340,0.158675,0.291258,0.355938,0.485680,0.499333,0.499333,0.499333,0.346209,0.308155,0.327355,0.176605,calls/second,milliseconds
1779781787,210,2.241285,0.238476,0.013340,0.158675,0.291258,0.355938,0.485680,0.499333,0.499333,0.499333,0.345638,0.308155,0.327355,0.176605,calls/second,milliseconds
1779781788,210,2.241285,0.238476,0.013340,0.158675,0.291258,0.355938,0.485680,0.499333,0.499333,0.499333,0.345069,0.308155,0.327355,0.176605,calls/second,milliseconds
1779781789,210,2.241285,0.238476,0.013340,0.158675,0.291258,0.355938,0.485680,0.499333,0.499333,0.499333,0.344502,0.308155,0.327355,0.176605,calls/second,milliseconds
1779781790,210,2.241285,0.238476,0.013340,0.158675,0.291258,0.355938,0.485680,0.499333,0.499333,0.499333,0.343937,0.283516,0.321944,0.175626,calls/second,milliseconds
1779781791,210,2.241285,0.238476,0.013340,0.158675,0.291258,0.355938,0.485680,0.499333,0.499333,0.499333,0.343374,0.283516,0.321944,0.175626,calls/second,milliseconds
1779781792,210,2.241285,0.238476,0.013340,0.158675,0.291258,0.355938,0.485680,0.499333,0.499333,0.499333,0.342813,0.283516,0.321944,0.175626,calls/second,milliseconds
1779781793,210,2.241285,0.238476,0.013340,0.158675,0.291258,0.355938,0.485680,0.499333,0.499333,0.499333,0.342253,0.283516,0.321944,0.175626,calls/second,milliseconds
1779781794,210,2.241285,0.238476,0.013340,0.158675,0.291258,0.355938,0.485680,0.499333,0.499333,0.499333,0.341695,0.283516,0.321944,0.175626,calls/second,milliseconds
1779781795,210,2.241285,0.238476,0.013340,0.158675,0.291258,0.355938,0.485680,0.499333,0.499333,0.499333,0.341140,0.260847,0.316623,0.174653,calls/second,milliseconds
1779781796,210,2.241285,0.238476,0.013340,0.158675,0.291258,0.355938,0.485680,0.499333,0.499333,0.499333,0.340586,0.260847,0.316623,0.174653,calls/second,milliseconds
1779781797,210,2.241285,0.238476,0.013340,0.158675,0.291258,0.355938,0.485680,0.499333,0.499333,0.499333,0.340033,0.260847,0.316623,0.174653,calls/second,milliseconds
1779781798,210,2.241285,0.238476,0.013340,0.158675,0.291258,0.355938,0.485680,0.499333,0.499333,0.499333,0.339483,0.260847,0.316623,0.174653,calls/second,milliseconds
1779781799,210,2.241285,0.238476,0.013340,0.158675,0.291258,0.355938,0.485680,0.499333,0.499333,0.499333,0.338934,0.260847,0.316623,0.174653,calls/second,milliseconds
1779781800,210,2.241285,0.238476,0.013340,0.158675,0.291258,0.355938,0.485680,0.499333,0.499333,0.499333,0.338387,0.239991,0.311390,0.173686,calls/second,milliseconds
1779781801,210,2.241285,0.238476,0.013340,0.158675,0.291258,0.355938,0.485680,0.499333,0.499333,0.499333,0.337842,0.239991,0.311390,0.173686,calls/second,milliseconds
1779781802,210,2.241285,0.238476,0.013340,0.158675,0.291258,0.355938,0.485680,0.499333,0.499333,0.499333,0.337299,0.239991,0.311390,0.173686,calls/second,milliseconds
1779781803,210,2.241285,0.238476,0.013340,0.158675,0.291258,0.355938,0.485680,0.499333,0.499333,0.499333,0.336757,0.239991,0.311390,0.173686,calls/second,milliseconds
1779781804,210,2.241285,0.238476,0.013340,0.158675,0.291258,0.355938,0.485680,0.499333,0.499333,0.499333,0.336217,0.239991,0.311390,0.173686,calls/second,milliseconds
1779781805,210,2.241285,0.238476,0.013340,0.158675,0.291258,0.355938,0.485680,0.499333,0.499333,0.499333,0.335679,0.220803,0.306243,0.172723,calls/second,milliseconds
1779781806,210,2.241285,0.238476,0.013340,0.158675,0.291258,0.355938,0.485680,0.499333,0.499333,0.499333,0.335143,0.220803,0.306243,0.172723,calls/second,milliseconds
1779781807,210,2.241285,0.238476,0.013340,0.158675,0.291258,0.355938,0.485680,0.499333,0.499333,0.499333,0.334608,0.220803,0.306243,0.172723,calls/second,milliseconds
1779781808,210,2.241285,0.238476,0.013340,0.158675,0.291258,0.355938,0.485680,0.499333,0.499333,0.499333,0.334075,0.220803,0.306243,0.172723,calls/second,milliseconds
1779781809,210,2.241285,0.238476,0.013340,0.158675,0.291258,0.355938,0.485680,0.499333,0.499333,0.499333,0.333544,0.220803,0.306243,0.172723,calls/second,milliseconds
1779781810,210,2.241285,0.238476,0.013340,0.158675,0.291258,0.355938,0.485680,0.499333,0.499333,0.499333,0.333014,0.203148,0.301181,0.171767,calls/second,milliseconds
1779781811,210,2.241285,0.238476,0.013340,0.158675,0.291258,0.355938,0.485680,0.499333,0.499333,0.499333,0.332486,0.203148,0.301181,0.171767,calls/second,milliseconds
1779781812,210,2.241285,0.238476,0.013340,0.158675,0.291258,0.355938,0.485680,0.499333,0.499333,0.499333,0.331960,0.203148,0.301181,0.171767,calls/second,milliseconds
1779781813,210,2.241285,0.238476,0.013340,0.158675,0.291258,0.355938,0.485680,0.499333,0.499333,0.499333,0.331435,0.203148,0.301181,0.171767,calls/second,milliseconds
1779781814,210,2.241285,0.238476,0.013340,0.158675,0.291258,0.355938,0.485680,0.499333,0.499333,0.499333,0.330912,0.203148,0.301181,0.171767,calls/second,milliseconds
1779781815,210,2.241285,0.238476,0.013340,0.158675,0.291258,0.355938,0.485680,0.499333,0.499333,0.499333,0.330390,0.186905,0.296203,0.170815,calls/second,milliseconds
1779781816,210,2.241285,0.238476,0.013340,0.158675,0.291258,0.355938,0.485680,0.499333,0.499333,0.499333,0.329871,0.186905,0.296203,0.170815,calls/second,milliseconds
1779781817,210,2.241285,0.238476,0.013340,0.158675,0.291258,0.355938,0.485680,0.499333,0.499333,0.499333,0.329353,0.186905,0.296203,0.170815,calls/second,milliseconds
1779781818,210,2.241285,0.238476,0.013340,0.158675,0.291258,0.355938,0.485680,0.499333,0.499333,0.499333,0.328836,0.186905,0.296203,0.170815,calls/second,milliseconds
1779781819,210,2.241285,0.238476,0.013340,0.158675,0.291258,0.355938,0.485680,0.499333,0.499333,0.499333,0.328322,0.186905,0.296203,0.170815,calls/second,milliseconds
1779781820,210,2.241285,0.238476,0.013340,0.158675,0.291258,0.355938,0.485680,0.499333,0.499333,0.499333,0.327808,0.171961,0.291307,0.169869,calls/second,milliseconds
1779781821,210,2.241285,0.238476,0.013340,0.158675,0.291258,0.355938,0.485680,0.499333,0.499333,0.499333,0.327297,0.171961,0.291307,0.169869,calls/second,milliseconds
1779781822,210,2.241285,0.238476,0.013340,0.158675,0.291258,0.355938,0.485680,0.499333,0.499333,0.499333,0.326787,0.171961,0.291307,0.169869,calls/second,milliseconds
1779781823,210,2.241285,0.238476,0.013340,0.158675,0.291258,0.355938,0.485680,0.499333,0.499333,0.499333,0.326278,0.171961,0.291307,0.169869,calls/second,milliseconds
1779781824,210,2.241285,0.238476,0.013340,0.158675,0.291258,0.355938,0.485680,0.499333,0.499333,0.499333,0.325771,0.171961,0.291307,0.169869,calls/second,milliseconds
1779781825,210,2.241285,0.238476,0.013340,0.158675,0.291258,0.355938,0.485680,0.499333,0.499333,0.499333,0.325266,0.158212,0.286492,0.168928,calls/second,milliseconds
1779781826,210,2.241285,0.238476,0.013340,0.158675,0.291258,0.355938,0.485680,0.499333,0.499333,0.499333,0.324762,0.158212,0.286492,0.168928,calls/second,milliseconds
1779781827,210,2.241285,0.238476,0.013340,0.158675,0.291258,0.355938,0.485680,0.499333,0.499333,0.499333,0.324260,0.158212,0.286492,0.168928,calls/second,milliseconds
1779781828,210,2.241285,0.238476,0.013340,0.158675,0.291258,0.355938,0.485680,0.499333,0.499333,0.499333,0.323759,0.158212,0.286492,0.168928,calls/second,milliseconds
1779781829,210,2.241285,0.238476,0.013340,0.158675,0.291258,0.355938,0.485680,0.499333,0.499333,0.499333,0.323260,0.158212,0.286492,0.168928,calls/second,milliseconds
1779781830,210,2.241285,0.238476,0.013340,0.158675,0.291258,0.355938,0.485680,0.499333,0.499333,0.499333,0.322763,0.145562,0.281757,0.167992,calls/second,milliseconds
1779781831,210,2.241285,0.238476,0.013340,0.158675,0.291258,0.355938,0.485680,0.499333,0.499333,0.499333,0.322267,0.145562,0.281757,0.167992,calls/second,milliseconds
1779781832,210,2.241285,0.238476,0.013340,0.158675,0.291258,0.355938,0.485680,0.499333,0.499333,0.499333,0.321772,0.145562,0.281757,0.167992,calls/second,milliseconds
1779781833,210,2.241285,0.238476,0.013340,0.158675,0.291258,0.355938,0.485680,0.499333,0.499333,0.499333,0.321279,0.145562,0.281757,0.167992,calls/second,milliseconds
1779781834,210,2.241285,0.238476,0.013340,0.158675,0.291258,0.355938,0.485680,0.499333,0.499333,0.499333,0.320788,0.145562,0.281757,0.167992,calls/second,milliseconds
1779781835,210,2.241285,0.238476,0.013340,0.158675,0.291258,0.355938,0.485680,0.499333,0.499333,0.499333,0.320298,0.133924,0.277100,0.167061,calls/second,milliseconds
1779781836,210,2.241285,0.238476,0.013340,0.158675,0.291258,0.355938,0.485680,0.499333,0.499333,0.499333,0.319809,0.133924,0.277100,0.167061,calls/second,milliseconds
1779781837,210,2.241285,0.238476,0.013340,0.158675,0.291258,0.355938,0.485680,0.499333,0.499333,0.499333,0.319322,0.133924,0.277100,0.167061,calls/second,milliseconds
1779781838,210,2.241285,0.238476,0.013340,0.158675,0.291258,0.355938,0.485680,0.499333,0.499333,0.499333,0.318837,0.133924,0.277100,0.167061,calls/second,milliseconds
1779781839,210,2.241285,0.238476,0.013340,0.158675,0.291258,0.355938,0.485680,0.499333,0.499333,0.499333,0.318353,0.133924,0.277100,0.167061,calls/second,milliseconds
1779781840,210,2.241285,0.238476,0.013340,0.158675,0.291258,0.355938,0.485680,0.499333,0.499333,0.499333,0.317870,0.123216,0.272520,0.166135,calls/second,milliseconds
1779781841,210,2.241285,0.238476,0.013340,0.158675,0.291258,0.355938,0.485680,0.499333,0.499333,0.499333,0.317389,0.123216,0.272520,0.166135,calls/second,milliseconds
1779781842,210,2.241285,0.238476,0.013340,0.158675,0.291258,0.355938,0.485680,0.499333,0.499333,0.499333,0.316910,0.123216,0.272520,0.166135,calls/second,milliseconds
1779781843,210,2.241285,0.238476,0.013340,0.158675,0.291258,0.355938,0.485680,0.499333,0.499333,0.499333,0.316431,0.123216,0.272520,0.166135,calls/second,milliseconds
1779781844,210,2.241285,0.238476,0.013340,0.158675,0.291258,0.355938,0.485680,0.499333,0.499333,0.499333,0.315955,0.123216,0.272520,0.166135,calls/second,milliseconds
1779781845,215,2.241285,0.272642,0.013340,0.134634,0.317306,0.349043,0.453523,0.491734,0.499333,0.499333,0.322991,0.113364,0.268016,0.165215,calls/second,milliseconds
1779781846,215,2.241285,0.272642,0.013340,0.134634,0.317306,0.349043,0.453523,0.491734,0.499333,0.499333,0.322506,0.113364,0.268016,0.165215,calls/second,milliseconds
1779781847,215,2.241285,0.272642,0.013340,0.134634,0.317306,0.349043,0.453523,0.491734,0.499333,0.499333,0.322022,0.113364,0.268016,0.165215,calls/second,milliseconds
1779781848,215,2.241285,0.272642,0.013340,0.134634,0.317306,0.349043,0.453523,0.491734,0.499333,0.499333,0.321540,0.113364,0.268016,0.165215,calls/second,milliseconds
1779781849,215,2.241285,0.272642,0.013340,0.134634,0.317306,0.349043,0.453523,0.491734,0.499333,0.499333,0.321059,0.113364,0.268016,0.165215,calls/second,milliseconds
1779781850,215,2.241285,0.272642,0.013340,0.134634,0.317306,0.349043,0.453523,0.491734,0.499333,0.499333,0.320579,0.184255,0.280114,0.169840,calls/second,milliseconds
1779781851,215,2.241285,0.272642,0.013340,0.134634,0.317306,0.349043,0.453523,0.491734,0.499333,0.499333,0.320101,0.184255,0.280114,0.169840,calls/second,milliseconds
1779781852,215,2.241285,0.272642,0.013340,0.134634,0.317306,0.349043,0.453523,0.491734,0.499333,0.499333,0.319625,0.184255,0.280114,0.169840,calls/second,milliseconds
1779781853,215,2.241285,0.272642,0.013340,0.134634,0.317306,0.349043,0.453523,0.491734,0.499333,0.499333,0.319150,0.184255,0.280114,0.169840,calls/second,milliseconds
1779781854,215,2.241285,0.272642,0.013340,0.134634,0.317306,0.349043,0.453523,0.491734,0.499333,0.499333,0.318676,0.184255,0.280114,0.169840,calls/second,milliseconds
1779781855,220,2.241285,0.269846,0.013340,0.114717,0.287233,0.328830,0.431470,0.485680,0.491734,0.499333,0.325604,0.249479,0.292013,0.174439,calls/second,milliseconds
1779781856,220,2.241285,0.269846,0.013340,0.114717,0.287233,0.328830,0.431470,0.485680,0.491734,0.499333,0.325122,0.249479,0.292013,0.174439,calls/second,milliseconds
1779781857,225,2.241285,0.213150,0.013340,0.143744,0.279387,0.317306,0.406863,0.485680,0.491734,0.499333,0.332020,0.249479,0.292013,0.174439,calls/second,milliseconds
1779781858,225,2.241285,0.213150,0.013340,0.143744,0.279387,0.317306,0.406863,0.485680,0.491734,0.499333,0.331530,0.249479,0.292013,0.174439,calls/second,milliseconds
1779781859,225,2.241285,0.213150,0.013340,0.143744,0.279387,0.317306,0.406863,0.485680,0.491734,0.499333,0.331041,0.249479,0.292013,0.174439,calls/second,milliseconds
1779781860,225,2.241285,0.213150,0.013340,0.143744,0.279387,0.317306,0.406863,0.485680,0.491734,0.499333,0.330555,0.309487,0.303715,0.179013,calls/second,milliseconds
1779781861,225,2.241285,0.213150,0.013340,0.143744,0.279387,0.317306,0.406863,0.485680,0.491734,0.499333,0.330069,0.309487,0.303715,0.179013,calls/second,milliseconds
1779781862,230,2.241285,0.219138,0.013340,0.129720,0.263945,0.311617,0.397833,0.455851,0.491734,0.499333,0.336909,0.309487,0.303715,0.179013,calls/second,milliseconds
1779781863,230,2.241285,0.219138,0.013340,0.129720,0.263945,0.311617,0.397833,0.455851,0.491734,0.499333,0.336415,0.309487,0.303715,0.179013,calls/second,milliseconds
1779781864,230,2.241285,0.219138,0.013340,0.129720,0.263945,0.311617,0.397833,0.455851,0.491734,0.499333,0.335923,0.309487,0.303715,0.179013,calls/second,milliseconds
1779781865,230,2.241285,0.219138,0.013340,0.129720,0.263945,0.311617,0.397833,0.455851,0.491734,0.499333,0.335432,0.364697,0.315223,0.183561,calls/second,milliseconds
1779781866,230,2.241285,0.219138,0.013340,0.129720,0.263945,0.311617,0.397833,0.455851,0.491734,0.499333,0.334943,0.364697,0.315223,0.183561,calls/second,milliseconds
1779781867,230,2.241285,0.219138,0.013340,0.129720,0.263945,0.311617,0.397833,0.455851,0.491734,0.499333,0.334455,0.364697,0.315223,0.183561,calls/second,milliseconds
1779781868,230,2.241285,0.219138,0.013340,0.129720,0.263945,0.311617,0.397833,0.455851,0.491734,0.499333,0.333969,0.364697,0.315223,0.183561,calls/second,milliseconds
1779781869,230,2.241285,0.219138,0.013340,0.129720,0.263945,0.311617,0.397833,0.455851,0.491734,0.499333,0.333484,0.364697,0.315223,0.183561,calls/second,milliseconds
1779781870,230,2.241285,0.219138,0.013340,0.129720,0.263945,0.311617,0.397833,0.455851,0.491734,0.499333,0.333001,0.335538,0.310013,0.182544,calls/second,milliseconds
1779781871,230,2.241285,0.219138,0.013340,0.129720,0.263945,0.311617,0.397833,0.455851,0.491734,0.499333,0.332518,0.335538,0.310013,0.182544,calls/second,milliseconds
1779781872,235,2.241285,0.237781,0.013340,0.123602,0.282300,0.321294,0.362231,0.438675,0.485680,0.499333,0.339256,0.335538,0.310013,0.182544,calls/second,milliseconds
1779781873,235,2.241285,0.237781,0.013340,0.123602,0.282300,0.321294,0.362231,0.438675,0.485680,0.499333,0.338766,0.335538,0.310013,0.182544,calls/second,milliseconds
1779781874,240,2.241285,0.203913,0.013340,0.136762,0.263945,0.315661,0.361832,0.431470,0.485680,0.499333,0.345475,0.335538,0.310013,0.182544,calls/second,milliseconds
1779781875,240,2.241285,0.203913,0.013340,0.136762,0.263945,0.315661,0.361832,0.431470,0.485680,0.499333,0.344978,0.468621,0.337946,0.192613,calls/second,milliseconds
1779781876,240,2.241285,0.203913,0.013340,0.136762,0.263945,0.315661,0.361832,0.431470,0.485680,0.499333,0.344482,0.468621,0.337946,0.192613,calls/second,milliseconds
1779781877,240,2.241285,0.203913,0.013340,0.136762,0.263945,0.315661,0.361832,0.431470,0.485680,0.499333,0.343988,0.468621,0.337946,0.192613,calls/second,milliseconds
1779781878,240,2.241285,0.203913,0.013340,0.136762,0.263945,0.315661,0.361832,0.431470,0.485680,0.499333,0.343495,0.468621,0.337946,0.192613,calls/second,milliseconds
1779781879,240,2.241285,0.203913,0.013340,0.136762,0.263945,0.315661,0.361832,0.431470,0.485680,0.499333,0.343003,0.468621,0.337946,0.192613,calls/second,milliseconds
1779781880,240,2.241285,0.203913,0.013340,0.136762,0.263945,0.315661,0.361832,0.431470,0.485680,0.499333,0.342513,0.431152,0.332360,0.191546,calls/second,milliseconds
1779781881,240,2.241285,0.203913,0.013340,0.136762,0.263945,0.315661,0.361832,0.431470,0.485680,0.499333,0.342024,0.431152,0.332360,0.191546,calls/second,milliseconds
1779781882,240,2.241285,0.203913,0.013340,0.136762,0.263945,0.315661,0.361832,0.431470,0.485680,0.499333,0.341534,0.431152,0.332360,0.191546,calls/second,milliseconds
1779781883,240,2.241285,0.203913,0.013340,0.136762,0.263945,0.315661,0.361832,0.431470,0.485680,0.499333,0.341048,0.431152,0.332360,0.191546,calls/second,milliseconds
1779781884,240,2.241285,0.203913,0.013340,0.136762,0.263945,0.315661,0.361832,0.431470,0.485680,0.499333,0.340563,0.431152,0.332360,0.191546,calls/second,milliseconds
1779781885,240,2.241285,0.203913,0.013340,0.136762,0.263945,0.315661,0.361832,0.431470,0.485680,0.499333,0.340080,0.396679,0.326867,0.190485,calls/second,milliseconds
1779781886,240,2.241285,0.203913,0.013340,0.136762,0.263945,0.315661,0.361832,0.431470,0.485680,0.499333,0.339598,0.396679,0.326867,0.190485,calls/second,milliseconds
1779781887,240,2.241285,0.203913,0.013340,0.136762,0.263945,0.315661,0.361832,0.431470,0.485680,0.499333,0.339118,0.396679,0.326867,0.190485,calls/second,milliseconds
1779781888,240,2.241285,0.203913,0.013340,0.136762,0.263945,0.315661,0.361832,0.431470,0.485680,0.499333,0.338638,0.396679,0.326867,0.190485,calls/second,milliseconds
1779781889,245,2.241285,0.247317,0.013340,0.157966,0.282535,0.359485,0.468780,0.531469,0.531469,0.531469,0.345205,0.396679,0.326867,0.190485,calls/second,milliseconds
1779781890,245,2.241285,0.247317,0.013340,0.157966,0.282535,0.359485,0.468780,0.531469,0.531469,0.531469,0.344719,0.444918,0.337993,0.194970,calls/second,milliseconds
1779781891,245,2.241285,0.247317,0.013340,0.157966,0.282535,0.359485,0.468780,0.531469,0.531469,0.531469,0.344234,0.444918,0.337993,0.194970,calls/second,milliseconds
1779781892,245,2.241285,0.247317,0.013340,0.157966,0.282535,0.359485,0.468780,0.531469,0.531469,0.531469,0.343750,0.444918,0.337993,0.194970,calls/second,milliseconds
1779781893,245,2.241285,0.247317,0.013340,0.157966,0.282535,0.359485,0.468780,0.531469,0.531469,0.531469,0.343268,0.444918,0.337993,0.194970,calls/second,milliseconds
1779781894,245,2.241285,0.247317,0.013340,0.157966,0.282535,0.359485,0.468780,0.531469,0.531469,0.531469,0.342787,0.444918,0.337993,0.194970,calls/second,milliseconds
1779781895,245,2.241285,0.247317,0.013340,0.157966,0.282535,0.359485,0.468780,0.531469,0.531469,0.531469,0.342307,0.409344,0.332406,0.193890,calls/second,milliseconds
1779781896,245,2.241285,0.247317,0.013340,0.157966,0.282535,0.359485,0.468780,0.531469,0.531469,0.531469,0.341829,0.409344,0.332406,0.193890,calls/second,milliseconds
1779781897,245,2.241285,0.247317,0.013340,0.157966,0.282535,0.359485,0.468780,0.531469,0.531469,0.531469,0.341352,0.409344,0.332406,0.193890,calls/second,milliseconds
1779781898,245,2.241285,0.247317,0.013340,0.157966,0.282535,0.359485,0.468780,0.531469,0.531469,0.531469,0.340876,0.409344,0.332406,0.193890,calls/second,milliseconds
1779781899,250,2.241285,0.236877,0.013340,0.147057,0.263945,0.328420,0.468780,0.531469,0.531469,0.531469,0.347349,0.409344,0.332406,0.193890,calls/second,milliseconds
1779781900,250,2.241285,0.236877,0.013340,0.147057,0.263945,0.328420,0.468780,0.531469,0.531469,0.531469,0.346866,0.456570,0.343441,0.198356,calls/second,milliseconds
1779781901,255,2.241285,0.207849,0.013340,0.153299,0.211316,0.321294,0.468780,0.531469,0.531469,0.531469,0.353312,0.456570,0.343441,0.198356,calls/second,milliseconds
1779781902,255,2.241285,0.207849,0.013340,0.153299,0.211316,0.321294,0.468780,0.531469,0.531469,0.531469,0.352823,0.456570,0.343441,0.198356,calls/second,milliseconds
1779781903,255,2.241285,0.207849,0.013340,0.153299,0.211316,0.321294,0.468780,0.531469,0.531469,0.531469,0.352335,0.456570,0.343441,0.198356,calls/second,milliseconds
1779781904,255,2.241285,0.207849,0.013340,0.153299,0.211316,0.321294,0.468780,0.531469,0.531469,0.531469,0.351848,0.456570,0.343441,0.198356,calls/second,milliseconds
1779781905,255,2.241285,0.207849,0.013340,0.153299,0.211316,0.321294,0.468780,0.531469,0.531469,0.531469,0.351362,0.500021,0.354293,0.202797,calls/second,milliseconds
1779781906,255,2.241285,0.207849,0.013340,0.153299,0.211316,0.321294,0.468780,0.531469,0.531469,0.531469,0.350878,0.500021,0.354293,0.202797,calls/second,milliseconds
1779781907,255,2.241285,0.207849,0.013340,0.153299,0.211316,0.321294,0.468780,0.531469,0.531469,0.531469,0.350395,0.500021,0.354293,0.202797,calls/second,milliseconds
1779781908,255,2.241285,0.207849,0.013340,0.153299,0.211316,0.321294,0.468780,0.531469,0.531469,0.531469,0.349914,0.500021,0.354293,0.202797,calls/second,milliseconds
1779781909,255,2.241285,0.207849,0.013340,0.153299,0.211316,0.321294,0.468780,0.531469,0.531469,0.531469,0.349434,0.500021,0.354293,0.202797,calls/second,milliseconds
1779781910,255,2.241285,0.207849,0.013340,0.153299,0.211316,0.321294,0.468780,0.531469,0.531469,0.531469,0.348955,0.460041,0.348437,0.201673,calls/second,milliseconds
1779781911,255,2.241285,0.207849,0.013340,0.153299,0.211316,0.321294,0.468780,0.531469,0.531469,0.531469,0.348477,0.460041,0.348437,0.201673,calls/second,milliseconds
1779781912,255,2.241285,0.207849,0.013340,0.153299,0.211316,0.321294,0.468780,0.531469,0.531469,0.531469,0.348001,0.460041,0.348437,0.201673,calls/second,milliseconds
1779781913,255,2.241285,0.207849,0.013340,0.153299,0.211316,0.321294,0.468780,0.531469,0.531469,0.531469,0.347526,0.460041,0.348437,0.201673,calls/second,milliseconds
1779781914,255,2.241285,0.207849,0.013340,0.153299,0.211316,0.321294,0.468780,0.531469,0.531469,0.531469,0.347052,0.460041,0.348437,0.201673,calls/second,milliseconds
1779781915,255,2.241285,0.207849,0.013340,0.153299,0.211316,0.321294,0.468780,0.531469,0.531469,0.531469,0.346580,0.423258,0.342678,0.200556,calls/second,milliseconds
1779781916,255,2.241285,0.207849,0.013340,0.153299,0.211316,0.321294,0.468780,0.531469,0.531469,0.531469,0.346109,0.423258,0.342678,0.200556,calls/second,milliseconds
1779781917,255,2.241285,0.207849,0.013340,0.153299,0.211316,0.321294,0.468780,0.531469,0.531469,0.531469,0.345639,0.423258,0.342678,0.200556,calls/second,milliseconds
1779781918,255,2.241285,0.207849,0.013340,0.153299,0.211316,0.321294,0.468780,0.531469,0.531469,0.531469,0.345171,0.423258,0.342678,0.200556,calls/second,milliseconds
1779781919,255,2.241285,0.207849,0.013340,0.153299,0.211316,0.321294,0.468780,0.531469,0.531469,0.531469,0.344704,0.423258,0.342678,0.200556,calls/second,milliseconds
1779781920,255,2.241285,0.207849,0.013340,0.153299,0.211316,0.321294,0.468780,0.531469,0.531469,0.531469,0.344238,0.389416,0.337014,0.199445,calls/second,milliseconds
1779781921,255,2.241285,0.207849,0.013340,0.153299,0.211316,0.321294,0.468780,0.531469,0.531469,0.531469,0.343773,0.389416,0.337014,0.199445,calls/second,milliseconds
1779781922,255,2.241285,0.207849,0.013340,0.153299,0.211316,0.321294,0.468780,0.531469,0.531469,0.531469,0.343309,0.389416,0.337014,0.199445,calls/second,milliseconds
1779781923,255,2.241285,0.207849,0.013340,0.153299,0.211316,0.321294,0.468780,0.531469,0.531469,0.531469,0.342847,0.389416,0.337014,0.199445,calls/second,milliseconds
1779781924,255,2.241285,0.207849,0.013340,0.153299,0.211316,0.321294,0.468780,0.531469,0.531469,0.531469,0.342386,0.389416,0.337014,0.199445,calls/second,milliseconds
1779781925,255,2.241285,0.207849,0.013340,0.153299,0.211316,0.321294,0.468780,0.531469,0.531469,0.531469,0.341926,0.358280,0.331443,0.198340,calls/second,milliseconds
1779781926,255,2.241285,0.207849,0.013340,0.153299,0.211316,0.321294,0.468780,0.531469,0.531469,0.531469,0.341468,0.358280,0.331443,0.198340,calls/second,milliseconds
1779781927,255,2.241285,0.207849,0.013340,0.153299,0.211316,0.321294,0.468780,0.531469,0.531469,0.531469,0.341010,0.358280,0.331443,0.198340,calls/second,milliseconds
1779781928,255,2.241285,0.207849,0.013340,0.153299,0.211316,0.321294,0.468780,0.531469,0.531469,0.531469,0.340554,0.358280,0.331443,0.198340,calls/second,milliseconds
1779781929,255,2.241285,0.207849,0.013340,0.153299,0.211316,0.321294,0.468780,0.531469,0.531469,0.531469,0.340099,0.358280,0.331443,0.198340,calls/second,milliseconds
1779781930,255,2.241285,0.207849,0.013340,0.153299,0.211316,0.321294,0.468780,0.531469,0.531469,0.531469,0.339645,0.329634,0.325965,0.197241,calls/second,milliseconds
1779781931,255,2.241285,0.207849,0.013340,0.153299,0.211316,0.321294,0.468780,0.531469,0.531469,0.531469,0.339193,0.329634,0.325965,0.197241,calls/second,milliseconds
1779781932,255,2.241285,0.207849,0.013340,0.153299,0.211316,0.321294,0.468780,0.531469,0.531469,0.531469,0.338742,0.329634,0.325965,0.197241,calls/second,milliseconds
1779781933,255,2.241285,0.207849,0.013340,0.153299,0.211316,0.321294,0.468780,0.531469,0.531469,0.531469,0.338292,0.329634,0.325965,0.197241,calls/second,milliseconds
1779781934,255,2.241285,0.207849,0.013340,0.153299,0.211316,0.321294,0.468780,0.531469,0.531469,0.531469,0.337843,0.329634,0.325965,0.197241,calls/second,milliseconds
1779781935,255,2.241285,0.207849,0.013340,0.153299,0.211316,0.321294,0.468780,0.531469,0.531469,0.531469,0.337395,0.303278,0.320577,0.196148,calls/second,milliseconds
1779781936,260,2.241285,0.216628,0.013340,0.138491,0.249404,0.292068,0.466630,0.499333,0.531469,0.531469,0.343556,0.303278,0.320577,0.196148,calls/second,milliseconds
1779781937,260,2.241285,0.216628,0.013340,0.138491,0.249404,0.292068,0.466630,0.499333,0.531469,0.531469,0.343102,0.303278,0.320577,0.196148,calls/second,milliseconds
1779781938,260,2.241285,0.216628,0.013340,0.138491,0.249404,0.292068,0.466630,0.499333,0.531469,0.531469,0.342649,0.303278,0.320577,0.196148,calls/second,milliseconds
1779781939,260,2.241285,0.216628,0.013340,0.138491,0.249404,0.292068,0.466630,0.499333,0.531469,0.531469,0.342197,0.303278,0.320577,0.196148,calls/second,milliseconds
1779781940,260,2.241285,0.216628,0.013340,0.138491,0.249404,0.292068,0.466630,0.499333,0.531469,0.531469,0.341747,0.358985,0.331807,0.200602,calls/second,milliseconds
1779781941,260,2.241285,0.216628,0.013340,0.138491,0.249404,0.292068,0.466630,0.499333,0.531469,0.531469,0.341298,0.358985,0.331807,0.200602,calls/second,milliseconds
1779781942,260,2.241285,0.216628,0.013340,0.138491,0.249404,0.292068,0.466630,0.499333,0.531469,0.531469,0.340850,0.358985,0.331807,0.200602,calls/second,milliseconds
1779781943,260,2.241285,0.216628,0.013340,0.138491,0.249404,0.292068,0.466630,0.499333,0.531469,0.531469,0.340403,0.358985,0.331807,0.200602,calls/second,milliseconds
1779781944,260,2.241285,0.216628,0.013340,0.138491,0.249404,0.292068,0.466630,0.499333,0.531469,0.531469,0.339957,0.358985,0.331807,0.200602,calls/second,milliseconds
1779781945,260,2.241285,0.216628,0.013340,0.138491,0.249404,0.292068,0.466630,0.499333,0.531469,0.531469,0.339512,0.330282,0.326323,0.199490,calls/second,milliseconds
1779781946,265,2.241285,0.217613,0.013340,0.125387,0.233518,0.279387,0.466630,0.485680,0.531469,0.531469,0.345590,0.330282,0.326323,0.199490,calls/second,milliseconds
1779781947,265,2.241285,0.217613,0.013340,0.125387,0.233518,0.279387,0.466630,0.485680,0.531469,0.531469,0.345139,0.330282,0.326323,0.199490,calls/second,milliseconds
1779781948,270,2.241285,0.207903,0.013340,0.117078,0.211316,0.273516,0.409823,0.468780,0.531469,0.531469,0.351193,0.330282,0.326323,0.199490,calls/second,milliseconds
1779781949,270,2.241285,0.207903,0.013340,0.117078,0.211316,0.273516,0.409823,0.468780,0.531469,0.531469,0.350736,0.330282,0.326323,0.199490,calls/second,milliseconds
1779781950,270,2.241285,0.207903,0.013340,0.117078,0.211316,0.273516,0.409823,0.468780,0.531469,0.531469,0.350280,0.463785,0.353986,0.209465,calls/second,milliseconds
1779781951,270,2.241285,0.207903,0.013340,0.117078,0.211316,0.273516,0.409823,0.468780,0.531469,0.531469,0.349826,0.463785,0.353986,0.209465,calls/second,milliseconds
1779781952,270,2.241285,0.207903,0.013340,0.117078,0.211316,0.273516,0.409823,0.468780,0.531469,0.531469,0.349372,0.463785,0.353986,0.209465,calls/second,milliseconds
1779781953,270,2.241285,0.207903,0.013340,0.117078,0.211316,0.273516,0.409823,0.468780,0.531469,0.531469,0.348920,0.463785,0.353986,0.209465,calls/second,milliseconds
1779781954,270,2.241285,0.207903,0.013340,0.117078,0.211316,0.273516,0.409823,0.468780,0.531469,0.531469,0.348469,0.463785,0.353986,0.209465,calls/second,milliseconds
1779781955,270,2.241285,0.207903,0.013340,0.117078,0.211316,0.273516,0.409823,0.468780,0.531469,0.531469,0.348019,0.426703,0.348135,0.208305,calls/second,milliseconds
1779781956,270,2.241285,0.207903,0.013340,0.117078,0.211316,0.273516,0.409823,0.468780,0.531469,0.531469,0.347570,0.426703,0.348135,0.208305,calls/second,milliseconds
1779781957,270,2.241285,0.207903,0.013340,0.117078,0.211316,0.273516,0.409823,0.468780,0.531469,0.531469,0.347123,0.426703,0.348135,0.208305,calls/second,milliseconds
1779781958,270,2.241285,0.207903,0.013340,0.117078,0.211316,0.273516,0.409823,0.468780,0.531469,0.531469,0.346676,0.426703,0.348135,0.208305,calls/second,milliseconds
1779781959,270,2.241285,0.207903,0.013340,0.117078,0.211316,0.273516,0.409823,0.468780,0.531469,0.531469,0.346231,0.426703,0.348135,0.208305,calls/second,milliseconds
1779781960,270,2.241285,0.207903,0.013340,0.117078,0.211316,0.273516,0.409823,0.468780,0.531469,0.531469,0.345787,0.392586,0.342381,0.207151,calls/second,milliseconds
1779781961,270,2.241285,0.207903,0.013340,0.117078,0.211316,0.273516,0.409823,0.468780,0.531469,0.531469,0.345344,0.392586,0.342381,0.207151,calls/second,milliseconds
1779781962,270,2.241285,0.207903,0.013340,0.117078,0.211316,0.273516,0.409823,0.468780,0.531469,0.531469,0.344902,0.392586,0.342381,0.207151,calls/second,milliseconds
1779781963,275,2.241285,0.263860,0.013340,0.164458,0.239711,0.359485,0.578872,0.584515,0.584515,0.584515,0.350840,0.392586,0.342381,0.207151,calls/second,milliseconds
1779781964,275,2.241285,0.263860,0.013340,0.164458,0.239711,0.359485,0.578872,0.584515,0.584515,0.584515,0.350392,0.392586,0.342381,0.207151,calls/second,milliseconds
1779781965,275,2.241285,0.263860,0.013340,0.164458,0.239711,0.359485,0.578872,0.584515,0.584515,0.584515,0.349946,0.441152,0.353251,0.211543,calls/second,milliseconds
1779781966,275,2.241285,0.263860,0.013340,0.164458,0.239711,0.359485,0.578872,0.584515,0.584515,0.584515,0.349501,0.441152,0.353251,0.211543,calls/second,milliseconds
1779781967,275,2.241285,0.263860,0.013340,0.164458,0.239711,0.359485,0.578872,0.584515,0.584515,0.584515,0.349056,0.441152,0.353251,0.211543,calls/second,milliseconds
1779781968,275,2.241285,0.263860,0.013340,0.164458,0.239711,0.359485,0.578872,0.584515,0.584515,0.584515,0.348613,0.441152,0.353251,0.211543,calls/second,milliseconds
1779781969,275,2.241285,0.263860,0.013340,0.164458,0.239711,0.359485,0.578872,0.584515,0.584515,0.584515,0.348171,0.441152,0.353251,0.211543,calls/second,milliseconds
1779781970,275,2.241285,0.263860,0.013340,0.164458,0.239711,0.359485,0.578872,0.584515,0.584515,0.584515,0.347730,0.405879,0.347412,0.210371,calls/second,milliseconds
1779781971,275,2.241285,0.263860,0.013340,0.164458,0.239711,0.359485,0.578872,0.584515,0.584515,0.584515,0.347290,0.405879,0.347412,0.210371,calls/second,milliseconds
1779781972,275,2.241285,0.263860,0.013340,0.164458,0.239711,0.359485,0.578872,0.584515,0.584515,0.584515,0.346852,0.405879,0.347412,0.210371,calls/second,milliseconds
1779781973,280,2.241285,0.270471,0.013340,0.151620,0.262516,0.338726,0.578872,0.584515,0.584515,0.584515,0.352712,0.405879,0.347412,0.210371,calls/second,milliseconds
1779781974,280,2.241285,0.270471,0.013340,0.151620,0.262516,0.338726,0.578872,0.584515,0.584515,0.584515,0.352268,0.405879,0.347412,0.210371,calls/second,milliseconds
1779781975,285,2.241285,0.236988,0.010213,0.162547,0.239711,0.327704,0.550966,0.584515,0.584515,0.584515,0.358108,0.533338,0.374727,0.220286,calls/second,milliseconds
1779781976,285,2.241285,0.236988,0.010213,0.162547,0.239711,0.327704,0.550966,0.584515,0.584515,0.584515,0.357658,0.533338,0.374727,0.220286,calls/second,milliseconds
1779781977,285,2.241285,0.236988,0.010213,0.162547,0.239711,0.327704,0.550966,0.584515,0.584515,0.584515,0.357209,0.533338,0.374727,0.220286,calls/second,milliseconds
1779781978,285,2.241285,0.236988,0.010213,0.162547,0.239711,0.327704,0.550966,0.584515,0.584515,0.584515,0.356761,0.533338,0.374727,0.220286,calls/second,milliseconds
1779781979,285,2.241285,0.236988,0.010213,0.162547,0.239711,0.327704,0.550966,0.584515,0.584515,0.584515,0.356314,0.533338,0.374727,0.220286,calls/second,milliseconds
1779781980,285,2.241285,0.236988,0.010213,0.162547,0.239711,0.327704,0.550966,0.584515,0.584515,0.584515,0.355869,0.490695,0.368533,0.219066,calls/second,milliseconds
1779781981,285,2.241285,0.236988,0.010213,0.162547,0.239711,0.327704,0.550966,0.584515,0.584515,0.584515,0.355424,0.490695,0.368533,0.219066,calls/second,milliseconds
1779781982,285,2.241285,0.236988,0.010213,0.162547,0.239711,0.327704,0.550966,0.584515,0.584515,0.584515,0.354981,0.490695,0.368533,0.219066,calls/second,milliseconds
1779781983,285,2.241285,0.236988,0.010213,0.162547,0.239711,0.327704,0.550966,0.584515,0.584515,0.584515,0.354539,0.490695,0.368533,0.219066,calls/second,milliseconds
1779781984,285,2.241285,0.236988,0.010213,0.162547,0.239711,0.327704,0.550966,0.584515,0.584515,0.584515,0.354098,0.490695,0.368533,0.219066,calls/second,milliseconds
1779781985,285,2.241285,0.236988,0.010213,0.162547,0.239711,0.327704,0.550966,0.584515,0.584515,0.584515,0.353658,0.451461,0.362442,0.217852,calls/second,milliseconds
1779781986,285,2.241285,0.236988,0.010213,0.162547,0.239711,0.327704,0.550966,0.584515,0.584515,0.584515,0.353219,0.451461,0.362442,0.217852,calls/second,milliseconds
1779781987,285,2.241285,0.236988,0.010213,0.162547,0.239711,0.327704,0.550966,0.584515,0.584515,0.584515,0.352781,0.451461,0.362442,0.217852,calls/second,milliseconds
1779781988,285,2.241285,0.236988,0.010213,0.162547,0.239711,0.327704,0.550966,0.584515,0.584515,0.584515,0.352344,0.451461,0.362442,0.217852,calls/second,milliseconds
1779781989,285,2.241285,0.236988,0.010213,0.162547,0.239711,0.327704,0.550966,0.584515,0.584515,0.584515,0.351907,0.451461,0.362442,0.217852,calls/second,milliseconds
1779781990,285,2.241285,0.236988,0.010213,0.162547,0.239711,0.327704,0.550966,0.584515,0.584515,0.584515,0.351472,0.415364,0.356451,0.216645,calls/second,milliseconds
1779781991,285,2.241285,0.236988,0.010213,0.162547,0.239711,0.327704,0.550966,0.584515,0.584515,0.584515,0.351039,0.415364,0.356451,0.216645,calls/second,milliseconds
1779781992,285,2.241285,0.236988,0.010213,0.162547,0.239711,0.327704,0.550966,0.584515,0.584515,0.584515,0.350606,0.415364,0.356451,0.216645,calls/second,milliseconds
1779781993,285,2.241285,0.236988,0.010213,0.162547,0.239711,0.327704,0.550966,0.584515,0.584515,0.584515,0.350175,0.415364,0.356451,0.216645,calls/second,milliseconds
1779781994,285,2.241285,0.236988,0.010213,0.162547,0.239711,0.327704,0.550966,0.584515,0.584515,0.584515,0.349744,0.415364,0.356451,0.216645,calls/second,milliseconds
1779781995,285,2.241285,0.236988,0.010213,0.162547,0.239711,0.327704,0.550966,0.584515,0.584515,0.584515,0.349315,0.382153,0.350560,0.215445,calls/second,milliseconds
1779781996,285,2.241285,0.236988,0.010213,0.162547,0.239711,0.327704,0.550966,0.584515,0.584515,0.584515,0.348887,0.382153,0.350560,0.215445,calls/second,milliseconds
1779781997,285,2.241285,0.236988,0.010213,0.162547,0.239711,0.327704,0.550966,0.584515,0.584515,0.584515,0.348459,0.382153,0.350560,0.215445,calls/second,milliseconds
1779781998,285,2.241285,0.236988,0.010213,0.162547,0.239711,0.327704,0.550966,0.584515,0.584515,0.584515,0.348033,0.382153,0.350560,0.215445,calls/second,milliseconds
1779781999,285,2.241285,0.236988,0.010213,0.162547,0.239711,0.327704,0.550966,0.584515,0.584515,0.584515,0.347608,0.382153,0.350560,0.215445,calls/second,milliseconds
1779782000,285,2.241285,0.236988,0.010213,0.162547,0.239711,0.327704,0.550966,0.584515,0.584515,0.584515,0.347184,0.351598,0.344765,0.214251,calls/second,milliseconds
1779782001,285,2.241285,0.236988,0.010213,0.162547,0.239711,0.327704,0.550966,0.584515,0.584515,0.584515,0.346761,0.351598,0.344765,0.214251,calls/second,milliseconds
1779782002,285,2.241285,0.236988,0.010213,0.162547,0.239711,0.327704,0.550966,0.584515,0.584515,0.584515,0.346339,0.351598,0.344765,0.214251,calls/second,milliseconds
1779782003,285,2.241285,0.236988,0.010213,0.162547,0.239711,0.327704,0.550966,0.584515,0.584515,0.584515,0.345918,0.351598,0.344765,0.214251,calls/second,milliseconds
1779782004,285,2.241285,0.236988,0.010213,0.162547,0.239711,0.327704,0.550966,0.584515,0.584515,0.584515,0.345498,0.351598,0.344765,0.214251,calls/second,milliseconds
1779782005,285,2.241285,0.236988,0.010213,0.162547,0.239711,0.327704,0.550966,0.584515,0.584515,0.584515,0.345079,0.323486,0.339067,0.213064,calls/second,milliseconds
1779782006,285,2.241285,0.236988,0.010213,0.162547,0.239711,0.327704,0.550966,0.584515,0.584515,0.584515,0.344661,0.323486,0.339067,0.213064,calls/second,milliseconds
1779782007,285,2.241285,0.236988,0.010213,0.162547,0.239711,0.327704,0.550966,0.584515,0.584515,0.584515,0.344245,0.323486,0.339067,0.213064,calls/second,milliseconds
1779782008,285,2.241285,0.236988,0.010213,0.162547,0.239711,0.327704,0.550966,0.584515,0.584515,0.584515,0.343829,0.323486,0.339067,0.213064,calls/second,milliseconds
1779782009,285,2.241285,0.236988,0.010213,0.162547,0.239711,0.327704,0.550966,0.584515,0.584515,0.584515,0.343414,0.323486,0.339067,0.213064,calls/second,milliseconds
1779782010,285,2.241285,0.236988,0.010213,0.162547,0.239711,0.327704,0.550966,0.584515,0.584515,0.584515,0.343000,0.297621,0.333463,0.211884,calls/second,milliseconds
1779782011,285,2.241285,0.236988,0.010213,0.162547,0.239711,0.327704,0.550966,0.584515,0.584515,0.584515,0.342587,0.297621,0.333463,0.211884,calls/second,milliseconds
1779782012,285,2.241285,0.236988,0.010213,0.162547,0.239711,0.327704,0.550966,0.584515,0.584515,0.584515,0.342175,0.297621,0.333463,0.211884,calls/second,milliseconds
1779782013,285,2.241285,0.236988,0.010213,0.162547,0.239711,0.327704,0.550966,0.584515,0.584515,0.584515,0.341764,0.297621,0.333463,0.211884,calls/second,milliseconds
1779782014,285,2.241285,0.236988,0.010213,0.162547,0.239711,0.327704,0.550966,0.584515,0.584515,0.584515,0.341354,0.297621,0.333463,0.211884,calls/second,milliseconds
1779782015,285,2.241285,0.236988,0.010213,0.162547,0.239711,0.327704,0.550966,0.584515,0.584515,0.584515,0.340946,0.273825,0.327951,0.210710,calls/second,milliseconds
1779782016,285,2.241285,0.236988,0.010213,0.162547,0.239711,0.327704,0.550966,0.584515,0.584515,0.584515,0.340538,0.273825,0.327951,0.210710,calls/second,milliseconds
1779782017,285,2.241285,0.236988,0.010213,0.162547,0.239711,0.327704,0.550966,0.584515,0.584515,0.584515,0.340131,0.273825,0.327951,0.210710,calls/second,milliseconds
1779782018,285,2.241285,0.236988,0.010213,0.162547,0.239711,0.327704,0.550966,0.584515,0.584515,0.584515,0.339725,0.273825,0.327951,0.210710,calls/second,milliseconds
1779782019,285,2.241285,0.236988,0.010213,0.162547,0.239711,0.327704,0.550966,0.584515,0.584515,0.584515,0.339319,0.273825,0.327951,0.210710,calls/second,milliseconds
1779782020,285,2.241285,0.236988,0.010213,0.162547,0.239711,0.327704,0.550966,0.584515,0.584515,0.584515,0.338915,0.251931,0.322530,0.209543,calls/second,milliseconds
1779782021,285,2.241285,0.236988,0.010213,0.162547,0.239711,0.327704,0.550966,0.584515,0.584515,0.584515,0.338512,0.251931,0.322530,0.209543,calls/second,milliseconds
1779782022,285,2.241285,0.236988,0.010213,0.162547,0.239711,0.327704,0.550966,0.584515,0.584515,0.584515,0.338110,0.251931,0.322530,0.209543,calls/second,milliseconds
1779782023,285,2.241285,0.236988,0.010213,0.162547,0.239711,0.327704,0.550966,0.584515,0.584515,0.584515,0.337709,0.251931,0.322530,0.209543,calls/second,milliseconds
1779782024,285,2.241285,0.236988,0.010213,0.162547,0.239711,0.327704,0.550966,0.584515,0.584515,0.584515,0.337309,0.251931,0.322530,0.209543,calls/second,milliseconds
1779782025,285,2.241285,0.236988,0.010213,0.162547,0.239711,0.327704,0.550966,0.584515,0.584515,0.584515,0.336909,0.231788,0.317200,0.208382,calls/second,milliseconds
1779782026,285,2.241285,0.236988,0.010213,0.162547,0.239711,0.327704,0.550966,0.584515,0.584515,0.584515,0.336511,0.231788,0.317200,0.208382,calls/second,milliseconds
1779782027,285,2.241285,0.236988,0.010213,0.162547,0.239711,0.327704,0.550966,0.584515,0.584515,0.584515,0.336114,0.231788,0.317200,0.208382,calls/second,milliseconds
1779782028,285,2.241285,0.236988,0.010213,0.162547,0.239711,0.327704,0.550966,0.584515,0.584515,0.584515,0.335717,0.231788,0.317200,0.208382,calls/second,milliseconds
1779782029,285,2.241285,0.236988,0.010213,0.162547,0.239711,0.327704,0.550966,0.584515,0.584515,0.584515,0.335322,0.231788,0.317200,0.208382,calls/second,milliseconds
1779782030,285,2.241285,0.236988,0.010213,0.162547,0.239711,0.327704,0.550966,0.584515,0.584515,0.584515,0.334927,0.213255,0.311957,0.207227,calls/second,milliseconds
1779782031,285,2.241285,0.236988,0.010213,0.162547,0.239711,0.327704,0.550966,0.584515,0.584515,0.584515,0.334533,0.213255,0.311957,0.207227,calls/second,milliseconds
1779782032,285,2.241285,0.236988,0.010213,0.162547,0.239711,0.327704,0.550966,0.584515,0.584515,0.584515,0.334141,0.213255,0.311957,0.207227,calls/second,milliseconds
1779782033,285,2.241285,0.236988,0.010213,0.162547,0.239711,0.327704,0.550966,0.584515,0.584515,0.584515,0.333749,0.213255,0.311957,0.207227,calls/second,milliseconds
1779782034,285,2.241285,0.236988,0.010213,0.162547,0.239711,0.327704,0.550966,0.584515,0.584515,0.584515,0.333358,0.213255,0.311957,0.207227,calls/second,milliseconds
1779782035,285,2.241285,0.236988,0.010213,0.162547,0.239711,0.327704,0.550966,0.584515,0.584515,0.584515,0.332968,0.196204,0.306800,0.206079,calls/second,milliseconds
1779782036,285,2.241285,0.236988,0.010213,0.162547,0.239711,0.327704,0.550966,0.584515,0.584515,0.584515,0.332579,0.196204,0.306800,0.206079,calls/second,milliseconds
1779782037,285,2.241285,0.236988,0.010213,0.162547,0.239711,0.327704,0.550966,0.584515,0.584515,0.584515,0.332191,0.196204,0.306800,0.206079,calls/second,milliseconds
1779782038,285,2.241285,0.236988,0.010213,0.162547,0.239711,0.327704,0.550966,0.584515,0.584515,0.584515,0.331804,0.196204,0.306800,0.206079,calls/second,milliseconds
1779782039,285,2.241285,0.236988,0.010213,0.162547,0.239711,0.327704,0.550966,0.584515,0.584515,0.584515,0.331417,0.196204,0.306800,0.206079,calls/second,milliseconds
1779782040,285,2.241285,0.236988,0.010213,0.162547,0.239711,0.327704,0.550966,0.584515,0.584515,0.584515,0.331032,0.180517,0.301730,0.204938,calls/second,milliseconds
1779782041,285,2.241285,0.236988,0.010213,0.162547,0.239711,0.327704,0.550966,0.584515,0.584515,0.584515,0.330647,0.180517,0.301730,0.204938,calls/second,milliseconds
1779782042,285,2.241285,0.236988,0.010213,0.162547,0.239711,0.327704,0.550966,0.584515,0.584515,0.584515,0.330264,0.180517,0.301730,0.204938,calls/second,milliseconds
1779782043,285,2.241285,0.236988,0.010213,0.162547,0.239711,0.327704,0.550966,0.584515,0.584515,0.584515,0.329881,0.180517,0.301730,0.204938,calls/second,milliseconds
1779782044,285,2.241285,0.236988,0.010213,0.162547,0.239711,0.327704,0.550966,0.584515,0.584515,0.584515,0.329499,0.180517,0.301730,0.204938,calls/second,milliseconds
1779782045,285,2.241285,0.236988,0.010213,0.162547,0.239711,0.327704,0.550966,0.584515,0.584515,0.584515,0.329118,0.166083,0.296742,0.203802,calls/second,milliseconds
1779782046,285,2.241285,0.236988,0.010213,0.162547,0.239711,0.327704,0.550966,0.584515,0.584515,0.584515,0.328738,0.166083,0.296742,0.203802,calls/second,milliseconds
1779782047,285,2.241285,0.236988,0.010213,0.162547,0.239711,0.327704,0.550966,0.584515,0.584515,0.584515,0.328359,0.166083,0.296742,0.203802,calls/second,milliseconds
1779782048,285,2.241285,0.236988,0.010213,0.162547,0.239711,0.327704,0.550966,0.584515,0.584515,0.584515,0.327980,0.166083,0.296742,0.203802,calls/second,milliseconds
1779782049,285,2.241285,0.236988,0.010213,0.162547,0.239711,0.327704,0.550966,0.584515,0.584515,0.584515,0.327603,0.166083,0.296742,0.203802,calls/second,milliseconds
1779782050,285,2.241285,0.236988,0.010213,0.162547,0.239711,0.327704,0.550966,0.584515,0.584515,0.584515,0.327226,0.152804,0.291838,0.202673,calls/second,milliseconds
1779782051,285,2.241285,0.236988,0.010213,0.162547,0.239711,0.327704,0.550966,0.584515,0.584515,0.584515,0.326850,0.152804,0.291838,0.202673,calls/second,milliseconds
1779782052,285,2.241285,0.236988,0.010213,0.162547,0.239711,0.327704,0.550966,0.584515,0.584515,0.584515,0.326475,0.152804,0.291838,0.202673,calls/second,milliseconds
1779782053,285,2.241285,0.236988,0.010213,0.162547,0.239711,0.327704,0.550966,0.584515,0.584515,0.584515,0.326101,0.152804,0.291838,0.202673,calls/second,milliseconds
1779782054,285,2.241285,0.236988,0.010213,0.162547,0.239711,0.327704,0.550966,0.584515,0.584515,0.584515,0.325728,0.152804,0.291838,0.202673,calls/second,milliseconds
1779782055,285,2.241285,0.236988,0.010213,0.162547,0.239711,0.327704,0.550966,0.584515,0.584515,0.584515,0.325355,0.140586,0.287014,0.201550,calls/second,milliseconds
1779782056,285,2.241285,0.236988,0.010213,0.162547,0.239711,0.327704,0.550966,0.584515,0.584515,0.584515,0.324984,0.140586,0.287014,0.201550,calls/second,milliseconds
1779782057,285,2.241285,0.236988,0.010213,0.162547,0.239711,0.327704,0.550966,0.584515,0.584515,0.584515,0.324613,0.140586,0.287014,0.201550,calls/second,milliseconds
1779782058,285,2.241285,0.236988,0.010213,0.162547,0.239711,0.327704,0.550966,0.584515,0.584515,0.584515,0.324244,0.140586,0.287014,0.201550,calls/second,milliseconds
1779782059,285,2.241285,0.236988,0.010213,0.162547,0.239711,0.327704,0.550966,0.584515,0.584515,0.584515,0.323875,0.140586,0.287014,0.201550,calls/second,milliseconds
1779782060,285,2.241285,0.236988,0.010213,0.162547,0.239711,0.327704,0.550966,0.584515,0.584515,0.584515,0.323506,0.129346,0.282270,0.200434,calls/second,milliseconds
1779782061,285,2.241285,0.236988,0.010213,0.162547,0.239711,0.327704,0.550966,0.584515,0.584515,0.584515,0.323139,0.129346,0.282270,0.200434,calls/second,milliseconds
1779782062,285,2.241285,0.236988,0.010213,0.162547,0.239711,0.327704,0.550966,0.584515,0.584515,0.584515,0.322773,0.129346,0.282270,0.200434,calls/second,milliseconds
1779782063,285,2.241285,0.236988,0.010213,0.162547,0.239711,0.327704,0.550966,0.584515,0.584515,0.584515,0.322407,0.129346,0.282270,0.200434,calls/second,milliseconds
1779782064,285,2.241285,0.236988,0.010213,0.162547,0.239711,0.327704,0.550966,0.584515,0.584515,0.584515,0.322042,0.129346,0.282270,0.200434,calls/second,milliseconds
1779782065,285,2.241285,0.236988,0.010213,0.162547,0.239711,0.327704,0.550966,0.584515,0.584515,0.584515,0.321678,0.119004,0.277605,0.199323,calls/second,milliseconds
1779782066,285,2.241285,0.236988,0.010213,0.162547,0.239711,0.327704,0.550966,0.584515,0.584515,0.584515,0.321315,0.119004,0.277605,0.199323,calls/second,milliseconds
1779782067,285,2.241285,0.236988,0.010213,0.162547,0.239711,0.327704,0.550966,0.584515,0.584515,0.584515,0.320953,0.119004,0.277605,0.199323,calls/second,milliseconds
1779782068,285,2.241285,0.236988,0.010213,0.162547,0.239711,0.327704,0.550966,0.584515,0.584515,0.584515,0.320591,0.119004,0.277605,0.199323,calls/second,milliseconds
1779782069,285,2.241285,0.236988,0.010213,0.162547,0.239711,0.327704,0.550966,0.584515,0.584515,0.584515,0.320230,0.119004,0.277605,0.199323,calls/second,milliseconds
1779782070,285,2.241285,0.236988,0.010213,0.162547,0.239711,0.327704,0.550966,0.584515,0.584515,0.584515,0.319870,0.109489,0.273016,0.198219,calls/second,milliseconds
1779782071,285,2.241285,0.236988,0.010213,0.162547,0.239711,0.327704,0.550966,0.584515,0.584515,0.584515,0.319511,0.109489,0.273016,0.198219,calls/second,milliseconds
1779782072,285,2.241285,0.236988,0.010213,0.162547,0.239711,0.327704,0.550966,0.584515,0.584515,0.584515,0.319153,0.109489,0.273016,0.198219,calls/second,milliseconds
1779782073,285,2.241285,0.236988,0.010213,0.162547,0.239711,0.327704,0.550966,0.584515,0.584515,0.584515,0.318796,0.109489,0.273016,0.198219,calls/second,milliseconds
1779782074,285,2.241285,0.236988,0.010213,0.162547,0.239711,0.327704,0.550966,0.584515,0.584515,0.584515,0.318439,0.109489,0.273016,0.198219,calls/second,milliseconds
1779782075,285,2.241285,0.236988,0.010213,0.162547,0.239711,0.327704,0.550966,0.584515,0.584515,0.584515,0.318083,0.100735,0.268504,0.197121,calls/second,milliseconds
1779782076,285,2.241285,0.236988,0.010213,0.162547,0.239711,0.327704,0.550966,0.584515,0.584515,0.584515,0.317728,0.100735,0.268504,0.197121,calls/second,milliseconds
1779782077,285,2.241285,0.236988,0.010213,0.162547,0.239711,0.327704,0.550966,0.584515,0.584515,0.584515,0.317373,0.100735,0.268504,0.197121,calls/second,milliseconds
1779782078,285,2.241285,0.236988,0.010213,0.162547,0.239711,0.327704,0.550966,0.584515,0.584515,0.584515,0.317020,0.100735,0.268504,0.197121,calls/second,milliseconds
1779782079,285,2.241285,0.236988,0.010213,0.162547,0.239711,0.327704,0.550966,0.584515,0.584515,0.584515,0.316667,0.100735,0.268504,0.197121,calls/second,milliseconds
1779782080,285,2.241285,0.236988,0.010213,0.162547,0.239711,0.327704,0.550966,0.584515,0.584515,0.584515,0.316315,0.092680,0.264066,0.196029,calls/second,milliseconds
1779782081,285,2.241285,0.236988,0.010213,0.162547,0.239711,0.327704,0.550966,0.584515,0.584515,0.584515,0.315964,0.092680,0.264066,0.196029,calls/second,milliseconds
1779782082,285,2.241285,0.236988,0.010213,0.162547,0.239711,0.327704,0.550966,0.584515,0.584515,0.584515,0.315614,0.092680,0.264066,0.196029,calls/second,milliseconds
1779782083,285,2.241285,0.236988,0.010213,0.162547,0.239711,0.327704,0.550966,0.584515,0.584515,0.584515,0.315264,0.092680,0.264066,0.196029,calls/second,milliseconds
1779782084,285,2.241285,0.236988,0.010213,0.162547,0.239711,0.327704,0.550966,0.584515,0.584515,0.584515,0.314915,0.085270,0.259701,0.194943,calls/second,milliseconds
1779782085,285,2.241285,0.236988,0.010213,0.162547,0.239711,0.327704,0.550966,0.584515,0.584515,0.584515,0.314567,0.085270,0.259701,0.194943,calls/second,milliseconds
1779782086,285,2.241285,0.236988,0.010213,0.162547,0.239711,0.327704,0.550966,0.584515,0.584515,0.584515,0.314220,0.085270,0.259701,0.194943,calls/second,milliseconds
1779782087,285,2.241285,0.236988,0.010213,0.162547,0.239711,0.327704,0.550966,0.584515,0.584515,0.584515,0.313873,0.085270,0.259701,0.194943,calls/second,milliseconds
1779782088,285,2.241285,0.236988,0.010213,0.162547,0.239711,0.327704,0.550966,0.584515,0.584515,0.584515,0.313527,0.085270,0.259701,0.194943,calls/second,milliseconds
1779782089,285,2.241285,0.236988,0.010213,0.162547,0.239711,0.327704,0.550966,0.584515,0.584515,0.584515,0.313182,0.078452,0.255409,0.193863,calls/second,milliseconds
1779782090,285,2.241285,0.236988,0.010213,0.162547,0.239711,0.327704,0.550966,0.584515,0.584515,0.584515,0.312838,0.078452,0.255409,0.193863,calls/second,milliseconds
1779782091,285,2.241285,0.236988,0.010213,0.162547,0.239711,0.327704,0.550966,0.584515,0.584515,0.584515,0.312495,0.078452,0.255409,0.193863,calls/second,milliseconds
1779782092,285,2.241285,0.236988,0.010213,0.162547,0.239711,0.327704,0.550966,0.584515,0.584515,0.584515,0.312152,0.078452,0.255409,0.193863,calls/second,milliseconds
1779782093,285,2.241285,0.236988,0.010213,0.162547,0.239711,0.327704,0.550966,0.584515,0.584515,0.584515,0.311810,0.078452,0.255409,0.193863,calls/second,milliseconds
1779782094,285,2.241285,0.236988,0.010213,0.162547,0.239711,0.327704,0.550966,0.584515,0.584515,0.584515,0.311469,0.072179,0.251187,0.192789,calls/second,milliseconds
1779782095,290,2.241285,0.304454,0.010213,0.139223,0.346986,0.386870,0.495437,0.578872,0.584515,0.584515,0.316587,0.072179,0.251187,0.192789,calls/second,milliseconds
1779782096,290,2.241285,0.304454,0.010213,0.139223,0.346986,0.386870,0.495437,0.578872,0.584515,0.584515,0.316241,0.072179,0.251187,0.192789,calls/second,milliseconds
1779782097,290,2.241285,0.304454,0.010213,0.139223,0.346986,0.386870,0.495437,0.578872,0.584515,0.584515,0.315896,0.072179,0.251187,0.192789,calls/second,milliseconds
1779782098,290,2.241285,0.304454,0.010213,0.139223,0.346986,0.386870,0.495437,0.578872,0.584515,0.584515,0.315551,0.072179,0.251187,0.192789,calls/second,milliseconds
1779782099,290,2.241285,0.304454,0.010213,0.139223,0.346986,0.386870,0.495437,0.578872,0.584515,0.584515,0.315207,0.146364,0.263564,0.197261,calls/second,milliseconds
1779782100,290,2.241285,0.304454,0.010213,0.139223,0.346986,0.386870,0.495437,0.578872,0.584515,0.584515,0.314864,0.146364,0.263564,0.197261,calls/second,milliseconds
1779782101,290,2.241285,0.304454,0.010213,0.139223,0.346986,0.386870,0.495437,0.578872,0.584515,0.584515,0.314522,0.146364,0.263564,0.197261,calls/second,milliseconds
1779782102,290,2.241285,0.304454,0.010213,0.139223,0.346986,0.386870,0.495437,0.578872,0.584515,0.584515,0.314181,0.146364,0.263564,0.197261,calls/second,milliseconds
1779782103,290,2.241285,0.304454,0.010213,0.139223,0.346986,0.386870,0.495437,0.578872,0.584515,0.584515,0.313840,0.146364,0.263564,0.197261,calls/second,milliseconds
1779782104,295,2.241285,0.264513,0.010213,0.126925,0.239393,0.383538,0.466630,0.550966,0.578872,0.584515,0.318906,0.214617,0.275736,0.201708,calls/second,milliseconds
1779782105,295,2.241285,0.264513,0.010213,0.126925,0.239393,0.383538,0.466630,0.550966,0.578872,0.584515,0.318561,0.214617,0.275736,0.201708,calls/second,milliseconds
1779782106,300,2.241285,0.199610,0.008674,0.153568,0.187109,0.346986,0.403175,0.531469,0.578872,0.584515,0.323610,0.214617,0.275736,0.201708,calls/second,milliseconds
1779782107,300,2.241285,0.199610,0.008674,0.153568,0.187109,0.346986,0.403175,0.531469,0.578872,0.584515,0.323261,0.214617,0.275736,0.201708,calls/second,milliseconds
1779782108,300,2.241285,0.199610,0.008674,0.153568,0.187109,0.346986,0.403175,0.531469,0.578872,0.584515,0.322913,0.214617,0.275736,0.201708,calls/second,milliseconds
1779782109,300,2.241285,0.199610,0.008674,0.153568,0.187109,0.346986,0.403175,0.531469,0.578872,0.584515,0.322565,0.277413,0.287707,0.206131,calls/second,milliseconds
1779782110,300,2.241285,0.199610,0.008674,0.153568,0.187109,0.346986,0.403175,0.531469,0.578872,0.584515,0.322218,0.277413,0.287707,0.206131,calls/second,milliseconds
1779782111,300,2.241285,0.199610,0.008674,0.153568,0.187109,0.346986,0.403175,0.531469,0.578872,0.584515,0.321872,0.277413,0.287707,0.206131,calls/second,milliseconds
1779782112,300,2.241285,0.199610,0.008674,0.153568,0.187109,0.346986,0.403175,0.531469,0.578872,0.584515,0.321526,0.277413,0.287707,0.206131,calls/second,milliseconds
1779782114,300,2.241285,0.199610,0.008674,0.153568,0.187109,0.346986,0.403175,0.531469,0.578872,0.584515,0.321182,0.277413,0.287707,0.206131,calls/second,milliseconds
1779782115,300,2.241285,0.199610,0.008674,0.153568,0.187109,0.346986,0.403175,0.531469,0.578872,0.584515,0.320838,0.255232,0.282952,0.204989,calls/second,milliseconds
