t,count,max,mean,min,stddev,p50,p75,p95,p98,p99,p999,mean_rate,m1_rate,m5_rate,m15_rate,rate_unit,duration_unit
1779200544,5,485.835638,347.817516,290.756471,70.576000,321.433368,334.930163,485.835638,485.835638,485.835638,485.835638,20.868861,0.000000,0.000000,0.000000,calls/second,milliseconds
1779200545,5,485.835638,347.817516,290.756471,70.576000,321.433368,334.930163,485.835638,485.835638,485.835638,485.835638,4.019872,0.000000,0.000000,0.000000,calls/second,milliseconds
1779200546,5,485.835638,347.817516,290.756471,70.576000,321.433368,334.930163,485.835638,485.835638,485.835638,485.835638,2.224632,0.000000,0.000000,0.000000,calls/second,milliseconds
1779200547,5,485.835638,347.817516,290.756471,70.576000,321.433368,334.930163,485.835638,485.835638,485.835638,485.835638,1.537878,0.000000,0.000000,0.000000,calls/second,milliseconds
1779200548,5,485.835638,347.817516,290.756471,70.576000,321.433368,334.930163,485.835638,485.835638,485.835638,485.835638,1.175259,0.000000,0.000000,0.000000,calls/second,milliseconds
1779200549,5,485.835638,347.817516,290.756471,70.576000,321.433368,334.930163,485.835638,485.835638,485.835638,485.835638,0.950836,1.000000,1.000000,1.000000,calls/second,milliseconds
1779200550,5,485.835638,347.817516,290.756471,70.576000,321.433368,334.930163,485.835638,485.835638,485.835638,485.835638,0.798517,1.000000,1.000000,1.000000,calls/second,milliseconds
1779200551,5,485.835638,347.817516,290.756471,70.576000,321.433368,334.930163,485.835638,485.835638,485.835638,485.835638,0.688312,1.000000,1.000000,1.000000,calls/second,milliseconds
1779200552,5,485.835638,347.817516,290.756471,70.576000,321.433368,334.930163,485.835638,485.835638,485.835638,485.835638,0.604811,1.000000,1.000000,1.000000,calls/second,milliseconds
1779200553,5,485.835638,347.817516,290.756471,70.576000,321.433368,334.930163,485.835638,485.835638,485.835638,485.835638,0.539361,1.000000,1.000000,1.000000,calls/second,milliseconds
1779200554,5,485.835638,347.817516,290.756471,70.576000,321.433368,334.930163,485.835638,485.835638,485.835638,485.835638,0.486719,0.920044,0.983471,0.994460,calls/second,milliseconds
1779200555,5,485.835638,347.817516,290.756471,70.576000,321.433368,334.930163,485.835638,485.835638,485.835638,485.835638,0.443429,0.920044,0.983471,0.994460,calls/second,milliseconds
1779200556,5,485.835638,347.817516,290.756471,70.576000,321.433368,334.930163,485.835638,485.835638,485.835638,485.835638,0.407229,0.920044,0.983471,0.994460,calls/second,milliseconds
1779200557,5,485.835638,347.817516,290.756471,70.576000,321.433368,334.930163,485.835638,485.835638,485.835638,485.835638,0.376493,0.920044,0.983471,0.994460,calls/second,milliseconds
1779200558,5,485.835638,347.817516,290.756471,70.576000,321.433368,334.930163,485.835638,485.835638,485.835638,485.835638,0.350065,0.920044,0.983471,0.994460,calls/second,milliseconds
1779200559,5,485.835638,347.817516,290.756471,70.576000,321.433368,334.930163,485.835638,485.835638,485.835638,485.835638,0.327111,0.846482,0.967216,0.988950,calls/second,milliseconds
1779200560,5,485.835638,347.817516,290.756471,70.576000,321.433368,334.930163,485.835638,485.835638,485.835638,485.835638,0.306979,0.846482,0.967216,0.988950,calls/second,milliseconds
1779200561,5,485.835638,347.817516,290.756471,70.576000,321.433368,334.930163,485.835638,485.835638,485.835638,485.835638,0.289179,0.846482,0.967216,0.988950,calls/second,milliseconds
1779200562,5,485.835638,347.817516,290.756471,70.576000,321.433368,334.930163,485.835638,485.835638,485.835638,485.835638,0.273322,0.846482,0.967216,0.988950,calls/second,milliseconds
1779200563,10,485.835638,154.400983,5.396553,173.991144,10.943074,321.433368,485.835638,485.835638,485.835638,485.835638,0.518242,0.846482,0.967216,0.988950,calls/second,milliseconds
1779200564,10,485.835638,154.400983,5.396553,173.991144,10.943074,321.433368,485.835638,485.835638,485.835638,485.835638,0.492631,0.858756,0.967758,0.989012,calls/second,milliseconds
1779200565,10,485.835638,154.400983,5.396553,173.991144,10.943074,321.433368,485.835638,485.835638,485.835638,485.835638,0.469452,0.858756,0.967758,0.989012,calls/second,milliseconds
1779200566,10,485.835638,154.400983,5.396553,173.991144,10.943074,321.433368,485.835638,485.835638,485.835638,485.835638,0.448351,0.858756,0.967758,0.989012,calls/second,milliseconds
1779200567,10,485.835638,154.400983,5.396553,173.991144,10.943074,321.433368,485.835638,485.835638,485.835638,485.835638,0.429070,0.858756,0.967758,0.989012,calls/second,milliseconds
1779200568,10,485.835638,154.400983,5.396553,173.991144,10.943074,321.433368,485.835638,485.835638,485.835638,485.835638,0.411383,0.858756,0.967758,0.989012,calls/second,milliseconds
1779200569,10,485.835638,154.400983,5.396553,173.991144,10.943074,321.433368,485.835638,485.835638,485.835638,485.835638,0.395087,0.790094,0.951762,0.983532,calls/second,milliseconds
1779200570,10,485.835638,154.400983,5.396553,173.991144,10.943074,321.433368,485.835638,485.835638,485.835638,485.835638,0.380033,0.790094,0.951762,0.983532,calls/second,milliseconds
1779200571,15,485.835638,95.499192,2.114913,154.311914,8.659705,290.756471,485.835638,485.835638,485.835638,485.835638,0.549136,0.790094,0.951762,0.983532,calls/second,milliseconds
1779200572,15,485.835638,95.499192,2.114913,154.311914,8.659705,290.756471,485.835638,485.835638,485.835638,485.835638,0.529697,0.790094,0.951762,0.983532,calls/second,milliseconds
1779200573,15,485.835638,95.499192,2.114913,154.311914,8.659705,290.756471,485.835638,485.835638,485.835638,485.835638,0.511586,0.790094,0.951762,0.983532,calls/second,milliseconds
1779200574,15,485.835638,95.499192,2.114913,154.311914,8.659705,290.756471,485.835638,485.835638,485.835638,485.835638,0.494682,0.806877,0.952560,0.983624,calls/second,milliseconds
1779200575,15,485.835638,95.499192,2.114913,154.311914,8.659705,290.756471,485.835638,485.835638,485.835638,485.835638,0.478849,0.806877,0.952560,0.983624,calls/second,milliseconds
1779200576,15,485.835638,95.499192,2.114913,154.311914,8.659705,290.756471,485.835638,485.835638,485.835638,485.835638,0.464005,0.806877,0.952560,0.983624,calls/second,milliseconds
1779200577,15,485.835638,95.499192,2.114913,154.311914,8.659705,290.756471,485.835638,485.835638,485.835638,485.835638,0.450046,0.806877,0.952560,0.983624,calls/second,milliseconds
1779200578,15,485.835638,95.499192,2.114913,154.311914,8.659705,290.756471,485.835638,485.835638,485.835638,485.835638,0.436914,0.806877,0.952560,0.983624,calls/second,milliseconds
1779200579,20,485.835638,67.260172,2.114913,135.373975,5.729329,10.204184,334.930163,485.835638,485.835638,485.835638,0.566027,0.822318,0.953344,0.983714,calls/second,milliseconds
1779200580,20,485.835638,67.260172,2.114913,135.373975,5.729329,10.204184,334.930163,485.835638,485.835638,485.835638,0.550416,0.822318,0.953344,0.983714,calls/second,milliseconds
1779200581,20,485.835638,67.260172,2.114913,135.373975,5.729329,10.204184,334.930163,485.835638,485.835638,485.835638,0.535643,0.822318,0.953344,0.983714,calls/second,milliseconds
1779200582,20,485.835638,67.260172,2.114913,135.373975,5.729329,10.204184,334.930163,485.835638,485.835638,485.835638,0.521637,0.822318,0.953344,0.983714,calls/second,milliseconds
1779200583,20,485.835638,67.260172,2.114913,135.373975,5.729329,10.204184,334.930163,485.835638,485.835638,485.835638,0.508345,0.822318,0.953344,0.983714,calls/second,milliseconds
1779200585,20,485.835638,67.260172,2.114913,135.373975,5.729329,10.204184,334.930163,485.835638,485.835638,485.835638,0.495716,0.756569,0.937586,0.978264,calls/second,milliseconds
1779200586,20,485.835638,67.260172,2.114913,135.373975,5.729329,10.204184,334.930163,485.835638,485.835638,485.835638,0.483709,0.756569,0.937586,0.978264,calls/second,milliseconds
1779200587,20,485.835638,67.260172,2.114913,135.373975,5.729329,10.204184,334.930163,485.835638,485.835638,485.835638,0.472264,0.756569,0.937586,0.978264,calls/second,milliseconds
1779200588,20,485.835638,67.260172,2.114913,135.373975,5.729329,10.204184,334.930163,485.835638,485.835638,485.835638,0.461341,0.756569,0.937586,0.978264,calls/second,milliseconds
1779200589,25,485.835638,50.487795,2.114913,119.883665,3.402635,8.659705,334.930163,485.835638,485.835638,485.835638,0.563644,0.756569,0.937586,0.978264,calls/second,milliseconds
1779200590,25,485.835638,50.487795,2.114913,119.883665,3.402635,8.659705,334.930163,485.835638,485.835638,485.835638,0.551190,0.776033,0.938618,0.978385,calls/second,milliseconds
1779200591,25,485.835638,50.487795,2.114913,119.883665,3.402635,8.659705,334.930163,485.835638,485.835638,485.835638,0.539279,0.776033,0.938618,0.978385,calls/second,milliseconds
1779200592,25,485.835638,50.487795,2.114913,119.883665,3.402635,8.659705,334.930163,485.835638,485.835638,485.835638,0.527871,0.776033,0.938618,0.978385,calls/second,milliseconds
1779200593,25,485.835638,50.487795,2.114913,119.883665,3.402635,8.659705,334.930163,485.835638,485.835638,485.835638,0.516935,0.776033,0.938618,0.978385,calls/second,milliseconds
1779200594,25,485.835638,50.487795,2.114913,119.883665,3.402635,8.659705,334.930163,485.835638,485.835638,485.835638,0.506441,0.776033,0.938618,0.978385,calls/second,milliseconds
1779200595,25,485.835638,50.487795,2.114913,119.883665,3.402635,8.659705,334.930163,485.835638,485.835638,485.835638,0.496362,0.713985,0.923104,0.972964,calls/second,milliseconds
1779200596,25,485.835638,50.487795,2.114913,119.883665,3.402635,8.659705,334.930163,485.835638,485.835638,485.835638,0.486682,0.713985,0.923104,0.972964,calls/second,milliseconds
1779200597,30,485.835638,39.659082,2.114913,107.326985,2.774618,5.936512,321.433368,485.835638,485.835638,485.835638,0.572845,0.713985,0.923104,0.972964,calls/second,milliseconds
1779200598,30,485.835638,39.659082,2.114913,107.326985,2.774618,5.936512,321.433368,485.835638,485.835638,485.835638,0.562086,0.713985,0.923104,0.972964,calls/second,milliseconds
1779200599,30,485.835638,39.659082,2.114913,107.326985,2.774618,5.936512,321.433368,485.835638,485.835638,485.835638,0.551725,0.713985,0.923104,0.972964,calls/second,milliseconds
1779200600,30,485.835638,39.659082,2.114913,107.326985,2.774618,5.936512,321.433368,485.835638,485.835638,485.835638,0.541745,0.736853,0.924375,0.973114,calls/second,milliseconds
1779200601,30,485.835638,39.659082,2.114913,107.326985,2.774618,5.936512,321.433368,485.835638,485.835638,485.835638,0.532119,0.736853,0.924375,0.973114,calls/second,milliseconds
1779200602,30,485.835638,39.659082,2.114913,107.326985,2.774618,5.936512,321.433368,485.835638,485.835638,485.835638,0.522828,0.736853,0.924375,0.973114,calls/second,milliseconds
1779200603,30,485.835638,39.659082,2.114913,107.326985,2.774618,5.936512,321.433368,485.835638,485.835638,485.835638,0.513857,0.736853,0.924375,0.973114,calls/second,milliseconds
1779200604,30,485.835638,39.659082,2.114913,107.326985,2.774618,5.936512,321.433368,485.835638,485.835638,485.835638,0.505186,0.736853,0.924375,0.973114,calls/second,milliseconds
1779200605,30,485.835638,39.659082,2.114913,107.326985,2.774618,5.936512,321.433368,485.835638,485.835638,485.835638,0.496805,0.677938,0.909096,0.967723,calls/second,milliseconds
1779200606,35,485.835638,32.021668,1.892084,96.817952,2.617629,5.396553,306.131941,334.930163,485.835638,485.835638,0.570146,0.677938,0.909096,0.967723,calls/second,milliseconds
1779200607,35,485.835638,32.021668,1.892084,96.817952,2.617629,5.396553,306.131941,334.930163,485.835638,485.835638,0.560992,0.677938,0.909096,0.967723,calls/second,milliseconds
1779200608,35,485.835638,32.021668,1.892084,96.817952,2.617629,5.396553,306.131941,334.930163,485.835638,485.835638,0.552125,0.677938,0.909096,0.967723,calls/second,milliseconds
1779200609,35,485.835638,32.021668,1.892084,96.817952,2.617629,5.396553,306.131941,334.930163,485.835638,485.835638,0.543531,0.677938,0.909096,0.967723,calls/second,milliseconds
1779200610,35,485.835638,32.021668,1.892084,96.817952,2.617629,5.396553,306.131941,334.930163,485.835638,485.835638,0.535207,0.703689,0.910599,0.967902,calls/second,milliseconds
1779200611,35,485.835638,32.021668,1.892084,96.817952,2.617629,5.396553,306.131941,334.930163,485.835638,485.835638,0.527132,0.703689,0.910599,0.967902,calls/second,milliseconds
1779200612,35,485.835638,32.021668,1.892084,96.817952,2.617629,5.396553,306.131941,334.930163,485.835638,485.835638,0.519296,0.703689,0.910599,0.967902,calls/second,milliseconds
1779200613,35,485.835638,32.021668,1.892084,96.817952,2.617629,5.396553,306.131941,334.930163,485.835638,485.835638,0.511691,0.703689,0.910599,0.967902,calls/second,milliseconds
1779200614,40,485.835638,26.463516,1.892084,87.985981,2.522944,3.402635,306.131941,334.930163,485.835638,485.835638,0.576349,0.703689,0.910599,0.967902,calls/second,milliseconds
1779200615,40,485.835638,26.463516,1.892084,87.985981,2.522944,3.402635,306.131941,334.930163,485.835638,485.835638,0.568149,0.727380,0.912077,0.968080,calls/second,milliseconds
1779200616,40,485.835638,26.463516,1.892084,87.985981,2.522944,3.402635,306.131941,334.930163,485.835638,485.835638,0.560180,0.727380,0.912077,0.968080,calls/second,milliseconds
1779200617,40,485.835638,26.463516,1.892084,87.985981,2.522944,3.402635,306.131941,334.930163,485.835638,485.835638,0.552375,0.727380,0.912077,0.968080,calls/second,milliseconds
1779200618,40,485.835638,26.463516,1.892084,87.985981,2.522944,3.402635,306.131941,334.930163,485.835638,485.835638,0.544835,0.727380,0.912077,0.968080,calls/second,milliseconds
1779200619,40,485.835638,26.463516,1.892084,87.985981,2.522944,3.402635,306.131941,334.930163,485.835638,485.835638,0.537499,0.727380,0.912077,0.968080,calls/second,milliseconds
1779200620,40,485.835638,26.463516,1.892084,87.985981,2.522944,3.402635,306.131941,334.930163,485.835638,485.835638,0.530360,0.669222,0.897001,0.962716,calls/second,milliseconds
1779200621,40,485.835638,26.463516,1.892084,87.985981,2.522944,3.402635,306.131941,334.930163,485.835638,485.835638,0.523411,0.669222,0.897001,0.962716,calls/second,milliseconds
1779200622,40,485.835638,26.463516,1.892084,87.985981,2.522944,3.402635,306.131941,334.930163,485.835638,485.835638,0.516637,0.669222,0.897001,0.962716,calls/second,milliseconds
1779200623,45,485.835638,22.235995,1.892084,80.322358,2.555164,3.330878,290.756471,334.930163,485.835638,485.835638,0.573792,0.669222,0.897001,0.962716,calls/second,milliseconds
1779200624,45,485.835638,22.235995,1.892084,80.322358,2.555164,3.330878,290.756471,334.930163,485.835638,485.835638,0.566554,0.669222,0.897001,0.962716,calls/second,milliseconds
1779200625,45,485.835638,22.235995,1.892084,80.322358,2.555164,3.330878,290.756471,334.930163,485.835638,485.835638,0.559497,0.695670,0.898704,0.962923,calls/second,milliseconds
1779200626,45,485.835638,22.235995,1.892084,80.322358,2.555164,3.330878,290.756471,334.930163,485.835638,485.835638,0.552616,0.695670,0.898704,0.962923,calls/second,milliseconds
1779200627,45,485.835638,22.235995,1.892084,80.322358,2.555164,3.330878,290.756471,334.930163,485.835638,485.835638,0.545899,0.695670,0.898704,0.962923,calls/second,milliseconds
1779200628,45,485.835638,22.235995,1.892084,80.322358,2.555164,3.330878,290.756471,334.930163,485.835638,485.835638,0.539346,0.695670,0.898704,0.962923,calls/second,milliseconds
1779200629,45,485.835638,22.235995,1.892084,80.322358,2.555164,3.330878,290.756471,334.930163,485.835638,485.835638,0.532943,0.695670,0.898704,0.962923,calls/second,milliseconds
1779200630,45,485.835638,22.235995,1.892084,80.322358,2.555164,3.330878,290.756471,334.930163,485.835638,485.835638,0.526696,0.640047,0.883849,0.957588,calls/second,milliseconds
1779200631,50,485.835638,18.896351,1.891448,73.705442,2.519477,3.314551,10.943074,321.433368,334.930163,485.835638,0.578435,0.640047,0.883849,0.957588,calls/second,milliseconds
1779200632,50,485.835638,18.896351,1.891448,73.705442,2.519477,3.314551,10.943074,321.433368,334.930163,485.835638,0.571806,0.640047,0.883849,0.957588,calls/second,milliseconds
1779200633,50,485.835638,18.896351,1.891448,73.705442,2.519477,3.314551,10.943074,321.433368,334.930163,485.835638,0.565327,0.640047,0.883849,0.957588,calls/second,milliseconds
1779200634,50,485.835638,18.896351,1.891448,73.705442,2.519477,3.314551,10.943074,321.433368,334.930163,485.835638,0.558996,0.640047,0.883849,0.957588,calls/second,milliseconds
1779200635,50,485.835638,18.896351,1.891448,73.705442,2.519477,3.314551,10.943074,321.433368,334.930163,485.835638,0.552804,0.668827,0.885769,0.957823,calls/second,milliseconds
1779200636,50,485.835638,18.896351,1.891448,73.705442,2.519477,3.314551,10.943074,321.433368,334.930163,485.835638,0.546748,0.668827,0.885769,0.957823,calls/second,milliseconds
1779200637,50,485.835638,18.896351,1.891448,73.705442,2.519477,3.314551,10.943074,321.433368,334.930163,485.835638,0.540823,0.668827,0.885769,0.957823,calls/second,milliseconds
1779200638,50,485.835638,18.896351,1.891448,73.705442,2.519477,3.314551,10.943074,321.433368,334.930163,485.835638,0.535026,0.668827,0.885769,0.957823,calls/second,milliseconds
1779200639,50,485.835638,18.896351,1.891448,73.705442,2.519477,3.314551,10.943074,321.433368,334.930163,485.835638,0.529349,0.668827,0.885769,0.957823,calls/second,milliseconds
1779200640,55,485.835638,16.269873,1.891448,67.813135,2.473765,3.229223,10.204184,321.433368,334.930163,485.835638,0.576172,0.615351,0.871129,0.952517,calls/second,milliseconds
1779200641,55,485.835638,16.269873,1.891448,67.813135,2.473765,3.229223,10.204184,321.433368,334.930163,485.835638,0.570188,0.615351,0.871129,0.952517,calls/second,milliseconds
1779200642,55,485.835638,16.269873,1.891448,67.813135,2.473765,3.229223,10.204184,321.433368,334.930163,485.835638,0.564328,0.615351,0.871129,0.952517,calls/second,milliseconds
1779200643,55,485.835638,16.269873,1.891448,67.813135,2.473765,3.229223,10.204184,321.433368,334.930163,485.835638,0.558588,0.615351,0.871129,0.952517,calls/second,milliseconds
1779200644,55,485.835638,16.269873,1.891448,67.813135,2.473765,3.229223,10.204184,321.433368,334.930163,485.835638,0.552961,0.615351,0.871129,0.952517,calls/second,milliseconds
1779200645,55,485.835638,16.269873,1.891448,67.813135,2.473765,3.229223,10.204184,321.433368,334.930163,485.835638,0.547448,0.646106,0.873259,0.952780,calls/second,milliseconds
1779200646,55,485.835638,16.269873,1.891448,67.813135,2.473765,3.229223,10.204184,321.433368,334.930163,485.835638,0.542041,0.646106,0.873259,0.952780,calls/second,milliseconds
1779200647,55,485.835638,16.269873,1.891448,67.813135,2.473765,3.229223,10.204184,321.433368,334.930163,485.835638,0.536743,0.646106,0.873259,0.952780,calls/second,milliseconds
1779200648,60,485.835638,14.119154,1.891448,62.616667,2.422603,2.940552,9.541450,306.131941,334.930163,485.835638,0.579865,0.646106,0.873259,0.952780,calls/second,milliseconds
1779200649,60,485.835638,14.119154,1.891448,62.616667,2.422603,2.940552,9.541450,306.131941,334.930163,485.835638,0.574304,0.646106,0.873259,0.952780,calls/second,milliseconds
1779200650,60,485.835638,14.119154,1.891448,62.616667,2.422603,2.940552,9.541450,306.131941,334.930163,485.835638,0.568850,0.674401,0.875354,0.953041,calls/second,milliseconds
1779200651,60,485.835638,14.119154,1.891448,62.616667,2.422603,2.940552,9.541450,306.131941,334.930163,485.835638,0.563498,0.674401,0.875354,0.953041,calls/second,milliseconds
1779200652,60,485.835638,14.119154,1.891448,62.616667,2.422603,2.940552,9.541450,306.131941,334.930163,485.835638,0.558244,0.674401,0.875354,0.953041,calls/second,milliseconds
1779200653,60,485.835638,14.119154,1.891448,62.616667,2.422603,2.940552,9.541450,306.131941,334.930163,485.835638,0.553088,0.674401,0.875354,0.953041,calls/second,milliseconds
1779200654,60,485.835638,14.119154,1.891448,62.616667,2.422603,2.940552,9.541450,306.131941,334.930163,485.835638,0.548028,0.674401,0.875354,0.953041,calls/second,milliseconds
1779200655,60,485.835638,14.119154,1.891448,62.616667,2.422603,2.940552,9.541450,306.131941,334.930163,485.835638,0.543060,0.620479,0.860885,0.947761,calls/second,milliseconds
1779200656,60,485.835638,14.119154,1.891448,62.616667,2.422603,2.940552,9.541450,306.131941,334.930163,485.835638,0.538181,0.620479,0.860885,0.947761,calls/second,milliseconds
1779200657,65,485.835638,12.387995,1.891448,57.912308,2.390417,2.877378,8.659705,306.131941,334.930163,485.835638,0.577836,0.620479,0.860885,0.947761,calls/second,milliseconds
1779200658,65,485.835638,12.387995,1.891448,57.912308,2.390417,2.877378,8.659705,306.131941,334.930163,485.835638,0.572735,0.620479,0.860885,0.947761,calls/second,milliseconds
1779200659,65,485.835638,12.387995,1.891448,57.912308,2.390417,2.877378,8.659705,306.131941,334.930163,485.835638,0.567725,0.620479,0.860885,0.947761,calls/second,milliseconds
1779200660,65,485.835638,12.387995,1.891448,57.912308,2.390417,2.877378,8.659705,306.131941,334.930163,485.835638,0.562800,0.650824,0.863185,0.948051,calls/second,milliseconds
1779200661,65,485.835638,12.387995,1.891448,57.912308,2.390417,2.877378,8.659705,306.131941,334.930163,485.835638,0.557962,0.650824,0.863185,0.948051,calls/second,milliseconds
1779200662,65,485.835638,12.387995,1.891448,57.912308,2.390417,2.877378,8.659705,306.131941,334.930163,485.835638,0.553207,0.650824,0.863185,0.948051,calls/second,milliseconds
1779200663,65,485.835638,12.387995,1.891448,57.912308,2.390417,2.877378,8.659705,306.131941,334.930163,485.835638,0.548528,0.650824,0.863185,0.948051,calls/second,milliseconds
1779200664,65,485.835638,12.387995,1.891448,57.912308,2.390417,2.877378,8.659705,306.131941,334.930163,485.835638,0.543931,0.650824,0.863185,0.948051,calls/second,milliseconds
1779200665,70,485.835638,10.918780,1.851162,53.706217,2.358906,2.877378,7.239529,290.756471,321.433368,485.835638,0.580903,0.678743,0.865446,0.948339,calls/second,milliseconds
1779200666,70,485.835638,10.918780,1.851162,53.706217,2.358906,2.877378,7.239529,290.756471,321.433368,485.835638,0.576112,0.678743,0.865446,0.948339,calls/second,milliseconds
1779200667,70,485.835638,10.918780,1.851162,53.706217,2.358906,2.877378,7.239529,290.756471,321.433368,485.835638,0.571403,0.678743,0.865446,0.948339,calls/second,milliseconds
1779200668,70,485.835638,10.918780,1.851162,53.706217,2.358906,2.877378,7.239529,290.756471,321.433368,485.835638,0.566770,0.678743,0.865446,0.948339,calls/second,milliseconds
1779200669,70,485.835638,10.918780,1.851162,53.706217,2.358906,2.877378,7.239529,290.756471,321.433368,485.835638,0.562208,0.678743,0.865446,0.948339,calls/second,milliseconds
1779200670,70,485.835638,10.918780,1.851162,53.706217,2.358906,2.877378,7.239529,290.756471,321.433368,485.835638,0.557721,0.624473,0.851141,0.943085,calls/second,milliseconds
1779200671,70,485.835638,10.918780,1.851162,53.706217,2.358906,2.877378,7.239529,290.756471,321.433368,485.835638,0.553307,0.624473,0.851141,0.943085,calls/second,milliseconds
1779200672,70,485.835638,10.918780,1.851162,53.706217,2.358906,2.877378,7.239529,290.756471,321.433368,485.835638,0.548961,0.624473,0.851141,0.943085,calls/second,milliseconds
1779200673,70,485.835638,10.918780,1.851162,53.706217,2.358906,2.877378,7.239529,290.756471,321.433368,485.835638,0.544684,0.624473,0.851141,0.943085,calls/second,milliseconds
1779200674,75,485.835638,9.680118,1.851162,49.859940,2.300570,2.875111,5.936512,290.756471,321.433368,485.835638,0.579078,0.624473,0.851141,0.943085,calls/second,milliseconds
1779200675,75,485.835638,9.680118,1.851162,49.859940,2.300570,2.875111,5.936512,290.756471,321.433368,485.835638,0.574632,0.654499,0.853602,0.943400,calls/second,milliseconds
1779200676,75,485.835638,9.680118,1.851162,49.859940,2.300570,2.875111,5.936512,290.756471,321.433368,485.835638,0.570255,0.654499,0.853602,0.943400,calls/second,milliseconds
1779200677,75,485.835638,9.680118,1.851162,49.859940,2.300570,2.875111,5.936512,290.756471,321.433368,485.835638,0.565943,0.654499,0.853602,0.943400,calls/second,milliseconds
1779200678,75,485.835638,9.680118,1.851162,49.859940,2.300570,2.875111,5.936512,290.756471,321.433368,485.835638,0.561696,0.654499,0.853602,0.943400,calls/second,milliseconds
1779200679,75,485.835638,9.680118,1.851162,49.859940,2.300570,2.875111,5.936512,290.756471,321.433368,485.835638,0.557512,0.654499,0.853602,0.943400,calls/second,milliseconds
1779200680,75,485.835638,9.680118,1.851162,49.859940,2.300570,2.875111,5.936512,290.756471,321.433368,485.835638,0.553391,0.602168,0.839493,0.938173,calls/second,milliseconds
1779200681,75,485.835638,9.680118,1.851162,49.859940,2.300570,2.875111,5.936512,290.756471,321.433368,485.835638,0.549331,0.602168,0.839493,0.938173,calls/second,milliseconds
1779200682,80,485.835638,8.660388,1.851162,46.377191,2.199558,2.791176,5.729329,10.943074,321.433368,485.835638,0.581686,0.602168,0.839493,0.938173,calls/second,milliseconds
1779200683,80,485.835638,8.660388,1.851162,46.377191,2.199558,2.791176,5.729329,10.943074,321.433368,485.835638,0.577481,0.602168,0.839493,0.938173,calls/second,milliseconds
1779200684,80,485.835638,8.660388,1.851162,46.377191,2.199558,2.791176,5.729329,10.943074,321.433368,485.835638,0.573336,0.602168,0.839493,0.938173,calls/second,milliseconds
1779200685,80,485.835638,8.660388,1.851162,46.377191,2.199558,2.791176,5.729329,10.943074,321.433368,485.835638,0.569251,0.633977,0.842146,0.938516,calls/second,milliseconds
1779200686,80,485.835638,8.660388,1.851162,46.377191,2.199558,2.791176,5.729329,10.943074,321.433368,485.835638,0.565223,0.633977,0.842146,0.938516,calls/second,milliseconds
1779200687,80,485.835638,8.660388,1.851162,46.377191,2.199558,2.791176,5.729329,10.943074,321.433368,485.835638,0.561253,0.633977,0.842146,0.938516,calls/second,milliseconds
1779200688,80,485.835638,8.660388,1.851162,46.377191,2.199558,2.791176,5.729329,10.943074,321.433368,485.835638,0.557337,0.633977,0.842146,0.938516,calls/second,milliseconds
1779200689,80,485.835638,8.660388,1.851162,46.377191,2.199558,2.791176,5.729329,10.943074,321.433368,485.835638,0.553476,0.633977,0.842146,0.938516,calls/second,milliseconds
1779200690,80,485.835638,8.660388,1.851162,46.377191,2.199558,2.791176,5.729329,10.943074,321.433368,485.835638,0.549668,0.583287,0.828227,0.933316,calls/second,milliseconds
1779200691,85,485.835638,7.778929,1.851162,43.158245,2.182631,2.790197,3.583026,10.204184,306.131941,485.835638,0.580030,0.583287,0.828227,0.933316,calls/second,milliseconds
1779200692,85,485.835638,7.778929,1.851162,43.158245,2.182631,2.790197,3.583026,10.204184,306.131941,485.835638,0.576091,0.583287,0.828227,0.933316,calls/second,milliseconds
1779200693,85,485.835638,7.778929,1.851162,43.158245,2.182631,2.790197,3.583026,10.204184,306.131941,485.835638,0.572207,0.583287,0.828227,0.933316,calls/second,milliseconds
1779200694,85,485.835638,7.778929,1.851162,43.158245,2.182631,2.790197,3.583026,10.204184,306.131941,485.835638,0.568375,0.583287,0.828227,0.933316,calls/second,milliseconds
1779200695,85,485.835638,7.778929,1.851162,43.158245,2.182631,2.790197,3.583026,10.204184,306.131941,485.835638,0.564594,0.616605,0.831066,0.933686,calls/second,milliseconds
1779200696,85,485.835638,7.778929,1.851162,43.158245,2.182631,2.790197,3.583026,10.204184,306.131941,485.835638,0.560864,0.616605,0.831066,0.933686,calls/second,milliseconds
1779200697,85,485.835638,7.778929,1.851162,43.158245,2.182631,2.790197,3.583026,10.204184,306.131941,485.835638,0.557180,0.616605,0.831066,0.933686,calls/second,milliseconds
1779200698,85,485.835638,7.778929,1.851162,43.158245,2.182631,2.790197,3.583026,10.204184,306.131941,485.835638,0.553546,0.616605,0.831066,0.933686,calls/second,milliseconds
1779200699,90,485.835638,7.074159,1.845233,40.230103,2.182631,2.716155,3.492805,10.204184,306.131941,485.835638,0.582309,0.616605,0.831066,0.933686,calls/second,milliseconds
1779200700,90,485.835638,7.074159,1.845233,40.230103,2.182631,2.716155,3.492805,10.204184,306.131941,485.835638,0.578557,0.647260,0.833858,0.934053,calls/second,milliseconds
1779200701,90,485.835638,7.074159,1.845233,40.230103,2.182631,2.716155,3.492805,10.204184,306.131941,485.835638,0.574856,0.647260,0.833858,0.934053,calls/second,milliseconds
1779200702,90,485.835638,7.074159,1.845233,40.230103,2.182631,2.716155,3.492805,10.204184,306.131941,485.835638,0.571200,0.647260,0.833858,0.934053,calls/second,milliseconds
1779200703,90,485.835638,7.074159,1.845233,40.230103,2.182631,2.716155,3.492805,10.204184,306.131941,485.835638,0.567592,0.647260,0.833858,0.934053,calls/second,milliseconds
1779200704,90,485.835638,7.074159,1.845233,40.230103,2.182631,2.716155,3.492805,10.204184,306.131941,485.835638,0.564029,0.647260,0.833858,0.934053,calls/second,milliseconds
1779200705,90,485.835638,7.074159,1.845233,40.230103,2.182631,2.716155,3.492805,10.204184,306.131941,485.835638,0.560509,0.595508,0.820076,0.928878,calls/second,milliseconds
1779200706,90,485.835638,7.074159,1.845233,40.230103,2.182631,2.716155,3.492805,10.204184,306.131941,485.835638,0.557035,0.595508,0.820076,0.928878,calls/second,milliseconds
1779200707,90,485.835638,7.074159,1.845233,40.230103,2.182631,2.716155,3.492805,10.204184,306.131941,485.835638,0.553603,0.595508,0.820076,0.928878,calls/second,milliseconds
1779200708,95,485.835638,6.427289,1.737937,37.480827,2.168209,2.673704,3.492805,9.541450,290.756471,485.835638,0.580779,0.595508,0.820076,0.928878,calls/second,milliseconds
1779200709,95,485.835638,6.427289,1.737937,37.480827,2.168209,2.673704,3.492805,9.541450,290.756471,485.835638,0.577245,0.595508,0.820076,0.928878,calls/second,milliseconds
1779200710,95,485.835638,6.427289,1.737937,37.480827,2.168209,2.673704,3.492805,9.541450,290.756471,485.835638,0.573754,0.627849,0.823049,0.929272,calls/second,milliseconds
1779200711,95,485.835638,6.427289,1.737937,37.480827,2.168209,2.673704,3.492805,9.541450,290.756471,485.835638,0.570305,0.627849,0.823049,0.929272,calls/second,milliseconds
1779200712,95,485.835638,6.427289,1.737937,37.480827,2.168209,2.673704,3.492805,9.541450,290.756471,485.835638,0.566897,0.627849,0.823049,0.929272,calls/second,milliseconds
1779200713,95,485.835638,6.427289,1.737937,37.480827,2.168209,2.673704,3.492805,9.541450,290.756471,485.835638,0.563530,0.627849,0.823049,0.929272,calls/second,milliseconds
1779200714,95,485.835638,6.427289,1.737937,37.480827,2.168209,2.673704,3.492805,9.541450,290.756471,485.835638,0.560202,0.627849,0.823049,0.929272,calls/second,milliseconds
1779200715,100,485.835638,5.872054,1.737937,35.003475,2.146637,2.670103,3.492805,8.659705,10.943074,485.835638,0.586224,0.577649,0.809446,0.924124,calls/second,milliseconds
1779200716,100,485.835638,5.872054,1.737937,35.003475,2.146637,2.670103,3.492805,8.659705,10.943074,485.835638,0.582803,0.577649,0.809446,0.924124,calls/second,milliseconds
1779200717,100,485.835638,5.872054,1.737937,35.003475,2.146637,2.670103,3.492805,8.659705,10.943074,485.835638,0.579421,0.577649,0.809446,0.924124,calls/second,milliseconds
1779200718,100,485.835638,5.872054,1.737937,35.003475,2.146637,2.670103,3.492805,8.659705,10.943074,485.835638,0.576079,0.577649,0.809446,0.924124,calls/second,milliseconds
1779200719,100,485.835638,5.872054,1.737937,35.003475,2.146637,2.670103,3.492805,8.659705,10.943074,485.835638,0.572775,0.577649,0.809446,0.924124,calls/second,milliseconds
1779200720,100,485.835638,5.872054,1.737937,35.003475,2.146637,2.670103,3.492805,8.659705,10.943074,485.835638,0.569508,0.611419,0.812595,0.924544,calls/second,milliseconds
1779200721,100,485.835638,5.872054,1.737937,35.003475,2.146637,2.670103,3.492805,8.659705,10.943074,485.835638,0.566278,0.611419,0.812595,0.924544,calls/second,milliseconds
1779200722,100,485.835638,5.872054,1.737937,35.003475,2.146637,2.670103,3.492805,8.659705,10.943074,485.835638,0.563083,0.611419,0.812595,0.924544,calls/second,milliseconds
1779200723,100,485.835638,5.872054,1.737937,35.003475,2.146637,2.670103,3.492805,8.659705,10.943074,485.835638,0.559924,0.611419,0.812595,0.924544,calls/second,milliseconds
1779200724,100,485.835638,5.872054,1.737937,35.003475,2.146637,2.670103,3.492805,8.659705,10.943074,485.835638,0.556802,0.611419,0.812595,0.924544,calls/second,milliseconds
1779200725,105,485.835638,5.379597,1.723388,32.662677,2.103490,2.617629,3.462785,7.239529,10.943074,485.835638,0.581398,0.562532,0.799164,0.919422,calls/second,milliseconds
1779200726,105,485.835638,5.379597,1.723388,32.662677,2.103490,2.617629,3.462785,7.239529,10.943074,485.835638,0.578192,0.562532,0.799164,0.919422,calls/second,milliseconds
1779200727,105,485.835638,5.379597,1.723388,32.662677,2.103490,2.617629,3.462785,7.239529,10.943074,485.835638,0.575021,0.562532,0.799164,0.919422,calls/second,milliseconds
1779200728,105,485.835638,5.379597,1.723388,32.662677,2.103490,2.617629,3.462785,7.239529,10.943074,485.835638,0.571885,0.562532,0.799164,0.919422,calls/second,milliseconds
1779200729,105,485.835638,5.379597,1.723388,32.662677,2.103490,2.617629,3.462785,7.239529,10.943074,485.835638,0.568782,0.562532,0.799164,0.919422,calls/second,milliseconds
1779200730,105,485.835638,5.379597,1.723388,32.662677,2.103490,2.617629,3.462785,7.239529,10.943074,485.835638,0.565714,0.597510,0.802484,0.919869,calls/second,milliseconds
1779200731,105,485.835638,5.379597,1.723388,32.662677,2.103490,2.617629,3.462785,7.239529,10.943074,485.835638,0.562678,0.597510,0.802484,0.919869,calls/second,milliseconds
1779200732,105,485.835638,5.379597,1.723388,32.662677,2.103490,2.617629,3.462785,7.239529,10.943074,485.835638,0.559675,0.597510,0.802484,0.919869,calls/second,milliseconds
1779200733,110,485.835638,4.963133,1.723388,30.543309,2.072573,2.560357,3.462785,5.936512,10.204184,485.835638,0.583212,0.597510,0.802484,0.919869,calls/second,milliseconds
1779200734,110,485.835638,4.963133,1.723388,30.543309,2.072573,2.560357,3.462785,5.936512,10.204184,485.835638,0.580130,0.597510,0.802484,0.919869,calls/second,milliseconds
1779200735,110,485.835638,4.963133,1.723388,30.543309,2.072573,2.560357,3.462785,5.936512,10.204184,485.835638,0.577082,0.629692,0.805748,0.920313,calls/second,milliseconds
1779200736,110,485.835638,4.963133,1.723388,30.543309,2.072573,2.560357,3.462785,5.936512,10.204184,485.835638,0.574066,0.629692,0.805748,0.920313,calls/second,milliseconds
1779200737,110,485.835638,4.963133,1.723388,30.543309,2.072573,2.560357,3.462785,5.936512,10.204184,485.835638,0.571082,0.629692,0.805748,0.920313,calls/second,milliseconds
1779200738,110,485.835638,4.963133,1.723388,30.543309,2.072573,2.560357,3.462785,5.936512,10.204184,485.835638,0.568128,0.629692,0.805748,0.920313,calls/second,milliseconds
1779200739,110,485.835638,4.963133,1.723388,30.543309,2.072573,2.560357,3.462785,5.936512,10.204184,485.835638,0.565202,0.629692,0.805748,0.920313,calls/second,milliseconds
1779200740,110,485.835638,4.963133,1.723388,30.543309,2.072573,2.560357,3.462785,5.936512,10.204184,485.835638,0.562309,0.579344,0.792431,0.915214,calls/second,milliseconds
1779200741,110,485.835638,4.963133,1.723388,30.543309,2.072573,2.560357,3.462785,5.936512,10.204184,485.835638,0.559446,0.579344,0.792431,0.915214,calls/second,milliseconds
1779200742,115,485.835638,4.610687,1.723388,28.531842,2.072573,2.560357,3.462785,5.396553,10.204184,485.835638,0.581911,0.579344,0.792431,0.915214,calls/second,milliseconds
1779200743,115,485.835638,4.610687,1.723388,28.531842,2.072573,2.560357,3.462785,5.396553,10.204184,485.835638,0.578977,0.579344,0.792431,0.915214,calls/second,milliseconds
1779200744,115,485.835638,4.610687,1.723388,28.531842,2.072573,2.560357,3.462785,5.396553,10.204184,485.835638,0.576073,0.579344,0.792431,0.915214,calls/second,milliseconds
1779200745,115,485.835638,4.610687,1.723388,28.531842,2.072573,2.560357,3.462785,5.396553,10.204184,485.835638,0.573198,0.612978,0.795861,0.915684,calls/second,milliseconds
1779200746,115,485.835638,4.610687,1.723388,28.531842,2.072573,2.560357,3.462785,5.396553,10.204184,485.835638,0.570351,0.612978,0.795861,0.915684,calls/second,milliseconds
1779200747,115,485.835638,4.610687,1.723388,28.531842,2.072573,2.560357,3.462785,5.396553,10.204184,485.835638,0.567532,0.612978,0.795861,0.915684,calls/second,milliseconds
1779200748,115,485.835638,4.610687,1.723388,28.531842,2.072573,2.560357,3.462785,5.396553,10.204184,485.835638,0.564741,0.612978,0.795861,0.915684,calls/second,milliseconds
1779200749,115,485.835638,4.610687,1.723388,28.531842,2.072573,2.560357,3.462785,5.396553,10.204184,485.835638,0.561960,0.612978,0.795861,0.915684,calls/second,milliseconds
1779200750,120,485.835638,4.306974,1.723388,26.705589,2.069916,2.522944,3.332352,3.583026,9.541450,485.835638,0.583535,0.643923,0.799235,0.916151,calls/second,milliseconds
1779200751,120,485.835638,4.306974,1.723388,26.705589,2.069916,2.522944,3.332352,3.583026,9.541450,485.835638,0.580707,0.643923,0.799235,0.916151,calls/second,milliseconds
1779200752,120,485.835638,4.306974,1.723388,26.705589,2.069916,2.522944,3.332352,3.583026,9.541450,485.835638,0.577907,0.643923,0.799235,0.916151,calls/second,milliseconds
1779200753,120,485.835638,4.306974,1.723388,26.705589,2.069916,2.522944,3.332352,3.583026,9.541450,485.835638,0.575134,0.643923,0.799235,0.916151,calls/second,milliseconds
1779200754,120,485.835638,4.306974,1.723388,26.705589,2.069916,2.522944,3.332352,3.583026,9.541450,485.835638,0.572386,0.643923,0.799235,0.916151,calls/second,milliseconds
1779200755,120,485.835638,4.306974,1.723388,26.705589,2.069916,2.522944,3.332352,3.583026,9.541450,485.835638,0.569665,0.592437,0.786025,0.911075,calls/second,milliseconds
1779200756,120,485.835638,4.306974,1.723388,26.705589,2.069916,2.522944,3.332352,3.583026,9.541450,485.835638,0.566970,0.592437,0.786025,0.911075,calls/second,milliseconds
1779200757,120,485.835638,4.306974,1.723388,26.705589,2.069916,2.522944,3.332352,3.583026,9.541450,485.835638,0.564298,0.592437,0.786025,0.911075,calls/second,milliseconds
1779200758,120,485.835638,4.306974,1.723388,26.705589,2.069916,2.522944,3.332352,3.583026,9.541450,485.835638,0.561653,0.592437,0.786025,0.911075,calls/second,milliseconds
1779200759,125,485.835638,4.034626,1.723388,24.968745,2.052989,2.473765,3.274980,3.492805,8.659705,485.835638,0.582326,0.592437,0.786025,0.911075,calls/second,milliseconds
1779200760,125,485.835638,4.034626,1.723388,24.968745,2.052989,2.473765,3.274980,3.492805,8.659705,485.835638,0.579622,0.625024,0.789562,0.911568,calls/second,milliseconds
1779200761,125,485.835638,4.034626,1.723388,24.968745,2.052989,2.473765,3.274980,3.492805,8.659705,485.835638,0.576942,0.625024,0.789562,0.911568,calls/second,milliseconds
1779200762,125,485.835638,4.034626,1.723388,24.968745,2.052989,2.473765,3.274980,3.492805,8.659705,485.835638,0.574288,0.625024,0.789562,0.911568,calls/second,milliseconds
1779200763,125,485.835638,4.034626,1.723388,24.968745,2.052989,2.473765,3.274980,3.492805,8.659705,485.835638,0.571658,0.625024,0.789562,0.911568,calls/second,milliseconds
1779200764,125,485.835638,4.034626,1.723388,24.968745,2.052989,2.473765,3.274980,3.492805,8.659705,485.835638,0.569052,0.625024,0.789562,0.911568,calls/second,milliseconds
1779200765,125,485.835638,4.034626,1.723388,24.968745,2.052989,2.473765,3.274980,3.492805,8.659705,485.835638,0.566470,0.575050,0.776512,0.906518,calls/second,milliseconds
1779200766,125,485.835638,4.034626,1.723388,24.968745,2.052989,2.473765,3.274980,3.492805,8.659705,485.835638,0.563911,0.575050,0.776512,0.906518,calls/second,milliseconds
1779200767,130,485.835638,3.892805,1.723388,23.384353,2.093024,2.617629,3.462785,4.511795,7.239529,334.930163,0.583830,0.575050,0.776512,0.906518,calls/second,milliseconds
1779200768,130,485.835638,3.892805,1.723388,23.384353,2.093024,2.617629,3.462785,4.511795,7.239529,334.930163,0.581215,0.575050,0.776512,0.906518,calls/second,milliseconds
1779200769,130,485.835638,3.892805,1.723388,23.384353,2.093024,2.617629,3.462785,4.511795,7.239529,334.930163,0.578623,0.575050,0.776512,0.906518,calls/second,milliseconds
1779200770,130,485.835638,3.892805,1.723388,23.384353,2.093024,2.617629,3.462785,4.511795,7.239529,334.930163,0.576055,0.609027,0.780206,0.907036,calls/second,milliseconds
1779200771,130,485.835638,3.892805,1.723388,23.384353,2.093024,2.617629,3.462785,4.511795,7.239529,334.930163,0.573510,0.609027,0.780206,0.907036,calls/second,milliseconds
1779200772,130,485.835638,3.892805,1.723388,23.384353,2.093024,2.617629,3.462785,4.511795,7.239529,334.930163,0.570988,0.609027,0.780206,0.907036,calls/second,milliseconds
1779200773,130,485.835638,3.892805,1.723388,23.384353,2.093024,2.617629,3.462785,4.511795,7.239529,334.930163,0.568487,0.609027,0.780206,0.907036,calls/second,milliseconds
1779200774,130,485.835638,3.892805,1.723388,23.384353,2.093024,2.617629,3.462785,4.511795,7.239529,334.930163,0.566009,0.609027,0.780206,0.907036,calls/second,milliseconds
1779200775,130,485.835638,3.892805,1.723388,23.384353,2.093024,2.617629,3.462785,4.511795,7.239529,334.930163,0.563551,0.560332,0.767310,0.902010,calls/second,milliseconds
1779200776,135,485.835638,3.669338,1.605192,21.879328,2.072573,2.560357,3.462785,4.511795,5.936512,334.930163,0.582695,0.560332,0.767310,0.902010,calls/second,milliseconds
1779200777,135,485.835638,3.669338,1.605192,21.879328,2.072573,2.560357,3.462785,4.511795,5.936512,334.930163,0.580187,0.560332,0.767310,0.902010,calls/second,milliseconds
1779200778,135,485.835638,3.669338,1.605192,21.879328,2.072573,2.560357,3.462785,4.511795,5.936512,334.930163,0.577701,0.560332,0.767310,0.902010,calls/second,milliseconds
1779200779,135,485.835638,3.669338,1.605192,21.879328,2.072573,2.560357,3.462785,4.511795,5.936512,334.930163,0.575236,0.560332,0.767310,0.902010,calls/second,milliseconds
1779200780,135,485.835638,3.669338,1.605192,21.879328,2.072573,2.560357,3.462785,4.511795,5.936512,334.930163,0.572792,0.595486,0.771156,0.902553,calls/second,milliseconds
1779200781,135,485.835638,3.669338,1.605192,21.879328,2.072573,2.560357,3.462785,4.511795,5.936512,334.930163,0.570368,0.595486,0.771156,0.902553,calls/second,milliseconds
1779200782,135,485.835638,3.669338,1.605192,21.879328,2.072573,2.560357,3.462785,4.511795,5.936512,334.930163,0.567966,0.595486,0.771156,0.902553,calls/second,milliseconds
1779200783,140,485.835638,3.476229,1.605192,20.506633,2.066747,2.519477,3.330878,4.511795,5.729329,334.930163,0.586530,0.595486,0.771156,0.902553,calls/second,milliseconds
1779200784,140,485.835638,3.476229,1.605192,20.506633,2.066747,2.519477,3.330878,4.511795,5.729329,334.930163,0.584079,0.595486,0.771156,0.902553,calls/second,milliseconds
1779200785,140,485.835638,3.476229,1.605192,20.506633,2.066747,2.519477,3.330878,4.511795,5.729329,334.930163,0.581650,0.627829,0.774938,0.903093,calls/second,milliseconds
1779200786,140,485.835638,3.476229,1.605192,20.506633,2.066747,2.519477,3.330878,4.511795,5.729329,334.930163,0.579240,0.627829,0.774938,0.903093,calls/second,milliseconds
1779200787,140,485.835638,3.476229,1.605192,20.506633,2.066747,2.519477,3.330878,4.511795,5.729329,334.930163,0.576850,0.627829,0.774938,0.903093,calls/second,milliseconds
1779200788,140,485.835638,3.476229,1.605192,20.506633,2.066747,2.519477,3.330878,4.511795,5.729329,334.930163,0.574479,0.627829,0.774938,0.903093,calls/second,milliseconds
1779200789,140,485.835638,3.476229,1.605192,20.506633,2.066747,2.519477,3.330878,4.511795,5.729329,334.930163,0.572129,0.627829,0.774938,0.903093,calls/second,milliseconds
1779200790,140,485.835638,3.476229,1.605192,20.506633,2.066747,2.519477,3.330878,4.511795,5.729329,334.930163,0.569795,0.577631,0.762130,0.898090,calls/second,milliseconds
1779200791,140,485.835638,3.476229,1.605192,20.506633,2.066747,2.519477,3.330878,4.511795,5.729329,334.930163,0.567482,0.577631,0.762130,0.898090,calls/second,milliseconds
1779200792,140,485.835638,3.476229,1.605192,20.506633,2.066747,2.519477,3.330878,4.511795,5.729329,334.930163,0.565188,0.577631,0.762130,0.898090,calls/second,milliseconds
1779200793,145,485.835638,3.288056,1.513904,19.197175,2.050314,2.422603,3.241286,4.511795,4.511795,334.930163,0.583016,0.577631,0.762130,0.898090,calls/second,milliseconds
1779200794,145,485.835638,3.288056,1.513904,19.197175,2.050314,2.422603,3.241286,4.511795,4.511795,334.930163,0.580678,0.577631,0.762130,0.898090,calls/second,milliseconds
1779200795,145,485.835638,3.288056,1.513904,19.197175,2.050314,2.422603,3.241286,4.511795,4.511795,334.930163,0.578359,0.611401,0.766061,0.898655,calls/second,milliseconds
1779200796,145,485.835638,3.288056,1.513904,19.197175,2.050314,2.422603,3.241286,4.511795,4.511795,334.930163,0.576058,0.611401,0.766061,0.898655,calls/second,milliseconds
1779200797,145,485.835638,3.288056,1.513904,19.197175,2.050314,2.422603,3.241286,4.511795,4.511795,334.930163,0.573775,0.611401,0.766061,0.898655,calls/second,milliseconds
1779200798,145,485.835638,3.288056,1.513904,19.197175,2.050314,2.422603,3.241286,4.511795,4.511795,334.930163,0.571510,0.611401,0.766061,0.898655,calls/second,milliseconds
1779200799,145,485.835638,3.288056,1.513904,19.197175,2.050314,2.422603,3.241286,4.511795,4.511795,334.930163,0.569263,0.611401,0.766061,0.898655,calls/second,milliseconds
1779200800,145,485.835638,3.288056,1.513904,19.197175,2.050314,2.422603,3.241286,4.511795,4.511795,334.930163,0.567032,0.562517,0.753400,0.893676,calls/second,milliseconds
1779200801,150,485.835638,3.121120,1.513904,18.001361,2.019549,2.402033,3.147043,4.511795,4.511795,334.930163,0.584296,0.562517,0.753400,0.893676,calls/second,milliseconds
1779200802,150,485.835638,3.121120,1.513904,18.001361,2.019549,2.402033,3.147043,4.511795,4.511795,334.930163,0.582026,0.562517,0.753400,0.893676,calls/second,milliseconds
1779200803,150,485.835638,3.121120,1.513904,18.001361,2.019549,2.402033,3.147043,4.511795,4.511795,334.930163,0.579773,0.562517,0.753400,0.893676,calls/second,milliseconds
1779200804,150,485.835638,3.121120,1.513904,18.001361,2.019549,2.402033,3.147043,4.511795,4.511795,334.930163,0.577538,0.562517,0.753400,0.893676,calls/second,milliseconds
1779200805,150,485.835638,3.121120,1.513904,18.001361,2.019549,2.402033,3.147043,4.511795,4.511795,334.930163,0.575320,0.597496,0.757476,0.894265,calls/second,milliseconds
1779200806,150,485.835638,3.121120,1.513904,18.001361,2.019549,2.402033,3.147043,4.511795,4.511795,334.930163,0.573117,0.597496,0.757476,0.894265,calls/second,milliseconds
1779200807,150,485.835638,3.121120,1.513904,18.001361,2.019549,2.402033,3.147043,4.511795,4.511795,334.930163,0.570933,0.597496,0.757476,0.894265,calls/second,milliseconds
1779200808,150,485.835638,3.121120,1.513904,18.001361,2.019549,2.402033,3.147043,4.511795,4.511795,334.930163,0.568765,0.597496,0.757476,0.894265,calls/second,milliseconds
1779200809,150,485.835638,3.121120,1.513904,18.001361,2.019549,2.402033,3.147043,4.511795,4.511795,334.930163,0.566613,0.597496,0.757476,0.894265,calls/second,milliseconds
1779200810,155,485.835638,3.000742,1.513904,16.856635,1.996189,2.399823,3.102785,4.511795,4.511795,321.433368,0.583293,0.549723,0.744956,0.889311,calls/second,milliseconds
1779200811,155,485.835638,3.000742,1.513904,16.856635,1.996189,2.399823,3.102785,4.511795,4.511795,321.433368,0.581104,0.549723,0.744956,0.889311,calls/second,milliseconds
1779200812,155,485.835638,3.000742,1.513904,16.856635,1.996189,2.399823,3.102785,4.511795,4.511795,321.433368,0.578930,0.549723,0.744956,0.889311,calls/second,milliseconds
1779200813,155,485.835638,3.000742,1.513904,16.856635,1.996189,2.399823,3.102785,4.511795,4.511795,321.433368,0.576773,0.549723,0.744956,0.889311,calls/second,milliseconds
1779200814,155,485.835638,3.000742,1.513904,16.856635,1.996189,2.399823,3.102785,4.511795,4.511795,321.433368,0.574632,0.549723,0.744956,0.889311,calls/second,milliseconds
1779200815,155,485.835638,3.000742,1.513904,16.856635,1.996189,2.399823,3.102785,4.511795,4.511795,321.433368,0.572507,0.585725,0.749171,0.889924,calls/second,milliseconds
1779200816,155,485.835638,3.000742,1.513904,16.856635,1.996189,2.399823,3.102785,4.511795,4.511795,321.433368,0.570396,0.585725,0.749171,0.889924,calls/second,milliseconds
1779200817,155,485.835638,3.000742,1.513904,16.856635,1.996189,2.399823,3.102785,4.511795,4.511795,321.433368,0.568301,0.585725,0.749171,0.889924,calls/second,milliseconds
1779200818,160,485.835638,2.878102,1.513904,15.811132,1.985370,2.399823,3.102785,3.492805,4.511795,321.433368,0.584486,0.585725,0.749171,0.889924,calls/second,milliseconds
1779200819,160,485.835638,2.878102,1.513904,15.811132,1.985370,2.399823,3.102785,3.492805,4.511795,321.433368,0.582357,0.585725,0.749171,0.889924,calls/second,milliseconds
1779200820,160,485.835638,2.878102,1.513904,15.811132,1.985370,2.399823,3.102785,3.492805,4.511795,321.433368,0.580241,0.618848,0.753317,0.890534,calls/second,milliseconds
1779200821,160,485.835638,2.878102,1.513904,15.811132,1.985370,2.399823,3.102785,3.492805,4.511795,321.433368,0.578142,0.618848,0.753317,0.890534,calls/second,milliseconds
1779200822,160,485.835638,2.878102,1.513904,15.811132,1.985370,2.399823,3.102785,3.492805,4.511795,321.433368,0.576057,0.618848,0.753317,0.890534,calls/second,milliseconds
1779200823,160,485.835638,2.878102,1.513904,15.811132,1.985370,2.399823,3.102785,3.492805,4.511795,321.433368,0.573988,0.618848,0.753317,0.890534,calls/second,milliseconds
1779200824,160,485.835638,2.878102,1.513904,15.811132,1.985370,2.399823,3.102785,3.492805,4.511795,321.433368,0.571933,0.618848,0.753317,0.890534,calls/second,milliseconds
1779200825,160,485.835638,2.878102,1.513904,15.811132,1.985370,2.399823,3.102785,3.492805,4.511795,321.433368,0.569893,0.569368,0.740866,0.885600,calls/second,milliseconds
1779200826,160,485.835638,2.878102,1.513904,15.811132,1.985370,2.399823,3.102785,3.492805,4.511795,321.433368,0.567866,0.569368,0.740866,0.885600,calls/second,milliseconds
1779200827,165,485.835638,2.759879,1.370873,14.811494,1.985370,2.354787,3.102350,3.462785,4.511795,321.433368,0.583537,0.569368,0.740866,0.885600,calls/second,milliseconds
1779200828,165,485.835638,2.759879,1.370873,14.811494,1.985370,2.354787,3.102350,3.462785,4.511795,321.433368,0.581478,0.569368,0.740866,0.885600,calls/second,milliseconds
1779200829,165,485.835638,2.759879,1.370873,14.811494,1.985370,2.354787,3.102350,3.462785,4.511795,321.433368,0.579432,0.569368,0.740866,0.885600,calls/second,milliseconds
1779200830,165,485.835638,2.759879,1.370873,14.811494,1.985370,2.354787,3.102350,3.462785,4.511795,321.433368,0.577401,0.603799,0.745149,0.886234,calls/second,milliseconds
1779200831,165,485.835638,2.759879,1.370873,14.811494,1.985370,2.354787,3.102350,3.462785,4.511795,321.433368,0.575385,0.603799,0.745149,0.886234,calls/second,milliseconds
1779200832,165,485.835638,2.759879,1.370873,14.811494,1.985370,2.354787,3.102350,3.462785,4.511795,321.433368,0.573382,0.603799,0.745149,0.886234,calls/second,milliseconds
1779200833,165,485.835638,2.759879,1.370873,14.811494,1.985370,2.354787,3.102350,3.462785,4.511795,321.433368,0.571394,0.603799,0.745149,0.886234,calls/second,milliseconds
1779200834,165,485.835638,2.759879,1.370873,14.811494,1.985370,2.354787,3.102350,3.462785,4.511795,321.433368,0.569420,0.603799,0.745149,0.886234,calls/second,milliseconds
1779200835,170,485.835638,2.664363,1.370873,13.896452,1.961987,2.352148,3.010992,3.462785,4.511795,306.131941,0.584654,0.635478,0.749361,0.886864,calls/second,milliseconds
1779200836,170,485.835638,2.664363,1.370873,13.896452,1.961987,2.352148,3.010992,3.462785,4.511795,306.131941,0.582647,0.635478,0.749361,0.886864,calls/second,milliseconds
1779200837,170,485.835638,2.664363,1.370873,13.896452,1.961987,2.352148,3.010992,3.462785,4.511795,306.131941,0.580653,0.635478,0.749361,0.886864,calls/second,milliseconds
1779200838,170,485.835638,2.664363,1.370873,13.896452,1.961987,2.352148,3.010992,3.462785,4.511795,306.131941,0.578674,0.635478,0.749361,0.886864,calls/second,milliseconds
1779200839,170,485.835638,2.664363,1.370873,13.896452,1.961987,2.352148,3.010992,3.462785,4.511795,306.131941,0.576707,0.635478,0.749361,0.886864,calls/second,milliseconds
1779200840,170,485.835638,2.664363,1.370873,13.896452,1.961987,2.352148,3.010992,3.462785,4.511795,306.131941,0.574754,0.584668,0.736975,0.881951,calls/second,milliseconds
1779200841,170,485.835638,2.664363,1.370873,13.896452,1.961987,2.352148,3.010992,3.462785,4.511795,306.131941,0.572815,0.584668,0.736975,0.881951,calls/second,milliseconds
1779200842,170,485.835638,2.664363,1.370873,13.896452,1.961987,2.352148,3.010992,3.462785,4.511795,306.131941,0.570889,0.584668,0.736975,0.881951,calls/second,milliseconds
1779200843,170,485.835638,2.664363,1.370873,13.896452,1.961987,2.352148,3.010992,3.462785,4.511795,306.131941,0.568975,0.584668,0.736975,0.881951,calls/second,milliseconds
1779200844,175,485.835638,2.602977,1.370873,13.019309,1.975166,2.300570,2.994242,3.330878,4.511795,306.131941,0.583753,0.584668,0.736975,0.881951,calls/second,milliseconds
1779200845,175,485.835638,2.602977,1.370873,13.019309,1.975166,2.300570,2.994242,3.330878,4.511795,306.131941,0.581808,0.617876,0.741323,0.882605,calls/second,milliseconds
1779200846,175,485.835638,2.602977,1.370873,13.019309,1.975166,2.300570,2.994242,3.330878,4.511795,306.131941,0.579878,0.617876,0.741323,0.882605,calls/second,milliseconds
1779200847,175,485.835638,2.602977,1.370873,13.019309,1.975166,2.300570,2.994242,3.330878,4.511795,306.131941,0.577960,0.617876,0.741323,0.882605,calls/second,milliseconds
1779200848,175,485.835638,2.602977,1.370873,13.019309,1.975166,2.300570,2.994242,3.330878,4.511795,306.131941,0.576055,0.617876,0.741323,0.882605,calls/second,milliseconds
1779200849,175,485.835638,2.602977,1.370873,13.019309,1.975166,2.300570,2.994242,3.330878,4.511795,306.131941,0.574162,0.617876,0.741323,0.882605,calls/second,milliseconds
1779200850,175,485.835638,2.602977,1.370873,13.019309,1.975166,2.300570,2.994242,3.330878,4.511795,306.131941,0.572282,0.568473,0.729070,0.877715,calls/second,milliseconds
1779200851,175,485.835638,2.602977,1.370873,13.019309,1.975166,2.300570,2.994242,3.330878,4.511795,306.131941,0.570414,0.568473,0.729070,0.877715,calls/second,milliseconds
1779200852,180,485.835638,2.617428,1.370873,12.227895,1.975166,2.397624,3.102785,5.921777,5.921777,290.756471,0.584801,0.568473,0.729070,0.877715,calls/second,milliseconds
1779200853,180,485.835638,2.617428,1.370873,12.227895,1.975166,2.397624,3.102785,5.921777,5.921777,290.756471,0.582905,0.568473,0.729070,0.877715,calls/second,milliseconds
1779200854,180,485.835638,2.617428,1.370873,12.227895,1.975166,2.397624,3.102785,5.921777,5.921777,290.756471,0.581021,0.568473,0.729070,0.877715,calls/second,milliseconds
1779200855,180,485.835638,2.617428,1.370873,12.227895,1.975166,2.397624,3.102785,5.921777,5.921777,290.756471,0.579148,0.602976,0.733548,0.878392,calls/second,milliseconds
1779200856,180,485.835638,2.617428,1.370873,12.227895,1.975166,2.397624,3.102785,5.921777,5.921777,290.756471,0.577289,0.602976,0.733548,0.878392,calls/second,milliseconds
1779200857,180,485.835638,2.617428,1.370873,12.227895,1.975166,2.397624,3.102785,5.921777,5.921777,290.756471,0.575441,0.602976,0.733548,0.878392,calls/second,milliseconds
1779200858,180,485.835638,2.617428,1.370873,12.227895,1.975166,2.397624,3.102785,5.921777,5.921777,290.756471,0.573604,0.602976,0.733548,0.878392,calls/second,milliseconds
1779200859,180,485.835638,2.617428,1.370873,12.227895,1.975166,2.397624,3.102785,5.921777,5.921777,290.756471,0.571779,0.602976,0.733548,0.878392,calls/second,milliseconds
1779200860,180,485.835638,2.617428,1.370873,12.227895,1.975166,2.397624,3.102785,5.921777,5.921777,290.756471,0.569966,0.554765,0.721423,0.873526,calls/second,milliseconds
1779200861,185,485.835638,2.547543,1.370873,11.459147,1.933448,2.367280,3.102350,5.921777,5.921777,290.756471,0.583947,0.554765,0.721423,0.873526,calls/second,milliseconds
1779200862,185,485.835638,2.547543,1.370873,11.459147,1.933448,2.367280,3.102350,5.921777,5.921777,290.756471,0.582106,0.554765,0.721423,0.873526,calls/second,milliseconds
1779200863,185,485.835638,2.547543,1.370873,11.459147,1.933448,2.367280,3.102350,5.921777,5.921777,290.756471,0.580277,0.554765,0.721423,0.873526,calls/second,milliseconds
1779200864,185,485.835638,2.547543,1.370873,11.459147,1.933448,2.367280,3.102350,5.921777,5.921777,290.756471,0.578460,0.554765,0.721423,0.873526,calls/second,milliseconds
1779200865,185,485.835638,2.547543,1.370873,11.459147,1.933448,2.367280,3.102350,5.921777,5.921777,290.756471,0.576654,0.590364,0.726028,0.874227,calls/second,milliseconds
1779200866,185,485.835638,2.547543,1.370873,11.459147,1.933448,2.367280,3.102350,5.921777,5.921777,290.756471,0.574860,0.590364,0.726028,0.874227,calls/second,milliseconds
1779200867,185,485.835638,2.547543,1.370873,11.459147,1.933448,2.367280,3.102350,5.921777,5.921777,290.756471,0.573077,0.590364,0.726028,0.874227,calls/second,milliseconds
1779200868,190,485.835638,2.491427,1.370873,10.755085,1.936707,2.330654,3.010992,5.921777,5.921777,10.943074,0.586746,0.590364,0.726028,0.874227,calls/second,milliseconds
1779200869,190,485.835638,2.491427,1.370873,10.755085,1.936707,2.330654,3.010992,5.921777,5.921777,10.943074,0.584936,0.590364,0.726028,0.874227,calls/second,milliseconds
1779200870,190,485.835638,2.491427,1.370873,10.755085,1.936707,2.330654,3.010992,5.921777,5.921777,10.943074,0.583139,0.623117,0.730556,0.874923,calls/second,milliseconds
1779200871,190,485.835638,2.491427,1.370873,10.755085,1.936707,2.330654,3.010992,5.921777,5.921777,10.943074,0.581352,0.623117,0.730556,0.874923,calls/second,milliseconds
1779200872,190,485.835638,2.491427,1.370873,10.755085,1.936707,2.330654,3.010992,5.921777,5.921777,10.943074,0.579575,0.623117,0.730556,0.874923,calls/second,milliseconds
1779200873,190,485.835638,2.491427,1.370873,10.755085,1.936707,2.330654,3.010992,5.921777,5.921777,10.943074,0.577810,0.623117,0.730556,0.874923,calls/second,milliseconds
1779200874,190,485.835638,2.491427,1.370873,10.755085,1.936707,2.330654,3.010992,5.921777,5.921777,10.943074,0.576056,0.623117,0.730556,0.874923,calls/second,milliseconds
1779200875,190,485.835638,2.491427,1.370873,10.755085,1.936707,2.330654,3.010992,5.921777,5.921777,10.943074,0.574312,0.573295,0.718481,0.870076,calls/second,milliseconds
1779200876,190,485.835638,2.491427,1.370873,10.755085,1.936707,2.330654,3.010992,5.921777,5.921777,10.943074,0.572578,0.573295,0.718481,0.870076,calls/second,milliseconds
1779200877,190,485.835638,2.491427,1.370873,10.755085,1.936707,2.330654,3.010992,5.921777,5.921777,10.943074,0.570856,0.573295,0.718481,0.870076,calls/second,milliseconds
1779200878,195,485.835638,2.479843,1.370873,10.080707,1.975166,2.404961,3.161021,4.511795,5.921777,10.943074,0.584120,0.573295,0.718481,0.870076,calls/second,milliseconds
1779200879,195,485.835638,2.479843,1.370873,10.080707,1.975166,2.404961,3.161021,4.511795,5.921777,10.943074,0.582373,0.573295,0.718481,0.870076,calls/second,milliseconds
1779200880,195,485.835638,2.479843,1.370873,10.080707,1.975166,2.404961,3.161021,4.511795,5.921777,10.943074,0.580636,0.607413,0.723134,0.870796,calls/second,milliseconds
1779200881,195,485.835638,2.479843,1.370873,10.080707,1.975166,2.404961,3.161021,4.511795,5.921777,10.943074,0.578909,0.607413,0.723134,0.870796,calls/second,milliseconds
1779200882,195,485.835638,2.479843,1.370873,10.080707,1.975166,2.404961,3.161021,4.511795,5.921777,10.943074,0.577193,0.607413,0.723134,0.870796,calls/second,milliseconds
1779200883,195,485.835638,2.479843,1.370873,10.080707,1.975166,2.404961,3.161021,4.511795,5.921777,10.943074,0.575487,0.607413,0.723134,0.870796,calls/second,milliseconds
1779200884,195,485.835638,2.479843,1.370873,10.080707,1.975166,2.404961,3.161021,4.511795,5.921777,10.943074,0.573792,0.607413,0.723134,0.870796,calls/second,milliseconds
1779200885,200,485.835638,2.408385,1.370873,9.463456,1.936707,2.404961,3.102785,4.511795,5.921777,10.204184,0.586775,0.558846,0.711182,0.865972,calls/second,milliseconds
1779200886,200,485.835638,2.408385,1.370873,9.463456,1.936707,2.404961,3.102785,4.511795,5.921777,10.204184,0.585057,0.558846,0.711182,0.865972,calls/second,milliseconds
1779200887,200,485.835638,2.408385,1.370873,9.463456,1.936707,2.404961,3.102785,4.511795,5.921777,10.204184,0.583347,0.558846,0.711182,0.865972,calls/second,milliseconds
1779200888,200,485.835638,2.408385,1.370873,9.463456,1.936707,2.404961,3.102785,4.511795,5.921777,10.204184,0.581647,0.558846,0.711182,0.865972,calls/second,milliseconds
1779200889,200,485.835638,2.408385,1.370873,9.463456,1.936707,2.404961,3.102785,4.511795,5.921777,10.204184,0.579958,0.558846,0.711182,0.865972,calls/second,milliseconds
1779200890,200,485.835638,2.408385,1.370873,9.463456,1.936707,2.404961,3.102785,4.511795,5.921777,10.204184,0.578279,0.594119,0.715956,0.866714,calls/second,milliseconds
1779200891,200,485.835638,2.408385,1.370873,9.463456,1.936707,2.404961,3.102785,4.511795,5.921777,10.204184,0.576609,0.594119,0.715956,0.866714,calls/second,milliseconds
1779200892,200,485.835638,2.408385,1.370873,9.463456,1.936707,2.404961,3.102785,4.511795,5.921777,10.204184,0.574949,0.594119,0.715956,0.866714,calls/second,milliseconds
1779200893,200,485.835638,2.408385,1.370873,9.463456,1.936707,2.404961,3.102785,4.511795,5.921777,10.204184,0.573299,0.594119,0.715956,0.866714,calls/second,milliseconds
1779200894,200,485.835638,2.408385,1.370873,9.463456,1.936707,2.404961,3.102785,4.511795,5.921777,10.204184,0.571658,0.594119,0.715956,0.866714,calls/second,milliseconds
1779200895,205,485.835638,2.346174,1.370873,8.871883,1.894591,2.399823,3.012872,3.462785,5.921777,9.541450,0.584277,0.546616,0.704122,0.861912,calls/second,milliseconds
1779200896,205,485.835638,2.346174,1.370873,8.871883,1.894591,2.399823,3.012872,3.462785,5.921777,9.541450,0.582614,0.546616,0.704122,0.861912,calls/second,milliseconds
1779200897,205,485.835638,2.346174,1.370873,8.871883,1.894591,2.399823,3.012872,3.462785,5.921777,9.541450,0.580961,0.546616,0.704122,0.861912,calls/second,milliseconds
1779200898,205,485.835638,2.346174,1.370873,8.871883,1.894591,2.399823,3.012872,3.462785,5.921777,9.541450,0.579317,0.546616,0.704122,0.861912,calls/second,milliseconds
1779200899,205,485.835638,2.346174,1.370873,8.871883,1.894591,2.399823,3.012872,3.462785,5.921777,9.541450,0.577683,0.546616,0.704122,0.861912,calls/second,milliseconds
1779200900,205,485.835638,2.346174,1.370873,8.871883,1.894591,2.399823,3.012872,3.462785,5.921777,9.541450,0.576057,0.582867,0.709012,0.862677,calls/second,milliseconds
1779200901,205,485.835638,2.346174,1.370873,8.871883,1.894591,2.399823,3.012872,3.462785,5.921777,9.541450,0.574440,0.582867,0.709012,0.862677,calls/second,milliseconds
1779200902,210,485.835638,2.295530,1.370873,8.329236,1.928361,2.397624,2.984576,3.274980,5.921777,8.659705,0.586805,0.582867,0.709012,0.862677,calls/second,milliseconds
1779200903,210,485.835638,2.295530,1.370873,8.329236,1.928361,2.397624,2.984576,3.274980,5.921777,8.659705,0.585167,0.582867,0.709012,0.862677,calls/second,milliseconds
1779200904,210,485.835638,2.295530,1.370873,8.329236,1.928361,2.397624,2.984576,3.274980,5.921777,8.659705,0.583537,0.582867,0.709012,0.862677,calls/second,milliseconds
1779200905,210,485.835638,2.295530,1.370873,8.329236,1.928361,2.397624,2.984576,3.274980,5.921777,8.659705,0.581918,0.616219,0.713822,0.863438,calls/second,milliseconds
1779200906,210,485.835638,2.295530,1.370873,8.329236,1.928361,2.397624,2.984576,3.274980,5.921777,8.659705,0.580307,0.616219,0.713822,0.863438,calls/second,milliseconds
1779200907,210,485.835638,2.295530,1.370873,8.329236,1.928361,2.397624,2.984576,3.274980,5.921777,8.659705,0.578706,0.616219,0.713822,0.863438,calls/second,milliseconds
1779200908,210,485.835638,2.295530,1.370873,8.329236,1.928361,2.397624,2.984576,3.274980,5.921777,8.659705,0.577112,0.616219,0.713822,0.863438,calls/second,milliseconds
1779200909,210,485.835638,2.295530,1.370873,8.329236,1.928361,2.397624,2.984576,3.274980,5.921777,8.659705,0.575528,0.616219,0.713822,0.863438,calls/second,milliseconds
1779200910,210,485.835638,2.295530,1.370873,8.329236,1.928361,2.397624,2.984576,3.274980,5.921777,8.659705,0.573952,0.566949,0.702023,0.858655,calls/second,milliseconds
1779200911,210,485.835638,2.295530,1.370873,8.329236,1.928361,2.397624,2.984576,3.274980,5.921777,8.659705,0.572385,0.566949,0.702023,0.858655,calls/second,milliseconds
1779200912,215,485.835638,2.264770,1.370873,7.808311,1.894591,2.397624,2.977084,3.161021,5.921777,8.659705,0.584418,0.566949,0.702023,0.858655,calls/second,milliseconds
1779200913,215,485.835638,2.264770,1.370873,7.808311,1.894591,2.397624,2.977084,3.161021,5.921777,8.659705,0.582832,0.566949,0.702023,0.858655,calls/second,milliseconds
1779200914,215,485.835638,2.264770,1.370873,7.808311,1.894591,2.397624,2.977084,3.161021,5.921777,8.659705,0.581254,0.566949,0.702023,0.858655,calls/second,milliseconds
1779200915,215,485.835638,2.264770,1.370873,7.808311,1.894591,2.397624,2.977084,3.161021,5.921777,8.659705,0.579684,0.601573,0.706949,0.859438,calls/second,milliseconds
1779200916,215,485.835638,2.264770,1.370873,7.808311,1.894591,2.397624,2.977084,3.161021,5.921777,8.659705,0.578123,0.601573,0.706949,0.859438,calls/second,milliseconds
1779200917,215,485.835638,2.264770,1.370873,7.808311,1.894591,2.397624,2.977084,3.161021,5.921777,8.659705,0.576571,0.601573,0.706949,0.859438,calls/second,milliseconds
1779200918,215,485.835638,2.264770,1.370873,7.808311,1.894591,2.397624,2.977084,3.161021,5.921777,8.659705,0.575026,0.601573,0.706949,0.859438,calls/second,milliseconds
1779200919,220,485.835638,2.229396,1.370873,7.331792,1.896830,2.300570,2.977084,3.161021,4.511795,7.239529,0.586827,0.601573,0.706949,0.859438,calls/second,milliseconds
1779200920,220,485.835638,2.229396,1.370873,7.331792,1.896830,2.300570,2.977084,3.161021,4.511795,7.239529,0.585263,0.633430,0.711792,0.860217,calls/second,milliseconds
1779200921,220,485.835638,2.229396,1.370873,7.331792,1.896830,2.300570,2.977084,3.161021,4.511795,7.239529,0.583708,0.633430,0.711792,0.860217,calls/second,milliseconds
1779200922,220,485.835638,2.229396,1.370873,7.331792,1.896830,2.300570,2.977084,3.161021,4.511795,7.239529,0.582161,0.633430,0.711792,0.860217,calls/second,milliseconds
1779200923,220,485.835638,2.229396,1.370873,7.331792,1.896830,2.300570,2.977084,3.161021,4.511795,7.239529,0.580622,0.633430,0.711792,0.860217,calls/second,milliseconds
1779200924,220,485.835638,2.229396,1.370873,7.331792,1.896830,2.300570,2.977084,3.161021,4.511795,7.239529,0.579092,0.633430,0.711792,0.860217,calls/second,milliseconds
1779200925,220,485.835638,2.229396,1.370873,7.331792,1.896830,2.300570,2.977084,3.161021,4.511795,7.239529,0.577561,0.582784,0.700027,0.855451,calls/second,milliseconds
1779200926,220,485.835638,2.229396,1.370873,7.331792,1.896830,2.300570,2.977084,3.161021,4.511795,7.239529,0.576046,0.582784,0.700027,0.855451,calls/second,milliseconds
1779200927,220,485.835638,2.229396,1.370873,7.331792,1.896830,2.300570,2.977084,3.161021,4.511795,7.239529,0.574540,0.582784,0.700027,0.855451,calls/second,milliseconds
1779200928,220,485.835638,2.229396,1.370873,7.331792,1.896830,2.300570,2.977084,3.161021,4.511795,7.239529,0.573041,0.582784,0.700027,0.855451,calls/second,milliseconds
1779200929,225,485.835638,2.197934,1.370873,6.875587,1.861771,2.245051,3.048839,3.161021,4.511795,5.936512,0.584538,0.582784,0.700027,0.855451,calls/second,milliseconds
1779200930,225,485.835638,2.197934,1.370873,6.875587,1.861771,2.245051,3.048839,3.161021,4.511795,5.936512,0.583022,0.616142,0.704986,0.856252,calls/second,milliseconds
1779200931,225,485.835638,2.197934,1.370873,6.875587,1.861771,2.245051,3.048839,3.161021,4.511795,5.936512,0.581513,0.616142,0.704986,0.856252,calls/second,milliseconds
1779200932,225,485.835638,2.197934,1.370873,6.875587,1.861771,2.245051,3.048839,3.161021,4.511795,5.936512,0.580011,0.616142,0.704986,0.856252,calls/second,milliseconds
1779200933,225,485.835638,2.197934,1.370873,6.875587,1.861771,2.245051,3.048839,3.161021,4.511795,5.936512,0.578518,0.616142,0.704986,0.856252,calls/second,milliseconds
1779200934,225,485.835638,2.197934,1.370873,6.875587,1.861771,2.245051,3.048839,3.161021,4.511795,5.936512,0.577033,0.616142,0.704986,0.856252,calls/second,milliseconds
1779200935,225,485.835638,2.197934,1.370873,6.875587,1.861771,2.245051,3.048839,3.161021,4.511795,5.936512,0.575554,0.566878,0.693333,0.851508,calls/second,milliseconds
1779200936,225,485.835638,2.197934,1.370873,6.875587,1.861771,2.245051,3.048839,3.161021,4.511795,5.936512,0.574084,0.566878,0.693333,0.851508,calls/second,milliseconds
1779200937,230,485.835638,2.170060,1.370873,6.456850,1.860667,2.222576,3.010992,3.161021,3.492805,5.921777,0.585344,0.566878,0.693333,0.851508,calls/second,milliseconds
1779200938,230,485.835638,2.170060,1.370873,6.456850,1.860667,2.222576,3.010992,3.161021,3.492805,5.921777,0.583856,0.566878,0.693333,0.851508,calls/second,milliseconds
1779200939,230,485.835638,2.170060,1.370873,6.456850,1.860667,2.222576,3.010992,3.161021,3.492805,5.921777,0.582376,0.566878,0.693333,0.851508,calls/second,milliseconds
1779200940,230,485.835638,2.170060,1.370873,6.456850,1.860667,2.222576,3.010992,3.161021,3.492805,5.921777,0.580903,0.601509,0.698402,0.852331,calls/second,milliseconds
1779200941,230,485.835638,2.170060,1.370873,6.456850,1.860667,2.222576,3.010992,3.161021,3.492805,5.921777,0.579437,0.601509,0.698402,0.852331,calls/second,milliseconds
1779200942,230,485.835638,2.170060,1.370873,6.456850,1.860667,2.222576,3.010992,3.161021,3.492805,5.921777,0.577979,0.601509,0.698402,0.852331,calls/second,milliseconds
1779200943,230,485.835638,2.170060,1.370873,6.456850,1.860667,2.222576,3.010992,3.161021,3.492805,5.921777,0.576528,0.601509,0.698402,0.852331,calls/second,milliseconds
1779200944,230,485.835638,2.170060,1.370873,6.456850,1.860667,2.222576,3.010992,3.161021,3.492805,5.921777,0.575085,0.601509,0.698402,0.852331,calls/second,milliseconds
1779200945,230,485.835638,2.170060,1.370873,6.456850,1.860667,2.222576,3.010992,3.161021,3.492805,5.921777,0.573648,0.553415,0.686858,0.847608,calls/second,milliseconds
1779200946,235,485.835638,2.159034,1.370873,6.054917,1.859937,2.214391,2.980900,3.147043,3.332352,5.921777,0.584658,0.553415,0.686858,0.847608,calls/second,milliseconds
1779200947,235,485.835638,2.159034,1.370873,6.054917,1.859937,2.214391,2.980900,3.147043,3.332352,5.921777,0.583204,0.553415,0.686858,0.847608,calls/second,milliseconds
1779200948,235,485.835638,2.159034,1.370873,6.054917,1.859937,2.214391,2.980900,3.147043,3.332352,5.921777,0.581759,0.553415,0.686858,0.847608,calls/second,milliseconds
1779200949,235,485.835638,2.159034,1.370873,6.054917,1.859937,2.214391,2.980900,3.147043,3.332352,5.921777,0.580320,0.553415,0.686858,0.847608,calls/second,milliseconds
1779200950,235,485.835638,2.159034,1.370873,6.054917,1.859937,2.214391,2.980900,3.147043,3.332352,5.921777,0.578889,0.589122,0.692034,0.848453,calls/second,milliseconds
1779200951,235,485.835638,2.159034,1.370873,6.054917,1.859937,2.214391,2.980900,3.147043,3.332352,5.921777,0.577464,0.589122,0.692034,0.848453,calls/second,milliseconds
1779200952,235,485.835638,2.159034,1.370873,6.054917,1.859937,2.214391,2.980900,3.147043,3.332352,5.921777,0.576045,0.589122,0.692034,0.848453,calls/second,milliseconds
1779200953,240,485.835638,2.117080,1.370873,5.687631,1.841041,2.214391,2.980900,3.102350,3.161021,5.921777,0.586861,0.589122,0.692034,0.848453,calls/second,milliseconds
1779200954,240,485.835638,2.117080,1.370873,5.687631,1.841041,2.214391,2.980900,3.102350,3.161021,5.921777,0.585427,0.589122,0.692034,0.848453,calls/second,milliseconds
1779200955,240,485.835638,2.117080,1.370873,5.687631,1.841041,2.214391,2.980900,3.102350,3.161021,5.921777,0.584001,0.621974,0.697124,0.849292,calls/second,milliseconds
1779200956,240,485.835638,2.117080,1.370873,5.687631,1.841041,2.214391,2.980900,3.102350,3.161021,5.921777,0.582581,0.621974,0.697124,0.849292,calls/second,milliseconds
1779200957,240,485.835638,2.117080,1.370873,5.687631,1.841041,2.214391,2.980900,3.102350,3.161021,5.921777,0.581168,0.621974,0.697124,0.849292,calls/second,milliseconds
1779200958,240,485.835638,2.117080,1.370873,5.687631,1.841041,2.214391,2.980900,3.102350,3.161021,5.921777,0.579762,0.621974,0.697124,0.849292,calls/second,milliseconds
1779200959,240,485.835638,2.117080,1.370873,5.687631,1.841041,2.214391,2.980900,3.102350,3.161021,5.921777,0.578363,0.621974,0.697124,0.849292,calls/second,milliseconds
1779200960,240,485.835638,2.117080,1.370873,5.687631,1.841041,2.214391,2.980900,3.102350,3.161021,5.921777,0.576970,0.572244,0.685602,0.844587,calls/second,milliseconds
1779200961,240,485.835638,2.117080,1.370873,5.687631,1.841041,2.214391,2.980900,3.102350,3.161021,5.921777,0.575584,0.572244,0.685602,0.844587,calls/second,milliseconds
1779200962,240,485.835638,2.117080,1.370873,5.687631,1.841041,2.214391,2.980900,3.102350,3.161021,5.921777,0.574205,0.572244,0.685602,0.844587,calls/second,milliseconds
1779200963,245,485.835638,2.098535,1.370873,5.334161,1.838647,2.182631,2.980900,3.048839,3.161021,5.921777,0.584767,0.572244,0.685602,0.844587,calls/second,milliseconds
1779200964,245,485.835638,2.098535,1.370873,5.334161,1.838647,2.182631,2.980900,3.048839,3.161021,5.921777,0.583372,0.572244,0.685602,0.844587,calls/second,milliseconds
1779200965,245,485.835638,2.098535,1.370873,5.334161,1.838647,2.182631,2.980900,3.048839,3.161021,5.921777,0.581985,0.606445,0.690798,0.845448,calls/second,milliseconds
1779200966,245,485.835638,2.098535,1.370873,5.334161,1.838647,2.182631,2.980900,3.048839,3.161021,5.921777,0.580604,0.606445,0.690798,0.845448,calls/second,milliseconds
1779200967,245,485.835638,2.098535,1.370873,5.334161,1.838647,2.182631,2.980900,3.048839,3.161021,5.921777,0.579229,0.606445,0.690798,0.845448,calls/second,milliseconds
1779200968,245,485.835638,2.098535,1.370873,5.334161,1.838647,2.182631,2.980900,3.048839,3.161021,5.921777,0.577861,0.606445,0.690798,0.845448,calls/second,milliseconds
1779200969,245,485.835638,2.098535,1.370873,5.334161,1.838647,2.182631,2.980900,3.048839,3.161021,5.921777,0.576499,0.606445,0.690798,0.845448,calls/second,milliseconds
1779200970,250,485.835638,2.069972,1.370873,5.009750,1.841041,2.109783,2.977084,3.048839,3.161021,5.921777,0.586882,0.557956,0.679381,0.840764,calls/second,milliseconds
1779200971,250,485.835638,2.069972,1.370873,5.009750,1.841041,2.109783,2.977084,3.048839,3.161021,5.921777,0.585505,0.557956,0.679381,0.840764,calls/second,milliseconds
1779200972,250,485.835638,2.069972,1.370873,5.009750,1.841041,2.109783,2.977084,3.048839,3.161021,5.921777,0.584135,0.557956,0.679381,0.840764,calls/second,milliseconds
1779200973,250,485.835638,2.069972,1.370873,5.009750,1.841041,2.109783,2.977084,3.048839,3.161021,5.921777,0.582772,0.557956,0.679381,0.840764,calls/second,milliseconds
1779200974,250,485.835638,2.069972,1.370873,5.009750,1.841041,2.109783,2.977084,3.048839,3.161021,5.921777,0.581415,0.557956,0.679381,0.840764,calls/second,milliseconds
1779200975,250,485.835638,2.069972,1.370873,5.009750,1.841041,2.109783,2.977084,3.048839,3.161021,5.921777,0.580064,0.593300,0.684680,0.841646,calls/second,milliseconds
1779200976,250,485.835638,2.069972,1.370873,5.009750,1.841041,2.109783,2.977084,3.048839,3.161021,5.921777,0.578719,0.593300,0.684680,0.841646,calls/second,milliseconds
1779200977,250,485.835638,2.069972,1.370873,5.009750,1.841041,2.109783,2.977084,3.048839,3.161021,5.921777,0.577380,0.593300,0.684680,0.841646,calls/second,milliseconds
1779200978,250,485.835638,2.069972,1.370873,5.009750,1.841041,2.109783,2.977084,3.048839,3.161021,5.921777,0.576047,0.593300,0.684680,0.841646,calls/second,milliseconds
1779200979,250,485.835638,2.069972,1.370873,5.009750,1.841041,2.109783,2.977084,3.048839,3.161021,5.921777,0.574721,0.593300,0.684680,0.841646,calls/second,milliseconds
1779200980,255,485.835638,2.059628,1.370873,4.698305,1.844875,2.108622,2.878987,3.048839,3.161021,5.921777,0.584869,0.545863,0.673363,0.836984,calls/second,milliseconds
1779200981,255,485.835638,2.059628,1.370873,4.698305,1.844875,2.108622,2.878987,3.048839,3.161021,5.921777,0.583528,0.545863,0.673363,0.836984,calls/second,milliseconds
1779200982,255,485.835638,2.059628,1.370873,4.698305,1.844875,2.108622,2.878987,3.048839,3.161021,5.921777,0.582195,0.545863,0.673363,0.836984,calls/second,milliseconds
1779200983,255,485.835638,2.059628,1.370873,4.698305,1.844875,2.108622,2.878987,3.048839,3.161021,5.921777,0.580867,0.545863,0.673363,0.836984,calls/second,milliseconds
1779200984,255,485.835638,2.059628,1.370873,4.698305,1.844875,2.108622,2.878987,3.048839,3.161021,5.921777,0.579545,0.582173,0.678762,0.837887,calls/second,milliseconds
1779200985,255,485.835638,2.059628,1.370873,4.698305,1.844875,2.108622,2.878987,3.048839,3.161021,5.921777,0.578229,0.582173,0.678762,0.837887,calls/second,milliseconds
1779200986,255,485.835638,2.059628,1.370873,4.698305,1.844875,2.108622,2.878987,3.048839,3.161021,5.921777,0.576918,0.582173,0.678762,0.837887,calls/second,milliseconds
1779200987,260,485.835638,2.122686,1.370873,4.424027,1.844875,2.451510,3.451702,3.657873,3.657873,5.921777,0.586901,0.582173,0.678762,0.837887,calls/second,milliseconds
1779200988,260,485.835638,2.122686,1.370873,4.424027,1.844875,2.451510,3.451702,3.657873,3.657873,5.921777,0.585577,0.582173,0.678762,0.837887,calls/second,milliseconds
1779200989,260,485.835638,2.122686,1.370873,4.424027,1.844875,2.451510,3.451702,3.657873,3.657873,5.921777,0.584259,0.615581,0.684072,0.838785,calls/second,milliseconds
1779200990,260,485.835638,2.122686,1.370873,4.424027,1.844875,2.451510,3.451702,3.657873,3.657873,5.921777,0.582947,0.615581,0.684072,0.838785,calls/second,milliseconds
1779200991,260,485.835638,2.122686,1.370873,4.424027,1.844875,2.451510,3.451702,3.657873,3.657873,5.921777,0.581641,0.615581,0.684072,0.838785,calls/second,milliseconds
1779200992,260,485.835638,2.122686,1.370873,4.424027,1.844875,2.451510,3.451702,3.657873,3.657873,5.921777,0.580341,0.615581,0.684072,0.838785,calls/second,milliseconds
1779200993,260,485.835638,2.122686,1.370873,4.424027,1.844875,2.451510,3.451702,3.657873,3.657873,5.921777,0.579047,0.615581,0.684072,0.838785,calls/second,milliseconds
1779200994,260,485.835638,2.122686,1.370873,4.424027,1.844875,2.451510,3.451702,3.657873,3.657873,5.921777,0.577759,0.566362,0.672765,0.834138,calls/second,milliseconds
1779200995,260,485.835638,2.122686,1.370873,4.424027,1.844875,2.451510,3.451702,3.657873,3.657873,5.921777,0.576475,0.566362,0.672765,0.834138,calls/second,milliseconds
1779200996,260,485.835638,2.122686,1.370873,4.424027,1.844875,2.451510,3.451702,3.657873,3.657873,5.921777,0.575198,0.566362,0.672765,0.834138,calls/second,milliseconds
1779200997,265,485.835638,2.074258,1.280433,4.151604,1.826094,2.375119,3.161021,3.657873,3.657873,5.921777,0.584963,0.566362,0.672765,0.834138,calls/second,milliseconds
1779200998,265,485.835638,2.074258,1.280433,4.151604,1.826094,2.375119,3.161021,3.657873,3.657873,5.921777,0.583673,0.566362,0.672765,0.834138,calls/second,milliseconds
1779200999,265,485.835638,2.074258,1.280433,4.151604,1.826094,2.375119,3.161021,3.657873,3.657873,5.921777,0.582388,0.601034,0.678174,0.835057,calls/second,milliseconds
1779201000,265,485.835638,2.074258,1.280433,4.151604,1.826094,2.375119,3.161021,3.657873,3.657873,5.921777,0.581108,0.601034,0.678174,0.835057,calls/second,milliseconds
1779201001,265,485.835638,2.074258,1.280433,4.151604,1.826094,2.375119,3.161021,3.657873,3.657873,5.921777,0.579835,0.601034,0.678174,0.835057,calls/second,milliseconds
1779201002,265,485.835638,2.074258,1.280433,4.151604,1.826094,2.375119,3.161021,3.657873,3.657873,5.921777,0.578568,0.601034,0.678174,0.835057,calls/second,milliseconds
1779201003,265,485.835638,2.074258,1.280433,4.151604,1.826094,2.375119,3.161021,3.657873,3.657873,5.921777,0.577305,0.601034,0.678174,0.835057,calls/second,milliseconds
1779201004,270,485.835638,2.024679,1.280433,3.901017,1.807082,2.108622,3.048839,3.657873,3.657873,5.921777,0.586918,0.632933,0.683493,0.835971,calls/second,milliseconds
1779201005,270,485.835638,2.024679,1.280433,3.901017,1.807082,2.108622,3.048839,3.657873,3.657873,5.921777,0.585643,0.632933,0.683493,0.835971,calls/second,milliseconds
1779201006,270,485.835638,2.024679,1.280433,3.901017,1.807082,2.108622,3.048839,3.657873,3.657873,5.921777,0.584373,0.632933,0.683493,0.835971,calls/second,milliseconds
1779201007,270,485.835638,2.024679,1.280433,3.901017,1.807082,2.108622,3.048839,3.657873,3.657873,5.921777,0.583109,0.632933,0.683493,0.835971,calls/second,milliseconds
1779201008,270,485.835638,2.024679,1.280433,3.901017,1.807082,2.108622,3.048839,3.657873,3.657873,5.921777,0.581850,0.632933,0.683493,0.835971,calls/second,milliseconds
1779201009,270,485.835638,2.024679,1.280433,3.901017,1.807082,2.108622,3.048839,3.657873,3.657873,5.921777,0.580597,0.582327,0.672196,0.831339,calls/second,milliseconds
1779201010,270,485.835638,2.024679,1.280433,3.901017,1.807082,2.108622,3.048839,3.657873,3.657873,5.921777,0.579348,0.582327,0.672196,0.831339,calls/second,milliseconds
1779201011,270,485.835638,2.024679,1.280433,3.901017,1.807082,2.108622,3.048839,3.657873,3.657873,5.921777,0.578106,0.582327,0.672196,0.831339,calls/second,milliseconds
1779201012,270,485.835638,2.024679,1.280433,3.901017,1.807082,2.108622,3.048839,3.657873,3.657873,5.921777,0.576869,0.582327,0.672196,0.831339,calls/second,milliseconds
1779201013,270,485.835638,2.024679,1.280433,3.901017,1.807082,2.108622,3.048839,3.657873,3.657873,5.921777,0.575638,0.582327,0.672196,0.831339,calls/second,milliseconds
1779201014,275,485.835638,1.990266,1.280433,3.662706,1.786866,2.081625,2.980900,3.451702,3.657873,5.921777,0.585049,0.615722,0.677614,0.832274,calls/second,milliseconds
1779201015,275,485.835638,1.990266,1.280433,3.662706,1.786866,2.081625,2.980900,3.451702,3.657873,5.921777,0.583805,0.615722,0.677614,0.832274,calls/second,milliseconds
1779201016,275,485.835638,1.990266,1.280433,3.662706,1.786866,2.081625,2.980900,3.451702,3.657873,5.921777,0.582566,0.615722,0.677614,0.832274,calls/second,milliseconds
1779201017,275,485.835638,1.990266,1.280433,3.662706,1.786866,2.081625,2.980900,3.451702,3.657873,5.921777,0.581333,0.615722,0.677614,0.832274,calls/second,milliseconds
1779201018,275,485.835638,1.990266,1.280433,3.662706,1.786866,2.081625,2.980900,3.451702,3.657873,5.921777,0.580105,0.615722,0.677614,0.832274,calls/second,milliseconds
1779201019,275,485.835638,1.990266,1.280433,3.662706,1.786866,2.081625,2.980900,3.451702,3.657873,5.921777,0.578882,0.566492,0.666414,0.827663,calls/second,milliseconds
1779201020,275,485.835638,1.990266,1.280433,3.662706,1.786866,2.081625,2.980900,3.451702,3.657873,5.921777,0.577664,0.566492,0.666414,0.827663,calls/second,milliseconds
1779201021,280,485.835638,1.974848,1.280433,3.441687,1.782865,2.067561,2.980900,3.451702,3.657873,5.921777,0.586933,0.566492,0.666414,0.827663,calls/second,milliseconds
1779201022,280,485.835638,1.974848,1.280433,3.441687,1.782865,2.067561,2.980900,3.451702,3.657873,5.921777,0.585703,0.566492,0.666414,0.827663,calls/second,milliseconds
1779201023,280,485.835638,1.974848,1.280433,3.441687,1.782865,2.067561,2.980900,3.451702,3.657873,5.921777,0.584479,0.566492,0.666414,0.827663,calls/second,milliseconds
1779201024,280,485.835638,1.974848,1.280433,3.441687,1.782865,2.067561,2.980900,3.451702,3.657873,5.921777,0.583260,0.601153,0.671928,0.828617,calls/second,milliseconds
1779201025,280,485.835638,1.974848,1.280433,3.441687,1.782865,2.067561,2.980900,3.451702,3.657873,5.921777,0.582045,0.601153,0.671928,0.828617,calls/second,milliseconds
1779201026,280,485.835638,1.974848,1.280433,3.441687,1.782865,2.067561,2.980900,3.451702,3.657873,5.921777,0.580836,0.601153,0.671928,0.828617,calls/second,milliseconds
1779201027,280,485.835638,1.974848,1.280433,3.441687,1.782865,2.067561,2.980900,3.451702,3.657873,5.921777,0.579632,0.601153,0.671928,0.828617,calls/second,milliseconds
1779201028,280,485.835638,1.974848,1.280433,3.441687,1.782865,2.067561,2.980900,3.451702,3.657873,5.921777,0.578432,0.601153,0.671928,0.828617,calls/second,milliseconds
1779201029,280,485.835638,1.974848,1.280433,3.441687,1.782865,2.067561,2.980900,3.451702,3.657873,5.921777,0.577238,0.553087,0.660822,0.824027,calls/second,milliseconds
1779201030,280,485.835638,1.974848,1.280433,3.441687,1.782865,2.067561,2.980900,3.451702,3.657873,5.921777,0.576049,0.553087,0.660822,0.824027,calls/second,milliseconds
1779201031,285,485.835638,1.963291,1.280433,3.233221,1.766347,2.067561,2.994240,3.451702,3.657873,5.921777,0.585130,0.553087,0.660822,0.824027,calls/second,milliseconds
1779201032,285,485.835638,1.963291,1.280433,3.233221,1.766347,2.067561,2.994240,3.451702,3.657873,5.921777,0.583930,0.553087,0.660822,0.824027,calls/second,milliseconds
1779201033,285,485.835638,1.963291,1.280433,3.233221,1.766347,2.067561,2.994240,3.451702,3.657873,5.921777,0.582734,0.553087,0.660822,0.824027,calls/second,milliseconds
1779201034,285,485.835638,1.963291,1.280433,3.233221,1.766347,2.067561,2.994240,3.451702,3.657873,5.921777,0.581543,0.588821,0.666428,0.825002,calls/second,milliseconds
1779201035,285,485.835638,1.963291,1.280433,3.233221,1.766347,2.067561,2.994240,3.451702,3.657873,5.921777,0.580358,0.588821,0.666428,0.825002,calls/second,milliseconds
1779201036,285,485.835638,1.963291,1.280433,3.233221,1.766347,2.067561,2.994240,3.451702,3.657873,5.921777,0.579177,0.588821,0.666428,0.825002,calls/second,milliseconds
1779201037,285,485.835638,1.963291,1.280433,3.233221,1.766347,2.067561,2.994240,3.451702,3.657873,5.921777,0.578000,0.588821,0.666428,0.825002,calls/second,milliseconds
1779201038,290,485.835638,1.913598,1.277358,3.039631,1.711260,2.034747,2.994240,3.451702,3.657873,5.921777,0.586949,0.588821,0.666428,0.825002,calls/second,milliseconds
1779201039,290,485.835638,1.913598,1.277358,3.039631,1.711260,2.034747,2.994240,3.451702,3.657873,5.921777,0.585761,0.621697,0.671941,0.825971,calls/second,milliseconds
1779201040,290,485.835638,1.913598,1.277358,3.039631,1.711260,2.034747,2.994240,3.451702,3.657873,5.921777,0.584579,0.621697,0.671941,0.825971,calls/second,milliseconds
1779201041,290,485.835638,1.913598,1.277358,3.039631,1.711260,2.034747,2.994240,3.451702,3.657873,5.921777,0.583401,0.621697,0.671941,0.825971,calls/second,milliseconds
1779201042,290,485.835638,1.913598,1.277358,3.039631,1.711260,2.034747,2.994240,3.451702,3.657873,5.921777,0.582228,0.621697,0.671941,0.825971,calls/second,milliseconds
1779201043,290,485.835638,1.913598,1.277358,3.039631,1.711260,2.034747,2.994240,3.451702,3.657873,5.921777,0.581060,0.621697,0.671941,0.825971,calls/second,milliseconds
1779201044,290,485.835638,1.913598,1.277358,3.039631,1.711260,2.034747,2.994240,3.451702,3.657873,5.921777,0.579897,0.571989,0.660835,0.821395,calls/second,milliseconds
1779201045,290,485.835638,1.913598,1.277358,3.039631,1.711260,2.034747,2.994240,3.451702,3.657873,5.921777,0.578738,0.571989,0.660835,0.821395,calls/second,milliseconds
1779201046,290,485.835638,1.913598,1.277358,3.039631,1.711260,2.034747,2.994240,3.451702,3.657873,5.921777,0.577584,0.571989,0.660835,0.821395,calls/second,milliseconds
1779201047,290,485.835638,1.913598,1.277358,3.039631,1.711260,2.034747,2.994240,3.451702,3.657873,5.921777,0.576434,0.571989,0.660835,0.821395,calls/second,milliseconds
1779201048,295,485.835638,1.885101,1.277358,2.853094,1.695497,2.006424,2.980900,3.451702,3.657873,5.921777,0.585207,0.571989,0.660835,0.821395,calls/second,milliseconds
1779201049,295,485.835638,1.885101,1.277358,2.853094,1.695497,2.006424,2.980900,3.451702,3.657873,5.921777,0.584047,0.606210,0.666441,0.822385,calls/second,milliseconds
1779201050,295,485.835638,1.885101,1.277358,2.853094,1.695497,2.006424,2.980900,3.451702,3.657873,5.921777,0.582892,0.606210,0.666441,0.822385,calls/second,milliseconds
1779201051,295,485.835638,1.885101,1.277358,2.853094,1.695497,2.006424,2.980900,3.451702,3.657873,5.921777,0.581741,0.606210,0.666441,0.822385,calls/second,milliseconds
1779201052,295,485.835638,1.885101,1.277358,2.853094,1.695497,2.006424,2.980900,3.451702,3.657873,5.921777,0.580594,0.606210,0.666441,0.822385,calls/second,milliseconds
1779201053,295,485.835638,1.885101,1.277358,2.853094,1.695497,2.006424,2.980900,3.451702,3.657873,5.921777,0.579452,0.606210,0.666441,0.822385,calls/second,milliseconds
1779201054,295,485.835638,1.885101,1.277358,2.853094,1.695497,2.006424,2.980900,3.451702,3.657873,5.921777,0.578315,0.557741,0.655426,0.817829,calls/second,milliseconds
1779201055,295,485.835638,1.885101,1.277358,2.853094,1.695497,2.006424,2.980900,3.451702,3.657873,5.921777,0.577181,0.557741,0.655426,0.817829,calls/second,milliseconds
1779201056,300,485.835638,1.869411,1.277358,2.681222,1.699224,2.003889,2.878987,3.161021,3.657873,5.921777,0.585816,0.557741,0.655426,0.817829,calls/second,milliseconds
1779201057,300,485.835638,1.869411,1.277358,2.681222,1.699224,2.003889,2.878987,3.161021,3.657873,5.921777,0.584673,0.557741,0.655426,0.817829,calls/second,milliseconds
1779201058,300,485.835638,1.869411,1.277358,2.681222,1.699224,2.003889,2.878987,3.161021,3.657873,5.921777,0.583534,0.557741,0.655426,0.817829,calls/second,milliseconds
1779201059,300,485.835638,1.869411,1.277358,2.681222,1.699224,2.003889,2.878987,3.161021,3.657873,5.921777,0.582400,0.593102,0.661121,0.818838,calls/second,milliseconds
1779201060,300,485.835638,1.869411,1.277358,2.681222,1.699224,2.003889,2.878987,3.161021,3.657873,5.921777,0.581270,0.593102,0.661121,0.818838,calls/second,milliseconds
1779201061,300,485.835638,1.869411,1.277358,2.681222,1.699224,2.003889,2.878987,3.161021,3.657873,5.921777,0.580144,0.593102,0.661121,0.818838,calls/second,milliseconds
1779201062,300,485.835638,1.869411,1.277358,2.681222,1.699224,2.003889,2.878987,3.161021,3.657873,5.921777,0.579023,0.593102,0.661121,0.818838,calls/second,milliseconds
1779201063,300,485.835638,1.869411,1.277358,2.681222,1.699224,2.003889,2.878987,3.161021,3.657873,5.921777,0.577906,0.593102,0.661121,0.818838,calls/second,milliseconds
1779201064,300,485.835638,1.869411,1.277358,2.681222,1.699224,2.003889,2.878987,3.161021,3.657873,5.921777,0.576793,0.545680,0.650194,0.814301,calls/second,milliseconds
1779201065,305,485.835638,1.852553,1.277358,2.517003,1.671180,2.003889,2.809327,3.048839,3.451702,5.921777,0.585280,0.545680,0.650194,0.814301,calls/second,milliseconds
1779201066,305,485.835638,1.852553,1.277358,2.517003,1.671180,2.003889,2.809327,3.048839,3.451702,5.921777,0.584157,0.545680,0.650194,0.814301,calls/second,milliseconds
1779201067,305,485.835638,1.852553,1.277358,2.517003,1.671180,2.003889,2.809327,3.048839,3.451702,5.921777,0.583039,0.545680,0.650194,0.814301,calls/second,milliseconds
1779201068,305,485.835638,1.852553,1.277358,2.517003,1.671180,2.003889,2.809327,3.048839,3.451702,5.921777,0.581925,0.545680,0.650194,0.814301,calls/second,milliseconds
1779201069,305,485.835638,1.852553,1.277358,2.517003,1.671180,2.003889,2.809327,3.048839,3.451702,5.921777,0.580816,0.582005,0.655975,0.815330,calls/second,milliseconds
1779201070,305,485.835638,1.852553,1.277358,2.517003,1.671180,2.003889,2.809327,3.048839,3.451702,5.921777,0.579710,0.582005,0.655975,0.815330,calls/second,milliseconds
1779201071,305,485.835638,1.852553,1.277358,2.517003,1.671180,2.003889,2.809327,3.048839,3.451702,5.921777,0.578609,0.582005,0.655975,0.815330,calls/second,milliseconds
1779201072,310,485.835638,1.832579,1.277358,2.367509,1.664739,1.990157,2.785913,2.994240,3.451702,5.396553,0.586979,0.582005,0.655975,0.815330,calls/second,milliseconds
1779201073,310,485.835638,1.832579,1.277358,2.367509,1.664739,1.990157,2.785913,2.994240,3.451702,5.396553,0.585868,0.582005,0.655975,0.815330,calls/second,milliseconds
1779201074,310,485.835638,1.832579,1.277358,2.367509,1.664739,1.990157,2.785913,2.994240,3.451702,5.396553,0.584761,0.615426,0.661662,0.816353,calls/second,milliseconds
1779201075,310,485.835638,1.832579,1.277358,2.367509,1.664739,1.990157,2.785913,2.994240,3.451702,5.396553,0.583659,0.615426,0.661662,0.816353,calls/second,milliseconds
1779201076,310,485.835638,1.832579,1.277358,2.367509,1.664739,1.990157,2.785913,2.994240,3.451702,5.396553,0.582561,0.615426,0.661662,0.816353,calls/second,milliseconds
1779201077,310,485.835638,1.832579,1.277358,2.367509,1.664739,1.990157,2.785913,2.994240,3.451702,5.396553,0.581466,0.615426,0.661662,0.816353,calls/second,milliseconds
1779201078,310,485.835638,1.832579,1.277358,2.367509,1.664739,1.990157,2.785913,2.994240,3.451702,5.396553,0.580376,0.615426,0.661662,0.816353,calls/second,milliseconds
1779201079,310,485.835638,1.832579,1.277358,2.367509,1.664739,1.990157,2.785913,2.994240,3.451702,5.396553,0.579290,0.566220,0.650725,0.811830,calls/second,milliseconds
1779201080,310,485.835638,1.832579,1.277358,2.367509,1.664739,1.990157,2.785913,2.994240,3.451702,5.396553,0.578208,0.566220,0.650725,0.811830,calls/second,milliseconds
1779201081,310,485.835638,1.832579,1.277358,2.367509,1.664739,1.990157,2.785913,2.994240,3.451702,5.396553,0.577130,0.566220,0.650725,0.811830,calls/second,milliseconds
1779201082,315,485.835638,1.813167,1.277358,2.222323,1.627469,1.979798,2.717081,2.994240,3.451702,4.511795,0.585347,0.566220,0.650725,0.811830,calls/second,milliseconds
1779201083,315,485.835638,1.813167,1.277358,2.222323,1.627469,1.979798,2.717081,2.994240,3.451702,4.511795,0.584260,0.566220,0.650725,0.811830,calls/second,milliseconds
1779201084,315,485.835638,1.813167,1.277358,2.222323,1.627469,1.979798,2.717081,2.994240,3.451702,4.511795,0.583177,0.600903,0.656498,0.812873,calls/second,milliseconds
1779201085,315,485.835638,1.813167,1.277358,2.222323,1.627469,1.979798,2.717081,2.994240,3.451702,4.511795,0.582098,0.600903,0.656498,0.812873,calls/second,milliseconds
1779201086,315,485.835638,1.813167,1.277358,2.222323,1.627469,1.979798,2.717081,2.994240,3.451702,4.511795,0.581023,0.600903,0.656498,0.812873,calls/second,milliseconds
1779201087,315,485.835638,1.813167,1.277358,2.222323,1.627469,1.979798,2.717081,2.994240,3.451702,4.511795,0.579952,0.600903,0.656498,0.812873,calls/second,milliseconds
1779201088,315,485.835638,1.813167,1.277358,2.222323,1.627469,1.979798,2.717081,2.994240,3.451702,4.511795,0.578884,0.600903,0.656498,0.812873,calls/second,milliseconds
1779201089,320,485.835638,1.810090,1.277358,2.088565,1.627469,1.973410,2.715898,2.994240,3.451702,3.657873,0.586992,0.632813,0.662176,0.813910,calls/second,milliseconds
1779201090,320,485.835638,1.810090,1.277358,2.088565,1.627469,1.973410,2.715898,2.994240,3.451702,3.657873,0.585916,0.632813,0.662176,0.813910,calls/second,milliseconds
1779201091,320,485.835638,1.810090,1.277358,2.088565,1.627469,1.973410,2.715898,2.994240,3.451702,3.657873,0.584844,0.632813,0.662176,0.813910,calls/second,milliseconds
1779201092,320,485.835638,1.810090,1.277358,2.088565,1.627469,1.973410,2.715898,2.994240,3.451702,3.657873,0.583776,0.632813,0.662176,0.813910,calls/second,milliseconds
1779201093,320,485.835638,1.810090,1.277358,2.088565,1.627469,1.973410,2.715898,2.994240,3.451702,3.657873,0.582711,0.632813,0.662176,0.813910,calls/second,milliseconds
1779201094,320,485.835638,1.810090,1.277358,2.088565,1.627469,1.973410,2.715898,2.994240,3.451702,3.657873,0.581650,0.582216,0.651231,0.809401,calls/second,milliseconds
1779201095,320,485.835638,1.810090,1.277358,2.088565,1.627469,1.973410,2.715898,2.994240,3.451702,3.657873,0.580594,0.582216,0.651231,0.809401,calls/second,milliseconds
1779201096,320,485.835638,1.810090,1.277358,2.088565,1.627469,1.973410,2.715898,2.994240,3.451702,3.657873,0.579541,0.582216,0.651231,0.809401,calls/second,milliseconds
1779201097,320,485.835638,1.810090,1.277358,2.088565,1.627469,1.973410,2.715898,2.994240,3.451702,3.657873,0.578492,0.582216,0.651231,0.809401,calls/second,milliseconds
1779201098,320,485.835638,1.810090,1.277358,2.088565,1.627469,1.973410,2.715898,2.994240,3.451702,3.657873,0.577441,0.582216,0.651231,0.809401,calls/second,milliseconds
1779201099,325,485.835638,1.803829,1.277358,1.962985,1.627469,1.973410,2.619200,2.994240,3.451702,3.657873,0.585406,0.615620,0.656996,0.810456,calls/second,milliseconds
1779201100,325,485.835638,1.803829,1.277358,1.962985,1.627469,1.973410,2.619200,2.994240,3.451702,3.657873,0.584352,0.615620,0.656996,0.810456,calls/second,milliseconds
1779201101,325,485.835638,1.803829,1.277358,1.962985,1.627469,1.973410,2.619200,2.994240,3.451702,3.657873,0.583301,0.615620,0.656996,0.810456,calls/second,milliseconds
1779201102,325,485.835638,1.803829,1.277358,1.962985,1.627469,1.973410,2.619200,2.994240,3.451702,3.657873,0.582255,0.615620,0.656996,0.810456,calls/second,milliseconds
1779201103,325,485.835638,1.803829,1.277358,1.962985,1.627469,1.973410,2.619200,2.994240,3.451702,3.657873,0.581212,0.615620,0.656996,0.810456,calls/second,milliseconds
1779201104,325,485.835638,1.803829,1.277358,1.962985,1.627469,1.973410,2.619200,2.994240,3.451702,3.657873,0.580174,0.566398,0.646137,0.805966,calls/second,milliseconds
1779201105,325,485.835638,1.803829,1.277358,1.962985,1.627469,1.973410,2.619200,2.994240,3.451702,3.657873,0.579138,0.566398,0.646137,0.805966,calls/second,milliseconds
1779201106,330,485.835638,1.764657,1.175039,1.849114,1.607622,1.945914,2.531186,2.980900,3.048839,3.657873,0.587001,0.566398,0.646137,0.805966,calls/second,milliseconds
1779201107,330,485.835638,1.764657,1.175039,1.849114,1.607622,1.945914,2.531186,2.980900,3.048839,3.657873,0.585957,0.566398,0.646137,0.805966,calls/second,milliseconds
1779201108,330,485.835638,1.764657,1.175039,1.849114,1.607622,1.945914,2.531186,2.980900,3.048839,3.657873,0.584917,0.566398,0.646137,0.805966,calls/second,milliseconds
1779201109,330,485.835638,1.764657,1.175039,1.849114,1.607622,1.945914,2.531186,2.980900,3.048839,3.657873,0.583881,0.601067,0.651985,0.807041,calls/second,milliseconds
1779201110,330,485.835638,1.764657,1.175039,1.849114,1.607622,1.945914,2.531186,2.980900,3.048839,3.657873,0.582848,0.601067,0.651985,0.807041,calls/second,milliseconds
1779201111,330,485.835638,1.764657,1.175039,1.849114,1.607622,1.945914,2.531186,2.980900,3.048839,3.657873,0.581819,0.601067,0.651985,0.807041,calls/second,milliseconds
1779201112,330,485.835638,1.764657,1.175039,1.849114,1.607622,1.945914,2.531186,2.980900,3.048839,3.657873,0.580793,0.601067,0.651985,0.807041,calls/second,milliseconds
1779201113,330,485.835638,1.764657,1.175039,1.849114,1.607622,1.945914,2.531186,2.980900,3.048839,3.657873,0.579772,0.601067,0.651985,0.807041,calls/second,milliseconds
1779201114,330,485.835638,1.764657,1.175039,1.849114,1.607622,1.945914,2.531186,2.980900,3.048839,3.657873,0.578754,0.553008,0.641209,0.802570,calls/second,milliseconds
1779201115,330,485.835638,1.764657,1.175039,1.849114,1.607622,1.945914,2.531186,2.980900,3.048839,3.657873,0.577739,0.553008,0.641209,0.802570,calls/second,milliseconds
1779201116,335,485.835638,1.755337,1.175039,1.739170,1.583396,1.945914,2.529170,2.885607,3.048839,3.657873,0.585466,0.553008,0.641209,0.802570,calls/second,milliseconds
1779201117,335,485.835638,1.755337,1.175039,1.739170,1.583396,1.945914,2.529170,2.885607,3.048839,3.657873,0.584443,0.553008,0.641209,0.802570,calls/second,milliseconds
1779201118,335,485.835638,1.755337,1.175039,1.739170,1.583396,1.945914,2.529170,2.885607,3.048839,3.657873,0.583424,0.553008,0.641209,0.802570,calls/second,milliseconds
1779201119,335,485.835638,1.755337,1.175039,1.739170,1.583396,1.945914,2.529170,2.885607,3.048839,3.657873,0.582408,0.588748,0.647139,0.803664,calls/second,milliseconds
1779201120,335,485.835638,1.755337,1.175039,1.739170,1.583396,1.945914,2.529170,2.885607,3.048839,3.657873,0.581396,0.588748,0.647139,0.803664,calls/second,milliseconds
1779201121,335,485.835638,1.755337,1.175039,1.739170,1.583396,1.945914,2.529170,2.885607,3.048839,3.657873,0.580387,0.588748,0.647139,0.803664,calls/second,milliseconds
1779201122,335,485.835638,1.755337,1.175039,1.739170,1.583396,1.945914,2.529170,2.885607,3.048839,3.657873,0.579382,0.588748,0.647139,0.803664,calls/second,milliseconds
1779201123,340,485.835638,1.728580,1.175039,1.637544,1.575483,1.945914,2.456442,2.869800,2.994240,3.657873,0.587013,0.588748,0.647139,0.803664,calls/second,milliseconds
1779201124,340,485.835638,1.728580,1.175039,1.637544,1.575483,1.945914,2.456442,2.869800,2.994240,3.657873,0.586000,0.621629,0.652972,0.804752,calls/second,milliseconds
1779201125,340,485.835638,1.728580,1.175039,1.637544,1.575483,1.945914,2.456442,2.869800,2.994240,3.657873,0.584990,0.621629,0.652972,0.804752,calls/second,milliseconds
1779201126,340,485.835638,1.728580,1.175039,1.637544,1.575483,1.945914,2.456442,2.869800,2.994240,3.657873,0.583984,0.621629,0.652972,0.804752,calls/second,milliseconds
1779201127,340,485.835638,1.728580,1.175039,1.637544,1.575483,1.945914,2.456442,2.869800,2.994240,3.657873,0.582981,0.621629,0.652972,0.804752,calls/second,milliseconds
1779201128,340,485.835638,1.728580,1.175039,1.637544,1.575483,1.945914,2.456442,2.869800,2.994240,3.657873,0.581982,0.621629,0.652972,0.804752,calls/second,milliseconds
1779201129,340,485.835638,1.728580,1.175039,1.637544,1.575483,1.945914,2.456442,2.869800,2.994240,3.657873,0.580985,0.571927,0.642179,0.800293,calls/second,milliseconds
1779201130,340,485.835638,1.728580,1.175039,1.637544,1.575483,1.945914,2.456442,2.869800,2.994240,3.657873,0.579993,0.571927,0.642179,0.800293,calls/second,milliseconds
1779201131,340,485.835638,1.728580,1.175039,1.637544,1.575483,1.945914,2.456442,2.869800,2.994240,3.657873,0.579004,0.571927,0.642179,0.800293,calls/second,milliseconds
1779201132,340,485.835638,1.728580,1.175039,1.637544,1.575483,1.945914,2.456442,2.869800,2.994240,3.657873,0.578018,0.571927,0.642179,0.800293,calls/second,milliseconds
1779201133,345,485.835638,1.738316,1.175039,1.539936,1.587282,1.973410,2.456442,2.785913,2.994240,3.657873,0.585521,0.571927,0.642179,0.800293,calls/second,milliseconds
1779201134,345,485.835638,1.738316,1.175039,1.539936,1.587282,1.973410,2.456442,2.785913,2.994240,3.657873,0.584528,0.606154,0.648093,0.801400,calls/second,milliseconds
1779201135,345,485.835638,1.738316,1.175039,1.539936,1.587282,1.973410,2.456442,2.785913,2.994240,3.657873,0.583538,0.606154,0.648093,0.801400,calls/second,milliseconds
1779201136,345,485.835638,1.738316,1.175039,1.539936,1.587282,1.973410,2.456442,2.785913,2.994240,3.657873,0.582551,0.606154,0.648093,0.801400,calls/second,milliseconds
1779201137,345,485.835638,1.738316,1.175039,1.539936,1.587282,1.973410,2.456442,2.785913,2.994240,3.657873,0.581568,0.606154,0.648093,0.801400,calls/second,milliseconds
1779201138,345,485.835638,1.738316,1.175039,1.539936,1.587282,1.973410,2.456442,2.785913,2.994240,3.657873,0.580588,0.606154,0.648093,0.801400,calls/second,milliseconds
1779201139,345,485.835638,1.738316,1.175039,1.539936,1.587282,1.973410,2.456442,2.785913,2.994240,3.657873,0.579611,0.557688,0.637381,0.796960,calls/second,milliseconds
1779201140,350,485.835638,1.727229,1.175039,1.449551,1.595213,1.945914,2.456442,2.717081,2.994240,3.657873,0.587022,0.557688,0.637381,0.796960,calls/second,milliseconds
1779201141,350,485.835638,1.727229,1.175039,1.449551,1.595213,1.945914,2.456442,2.717081,2.994240,3.657873,0.586038,0.557688,0.637381,0.796960,calls/second,milliseconds
1779201142,350,485.835638,1.727229,1.175039,1.449551,1.595213,1.945914,2.456442,2.717081,2.994240,3.657873,0.585057,0.557688,0.637381,0.796960,calls/second,milliseconds
1779201143,350,485.835638,1.727229,1.175039,1.449551,1.595213,1.945914,2.456442,2.717081,2.994240,3.657873,0.584079,0.557688,0.637381,0.796960,calls/second,milliseconds
1779201144,350,485.835638,1.727229,1.175039,1.449551,1.595213,1.945914,2.456442,2.717081,2.994240,3.657873,0.583105,0.593054,0.643375,0.798085,calls/second,milliseconds
1779201145,350,485.835638,1.727229,1.175039,1.449551,1.595213,1.945914,2.456442,2.717081,2.994240,3.657873,0.582134,0.593054,0.643375,0.798085,calls/second,milliseconds
1779201146,350,485.835638,1.727229,1.175039,1.449551,1.595213,1.945914,2.456442,2.717081,2.994240,3.657873,0.581165,0.593054,0.643375,0.798085,calls/second,milliseconds
1779201147,350,485.835638,1.727229,1.175039,1.449551,1.595213,1.945914,2.456442,2.717081,2.994240,3.657873,0.580201,0.593054,0.643375,0.798085,calls/second,milliseconds
1779201148,350,485.835638,1.727229,1.175039,1.449551,1.595213,1.945914,2.456442,2.717081,2.994240,3.657873,0.579239,0.593054,0.643375,0.798085,calls/second,milliseconds
1779201149,350,485.835638,1.727229,1.175039,1.449551,1.595213,1.945914,2.456442,2.717081,2.994240,3.657873,0.578280,0.545636,0.632741,0.793663,calls/second,milliseconds
1779201150,355,485.835638,1.715673,1.175039,1.364738,1.580535,1.945914,2.443915,2.717081,2.994240,3.657873,0.585573,0.545636,0.632741,0.793663,calls/second,milliseconds
1779201151,355,485.835638,1.715673,1.175039,1.364738,1.580535,1.945914,2.443915,2.717081,2.994240,3.657873,0.584607,0.545636,0.632741,0.793663,calls/second,milliseconds
1779201152,355,485.835638,1.715673,1.175039,1.364738,1.580535,1.945914,2.443915,2.717081,2.994240,3.657873,0.583645,0.545636,0.632741,0.793663,calls/second,milliseconds
1779201153,355,485.835638,1.715673,1.175039,1.364738,1.580535,1.945914,2.443915,2.717081,2.994240,3.657873,0.582685,0.545636,0.632741,0.793663,calls/second,milliseconds
1779201154,355,485.835638,1.715673,1.175039,1.364738,1.580535,1.945914,2.443915,2.717081,2.994240,3.657873,0.581729,0.581965,0.638811,0.794806,calls/second,milliseconds
1779201155,355,485.835638,1.715673,1.175039,1.364738,1.580535,1.945914,2.443915,2.717081,2.994240,3.657873,0.580776,0.581965,0.638811,0.794806,calls/second,milliseconds
1779201156,355,485.835638,1.715673,1.175039,1.364738,1.580535,1.945914,2.443915,2.717081,2.994240,3.657873,0.579826,0.581965,0.638811,0.794806,calls/second,milliseconds
1779201157,360,485.835638,1.657181,1.037353,1.292618,1.555888,1.828660,2.443915,2.619200,2.980900,3.657873,0.587033,0.581965,0.638811,0.794806,calls/second,milliseconds
1779201158,360,485.835638,1.657181,1.037353,1.292618,1.555888,1.828660,2.443915,2.619200,2.980900,3.657873,0.586075,0.581965,0.638811,0.794806,calls/second,milliseconds
1779201159,360,485.835638,1.657181,1.037353,1.292618,1.555888,1.828660,2.443915,2.619200,2.980900,3.657873,0.585121,0.615389,0.644781,0.795943,calls/second,milliseconds
1779201160,360,485.835638,1.657181,1.037353,1.292618,1.555888,1.828660,2.443915,2.619200,2.980900,3.657873,0.584170,0.615389,0.644781,0.795943,calls/second,milliseconds
1779201161,360,485.835638,1.657181,1.037353,1.292618,1.555888,1.828660,2.443915,2.619200,2.980900,3.657873,0.583223,0.615389,0.644781,0.795943,calls/second,milliseconds
1779201162,360,485.835638,1.657181,1.037353,1.292618,1.555888,1.828660,2.443915,2.619200,2.980900,3.657873,0.582278,0.615389,0.644781,0.795943,calls/second,milliseconds
1779201163,360,485.835638,1.657181,1.037353,1.292618,1.555888,1.828660,2.443915,2.619200,2.980900,3.657873,0.581336,0.615389,0.644781,0.795943,calls/second,milliseconds
1779201164,360,485.835638,1.657181,1.037353,1.292618,1.555888,1.828660,2.443915,2.619200,2.980900,3.657873,0.580398,0.566185,0.634124,0.791534,calls/second,milliseconds
1779201165,360,485.835638,1.657181,1.037353,1.292618,1.555888,1.828660,2.443915,2.619200,2.980900,3.657873,0.579462,0.566185,0.634124,0.791534,calls/second,milliseconds
1779201166,360,485.835638,1.657181,1.037353,1.292618,1.555888,1.828660,2.443915,2.619200,2.980900,3.657873,0.578530,0.566185,0.634124,0.791534,calls/second,milliseconds
1779201167,365,485.835638,1.653173,1.037353,1.222651,1.533293,1.821092,2.456442,2.549826,2.878987,3.657873,0.585622,0.566185,0.634124,0.791534,calls/second,milliseconds
1779201168,365,485.835638,1.653173,1.037353,1.222651,1.533293,1.821092,2.456442,2.549826,2.878987,3.657873,0.584683,0.566185,0.634124,0.791534,calls/second,milliseconds
1779201169,365,485.835638,1.653173,1.037353,1.222651,1.533293,1.821092,2.456442,2.549826,2.878987,3.657873,0.583746,0.600871,0.640171,0.792688,calls/second,milliseconds
1779201170,365,485.835638,1.653173,1.037353,1.222651,1.533293,1.821092,2.456442,2.549826,2.878987,3.657873,0.582813,0.600871,0.640171,0.792688,calls/second,milliseconds
1779201171,365,485.835638,1.653173,1.037353,1.222651,1.533293,1.821092,2.456442,2.549826,2.878987,3.657873,0.581883,0.600871,0.640171,0.792688,calls/second,milliseconds
1779201172,365,485.835638,1.653173,1.037353,1.222651,1.533293,1.821092,2.456442,2.549826,2.878987,3.657873,0.580955,0.600871,0.640171,0.792688,calls/second,milliseconds
1779201173,365,485.835638,1.653173,1.037353,1.222651,1.533293,1.821092,2.456442,2.549826,2.878987,3.657873,0.580031,0.600871,0.640171,0.792688,calls/second,milliseconds
1779201174,370,485.835638,1.605688,0.937547,1.159342,1.519049,1.761164,2.456442,2.549826,2.801018,3.657873,0.587042,0.632784,0.646118,0.793837,calls/second,milliseconds
1779201175,370,485.835638,1.605688,0.937547,1.159342,1.519049,1.761164,2.456442,2.549826,2.801018,3.657873,0.586111,0.632784,0.646118,0.793837,calls/second,milliseconds
1779201176,370,485.835638,1.605688,0.937547,1.159342,1.519049,1.761164,2.456442,2.549826,2.801018,3.657873,0.585183,0.632784,0.646118,0.793837,calls/second,milliseconds
1779201177,370,485.835638,1.605688,0.937547,1.159342,1.519049,1.761164,2.456442,2.549826,2.801018,3.657873,0.584257,0.632784,0.646118,0.793837,calls/second,milliseconds
1779201178,370,485.835638,1.605688,0.937547,1.159342,1.519049,1.761164,2.456442,2.549826,2.801018,3.657873,0.583335,0.632784,0.646118,0.793837,calls/second,milliseconds
1779201179,370,485.835638,1.605688,0.937547,1.159342,1.519049,1.761164,2.456442,2.549826,2.801018,3.657873,0.582416,0.582189,0.635439,0.789439,calls/second,milliseconds
1779201180,370,485.835638,1.605688,0.937547,1.159342,1.519049,1.761164,2.456442,2.549826,2.801018,3.657873,0.581499,0.582189,0.635439,0.789439,calls/second,milliseconds
1779201181,370,485.835638,1.605688,0.937547,1.159342,1.519049,1.761164,2.456442,2.549826,2.801018,3.657873,0.580586,0.582189,0.635439,0.789439,calls/second,milliseconds
1779201182,370,485.835638,1.605688,0.937547,1.159342,1.519049,1.761164,2.456442,2.549826,2.801018,3.657873,0.579674,0.582189,0.635439,0.789439,calls/second,milliseconds
1779201183,370,485.835638,1.605688,0.937547,1.159342,1.519049,1.761164,2.456442,2.549826,2.801018,3.657873,0.578767,0.582189,0.635439,0.789439,calls/second,milliseconds
1779201184,375,485.835638,1.638609,0.937547,1.096378,1.533293,1.861771,2.443915,2.549826,2.725948,3.657873,0.585670,0.615595,0.641465,0.790606,calls/second,milliseconds
1779201185,375,485.835638,1.638609,0.937547,1.096378,1.533293,1.861771,2.443915,2.549826,2.725948,3.657873,0.584756,0.615595,0.641465,0.790606,calls/second,milliseconds
1779201186,375,485.835638,1.638609,0.937547,1.096378,1.533293,1.861771,2.443915,2.549826,2.725948,3.657873,0.583844,0.615595,0.641465,0.790606,calls/second,milliseconds
1779201187,375,485.835638,1.638609,0.937547,1.096378,1.533293,1.861771,2.443915,2.549826,2.725948,3.657873,0.582935,0.615595,0.641465,0.790606,calls/second,milliseconds
1779201188,375,485.835638,1.638609,0.937547,1.096378,1.533293,1.861771,2.443915,2.549826,2.725948,3.657873,0.582029,0.615595,0.641465,0.790606,calls/second,milliseconds
1779201189,375,485.835638,1.638609,0.937547,1.096378,1.533293,1.861771,2.443915,2.549826,2.725948,3.657873,0.581125,0.566375,0.630862,0.786225,calls/second,milliseconds
1779201190,375,485.835638,1.638609,0.937547,1.096378,1.533293,1.861771,2.443915,2.549826,2.725948,3.657873,0.580225,0.566375,0.630862,0.786225,calls/second,milliseconds
1779201191,380,485.835638,1.652729,0.937547,1.037715,1.564748,1.842871,2.470969,2.549826,2.717081,3.657873,0.587051,0.566375,0.630862,0.786225,calls/second,milliseconds
1779201192,380,485.835638,1.652729,0.937547,1.037715,1.564748,1.842871,2.470969,2.549826,2.717081,3.657873,0.586144,0.566375,0.630862,0.786225,calls/second,milliseconds
1779201193,380,485.835638,1.652729,0.937547,1.037715,1.564748,1.842871,2.470969,2.549826,2.717081,3.657873,0.585241,0.566375,0.630862,0.786225,calls/second,milliseconds
1779201194,380,485.835638,1.652729,0.937547,1.037715,1.564748,1.842871,2.470969,2.549826,2.717081,3.657873,0.584339,0.601046,0.636963,0.787410,calls/second,milliseconds
1779201195,380,485.835638,1.652729,0.937547,1.037715,1.564748,1.842871,2.470969,2.549826,2.717081,3.657873,0.583441,0.601046,0.636963,0.787410,calls/second,milliseconds
1779201196,380,485.835638,1.652729,0.937547,1.037715,1.564748,1.842871,2.470969,2.549826,2.717081,3.657873,0.582545,0.601046,0.636963,0.787410,calls/second,milliseconds
1779201197,380,485.835638,1.652729,0.937547,1.037715,1.564748,1.842871,2.470969,2.549826,2.717081,3.657873,0.581652,0.601046,0.636963,0.787410,calls/second,milliseconds
1779201198,380,485.835638,1.652729,0.937547,1.037715,1.564748,1.842871,2.470969,2.549826,2.717081,3.657873,0.580761,0.601046,0.636963,0.787410,calls/second,milliseconds
1779201199,380,485.835638,1.652729,0.937547,1.037715,1.564748,1.842871,2.470969,2.549826,2.717081,3.657873,0.579873,0.552989,0.626435,0.783047,calls/second,milliseconds
1779201200,380,485.835638,1.652729,0.937547,1.037715,1.564748,1.842871,2.470969,2.549826,2.717081,3.657873,0.578988,0.552989,0.626435,0.783047,calls/second,milliseconds
1779201201,385,485.835638,1.688481,0.937547,0.984405,1.576545,1.953611,2.470969,2.549826,2.706590,3.657873,0.585713,0.552989,0.626435,0.783047,calls/second,milliseconds
1779201202,385,485.835638,1.688481,0.937547,0.984405,1.576545,1.953611,2.470969,2.549826,2.706590,3.657873,0.584822,0.552989,0.626435,0.783047,calls/second,milliseconds
1779201203,385,485.835638,1.688481,0.937547,0.984405,1.576545,1.953611,2.470969,2.549826,2.706590,3.657873,0.583934,0.552989,0.626435,0.783047,calls/second,milliseconds
1779201204,385,485.835638,1.688481,0.937547,0.984405,1.576545,1.953611,2.470969,2.549826,2.706590,3.657873,0.583047,0.588730,0.632610,0.784249,calls/second,milliseconds
1779201205,385,485.835638,1.688481,0.937547,0.984405,1.576545,1.953611,2.470969,2.549826,2.706590,3.657873,0.582164,0.588730,0.632610,0.784249,calls/second,milliseconds
1779201206,385,485.835638,1.688481,0.937547,0.984405,1.576545,1.953611,2.470969,2.549826,2.706590,3.657873,0.581284,0.588730,0.632610,0.784249,calls/second,milliseconds
1779201207,385,485.835638,1.688481,0.937547,0.984405,1.576545,1.953611,2.470969,2.549826,2.706590,3.657873,0.580407,0.588730,0.632610,0.784249,calls/second,milliseconds
1779201208,390,485.835638,1.723158,0.937547,0.946928,1.583585,1.990157,2.470969,2.781067,2.781067,3.657873,0.587058,0.588730,0.632610,0.784249,calls/second,milliseconds
1779201209,390,485.835638,1.723158,0.937547,0.946928,1.583585,1.990157,2.470969,2.781067,2.781067,3.657873,0.586175,0.621613,0.638682,0.785445,calls/second,milliseconds
1779201210,390,485.835638,1.723158,0.937547,0.946928,1.583585,1.990157,2.470969,2.781067,2.781067,3.657873,0.585293,0.621613,0.638682,0.785445,calls/second,milliseconds
1779201211,390,485.835638,1.723158,0.937547,0.946928,1.583585,1.990157,2.470969,2.781067,2.781067,3.657873,0.584415,0.621613,0.638682,0.785445,calls/second,milliseconds
1779201212,390,485.835638,1.723158,0.937547,0.946928,1.583585,1.990157,2.470969,2.781067,2.781067,3.657873,0.583539,0.621613,0.638682,0.785445,calls/second,milliseconds
1779201213,390,485.835638,1.723158,0.937547,0.946928,1.583585,1.990157,2.470969,2.781067,2.781067,3.657873,0.582666,0.621613,0.638682,0.785445,calls/second,milliseconds
1779201214,390,485.835638,1.723158,0.937547,0.946928,1.583585,1.990157,2.470969,2.781067,2.781067,3.657873,0.581795,0.571912,0.628126,0.781093,calls/second,milliseconds
1779201215,390,485.835638,1.723158,0.937547,0.946928,1.583585,1.990157,2.470969,2.781067,2.781067,3.657873,0.580928,0.571912,0.628126,0.781093,calls/second,milliseconds
1779201216,390,485.835638,1.723158,0.937547,0.946928,1.583585,1.990157,2.470969,2.781067,2.781067,3.657873,0.580063,0.571912,0.628126,0.781093,calls/second,milliseconds
1779201217,390,485.835638,1.723158,0.937547,0.946928,1.583585,1.990157,2.470969,2.781067,2.781067,3.657873,0.579200,0.571912,0.628126,0.781093,calls/second,milliseconds
1779201218,395,485.835638,1.694101,0.937547,0.898587,1.576545,1.953611,2.470969,2.781067,2.781067,3.451702,0.585754,0.571912,0.628126,0.781093,calls/second,milliseconds
1779201220,395,485.835638,1.694101,0.937547,0.898587,1.576545,1.953611,2.470969,2.781067,2.781067,3.451702,0.584885,0.606140,0.634272,0.782306,calls/second,milliseconds
1779201221,395,485.835638,1.694101,0.937547,0.898587,1.576545,1.953611,2.470969,2.781067,2.781067,3.451702,0.584019,0.606140,0.634272,0.782306,calls/second,milliseconds
1779201222,395,485.835638,1.694101,0.937547,0.898587,1.576545,1.953611,2.470969,2.781067,2.781067,3.451702,0.583156,0.606140,0.634272,0.782306,calls/second,milliseconds
1779201223,395,485.835638,1.694101,0.937547,0.898587,1.576545,1.953611,2.470969,2.781067,2.781067,3.451702,0.582295,0.606140,0.634272,0.782306,calls/second,milliseconds
1779201224,395,485.835638,1.694101,0.937547,0.898587,1.576545,1.953611,2.470969,2.781067,2.781067,3.451702,0.581436,0.606140,0.634272,0.782306,calls/second,milliseconds
1779201225,395,485.835638,1.694101,0.937547,0.898587,1.576545,1.953611,2.470969,2.781067,2.781067,3.451702,0.580581,0.557676,0.623789,0.777972,calls/second,milliseconds
1779201226,400,485.835638,1.678263,0.937547,0.848498,1.565436,1.953611,2.470969,2.781067,2.781067,3.451702,0.587065,0.557676,0.623789,0.777972,calls/second,milliseconds
1779201227,400,485.835638,1.678263,0.937547,0.848498,1.565436,1.953611,2.470969,2.781067,2.781067,3.451702,0.586204,0.557676,0.623789,0.777972,calls/second,milliseconds
1779201228,400,485.835638,1.678263,0.937547,0.848498,1.565436,1.953611,2.470969,2.781067,2.781067,3.451702,0.585345,0.557676,0.623789,0.777972,calls/second,milliseconds
1779201229,400,485.835638,1.678263,0.937547,0.848498,1.565436,1.953611,2.470969,2.781067,2.781067,3.451702,0.584488,0.557676,0.623789,0.777972,calls/second,milliseconds
1779201230,400,485.835638,1.678263,0.937547,0.848498,1.565436,1.953611,2.470969,2.781067,2.781067,3.451702,0.583634,0.593042,0.630007,0.779202,calls/second,milliseconds
1779201231,400,485.835638,1.678263,0.937547,0.848498,1.565436,1.953611,2.470969,2.781067,2.781067,3.451702,0.582782,0.593042,0.630007,0.779202,calls/second,milliseconds
1779201232,400,485.835638,1.678263,0.937547,0.848498,1.565436,1.953611,2.470969,2.781067,2.781067,3.451702,0.581933,0.593042,0.630007,0.779202,calls/second,milliseconds
1779201233,400,485.835638,1.678263,0.937547,0.848498,1.565436,1.953611,2.470969,2.781067,2.781067,3.451702,0.581086,0.593042,0.630007,0.779202,calls/second,milliseconds
1779201234,400,485.835638,1.678263,0.937547,0.848498,1.565436,1.953611,2.470969,2.781067,2.781067,3.451702,0.580243,0.593042,0.630007,0.779202,calls/second,milliseconds
1779201235,400,485.835638,1.678263,0.937547,0.848498,1.565436,1.953611,2.470969,2.781067,2.781067,3.451702,0.579401,0.545625,0.619594,0.774885,calls/second,milliseconds
1779201236,405,485.835638,1.665255,0.937547,0.805219,1.553585,1.953611,2.456442,2.781067,2.781067,3.451702,0.585794,0.545625,0.619594,0.774885,calls/second,milliseconds
1779201237,405,485.835638,1.665255,0.937547,0.805219,1.553585,1.953611,2.456442,2.781067,2.781067,3.451702,0.584946,0.545625,0.619594,0.774885,calls/second,milliseconds
1779201238,405,485.835638,1.665255,0.937547,0.805219,1.553585,1.953611,2.456442,2.781067,2.781067,3.451702,0.584101,0.545625,0.619594,0.774885,calls/second,milliseconds
1779201239,405,485.835638,1.665255,0.937547,0.805219,1.553585,1.953611,2.456442,2.781067,2.781067,3.451702,0.583259,0.545625,0.619594,0.774885,calls/second,milliseconds
1779201240,405,485.835638,1.665255,0.937547,0.805219,1.553585,1.953611,2.456442,2.781067,2.781067,3.451702,0.582419,0.581955,0.625881,0.776132,calls/second,milliseconds
1779201241,405,485.835638,1.665255,0.937547,0.805219,1.553585,1.953611,2.456442,2.781067,2.781067,3.451702,0.581582,0.581955,0.625881,0.776132,calls/second,milliseconds
1779201242,405,485.835638,1.665255,0.937547,0.805219,1.553585,1.953611,2.456442,2.781067,2.781067,3.451702,0.580747,0.581955,0.625881,0.776132,calls/second,milliseconds
1779201243,410,485.835638,1.648629,0.937547,0.761441,1.544442,1.896830,2.452076,2.619200,2.781067,3.451702,0.587073,0.581955,0.625881,0.776132,calls/second,milliseconds
1779201244,410,485.835638,1.648629,0.937547,0.761441,1.544442,1.896830,2.452076,2.619200,2.781067,3.451702,0.586233,0.581955,0.625881,0.776132,calls/second,milliseconds
1779201245,410,485.835638,1.648629,0.937547,0.761441,1.544442,1.896830,2.452076,2.619200,2.781067,3.451702,0.585395,0.615380,0.632065,0.777372,calls/second,milliseconds
1779201246,410,485.835638,1.648629,0.937547,0.761441,1.544442,1.896830,2.452076,2.619200,2.781067,3.451702,0.584559,0.615380,0.632065,0.777372,calls/second,milliseconds
1779201247,410,485.835638,1.648629,0.937547,0.761441,1.544442,1.896830,2.452076,2.619200,2.781067,3.451702,0.583725,0.615380,0.632065,0.777372,calls/second,milliseconds
1779201248,410,485.835638,1.648629,0.937547,0.761441,1.544442,1.896830,2.452076,2.619200,2.781067,3.451702,0.582894,0.615380,0.632065,0.777372,calls/second,milliseconds
1779201249,410,485.835638,1.648629,0.937547,0.761441,1.544442,1.896830,2.452076,2.619200,2.781067,3.451702,0.582065,0.615380,0.632065,0.777372,calls/second,milliseconds
1779201250,410,485.835638,1.648629,0.937547,0.761441,1.544442,1.896830,2.452076,2.619200,2.781067,3.451702,0.581239,0.566177,0.621618,0.773066,calls/second,milliseconds
1779201251,410,485.835638,1.648629,0.937547,0.761441,1.544442,1.896830,2.452076,2.619200,2.781067,3.451702,0.580414,0.566177,0.621618,0.773066,calls/second,milliseconds
1779201252,410,485.835638,1.648629,0.937547,0.761441,1.544442,1.896830,2.452076,2.619200,2.781067,3.451702,0.579592,0.566177,0.621618,0.773066,calls/second,milliseconds
1779201253,415,485.835638,1.637563,0.937547,0.724950,1.533293,1.890497,2.452076,2.549826,2.781067,3.451702,0.585831,0.566177,0.621618,0.773066,calls/second,milliseconds
1779201254,415,485.835638,1.637563,0.937547,0.724950,1.533293,1.890497,2.452076,2.549826,2.781067,3.451702,0.585004,0.566177,0.621618,0.773066,calls/second,milliseconds
1779201255,415,485.835638,1.637563,0.937547,0.724950,1.533293,1.890497,2.452076,2.549826,2.781067,3.451702,0.584180,0.600863,0.627872,0.774323,calls/second,milliseconds
1779201256,415,485.835638,1.637563,0.937547,0.724950,1.533293,1.890497,2.452076,2.549826,2.781067,3.451702,0.583357,0.600863,0.627872,0.774323,calls/second,milliseconds
1779201257,415,485.835638,1.637563,0.937547,0.724950,1.533293,1.890497,2.452076,2.549826,2.781067,3.451702,0.582537,0.600863,0.627872,0.774323,calls/second,milliseconds
1779201258,415,485.835638,1.637563,0.937547,0.724950,1.533293,1.890497,2.452076,2.549826,2.781067,3.451702,0.581719,0.600863,0.627872,0.774323,calls/second,milliseconds
1779201259,415,485.835638,1.637563,0.937547,0.724950,1.533293,1.890497,2.452076,2.549826,2.781067,3.451702,0.580904,0.600863,0.627872,0.774323,calls/second,milliseconds
1779201260,420,485.835638,1.647024,0.937547,0.695978,1.544442,1.937886,2.445167,2.549826,2.781067,3.102350,0.587079,0.552821,0.617494,0.770033,calls/second,milliseconds
1779201261,420,485.835638,1.647024,0.937547,0.695978,1.544442,1.937886,2.445167,2.549826,2.781067,3.102350,0.586259,0.552821,0.617494,0.770033,calls/second,milliseconds
1779201262,420,485.835638,1.647024,0.937547,0.695978,1.544442,1.937886,2.445167,2.549826,2.781067,3.102350,0.585440,0.552821,0.617494,0.770033,calls/second,milliseconds
1779201263,420,485.835638,1.647024,0.937547,0.695978,1.544442,1.937886,2.445167,2.549826,2.781067,3.102350,0.584624,0.552821,0.617494,0.770033,calls/second,milliseconds
1779201264,420,485.835638,1.647024,0.937547,0.695978,1.544442,1.937886,2.445167,2.549826,2.781067,3.102350,0.583811,0.552821,0.617494,0.770033,calls/second,milliseconds
1779201265,420,485.835638,1.647024,0.937547,0.695978,1.544442,1.937886,2.445167,2.549826,2.781067,3.102350,0.582999,0.588575,0.623817,0.771307,calls/second,milliseconds
1779201266,420,485.835638,1.647024,0.937547,0.695978,1.544442,1.937886,2.445167,2.549826,2.781067,3.102350,0.582190,0.588575,0.623817,0.771307,calls/second,milliseconds
1779201267,420,485.835638,1.647024,0.937547,0.695978,1.544442,1.937886,2.445167,2.549826,2.781067,3.102350,0.581383,0.588575,0.623817,0.771307,calls/second,milliseconds
1779201268,420,485.835638,1.647024,0.937547,0.695978,1.544442,1.937886,2.445167,2.549826,2.781067,3.102350,0.580578,0.588575,0.623817,0.771307,calls/second,milliseconds
1779201269,420,485.835638,1.647024,0.937547,0.695978,1.544442,1.937886,2.445167,2.549826,2.781067,3.102350,0.579775,0.588575,0.623817,0.771307,calls/second,milliseconds
1779201270,425,485.835638,1.659899,0.937547,0.660979,1.555888,1.937886,2.443915,2.529170,2.781067,3.048839,0.585867,0.621471,0.630034,0.772574,calls/second,milliseconds
1779201271,425,485.835638,1.659899,0.937547,0.660979,1.555888,1.937886,2.443915,2.529170,2.781067,3.048839,0.585055,0.621471,0.630034,0.772574,calls/second,milliseconds
1779201272,425,485.835638,1.659899,0.937547,0.660979,1.555888,1.937886,2.443915,2.529170,2.781067,3.048839,0.584250,0.621471,0.630034,0.772574,calls/second,milliseconds
1779201273,425,485.835638,1.659899,0.937547,0.660979,1.555888,1.937886,2.443915,2.529170,2.781067,3.048839,0.583447,0.621471,0.630034,0.772574,calls/second,milliseconds
1779201274,425,485.835638,1.659899,0.937547,0.660979,1.555888,1.937886,2.443915,2.529170,2.781067,3.048839,0.582646,0.621471,0.630034,0.772574,calls/second,milliseconds
1779201275,425,485.835638,1.659899,0.937547,0.660979,1.555888,1.937886,2.443915,2.529170,2.781067,3.048839,0.581847,0.571781,0.619621,0.768294,calls/second,milliseconds
1779201276,425,485.835638,1.659899,0.937547,0.660979,1.555888,1.937886,2.443915,2.529170,2.781067,3.048839,0.581051,0.571781,0.619621,0.768294,calls/second,milliseconds
1779201277,430,485.835638,1.658391,0.937547,0.626718,1.553112,1.895891,2.374627,2.470969,2.781067,2.994240,0.587082,0.571781,0.619621,0.768294,calls/second,milliseconds
1779201278,430,485.835638,1.658391,0.937547,0.626718,1.553112,1.895891,2.374627,2.470969,2.781067,2.994240,0.586281,0.571781,0.619621,0.768294,calls/second,milliseconds
1779201279,430,485.835638,1.658391,0.937547,0.626718,1.553112,1.895891,2.374627,2.470969,2.781067,2.994240,0.585482,0.571781,0.619621,0.768294,calls/second,milliseconds
1779201280,430,485.835638,1.658391,0.937547,0.626718,1.553112,1.895891,2.374627,2.470969,2.781067,2.994240,0.584685,0.606019,0.625908,0.769578,calls/second,milliseconds
1779201281,430,485.835638,1.658391,0.937547,0.626718,1.553112,1.895891,2.374627,2.470969,2.781067,2.994240,0.583890,0.606019,0.625908,0.769578,calls/second,milliseconds
1779201282,430,485.835638,1.658391,0.937547,0.626718,1.553112,1.895891,2.374627,2.470969,2.781067,2.994240,0.583096,0.606019,0.625908,0.769578,calls/second,milliseconds
1779201283,430,485.835638,1.658391,0.937547,0.626718,1.553112,1.895891,2.374627,2.470969,2.781067,2.994240,0.582306,0.606019,0.625908,0.769578,calls/second,milliseconds
1779201284,430,485.835638,1.658391,0.937547,0.626718,1.553112,1.895891,2.374627,2.470969,2.781067,2.994240,0.581517,0.606019,0.625908,0.769578,calls/second,milliseconds
1779201285,430,485.835638,1.658391,0.937547,0.626718,1.553112,1.895891,2.374627,2.470969,2.781067,2.994240,0.580731,0.557565,0.615563,0.765314,calls/second,milliseconds
1779201286,430,485.835638,1.658391,0.937547,0.626718,1.553112,1.895891,2.374627,2.470969,2.781067,2.994240,0.579946,0.557565,0.615563,0.765314,calls/second,milliseconds
1779201287,435,485.835638,1.666175,0.937547,0.602317,1.553112,1.950023,2.354881,2.470969,2.717081,2.994240,0.585898,0.557565,0.615563,0.765314,calls/second,milliseconds
1779201288,435,485.835638,1.666175,0.937547,0.602317,1.553112,1.950023,2.354881,2.470969,2.717081,2.994240,0.585109,0.557565,0.615563,0.765314,calls/second,milliseconds
1779201289,435,485.835638,1.666175,0.937547,0.602317,1.553112,1.950023,2.354881,2.470969,2.717081,2.994240,0.584322,0.557565,0.615563,0.765314,calls/second,milliseconds
1779201290,435,485.835638,1.666175,0.937547,0.602317,1.553112,1.950023,2.354881,2.470969,2.717081,2.994240,0.583537,0.592940,0.621917,0.766614,calls/second,milliseconds
1779201291,435,485.835638,1.666175,0.937547,0.602317,1.553112,1.950023,2.354881,2.470969,2.717081,2.994240,0.582754,0.592940,0.621917,0.766614,calls/second,milliseconds
1779201292,435,485.835638,1.666175,0.937547,0.602317,1.553112,1.950023,2.354881,2.470969,2.717081,2.994240,0.581973,0.592940,0.621917,0.766614,calls/second,milliseconds
1779201293,435,485.835638,1.666175,0.937547,0.602317,1.553112,1.950023,2.354881,2.470969,2.717081,2.994240,0.581194,0.592940,0.621917,0.766614,calls/second,milliseconds
1779201294,440,485.835638,1.618922,0.937547,0.586531,1.527088,1.895891,2.354881,2.456442,2.549826,2.994240,0.587089,0.592940,0.621917,0.766614,calls/second,milliseconds
1779201295,440,485.835638,1.618922,0.937547,0.586531,1.527088,1.895891,2.354881,2.456442,2.549826,2.994240,0.586306,0.625487,0.628166,0.767907,calls/second,milliseconds
1779201296,440,485.835638,1.618922,0.937547,0.586531,1.527088,1.895891,2.354881,2.456442,2.549826,2.994240,0.585525,0.625487,0.628166,0.767907,calls/second,milliseconds
1779201297,440,485.835638,1.618922,0.937547,0.586531,1.527088,1.895891,2.354881,2.456442,2.549826,2.994240,0.584745,0.625487,0.628166,0.767907,calls/second,milliseconds
1779201298,440,485.835638,1.618922,0.937547,0.586531,1.527088,1.895891,2.354881,2.456442,2.549826,2.994240,0.583968,0.625487,0.628166,0.767907,calls/second,milliseconds
1779201299,440,485.835638,1.618922,0.937547,0.586531,1.527088,1.895891,2.354881,2.456442,2.549826,2.994240,0.583193,0.625487,0.628166,0.767907,calls/second,milliseconds
1779201300,440,485.835638,1.618922,0.937547,0.586531,1.527088,1.895891,2.354881,2.456442,2.549826,2.994240,0.582420,0.575476,0.617783,0.763653,calls/second,milliseconds
1779201301,440,485.835638,1.618922,0.937547,0.586531,1.527088,1.895891,2.354881,2.456442,2.549826,2.994240,0.581649,0.575476,0.617783,0.763653,calls/second,milliseconds
1779201302,440,485.835638,1.618922,0.937547,0.586531,1.527088,1.895891,2.354881,2.456442,2.549826,2.994240,0.580880,0.575476,0.617783,0.763653,calls/second,milliseconds
1779201303,440,485.835638,1.618922,0.937547,0.586531,1.527088,1.895891,2.354881,2.456442,2.549826,2.994240,0.580113,0.575476,0.617783,0.763653,calls/second,milliseconds
1779201304,445,485.835638,1.616242,0.937547,0.564596,1.500932,1.844875,2.354881,2.452076,2.549826,2.994240,0.585932,0.575476,0.617783,0.763653,calls/second,milliseconds
1779201305,445,485.835638,1.616242,0.937547,0.564596,1.500932,1.844875,2.354881,2.452076,2.549826,2.994240,0.585160,0.609419,0.624101,0.764962,calls/second,milliseconds
1779201306,445,485.835638,1.616242,0.937547,0.564596,1.500932,1.844875,2.354881,2.452076,2.549826,2.994240,0.584391,0.609419,0.624101,0.764962,calls/second,milliseconds
1779201307,445,485.835638,1.616242,0.937547,0.564596,1.500932,1.844875,2.354881,2.452076,2.549826,2.994240,0.583623,0.609419,0.624101,0.764962,calls/second,milliseconds
1779201308,445,485.835638,1.616242,0.937547,0.564596,1.500932,1.844875,2.354881,2.452076,2.549826,2.994240,0.582858,0.609419,0.624101,0.764962,calls/second,milliseconds
1779201309,445,485.835638,1.616242,0.937547,0.564596,1.500932,1.844875,2.354881,2.452076,2.549826,2.994240,0.582094,0.609419,0.624101,0.764962,calls/second,milliseconds
1779201310,445,485.835638,1.616242,0.937547,0.564596,1.500932,1.844875,2.354881,2.452076,2.549826,2.994240,0.581332,0.560692,0.613785,0.760724,calls/second,milliseconds
1779201311,450,485.835638,1.615432,0.937547,0.541324,1.489830,1.761164,2.345601,2.452076,2.549826,2.980900,0.587096,0.560692,0.613785,0.760724,calls/second,milliseconds
1779201312,450,485.835638,1.615432,0.937547,0.541324,1.489830,1.761164,2.345601,2.452076,2.549826,2.980900,0.586329,0.560692,0.613785,0.760724,calls/second,milliseconds
1779201313,450,485.835638,1.615432,0.937547,0.541324,1.489830,1.761164,2.345601,2.452076,2.549826,2.980900,0.585565,0.560692,0.613785,0.760724,calls/second,milliseconds
1779201314,450,485.835638,1.615432,0.937547,0.541324,1.489830,1.761164,2.345601,2.452076,2.549826,2.980900,0.584803,0.560692,0.613785,0.760724,calls/second,milliseconds
1779201315,450,485.835638,1.615432,0.937547,0.541324,1.489830,1.761164,2.345601,2.452076,2.549826,2.980900,0.584043,0.595817,0.620169,0.762050,calls/second,milliseconds
1779201316,450,485.835638,1.615432,0.937547,0.541324,1.489830,1.761164,2.345601,2.452076,2.549826,2.980900,0.583285,0.595817,0.620169,0.762050,calls/second,milliseconds
1779201317,450,485.835638,1.615432,0.937547,0.541324,1.489830,1.761164,2.345601,2.452076,2.549826,2.980900,0.582529,0.595817,0.620169,0.762050,calls/second,milliseconds
1779201318,450,485.835638,1.615432,0.937547,0.541324,1.489830,1.761164,2.345601,2.452076,2.549826,2.980900,0.581775,0.595817,0.620169,0.762050,calls/second,milliseconds
1779201319,450,485.835638,1.615432,0.937547,0.541324,1.489830,1.761164,2.345601,2.452076,2.549826,2.980900,0.581023,0.595817,0.620169,0.762050,calls/second,milliseconds
1779201320,450,485.835638,1.615432,0.937547,0.541324,1.489830,1.761164,2.345601,2.452076,2.549826,2.980900,0.580272,0.548178,0.609918,0.757828,calls/second,milliseconds
1779201321,455,485.835638,1.600449,0.937547,0.523754,1.486752,1.742499,2.345601,2.445167,2.470969,2.878987,0.585963,0.548178,0.609918,0.757828,calls/second,milliseconds
1779201322,455,485.835638,1.600449,0.937547,0.523754,1.486752,1.742499,2.345601,2.445167,2.470969,2.878987,0.585208,0.548178,0.609918,0.757828,calls/second,milliseconds
1779201323,455,485.835638,1.600449,0.937547,0.523754,1.486752,1.742499,2.345601,2.445167,2.470969,2.878987,0.584456,0.548178,0.609918,0.757828,calls/second,milliseconds
1779201324,455,485.835638,1.600449,0.937547,0.523754,1.486752,1.742499,2.345601,2.445167,2.470969,2.878987,0.583705,0.548178,0.609918,0.757828,calls/second,milliseconds
1779201325,455,485.835638,1.600449,0.937547,0.523754,1.486752,1.742499,2.345601,2.445167,2.470969,2.878987,0.582956,0.584304,0.616366,0.759170,calls/second,milliseconds
1779201326,455,485.835638,1.600449,0.937547,0.523754,1.486752,1.742499,2.345601,2.445167,2.470969,2.878987,0.582209,0.584304,0.616366,0.759170,calls/second,milliseconds
1779201327,455,485.835638,1.600449,0.937547,0.523754,1.486752,1.742499,2.345601,2.445167,2.470969,2.878987,0.581464,0.584304,0.616366,0.759170,calls/second,milliseconds
1779201328,460,485.835638,1.608168,0.937547,0.513053,1.477982,1.895891,2.354881,2.445167,2.470969,2.801018,0.587102,0.584304,0.616366,0.759170,calls/second,milliseconds
1779201329,460,485.835638,1.608168,0.937547,0.513053,1.477982,1.895891,2.354881,2.445167,2.470969,2.801018,0.586353,0.584304,0.616366,0.759170,calls/second,milliseconds
1779201330,460,485.835638,1.608168,0.937547,0.513053,1.477982,1.895891,2.354881,2.445167,2.470969,2.801018,0.585605,0.617541,0.622707,0.760504,calls/second,milliseconds
1779201331,460,485.835638,1.608168,0.937547,0.513053,1.477982,1.895891,2.354881,2.445167,2.470969,2.801018,0.584860,0.617541,0.622707,0.760504,calls/second,milliseconds
1779201332,460,485.835638,1.608168,0.937547,0.513053,1.477982,1.895891,2.354881,2.445167,2.470969,2.801018,0.584116,0.617541,0.622707,0.760504,calls/second,milliseconds
1779201333,460,485.835638,1.608168,0.937547,0.513053,1.477982,1.895891,2.354881,2.445167,2.470969,2.801018,0.583374,0.617541,0.622707,0.760504,calls/second,milliseconds
1779201334,460,485.835638,1.608168,0.937547,0.513053,1.477982,1.895891,2.354881,2.445167,2.470969,2.801018,0.582634,0.617541,0.622707,0.760504,calls/second,milliseconds
1779201335,460,485.835638,1.608168,0.937547,0.513053,1.477982,1.895891,2.354881,2.445167,2.470969,2.801018,0.581896,0.568165,0.612414,0.756291,calls/second,milliseconds
1779201336,460,485.835638,1.608168,0.937547,0.513053,1.477982,1.895891,2.354881,2.445167,2.470969,2.801018,0.581160,0.568165,0.612414,0.756291,calls/second,milliseconds
1779201337,460,485.835638,1.608168,0.937547,0.513053,1.477982,1.895891,2.354881,2.445167,2.470969,2.801018,0.580425,0.568165,0.612414,0.756291,calls/second,milliseconds
1779201338,465,485.835638,1.601922,0.937547,0.495008,1.463128,1.890497,2.354881,2.374627,2.470969,2.781067,0.585994,0.568165,0.612414,0.756291,calls/second,milliseconds
1779201339,465,485.835638,1.601922,0.937547,0.495008,1.463128,1.890497,2.354881,2.374627,2.470969,2.781067,0.585255,0.568165,0.612414,0.756291,calls/second,milliseconds
1779201340,465,485.835638,1.601922,0.937547,0.495008,1.463128,1.890497,2.354881,2.374627,2.470969,2.781067,0.584518,0.602693,0.618820,0.757641,calls/second,milliseconds
1779201341,465,485.835638,1.601922,0.937547,0.495008,1.463128,1.890497,2.354881,2.374627,2.470969,2.781067,0.583783,0.602693,0.618820,0.757641,calls/second,milliseconds
1779201342,465,485.835638,1.601922,0.937547,0.495008,1.463128,1.890497,2.354881,2.374627,2.470969,2.781067,0.583051,0.602693,0.618820,0.757641,calls/second,milliseconds
1779201343,465,485.835638,1.601922,0.937547,0.495008,1.463128,1.890497,2.354881,2.374627,2.470969,2.781067,0.582319,0.602693,0.618820,0.757641,calls/second,milliseconds
1779201344,465,485.835638,1.601922,0.937547,0.495008,1.463128,1.890497,2.354881,2.374627,2.470969,2.781067,0.581590,0.602693,0.618820,0.757641,calls/second,milliseconds
1779201345,470,485.835638,1.600219,0.937547,0.482417,1.457011,1.761164,2.345601,2.373927,2.452076,2.781067,0.587108,0.634460,0.625121,0.758984,calls/second,milliseconds
1779201346,470,485.835638,1.600219,0.937547,0.482417,1.457011,1.761164,2.345601,2.373927,2.452076,2.781067,0.586374,0.634460,0.625121,0.758984,calls/second,milliseconds
1779201347,470,485.835638,1.600219,0.937547,0.482417,1.457011,1.761164,2.345601,2.373927,2.452076,2.781067,0.585643,0.634460,0.625121,0.758984,calls/second,milliseconds
1779201348,470,485.835638,1.600219,0.937547,0.482417,1.457011,1.761164,2.345601,2.373927,2.452076,2.781067,0.584913,0.634460,0.625121,0.758984,calls/second,milliseconds
1779201349,470,485.835638,1.600219,0.937547,0.482417,1.457011,1.761164,2.345601,2.373927,2.452076,2.781067,0.584185,0.634460,0.625121,0.758984,calls/second,milliseconds
1779201350,470,485.835638,1.600219,0.937547,0.482417,1.457011,1.761164,2.345601,2.373927,2.452076,2.781067,0.583458,0.583731,0.614788,0.754779,calls/second,milliseconds
1779201351,470,485.835638,1.600219,0.937547,0.482417,1.457011,1.761164,2.345601,2.373927,2.452076,2.781067,0.582733,0.583731,0.614788,0.754779,calls/second,milliseconds
1779201352,470,485.835638,1.600219,0.937547,0.482417,1.457011,1.761164,2.345601,2.373927,2.452076,2.781067,0.582011,0.583731,0.614788,0.754779,calls/second,milliseconds
1779201353,470,485.835638,1.600219,0.937547,0.482417,1.457011,1.761164,2.345601,2.373927,2.452076,2.781067,0.581290,0.583731,0.614788,0.754779,calls/second,milliseconds
1779201354,470,485.835638,1.600219,0.937547,0.482417,1.457011,1.761164,2.345601,2.373927,2.452076,2.781067,0.580571,0.583731,0.614788,0.754779,calls/second,milliseconds
1779201355,475,485.835638,1.561367,0.937547,0.470517,1.436115,1.703194,2.302441,2.373927,2.452076,2.781067,0.586022,0.617014,0.621155,0.756137,calls/second,milliseconds
1779201356,475,485.835638,1.561367,0.937547,0.470517,1.436115,1.703194,2.302441,2.373927,2.452076,2.781067,0.585299,0.617014,0.621155,0.756137,calls/second,milliseconds
1779201357,475,485.835638,1.561367,0.937547,0.470517,1.436115,1.703194,2.302441,2.373927,2.452076,2.781067,0.584578,0.617014,0.621155,0.756137,calls/second,milliseconds
1779201358,475,485.835638,1.561367,0.937547,0.470517,1.436115,1.703194,2.302441,2.373927,2.452076,2.781067,0.583858,0.617014,0.621155,0.756137,calls/second,milliseconds
1779201359,475,485.835638,1.561367,0.937547,0.470517,1.436115,1.703194,2.302441,2.373927,2.452076,2.781067,0.583140,0.617014,0.621155,0.756137,calls/second,milliseconds
1779201360,475,485.835638,1.561367,0.937547,0.470517,1.436115,1.703194,2.302441,2.373927,2.452076,2.781067,0.582424,0.567681,0.610889,0.751948,calls/second,milliseconds
1779201361,475,485.835638,1.561367,0.937547,0.470517,1.436115,1.703194,2.302441,2.373927,2.452076,2.781067,0.581710,0.567681,0.610889,0.751948,calls/second,milliseconds
1779201362,480,485.835638,1.558317,0.937547,0.456000,1.432644,1.675742,2.302441,2.373927,2.445167,2.781067,0.587113,0.567681,0.610889,0.751948,calls/second,milliseconds
1779201363,480,485.835638,1.558317,0.937547,0.456000,1.432644,1.675742,2.302441,2.373927,2.445167,2.781067,0.586394,0.567681,0.610889,0.751948,calls/second,milliseconds
1779201364,480,485.835638,1.558317,0.937547,0.456000,1.432644,1.675742,2.302441,2.373927,2.445167,2.781067,0.585678,0.567681,0.610889,0.751948,calls/second,milliseconds
1779201365,480,485.835638,1.558317,0.937547,0.456000,1.432644,1.675742,2.302441,2.373927,2.445167,2.781067,0.584963,0.602247,0.617320,0.753322,calls/second,milliseconds
1779201366,480,485.835638,1.558317,0.937547,0.456000,1.432644,1.675742,2.302441,2.373927,2.445167,2.781067,0.584250,0.602247,0.617320,0.753322,calls/second,milliseconds
1779201367,480,485.835638,1.558317,0.937547,0.456000,1.432644,1.675742,2.302441,2.373927,2.445167,2.781067,0.583538,0.602247,0.617320,0.753322,calls/second,milliseconds
1779201368,480,485.835638,1.558317,0.937547,0.456000,1.432644,1.675742,2.302441,2.373927,2.445167,2.781067,0.582829,0.602247,0.617320,0.753322,calls/second,milliseconds
1779201369,480,485.835638,1.558317,0.937547,0.456000,1.432644,1.675742,2.302441,2.373927,2.445167,2.781067,0.582121,0.602247,0.617320,0.753322,calls/second,milliseconds
1779201370,480,485.835638,1.558317,0.937547,0.456000,1.432644,1.675742,2.302441,2.373927,2.445167,2.781067,0.581415,0.554094,0.607117,0.749149,calls/second,milliseconds
1779201371,480,485.835638,1.558317,0.937547,0.456000,1.432644,1.675742,2.302441,2.373927,2.445167,2.781067,0.580711,0.554094,0.607117,0.749149,calls/second,milliseconds
1779201372,485,485.835638,1.570066,0.937547,0.442511,1.442951,1.703194,2.294327,2.373927,2.445167,2.781067,0.586049,0.554094,0.607117,0.749149,calls/second,milliseconds
1779201373,485,485.835638,1.570066,0.937547,0.442511,1.442951,1.703194,2.294327,2.373927,2.445167,2.781067,0.585341,0.554094,0.607117,0.749149,calls/second,milliseconds
1779201374,485,485.835638,1.570066,0.937547,0.442511,1.442951,1.703194,2.294327,2.373927,2.445167,2.781067,0.584635,0.554094,0.607117,0.749149,calls/second,milliseconds
1779201375,485,485.835638,1.570066,0.937547,0.442511,1.442951,1.703194,2.294327,2.373927,2.445167,2.781067,0.583930,0.589747,0.613611,0.750539,calls/second,milliseconds
1779201376,485,485.835638,1.570066,0.937547,0.442511,1.442951,1.703194,2.294327,2.373927,2.445167,2.781067,0.583226,0.589747,0.613611,0.750539,calls/second,milliseconds
1779201377,485,485.835638,1.570066,0.937547,0.442511,1.442951,1.703194,2.294327,2.373927,2.445167,2.781067,0.582525,0.589747,0.613611,0.750539,calls/second,milliseconds
1779201378,485,485.835638,1.570066,0.937547,0.442511,1.442951,1.703194,2.294327,2.373927,2.445167,2.781067,0.581825,0.589747,0.613611,0.750539,calls/second,milliseconds
1779201379,485,485.835638,1.570066,0.937547,0.442511,1.442951,1.703194,2.294327,2.373927,2.445167,2.781067,0.581127,0.589747,0.613611,0.750539,calls/second,milliseconds
1779201380,485,485.835638,1.570066,0.937547,0.442511,1.442951,1.703194,2.294327,2.373927,2.445167,2.781067,0.580430,0.542593,0.603468,0.746381,calls/second,milliseconds
1779201381,485,485.835638,1.570066,0.937547,0.442511,1.442951,1.703194,2.294327,2.373927,2.445167,2.781067,0.579735,0.542593,0.603468,0.746381,calls/second,milliseconds
1779201382,485,485.835638,1.570066,0.937547,0.442511,1.442951,1.703194,2.294327,2.373927,2.445167,2.781067,0.579042,0.542593,0.603468,0.746381,calls/second,milliseconds
1779201383,485,485.835638,1.570066,0.937547,0.442511,1.442951,1.703194,2.294327,2.373927,2.445167,2.781067,0.578351,0.542593,0.603468,0.746381,calls/second,milliseconds
1779201384,490,485.835638,1.578845,0.937547,0.439685,1.442951,1.703194,2.354881,2.437249,2.437249,2.781067,0.583616,0.542593,0.603468,0.746381,calls/second,milliseconds
1779201385,490,485.835638,1.578845,0.937547,0.439685,1.442951,1.703194,2.354881,2.437249,2.437249,2.781067,0.582920,0.579165,0.610023,0.747786,calls/second,milliseconds
1779201386,490,485.835638,1.578845,0.937547,0.439685,1.442951,1.703194,2.354881,2.437249,2.437249,2.781067,0.582227,0.579165,0.610023,0.747786,calls/second,milliseconds
1779201387,490,485.835638,1.578845,0.937547,0.439685,1.442951,1.703194,2.354881,2.437249,2.437249,2.781067,0.581535,0.579165,0.610023,0.747786,calls/second,milliseconds
1779201388,490,485.835638,1.578845,0.937547,0.439685,1.442951,1.703194,2.354881,2.437249,2.437249,2.781067,0.580844,0.579165,0.610023,0.747786,calls/second,milliseconds
1779201389,490,485.835638,1.578845,0.937547,0.439685,1.442951,1.703194,2.354881,2.437249,2.437249,2.781067,0.580156,0.579165,0.610023,0.747786,calls/second,milliseconds
1779201390,490,485.835638,1.578845,0.937547,0.439685,1.442951,1.703194,2.354881,2.437249,2.437249,2.781067,0.579469,0.532858,0.599940,0.743643,calls/second,milliseconds
1779201391,490,485.835638,1.578845,0.937547,0.439685,1.442951,1.703194,2.354881,2.437249,2.437249,2.781067,0.578783,0.532858,0.599940,0.743643,calls/second,milliseconds
1779201392,490,485.835638,1.578845,0.937547,0.439685,1.442951,1.703194,2.354881,2.437249,2.437249,2.781067,0.578099,0.532858,0.599940,0.743643,calls/second,milliseconds
1779201393,490,485.835638,1.578845,0.937547,0.439685,1.442951,1.703194,2.354881,2.437249,2.437249,2.781067,0.577417,0.532858,0.599940,0.743643,calls/second,milliseconds
1779201394,495,485.835638,1.577746,0.937547,0.429965,1.432644,1.697114,2.345601,2.437249,2.437249,2.781067,0.582621,0.532858,0.599940,0.743643,calls/second,milliseconds
1779201395,495,485.835638,1.577746,0.937547,0.429965,1.432644,1.697114,2.345601,2.437249,2.437249,2.781067,0.581935,0.570208,0.606552,0.745063,calls/second,milliseconds
1779201396,495,485.835638,1.577746,0.937547,0.429965,1.432644,1.697114,2.345601,2.437249,2.437249,2.781067,0.581251,0.570208,0.606552,0.745063,calls/second,milliseconds
1779201397,495,485.835638,1.577746,0.937547,0.429965,1.432644,1.697114,2.345601,2.437249,2.437249,2.781067,0.580568,0.570208,0.606552,0.745063,calls/second,milliseconds
1779201398,495,485.835638,1.577746,0.937547,0.429965,1.432644,1.697114,2.345601,2.437249,2.437249,2.781067,0.579887,0.570208,0.606552,0.745063,calls/second,milliseconds
1779201399,495,485.835638,1.577746,0.937547,0.429965,1.432644,1.697114,2.345601,2.437249,2.437249,2.781067,0.579208,0.570208,0.606552,0.745063,calls/second,milliseconds
1779201400,495,485.835638,1.577746,0.937547,0.429965,1.432644,1.697114,2.345601,2.437249,2.437249,2.781067,0.578530,0.524617,0.596527,0.740935,calls/second,milliseconds
1779201401,500,485.835638,1.588554,0.937547,0.430716,1.442951,1.738442,2.392079,2.437249,2.437249,2.781067,0.583691,0.524617,0.596527,0.740935,calls/second,milliseconds
1779201402,500,485.835638,1.588554,0.937547,0.430716,1.442951,1.738442,2.392079,2.437249,2.437249,2.781067,0.583009,0.524617,0.596527,0.740935,calls/second,milliseconds
1779201403,500,485.835638,1.588554,0.937547,0.430716,1.442951,1.738442,2.392079,2.437249,2.437249,2.781067,0.582329,0.524617,0.596527,0.740935,calls/second,milliseconds
1779201404,500,485.835638,1.588554,0.937547,0.430716,1.442951,1.738442,2.392079,2.437249,2.437249,2.781067,0.581651,0.524617,0.596527,0.740935,calls/second,milliseconds
1779201405,500,485.835638,1.588554,0.937547,0.430716,1.442951,1.738442,2.392079,2.437249,2.437249,2.781067,0.580974,0.562627,0.603196,0.742371,calls/second,milliseconds
1779201406,500,485.835638,1.588554,0.937547,0.430716,1.442951,1.738442,2.392079,2.437249,2.437249,2.781067,0.580299,0.562627,0.603196,0.742371,calls/second,milliseconds
1779201407,500,485.835638,1.588554,0.937547,0.430716,1.442951,1.738442,2.392079,2.437249,2.437249,2.781067,0.579625,0.562627,0.603196,0.742371,calls/second,milliseconds
1779201408,500,485.835638,1.588554,0.937547,0.430716,1.442951,1.738442,2.392079,2.437249,2.437249,2.781067,0.578952,0.562627,0.603196,0.742371,calls/second,milliseconds
1779201409,500,485.835638,1.588554,0.937547,0.430716,1.442951,1.738442,2.392079,2.437249,2.437249,2.781067,0.578282,0.562627,0.603196,0.742371,calls/second,milliseconds
1779201410,500,485.835638,1.588554,0.937547,0.430716,1.442951,1.738442,2.392079,2.437249,2.437249,2.781067,0.577613,0.517641,0.593226,0.738258,calls/second,milliseconds
1779201411,505,485.835638,1.588104,0.937547,0.410625,1.448689,1.711769,2.373927,2.437249,2.437249,2.781067,0.582715,0.517641,0.593226,0.738258,calls/second,milliseconds
1779201412,505,485.835638,1.588104,0.937547,0.410625,1.448689,1.711769,2.373927,2.437249,2.437249,2.781067,0.582042,0.517641,0.593226,0.738258,calls/second,milliseconds
1779201413,505,485.835638,1.588104,0.937547,0.410625,1.448689,1.711769,2.373927,2.437249,2.437249,2.781067,0.581371,0.517641,0.593226,0.738258,calls/second,milliseconds
1779201414,505,485.835638,1.588104,0.937547,0.410625,1.448689,1.711769,2.373927,2.437249,2.437249,2.781067,0.580701,0.517641,0.593226,0.738258,calls/second,milliseconds
1779201415,505,485.835638,1.588104,0.937547,0.410625,1.448689,1.711769,2.373927,2.437249,2.437249,2.781067,0.580033,0.556209,0.599949,0.739708,calls/second,milliseconds
1779201416,505,485.835638,1.588104,0.937547,0.410625,1.448689,1.711769,2.373927,2.437249,2.437249,2.781067,0.579367,0.556209,0.599949,0.739708,calls/second,milliseconds
1779201417,505,485.835638,1.588104,0.937547,0.410625,1.448689,1.711769,2.373927,2.437249,2.437249,2.781067,0.578702,0.556209,0.599949,0.739708,calls/second,milliseconds
1779201418,510,485.835638,1.593583,0.937547,0.414122,1.442951,1.828660,2.383312,2.437249,2.437249,2.781067,0.583762,0.556209,0.599949,0.739708,calls/second,milliseconds
1779201419,510,485.835638,1.593583,0.937547,0.414122,1.442951,1.828660,2.383312,2.437249,2.437249,2.781067,0.583094,0.556209,0.599949,0.739708,calls/second,milliseconds
1779201420,510,485.835638,1.593583,0.937547,0.414122,1.442951,1.828660,2.383312,2.437249,2.437249,2.781067,0.582427,0.591692,0.606561,0.741150,calls/second,milliseconds
1779201421,510,485.835638,1.593583,0.937547,0.414122,1.442951,1.828660,2.383312,2.437249,2.437249,2.781067,0.581762,0.591692,0.606561,0.741150,calls/second,milliseconds
1779201422,510,485.835638,1.593583,0.937547,0.414122,1.442951,1.828660,2.383312,2.437249,2.437249,2.781067,0.581098,0.591692,0.606561,0.741150,calls/second,milliseconds
1779201423,510,485.835638,1.593583,0.937547,0.414122,1.442951,1.828660,2.383312,2.437249,2.437249,2.781067,0.580435,0.591692,0.606561,0.741150,calls/second,milliseconds
1779201424,510,485.835638,1.593583,0.937547,0.414122,1.442951,1.828660,2.383312,2.437249,2.437249,2.781067,0.579775,0.591692,0.606561,0.741150,calls/second,milliseconds
1779201425,510,485.835638,1.593583,0.937547,0.414122,1.442951,1.828660,2.383312,2.437249,2.437249,2.781067,0.579115,0.544383,0.596536,0.737044,calls/second,milliseconds
1779201426,510,485.835638,1.593583,0.937547,0.414122,1.442951,1.828660,2.383312,2.437249,2.437249,2.781067,0.578458,0.544383,0.596536,0.737044,calls/second,milliseconds
1779201427,510,485.835638,1.593583,0.937547,0.414122,1.442951,1.828660,2.383312,2.437249,2.437249,2.781067,0.577802,0.544383,0.596536,0.737044,calls/second,milliseconds
1779201428,515,485.835638,1.724975,0.937547,0.666505,1.493987,1.936073,2.392079,4.978157,4.978157,4.978157,0.582805,0.544383,0.596536,0.737044,calls/second,milliseconds
1779201429,515,485.835638,1.724975,0.937547,0.666505,1.493987,1.936073,2.392079,4.978157,4.978157,4.978157,0.582145,0.544383,0.596536,0.737044,calls/second,milliseconds
1779201430,515,485.835638,1.724975,0.937547,0.666505,1.493987,1.936073,2.392079,4.978157,4.978157,4.978157,0.581487,0.580812,0.603204,0.738501,calls/second,milliseconds
1779201431,515,485.835638,1.724975,0.937547,0.666505,1.493987,1.936073,2.392079,4.978157,4.978157,4.978157,0.580830,0.580812,0.603204,0.738501,calls/second,milliseconds
1779201432,515,485.835638,1.724975,0.937547,0.666505,1.493987,1.936073,2.392079,4.978157,4.978157,4.978157,0.580174,0.580812,0.603204,0.738501,calls/second,milliseconds
1779201433,515,485.835638,1.724975,0.937547,0.666505,1.493987,1.936073,2.392079,4.978157,4.978157,4.978157,0.579521,0.580812,0.603204,0.738501,calls/second,milliseconds
1779201434,515,485.835638,1.724975,0.937547,0.666505,1.493987,1.936073,2.392079,4.978157,4.978157,4.978157,0.578868,0.580812,0.603204,0.738501,calls/second,milliseconds
1779201435,520,485.835638,1.808184,0.937547,0.834570,1.511027,1.965781,2.452632,5.166989,5.166989,5.166989,0.583831,0.534373,0.593234,0.734409,calls/second,milliseconds
1779201436,520,485.835638,1.808184,0.937547,0.834570,1.511027,1.965781,2.452632,5.166989,5.166989,5.166989,0.583175,0.534373,0.593234,0.734409,calls/second,milliseconds
1779201437,520,485.835638,1.808184,0.937547,0.834570,1.511027,1.965781,2.452632,5.166989,5.166989,5.166989,0.582521,0.534373,0.593234,0.734409,calls/second,milliseconds
1779201438,520,485.835638,1.808184,0.937547,0.834570,1.511027,1.965781,2.452632,5.166989,5.166989,5.166989,0.581868,0.534373,0.593234,0.734409,calls/second,milliseconds
1779201439,520,485.835638,1.808184,0.937547,0.834570,1.511027,1.965781,2.452632,5.166989,5.166989,5.166989,0.581217,0.534373,0.593234,0.734409,calls/second,milliseconds
1779201440,520,485.835638,1.808184,0.937547,0.834570,1.511027,1.965781,2.452632,5.166989,5.166989,5.166989,0.580567,0.571603,0.599958,0.735881,calls/second,milliseconds
1779201441,520,485.835638,1.808184,0.937547,0.834570,1.511027,1.965781,2.452632,5.166989,5.166989,5.166989,0.579918,0.571603,0.599958,0.735881,calls/second,milliseconds
1779201442,520,485.835638,1.808184,0.937547,0.834570,1.511027,1.965781,2.452632,5.166989,5.166989,5.166989,0.579271,0.571603,0.599958,0.735881,calls/second,milliseconds
1779201443,520,485.835638,1.808184,0.937547,0.834570,1.511027,1.965781,2.452632,5.166989,5.166989,5.166989,0.578622,0.571603,0.599958,0.735881,calls/second,milliseconds
1779201444,520,485.835638,1.808184,0.937547,0.834570,1.511027,1.965781,2.452632,5.166989,5.166989,5.166989,0.577978,0.571603,0.599958,0.735881,calls/second,milliseconds
1779201445,525,485.835638,1.838423,0.937547,0.899041,1.493987,2.115328,4.437949,5.166989,5.166989,5.166989,0.582887,0.605855,0.606570,0.737344,calls/second,milliseconds
1779201446,525,485.835638,1.838423,0.937547,0.899041,1.493987,2.115328,4.437949,5.166989,5.166989,5.166989,0.582240,0.605855,0.606570,0.737344,calls/second,milliseconds
1779201447,525,485.835638,1.838423,0.937547,0.899041,1.493987,2.115328,4.437949,5.166989,5.166989,5.166989,0.581594,0.605855,0.606570,0.737344,calls/second,milliseconds
1779201448,525,485.835638,1.838423,0.937547,0.899041,1.493987,2.115328,4.437949,5.166989,5.166989,5.166989,0.580949,0.605855,0.606570,0.737344,calls/second,milliseconds
1779201449,525,485.835638,1.838423,0.937547,0.899041,1.493987,2.115328,4.437949,5.166989,5.166989,5.166989,0.580306,0.605855,0.606570,0.737344,calls/second,milliseconds
1779201450,525,485.835638,1.838423,0.937547,0.899041,1.493987,2.115328,4.437949,5.166989,5.166989,5.166989,0.579665,0.557414,0.596544,0.733259,calls/second,milliseconds
1779201451,525,485.835638,1.838423,0.937547,0.899041,1.493987,2.115328,4.437949,5.166989,5.166989,5.166989,0.579025,0.557414,0.596544,0.733259,calls/second,milliseconds
1779201452,530,485.835638,1.774841,0.937547,0.864145,1.442951,1.936073,4.437949,4.978157,5.166989,5.166989,0.583894,0.557414,0.596544,0.733259,calls/second,milliseconds
1779201453,530,485.835638,1.774841,0.937547,0.864145,1.442951,1.936073,4.437949,4.978157,5.166989,5.166989,0.583251,0.557414,0.596544,0.733259,calls/second,milliseconds
1779201454,530,485.835638,1.774841,0.937547,0.864145,1.442951,1.936073,4.437949,4.978157,5.166989,5.166989,0.582609,0.557414,0.596544,0.733259,calls/second,milliseconds
1779201455,530,485.835638,1.774841,0.937547,0.864145,1.442951,1.936073,4.437949,4.978157,5.166989,5.166989,0.581968,0.592801,0.603212,0.734737,calls/second,milliseconds
1779201456,530,485.835638,1.774841,0.937547,0.864145,1.442951,1.936073,4.437949,4.978157,5.166989,5.166989,0.581329,0.592801,0.603212,0.734737,calls/second,milliseconds
1779201457,530,485.835638,1.774841,0.937547,0.864145,1.442951,1.936073,4.437949,4.978157,5.166989,5.166989,0.580691,0.592801,0.603212,0.734737,calls/second,milliseconds
1779201458,530,485.835638,1.774841,0.937547,0.864145,1.442951,1.936073,4.437949,4.978157,5.166989,5.166989,0.580054,0.592801,0.603212,0.734737,calls/second,milliseconds
1779201459,530,485.835638,1.774841,0.937547,0.864145,1.442951,1.936073,4.437949,4.978157,5.166989,5.166989,0.579419,0.592801,0.603212,0.734737,calls/second,milliseconds
1779201460,530,485.835638,1.774841,0.937547,0.864145,1.442951,1.936073,4.437949,4.978157,5.166989,5.166989,0.578786,0.545403,0.593242,0.730666,calls/second,milliseconds
1779201461,530,485.835638,1.774841,0.937547,0.864145,1.442951,1.936073,4.437949,4.978157,5.166989,5.166989,0.578153,0.545403,0.593242,0.730666,calls/second,milliseconds
1779201462,535,485.835638,1.738321,0.937547,0.825673,1.424810,1.936073,4.437949,4.978157,5.166989,5.166989,0.582970,0.545403,0.593242,0.730666,calls/second,milliseconds
1779201463,535,485.835638,1.738321,0.937547,0.825673,1.424810,1.936073,4.437949,4.978157,5.166989,5.166989,0.582335,0.545403,0.593242,0.730666,calls/second,milliseconds
1779201464,535,485.835638,1.738321,0.937547,0.825673,1.424810,1.936073,4.437949,4.978157,5.166989,5.166989,0.581701,0.545403,0.593242,0.730666,calls/second,milliseconds
1779201465,535,485.835638,1.738321,0.937547,0.825673,1.424810,1.936073,4.437949,4.978157,5.166989,5.166989,0.581068,0.581751,0.599965,0.732158,calls/second,milliseconds
1779201466,535,485.835638,1.738321,0.937547,0.825673,1.424810,1.936073,4.437949,4.978157,5.166989,5.166989,0.580437,0.581751,0.599965,0.732158,calls/second,milliseconds
1779201467,535,485.835638,1.738321,0.937547,0.825673,1.424810,1.936073,4.437949,4.978157,5.166989,5.166989,0.579807,0.581751,0.599965,0.732158,calls/second,milliseconds
1779201468,535,485.835638,1.738321,0.937547,0.825673,1.424810,1.936073,4.437949,4.978157,5.166989,5.166989,0.579179,0.581751,0.599965,0.732158,calls/second,milliseconds
1779201469,535,485.835638,1.738321,0.937547,0.825673,1.424810,1.936073,4.437949,4.978157,5.166989,5.166989,0.578551,0.581751,0.599965,0.732158,calls/second,milliseconds
1779201470,535,485.835638,1.738321,0.937547,0.825673,1.424810,1.936073,4.437949,4.978157,5.166989,5.166989,0.577926,0.535237,0.590049,0.728102,calls/second,milliseconds
1779201471,535,485.835638,1.738321,0.937547,0.825673,1.424810,1.936073,4.437949,4.978157,5.166989,5.166989,0.577301,0.535237,0.590049,0.728102,calls/second,milliseconds
1779201472,535,485.835638,1.738321,0.937547,0.825673,1.424810,1.936073,4.437949,4.978157,5.166989,5.166989,0.576678,0.535237,0.590049,0.728102,calls/second,milliseconds
1779201473,535,485.835638,1.738321,0.937547,0.825673,1.424810,1.936073,4.437949,4.978157,5.166989,5.166989,0.576056,0.535237,0.590049,0.728102,calls/second,milliseconds
1779201474,535,485.835638,1.738321,0.937547,0.825673,1.424810,1.936073,4.437949,4.978157,5.166989,5.166989,0.575436,0.535237,0.590049,0.728102,calls/second,milliseconds
1779201475,535,485.835638,1.738321,0.937547,0.825673,1.424810,1.936073,4.437949,4.978157,5.166989,5.166989,0.574817,0.492441,0.580296,0.724068,calls/second,milliseconds
1779201476,535,485.835638,1.738321,0.937547,0.825673,1.424810,1.936073,4.437949,4.978157,5.166989,5.166989,0.574199,0.492441,0.580296,0.724068,calls/second,milliseconds
1779201477,535,485.835638,1.738321,0.937547,0.825673,1.424810,1.936073,4.437949,4.978157,5.166989,5.166989,0.573583,0.492441,0.580296,0.724068,calls/second,milliseconds
1779201478,535,485.835638,1.738321,0.937547,0.825673,1.424810,1.936073,4.437949,4.978157,5.166989,5.166989,0.572967,0.492441,0.580296,0.724068,calls/second,milliseconds
1779201479,535,485.835638,1.738321,0.937547,0.825673,1.424810,1.936073,4.437949,4.978157,5.166989,5.166989,0.572354,0.492441,0.580296,0.724068,calls/second,milliseconds
1779201480,535,485.835638,1.738321,0.937547,0.825673,1.424810,1.936073,4.437949,4.978157,5.166989,5.166989,0.571741,0.453068,0.570705,0.720057,calls/second,milliseconds
