t,count,max,mean,min,stddev,p50,p75,p95,p98,p99,p999,mean_rate,m1_rate,m5_rate,m15_rate,rate_unit,duration_unit
1779200421,1,10.000000,10.000000,10.000000,0.000000,10.000000,10.000000,10.000000,10.000000,10.000000,10.000000,1.786108,0.000000,0.000000,0.000000,calls/second,milliseconds
1779200422,3,10.000000,8.995013,8.000000,0.815463,9.000000,10.000000,10.000000,10.000000,10.000000,10.000000,1.915435,0.000000,0.000000,0.000000,calls/second,milliseconds
1779200423,4,10.000000,8.996278,8.000000,0.704440,9.000000,9.000000,10.000000,10.000000,10.000000,10.000000,1.555265,0.000000,0.000000,0.000000,calls/second,milliseconds
1779200424,4,10.000000,8.996278,8.000000,0.704440,9.000000,9.000000,10.000000,10.000000,10.000000,10.000000,1.118408,0.000000,0.000000,0.000000,calls/second,milliseconds
1779200425,4,10.000000,8.996278,8.000000,0.704440,9.000000,9.000000,10.000000,10.000000,10.000000,10.000000,0.873129,0.000000,0.000000,0.000000,calls/second,milliseconds
1779200426,4,10.000000,8.996278,8.000000,0.704440,9.000000,9.000000,10.000000,10.000000,10.000000,10.000000,0.716191,0.800000,0.800000,0.800000,calls/second,milliseconds
1779200427,4,10.000000,8.996278,8.000000,0.704440,9.000000,9.000000,10.000000,10.000000,10.000000,10.000000,0.607136,0.800000,0.800000,0.800000,calls/second,milliseconds
1779200428,4,10.000000,8.996278,8.000000,0.704440,9.000000,9.000000,10.000000,10.000000,10.000000,10.000000,0.526858,0.800000,0.800000,0.800000,calls/second,milliseconds
1779200429,4,10.000000,8.996278,8.000000,0.704440,9.000000,9.000000,10.000000,10.000000,10.000000,10.000000,0.465357,0.800000,0.800000,0.800000,calls/second,milliseconds
1779200430,4,10.000000,8.996278,8.000000,0.704440,9.000000,9.000000,10.000000,10.000000,10.000000,10.000000,0.416700,0.800000,0.800000,0.800000,calls/second,milliseconds
1779200431,4,10.000000,8.996278,8.000000,0.704440,9.000000,9.000000,10.000000,10.000000,10.000000,10.000000,0.377260,0.736036,0.786777,0.795568,calls/second,milliseconds
1779200432,4,10.000000,8.996278,8.000000,0.704440,9.000000,9.000000,10.000000,10.000000,10.000000,10.000000,0.344671,0.736036,0.786777,0.795568,calls/second,milliseconds
1779200433,4,10.000000,8.996278,8.000000,0.704440,9.000000,9.000000,10.000000,10.000000,10.000000,10.000000,0.317269,0.736036,0.786777,0.795568,calls/second,milliseconds
1779200434,4,10.000000,8.996278,8.000000,0.704440,9.000000,9.000000,10.000000,10.000000,10.000000,10.000000,0.293900,0.736036,0.786777,0.795568,calls/second,milliseconds
1779200435,4,10.000000,8.996278,8.000000,0.704440,9.000000,9.000000,10.000000,10.000000,10.000000,10.000000,0.273735,0.736036,0.786777,0.795568,calls/second,milliseconds
1779200436,4,10.000000,8.996278,8.000000,0.704440,9.000000,9.000000,10.000000,10.000000,10.000000,10.000000,0.256162,0.677185,0.773773,0.791160,calls/second,milliseconds
1779200437,4,10.000000,8.996278,8.000000,0.704440,9.000000,9.000000,10.000000,10.000000,10.000000,10.000000,0.240710,0.677185,0.773773,0.791160,calls/second,milliseconds
1779200438,4,10.000000,8.996278,8.000000,0.704440,9.000000,9.000000,10.000000,10.000000,10.000000,10.000000,0.227016,0.677185,0.773773,0.791160,calls/second,milliseconds
1779200439,4,10.000000,8.996278,8.000000,0.704440,9.000000,9.000000,10.000000,10.000000,10.000000,10.000000,0.214787,0.677185,0.773773,0.791160,calls/second,milliseconds
1779200440,4,10.000000,8.996278,8.000000,0.704440,9.000000,9.000000,10.000000,10.000000,10.000000,10.000000,0.203814,0.677185,0.773773,0.791160,calls/second,milliseconds
1779200441,4,10.000000,8.996278,8.000000,0.704440,9.000000,9.000000,10.000000,10.000000,10.000000,10.000000,0.193905,0.623041,0.760984,0.786777,calls/second,milliseconds
1779200442,4,10.000000,8.996278,8.000000,0.704440,9.000000,9.000000,10.000000,10.000000,10.000000,10.000000,0.184919,0.623041,0.760984,0.786777,calls/second,milliseconds
1779200443,4,10.000000,8.996278,8.000000,0.704440,9.000000,9.000000,10.000000,10.000000,10.000000,10.000000,0.176729,0.623041,0.760984,0.786777,calls/second,milliseconds
1779200444,4,10.000000,8.996278,8.000000,0.704440,9.000000,9.000000,10.000000,10.000000,10.000000,10.000000,0.169236,0.623041,0.760984,0.786777,calls/second,milliseconds
1779200445,4,10.000000,8.996278,8.000000,0.704440,9.000000,9.000000,10.000000,10.000000,10.000000,10.000000,0.162344,0.623041,0.760984,0.786777,calls/second,milliseconds
1779200446,4,10.000000,8.996278,8.000000,0.704440,9.000000,9.000000,10.000000,10.000000,10.000000,10.000000,0.155998,0.573225,0.748406,0.782418,calls/second,milliseconds
1779200447,4,10.000000,8.996278,8.000000,0.704440,9.000000,9.000000,10.000000,10.000000,10.000000,10.000000,0.150123,0.573225,0.748406,0.782418,calls/second,milliseconds
1779200448,4,10.000000,8.996278,8.000000,0.704440,9.000000,9.000000,10.000000,10.000000,10.000000,10.000000,0.144678,0.573225,0.748406,0.782418,calls/second,milliseconds
1779200449,4,10.000000,8.996278,8.000000,0.704440,9.000000,9.000000,10.000000,10.000000,10.000000,10.000000,0.139615,0.573225,0.748406,0.782418,calls/second,milliseconds
1779200450,4,10.000000,8.996278,8.000000,0.704440,9.000000,9.000000,10.000000,10.000000,10.000000,10.000000,0.134895,0.573225,0.748406,0.782418,calls/second,milliseconds
1779200451,4,10.000000,8.996278,8.000000,0.704440,9.000000,9.000000,10.000000,10.000000,10.000000,10.000000,0.130479,0.527393,0.736036,0.778084,calls/second,milliseconds
1779200452,4,10.000000,8.996278,8.000000,0.704440,9.000000,9.000000,10.000000,10.000000,10.000000,10.000000,0.126349,0.527393,0.736036,0.778084,calls/second,milliseconds
1779200453,4,10.000000,8.996278,8.000000,0.704440,9.000000,9.000000,10.000000,10.000000,10.000000,10.000000,0.122469,0.527393,0.736036,0.778084,calls/second,milliseconds
1779200454,4,10.000000,8.996278,8.000000,0.704440,9.000000,9.000000,10.000000,10.000000,10.000000,10.000000,0.118819,0.527393,0.736036,0.778084,calls/second,milliseconds
1779200455,4,10.000000,8.996278,8.000000,0.704440,9.000000,9.000000,10.000000,10.000000,10.000000,10.000000,0.115383,0.527393,0.736036,0.778084,calls/second,milliseconds
1779200456,4,10.000000,8.996278,8.000000,0.704440,9.000000,9.000000,10.000000,10.000000,10.000000,10.000000,0.112141,0.485225,0.723870,0.773773,calls/second,milliseconds
1779200457,4,10.000000,8.996278,8.000000,0.704440,9.000000,9.000000,10.000000,10.000000,10.000000,10.000000,0.109075,0.485225,0.723870,0.773773,calls/second,milliseconds
1779200458,4,10.000000,8.996278,8.000000,0.704440,9.000000,9.000000,10.000000,10.000000,10.000000,10.000000,0.106172,0.485225,0.723870,0.773773,calls/second,milliseconds
1779200459,4,10.000000,8.996278,8.000000,0.704440,9.000000,9.000000,10.000000,10.000000,10.000000,10.000000,0.103420,0.485225,0.723870,0.773773,calls/second,milliseconds
1779200460,4,10.000000,8.996278,8.000000,0.704440,9.000000,9.000000,10.000000,10.000000,10.000000,10.000000,0.100807,0.485225,0.723870,0.773773,calls/second,milliseconds
1779200461,4,10.000000,8.996278,8.000000,0.704440,9.000000,9.000000,10.000000,10.000000,10.000000,10.000000,0.098322,0.446428,0.711905,0.769486,calls/second,milliseconds
1779200462,4,10.000000,8.996278,8.000000,0.704440,9.000000,9.000000,10.000000,10.000000,10.000000,10.000000,0.095958,0.446428,0.711905,0.769486,calls/second,milliseconds
1779200463,4,10.000000,8.996278,8.000000,0.704440,9.000000,9.000000,10.000000,10.000000,10.000000,10.000000,0.093705,0.446428,0.711905,0.769486,calls/second,milliseconds
1779200464,4,10.000000,8.996278,8.000000,0.704440,9.000000,9.000000,10.000000,10.000000,10.000000,10.000000,0.091556,0.446428,0.711905,0.769486,calls/second,milliseconds
1779200465,4,10.000000,8.996278,8.000000,0.704440,9.000000,9.000000,10.000000,10.000000,10.000000,10.000000,0.089503,0.446428,0.711905,0.769486,calls/second,milliseconds
1779200466,4,10.000000,8.996278,8.000000,0.704440,9.000000,9.000000,10.000000,10.000000,10.000000,10.000000,0.087541,0.410734,0.700139,0.765223,calls/second,milliseconds
1779200467,4,10.000000,8.996278,8.000000,0.704440,9.000000,9.000000,10.000000,10.000000,10.000000,10.000000,0.085663,0.410734,0.700139,0.765223,calls/second,milliseconds
1779200468,4,10.000000,8.996278,8.000000,0.704440,9.000000,9.000000,10.000000,10.000000,10.000000,10.000000,0.083863,0.410734,0.700139,0.765223,calls/second,milliseconds
1779200469,4,10.000000,8.996278,8.000000,0.704440,9.000000,9.000000,10.000000,10.000000,10.000000,10.000000,0.082138,0.410734,0.700139,0.765223,calls/second,milliseconds
1779200470,4,10.000000,8.996278,8.000000,0.704440,9.000000,9.000000,10.000000,10.000000,10.000000,10.000000,0.080482,0.410734,0.700139,0.765223,calls/second,milliseconds
1779200471,5,12.000000,10.025609,8.000000,1.535736,10.000000,12.000000,12.000000,12.000000,12.000000,12.000000,0.098590,0.377893,0.688566,0.760984,calls/second,milliseconds
1779200472,5,12.000000,10.025609,8.000000,1.535736,10.000000,12.000000,12.000000,12.000000,12.000000,12.000000,0.096679,0.377893,0.688566,0.760984,calls/second,milliseconds
1779200473,5,12.000000,10.025609,8.000000,1.535736,10.000000,12.000000,12.000000,12.000000,12.000000,12.000000,0.094841,0.377893,0.688566,0.760984,calls/second,milliseconds
1779200474,5,12.000000,10.025609,8.000000,1.535736,10.000000,12.000000,12.000000,12.000000,12.000000,12.000000,0.093071,0.377893,0.688566,0.760984,calls/second,milliseconds
1779200475,5,12.000000,10.025609,8.000000,1.535736,10.000000,12.000000,12.000000,12.000000,12.000000,12.000000,0.091368,0.377893,0.688566,0.760984,calls/second,milliseconds
1779200476,5,12.000000,10.025609,8.000000,1.535736,10.000000,12.000000,12.000000,12.000000,12.000000,12.000000,0.089724,0.363670,0.680491,0.757876,calls/second,milliseconds
1779200477,5,12.000000,10.025609,8.000000,1.535736,10.000000,12.000000,12.000000,12.000000,12.000000,12.000000,0.088140,0.363670,0.680491,0.757876,calls/second,milliseconds
1779200478,5,12.000000,10.025609,8.000000,1.535736,10.000000,12.000000,12.000000,12.000000,12.000000,12.000000,0.086610,0.363670,0.680491,0.757876,calls/second,milliseconds
1779200479,5,12.000000,10.025609,8.000000,1.535736,10.000000,12.000000,12.000000,12.000000,12.000000,12.000000,0.085133,0.363670,0.680491,0.757876,calls/second,milliseconds
1779200480,5,12.000000,10.025609,8.000000,1.535736,10.000000,12.000000,12.000000,12.000000,12.000000,12.000000,0.083706,0.363670,0.680491,0.757876,calls/second,milliseconds
1779200481,5,12.000000,10.025609,8.000000,1.535736,10.000000,12.000000,12.000000,12.000000,12.000000,12.000000,0.082325,0.334592,0.669244,0.753677,calls/second,milliseconds
1779200482,5,12.000000,10.025609,8.000000,1.535736,10.000000,12.000000,12.000000,12.000000,12.000000,12.000000,0.080989,0.334592,0.669244,0.753677,calls/second,milliseconds
1779200483,5,12.000000,10.025609,8.000000,1.535736,10.000000,12.000000,12.000000,12.000000,12.000000,12.000000,0.079696,0.334592,0.669244,0.753677,calls/second,milliseconds
1779200484,5,12.000000,10.025609,8.000000,1.535736,10.000000,12.000000,12.000000,12.000000,12.000000,12.000000,0.078442,0.334592,0.669244,0.753677,calls/second,milliseconds
1779200485,5,12.000000,10.025609,8.000000,1.535736,10.000000,12.000000,12.000000,12.000000,12.000000,12.000000,0.077228,0.334592,0.669244,0.753677,calls/second,milliseconds
1779200486,5,12.000000,10.025609,8.000000,1.535736,10.000000,12.000000,12.000000,12.000000,12.000000,12.000000,0.076052,0.307840,0.658182,0.749501,calls/second,milliseconds
1779200487,5,12.000000,10.025609,8.000000,1.535736,10.000000,12.000000,12.000000,12.000000,12.000000,12.000000,0.074910,0.307840,0.658182,0.749501,calls/second,milliseconds
1779200488,5,12.000000,10.025609,8.000000,1.535736,10.000000,12.000000,12.000000,12.000000,12.000000,12.000000,0.073802,0.307840,0.658182,0.749501,calls/second,milliseconds
1779200489,5,12.000000,10.025609,8.000000,1.535736,10.000000,12.000000,12.000000,12.000000,12.000000,12.000000,0.072727,0.307840,0.658182,0.749501,calls/second,milliseconds
1779200490,5,12.000000,10.025609,8.000000,1.535736,10.000000,12.000000,12.000000,12.000000,12.000000,12.000000,0.071682,0.307840,0.658182,0.749501,calls/second,milliseconds
1779200491,5,12.000000,10.025609,8.000000,1.535736,10.000000,12.000000,12.000000,12.000000,12.000000,12.000000,0.070667,0.283226,0.647303,0.745349,calls/second,milliseconds
1779200492,5,12.000000,10.025609,8.000000,1.535736,10.000000,12.000000,12.000000,12.000000,12.000000,12.000000,0.069681,0.283226,0.647303,0.745349,calls/second,milliseconds
1779200493,5,12.000000,10.025609,8.000000,1.535736,10.000000,12.000000,12.000000,12.000000,12.000000,12.000000,0.068722,0.283226,0.647303,0.745349,calls/second,milliseconds
1779200494,5,12.000000,10.025609,8.000000,1.535736,10.000000,12.000000,12.000000,12.000000,12.000000,12.000000,0.067788,0.283226,0.647303,0.745349,calls/second,milliseconds
1779200495,5,12.000000,10.025609,8.000000,1.535736,10.000000,12.000000,12.000000,12.000000,12.000000,12.000000,0.066880,0.283226,0.647303,0.745349,calls/second,milliseconds
1779200496,5,12.000000,10.025609,8.000000,1.535736,10.000000,12.000000,12.000000,12.000000,12.000000,12.000000,0.065995,0.260581,0.636604,0.741220,calls/second,milliseconds
1779200497,5,12.000000,10.025609,8.000000,1.535736,10.000000,12.000000,12.000000,12.000000,12.000000,12.000000,0.065134,0.260581,0.636604,0.741220,calls/second,milliseconds
1779200498,5,12.000000,10.025609,8.000000,1.535736,10.000000,12.000000,12.000000,12.000000,12.000000,12.000000,0.064295,0.260581,0.636604,0.741220,calls/second,milliseconds
1779200499,5,12.000000,10.025609,8.000000,1.535736,10.000000,12.000000,12.000000,12.000000,12.000000,12.000000,0.063477,0.260581,0.636604,0.741220,calls/second,milliseconds
1779200500,5,12.000000,10.025609,8.000000,1.535736,10.000000,12.000000,12.000000,12.000000,12.000000,12.000000,0.062680,0.260581,0.636604,0.741220,calls/second,milliseconds
1779200501,5,12.000000,10.025609,8.000000,1.535736,10.000000,12.000000,12.000000,12.000000,12.000000,12.000000,0.061902,0.239746,0.626082,0.737113,calls/second,milliseconds
1779200502,5,12.000000,10.025609,8.000000,1.535736,10.000000,12.000000,12.000000,12.000000,12.000000,12.000000,0.061144,0.239746,0.626082,0.737113,calls/second,milliseconds
1779200503,5,12.000000,10.025609,8.000000,1.535736,10.000000,12.000000,12.000000,12.000000,12.000000,12.000000,0.060404,0.239746,0.626082,0.737113,calls/second,milliseconds
1779200504,5,12.000000,10.025609,8.000000,1.535736,10.000000,12.000000,12.000000,12.000000,12.000000,12.000000,0.059682,0.239746,0.626082,0.737113,calls/second,milliseconds
1779200505,5,12.000000,10.025609,8.000000,1.535736,10.000000,12.000000,12.000000,12.000000,12.000000,12.000000,0.058977,0.239746,0.626082,0.737113,calls/second,milliseconds
1779200506,5,12.000000,10.025609,8.000000,1.535736,10.000000,12.000000,12.000000,12.000000,12.000000,12.000000,0.058288,0.220577,0.615734,0.733029,calls/second,milliseconds
1779200507,5,12.000000,10.025609,8.000000,1.535736,10.000000,12.000000,12.000000,12.000000,12.000000,12.000000,0.057615,0.220577,0.615734,0.733029,calls/second,milliseconds
1779200508,5,12.000000,10.025609,8.000000,1.535736,10.000000,12.000000,12.000000,12.000000,12.000000,12.000000,0.056958,0.220577,0.615734,0.733029,calls/second,milliseconds
1779200509,5,12.000000,10.025609,8.000000,1.535736,10.000000,12.000000,12.000000,12.000000,12.000000,12.000000,0.056315,0.220577,0.615734,0.733029,calls/second,milliseconds
1779200510,5,12.000000,10.025609,8.000000,1.535736,10.000000,12.000000,12.000000,12.000000,12.000000,12.000000,0.055686,0.220577,0.615734,0.733029,calls/second,milliseconds
1779200511,5,12.000000,10.025609,8.000000,1.535736,10.000000,12.000000,12.000000,12.000000,12.000000,12.000000,0.055072,0.202940,0.605557,0.728968,calls/second,milliseconds
1779200512,5,12.000000,10.025609,8.000000,1.535736,10.000000,12.000000,12.000000,12.000000,12.000000,12.000000,0.054471,0.202940,0.605557,0.728968,calls/second,milliseconds
1779200513,5,12.000000,10.025609,8.000000,1.535736,10.000000,12.000000,12.000000,12.000000,12.000000,12.000000,0.053883,0.202940,0.605557,0.728968,calls/second,milliseconds
1779200514,5,12.000000,10.025609,8.000000,1.535736,10.000000,12.000000,12.000000,12.000000,12.000000,12.000000,0.053308,0.202940,0.605557,0.728968,calls/second,milliseconds
1779200515,5,12.000000,10.025609,8.000000,1.535736,10.000000,12.000000,12.000000,12.000000,12.000000,12.000000,0.052744,0.202940,0.605557,0.728968,calls/second,milliseconds
1779200516,5,12.000000,10.025609,8.000000,1.535736,10.000000,12.000000,12.000000,12.000000,12.000000,12.000000,0.052192,0.186714,0.595548,0.724930,calls/second,milliseconds
1779200517,5,12.000000,10.025609,8.000000,1.535736,10.000000,12.000000,12.000000,12.000000,12.000000,12.000000,0.051652,0.186714,0.595548,0.724930,calls/second,milliseconds
1779200518,5,12.000000,10.025609,8.000000,1.535736,10.000000,12.000000,12.000000,12.000000,12.000000,12.000000,0.051124,0.186714,0.595548,0.724930,calls/second,milliseconds
1779200520,5,12.000000,10.025609,8.000000,1.535736,10.000000,12.000000,12.000000,12.000000,12.000000,12.000000,0.050605,0.186714,0.595548,0.724930,calls/second,milliseconds
1779200521,5,12.000000,10.025609,8.000000,1.535736,10.000000,12.000000,12.000000,12.000000,12.000000,12.000000,0.050097,0.186714,0.595548,0.724930,calls/second,milliseconds
1779200522,5,12.000000,10.025609,8.000000,1.535736,10.000000,12.000000,12.000000,12.000000,12.000000,12.000000,0.049599,0.171785,0.585704,0.720914,calls/second,milliseconds
1779200523,5,12.000000,10.025609,8.000000,1.535736,10.000000,12.000000,12.000000,12.000000,12.000000,12.000000,0.049111,0.171785,0.585704,0.720914,calls/second,milliseconds
1779200524,5,12.000000,10.025609,8.000000,1.535736,10.000000,12.000000,12.000000,12.000000,12.000000,12.000000,0.048633,0.171785,0.585704,0.720914,calls/second,milliseconds
1779200525,5,12.000000,10.025609,8.000000,1.535736,10.000000,12.000000,12.000000,12.000000,12.000000,12.000000,0.048164,0.171785,0.585704,0.720914,calls/second,milliseconds
1779200526,5,12.000000,10.025609,8.000000,1.535736,10.000000,12.000000,12.000000,12.000000,12.000000,12.000000,0.047703,0.171785,0.585704,0.720914,calls/second,milliseconds
1779200527,5,12.000000,10.025609,8.000000,1.535736,10.000000,12.000000,12.000000,12.000000,12.000000,12.000000,0.047252,0.158050,0.576023,0.716920,calls/second,milliseconds
1779200528,5,12.000000,10.025609,8.000000,1.535736,10.000000,12.000000,12.000000,12.000000,12.000000,12.000000,0.046809,0.158050,0.576023,0.716920,calls/second,milliseconds
1779200529,5,12.000000,10.025609,8.000000,1.535736,10.000000,12.000000,12.000000,12.000000,12.000000,12.000000,0.046374,0.158050,0.576023,0.716920,calls/second,milliseconds
1779200530,5,12.000000,10.025609,8.000000,1.535736,10.000000,12.000000,12.000000,12.000000,12.000000,12.000000,0.045947,0.158050,0.576023,0.716920,calls/second,milliseconds
1779200531,5,12.000000,10.025609,8.000000,1.535736,10.000000,12.000000,12.000000,12.000000,12.000000,12.000000,0.045528,0.158050,0.576023,0.716920,calls/second,milliseconds
1779200532,5,12.000000,10.025609,8.000000,1.535736,10.000000,12.000000,12.000000,12.000000,12.000000,12.000000,0.045116,0.145413,0.566502,0.712948,calls/second,milliseconds
1779200533,5,12.000000,10.025609,8.000000,1.535736,10.000000,12.000000,12.000000,12.000000,12.000000,12.000000,0.044712,0.145413,0.566502,0.712948,calls/second,milliseconds
1779200534,5,12.000000,10.025609,8.000000,1.535736,10.000000,12.000000,12.000000,12.000000,12.000000,12.000000,0.044315,0.145413,0.566502,0.712948,calls/second,milliseconds
1779200535,5,12.000000,10.025609,8.000000,1.535736,10.000000,12.000000,12.000000,12.000000,12.000000,12.000000,0.043925,0.145413,0.566502,0.712948,calls/second,milliseconds
1779200536,5,12.000000,10.025609,8.000000,1.535736,10.000000,12.000000,12.000000,12.000000,12.000000,12.000000,0.043542,0.145413,0.566502,0.712948,calls/second,milliseconds
1779200537,5,12.000000,10.025609,8.000000,1.535736,10.000000,12.000000,12.000000,12.000000,12.000000,12.000000,0.043166,0.133787,0.557139,0.708998,calls/second,milliseconds
1779200538,5,12.000000,10.025609,8.000000,1.535736,10.000000,12.000000,12.000000,12.000000,12.000000,12.000000,0.042795,0.133787,0.557139,0.708998,calls/second,milliseconds
1779200539,5,12.000000,10.025609,8.000000,1.535736,10.000000,12.000000,12.000000,12.000000,12.000000,12.000000,0.042431,0.133787,0.557139,0.708998,calls/second,milliseconds
1779200540,5,12.000000,10.025609,8.000000,1.535736,10.000000,12.000000,12.000000,12.000000,12.000000,12.000000,0.042074,0.133787,0.557139,0.708998,calls/second,milliseconds
1779200541,5,12.000000,10.025609,8.000000,1.535736,10.000000,12.000000,12.000000,12.000000,12.000000,12.000000,0.041722,0.133787,0.557139,0.708998,calls/second,milliseconds
1779200542,5,12.000000,10.025609,8.000000,1.535736,10.000000,12.000000,12.000000,12.000000,12.000000,12.000000,0.041376,0.123090,0.547930,0.705070,calls/second,milliseconds
1779200543,5,12.000000,10.025609,8.000000,1.535736,10.000000,12.000000,12.000000,12.000000,12.000000,12.000000,0.041036,0.123090,0.547930,0.705070,calls/second,milliseconds
1779200544,5,12.000000,10.025609,8.000000,1.535736,10.000000,12.000000,12.000000,12.000000,12.000000,12.000000,0.040701,0.123090,0.547930,0.705070,calls/second,milliseconds
1779200545,5,12.000000,10.025609,8.000000,1.535736,10.000000,12.000000,12.000000,12.000000,12.000000,12.000000,0.040372,0.123090,0.547930,0.705070,calls/second,milliseconds
1779200546,5,12.000000,10.025609,8.000000,1.535736,10.000000,12.000000,12.000000,12.000000,12.000000,12.000000,0.040049,0.123090,0.547930,0.705070,calls/second,milliseconds
1779200547,5,12.000000,10.025609,8.000000,1.535736,10.000000,12.000000,12.000000,12.000000,12.000000,12.000000,0.039730,0.113248,0.538874,0.701164,calls/second,milliseconds
1779200548,5,12.000000,10.025609,8.000000,1.535736,10.000000,12.000000,12.000000,12.000000,12.000000,12.000000,0.039416,0.113248,0.538874,0.701164,calls/second,milliseconds
1779200549,5,12.000000,10.025609,8.000000,1.535736,10.000000,12.000000,12.000000,12.000000,12.000000,12.000000,0.039107,0.113248,0.538874,0.701164,calls/second,milliseconds
1779200550,5,12.000000,10.025609,8.000000,1.535736,10.000000,12.000000,12.000000,12.000000,12.000000,12.000000,0.038803,0.113248,0.538874,0.701164,calls/second,milliseconds
1779200551,5,12.000000,10.025609,8.000000,1.535736,10.000000,12.000000,12.000000,12.000000,12.000000,12.000000,0.038504,0.113248,0.538874,0.701164,calls/second,milliseconds
1779200552,5,12.000000,10.025609,8.000000,1.535736,10.000000,12.000000,12.000000,12.000000,12.000000,12.000000,0.038209,0.104193,0.529967,0.697279,calls/second,milliseconds
1779200553,5,12.000000,10.025609,8.000000,1.535736,10.000000,12.000000,12.000000,12.000000,12.000000,12.000000,0.037919,0.104193,0.529967,0.697279,calls/second,milliseconds
1779200554,5,12.000000,10.025609,8.000000,1.535736,10.000000,12.000000,12.000000,12.000000,12.000000,12.000000,0.037633,0.104193,0.529967,0.697279,calls/second,milliseconds
1779200555,5,12.000000,10.025609,8.000000,1.535736,10.000000,12.000000,12.000000,12.000000,12.000000,12.000000,0.037352,0.104193,0.529967,0.697279,calls/second,milliseconds
1779200556,5,12.000000,10.025609,8.000000,1.535736,10.000000,12.000000,12.000000,12.000000,12.000000,12.000000,0.037074,0.104193,0.529967,0.697279,calls/second,milliseconds
1779200557,5,12.000000,10.025609,8.000000,1.535736,10.000000,12.000000,12.000000,12.000000,12.000000,12.000000,0.036801,0.095862,0.521207,0.693416,calls/second,milliseconds
1779200558,5,12.000000,10.025609,8.000000,1.535736,10.000000,12.000000,12.000000,12.000000,12.000000,12.000000,0.036532,0.095862,0.521207,0.693416,calls/second,milliseconds
1779200559,5,12.000000,10.025609,8.000000,1.535736,10.000000,12.000000,12.000000,12.000000,12.000000,12.000000,0.036266,0.095862,0.521207,0.693416,calls/second,milliseconds
1779200560,5,12.000000,10.025609,8.000000,1.535736,10.000000,12.000000,12.000000,12.000000,12.000000,12.000000,0.036005,0.095862,0.521207,0.693416,calls/second,milliseconds
1779200561,5,12.000000,10.025609,8.000000,1.535736,10.000000,12.000000,12.000000,12.000000,12.000000,12.000000,0.035747,0.095862,0.521207,0.693416,calls/second,milliseconds
1779200562,5,12.000000,10.025609,8.000000,1.535736,10.000000,12.000000,12.000000,12.000000,12.000000,12.000000,0.035493,0.088198,0.512593,0.689575,calls/second,milliseconds
1779200563,5,12.000000,10.025609,8.000000,1.535736,10.000000,12.000000,12.000000,12.000000,12.000000,12.000000,0.035242,0.088198,0.512593,0.689575,calls/second,milliseconds
1779200564,5,12.000000,10.025609,8.000000,1.535736,10.000000,12.000000,12.000000,12.000000,12.000000,12.000000,0.034995,0.088198,0.512593,0.689575,calls/second,milliseconds
1779200565,5,12.000000,10.025609,8.000000,1.535736,10.000000,12.000000,12.000000,12.000000,12.000000,12.000000,0.034752,0.088198,0.512593,0.689575,calls/second,milliseconds
1779200566,5,12.000000,10.025609,8.000000,1.535736,10.000000,12.000000,12.000000,12.000000,12.000000,12.000000,0.034511,0.088198,0.512593,0.689575,calls/second,milliseconds
1779200567,5,12.000000,10.025609,8.000000,1.535736,10.000000,12.000000,12.000000,12.000000,12.000000,12.000000,0.034274,0.081146,0.504120,0.685754,calls/second,milliseconds
1779200568,5,12.000000,10.025609,8.000000,1.535736,10.000000,12.000000,12.000000,12.000000,12.000000,12.000000,0.034041,0.081146,0.504120,0.685754,calls/second,milliseconds
1779200569,5,12.000000,10.025609,8.000000,1.535736,10.000000,12.000000,12.000000,12.000000,12.000000,12.000000,0.033810,0.081146,0.504120,0.685754,calls/second,milliseconds
1779200570,5,12.000000,10.025609,8.000000,1.535736,10.000000,12.000000,12.000000,12.000000,12.000000,12.000000,0.033583,0.081146,0.504120,0.685754,calls/second,milliseconds
1779200571,5,12.000000,10.025609,8.000000,1.535736,10.000000,12.000000,12.000000,12.000000,12.000000,12.000000,0.033358,0.081146,0.504120,0.685754,calls/second,milliseconds
1779200572,5,12.000000,10.025609,8.000000,1.535736,10.000000,12.000000,12.000000,12.000000,12.000000,12.000000,0.033137,0.074658,0.495788,0.681955,calls/second,milliseconds
1779200573,5,12.000000,10.025609,8.000000,1.535736,10.000000,12.000000,12.000000,12.000000,12.000000,12.000000,0.032918,0.074658,0.495788,0.681955,calls/second,milliseconds
1779200574,5,12.000000,10.025609,8.000000,1.535736,10.000000,12.000000,12.000000,12.000000,12.000000,12.000000,0.032703,0.074658,0.495788,0.681955,calls/second,milliseconds
1779200575,5,12.000000,10.025609,8.000000,1.535736,10.000000,12.000000,12.000000,12.000000,12.000000,12.000000,0.032490,0.074658,0.495788,0.681955,calls/second,milliseconds
1779200576,5,12.000000,10.025609,8.000000,1.535736,10.000000,12.000000,12.000000,12.000000,12.000000,12.000000,0.032280,0.074658,0.495788,0.681955,calls/second,milliseconds
1779200577,5,12.000000,10.025609,8.000000,1.535736,10.000000,12.000000,12.000000,12.000000,12.000000,12.000000,0.032072,0.068688,0.487593,0.678177,calls/second,milliseconds
1779200578,5,12.000000,10.025609,8.000000,1.535736,10.000000,12.000000,12.000000,12.000000,12.000000,12.000000,0.031868,0.068688,0.487593,0.678177,calls/second,milliseconds
1779200579,5,12.000000,10.025609,8.000000,1.535736,10.000000,12.000000,12.000000,12.000000,12.000000,12.000000,0.031666,0.068688,0.487593,0.678177,calls/second,milliseconds
1779200580,5,12.000000,10.025609,8.000000,1.535736,10.000000,12.000000,12.000000,12.000000,12.000000,12.000000,0.031466,0.068688,0.487593,0.678177,calls/second,milliseconds
1779200581,6,12.000000,8.727497,8.000000,1.338440,8.000000,9.000000,12.000000,12.000000,12.000000,12.000000,0.037521,0.068688,0.487593,0.678177,calls/second,milliseconds
1779200582,6,12.000000,8.727497,8.000000,1.338440,8.000000,9.000000,12.000000,12.000000,12.000000,12.000000,0.037287,0.079187,0.482840,0.675528,calls/second,milliseconds
1779200583,6,12.000000,8.727497,8.000000,1.338440,8.000000,9.000000,12.000000,12.000000,12.000000,12.000000,0.037056,0.079187,0.482840,0.675528,calls/second,milliseconds
1779200584,6,12.000000,8.727497,8.000000,1.338440,8.000000,9.000000,12.000000,12.000000,12.000000,12.000000,0.036829,0.079187,0.482840,0.675528,calls/second,milliseconds
1779200585,6,12.000000,8.727497,8.000000,1.338440,8.000000,9.000000,12.000000,12.000000,12.000000,12.000000,0.036604,0.079187,0.482840,0.675528,calls/second,milliseconds
1779200586,6,12.000000,8.727497,8.000000,1.338440,8.000000,9.000000,12.000000,12.000000,12.000000,12.000000,0.036381,0.079187,0.482840,0.675528,calls/second,milliseconds
1779200587,6,12.000000,8.727497,8.000000,1.338440,8.000000,9.000000,12.000000,12.000000,12.000000,12.000000,0.036162,0.072856,0.474859,0.671785,calls/second,milliseconds
1779200588,6,12.000000,8.727497,8.000000,1.338440,8.000000,9.000000,12.000000,12.000000,12.000000,12.000000,0.035945,0.072856,0.474859,0.671785,calls/second,milliseconds
1779200589,6,12.000000,8.727497,8.000000,1.338440,8.000000,9.000000,12.000000,12.000000,12.000000,12.000000,0.035730,0.072856,0.474859,0.671785,calls/second,milliseconds
1779200590,6,12.000000,8.727497,8.000000,1.338440,8.000000,9.000000,12.000000,12.000000,12.000000,12.000000,0.035519,0.072856,0.474859,0.671785,calls/second,milliseconds
1779200591,6,12.000000,8.727497,8.000000,1.338440,8.000000,9.000000,12.000000,12.000000,12.000000,12.000000,0.035309,0.072856,0.474859,0.671785,calls/second,milliseconds
1779200592,6,12.000000,8.727497,8.000000,1.338440,8.000000,9.000000,12.000000,12.000000,12.000000,12.000000,0.035102,0.067031,0.467010,0.668063,calls/second,milliseconds
1779200593,6,12.000000,8.727497,8.000000,1.338440,8.000000,9.000000,12.000000,12.000000,12.000000,12.000000,0.034898,0.067031,0.467010,0.668063,calls/second,milliseconds
1779200594,6,12.000000,8.727497,8.000000,1.338440,8.000000,9.000000,12.000000,12.000000,12.000000,12.000000,0.034696,0.067031,0.467010,0.668063,calls/second,milliseconds
1779200595,6,12.000000,8.727497,8.000000,1.338440,8.000000,9.000000,12.000000,12.000000,12.000000,12.000000,0.034496,0.067031,0.467010,0.668063,calls/second,milliseconds
1779200596,6,12.000000,8.727497,8.000000,1.338440,8.000000,9.000000,12.000000,12.000000,12.000000,12.000000,0.034298,0.067031,0.467010,0.668063,calls/second,milliseconds
1779200597,6,12.000000,8.727497,8.000000,1.338440,8.000000,9.000000,12.000000,12.000000,12.000000,12.000000,0.034103,0.061671,0.459291,0.664362,calls/second,milliseconds
1779200598,6,12.000000,8.727497,8.000000,1.338440,8.000000,9.000000,12.000000,12.000000,12.000000,12.000000,0.033910,0.061671,0.459291,0.664362,calls/second,milliseconds
1779200599,6,12.000000,8.727497,8.000000,1.338440,8.000000,9.000000,12.000000,12.000000,12.000000,12.000000,0.033719,0.061671,0.459291,0.664362,calls/second,milliseconds
1779200600,6,12.000000,8.727497,8.000000,1.338440,8.000000,9.000000,12.000000,12.000000,12.000000,12.000000,0.033531,0.061671,0.459291,0.664362,calls/second,milliseconds
1779200601,6,12.000000,8.727497,8.000000,1.338440,8.000000,9.000000,12.000000,12.000000,12.000000,12.000000,0.033344,0.061671,0.459291,0.664362,calls/second,milliseconds
1779200602,6,12.000000,8.727497,8.000000,1.338440,8.000000,9.000000,12.000000,12.000000,12.000000,12.000000,0.033159,0.056740,0.451700,0.660682,calls/second,milliseconds
1779200603,6,12.000000,8.727497,8.000000,1.338440,8.000000,9.000000,12.000000,12.000000,12.000000,12.000000,0.032977,0.056740,0.451700,0.660682,calls/second,milliseconds
1779200604,6,12.000000,8.727497,8.000000,1.338440,8.000000,9.000000,12.000000,12.000000,12.000000,12.000000,0.032796,0.056740,0.451700,0.660682,calls/second,milliseconds
1779200605,6,12.000000,8.727497,8.000000,1.338440,8.000000,9.000000,12.000000,12.000000,12.000000,12.000000,0.032618,0.056740,0.451700,0.660682,calls/second,milliseconds
1779200606,6,12.000000,8.727497,8.000000,1.338440,8.000000,9.000000,12.000000,12.000000,12.000000,12.000000,0.032441,0.056740,0.451700,0.660682,calls/second,milliseconds
1779200607,6,12.000000,8.727497,8.000000,1.338440,8.000000,9.000000,12.000000,12.000000,12.000000,12.000000,0.032267,0.052204,0.444234,0.657021,calls/second,milliseconds
1779200608,6,12.000000,8.727497,8.000000,1.338440,8.000000,9.000000,12.000000,12.000000,12.000000,12.000000,0.032094,0.052204,0.444234,0.657021,calls/second,milliseconds
1779200609,6,12.000000,8.727497,8.000000,1.338440,8.000000,9.000000,12.000000,12.000000,12.000000,12.000000,0.031923,0.052204,0.444234,0.657021,calls/second,milliseconds
1779200610,6,12.000000,8.727497,8.000000,1.338440,8.000000,9.000000,12.000000,12.000000,12.000000,12.000000,0.031753,0.052204,0.444234,0.657021,calls/second,milliseconds
1779200611,6,12.000000,8.727497,8.000000,1.338440,8.000000,9.000000,12.000000,12.000000,12.000000,12.000000,0.031586,0.052204,0.444234,0.657021,calls/second,milliseconds
1779200612,6,12.000000,8.727497,8.000000,1.338440,8.000000,9.000000,12.000000,12.000000,12.000000,12.000000,0.031420,0.048030,0.436891,0.653381,calls/second,milliseconds
1779200613,6,12.000000,8.727497,8.000000,1.338440,8.000000,9.000000,12.000000,12.000000,12.000000,12.000000,0.031256,0.048030,0.436891,0.653381,calls/second,milliseconds
1779200614,6,12.000000,8.727497,8.000000,1.338440,8.000000,9.000000,12.000000,12.000000,12.000000,12.000000,0.031094,0.048030,0.436891,0.653381,calls/second,milliseconds
1779200615,6,12.000000,8.727497,8.000000,1.338440,8.000000,9.000000,12.000000,12.000000,12.000000,12.000000,0.030934,0.048030,0.436891,0.653381,calls/second,milliseconds
1779200616,6,12.000000,8.727497,8.000000,1.338440,8.000000,9.000000,12.000000,12.000000,12.000000,12.000000,0.030775,0.048030,0.436891,0.653381,calls/second,milliseconds
1779200617,6,12.000000,8.727497,8.000000,1.338440,8.000000,9.000000,12.000000,12.000000,12.000000,12.000000,0.030618,0.044189,0.429670,0.649761,calls/second,milliseconds
1779200618,6,12.000000,8.727497,8.000000,1.338440,8.000000,9.000000,12.000000,12.000000,12.000000,12.000000,0.030462,0.044189,0.429670,0.649761,calls/second,milliseconds
1779200619,6,12.000000,8.727497,8.000000,1.338440,8.000000,9.000000,12.000000,12.000000,12.000000,12.000000,0.030308,0.044189,0.429670,0.649761,calls/second,milliseconds
1779200620,6,12.000000,8.727497,8.000000,1.338440,8.000000,9.000000,12.000000,12.000000,12.000000,12.000000,0.030155,0.044189,0.429670,0.649761,calls/second,milliseconds
1779200621,6,12.000000,8.727497,8.000000,1.338440,8.000000,9.000000,12.000000,12.000000,12.000000,12.000000,0.030004,0.044189,0.429670,0.649761,calls/second,milliseconds
1779200622,6,12.000000,8.727497,8.000000,1.338440,8.000000,9.000000,12.000000,12.000000,12.000000,12.000000,0.029855,0.040656,0.422568,0.646162,calls/second,milliseconds
1779200623,6,12.000000,8.727497,8.000000,1.338440,8.000000,9.000000,12.000000,12.000000,12.000000,12.000000,0.029707,0.040656,0.422568,0.646162,calls/second,milliseconds
1779200624,6,12.000000,8.727497,8.000000,1.338440,8.000000,9.000000,12.000000,12.000000,12.000000,12.000000,0.029560,0.040656,0.422568,0.646162,calls/second,milliseconds
1779200625,6,12.000000,8.727497,8.000000,1.338440,8.000000,9.000000,12.000000,12.000000,12.000000,12.000000,0.029415,0.040656,0.422568,0.646162,calls/second,milliseconds
1779200626,6,12.000000,8.727497,8.000000,1.338440,8.000000,9.000000,12.000000,12.000000,12.000000,12.000000,0.029271,0.040656,0.422568,0.646162,calls/second,milliseconds
1779200627,6,12.000000,8.727497,8.000000,1.338440,8.000000,9.000000,12.000000,12.000000,12.000000,12.000000,0.029129,0.037405,0.415584,0.642582,calls/second,milliseconds
1779200628,6,12.000000,8.727497,8.000000,1.338440,8.000000,9.000000,12.000000,12.000000,12.000000,12.000000,0.028988,0.037405,0.415584,0.642582,calls/second,milliseconds
1779200629,6,12.000000,8.727497,8.000000,1.338440,8.000000,9.000000,12.000000,12.000000,12.000000,12.000000,0.028849,0.037405,0.415584,0.642582,calls/second,milliseconds
1779200630,6,12.000000,8.727497,8.000000,1.338440,8.000000,9.000000,12.000000,12.000000,12.000000,12.000000,0.028710,0.037405,0.415584,0.642582,calls/second,milliseconds
1779200631,6,12.000000,8.727497,8.000000,1.338440,8.000000,9.000000,12.000000,12.000000,12.000000,12.000000,0.028573,0.037405,0.415584,0.642582,calls/second,milliseconds
1779200632,6,12.000000,8.727497,8.000000,1.338440,8.000000,9.000000,12.000000,12.000000,12.000000,12.000000,0.028438,0.034415,0.408715,0.639022,calls/second,milliseconds
1779200633,6,12.000000,8.727497,8.000000,1.338440,8.000000,9.000000,12.000000,12.000000,12.000000,12.000000,0.028303,0.034415,0.408715,0.639022,calls/second,milliseconds
1779200634,6,12.000000,8.727497,8.000000,1.338440,8.000000,9.000000,12.000000,12.000000,12.000000,12.000000,0.028170,0.034415,0.408715,0.639022,calls/second,milliseconds
1779200635,6,12.000000,8.727497,8.000000,1.338440,8.000000,9.000000,12.000000,12.000000,12.000000,12.000000,0.028038,0.034415,0.408715,0.639022,calls/second,milliseconds
1779200636,6,12.000000,8.727497,8.000000,1.338440,8.000000,9.000000,12.000000,12.000000,12.000000,12.000000,0.027908,0.034415,0.408715,0.639022,calls/second,milliseconds
1779200637,6,12.000000,8.727497,8.000000,1.338440,8.000000,9.000000,12.000000,12.000000,12.000000,12.000000,0.027778,0.031663,0.401959,0.635482,calls/second,milliseconds
1779200638,6,12.000000,8.727497,8.000000,1.338440,8.000000,9.000000,12.000000,12.000000,12.000000,12.000000,0.027650,0.031663,0.401959,0.635482,calls/second,milliseconds
1779200639,6,12.000000,8.727497,8.000000,1.338440,8.000000,9.000000,12.000000,12.000000,12.000000,12.000000,0.027523,0.031663,0.401959,0.635482,calls/second,milliseconds
1779200640,6,12.000000,8.727497,8.000000,1.338440,8.000000,9.000000,12.000000,12.000000,12.000000,12.000000,0.027397,0.031663,0.401959,0.635482,calls/second,milliseconds
1779200641,6,12.000000,8.727497,8.000000,1.338440,8.000000,9.000000,12.000000,12.000000,12.000000,12.000000,0.027273,0.029131,0.395316,0.631961,calls/second,milliseconds
1779200642,6,12.000000,8.727497,8.000000,1.338440,8.000000,9.000000,12.000000,12.000000,12.000000,12.000000,0.027149,0.029131,0.395316,0.631961,calls/second,milliseconds
1779200643,6,12.000000,8.727497,8.000000,1.338440,8.000000,9.000000,12.000000,12.000000,12.000000,12.000000,0.027026,0.029131,0.395316,0.631961,calls/second,milliseconds
1779200644,6,12.000000,8.727497,8.000000,1.338440,8.000000,9.000000,12.000000,12.000000,12.000000,12.000000,0.026905,0.029131,0.395316,0.631961,calls/second,milliseconds
1779200645,6,12.000000,8.727497,8.000000,1.338440,8.000000,9.000000,12.000000,12.000000,12.000000,12.000000,0.026785,0.029131,0.395316,0.631961,calls/second,milliseconds
1779200646,6,12.000000,8.727497,8.000000,1.338440,8.000000,9.000000,12.000000,12.000000,12.000000,12.000000,0.026665,0.026802,0.388782,0.628460,calls/second,milliseconds
1779200647,6,12.000000,8.727497,8.000000,1.338440,8.000000,9.000000,12.000000,12.000000,12.000000,12.000000,0.026547,0.026802,0.388782,0.628460,calls/second,milliseconds
1779200648,6,12.000000,8.727497,8.000000,1.338440,8.000000,9.000000,12.000000,12.000000,12.000000,12.000000,0.026430,0.026802,0.388782,0.628460,calls/second,milliseconds
1779200649,6,12.000000,8.727497,8.000000,1.338440,8.000000,9.000000,12.000000,12.000000,12.000000,12.000000,0.026314,0.026802,0.388782,0.628460,calls/second,milliseconds
1779200650,6,12.000000,8.727497,8.000000,1.338440,8.000000,9.000000,12.000000,12.000000,12.000000,12.000000,0.026199,0.026802,0.388782,0.628460,calls/second,milliseconds
1779200651,6,12.000000,8.727497,8.000000,1.338440,8.000000,9.000000,12.000000,12.000000,12.000000,12.000000,0.026085,0.024659,0.382356,0.624978,calls/second,milliseconds
1779200652,6,12.000000,8.727497,8.000000,1.338440,8.000000,9.000000,12.000000,12.000000,12.000000,12.000000,0.025972,0.024659,0.382356,0.624978,calls/second,milliseconds
1779200653,6,12.000000,8.727497,8.000000,1.338440,8.000000,9.000000,12.000000,12.000000,12.000000,12.000000,0.025860,0.024659,0.382356,0.624978,calls/second,milliseconds
1779200654,6,12.000000,8.727497,8.000000,1.338440,8.000000,9.000000,12.000000,12.000000,12.000000,12.000000,0.025749,0.024659,0.382356,0.624978,calls/second,milliseconds
1779200655,6,12.000000,8.727497,8.000000,1.338440,8.000000,9.000000,12.000000,12.000000,12.000000,12.000000,0.025638,0.024659,0.382356,0.624978,calls/second,milliseconds
1779200656,6,12.000000,8.727497,8.000000,1.338440,8.000000,9.000000,12.000000,12.000000,12.000000,12.000000,0.025529,0.022688,0.376036,0.621516,calls/second,milliseconds
1779200657,6,12.000000,8.727497,8.000000,1.338440,8.000000,9.000000,12.000000,12.000000,12.000000,12.000000,0.025421,0.022688,0.376036,0.621516,calls/second,milliseconds
1779200658,6,12.000000,8.727497,8.000000,1.338440,8.000000,9.000000,12.000000,12.000000,12.000000,12.000000,0.025313,0.022688,0.376036,0.621516,calls/second,milliseconds
1779200659,6,12.000000,8.727497,8.000000,1.338440,8.000000,9.000000,12.000000,12.000000,12.000000,12.000000,0.025207,0.022688,0.376036,0.621516,calls/second,milliseconds
1779200660,6,12.000000,8.727497,8.000000,1.338440,8.000000,9.000000,12.000000,12.000000,12.000000,12.000000,0.025101,0.022688,0.376036,0.621516,calls/second,milliseconds
1779200661,6,12.000000,8.727497,8.000000,1.338440,8.000000,9.000000,12.000000,12.000000,12.000000,12.000000,0.024997,0.020874,0.369821,0.618072,calls/second,milliseconds
1779200662,6,12.000000,8.727497,8.000000,1.338440,8.000000,9.000000,12.000000,12.000000,12.000000,12.000000,0.024893,0.020874,0.369821,0.618072,calls/second,milliseconds
1779200663,6,12.000000,8.727497,8.000000,1.338440,8.000000,9.000000,12.000000,12.000000,12.000000,12.000000,0.024790,0.020874,0.369821,0.618072,calls/second,milliseconds
1779200664,6,12.000000,8.727497,8.000000,1.338440,8.000000,9.000000,12.000000,12.000000,12.000000,12.000000,0.024688,0.020874,0.369821,0.618072,calls/second,milliseconds
1779200665,6,12.000000,8.727497,8.000000,1.338440,8.000000,9.000000,12.000000,12.000000,12.000000,12.000000,0.024586,0.020874,0.369821,0.618072,calls/second,milliseconds
1779200666,6,12.000000,8.727497,8.000000,1.338440,8.000000,9.000000,12.000000,12.000000,12.000000,12.000000,0.024486,0.019205,0.363708,0.614648,calls/second,milliseconds
1779200667,6,12.000000,8.727497,8.000000,1.338440,8.000000,9.000000,12.000000,12.000000,12.000000,12.000000,0.024386,0.019205,0.363708,0.614648,calls/second,milliseconds
1779200668,6,12.000000,8.727497,8.000000,1.338440,8.000000,9.000000,12.000000,12.000000,12.000000,12.000000,0.024287,0.019205,0.363708,0.614648,calls/second,milliseconds
1779200669,6,12.000000,8.727497,8.000000,1.338440,8.000000,9.000000,12.000000,12.000000,12.000000,12.000000,0.024189,0.019205,0.363708,0.614648,calls/second,milliseconds
1779200670,6,12.000000,8.727497,8.000000,1.338440,8.000000,9.000000,12.000000,12.000000,12.000000,12.000000,0.024092,0.019205,0.363708,0.614648,calls/second,milliseconds
1779200671,6,12.000000,8.727497,8.000000,1.338440,8.000000,9.000000,12.000000,12.000000,12.000000,12.000000,0.023995,0.017669,0.357696,0.611243,calls/second,milliseconds
1779200672,6,12.000000,8.727497,8.000000,1.338440,8.000000,9.000000,12.000000,12.000000,12.000000,12.000000,0.023900,0.017669,0.357696,0.611243,calls/second,milliseconds
1779200673,6,12.000000,8.727497,8.000000,1.338440,8.000000,9.000000,12.000000,12.000000,12.000000,12.000000,0.023805,0.017669,0.357696,0.611243,calls/second,milliseconds
1779200674,6,12.000000,8.727497,8.000000,1.338440,8.000000,9.000000,12.000000,12.000000,12.000000,12.000000,0.023711,0.017669,0.357696,0.611243,calls/second,milliseconds
1779200675,6,12.000000,8.727497,8.000000,1.338440,8.000000,9.000000,12.000000,12.000000,12.000000,12.000000,0.023617,0.017669,0.357696,0.611243,calls/second,milliseconds
1779200676,6,12.000000,8.727497,8.000000,1.338440,8.000000,9.000000,12.000000,12.000000,12.000000,12.000000,0.023524,0.016256,0.351784,0.607856,calls/second,milliseconds
1779200677,6,12.000000,8.727497,8.000000,1.338440,8.000000,9.000000,12.000000,12.000000,12.000000,12.000000,0.023432,0.016256,0.351784,0.607856,calls/second,milliseconds
1779200678,6,12.000000,8.727497,8.000000,1.338440,8.000000,9.000000,12.000000,12.000000,12.000000,12.000000,0.023341,0.016256,0.351784,0.607856,calls/second,milliseconds
1779200679,6,12.000000,8.727497,8.000000,1.338440,8.000000,9.000000,12.000000,12.000000,12.000000,12.000000,0.023251,0.016256,0.351784,0.607856,calls/second,milliseconds
1779200680,6,12.000000,8.727497,8.000000,1.338440,8.000000,9.000000,12.000000,12.000000,12.000000,12.000000,0.023161,0.016256,0.351784,0.607856,calls/second,milliseconds
1779200681,6,12.000000,8.727497,8.000000,1.338440,8.000000,9.000000,12.000000,12.000000,12.000000,12.000000,0.023071,0.014957,0.345970,0.604489,calls/second,milliseconds
1779200682,6,12.000000,8.727497,8.000000,1.338440,8.000000,9.000000,12.000000,12.000000,12.000000,12.000000,0.022983,0.014957,0.345970,0.604489,calls/second,milliseconds
1779200683,6,12.000000,8.727497,8.000000,1.338440,8.000000,9.000000,12.000000,12.000000,12.000000,12.000000,0.022895,0.014957,0.345970,0.604489,calls/second,milliseconds
1779200684,6,12.000000,8.727497,8.000000,1.338440,8.000000,9.000000,12.000000,12.000000,12.000000,12.000000,0.022808,0.014957,0.345970,0.604489,calls/second,milliseconds
1779200685,6,12.000000,8.727497,8.000000,1.338440,8.000000,9.000000,12.000000,12.000000,12.000000,12.000000,0.022722,0.014957,0.345970,0.604489,calls/second,milliseconds
1779200686,6,12.000000,8.727497,8.000000,1.338440,8.000000,9.000000,12.000000,12.000000,12.000000,12.000000,0.022636,0.013761,0.340251,0.601140,calls/second,milliseconds
1779200687,6,12.000000,8.727497,8.000000,1.338440,8.000000,9.000000,12.000000,12.000000,12.000000,12.000000,0.022550,0.013761,0.340251,0.601140,calls/second,milliseconds
1779200688,6,12.000000,8.727497,8.000000,1.338440,8.000000,9.000000,12.000000,12.000000,12.000000,12.000000,0.022466,0.013761,0.340251,0.601140,calls/second,milliseconds
1779200689,6,12.000000,8.727497,8.000000,1.338440,8.000000,9.000000,12.000000,12.000000,12.000000,12.000000,0.022382,0.013761,0.340251,0.601140,calls/second,milliseconds
1779200690,6,12.000000,8.727497,8.000000,1.338440,8.000000,9.000000,12.000000,12.000000,12.000000,12.000000,0.022299,0.013761,0.340251,0.601140,calls/second,milliseconds
1779200691,6,12.000000,8.727497,8.000000,1.338440,8.000000,9.000000,12.000000,12.000000,12.000000,12.000000,0.022216,0.012660,0.334628,0.597809,calls/second,milliseconds
1779200692,6,12.000000,8.727497,8.000000,1.338440,8.000000,9.000000,12.000000,12.000000,12.000000,12.000000,0.022134,0.012660,0.334628,0.597809,calls/second,milliseconds
1779200693,6,12.000000,8.727497,8.000000,1.338440,8.000000,9.000000,12.000000,12.000000,12.000000,12.000000,0.022052,0.012660,0.334628,0.597809,calls/second,milliseconds
1779200694,6,12.000000,8.727497,8.000000,1.338440,8.000000,9.000000,12.000000,12.000000,12.000000,12.000000,0.021972,0.012660,0.334628,0.597809,calls/second,milliseconds
1779200695,7,12.000000,8.160127,8.000000,0.696532,8.000000,8.000000,9.000000,12.000000,12.000000,12.000000,0.025539,0.012660,0.334628,0.597809,calls/second,milliseconds
1779200696,7,12.000000,8.160127,8.000000,0.696532,8.000000,8.000000,9.000000,12.000000,12.000000,12.000000,0.025446,0.027639,0.332402,0.595605,calls/second,milliseconds
1779200697,7,12.000000,8.160127,8.000000,0.696532,8.000000,8.000000,9.000000,12.000000,12.000000,12.000000,0.025354,0.027639,0.332402,0.595605,calls/second,milliseconds
1779200698,7,12.000000,8.160127,8.000000,0.696532,8.000000,8.000000,9.000000,12.000000,12.000000,12.000000,0.025262,0.027639,0.332402,0.595605,calls/second,milliseconds
1779200699,7,12.000000,8.160127,8.000000,0.696532,8.000000,8.000000,9.000000,12.000000,12.000000,12.000000,0.025171,0.027639,0.332402,0.595605,calls/second,milliseconds
1779200700,7,12.000000,8.160127,8.000000,0.696532,8.000000,8.000000,9.000000,12.000000,12.000000,12.000000,0.025081,0.027639,0.332402,0.595605,calls/second,milliseconds
1779200701,7,12.000000,8.160127,8.000000,0.696532,8.000000,8.000000,9.000000,12.000000,12.000000,12.000000,0.024991,0.025429,0.326908,0.592306,calls/second,milliseconds
1779200702,7,12.000000,8.160127,8.000000,0.696532,8.000000,8.000000,9.000000,12.000000,12.000000,12.000000,0.024902,0.025429,0.326908,0.592306,calls/second,milliseconds
1779200703,7,12.000000,8.160127,8.000000,0.696532,8.000000,8.000000,9.000000,12.000000,12.000000,12.000000,0.024814,0.025429,0.326908,0.592306,calls/second,milliseconds
1779200704,7,12.000000,8.160127,8.000000,0.696532,8.000000,8.000000,9.000000,12.000000,12.000000,12.000000,0.024726,0.025429,0.326908,0.592306,calls/second,milliseconds
1779200705,7,12.000000,8.160127,8.000000,0.696532,8.000000,8.000000,9.000000,12.000000,12.000000,12.000000,0.024639,0.025429,0.326908,0.592306,calls/second,milliseconds
1779200706,7,12.000000,8.160127,8.000000,0.696532,8.000000,8.000000,9.000000,12.000000,12.000000,12.000000,0.024552,0.023396,0.321505,0.589024,calls/second,milliseconds
1779200707,7,12.000000,8.160127,8.000000,0.696532,8.000000,8.000000,9.000000,12.000000,12.000000,12.000000,0.024466,0.023396,0.321505,0.589024,calls/second,milliseconds
1779200708,7,12.000000,8.160127,8.000000,0.696532,8.000000,8.000000,9.000000,12.000000,12.000000,12.000000,0.024381,0.023396,0.321505,0.589024,calls/second,milliseconds
1779200709,7,12.000000,8.160127,8.000000,0.696532,8.000000,8.000000,9.000000,12.000000,12.000000,12.000000,0.024296,0.023396,0.321505,0.589024,calls/second,milliseconds
1779200710,7,12.000000,8.160127,8.000000,0.696532,8.000000,8.000000,9.000000,12.000000,12.000000,12.000000,0.024212,0.023396,0.321505,0.589024,calls/second,milliseconds
1779200711,7,12.000000,8.160127,8.000000,0.696532,8.000000,8.000000,9.000000,12.000000,12.000000,12.000000,0.024128,0.021526,0.316191,0.585761,calls/second,milliseconds
1779200712,7,12.000000,8.160127,8.000000,0.696532,8.000000,8.000000,9.000000,12.000000,12.000000,12.000000,0.024045,0.021526,0.316191,0.585761,calls/second,milliseconds
1779200713,7,12.000000,8.160127,8.000000,0.696532,8.000000,8.000000,9.000000,12.000000,12.000000,12.000000,0.023963,0.021526,0.316191,0.585761,calls/second,milliseconds
1779200714,7,12.000000,8.160127,8.000000,0.696532,8.000000,8.000000,9.000000,12.000000,12.000000,12.000000,0.023881,0.021526,0.316191,0.585761,calls/second,milliseconds
1779200715,7,12.000000,8.160127,8.000000,0.696532,8.000000,8.000000,9.000000,12.000000,12.000000,12.000000,0.023800,0.021526,0.316191,0.585761,calls/second,milliseconds
1779200716,7,12.000000,8.160127,8.000000,0.696532,8.000000,8.000000,9.000000,12.000000,12.000000,12.000000,0.023719,0.019804,0.310965,0.582516,calls/second,milliseconds
1779200717,7,12.000000,8.160127,8.000000,0.696532,8.000000,8.000000,9.000000,12.000000,12.000000,12.000000,0.023639,0.019804,0.310965,0.582516,calls/second,milliseconds
1779200718,7,12.000000,8.160127,8.000000,0.696532,8.000000,8.000000,9.000000,12.000000,12.000000,12.000000,0.023559,0.019804,0.310965,0.582516,calls/second,milliseconds
1779200719,7,12.000000,8.160127,8.000000,0.696532,8.000000,8.000000,9.000000,12.000000,12.000000,12.000000,0.023480,0.019804,0.310965,0.582516,calls/second,milliseconds
1779200720,7,12.000000,8.160127,8.000000,0.696532,8.000000,8.000000,9.000000,12.000000,12.000000,12.000000,0.023401,0.019804,0.310965,0.582516,calls/second,milliseconds
1779200721,7,12.000000,8.160127,8.000000,0.696532,8.000000,8.000000,9.000000,12.000000,12.000000,12.000000,0.023323,0.018221,0.305825,0.579289,calls/second,milliseconds
1779200722,7,12.000000,8.160127,8.000000,0.696532,8.000000,8.000000,9.000000,12.000000,12.000000,12.000000,0.023246,0.018221,0.305825,0.579289,calls/second,milliseconds
1779200723,7,12.000000,8.160127,8.000000,0.696532,8.000000,8.000000,9.000000,12.000000,12.000000,12.000000,0.023169,0.018221,0.305825,0.579289,calls/second,milliseconds
1779200724,7,12.000000,8.160127,8.000000,0.696532,8.000000,8.000000,9.000000,12.000000,12.000000,12.000000,0.023092,0.018221,0.305825,0.579289,calls/second,milliseconds
1779200725,7,12.000000,8.160127,8.000000,0.696532,8.000000,8.000000,9.000000,12.000000,12.000000,12.000000,0.023016,0.018221,0.305825,0.579289,calls/second,milliseconds
1779200726,7,12.000000,8.160127,8.000000,0.696532,8.000000,8.000000,9.000000,12.000000,12.000000,12.000000,0.022941,0.016764,0.300770,0.576079,calls/second,milliseconds
1779200727,7,12.000000,8.160127,8.000000,0.696532,8.000000,8.000000,9.000000,12.000000,12.000000,12.000000,0.022866,0.016764,0.300770,0.576079,calls/second,milliseconds
1779200728,7,12.000000,8.160127,8.000000,0.696532,8.000000,8.000000,9.000000,12.000000,12.000000,12.000000,0.022791,0.016764,0.300770,0.576079,calls/second,milliseconds
1779200729,7,12.000000,8.160127,8.000000,0.696532,8.000000,8.000000,9.000000,12.000000,12.000000,12.000000,0.022717,0.016764,0.300770,0.576079,calls/second,milliseconds
1779200730,7,12.000000,8.160127,8.000000,0.696532,8.000000,8.000000,9.000000,12.000000,12.000000,12.000000,0.022643,0.016764,0.300770,0.576079,calls/second,milliseconds
1779200731,7,12.000000,8.160127,8.000000,0.696532,8.000000,8.000000,9.000000,12.000000,12.000000,12.000000,0.022570,0.015424,0.295799,0.572888,calls/second,milliseconds
1779200732,7,12.000000,8.160127,8.000000,0.696532,8.000000,8.000000,9.000000,12.000000,12.000000,12.000000,0.022498,0.015424,0.295799,0.572888,calls/second,milliseconds
1779200733,7,12.000000,8.160127,8.000000,0.696532,8.000000,8.000000,9.000000,12.000000,12.000000,12.000000,0.022425,0.015424,0.295799,0.572888,calls/second,milliseconds
1779200734,7,12.000000,8.160127,8.000000,0.696532,8.000000,8.000000,9.000000,12.000000,12.000000,12.000000,0.022354,0.015424,0.295799,0.572888,calls/second,milliseconds
1779200735,7,12.000000,8.160127,8.000000,0.696532,8.000000,8.000000,9.000000,12.000000,12.000000,12.000000,0.022282,0.015424,0.295799,0.572888,calls/second,milliseconds
1779200736,7,12.000000,8.160127,8.000000,0.696532,8.000000,8.000000,9.000000,12.000000,12.000000,12.000000,0.022212,0.014190,0.290910,0.569714,calls/second,milliseconds
1779200737,7,12.000000,8.160127,8.000000,0.696532,8.000000,8.000000,9.000000,12.000000,12.000000,12.000000,0.022141,0.014190,0.290910,0.569714,calls/second,milliseconds
1779200738,7,12.000000,8.160127,8.000000,0.696532,8.000000,8.000000,9.000000,12.000000,12.000000,12.000000,0.022071,0.014190,0.290910,0.569714,calls/second,milliseconds
1779200739,7,12.000000,8.160127,8.000000,0.696532,8.000000,8.000000,9.000000,12.000000,12.000000,12.000000,0.022002,0.014190,0.290910,0.569714,calls/second,milliseconds
1779200740,7,12.000000,8.160127,8.000000,0.696532,8.000000,8.000000,9.000000,12.000000,12.000000,12.000000,0.021933,0.014190,0.290910,0.569714,calls/second,milliseconds
1779200741,7,12.000000,8.160127,8.000000,0.696532,8.000000,8.000000,9.000000,12.000000,12.000000,12.000000,0.021864,0.013056,0.286101,0.566557,calls/second,milliseconds
1779200742,7,12.000000,8.160127,8.000000,0.696532,8.000000,8.000000,9.000000,12.000000,12.000000,12.000000,0.021796,0.013056,0.286101,0.566557,calls/second,milliseconds
1779200743,7,12.000000,8.160127,8.000000,0.696532,8.000000,8.000000,9.000000,12.000000,12.000000,12.000000,0.021728,0.013056,0.286101,0.566557,calls/second,milliseconds
1779200744,7,12.000000,8.160127,8.000000,0.696532,8.000000,8.000000,9.000000,12.000000,12.000000,12.000000,0.021661,0.013056,0.286101,0.566557,calls/second,milliseconds
1779200745,7,12.000000,8.160127,8.000000,0.696532,8.000000,8.000000,9.000000,12.000000,12.000000,12.000000,0.021594,0.013056,0.286101,0.566557,calls/second,milliseconds
1779200746,7,12.000000,8.160127,8.000000,0.696532,8.000000,8.000000,9.000000,12.000000,12.000000,12.000000,0.021528,0.012012,0.281372,0.563419,calls/second,milliseconds
1779200747,7,12.000000,8.160127,8.000000,0.696532,8.000000,8.000000,9.000000,12.000000,12.000000,12.000000,0.021461,0.012012,0.281372,0.563419,calls/second,milliseconds
1779200748,7,12.000000,8.160127,8.000000,0.696532,8.000000,8.000000,9.000000,12.000000,12.000000,12.000000,0.021396,0.012012,0.281372,0.563419,calls/second,milliseconds
1779200749,7,12.000000,8.160127,8.000000,0.696532,8.000000,8.000000,9.000000,12.000000,12.000000,12.000000,0.021330,0.012012,0.281372,0.563419,calls/second,milliseconds
1779200750,7,12.000000,8.160127,8.000000,0.696532,8.000000,8.000000,9.000000,12.000000,12.000000,12.000000,0.021266,0.012012,0.281372,0.563419,calls/second,milliseconds
1779200751,7,12.000000,8.160127,8.000000,0.696532,8.000000,8.000000,9.000000,12.000000,12.000000,12.000000,0.021201,0.011052,0.276722,0.560297,calls/second,milliseconds
1779200752,7,12.000000,8.160127,8.000000,0.696532,8.000000,8.000000,9.000000,12.000000,12.000000,12.000000,0.021137,0.011052,0.276722,0.560297,calls/second,milliseconds
1779200753,7,12.000000,8.160127,8.000000,0.696532,8.000000,8.000000,9.000000,12.000000,12.000000,12.000000,0.021073,0.011052,0.276722,0.560297,calls/second,milliseconds
1779200754,7,12.000000,8.160127,8.000000,0.696532,8.000000,8.000000,9.000000,12.000000,12.000000,12.000000,0.021010,0.011052,0.276722,0.560297,calls/second,milliseconds
1779200755,7,12.000000,8.160127,8.000000,0.696532,8.000000,8.000000,9.000000,12.000000,12.000000,12.000000,0.020947,0.011052,0.276722,0.560297,calls/second,milliseconds
1779200756,7,12.000000,8.160127,8.000000,0.696532,8.000000,8.000000,9.000000,12.000000,12.000000,12.000000,0.020884,0.010168,0.272148,0.557193,calls/second,milliseconds
1779200757,7,12.000000,8.160127,8.000000,0.696532,8.000000,8.000000,9.000000,12.000000,12.000000,12.000000,0.020822,0.010168,0.272148,0.557193,calls/second,milliseconds
1779200758,7,12.000000,8.160127,8.000000,0.696532,8.000000,8.000000,9.000000,12.000000,12.000000,12.000000,0.020760,0.010168,0.272148,0.557193,calls/second,milliseconds
1779200759,7,12.000000,8.160127,8.000000,0.696532,8.000000,8.000000,9.000000,12.000000,12.000000,12.000000,0.020699,0.010168,0.272148,0.557193,calls/second,milliseconds
1779200760,7,12.000000,8.160127,8.000000,0.696532,8.000000,8.000000,9.000000,12.000000,12.000000,12.000000,0.020638,0.010168,0.272148,0.557193,calls/second,milliseconds
1779200761,7,12.000000,8.160127,8.000000,0.696532,8.000000,8.000000,9.000000,12.000000,12.000000,12.000000,0.020577,0.009355,0.267650,0.554106,calls/second,milliseconds
1779200762,7,12.000000,8.160127,8.000000,0.696532,8.000000,8.000000,9.000000,12.000000,12.000000,12.000000,0.020517,0.009355,0.267650,0.554106,calls/second,milliseconds
1779200763,7,12.000000,8.160127,8.000000,0.696532,8.000000,8.000000,9.000000,12.000000,12.000000,12.000000,0.020457,0.009355,0.267650,0.554106,calls/second,milliseconds
1779200764,7,12.000000,8.160127,8.000000,0.696532,8.000000,8.000000,9.000000,12.000000,12.000000,12.000000,0.020397,0.009355,0.267650,0.554106,calls/second,milliseconds
1779200765,7,12.000000,8.160127,8.000000,0.696532,8.000000,8.000000,9.000000,12.000000,12.000000,12.000000,0.020338,0.009355,0.267650,0.554106,calls/second,milliseconds
1779200766,7,12.000000,8.160127,8.000000,0.696532,8.000000,8.000000,9.000000,12.000000,12.000000,12.000000,0.020279,0.008607,0.263226,0.551036,calls/second,milliseconds
1779200767,7,12.000000,8.160127,8.000000,0.696532,8.000000,8.000000,9.000000,12.000000,12.000000,12.000000,0.020220,0.008607,0.263226,0.551036,calls/second,milliseconds
1779200768,7,12.000000,8.160127,8.000000,0.696532,8.000000,8.000000,9.000000,12.000000,12.000000,12.000000,0.020162,0.008607,0.263226,0.551036,calls/second,milliseconds
1779200769,7,12.000000,8.160127,8.000000,0.696532,8.000000,8.000000,9.000000,12.000000,12.000000,12.000000,0.020104,0.008607,0.263226,0.551036,calls/second,milliseconds
1779200770,7,12.000000,8.160127,8.000000,0.696532,8.000000,8.000000,9.000000,12.000000,12.000000,12.000000,0.020046,0.008607,0.263226,0.551036,calls/second,milliseconds
1779200771,7,12.000000,8.160127,8.000000,0.696532,8.000000,8.000000,9.000000,12.000000,12.000000,12.000000,0.019989,0.007919,0.258875,0.547983,calls/second,milliseconds
1779200772,7,12.000000,8.160127,8.000000,0.696532,8.000000,8.000000,9.000000,12.000000,12.000000,12.000000,0.019932,0.007919,0.258875,0.547983,calls/second,milliseconds
1779200773,7,12.000000,8.160127,8.000000,0.696532,8.000000,8.000000,9.000000,12.000000,12.000000,12.000000,0.019875,0.007919,0.258875,0.547983,calls/second,milliseconds
1779200774,7,12.000000,8.160127,8.000000,0.696532,8.000000,8.000000,9.000000,12.000000,12.000000,12.000000,0.019819,0.007919,0.258875,0.547983,calls/second,milliseconds
1779200775,7,12.000000,8.160127,8.000000,0.696532,8.000000,8.000000,9.000000,12.000000,12.000000,12.000000,0.019763,0.007919,0.258875,0.547983,calls/second,milliseconds
1779200776,7,12.000000,8.160127,8.000000,0.696532,8.000000,8.000000,9.000000,12.000000,12.000000,12.000000,0.019707,0.007286,0.254596,0.544948,calls/second,milliseconds
1779200777,7,12.000000,8.160127,8.000000,0.696532,8.000000,8.000000,9.000000,12.000000,12.000000,12.000000,0.019651,0.007286,0.254596,0.544948,calls/second,milliseconds
1779200778,7,12.000000,8.160127,8.000000,0.696532,8.000000,8.000000,9.000000,12.000000,12.000000,12.000000,0.019596,0.007286,0.254596,0.544948,calls/second,milliseconds
1779200779,7,12.000000,8.160127,8.000000,0.696532,8.000000,8.000000,9.000000,12.000000,12.000000,12.000000,0.019542,0.007286,0.254596,0.544948,calls/second,milliseconds
1779200780,7,12.000000,8.160127,8.000000,0.696532,8.000000,8.000000,9.000000,12.000000,12.000000,12.000000,0.019487,0.007286,0.254596,0.544948,calls/second,milliseconds
1779200781,7,12.000000,8.160127,8.000000,0.696532,8.000000,8.000000,9.000000,12.000000,12.000000,12.000000,0.019433,0.006703,0.250388,0.541928,calls/second,milliseconds
1779200782,7,12.000000,8.160127,8.000000,0.696532,8.000000,8.000000,9.000000,12.000000,12.000000,12.000000,0.019379,0.006703,0.250388,0.541928,calls/second,milliseconds
1779200783,7,12.000000,8.160127,8.000000,0.696532,8.000000,8.000000,9.000000,12.000000,12.000000,12.000000,0.019325,0.006703,0.250388,0.541928,calls/second,milliseconds
1779200784,7,12.000000,8.160127,8.000000,0.696532,8.000000,8.000000,9.000000,12.000000,12.000000,12.000000,0.019272,0.006703,0.250388,0.541928,calls/second,milliseconds
1779200785,7,12.000000,8.160127,8.000000,0.696532,8.000000,8.000000,9.000000,12.000000,12.000000,12.000000,0.019219,0.006703,0.250388,0.541928,calls/second,milliseconds
1779200786,7,12.000000,8.160127,8.000000,0.696532,8.000000,8.000000,9.000000,12.000000,12.000000,12.000000,0.019166,0.006167,0.246250,0.538926,calls/second,milliseconds
1779200787,7,12.000000,8.160127,8.000000,0.696532,8.000000,8.000000,9.000000,12.000000,12.000000,12.000000,0.019114,0.006167,0.246250,0.538926,calls/second,milliseconds
1779200788,7,12.000000,8.160127,8.000000,0.696532,8.000000,8.000000,9.000000,12.000000,12.000000,12.000000,0.019062,0.006167,0.246250,0.538926,calls/second,milliseconds
1779200789,7,12.000000,8.160127,8.000000,0.696532,8.000000,8.000000,9.000000,12.000000,12.000000,12.000000,0.019010,0.006167,0.246250,0.538926,calls/second,milliseconds
1779200790,7,12.000000,8.160127,8.000000,0.696532,8.000000,8.000000,9.000000,12.000000,12.000000,12.000000,0.018959,0.006167,0.246250,0.538926,calls/second,milliseconds
1779200791,7,12.000000,8.160127,8.000000,0.696532,8.000000,8.000000,9.000000,12.000000,12.000000,12.000000,0.018907,0.005674,0.242180,0.535940,calls/second,milliseconds
1779200792,7,12.000000,8.160127,8.000000,0.696532,8.000000,8.000000,9.000000,12.000000,12.000000,12.000000,0.018856,0.005674,0.242180,0.535940,calls/second,milliseconds
1779200793,7,12.000000,8.160127,8.000000,0.696532,8.000000,8.000000,9.000000,12.000000,12.000000,12.000000,0.018805,0.005674,0.242180,0.535940,calls/second,milliseconds
1779200794,7,12.000000,8.160127,8.000000,0.696532,8.000000,8.000000,9.000000,12.000000,12.000000,12.000000,0.018755,0.005674,0.242180,0.535940,calls/second,milliseconds
1779200795,7,12.000000,8.160127,8.000000,0.696532,8.000000,8.000000,9.000000,12.000000,12.000000,12.000000,0.018705,0.005674,0.242180,0.535940,calls/second,milliseconds
1779200796,7,12.000000,8.160127,8.000000,0.696532,8.000000,8.000000,9.000000,12.000000,12.000000,12.000000,0.018655,0.005220,0.238177,0.532971,calls/second,milliseconds
1779200797,7,12.000000,8.160127,8.000000,0.696532,8.000000,8.000000,9.000000,12.000000,12.000000,12.000000,0.018605,0.005220,0.238177,0.532971,calls/second,milliseconds
1779200798,7,12.000000,8.160127,8.000000,0.696532,8.000000,8.000000,9.000000,12.000000,12.000000,12.000000,0.018556,0.005220,0.238177,0.532971,calls/second,milliseconds
1779200799,7,12.000000,8.160127,8.000000,0.696532,8.000000,8.000000,9.000000,12.000000,12.000000,12.000000,0.018507,0.005220,0.238177,0.532971,calls/second,milliseconds
1779200800,7,12.000000,8.160127,8.000000,0.696532,8.000000,8.000000,9.000000,12.000000,12.000000,12.000000,0.018458,0.005220,0.238177,0.532971,calls/second,milliseconds
1779200801,7,12.000000,8.160127,8.000000,0.696532,8.000000,8.000000,9.000000,12.000000,12.000000,12.000000,0.018409,0.004803,0.234240,0.530018,calls/second,milliseconds
1779200802,7,12.000000,8.160127,8.000000,0.696532,8.000000,8.000000,9.000000,12.000000,12.000000,12.000000,0.018361,0.004803,0.234240,0.530018,calls/second,milliseconds
1779200803,7,12.000000,8.160127,8.000000,0.696532,8.000000,8.000000,9.000000,12.000000,12.000000,12.000000,0.018313,0.004803,0.234240,0.530018,calls/second,milliseconds
1779200804,7,12.000000,8.160127,8.000000,0.696532,8.000000,8.000000,9.000000,12.000000,12.000000,12.000000,0.018265,0.004803,0.234240,0.530018,calls/second,milliseconds
1779200805,7,12.000000,8.160127,8.000000,0.696532,8.000000,8.000000,9.000000,12.000000,12.000000,12.000000,0.018217,0.004803,0.234240,0.530018,calls/second,milliseconds
1779200806,7,12.000000,8.160127,8.000000,0.696532,8.000000,8.000000,9.000000,12.000000,12.000000,12.000000,0.018170,0.004419,0.230368,0.527082,calls/second,milliseconds
1779200807,7,12.000000,8.160127,8.000000,0.696532,8.000000,8.000000,9.000000,12.000000,12.000000,12.000000,0.018123,0.004419,0.230368,0.527082,calls/second,milliseconds
1779200808,7,12.000000,8.160127,8.000000,0.696532,8.000000,8.000000,9.000000,12.000000,12.000000,12.000000,0.018076,0.004419,0.230368,0.527082,calls/second,milliseconds
1779200809,7,12.000000,8.160127,8.000000,0.696532,8.000000,8.000000,9.000000,12.000000,12.000000,12.000000,0.018029,0.004419,0.230368,0.527082,calls/second,milliseconds
1779200810,8,12.000000,8.030144,8.000000,0.308627,8.000000,8.000000,8.000000,8.000000,9.000000,12.000000,0.020552,0.004419,0.230368,0.527082,calls/second,milliseconds
1779200811,8,12.000000,8.030144,8.000000,0.308627,8.000000,8.000000,8.000000,8.000000,9.000000,12.000000,0.020499,0.020057,0.229866,0.525270,calls/second,milliseconds
1779200812,8,12.000000,8.030144,8.000000,0.308627,8.000000,8.000000,8.000000,8.000000,9.000000,12.000000,0.020446,0.020057,0.229866,0.525270,calls/second,milliseconds
1779200813,8,12.000000,8.030144,8.000000,0.308627,8.000000,8.000000,8.000000,8.000000,9.000000,12.000000,0.020394,0.020057,0.229866,0.525270,calls/second,milliseconds
1779200814,8,12.000000,8.030144,8.000000,0.308627,8.000000,8.000000,8.000000,8.000000,9.000000,12.000000,0.020342,0.020057,0.229866,0.525270,calls/second,milliseconds
1779200815,8,12.000000,8.030144,8.000000,0.308627,8.000000,8.000000,8.000000,8.000000,9.000000,12.000000,0.020291,0.020057,0.229866,0.525270,calls/second,milliseconds
1779200816,8,12.000000,8.030144,8.000000,0.308627,8.000000,8.000000,8.000000,8.000000,9.000000,12.000000,0.020239,0.018453,0.226067,0.522360,calls/second,milliseconds
1779200817,8,12.000000,8.030144,8.000000,0.308627,8.000000,8.000000,8.000000,8.000000,9.000000,12.000000,0.020188,0.018453,0.226067,0.522360,calls/second,milliseconds
1779200818,8,12.000000,8.030144,8.000000,0.308627,8.000000,8.000000,8.000000,8.000000,9.000000,12.000000,0.020137,0.018453,0.226067,0.522360,calls/second,milliseconds
1779200819,8,12.000000,8.030144,8.000000,0.308627,8.000000,8.000000,8.000000,8.000000,9.000000,12.000000,0.020086,0.018453,0.226067,0.522360,calls/second,milliseconds
1779200820,8,12.000000,8.030144,8.000000,0.308627,8.000000,8.000000,8.000000,8.000000,9.000000,12.000000,0.020036,0.018453,0.226067,0.522360,calls/second,milliseconds
1779200821,8,12.000000,8.030144,8.000000,0.308627,8.000000,8.000000,8.000000,8.000000,9.000000,12.000000,0.019986,0.016978,0.222330,0.519466,calls/second,milliseconds
1779200822,8,12.000000,8.030144,8.000000,0.308627,8.000000,8.000000,8.000000,8.000000,9.000000,12.000000,0.019936,0.016978,0.222330,0.519466,calls/second,milliseconds
1779200823,8,12.000000,8.030144,8.000000,0.308627,8.000000,8.000000,8.000000,8.000000,9.000000,12.000000,0.019886,0.016978,0.222330,0.519466,calls/second,milliseconds
1779200824,8,12.000000,8.030144,8.000000,0.308627,8.000000,8.000000,8.000000,8.000000,9.000000,12.000000,0.019837,0.016978,0.222330,0.519466,calls/second,milliseconds
1779200825,8,12.000000,8.030144,8.000000,0.308627,8.000000,8.000000,8.000000,8.000000,9.000000,12.000000,0.019788,0.016978,0.222330,0.519466,calls/second,milliseconds
1779200826,8,12.000000,8.030144,8.000000,0.308627,8.000000,8.000000,8.000000,8.000000,9.000000,12.000000,0.019739,0.015620,0.218656,0.516588,calls/second,milliseconds
1779200827,8,12.000000,8.030144,8.000000,0.308627,8.000000,8.000000,8.000000,8.000000,9.000000,12.000000,0.019690,0.015620,0.218656,0.516588,calls/second,milliseconds
1779200828,8,12.000000,8.030144,8.000000,0.308627,8.000000,8.000000,8.000000,8.000000,9.000000,12.000000,0.019642,0.015620,0.218656,0.516588,calls/second,milliseconds
1779200829,8,12.000000,8.030144,8.000000,0.308627,8.000000,8.000000,8.000000,8.000000,9.000000,12.000000,0.019594,0.015620,0.218656,0.516588,calls/second,milliseconds
1779200830,8,12.000000,8.030144,8.000000,0.308627,8.000000,8.000000,8.000000,8.000000,9.000000,12.000000,0.019546,0.015620,0.218656,0.516588,calls/second,milliseconds
1779200831,8,12.000000,8.030144,8.000000,0.308627,8.000000,8.000000,8.000000,8.000000,9.000000,12.000000,0.019498,0.014371,0.215042,0.513726,calls/second,milliseconds
1779200832,8,12.000000,8.030144,8.000000,0.308627,8.000000,8.000000,8.000000,8.000000,9.000000,12.000000,0.019451,0.014371,0.215042,0.513726,calls/second,milliseconds
1779200833,8,12.000000,8.030144,8.000000,0.308627,8.000000,8.000000,8.000000,8.000000,9.000000,12.000000,0.019403,0.014371,0.215042,0.513726,calls/second,milliseconds
1779200834,8,12.000000,8.030144,8.000000,0.308627,8.000000,8.000000,8.000000,8.000000,9.000000,12.000000,0.019356,0.014371,0.215042,0.513726,calls/second,milliseconds
1779200835,8,12.000000,8.030144,8.000000,0.308627,8.000000,8.000000,8.000000,8.000000,9.000000,12.000000,0.019310,0.014371,0.215042,0.513726,calls/second,milliseconds
1779200836,8,12.000000,8.030144,8.000000,0.308627,8.000000,8.000000,8.000000,8.000000,9.000000,12.000000,0.019263,0.013222,0.211487,0.510880,calls/second,milliseconds
1779200837,8,12.000000,8.030144,8.000000,0.308627,8.000000,8.000000,8.000000,8.000000,9.000000,12.000000,0.019217,0.013222,0.211487,0.510880,calls/second,milliseconds
1779200838,8,12.000000,8.030144,8.000000,0.308627,8.000000,8.000000,8.000000,8.000000,9.000000,12.000000,0.019171,0.013222,0.211487,0.510880,calls/second,milliseconds
1779200839,8,12.000000,8.030144,8.000000,0.308627,8.000000,8.000000,8.000000,8.000000,9.000000,12.000000,0.019125,0.013222,0.211487,0.510880,calls/second,milliseconds
1779200840,8,12.000000,8.030144,8.000000,0.308627,8.000000,8.000000,8.000000,8.000000,9.000000,12.000000,0.019079,0.013222,0.211487,0.510880,calls/second,milliseconds
1779200841,8,12.000000,8.030144,8.000000,0.308627,8.000000,8.000000,8.000000,8.000000,9.000000,12.000000,0.019034,0.012165,0.207992,0.508050,calls/second,milliseconds
1779200842,8,12.000000,8.030144,8.000000,0.308627,8.000000,8.000000,8.000000,8.000000,9.000000,12.000000,0.018988,0.012165,0.207992,0.508050,calls/second,milliseconds
1779200843,8,12.000000,8.030144,8.000000,0.308627,8.000000,8.000000,8.000000,8.000000,9.000000,12.000000,0.018943,0.012165,0.207992,0.508050,calls/second,milliseconds
1779200844,8,12.000000,8.030144,8.000000,0.308627,8.000000,8.000000,8.000000,8.000000,9.000000,12.000000,0.018898,0.012165,0.207992,0.508050,calls/second,milliseconds
1779200845,8,12.000000,8.030144,8.000000,0.308627,8.000000,8.000000,8.000000,8.000000,9.000000,12.000000,0.018854,0.012165,0.207992,0.508050,calls/second,milliseconds
1779200846,8,12.000000,8.030144,8.000000,0.308627,8.000000,8.000000,8.000000,8.000000,9.000000,12.000000,0.018809,0.011192,0.204554,0.505235,calls/second,milliseconds
1779200847,8,12.000000,8.030144,8.000000,0.308627,8.000000,8.000000,8.000000,8.000000,9.000000,12.000000,0.018765,0.011192,0.204554,0.505235,calls/second,milliseconds
1779200848,8,12.000000,8.030144,8.000000,0.308627,8.000000,8.000000,8.000000,8.000000,9.000000,12.000000,0.018721,0.011192,0.204554,0.505235,calls/second,milliseconds
1779200849,8,12.000000,8.030144,8.000000,0.308627,8.000000,8.000000,8.000000,8.000000,9.000000,12.000000,0.018678,0.011192,0.204554,0.505235,calls/second,milliseconds
1779200850,8,12.000000,8.030144,8.000000,0.308627,8.000000,8.000000,8.000000,8.000000,9.000000,12.000000,0.018634,0.011192,0.204554,0.505235,calls/second,milliseconds
1779200851,8,12.000000,8.030144,8.000000,0.308627,8.000000,8.000000,8.000000,8.000000,9.000000,12.000000,0.018591,0.010297,0.201173,0.502436,calls/second,milliseconds
1779200852,8,12.000000,8.030144,8.000000,0.308627,8.000000,8.000000,8.000000,8.000000,9.000000,12.000000,0.018547,0.010297,0.201173,0.502436,calls/second,milliseconds
1779200853,8,12.000000,8.030144,8.000000,0.308627,8.000000,8.000000,8.000000,8.000000,9.000000,12.000000,0.018504,0.010297,0.201173,0.502436,calls/second,milliseconds
1779200854,8,12.000000,8.030144,8.000000,0.308627,8.000000,8.000000,8.000000,8.000000,9.000000,12.000000,0.018462,0.010297,0.201173,0.502436,calls/second,milliseconds
1779200855,8,12.000000,8.030144,8.000000,0.308627,8.000000,8.000000,8.000000,8.000000,9.000000,12.000000,0.018419,0.010297,0.201173,0.502436,calls/second,milliseconds
1779200856,8,12.000000,8.030144,8.000000,0.308627,8.000000,8.000000,8.000000,8.000000,9.000000,12.000000,0.018377,0.009474,0.197848,0.499652,calls/second,milliseconds
1779200857,8,12.000000,8.030144,8.000000,0.308627,8.000000,8.000000,8.000000,8.000000,9.000000,12.000000,0.018335,0.009474,0.197848,0.499652,calls/second,milliseconds
1779200858,8,12.000000,8.030144,8.000000,0.308627,8.000000,8.000000,8.000000,8.000000,9.000000,12.000000,0.018293,0.009474,0.197848,0.499652,calls/second,milliseconds
1779200859,8,12.000000,8.030144,8.000000,0.308627,8.000000,8.000000,8.000000,8.000000,9.000000,12.000000,0.018251,0.009474,0.197848,0.499652,calls/second,milliseconds
1779200860,8,12.000000,8.030144,8.000000,0.308627,8.000000,8.000000,8.000000,8.000000,9.000000,12.000000,0.018209,0.009474,0.197848,0.499652,calls/second,milliseconds
1779200861,8,12.000000,8.030144,8.000000,0.308627,8.000000,8.000000,8.000000,8.000000,9.000000,12.000000,0.018168,0.008717,0.194578,0.496884,calls/second,milliseconds
1779200862,8,12.000000,8.030144,8.000000,0.308627,8.000000,8.000000,8.000000,8.000000,9.000000,12.000000,0.018127,0.008717,0.194578,0.496884,calls/second,milliseconds
1779200863,8,12.000000,8.030144,8.000000,0.308627,8.000000,8.000000,8.000000,8.000000,9.000000,12.000000,0.018086,0.008717,0.194578,0.496884,calls/second,milliseconds
1779200864,8,12.000000,8.030144,8.000000,0.308627,8.000000,8.000000,8.000000,8.000000,9.000000,12.000000,0.018045,0.008717,0.194578,0.496884,calls/second,milliseconds
1779200865,8,12.000000,8.030144,8.000000,0.308627,8.000000,8.000000,8.000000,8.000000,9.000000,12.000000,0.018004,0.008717,0.194578,0.496884,calls/second,milliseconds
1779200866,8,12.000000,8.030144,8.000000,0.308627,8.000000,8.000000,8.000000,8.000000,9.000000,12.000000,0.017964,0.008020,0.191362,0.494131,calls/second,milliseconds
1779200867,8,12.000000,8.030144,8.000000,0.308627,8.000000,8.000000,8.000000,8.000000,9.000000,12.000000,0.017923,0.008020,0.191362,0.494131,calls/second,milliseconds
1779200868,8,12.000000,8.030144,8.000000,0.308627,8.000000,8.000000,8.000000,8.000000,9.000000,12.000000,0.017883,0.008020,0.191362,0.494131,calls/second,milliseconds
1779200869,8,12.000000,8.030144,8.000000,0.308627,8.000000,8.000000,8.000000,8.000000,9.000000,12.000000,0.017843,0.008020,0.191362,0.494131,calls/second,milliseconds
1779200870,8,12.000000,8.030144,8.000000,0.308627,8.000000,8.000000,8.000000,8.000000,9.000000,12.000000,0.017803,0.008020,0.191362,0.494131,calls/second,milliseconds
1779200871,8,12.000000,8.030144,8.000000,0.308627,8.000000,8.000000,8.000000,8.000000,9.000000,12.000000,0.017764,0.007378,0.188199,0.491394,calls/second,milliseconds
1779200872,8,12.000000,8.030144,8.000000,0.308627,8.000000,8.000000,8.000000,8.000000,9.000000,12.000000,0.017724,0.007378,0.188199,0.491394,calls/second,milliseconds
1779200873,8,12.000000,8.030144,8.000000,0.308627,8.000000,8.000000,8.000000,8.000000,9.000000,12.000000,0.017685,0.007378,0.188199,0.491394,calls/second,milliseconds
1779200874,8,12.000000,8.030144,8.000000,0.308627,8.000000,8.000000,8.000000,8.000000,9.000000,12.000000,0.017646,0.007378,0.188199,0.491394,calls/second,milliseconds
1779200875,8,12.000000,8.030144,8.000000,0.308627,8.000000,8.000000,8.000000,8.000000,9.000000,12.000000,0.017607,0.007378,0.188199,0.491394,calls/second,milliseconds
1779200876,8,12.000000,8.030144,8.000000,0.308627,8.000000,8.000000,8.000000,8.000000,9.000000,12.000000,0.017568,0.006789,0.185088,0.488671,calls/second,milliseconds
1779200877,8,12.000000,8.030144,8.000000,0.308627,8.000000,8.000000,8.000000,8.000000,9.000000,12.000000,0.017530,0.006789,0.185088,0.488671,calls/second,milliseconds
1779200878,8,12.000000,8.030144,8.000000,0.308627,8.000000,8.000000,8.000000,8.000000,9.000000,12.000000,0.017492,0.006789,0.185088,0.488671,calls/second,milliseconds
1779200879,8,12.000000,8.030144,8.000000,0.308627,8.000000,8.000000,8.000000,8.000000,9.000000,12.000000,0.017453,0.006789,0.185088,0.488671,calls/second,milliseconds
1779200880,8,12.000000,8.030144,8.000000,0.308627,8.000000,8.000000,8.000000,8.000000,9.000000,12.000000,0.017415,0.006789,0.185088,0.488671,calls/second,milliseconds
1779200881,8,12.000000,8.030144,8.000000,0.308627,8.000000,8.000000,8.000000,8.000000,9.000000,12.000000,0.017377,0.006246,0.182029,0.485964,calls/second,milliseconds
1779200882,8,12.000000,8.030144,8.000000,0.308627,8.000000,8.000000,8.000000,8.000000,9.000000,12.000000,0.017340,0.006246,0.182029,0.485964,calls/second,milliseconds
1779200883,8,12.000000,8.030144,8.000000,0.308627,8.000000,8.000000,8.000000,8.000000,9.000000,12.000000,0.017302,0.006246,0.182029,0.485964,calls/second,milliseconds
1779200884,8,12.000000,8.030144,8.000000,0.308627,8.000000,8.000000,8.000000,8.000000,9.000000,12.000000,0.017265,0.006246,0.182029,0.485964,calls/second,milliseconds
1779200885,8,12.000000,8.030144,8.000000,0.308627,8.000000,8.000000,8.000000,8.000000,9.000000,12.000000,0.017228,0.006246,0.182029,0.485964,calls/second,milliseconds
1779200886,8,12.000000,8.030144,8.000000,0.308627,8.000000,8.000000,8.000000,8.000000,9.000000,12.000000,0.017190,0.005746,0.179020,0.483272,calls/second,milliseconds
1779200887,8,12.000000,8.030144,8.000000,0.308627,8.000000,8.000000,8.000000,8.000000,9.000000,12.000000,0.017154,0.005746,0.179020,0.483272,calls/second,milliseconds
1779200888,8,12.000000,8.030144,8.000000,0.308627,8.000000,8.000000,8.000000,8.000000,9.000000,12.000000,0.017117,0.005746,0.179020,0.483272,calls/second,milliseconds
1779200889,8,12.000000,8.030144,8.000000,0.308627,8.000000,8.000000,8.000000,8.000000,9.000000,12.000000,0.017080,0.005746,0.179020,0.483272,calls/second,milliseconds
1779200890,8,12.000000,8.030144,8.000000,0.308627,8.000000,8.000000,8.000000,8.000000,9.000000,12.000000,0.017044,0.005746,0.179020,0.483272,calls/second,milliseconds
1779200891,8,12.000000,8.030144,8.000000,0.308627,8.000000,8.000000,8.000000,8.000000,9.000000,12.000000,0.017007,0.005287,0.176061,0.480594,calls/second,milliseconds
1779200892,8,12.000000,8.030144,8.000000,0.308627,8.000000,8.000000,8.000000,8.000000,9.000000,12.000000,0.016971,0.005287,0.176061,0.480594,calls/second,milliseconds
1779200893,8,12.000000,8.030144,8.000000,0.308627,8.000000,8.000000,8.000000,8.000000,9.000000,12.000000,0.016935,0.005287,0.176061,0.480594,calls/second,milliseconds
1779200894,8,12.000000,8.030144,8.000000,0.308627,8.000000,8.000000,8.000000,8.000000,9.000000,12.000000,0.016900,0.005287,0.176061,0.480594,calls/second,milliseconds
1779200895,8,12.000000,8.030144,8.000000,0.308627,8.000000,8.000000,8.000000,8.000000,9.000000,12.000000,0.016864,0.005287,0.176061,0.480594,calls/second,milliseconds
1779200896,8,12.000000,8.030144,8.000000,0.308627,8.000000,8.000000,8.000000,8.000000,9.000000,12.000000,0.016828,0.004864,0.173151,0.477932,calls/second,milliseconds
1779200897,8,12.000000,8.030144,8.000000,0.308627,8.000000,8.000000,8.000000,8.000000,9.000000,12.000000,0.016793,0.004864,0.173151,0.477932,calls/second,milliseconds
1779200898,8,12.000000,8.030144,8.000000,0.308627,8.000000,8.000000,8.000000,8.000000,9.000000,12.000000,0.016758,0.004864,0.173151,0.477932,calls/second,milliseconds
1779200899,8,12.000000,8.030144,8.000000,0.308627,8.000000,8.000000,8.000000,8.000000,9.000000,12.000000,0.016723,0.004864,0.173151,0.477932,calls/second,milliseconds
1779200900,8,12.000000,8.030144,8.000000,0.308627,8.000000,8.000000,8.000000,8.000000,9.000000,12.000000,0.016688,0.004864,0.173151,0.477932,calls/second,milliseconds
1779200901,8,12.000000,8.030144,8.000000,0.308627,8.000000,8.000000,8.000000,8.000000,9.000000,12.000000,0.016653,0.004475,0.170289,0.475284,calls/second,milliseconds
1779200902,8,12.000000,8.030144,8.000000,0.308627,8.000000,8.000000,8.000000,8.000000,9.000000,12.000000,0.016618,0.004475,0.170289,0.475284,calls/second,milliseconds
1779200903,8,12.000000,8.030144,8.000000,0.308627,8.000000,8.000000,8.000000,8.000000,9.000000,12.000000,0.016584,0.004475,0.170289,0.475284,calls/second,milliseconds
1779200904,8,12.000000,8.030144,8.000000,0.308627,8.000000,8.000000,8.000000,8.000000,9.000000,12.000000,0.016549,0.004475,0.170289,0.475284,calls/second,milliseconds
1779200905,8,12.000000,8.030144,8.000000,0.308627,8.000000,8.000000,8.000000,8.000000,9.000000,12.000000,0.016515,0.004475,0.170289,0.475284,calls/second,milliseconds
1779200906,8,12.000000,8.030144,8.000000,0.308627,8.000000,8.000000,8.000000,8.000000,9.000000,12.000000,0.016481,0.004117,0.167475,0.472651,calls/second,milliseconds
1779200907,8,12.000000,8.030144,8.000000,0.308627,8.000000,8.000000,8.000000,8.000000,9.000000,12.000000,0.016447,0.004117,0.167475,0.472651,calls/second,milliseconds
1779200908,8,12.000000,8.030144,8.000000,0.308627,8.000000,8.000000,8.000000,8.000000,9.000000,12.000000,0.016413,0.004117,0.167475,0.472651,calls/second,milliseconds
1779200909,8,12.000000,8.030144,8.000000,0.308627,8.000000,8.000000,8.000000,8.000000,9.000000,12.000000,0.016380,0.004117,0.167475,0.472651,calls/second,milliseconds
1779200910,8,12.000000,8.030144,8.000000,0.308627,8.000000,8.000000,8.000000,8.000000,9.000000,12.000000,0.016346,0.004117,0.167475,0.472651,calls/second,milliseconds
1779200911,8,12.000000,8.030144,8.000000,0.308627,8.000000,8.000000,8.000000,8.000000,9.000000,12.000000,0.016313,0.003788,0.164706,0.470032,calls/second,milliseconds
1779200912,8,12.000000,8.030144,8.000000,0.308627,8.000000,8.000000,8.000000,8.000000,9.000000,12.000000,0.016280,0.003788,0.164706,0.470032,calls/second,milliseconds
1779200913,8,12.000000,8.030144,8.000000,0.308627,8.000000,8.000000,8.000000,8.000000,9.000000,12.000000,0.016246,0.003788,0.164706,0.470032,calls/second,milliseconds
1779200914,8,12.000000,8.030144,8.000000,0.308627,8.000000,8.000000,8.000000,8.000000,9.000000,12.000000,0.016214,0.003788,0.164706,0.470032,calls/second,milliseconds
1779200915,8,12.000000,8.030144,8.000000,0.308627,8.000000,8.000000,8.000000,8.000000,9.000000,12.000000,0.016181,0.003788,0.164706,0.470032,calls/second,milliseconds
1779200916,8,12.000000,8.030144,8.000000,0.308627,8.000000,8.000000,8.000000,8.000000,9.000000,12.000000,0.016148,0.003485,0.161984,0.467428,calls/second,milliseconds
1779200917,8,12.000000,8.030144,8.000000,0.308627,8.000000,8.000000,8.000000,8.000000,9.000000,12.000000,0.016115,0.003485,0.161984,0.467428,calls/second,milliseconds
1779200918,8,12.000000,8.030144,8.000000,0.308627,8.000000,8.000000,8.000000,8.000000,9.000000,12.000000,0.016083,0.003485,0.161984,0.467428,calls/second,milliseconds
1779200919,8,12.000000,8.030144,8.000000,0.308627,8.000000,8.000000,8.000000,8.000000,9.000000,12.000000,0.016051,0.003485,0.161984,0.467428,calls/second,milliseconds
1779200920,8,12.000000,8.030144,8.000000,0.308627,8.000000,8.000000,8.000000,8.000000,9.000000,12.000000,0.016018,0.003485,0.161984,0.467428,calls/second,milliseconds
1779200921,8,12.000000,8.030144,8.000000,0.308627,8.000000,8.000000,8.000000,8.000000,9.000000,12.000000,0.015986,0.003207,0.159307,0.464839,calls/second,milliseconds
1779200922,8,12.000000,8.030144,8.000000,0.308627,8.000000,8.000000,8.000000,8.000000,9.000000,12.000000,0.015954,0.003207,0.159307,0.464839,calls/second,milliseconds
1779200923,8,12.000000,8.030144,8.000000,0.308627,8.000000,8.000000,8.000000,8.000000,9.000000,12.000000,0.015922,0.003207,0.159307,0.464839,calls/second,milliseconds
1779200924,9,12.000000,7.187705,7.000000,0.418910,7.000000,7.000000,8.000000,8.000000,8.000000,10.000000,0.017877,0.003207,0.159307,0.464839,calls/second,milliseconds
1779200925,9,12.000000,7.187705,7.000000,0.418910,7.000000,7.000000,8.000000,8.000000,8.000000,10.000000,0.017842,0.003207,0.159307,0.464839,calls/second,milliseconds
1779200926,9,12.000000,7.187705,7.000000,0.418910,7.000000,7.000000,8.000000,8.000000,8.000000,10.000000,0.017806,0.018941,0.159979,0.463371,calls/second,milliseconds
1779200927,9,12.000000,7.187705,7.000000,0.418910,7.000000,7.000000,8.000000,8.000000,8.000000,10.000000,0.017771,0.018941,0.159979,0.463371,calls/second,milliseconds
1779200928,9,12.000000,7.187705,7.000000,0.418910,7.000000,7.000000,8.000000,8.000000,8.000000,10.000000,0.017736,0.018941,0.159979,0.463371,calls/second,milliseconds
1779200929,9,12.000000,7.187705,7.000000,0.418910,7.000000,7.000000,8.000000,8.000000,8.000000,10.000000,0.017701,0.018941,0.159979,0.463371,calls/second,milliseconds
1779200930,9,12.000000,7.187705,7.000000,0.418910,7.000000,7.000000,8.000000,8.000000,8.000000,10.000000,0.017666,0.018941,0.159979,0.463371,calls/second,milliseconds
1779200931,9,12.000000,7.187705,7.000000,0.418910,7.000000,7.000000,8.000000,8.000000,8.000000,10.000000,0.017632,0.017427,0.157335,0.460804,calls/second,milliseconds
1779200932,9,12.000000,7.187705,7.000000,0.418910,7.000000,7.000000,8.000000,8.000000,8.000000,10.000000,0.017597,0.017427,0.157335,0.460804,calls/second,milliseconds
1779200933,9,12.000000,7.187705,7.000000,0.418910,7.000000,7.000000,8.000000,8.000000,8.000000,10.000000,0.017563,0.017427,0.157335,0.460804,calls/second,milliseconds
1779200934,9,12.000000,7.187705,7.000000,0.418910,7.000000,7.000000,8.000000,8.000000,8.000000,10.000000,0.017528,0.017427,0.157335,0.460804,calls/second,milliseconds
1779200935,9,12.000000,7.187705,7.000000,0.418910,7.000000,7.000000,8.000000,8.000000,8.000000,10.000000,0.017494,0.017427,0.157335,0.460804,calls/second,milliseconds
1779200936,9,12.000000,7.187705,7.000000,0.418910,7.000000,7.000000,8.000000,8.000000,8.000000,10.000000,0.017460,0.016034,0.154735,0.458251,calls/second,milliseconds
1779200937,9,12.000000,7.187705,7.000000,0.418910,7.000000,7.000000,8.000000,8.000000,8.000000,10.000000,0.017427,0.016034,0.154735,0.458251,calls/second,milliseconds
1779200938,9,12.000000,7.187705,7.000000,0.418910,7.000000,7.000000,8.000000,8.000000,8.000000,10.000000,0.017393,0.016034,0.154735,0.458251,calls/second,milliseconds
1779200939,9,12.000000,7.187705,7.000000,0.418910,7.000000,7.000000,8.000000,8.000000,8.000000,10.000000,0.017359,0.016034,0.154735,0.458251,calls/second,milliseconds
1779200940,9,12.000000,7.187705,7.000000,0.418910,7.000000,7.000000,8.000000,8.000000,8.000000,10.000000,0.017326,0.016034,0.154735,0.458251,calls/second,milliseconds
1779200941,9,12.000000,7.187705,7.000000,0.418910,7.000000,7.000000,8.000000,8.000000,8.000000,10.000000,0.017292,0.014752,0.152177,0.455712,calls/second,milliseconds
1779200942,9,12.000000,7.187705,7.000000,0.418910,7.000000,7.000000,8.000000,8.000000,8.000000,10.000000,0.017259,0.014752,0.152177,0.455712,calls/second,milliseconds
1779200943,9,12.000000,7.187705,7.000000,0.418910,7.000000,7.000000,8.000000,8.000000,8.000000,10.000000,0.017226,0.014752,0.152177,0.455712,calls/second,milliseconds
1779200944,9,12.000000,7.187705,7.000000,0.418910,7.000000,7.000000,8.000000,8.000000,8.000000,10.000000,0.017193,0.014752,0.152177,0.455712,calls/second,milliseconds
1779200945,9,12.000000,7.187705,7.000000,0.418910,7.000000,7.000000,8.000000,8.000000,8.000000,10.000000,0.017160,0.014752,0.152177,0.455712,calls/second,milliseconds
1779200946,9,12.000000,7.187705,7.000000,0.418910,7.000000,7.000000,8.000000,8.000000,8.000000,10.000000,0.017128,0.013572,0.149662,0.453188,calls/second,milliseconds
1779200947,9,12.000000,7.187705,7.000000,0.418910,7.000000,7.000000,8.000000,8.000000,8.000000,10.000000,0.017095,0.013572,0.149662,0.453188,calls/second,milliseconds
1779200948,9,12.000000,7.187705,7.000000,0.418910,7.000000,7.000000,8.000000,8.000000,8.000000,10.000000,0.017063,0.013572,0.149662,0.453188,calls/second,milliseconds
1779200949,9,12.000000,7.187705,7.000000,0.418910,7.000000,7.000000,8.000000,8.000000,8.000000,10.000000,0.017030,0.013572,0.149662,0.453188,calls/second,milliseconds
1779200950,9,12.000000,7.187705,7.000000,0.418910,7.000000,7.000000,8.000000,8.000000,8.000000,10.000000,0.016998,0.013572,0.149662,0.453188,calls/second,milliseconds
1779200951,9,12.000000,7.187705,7.000000,0.418910,7.000000,7.000000,8.000000,8.000000,8.000000,10.000000,0.016966,0.012487,0.147188,0.450677,calls/second,milliseconds
1779200952,9,12.000000,7.187705,7.000000,0.418910,7.000000,7.000000,8.000000,8.000000,8.000000,10.000000,0.016934,0.012487,0.147188,0.450677,calls/second,milliseconds
1779200953,9,12.000000,7.187705,7.000000,0.418910,7.000000,7.000000,8.000000,8.000000,8.000000,10.000000,0.016902,0.012487,0.147188,0.450677,calls/second,milliseconds
1779200954,9,12.000000,7.187705,7.000000,0.418910,7.000000,7.000000,8.000000,8.000000,8.000000,10.000000,0.016870,0.012487,0.147188,0.450677,calls/second,milliseconds
1779200955,9,12.000000,7.187705,7.000000,0.418910,7.000000,7.000000,8.000000,8.000000,8.000000,10.000000,0.016839,0.012487,0.147188,0.450677,calls/second,milliseconds
1779200956,9,12.000000,7.187705,7.000000,0.418910,7.000000,7.000000,8.000000,8.000000,8.000000,10.000000,0.016807,0.011489,0.144755,0.448180,calls/second,milliseconds
1779200957,9,12.000000,7.187705,7.000000,0.418910,7.000000,7.000000,8.000000,8.000000,8.000000,10.000000,0.016776,0.011489,0.144755,0.448180,calls/second,milliseconds
1779200958,9,12.000000,7.187705,7.000000,0.418910,7.000000,7.000000,8.000000,8.000000,8.000000,10.000000,0.016745,0.011489,0.144755,0.448180,calls/second,milliseconds
1779200959,9,12.000000,7.187705,7.000000,0.418910,7.000000,7.000000,8.000000,8.000000,8.000000,10.000000,0.016714,0.011489,0.144755,0.448180,calls/second,milliseconds
1779200960,9,12.000000,7.187705,7.000000,0.418910,7.000000,7.000000,8.000000,8.000000,8.000000,10.000000,0.016682,0.011489,0.144755,0.448180,calls/second,milliseconds
1779200961,9,12.000000,7.187705,7.000000,0.418910,7.000000,7.000000,8.000000,8.000000,8.000000,10.000000,0.016652,0.010570,0.142363,0.445697,calls/second,milliseconds
1779200962,9,12.000000,7.187705,7.000000,0.418910,7.000000,7.000000,8.000000,8.000000,8.000000,10.000000,0.016621,0.010570,0.142363,0.445697,calls/second,milliseconds
1779200963,9,12.000000,7.187705,7.000000,0.418910,7.000000,7.000000,8.000000,8.000000,8.000000,10.000000,0.016590,0.010570,0.142363,0.445697,calls/second,milliseconds
1779200964,9,12.000000,7.187705,7.000000,0.418910,7.000000,7.000000,8.000000,8.000000,8.000000,10.000000,0.016560,0.010570,0.142363,0.445697,calls/second,milliseconds
1779200965,9,12.000000,7.187705,7.000000,0.418910,7.000000,7.000000,8.000000,8.000000,8.000000,10.000000,0.016529,0.010570,0.142363,0.445697,calls/second,milliseconds
1779200966,9,12.000000,7.187705,7.000000,0.418910,7.000000,7.000000,8.000000,8.000000,8.000000,10.000000,0.016499,0.009725,0.140010,0.443228,calls/second,milliseconds
1779200967,9,12.000000,7.187705,7.000000,0.418910,7.000000,7.000000,8.000000,8.000000,8.000000,10.000000,0.016468,0.009725,0.140010,0.443228,calls/second,milliseconds
1779200968,9,12.000000,7.187705,7.000000,0.418910,7.000000,7.000000,8.000000,8.000000,8.000000,10.000000,0.016438,0.009725,0.140010,0.443228,calls/second,milliseconds
1779200969,9,12.000000,7.187705,7.000000,0.418910,7.000000,7.000000,8.000000,8.000000,8.000000,10.000000,0.016408,0.009725,0.140010,0.443228,calls/second,milliseconds
1779200970,9,12.000000,7.187705,7.000000,0.418910,7.000000,7.000000,8.000000,8.000000,8.000000,10.000000,0.016378,0.009725,0.140010,0.443228,calls/second,milliseconds
1779200971,9,12.000000,7.187705,7.000000,0.418910,7.000000,7.000000,8.000000,8.000000,8.000000,10.000000,0.016349,0.008947,0.137695,0.440772,calls/second,milliseconds
1779200972,9,12.000000,7.187705,7.000000,0.418910,7.000000,7.000000,8.000000,8.000000,8.000000,10.000000,0.016319,0.008947,0.137695,0.440772,calls/second,milliseconds
1779200973,9,12.000000,7.187705,7.000000,0.418910,7.000000,7.000000,8.000000,8.000000,8.000000,10.000000,0.016289,0.008947,0.137695,0.440772,calls/second,milliseconds
1779200974,9,12.000000,7.187705,7.000000,0.418910,7.000000,7.000000,8.000000,8.000000,8.000000,10.000000,0.016260,0.008947,0.137695,0.440772,calls/second,milliseconds
1779200975,9,12.000000,7.187705,7.000000,0.418910,7.000000,7.000000,8.000000,8.000000,8.000000,10.000000,0.016231,0.008947,0.137695,0.440772,calls/second,milliseconds
1779200976,9,12.000000,7.187705,7.000000,0.418910,7.000000,7.000000,8.000000,8.000000,8.000000,10.000000,0.016201,0.008232,0.135420,0.438330,calls/second,milliseconds
1779200977,9,12.000000,7.187705,7.000000,0.418910,7.000000,7.000000,8.000000,8.000000,8.000000,10.000000,0.016172,0.008232,0.135420,0.438330,calls/second,milliseconds
1779200978,9,12.000000,7.187705,7.000000,0.418910,7.000000,7.000000,8.000000,8.000000,8.000000,10.000000,0.016143,0.008232,0.135420,0.438330,calls/second,milliseconds
1779200979,9,12.000000,7.187705,7.000000,0.418910,7.000000,7.000000,8.000000,8.000000,8.000000,10.000000,0.016114,0.008232,0.135420,0.438330,calls/second,milliseconds
1779200980,9,12.000000,7.187705,7.000000,0.418910,7.000000,7.000000,8.000000,8.000000,8.000000,10.000000,0.016085,0.008232,0.135420,0.438330,calls/second,milliseconds
1779200981,9,12.000000,7.187705,7.000000,0.418910,7.000000,7.000000,8.000000,8.000000,8.000000,10.000000,0.016057,0.007574,0.133181,0.435902,calls/second,milliseconds
1779200982,9,12.000000,7.187705,7.000000,0.418910,7.000000,7.000000,8.000000,8.000000,8.000000,10.000000,0.016028,0.007574,0.133181,0.435902,calls/second,milliseconds
1779200983,9,12.000000,7.187705,7.000000,0.418910,7.000000,7.000000,8.000000,8.000000,8.000000,10.000000,0.015999,0.007574,0.133181,0.435902,calls/second,milliseconds
1779200984,9,12.000000,7.187705,7.000000,0.418910,7.000000,7.000000,8.000000,8.000000,8.000000,10.000000,0.015971,0.007574,0.133181,0.435902,calls/second,milliseconds
1779200985,9,12.000000,7.187705,7.000000,0.418910,7.000000,7.000000,8.000000,8.000000,8.000000,10.000000,0.015943,0.007574,0.133181,0.435902,calls/second,milliseconds
1779200986,9,12.000000,7.187705,7.000000,0.418910,7.000000,7.000000,8.000000,8.000000,8.000000,10.000000,0.015914,0.006968,0.130980,0.433487,calls/second,milliseconds
1779200987,9,12.000000,7.187705,7.000000,0.418910,7.000000,7.000000,8.000000,8.000000,8.000000,10.000000,0.015886,0.006968,0.130980,0.433487,calls/second,milliseconds
1779200988,9,12.000000,7.187705,7.000000,0.418910,7.000000,7.000000,8.000000,8.000000,8.000000,10.000000,0.015858,0.006968,0.130980,0.433487,calls/second,milliseconds
1779200989,9,12.000000,7.187705,7.000000,0.418910,7.000000,7.000000,8.000000,8.000000,8.000000,10.000000,0.015830,0.006968,0.130980,0.433487,calls/second,milliseconds
1779200990,9,12.000000,7.187705,7.000000,0.418910,7.000000,7.000000,8.000000,8.000000,8.000000,10.000000,0.015803,0.006968,0.130980,0.433487,calls/second,milliseconds
1779200991,9,12.000000,7.187705,7.000000,0.418910,7.000000,7.000000,8.000000,8.000000,8.000000,10.000000,0.015775,0.006411,0.128815,0.431086,calls/second,milliseconds
1779200992,9,12.000000,7.187705,7.000000,0.418910,7.000000,7.000000,8.000000,8.000000,8.000000,10.000000,0.015747,0.006411,0.128815,0.431086,calls/second,milliseconds
1779200993,9,12.000000,7.187705,7.000000,0.418910,7.000000,7.000000,8.000000,8.000000,8.000000,10.000000,0.015720,0.006411,0.128815,0.431086,calls/second,milliseconds
1779200994,9,12.000000,7.187705,7.000000,0.418910,7.000000,7.000000,8.000000,8.000000,8.000000,10.000000,0.015692,0.006411,0.128815,0.431086,calls/second,milliseconds
1779200995,9,12.000000,7.187705,7.000000,0.418910,7.000000,7.000000,8.000000,8.000000,8.000000,10.000000,0.015665,0.006411,0.128815,0.431086,calls/second,milliseconds
1779200996,9,12.000000,7.187705,7.000000,0.418910,7.000000,7.000000,8.000000,8.000000,8.000000,10.000000,0.015638,0.005898,0.126686,0.428697,calls/second,milliseconds
1779200997,9,12.000000,7.187705,7.000000,0.418910,7.000000,7.000000,8.000000,8.000000,8.000000,10.000000,0.015610,0.005898,0.126686,0.428697,calls/second,milliseconds
1779200998,9,12.000000,7.187705,7.000000,0.418910,7.000000,7.000000,8.000000,8.000000,8.000000,10.000000,0.015583,0.005898,0.126686,0.428697,calls/second,milliseconds
1779200999,9,12.000000,7.187705,7.000000,0.418910,7.000000,7.000000,8.000000,8.000000,8.000000,10.000000,0.015556,0.005898,0.126686,0.428697,calls/second,milliseconds
1779201000,9,12.000000,7.187705,7.000000,0.418910,7.000000,7.000000,8.000000,8.000000,8.000000,10.000000,0.015529,0.005898,0.126686,0.428697,calls/second,milliseconds
1779201001,9,12.000000,7.187705,7.000000,0.418910,7.000000,7.000000,8.000000,8.000000,8.000000,10.000000,0.015503,0.005427,0.124592,0.426322,calls/second,milliseconds
1779201002,9,12.000000,7.187705,7.000000,0.418910,7.000000,7.000000,8.000000,8.000000,8.000000,10.000000,0.015476,0.005427,0.124592,0.426322,calls/second,milliseconds
1779201003,9,12.000000,7.187705,7.000000,0.418910,7.000000,7.000000,8.000000,8.000000,8.000000,10.000000,0.015449,0.005427,0.124592,0.426322,calls/second,milliseconds
1779201004,9,12.000000,7.187705,7.000000,0.418910,7.000000,7.000000,8.000000,8.000000,8.000000,10.000000,0.015423,0.005427,0.124592,0.426322,calls/second,milliseconds
1779201005,9,12.000000,7.187705,7.000000,0.418910,7.000000,7.000000,8.000000,8.000000,8.000000,10.000000,0.015396,0.005427,0.124592,0.426322,calls/second,milliseconds
1779201006,9,12.000000,7.187705,7.000000,0.418910,7.000000,7.000000,8.000000,8.000000,8.000000,10.000000,0.015370,0.004993,0.122533,0.423960,calls/second,milliseconds
1779201007,9,12.000000,7.187705,7.000000,0.418910,7.000000,7.000000,8.000000,8.000000,8.000000,10.000000,0.015344,0.004993,0.122533,0.423960,calls/second,milliseconds
1779201008,9,12.000000,7.187705,7.000000,0.418910,7.000000,7.000000,8.000000,8.000000,8.000000,10.000000,0.015318,0.004993,0.122533,0.423960,calls/second,milliseconds
1779201009,9,12.000000,7.187705,7.000000,0.418910,7.000000,7.000000,8.000000,8.000000,8.000000,10.000000,0.015292,0.004993,0.122533,0.423960,calls/second,milliseconds
1779201010,9,12.000000,7.187705,7.000000,0.418910,7.000000,7.000000,8.000000,8.000000,8.000000,10.000000,0.015266,0.004993,0.122533,0.423960,calls/second,milliseconds
1779201011,9,12.000000,7.187705,7.000000,0.418910,7.000000,7.000000,8.000000,8.000000,8.000000,10.000000,0.015240,0.004594,0.120507,0.421611,calls/second,milliseconds
1779201012,9,12.000000,7.187705,7.000000,0.418910,7.000000,7.000000,8.000000,8.000000,8.000000,10.000000,0.015214,0.004594,0.120507,0.421611,calls/second,milliseconds
1779201013,9,12.000000,7.187705,7.000000,0.418910,7.000000,7.000000,8.000000,8.000000,8.000000,10.000000,0.015188,0.004594,0.120507,0.421611,calls/second,milliseconds
1779201014,9,12.000000,7.187705,7.000000,0.418910,7.000000,7.000000,8.000000,8.000000,8.000000,10.000000,0.015163,0.004594,0.120507,0.421611,calls/second,milliseconds
1779201015,9,12.000000,7.187705,7.000000,0.418910,7.000000,7.000000,8.000000,8.000000,8.000000,10.000000,0.015137,0.004594,0.120507,0.421611,calls/second,milliseconds
1779201016,9,12.000000,7.187705,7.000000,0.418910,7.000000,7.000000,8.000000,8.000000,8.000000,10.000000,0.015112,0.004226,0.118516,0.419276,calls/second,milliseconds
1779201017,9,12.000000,7.187705,7.000000,0.418910,7.000000,7.000000,8.000000,8.000000,8.000000,10.000000,0.015086,0.004226,0.118516,0.419276,calls/second,milliseconds
1779201018,9,12.000000,7.187705,7.000000,0.418910,7.000000,7.000000,8.000000,8.000000,8.000000,10.000000,0.015061,0.004226,0.118516,0.419276,calls/second,milliseconds
1779201019,9,12.000000,7.187705,7.000000,0.418910,7.000000,7.000000,8.000000,8.000000,8.000000,10.000000,0.015036,0.004226,0.118516,0.419276,calls/second,milliseconds
1779201020,9,12.000000,7.187705,7.000000,0.418910,7.000000,7.000000,8.000000,8.000000,8.000000,10.000000,0.015011,0.004226,0.118516,0.419276,calls/second,milliseconds
1779201021,9,12.000000,7.187705,7.000000,0.418910,7.000000,7.000000,8.000000,8.000000,8.000000,10.000000,0.014986,0.003888,0.116557,0.416953,calls/second,milliseconds
1779201022,9,12.000000,7.187705,7.000000,0.418910,7.000000,7.000000,8.000000,8.000000,8.000000,10.000000,0.014961,0.003888,0.116557,0.416953,calls/second,milliseconds
1779201023,9,12.000000,7.187705,7.000000,0.418910,7.000000,7.000000,8.000000,8.000000,8.000000,10.000000,0.014936,0.003888,0.116557,0.416953,calls/second,milliseconds
1779201024,9,12.000000,7.187705,7.000000,0.418910,7.000000,7.000000,8.000000,8.000000,8.000000,10.000000,0.014911,0.003888,0.116557,0.416953,calls/second,milliseconds
1779201025,9,12.000000,7.187705,7.000000,0.418910,7.000000,7.000000,8.000000,8.000000,8.000000,10.000000,0.014886,0.003888,0.116557,0.416953,calls/second,milliseconds
1779201026,9,12.000000,7.187705,7.000000,0.418910,7.000000,7.000000,8.000000,8.000000,8.000000,10.000000,0.014862,0.003578,0.114630,0.414643,calls/second,milliseconds
1779201027,9,12.000000,7.187705,7.000000,0.418910,7.000000,7.000000,8.000000,8.000000,8.000000,10.000000,0.014837,0.003578,0.114630,0.414643,calls/second,milliseconds
1779201028,9,12.000000,7.187705,7.000000,0.418910,7.000000,7.000000,8.000000,8.000000,8.000000,10.000000,0.014813,0.003578,0.114630,0.414643,calls/second,milliseconds
1779201029,9,12.000000,7.187705,7.000000,0.418910,7.000000,7.000000,8.000000,8.000000,8.000000,10.000000,0.014788,0.003578,0.114630,0.414643,calls/second,milliseconds
1779201030,9,12.000000,7.187705,7.000000,0.418910,7.000000,7.000000,8.000000,8.000000,8.000000,10.000000,0.014764,0.003578,0.114630,0.414643,calls/second,milliseconds
1779201031,9,12.000000,7.187705,7.000000,0.418910,7.000000,7.000000,8.000000,8.000000,8.000000,10.000000,0.014740,0.003292,0.112736,0.412346,calls/second,milliseconds
1779201032,9,12.000000,7.187705,7.000000,0.418910,7.000000,7.000000,8.000000,8.000000,8.000000,10.000000,0.014716,0.003292,0.112736,0.412346,calls/second,milliseconds
1779201033,9,12.000000,7.187705,7.000000,0.418910,7.000000,7.000000,8.000000,8.000000,8.000000,10.000000,0.014692,0.003292,0.112736,0.412346,calls/second,milliseconds
1779201034,9,12.000000,7.187705,7.000000,0.418910,7.000000,7.000000,8.000000,8.000000,8.000000,10.000000,0.014668,0.003292,0.112736,0.412346,calls/second,milliseconds
1779201035,9,12.000000,7.187705,7.000000,0.418910,7.000000,7.000000,8.000000,8.000000,8.000000,10.000000,0.014644,0.003292,0.112736,0.412346,calls/second,milliseconds
1779201036,9,12.000000,7.187705,7.000000,0.418910,7.000000,7.000000,8.000000,8.000000,8.000000,10.000000,0.014620,0.003028,0.110872,0.410061,calls/second,milliseconds
1779201037,9,12.000000,7.187705,7.000000,0.418910,7.000000,7.000000,8.000000,8.000000,8.000000,10.000000,0.014596,0.003028,0.110872,0.410061,calls/second,milliseconds
1779201038,10,12.000000,10.309557,7.000000,1.478933,11.000000,11.000000,11.000000,11.000000,11.000000,11.000000,0.016192,0.003028,0.110872,0.410061,calls/second,milliseconds
1779201039,10,12.000000,10.309557,7.000000,1.478933,11.000000,11.000000,11.000000,11.000000,11.000000,11.000000,0.016165,0.003028,0.110872,0.410061,calls/second,milliseconds
1779201040,10,12.000000,10.309557,7.000000,1.478933,11.000000,11.000000,11.000000,11.000000,11.000000,11.000000,0.016139,0.003028,0.110872,0.410061,calls/second,milliseconds
1779201041,10,12.000000,10.309557,7.000000,1.478933,11.000000,11.000000,11.000000,11.000000,11.000000,11.000000,0.016113,0.018777,0.112345,0.408897,calls/second,milliseconds
1779201042,10,12.000000,10.309557,7.000000,1.478933,11.000000,11.000000,11.000000,11.000000,11.000000,11.000000,0.016087,0.018777,0.112345,0.408897,calls/second,milliseconds
1779201043,10,12.000000,10.309557,7.000000,1.478933,11.000000,11.000000,11.000000,11.000000,11.000000,11.000000,0.016061,0.018777,0.112345,0.408897,calls/second,milliseconds
1779201044,10,12.000000,10.309557,7.000000,1.478933,11.000000,11.000000,11.000000,11.000000,11.000000,11.000000,0.016036,0.018777,0.112345,0.408897,calls/second,milliseconds
1779201045,10,12.000000,10.309557,7.000000,1.478933,11.000000,11.000000,11.000000,11.000000,11.000000,11.000000,0.016010,0.018777,0.112345,0.408897,calls/second,milliseconds
1779201046,10,12.000000,10.309557,7.000000,1.478933,11.000000,11.000000,11.000000,11.000000,11.000000,11.000000,0.015984,0.017276,0.110488,0.406632,calls/second,milliseconds
1779201047,10,12.000000,10.309557,7.000000,1.478933,11.000000,11.000000,11.000000,11.000000,11.000000,11.000000,0.015959,0.017276,0.110488,0.406632,calls/second,milliseconds
1779201048,10,12.000000,10.309557,7.000000,1.478933,11.000000,11.000000,11.000000,11.000000,11.000000,11.000000,0.015933,0.017276,0.110488,0.406632,calls/second,milliseconds
1779201049,10,12.000000,10.309557,7.000000,1.478933,11.000000,11.000000,11.000000,11.000000,11.000000,11.000000,0.015908,0.017276,0.110488,0.406632,calls/second,milliseconds
1779201050,10,12.000000,10.309557,7.000000,1.478933,11.000000,11.000000,11.000000,11.000000,11.000000,11.000000,0.015882,0.017276,0.110488,0.406632,calls/second,milliseconds
1779201051,10,12.000000,10.309557,7.000000,1.478933,11.000000,11.000000,11.000000,11.000000,11.000000,11.000000,0.015857,0.015895,0.108662,0.404379,calls/second,milliseconds
1779201052,10,12.000000,10.309557,7.000000,1.478933,11.000000,11.000000,11.000000,11.000000,11.000000,11.000000,0.015832,0.015895,0.108662,0.404379,calls/second,milliseconds
1779201053,10,12.000000,10.309557,7.000000,1.478933,11.000000,11.000000,11.000000,11.000000,11.000000,11.000000,0.015807,0.015895,0.108662,0.404379,calls/second,milliseconds
1779201054,10,12.000000,10.309557,7.000000,1.478933,11.000000,11.000000,11.000000,11.000000,11.000000,11.000000,0.015782,0.015895,0.108662,0.404379,calls/second,milliseconds
1779201055,10,12.000000,10.309557,7.000000,1.478933,11.000000,11.000000,11.000000,11.000000,11.000000,11.000000,0.015757,0.015895,0.108662,0.404379,calls/second,milliseconds
1779201056,10,12.000000,10.309557,7.000000,1.478933,11.000000,11.000000,11.000000,11.000000,11.000000,11.000000,0.015732,0.014624,0.106866,0.402139,calls/second,milliseconds
1779201057,10,12.000000,10.309557,7.000000,1.478933,11.000000,11.000000,11.000000,11.000000,11.000000,11.000000,0.015708,0.014624,0.106866,0.402139,calls/second,milliseconds
1779201058,10,12.000000,10.309557,7.000000,1.478933,11.000000,11.000000,11.000000,11.000000,11.000000,11.000000,0.015683,0.014624,0.106866,0.402139,calls/second,milliseconds
1779201059,10,12.000000,10.309557,7.000000,1.478933,11.000000,11.000000,11.000000,11.000000,11.000000,11.000000,0.015658,0.014624,0.106866,0.402139,calls/second,milliseconds
1779201060,10,12.000000,10.309557,7.000000,1.478933,11.000000,11.000000,11.000000,11.000000,11.000000,11.000000,0.015634,0.014624,0.106866,0.402139,calls/second,milliseconds
1779201061,10,12.000000,10.309557,7.000000,1.478933,11.000000,11.000000,11.000000,11.000000,11.000000,11.000000,0.015609,0.013455,0.105100,0.399911,calls/second,milliseconds
1779201062,10,12.000000,10.309557,7.000000,1.478933,11.000000,11.000000,11.000000,11.000000,11.000000,11.000000,0.015585,0.013455,0.105100,0.399911,calls/second,milliseconds
1779201063,10,12.000000,10.309557,7.000000,1.478933,11.000000,11.000000,11.000000,11.000000,11.000000,11.000000,0.015561,0.013455,0.105100,0.399911,calls/second,milliseconds
1779201064,10,12.000000,10.309557,7.000000,1.478933,11.000000,11.000000,11.000000,11.000000,11.000000,11.000000,0.015536,0.013455,0.105100,0.399911,calls/second,milliseconds
1779201065,10,12.000000,10.309557,7.000000,1.478933,11.000000,11.000000,11.000000,11.000000,11.000000,11.000000,0.015512,0.013455,0.105100,0.399911,calls/second,milliseconds
1779201066,10,12.000000,10.309557,7.000000,1.478933,11.000000,11.000000,11.000000,11.000000,11.000000,11.000000,0.015488,0.012379,0.103363,0.397695,calls/second,milliseconds
1779201067,10,12.000000,10.309557,7.000000,1.478933,11.000000,11.000000,11.000000,11.000000,11.000000,11.000000,0.015464,0.012379,0.103363,0.397695,calls/second,milliseconds
1779201068,10,12.000000,10.309557,7.000000,1.478933,11.000000,11.000000,11.000000,11.000000,11.000000,11.000000,0.015440,0.012379,0.103363,0.397695,calls/second,milliseconds
1779201069,10,12.000000,10.309557,7.000000,1.478933,11.000000,11.000000,11.000000,11.000000,11.000000,11.000000,0.015417,0.012379,0.103363,0.397695,calls/second,milliseconds
1779201070,10,12.000000,10.309557,7.000000,1.478933,11.000000,11.000000,11.000000,11.000000,11.000000,11.000000,0.015393,0.012379,0.103363,0.397695,calls/second,milliseconds
1779201071,10,12.000000,10.309557,7.000000,1.478933,11.000000,11.000000,11.000000,11.000000,11.000000,11.000000,0.015369,0.011389,0.101654,0.395492,calls/second,milliseconds
1779201072,10,12.000000,10.309557,7.000000,1.478933,11.000000,11.000000,11.000000,11.000000,11.000000,11.000000,0.015345,0.011389,0.101654,0.395492,calls/second,milliseconds
1779201073,10,12.000000,10.309557,7.000000,1.478933,11.000000,11.000000,11.000000,11.000000,11.000000,11.000000,0.015322,0.011389,0.101654,0.395492,calls/second,milliseconds
1779201074,10,12.000000,10.309557,7.000000,1.478933,11.000000,11.000000,11.000000,11.000000,11.000000,11.000000,0.015298,0.011389,0.101654,0.395492,calls/second,milliseconds
1779201075,10,12.000000,10.309557,7.000000,1.478933,11.000000,11.000000,11.000000,11.000000,11.000000,11.000000,0.015275,0.011389,0.101654,0.395492,calls/second,milliseconds
1779201076,10,12.000000,10.309557,7.000000,1.478933,11.000000,11.000000,11.000000,11.000000,11.000000,11.000000,0.015252,0.010478,0.099974,0.393301,calls/second,milliseconds
1779201077,10,12.000000,10.309557,7.000000,1.478933,11.000000,11.000000,11.000000,11.000000,11.000000,11.000000,0.015228,0.010478,0.099974,0.393301,calls/second,milliseconds
1779201078,10,12.000000,10.309557,7.000000,1.478933,11.000000,11.000000,11.000000,11.000000,11.000000,11.000000,0.015205,0.010478,0.099974,0.393301,calls/second,milliseconds
1779201079,10,12.000000,10.309557,7.000000,1.478933,11.000000,11.000000,11.000000,11.000000,11.000000,11.000000,0.015182,0.010478,0.099974,0.393301,calls/second,milliseconds
1779201080,10,12.000000,10.309557,7.000000,1.478933,11.000000,11.000000,11.000000,11.000000,11.000000,11.000000,0.015159,0.010478,0.099974,0.393301,calls/second,milliseconds
1779201081,10,12.000000,10.309557,7.000000,1.478933,11.000000,11.000000,11.000000,11.000000,11.000000,11.000000,0.015136,0.009641,0.098322,0.391122,calls/second,milliseconds
1779201082,10,12.000000,10.309557,7.000000,1.478933,11.000000,11.000000,11.000000,11.000000,11.000000,11.000000,0.015113,0.009641,0.098322,0.391122,calls/second,milliseconds
1779201083,10,12.000000,10.309557,7.000000,1.478933,11.000000,11.000000,11.000000,11.000000,11.000000,11.000000,0.015090,0.009641,0.098322,0.391122,calls/second,milliseconds
1779201084,10,12.000000,10.309557,7.000000,1.478933,11.000000,11.000000,11.000000,11.000000,11.000000,11.000000,0.015068,0.009641,0.098322,0.391122,calls/second,milliseconds
1779201085,10,12.000000,10.309557,7.000000,1.478933,11.000000,11.000000,11.000000,11.000000,11.000000,11.000000,0.015045,0.009641,0.098322,0.391122,calls/second,milliseconds
1779201086,10,12.000000,10.309557,7.000000,1.478933,11.000000,11.000000,11.000000,11.000000,11.000000,11.000000,0.015022,0.008870,0.096697,0.388955,calls/second,milliseconds
1779201087,10,12.000000,10.309557,7.000000,1.478933,11.000000,11.000000,11.000000,11.000000,11.000000,11.000000,0.015000,0.008870,0.096697,0.388955,calls/second,milliseconds
1779201088,10,12.000000,10.309557,7.000000,1.478933,11.000000,11.000000,11.000000,11.000000,11.000000,11.000000,0.014977,0.008870,0.096697,0.388955,calls/second,milliseconds
1779201089,10,12.000000,10.309557,7.000000,1.478933,11.000000,11.000000,11.000000,11.000000,11.000000,11.000000,0.014955,0.008870,0.096697,0.388955,calls/second,milliseconds
1779201090,10,12.000000,10.309557,7.000000,1.478933,11.000000,11.000000,11.000000,11.000000,11.000000,11.000000,0.014932,0.008870,0.096697,0.388955,calls/second,milliseconds
1779201091,10,12.000000,10.309557,7.000000,1.478933,11.000000,11.000000,11.000000,11.000000,11.000000,11.000000,0.014910,0.008161,0.095098,0.386800,calls/second,milliseconds
1779201092,10,12.000000,10.309557,7.000000,1.478933,11.000000,11.000000,11.000000,11.000000,11.000000,11.000000,0.014888,0.008161,0.095098,0.386800,calls/second,milliseconds
1779201093,10,12.000000,10.309557,7.000000,1.478933,11.000000,11.000000,11.000000,11.000000,11.000000,11.000000,0.014866,0.008161,0.095098,0.386800,calls/second,milliseconds
1779201094,10,12.000000,10.309557,7.000000,1.478933,11.000000,11.000000,11.000000,11.000000,11.000000,11.000000,0.014844,0.008161,0.095098,0.386800,calls/second,milliseconds
1779201095,10,12.000000,10.309557,7.000000,1.478933,11.000000,11.000000,11.000000,11.000000,11.000000,11.000000,0.014822,0.008161,0.095098,0.386800,calls/second,milliseconds
1779201096,10,12.000000,10.309557,7.000000,1.478933,11.000000,11.000000,11.000000,11.000000,11.000000,11.000000,0.014800,0.007508,0.093526,0.384657,calls/second,milliseconds
1779201097,10,12.000000,10.309557,7.000000,1.478933,11.000000,11.000000,11.000000,11.000000,11.000000,11.000000,0.014778,0.007508,0.093526,0.384657,calls/second,milliseconds
1779201098,10,12.000000,10.309557,7.000000,1.478933,11.000000,11.000000,11.000000,11.000000,11.000000,11.000000,0.014756,0.007508,0.093526,0.384657,calls/second,milliseconds
1779201099,10,12.000000,10.309557,7.000000,1.478933,11.000000,11.000000,11.000000,11.000000,11.000000,11.000000,0.014734,0.007508,0.093526,0.384657,calls/second,milliseconds
1779201100,10,12.000000,10.309557,7.000000,1.478933,11.000000,11.000000,11.000000,11.000000,11.000000,11.000000,0.014712,0.007508,0.093526,0.384657,calls/second,milliseconds
1779201101,10,12.000000,10.309557,7.000000,1.478933,11.000000,11.000000,11.000000,11.000000,11.000000,11.000000,0.014691,0.006908,0.091981,0.382526,calls/second,milliseconds
1779201102,10,12.000000,10.309557,7.000000,1.478933,11.000000,11.000000,11.000000,11.000000,11.000000,11.000000,0.014669,0.006908,0.091981,0.382526,calls/second,milliseconds
1779201103,10,12.000000,10.309557,7.000000,1.478933,11.000000,11.000000,11.000000,11.000000,11.000000,11.000000,0.014648,0.006908,0.091981,0.382526,calls/second,milliseconds
1779201104,10,12.000000,10.309557,7.000000,1.478933,11.000000,11.000000,11.000000,11.000000,11.000000,11.000000,0.014626,0.006908,0.091981,0.382526,calls/second,milliseconds
1779201105,10,12.000000,10.309557,7.000000,1.478933,11.000000,11.000000,11.000000,11.000000,11.000000,11.000000,0.014605,0.006908,0.091981,0.382526,calls/second,milliseconds
1779201106,10,12.000000,10.309557,7.000000,1.478933,11.000000,11.000000,11.000000,11.000000,11.000000,11.000000,0.014583,0.006355,0.090460,0.380407,calls/second,milliseconds
1779201107,10,12.000000,10.309557,7.000000,1.478933,11.000000,11.000000,11.000000,11.000000,11.000000,11.000000,0.014562,0.006355,0.090460,0.380407,calls/second,milliseconds
1779201108,10,12.000000,10.309557,7.000000,1.478933,11.000000,11.000000,11.000000,11.000000,11.000000,11.000000,0.014541,0.006355,0.090460,0.380407,calls/second,milliseconds
1779201109,10,12.000000,10.309557,7.000000,1.478933,11.000000,11.000000,11.000000,11.000000,11.000000,11.000000,0.014520,0.006355,0.090460,0.380407,calls/second,milliseconds
1779201110,10,12.000000,10.309557,7.000000,1.478933,11.000000,11.000000,11.000000,11.000000,11.000000,11.000000,0.014499,0.006355,0.090460,0.380407,calls/second,milliseconds
1779201111,10,12.000000,10.309557,7.000000,1.478933,11.000000,11.000000,11.000000,11.000000,11.000000,11.000000,0.014478,0.005847,0.088965,0.378300,calls/second,milliseconds
1779201112,10,12.000000,10.309557,7.000000,1.478933,11.000000,11.000000,11.000000,11.000000,11.000000,11.000000,0.014457,0.005847,0.088965,0.378300,calls/second,milliseconds
1779201113,10,12.000000,10.309557,7.000000,1.478933,11.000000,11.000000,11.000000,11.000000,11.000000,11.000000,0.014436,0.005847,0.088965,0.378300,calls/second,milliseconds
1779201114,10,12.000000,10.309557,7.000000,1.478933,11.000000,11.000000,11.000000,11.000000,11.000000,11.000000,0.014415,0.005847,0.088965,0.378300,calls/second,milliseconds
1779201115,10,12.000000,10.309557,7.000000,1.478933,11.000000,11.000000,11.000000,11.000000,11.000000,11.000000,0.014394,0.005847,0.088965,0.378300,calls/second,milliseconds
1779201116,10,12.000000,10.309557,7.000000,1.478933,11.000000,11.000000,11.000000,11.000000,11.000000,11.000000,0.014374,0.005380,0.087495,0.376204,calls/second,milliseconds
1779201117,10,12.000000,10.309557,7.000000,1.478933,11.000000,11.000000,11.000000,11.000000,11.000000,11.000000,0.014353,0.005380,0.087495,0.376204,calls/second,milliseconds
1779201118,10,12.000000,10.309557,7.000000,1.478933,11.000000,11.000000,11.000000,11.000000,11.000000,11.000000,0.014332,0.005380,0.087495,0.376204,calls/second,milliseconds
1779201119,10,12.000000,10.309557,7.000000,1.478933,11.000000,11.000000,11.000000,11.000000,11.000000,11.000000,0.014312,0.005380,0.087495,0.376204,calls/second,milliseconds
1779201120,10,12.000000,10.309557,7.000000,1.478933,11.000000,11.000000,11.000000,11.000000,11.000000,11.000000,0.014291,0.005380,0.087495,0.376204,calls/second,milliseconds
1779201121,10,12.000000,10.309557,7.000000,1.478933,11.000000,11.000000,11.000000,11.000000,11.000000,11.000000,0.014271,0.004950,0.086048,0.374120,calls/second,milliseconds
1779201122,10,12.000000,10.309557,7.000000,1.478933,11.000000,11.000000,11.000000,11.000000,11.000000,11.000000,0.014250,0.004950,0.086048,0.374120,calls/second,milliseconds
1779201123,10,12.000000,10.309557,7.000000,1.478933,11.000000,11.000000,11.000000,11.000000,11.000000,11.000000,0.014230,0.004950,0.086048,0.374120,calls/second,milliseconds
1779201124,10,12.000000,10.309557,7.000000,1.478933,11.000000,11.000000,11.000000,11.000000,11.000000,11.000000,0.014210,0.004950,0.086048,0.374120,calls/second,milliseconds
1779201125,10,12.000000,10.309557,7.000000,1.478933,11.000000,11.000000,11.000000,11.000000,11.000000,11.000000,0.014190,0.004950,0.086048,0.374120,calls/second,milliseconds
1779201126,10,12.000000,10.309557,7.000000,1.478933,11.000000,11.000000,11.000000,11.000000,11.000000,11.000000,0.014170,0.004554,0.084626,0.372047,calls/second,milliseconds
1779201127,10,12.000000,10.309557,7.000000,1.478933,11.000000,11.000000,11.000000,11.000000,11.000000,11.000000,0.014149,0.004554,0.084626,0.372047,calls/second,milliseconds
1779201128,10,12.000000,10.309557,7.000000,1.478933,11.000000,11.000000,11.000000,11.000000,11.000000,11.000000,0.014129,0.004554,0.084626,0.372047,calls/second,milliseconds
1779201129,10,12.000000,10.309557,7.000000,1.478933,11.000000,11.000000,11.000000,11.000000,11.000000,11.000000,0.014109,0.004554,0.084626,0.372047,calls/second,milliseconds
1779201130,10,12.000000,10.309557,7.000000,1.478933,11.000000,11.000000,11.000000,11.000000,11.000000,11.000000,0.014090,0.004554,0.084626,0.372047,calls/second,milliseconds
1779201131,10,12.000000,10.309557,7.000000,1.478933,11.000000,11.000000,11.000000,11.000000,11.000000,11.000000,0.014070,0.004190,0.083227,0.369986,calls/second,milliseconds
1779201132,10,12.000000,10.309557,7.000000,1.478933,11.000000,11.000000,11.000000,11.000000,11.000000,11.000000,0.014050,0.004190,0.083227,0.369986,calls/second,milliseconds
1779201133,10,12.000000,10.309557,7.000000,1.478933,11.000000,11.000000,11.000000,11.000000,11.000000,11.000000,0.014030,0.004190,0.083227,0.369986,calls/second,milliseconds
1779201134,10,12.000000,10.309557,7.000000,1.478933,11.000000,11.000000,11.000000,11.000000,11.000000,11.000000,0.014010,0.004190,0.083227,0.369986,calls/second,milliseconds
1779201135,10,12.000000,10.309557,7.000000,1.478933,11.000000,11.000000,11.000000,11.000000,11.000000,11.000000,0.013991,0.004190,0.083227,0.369986,calls/second,milliseconds
1779201136,10,12.000000,10.309557,7.000000,1.478933,11.000000,11.000000,11.000000,11.000000,11.000000,11.000000,0.013971,0.003855,0.081852,0.367936,calls/second,milliseconds
1779201137,10,12.000000,10.309557,7.000000,1.478933,11.000000,11.000000,11.000000,11.000000,11.000000,11.000000,0.013952,0.003855,0.081852,0.367936,calls/second,milliseconds
1779201138,10,12.000000,10.309557,7.000000,1.478933,11.000000,11.000000,11.000000,11.000000,11.000000,11.000000,0.013932,0.003855,0.081852,0.367936,calls/second,milliseconds
1779201139,10,12.000000,10.309557,7.000000,1.478933,11.000000,11.000000,11.000000,11.000000,11.000000,11.000000,0.013913,0.003855,0.081852,0.367936,calls/second,milliseconds
1779201140,10,12.000000,10.309557,7.000000,1.478933,11.000000,11.000000,11.000000,11.000000,11.000000,11.000000,0.013894,0.003855,0.081852,0.367936,calls/second,milliseconds
1779201141,10,12.000000,10.309557,7.000000,1.478933,11.000000,11.000000,11.000000,11.000000,11.000000,11.000000,0.013874,0.003547,0.080499,0.365898,calls/second,milliseconds
1779201142,10,12.000000,10.309557,7.000000,1.478933,11.000000,11.000000,11.000000,11.000000,11.000000,11.000000,0.013855,0.003547,0.080499,0.365898,calls/second,milliseconds
1779201143,10,12.000000,10.309557,7.000000,1.478933,11.000000,11.000000,11.000000,11.000000,11.000000,11.000000,0.013836,0.003547,0.080499,0.365898,calls/second,milliseconds
1779201144,10,12.000000,10.309557,7.000000,1.478933,11.000000,11.000000,11.000000,11.000000,11.000000,11.000000,0.013817,0.003547,0.080499,0.365898,calls/second,milliseconds
1779201145,10,12.000000,10.309557,7.000000,1.478933,11.000000,11.000000,11.000000,11.000000,11.000000,11.000000,0.013798,0.003547,0.080499,0.365898,calls/second,milliseconds
1779201146,10,12.000000,10.309557,7.000000,1.478933,11.000000,11.000000,11.000000,11.000000,11.000000,11.000000,0.013779,0.003263,0.079168,0.363870,calls/second,milliseconds
1779201147,10,12.000000,10.309557,7.000000,1.478933,11.000000,11.000000,11.000000,11.000000,11.000000,11.000000,0.013760,0.003263,0.079168,0.363870,calls/second,milliseconds
1779201148,10,12.000000,10.309557,7.000000,1.478933,11.000000,11.000000,11.000000,11.000000,11.000000,11.000000,0.013741,0.003263,0.079168,0.363870,calls/second,milliseconds
1779201149,10,12.000000,10.309557,7.000000,1.478933,11.000000,11.000000,11.000000,11.000000,11.000000,11.000000,0.013722,0.003263,0.079168,0.363870,calls/second,milliseconds
1779201150,11,12.000000,7.606123,7.000000,1.428003,7.000000,7.000000,11.000000,11.000000,11.000000,11.000000,0.015073,0.003263,0.079168,0.363870,calls/second,milliseconds
1779201151,11,12.000000,7.606123,7.000000,1.428003,7.000000,7.000000,11.000000,11.000000,11.000000,11.000000,0.015052,0.018993,0.081166,0.362963,calls/second,milliseconds
1779201152,11,12.000000,7.606123,7.000000,1.428003,7.000000,7.000000,11.000000,11.000000,11.000000,11.000000,0.015032,0.018993,0.081166,0.362963,calls/second,milliseconds
1779201153,11,12.000000,7.606123,7.000000,1.428003,7.000000,7.000000,11.000000,11.000000,11.000000,11.000000,0.015011,0.018993,0.081166,0.362963,calls/second,milliseconds
1779201154,11,12.000000,7.606123,7.000000,1.428003,7.000000,7.000000,11.000000,11.000000,11.000000,11.000000,0.014991,0.018993,0.081166,0.362963,calls/second,milliseconds
1779201155,11,12.000000,7.606123,7.000000,1.428003,7.000000,7.000000,11.000000,11.000000,11.000000,11.000000,0.014970,0.018993,0.081166,0.362963,calls/second,milliseconds
1779201156,11,12.000000,7.606123,7.000000,1.428003,7.000000,7.000000,11.000000,11.000000,11.000000,11.000000,0.014950,0.017475,0.079824,0.360952,calls/second,milliseconds
1779201157,11,12.000000,7.606123,7.000000,1.428003,7.000000,7.000000,11.000000,11.000000,11.000000,11.000000,0.014930,0.017475,0.079824,0.360952,calls/second,milliseconds
1779201158,11,12.000000,7.606123,7.000000,1.428003,7.000000,7.000000,11.000000,11.000000,11.000000,11.000000,0.014909,0.017475,0.079824,0.360952,calls/second,milliseconds
1779201159,11,12.000000,7.606123,7.000000,1.428003,7.000000,7.000000,11.000000,11.000000,11.000000,11.000000,0.014889,0.017475,0.079824,0.360952,calls/second,milliseconds
1779201160,11,12.000000,7.606123,7.000000,1.428003,7.000000,7.000000,11.000000,11.000000,11.000000,11.000000,0.014869,0.017475,0.079824,0.360952,calls/second,milliseconds
1779201161,11,12.000000,7.606123,7.000000,1.428003,7.000000,7.000000,11.000000,11.000000,11.000000,11.000000,0.014849,0.016077,0.078505,0.358952,calls/second,milliseconds
1779201162,11,12.000000,7.606123,7.000000,1.428003,7.000000,7.000000,11.000000,11.000000,11.000000,11.000000,0.014829,0.016077,0.078505,0.358952,calls/second,milliseconds
1779201163,11,12.000000,7.606123,7.000000,1.428003,7.000000,7.000000,11.000000,11.000000,11.000000,11.000000,0.014809,0.016077,0.078505,0.358952,calls/second,milliseconds
1779201164,11,12.000000,7.606123,7.000000,1.428003,7.000000,7.000000,11.000000,11.000000,11.000000,11.000000,0.014789,0.016077,0.078505,0.358952,calls/second,milliseconds
1779201165,11,12.000000,7.606123,7.000000,1.428003,7.000000,7.000000,11.000000,11.000000,11.000000,11.000000,0.014769,0.016077,0.078505,0.358952,calls/second,milliseconds
1779201167,11,12.000000,7.606123,7.000000,1.428003,7.000000,7.000000,11.000000,11.000000,11.000000,11.000000,0.014749,0.014792,0.077207,0.356963,calls/second,milliseconds
1779201168,11,12.000000,7.606123,7.000000,1.428003,7.000000,7.000000,11.000000,11.000000,11.000000,11.000000,0.014729,0.014792,0.077207,0.356963,calls/second,milliseconds
1779201169,11,12.000000,7.606123,7.000000,1.428003,7.000000,7.000000,11.000000,11.000000,11.000000,11.000000,0.014710,0.014792,0.077207,0.356963,calls/second,milliseconds
1779201170,11,12.000000,7.606123,7.000000,1.428003,7.000000,7.000000,11.000000,11.000000,11.000000,11.000000,0.014690,0.014792,0.077207,0.356963,calls/second,milliseconds
1779201171,11,12.000000,7.606123,7.000000,1.428003,7.000000,7.000000,11.000000,11.000000,11.000000,11.000000,0.014670,0.014792,0.077207,0.356963,calls/second,milliseconds
1779201172,11,12.000000,7.606123,7.000000,1.428003,7.000000,7.000000,11.000000,11.000000,11.000000,11.000000,0.014651,0.013609,0.075931,0.354986,calls/second,milliseconds
1779201173,11,12.000000,7.606123,7.000000,1.428003,7.000000,7.000000,11.000000,11.000000,11.000000,11.000000,0.014631,0.013609,0.075931,0.354986,calls/second,milliseconds
1779201174,11,12.000000,7.606123,7.000000,1.428003,7.000000,7.000000,11.000000,11.000000,11.000000,11.000000,0.014612,0.013609,0.075931,0.354986,calls/second,milliseconds
1779201175,11,12.000000,7.606123,7.000000,1.428003,7.000000,7.000000,11.000000,11.000000,11.000000,11.000000,0.014592,0.013609,0.075931,0.354986,calls/second,milliseconds
1779201176,11,12.000000,7.606123,7.000000,1.428003,7.000000,7.000000,11.000000,11.000000,11.000000,11.000000,0.014573,0.013609,0.075931,0.354986,calls/second,milliseconds
1779201177,11,12.000000,7.606123,7.000000,1.428003,7.000000,7.000000,11.000000,11.000000,11.000000,11.000000,0.014554,0.012521,0.074676,0.353019,calls/second,milliseconds
1779201178,11,12.000000,7.606123,7.000000,1.428003,7.000000,7.000000,11.000000,11.000000,11.000000,11.000000,0.014535,0.012521,0.074676,0.353019,calls/second,milliseconds
1779201179,11,12.000000,7.606123,7.000000,1.428003,7.000000,7.000000,11.000000,11.000000,11.000000,11.000000,0.014515,0.012521,0.074676,0.353019,calls/second,milliseconds
1779201180,11,12.000000,7.606123,7.000000,1.428003,7.000000,7.000000,11.000000,11.000000,11.000000,11.000000,0.014496,0.012521,0.074676,0.353019,calls/second,milliseconds
1779201181,11,12.000000,7.606123,7.000000,1.428003,7.000000,7.000000,11.000000,11.000000,11.000000,11.000000,0.014477,0.012521,0.074676,0.353019,calls/second,milliseconds
1779201182,11,12.000000,7.606123,7.000000,1.428003,7.000000,7.000000,11.000000,11.000000,11.000000,11.000000,0.014458,0.011520,0.073442,0.351063,calls/second,milliseconds
1779201183,11,12.000000,7.606123,7.000000,1.428003,7.000000,7.000000,11.000000,11.000000,11.000000,11.000000,0.014439,0.011520,0.073442,0.351063,calls/second,milliseconds
1779201184,11,12.000000,7.606123,7.000000,1.428003,7.000000,7.000000,11.000000,11.000000,11.000000,11.000000,0.014420,0.011520,0.073442,0.351063,calls/second,milliseconds
1779201185,11,12.000000,7.606123,7.000000,1.428003,7.000000,7.000000,11.000000,11.000000,11.000000,11.000000,0.014401,0.011520,0.073442,0.351063,calls/second,milliseconds
1779201186,11,12.000000,7.606123,7.000000,1.428003,7.000000,7.000000,11.000000,11.000000,11.000000,11.000000,0.014382,0.011520,0.073442,0.351063,calls/second,milliseconds
1779201187,11,12.000000,7.606123,7.000000,1.428003,7.000000,7.000000,11.000000,11.000000,11.000000,11.000000,0.014363,0.010599,0.072228,0.349118,calls/second,milliseconds
1779201188,11,12.000000,7.606123,7.000000,1.428003,7.000000,7.000000,11.000000,11.000000,11.000000,11.000000,0.014345,0.010599,0.072228,0.349118,calls/second,milliseconds
1779201189,11,12.000000,7.606123,7.000000,1.428003,7.000000,7.000000,11.000000,11.000000,11.000000,11.000000,0.014326,0.010599,0.072228,0.349118,calls/second,milliseconds
1779201190,11,12.000000,7.606123,7.000000,1.428003,7.000000,7.000000,11.000000,11.000000,11.000000,11.000000,0.014307,0.010599,0.072228,0.349118,calls/second,milliseconds
1779201191,11,12.000000,7.606123,7.000000,1.428003,7.000000,7.000000,11.000000,11.000000,11.000000,11.000000,0.014289,0.010599,0.072228,0.349118,calls/second,milliseconds
1779201192,11,12.000000,7.606123,7.000000,1.428003,7.000000,7.000000,11.000000,11.000000,11.000000,11.000000,0.014270,0.009751,0.071034,0.347184,calls/second,milliseconds
1779201193,11,12.000000,7.606123,7.000000,1.428003,7.000000,7.000000,11.000000,11.000000,11.000000,11.000000,0.014252,0.009751,0.071034,0.347184,calls/second,milliseconds
1779201194,11,12.000000,7.606123,7.000000,1.428003,7.000000,7.000000,11.000000,11.000000,11.000000,11.000000,0.014233,0.009751,0.071034,0.347184,calls/second,milliseconds
1779201195,11,12.000000,7.606123,7.000000,1.428003,7.000000,7.000000,11.000000,11.000000,11.000000,11.000000,0.014215,0.009751,0.071034,0.347184,calls/second,milliseconds
1779201196,11,12.000000,7.606123,7.000000,1.428003,7.000000,7.000000,11.000000,11.000000,11.000000,11.000000,0.014196,0.009751,0.071034,0.347184,calls/second,milliseconds
1779201197,11,12.000000,7.606123,7.000000,1.428003,7.000000,7.000000,11.000000,11.000000,11.000000,11.000000,0.014178,0.008972,0.069860,0.345261,calls/second,milliseconds
1779201198,11,12.000000,7.606123,7.000000,1.428003,7.000000,7.000000,11.000000,11.000000,11.000000,11.000000,0.014160,0.008972,0.069860,0.345261,calls/second,milliseconds
1779201199,11,12.000000,7.606123,7.000000,1.428003,7.000000,7.000000,11.000000,11.000000,11.000000,11.000000,0.014142,0.008972,0.069860,0.345261,calls/second,milliseconds
1779201200,11,12.000000,7.606123,7.000000,1.428003,7.000000,7.000000,11.000000,11.000000,11.000000,11.000000,0.014123,0.008972,0.069860,0.345261,calls/second,milliseconds
1779201201,11,12.000000,7.606123,7.000000,1.428003,7.000000,7.000000,11.000000,11.000000,11.000000,11.000000,0.014105,0.008972,0.069860,0.345261,calls/second,milliseconds
1779201202,11,12.000000,7.606123,7.000000,1.428003,7.000000,7.000000,11.000000,11.000000,11.000000,11.000000,0.014087,0.008254,0.068705,0.343348,calls/second,milliseconds
1779201203,11,12.000000,7.606123,7.000000,1.428003,7.000000,7.000000,11.000000,11.000000,11.000000,11.000000,0.014069,0.008254,0.068705,0.343348,calls/second,milliseconds
1779201204,11,12.000000,7.606123,7.000000,1.428003,7.000000,7.000000,11.000000,11.000000,11.000000,11.000000,0.014051,0.008254,0.068705,0.343348,calls/second,milliseconds
1779201205,11,12.000000,7.606123,7.000000,1.428003,7.000000,7.000000,11.000000,11.000000,11.000000,11.000000,0.014033,0.008254,0.068705,0.343348,calls/second,milliseconds
1779201206,11,12.000000,7.606123,7.000000,1.428003,7.000000,7.000000,11.000000,11.000000,11.000000,11.000000,0.014015,0.008254,0.068705,0.343348,calls/second,milliseconds
1779201207,11,12.000000,7.606123,7.000000,1.428003,7.000000,7.000000,11.000000,11.000000,11.000000,11.000000,0.013997,0.007594,0.067570,0.341446,calls/second,milliseconds
1779201208,11,12.000000,7.606123,7.000000,1.428003,7.000000,7.000000,11.000000,11.000000,11.000000,11.000000,0.013980,0.007594,0.067570,0.341446,calls/second,milliseconds
1779201209,11,12.000000,7.606123,7.000000,1.428003,7.000000,7.000000,11.000000,11.000000,11.000000,11.000000,0.013962,0.007594,0.067570,0.341446,calls/second,milliseconds
1779201210,11,12.000000,7.606123,7.000000,1.428003,7.000000,7.000000,11.000000,11.000000,11.000000,11.000000,0.013944,0.007594,0.067570,0.341446,calls/second,milliseconds
1779201211,11,12.000000,7.606123,7.000000,1.428003,7.000000,7.000000,11.000000,11.000000,11.000000,11.000000,0.013926,0.007594,0.067570,0.341446,calls/second,milliseconds
1779201212,11,12.000000,7.606123,7.000000,1.428003,7.000000,7.000000,11.000000,11.000000,11.000000,11.000000,0.013909,0.006987,0.066453,0.339554,calls/second,milliseconds
1779201213,11,12.000000,7.606123,7.000000,1.428003,7.000000,7.000000,11.000000,11.000000,11.000000,11.000000,0.013891,0.006987,0.066453,0.339554,calls/second,milliseconds
1779201214,11,12.000000,7.606123,7.000000,1.428003,7.000000,7.000000,11.000000,11.000000,11.000000,11.000000,0.013874,0.006987,0.066453,0.339554,calls/second,milliseconds
1779201215,11,12.000000,7.606123,7.000000,1.428003,7.000000,7.000000,11.000000,11.000000,11.000000,11.000000,0.013856,0.006987,0.066453,0.339554,calls/second,milliseconds
1779201216,11,12.000000,7.606123,7.000000,1.428003,7.000000,7.000000,11.000000,11.000000,11.000000,11.000000,0.013839,0.006987,0.066453,0.339554,calls/second,milliseconds
1779201217,11,12.000000,7.606123,7.000000,1.428003,7.000000,7.000000,11.000000,11.000000,11.000000,11.000000,0.013821,0.006429,0.065354,0.337673,calls/second,milliseconds
1779201218,11,12.000000,7.606123,7.000000,1.428003,7.000000,7.000000,11.000000,11.000000,11.000000,11.000000,0.013804,0.006429,0.065354,0.337673,calls/second,milliseconds
1779201219,11,12.000000,7.606123,7.000000,1.428003,7.000000,7.000000,11.000000,11.000000,11.000000,11.000000,0.013787,0.006429,0.065354,0.337673,calls/second,milliseconds
1779201220,11,12.000000,7.606123,7.000000,1.428003,7.000000,7.000000,11.000000,11.000000,11.000000,11.000000,0.013769,0.006429,0.065354,0.337673,calls/second,milliseconds
1779201221,11,12.000000,7.606123,7.000000,1.428003,7.000000,7.000000,11.000000,11.000000,11.000000,11.000000,0.013752,0.006429,0.065354,0.337673,calls/second,milliseconds
1779201222,11,12.000000,7.606123,7.000000,1.428003,7.000000,7.000000,11.000000,11.000000,11.000000,11.000000,0.013735,0.005915,0.064274,0.335802,calls/second,milliseconds
1779201223,11,12.000000,7.606123,7.000000,1.428003,7.000000,7.000000,11.000000,11.000000,11.000000,11.000000,0.013718,0.005915,0.064274,0.335802,calls/second,milliseconds
1779201224,11,12.000000,7.606123,7.000000,1.428003,7.000000,7.000000,11.000000,11.000000,11.000000,11.000000,0.013701,0.005915,0.064274,0.335802,calls/second,milliseconds
1779201225,11,12.000000,7.606123,7.000000,1.428003,7.000000,7.000000,11.000000,11.000000,11.000000,11.000000,0.013684,0.005915,0.064274,0.335802,calls/second,milliseconds
1779201226,11,12.000000,7.606123,7.000000,1.428003,7.000000,7.000000,11.000000,11.000000,11.000000,11.000000,0.013666,0.005915,0.064274,0.335802,calls/second,milliseconds
1779201227,11,12.000000,7.606123,7.000000,1.428003,7.000000,7.000000,11.000000,11.000000,11.000000,11.000000,0.013649,0.005442,0.063212,0.333942,calls/second,milliseconds
1779201228,11,12.000000,7.606123,7.000000,1.428003,7.000000,7.000000,11.000000,11.000000,11.000000,11.000000,0.013633,0.005442,0.063212,0.333942,calls/second,milliseconds
1779201229,11,12.000000,7.606123,7.000000,1.428003,7.000000,7.000000,11.000000,11.000000,11.000000,11.000000,0.013616,0.005442,0.063212,0.333942,calls/second,milliseconds
1779201230,11,12.000000,7.606123,7.000000,1.428003,7.000000,7.000000,11.000000,11.000000,11.000000,11.000000,0.013599,0.005442,0.063212,0.333942,calls/second,milliseconds
1779201231,11,12.000000,7.606123,7.000000,1.428003,7.000000,7.000000,11.000000,11.000000,11.000000,11.000000,0.013582,0.005442,0.063212,0.333942,calls/second,milliseconds
1779201232,11,12.000000,7.606123,7.000000,1.428003,7.000000,7.000000,11.000000,11.000000,11.000000,11.000000,0.013565,0.005007,0.062167,0.332092,calls/second,milliseconds
1779201233,11,12.000000,7.606123,7.000000,1.428003,7.000000,7.000000,11.000000,11.000000,11.000000,11.000000,0.013548,0.005007,0.062167,0.332092,calls/second,milliseconds
1779201234,11,12.000000,7.606123,7.000000,1.428003,7.000000,7.000000,11.000000,11.000000,11.000000,11.000000,0.013532,0.005007,0.062167,0.332092,calls/second,milliseconds
1779201235,11,12.000000,7.606123,7.000000,1.428003,7.000000,7.000000,11.000000,11.000000,11.000000,11.000000,0.013515,0.005007,0.062167,0.332092,calls/second,milliseconds
1779201236,11,12.000000,7.606123,7.000000,1.428003,7.000000,7.000000,11.000000,11.000000,11.000000,11.000000,0.013499,0.005007,0.062167,0.332092,calls/second,milliseconds
1779201237,11,12.000000,7.606123,7.000000,1.428003,7.000000,7.000000,11.000000,11.000000,11.000000,11.000000,0.013482,0.004606,0.061139,0.330252,calls/second,milliseconds
1779201238,11,12.000000,7.606123,7.000000,1.428003,7.000000,7.000000,11.000000,11.000000,11.000000,11.000000,0.013465,0.004606,0.061139,0.330252,calls/second,milliseconds
1779201239,11,12.000000,7.606123,7.000000,1.428003,7.000000,7.000000,11.000000,11.000000,11.000000,11.000000,0.013449,0.004606,0.061139,0.330252,calls/second,milliseconds
1779201240,11,12.000000,7.606123,7.000000,1.428003,7.000000,7.000000,11.000000,11.000000,11.000000,11.000000,0.013433,0.004606,0.061139,0.330252,calls/second,milliseconds
1779201241,11,12.000000,7.606123,7.000000,1.428003,7.000000,7.000000,11.000000,11.000000,11.000000,11.000000,0.013416,0.004606,0.061139,0.330252,calls/second,milliseconds
1779201242,11,12.000000,7.606123,7.000000,1.428003,7.000000,7.000000,11.000000,11.000000,11.000000,11.000000,0.013400,0.004238,0.060129,0.328422,calls/second,milliseconds
1779201243,11,12.000000,7.606123,7.000000,1.428003,7.000000,7.000000,11.000000,11.000000,11.000000,11.000000,0.013383,0.004238,0.060129,0.328422,calls/second,milliseconds
1779201244,11,12.000000,7.606123,7.000000,1.428003,7.000000,7.000000,11.000000,11.000000,11.000000,11.000000,0.013367,0.004238,0.060129,0.328422,calls/second,milliseconds
1779201245,11,12.000000,7.606123,7.000000,1.428003,7.000000,7.000000,11.000000,11.000000,11.000000,11.000000,0.013351,0.004238,0.060129,0.328422,calls/second,milliseconds
1779201246,11,12.000000,7.606123,7.000000,1.428003,7.000000,7.000000,11.000000,11.000000,11.000000,11.000000,0.013335,0.004238,0.060129,0.328422,calls/second,milliseconds
1779201247,11,12.000000,7.606123,7.000000,1.428003,7.000000,7.000000,11.000000,11.000000,11.000000,11.000000,0.013319,0.003899,0.059135,0.326603,calls/second,milliseconds
1779201248,11,12.000000,7.606123,7.000000,1.428003,7.000000,7.000000,11.000000,11.000000,11.000000,11.000000,0.013302,0.003899,0.059135,0.326603,calls/second,milliseconds
1779201249,11,12.000000,7.606123,7.000000,1.428003,7.000000,7.000000,11.000000,11.000000,11.000000,11.000000,0.013286,0.003899,0.059135,0.326603,calls/second,milliseconds
1779201250,11,12.000000,7.606123,7.000000,1.428003,7.000000,7.000000,11.000000,11.000000,11.000000,11.000000,0.013270,0.003899,0.059135,0.326603,calls/second,milliseconds
1779201251,11,12.000000,7.606123,7.000000,1.428003,7.000000,7.000000,11.000000,11.000000,11.000000,11.000000,0.013254,0.003899,0.059135,0.326603,calls/second,milliseconds
1779201252,11,12.000000,7.606123,7.000000,1.428003,7.000000,7.000000,11.000000,11.000000,11.000000,11.000000,0.013238,0.003587,0.058158,0.324793,calls/second,milliseconds
1779201253,11,12.000000,7.606123,7.000000,1.428003,7.000000,7.000000,11.000000,11.000000,11.000000,11.000000,0.013222,0.003587,0.058158,0.324793,calls/second,milliseconds
1779201254,11,12.000000,7.606123,7.000000,1.428003,7.000000,7.000000,11.000000,11.000000,11.000000,11.000000,0.013206,0.003587,0.058158,0.324793,calls/second,milliseconds
1779201255,11,12.000000,7.606123,7.000000,1.428003,7.000000,7.000000,11.000000,11.000000,11.000000,11.000000,0.013191,0.003587,0.058158,0.324793,calls/second,milliseconds
1779201256,11,12.000000,7.606123,7.000000,1.428003,7.000000,7.000000,11.000000,11.000000,11.000000,11.000000,0.013175,0.003587,0.058158,0.324793,calls/second,milliseconds
1779201257,11,12.000000,7.606123,7.000000,1.428003,7.000000,7.000000,11.000000,11.000000,11.000000,11.000000,0.013159,0.003301,0.057196,0.322994,calls/second,milliseconds
1779201258,11,12.000000,7.606123,7.000000,1.428003,7.000000,7.000000,11.000000,11.000000,11.000000,11.000000,0.013143,0.003301,0.057196,0.322994,calls/second,milliseconds
1779201259,11,12.000000,7.606123,7.000000,1.428003,7.000000,7.000000,11.000000,11.000000,11.000000,11.000000,0.013127,0.003301,0.057196,0.322994,calls/second,milliseconds
1779201260,11,12.000000,7.606123,7.000000,1.428003,7.000000,7.000000,11.000000,11.000000,11.000000,11.000000,0.013112,0.003301,0.057196,0.322994,calls/second,milliseconds
1779201261,11,12.000000,7.606123,7.000000,1.428003,7.000000,7.000000,11.000000,11.000000,11.000000,11.000000,0.013096,0.003301,0.057196,0.322994,calls/second,milliseconds
1779201262,11,12.000000,7.606123,7.000000,1.428003,7.000000,7.000000,11.000000,11.000000,11.000000,11.000000,0.013081,0.003037,0.056251,0.321204,calls/second,milliseconds
1779201263,11,12.000000,7.606123,7.000000,1.428003,7.000000,7.000000,11.000000,11.000000,11.000000,11.000000,0.013065,0.003037,0.056251,0.321204,calls/second,milliseconds
1779201264,12,12.000000,7.109877,7.000000,0.651297,7.000000,7.000000,7.000000,11.000000,11.000000,11.000000,0.014236,0.003037,0.056251,0.321204,calls/second,milliseconds
1779201265,12,12.000000,7.109877,7.000000,0.651297,7.000000,7.000000,7.000000,11.000000,11.000000,11.000000,0.014219,0.003037,0.056251,0.321204,calls/second,milliseconds
1779201266,12,12.000000,7.109877,7.000000,0.651297,7.000000,7.000000,7.000000,11.000000,11.000000,11.000000,0.014202,0.003037,0.056251,0.321204,calls/second,milliseconds
1779201267,12,12.000000,7.109877,7.000000,0.651297,7.000000,7.000000,7.000000,11.000000,11.000000,11.000000,0.014185,0.018785,0.058627,0.320533,calls/second,milliseconds
1779201268,12,12.000000,7.109877,7.000000,0.651297,7.000000,7.000000,7.000000,11.000000,11.000000,11.000000,0.014168,0.018785,0.058627,0.320533,calls/second,milliseconds
1779201269,12,12.000000,7.109877,7.000000,0.651297,7.000000,7.000000,7.000000,11.000000,11.000000,11.000000,0.014152,0.018785,0.058627,0.320533,calls/second,milliseconds
1779201270,12,12.000000,7.109877,7.000000,0.651297,7.000000,7.000000,7.000000,11.000000,11.000000,11.000000,0.014135,0.018785,0.058627,0.320533,calls/second,milliseconds
1779201271,12,12.000000,7.109877,7.000000,0.651297,7.000000,7.000000,7.000000,11.000000,11.000000,11.000000,0.014118,0.018785,0.058627,0.320533,calls/second,milliseconds
1779201272,12,12.000000,7.109877,7.000000,0.651297,7.000000,7.000000,7.000000,11.000000,11.000000,11.000000,0.014102,0.017283,0.057658,0.318757,calls/second,milliseconds
1779201273,12,12.000000,7.109877,7.000000,0.651297,7.000000,7.000000,7.000000,11.000000,11.000000,11.000000,0.014085,0.017283,0.057658,0.318757,calls/second,milliseconds
1779201274,12,12.000000,7.109877,7.000000,0.651297,7.000000,7.000000,7.000000,11.000000,11.000000,11.000000,0.014069,0.017283,0.057658,0.318757,calls/second,milliseconds
1779201275,12,12.000000,7.109877,7.000000,0.651297,7.000000,7.000000,7.000000,11.000000,11.000000,11.000000,0.014052,0.017283,0.057658,0.318757,calls/second,milliseconds
1779201276,12,12.000000,7.109877,7.000000,0.651297,7.000000,7.000000,7.000000,11.000000,11.000000,11.000000,0.014036,0.017283,0.057658,0.318757,calls/second,milliseconds
1779201277,12,12.000000,7.109877,7.000000,0.651297,7.000000,7.000000,7.000000,11.000000,11.000000,11.000000,0.014019,0.015901,0.056705,0.316991,calls/second,milliseconds
1779201278,12,12.000000,7.109877,7.000000,0.651297,7.000000,7.000000,7.000000,11.000000,11.000000,11.000000,0.014003,0.015901,0.056705,0.316991,calls/second,milliseconds
1779201279,12,12.000000,7.109877,7.000000,0.651297,7.000000,7.000000,7.000000,11.000000,11.000000,11.000000,0.013986,0.015901,0.056705,0.316991,calls/second,milliseconds
1779201280,12,12.000000,7.109877,7.000000,0.651297,7.000000,7.000000,7.000000,11.000000,11.000000,11.000000,0.013970,0.015901,0.056705,0.316991,calls/second,milliseconds
1779201281,12,12.000000,7.109877,7.000000,0.651297,7.000000,7.000000,7.000000,11.000000,11.000000,11.000000,0.013954,0.015901,0.056705,0.316991,calls/second,milliseconds
1779201282,12,12.000000,7.109877,7.000000,0.651297,7.000000,7.000000,7.000000,11.000000,11.000000,11.000000,0.013938,0.014630,0.055768,0.315235,calls/second,milliseconds
1779201283,12,12.000000,7.109877,7.000000,0.651297,7.000000,7.000000,7.000000,11.000000,11.000000,11.000000,0.013921,0.014630,0.055768,0.315235,calls/second,milliseconds
1779201284,12,12.000000,7.109877,7.000000,0.651297,7.000000,7.000000,7.000000,11.000000,11.000000,11.000000,0.013905,0.014630,0.055768,0.315235,calls/second,milliseconds
1779201285,12,12.000000,7.109877,7.000000,0.651297,7.000000,7.000000,7.000000,11.000000,11.000000,11.000000,0.013889,0.014630,0.055768,0.315235,calls/second,milliseconds
1779201286,12,12.000000,7.109877,7.000000,0.651297,7.000000,7.000000,7.000000,11.000000,11.000000,11.000000,0.013873,0.014630,0.055768,0.315235,calls/second,milliseconds
1779201287,12,12.000000,7.109877,7.000000,0.651297,7.000000,7.000000,7.000000,11.000000,11.000000,11.000000,0.013857,0.013460,0.054846,0.313488,calls/second,milliseconds
1779201288,12,12.000000,7.109877,7.000000,0.651297,7.000000,7.000000,7.000000,11.000000,11.000000,11.000000,0.013841,0.013460,0.054846,0.313488,calls/second,milliseconds
1779201289,12,12.000000,7.109877,7.000000,0.651297,7.000000,7.000000,7.000000,11.000000,11.000000,11.000000,0.013825,0.013460,0.054846,0.313488,calls/second,milliseconds
1779201290,12,12.000000,7.109877,7.000000,0.651297,7.000000,7.000000,7.000000,11.000000,11.000000,11.000000,0.013809,0.013460,0.054846,0.313488,calls/second,milliseconds
1779201291,12,12.000000,7.109877,7.000000,0.651297,7.000000,7.000000,7.000000,11.000000,11.000000,11.000000,0.013793,0.013460,0.054846,0.313488,calls/second,milliseconds
1779201292,12,12.000000,7.109877,7.000000,0.651297,7.000000,7.000000,7.000000,11.000000,11.000000,11.000000,0.013777,0.012384,0.053939,0.311752,calls/second,milliseconds
1779201293,12,12.000000,7.109877,7.000000,0.651297,7.000000,7.000000,7.000000,11.000000,11.000000,11.000000,0.013762,0.012384,0.053939,0.311752,calls/second,milliseconds
1779201294,12,12.000000,7.109877,7.000000,0.651297,7.000000,7.000000,7.000000,11.000000,11.000000,11.000000,0.013746,0.012384,0.053939,0.311752,calls/second,milliseconds
1779201295,12,12.000000,7.109877,7.000000,0.651297,7.000000,7.000000,7.000000,11.000000,11.000000,11.000000,0.013730,0.012384,0.053939,0.311752,calls/second,milliseconds
1779201296,12,12.000000,7.109877,7.000000,0.651297,7.000000,7.000000,7.000000,11.000000,11.000000,11.000000,0.013714,0.012384,0.053939,0.311752,calls/second,milliseconds
1779201297,12,12.000000,7.109877,7.000000,0.651297,7.000000,7.000000,7.000000,11.000000,11.000000,11.000000,0.013699,0.011394,0.053048,0.310024,calls/second,milliseconds
1779201298,12,12.000000,7.109877,7.000000,0.651297,7.000000,7.000000,7.000000,11.000000,11.000000,11.000000,0.013683,0.011394,0.053048,0.310024,calls/second,milliseconds
1779201299,12,12.000000,7.109877,7.000000,0.651297,7.000000,7.000000,7.000000,11.000000,11.000000,11.000000,0.013667,0.011394,0.053048,0.310024,calls/second,milliseconds
1779201300,12,12.000000,7.109877,7.000000,0.651297,7.000000,7.000000,7.000000,11.000000,11.000000,11.000000,0.013652,0.011394,0.053048,0.310024,calls/second,milliseconds
1779201301,12,12.000000,7.109877,7.000000,0.651297,7.000000,7.000000,7.000000,11.000000,11.000000,11.000000,0.013636,0.010483,0.052171,0.308307,calls/second,milliseconds
1779201302,12,12.000000,7.109877,7.000000,0.651297,7.000000,7.000000,7.000000,11.000000,11.000000,11.000000,0.013621,0.010483,0.052171,0.308307,calls/second,milliseconds
1779201303,12,12.000000,7.109877,7.000000,0.651297,7.000000,7.000000,7.000000,11.000000,11.000000,11.000000,0.013605,0.010483,0.052171,0.308307,calls/second,milliseconds
1779201304,12,12.000000,7.109877,7.000000,0.651297,7.000000,7.000000,7.000000,11.000000,11.000000,11.000000,0.013590,0.010483,0.052171,0.308307,calls/second,milliseconds
1779201305,12,12.000000,7.109877,7.000000,0.651297,7.000000,7.000000,7.000000,11.000000,11.000000,11.000000,0.013575,0.010483,0.052171,0.308307,calls/second,milliseconds
1779201306,12,12.000000,7.109877,7.000000,0.651297,7.000000,7.000000,7.000000,11.000000,11.000000,11.000000,0.013559,0.009645,0.051309,0.306599,calls/second,milliseconds
1779201307,12,12.000000,7.109877,7.000000,0.651297,7.000000,7.000000,7.000000,11.000000,11.000000,11.000000,0.013544,0.009645,0.051309,0.306599,calls/second,milliseconds
1779201308,12,12.000000,7.109877,7.000000,0.651297,7.000000,7.000000,7.000000,11.000000,11.000000,11.000000,0.013529,0.009645,0.051309,0.306599,calls/second,milliseconds
1779201309,12,12.000000,7.109877,7.000000,0.651297,7.000000,7.000000,7.000000,11.000000,11.000000,11.000000,0.013513,0.009645,0.051309,0.306599,calls/second,milliseconds
1779201310,12,12.000000,7.109877,7.000000,0.651297,7.000000,7.000000,7.000000,11.000000,11.000000,11.000000,0.013498,0.009645,0.051309,0.306599,calls/second,milliseconds
1779201311,12,12.000000,7.109877,7.000000,0.651297,7.000000,7.000000,7.000000,11.000000,11.000000,11.000000,0.013483,0.008873,0.050461,0.304900,calls/second,milliseconds
1779201312,12,12.000000,7.109877,7.000000,0.651297,7.000000,7.000000,7.000000,11.000000,11.000000,11.000000,0.013468,0.008873,0.050461,0.304900,calls/second,milliseconds
1779201313,12,12.000000,7.109877,7.000000,0.651297,7.000000,7.000000,7.000000,11.000000,11.000000,11.000000,0.013453,0.008873,0.050461,0.304900,calls/second,milliseconds
1779201314,12,12.000000,7.109877,7.000000,0.651297,7.000000,7.000000,7.000000,11.000000,11.000000,11.000000,0.013438,0.008873,0.050461,0.304900,calls/second,milliseconds
1779201315,12,12.000000,7.109877,7.000000,0.651297,7.000000,7.000000,7.000000,11.000000,11.000000,11.000000,0.013422,0.008873,0.050461,0.304900,calls/second,milliseconds
1779201316,12,12.000000,7.109877,7.000000,0.651297,7.000000,7.000000,7.000000,11.000000,11.000000,11.000000,0.013407,0.008164,0.049627,0.303211,calls/second,milliseconds
1779201317,12,12.000000,7.109877,7.000000,0.651297,7.000000,7.000000,7.000000,11.000000,11.000000,11.000000,0.013392,0.008164,0.049627,0.303211,calls/second,milliseconds
1779201318,12,12.000000,7.109877,7.000000,0.651297,7.000000,7.000000,7.000000,11.000000,11.000000,11.000000,0.013377,0.008164,0.049627,0.303211,calls/second,milliseconds
1779201319,12,12.000000,7.109877,7.000000,0.651297,7.000000,7.000000,7.000000,11.000000,11.000000,11.000000,0.013363,0.008164,0.049627,0.303211,calls/second,milliseconds
1779201320,12,12.000000,7.109877,7.000000,0.651297,7.000000,7.000000,7.000000,11.000000,11.000000,11.000000,0.013348,0.008164,0.049627,0.303211,calls/second,milliseconds
1779201321,12,12.000000,7.109877,7.000000,0.651297,7.000000,7.000000,7.000000,11.000000,11.000000,11.000000,0.013333,0.007511,0.048806,0.301531,calls/second,milliseconds
1779201322,12,12.000000,7.109877,7.000000,0.651297,7.000000,7.000000,7.000000,11.000000,11.000000,11.000000,0.013318,0.007511,0.048806,0.301531,calls/second,milliseconds
1779201323,12,12.000000,7.109877,7.000000,0.651297,7.000000,7.000000,7.000000,11.000000,11.000000,11.000000,0.013303,0.007511,0.048806,0.301531,calls/second,milliseconds
1779201324,12,12.000000,7.109877,7.000000,0.651297,7.000000,7.000000,7.000000,11.000000,11.000000,11.000000,0.013288,0.007511,0.048806,0.301531,calls/second,milliseconds
1779201325,12,12.000000,7.109877,7.000000,0.651297,7.000000,7.000000,7.000000,11.000000,11.000000,11.000000,0.013274,0.007511,0.048806,0.301531,calls/second,milliseconds
1779201326,12,12.000000,7.109877,7.000000,0.651297,7.000000,7.000000,7.000000,11.000000,11.000000,11.000000,0.013259,0.006911,0.048000,0.299861,calls/second,milliseconds
1779201327,12,12.000000,7.109877,7.000000,0.651297,7.000000,7.000000,7.000000,11.000000,11.000000,11.000000,0.013244,0.006911,0.048000,0.299861,calls/second,milliseconds
1779201328,12,12.000000,7.109877,7.000000,0.651297,7.000000,7.000000,7.000000,11.000000,11.000000,11.000000,0.013230,0.006911,0.048000,0.299861,calls/second,milliseconds
1779201329,12,12.000000,7.109877,7.000000,0.651297,7.000000,7.000000,7.000000,11.000000,11.000000,11.000000,0.013215,0.006911,0.048000,0.299861,calls/second,milliseconds
1779201330,12,12.000000,7.109877,7.000000,0.651297,7.000000,7.000000,7.000000,11.000000,11.000000,11.000000,0.013201,0.006911,0.048000,0.299861,calls/second,milliseconds
1779201331,12,12.000000,7.109877,7.000000,0.651297,7.000000,7.000000,7.000000,11.000000,11.000000,11.000000,0.013186,0.006358,0.047206,0.298199,calls/second,milliseconds
1779201332,12,12.000000,7.109877,7.000000,0.651297,7.000000,7.000000,7.000000,11.000000,11.000000,11.000000,0.013172,0.006358,0.047206,0.298199,calls/second,milliseconds
1779201333,12,12.000000,7.109877,7.000000,0.651297,7.000000,7.000000,7.000000,11.000000,11.000000,11.000000,0.013157,0.006358,0.047206,0.298199,calls/second,milliseconds
1779201334,12,12.000000,7.109877,7.000000,0.651297,7.000000,7.000000,7.000000,11.000000,11.000000,11.000000,0.013143,0.006358,0.047206,0.298199,calls/second,milliseconds
1779201335,12,12.000000,7.109877,7.000000,0.651297,7.000000,7.000000,7.000000,11.000000,11.000000,11.000000,0.013128,0.006358,0.047206,0.298199,calls/second,milliseconds
1779201336,12,12.000000,7.109877,7.000000,0.651297,7.000000,7.000000,7.000000,11.000000,11.000000,11.000000,0.013114,0.005850,0.046426,0.296547,calls/second,milliseconds
1779201337,12,12.000000,7.109877,7.000000,0.651297,7.000000,7.000000,7.000000,11.000000,11.000000,11.000000,0.013100,0.005850,0.046426,0.296547,calls/second,milliseconds
1779201338,12,12.000000,7.109877,7.000000,0.651297,7.000000,7.000000,7.000000,11.000000,11.000000,11.000000,0.013085,0.005850,0.046426,0.296547,calls/second,milliseconds
1779201339,12,12.000000,7.109877,7.000000,0.651297,7.000000,7.000000,7.000000,11.000000,11.000000,11.000000,0.013071,0.005850,0.046426,0.296547,calls/second,milliseconds
1779201340,12,12.000000,7.109877,7.000000,0.651297,7.000000,7.000000,7.000000,11.000000,11.000000,11.000000,0.013057,0.005850,0.046426,0.296547,calls/second,milliseconds
1779201341,12,12.000000,7.109877,7.000000,0.651297,7.000000,7.000000,7.000000,11.000000,11.000000,11.000000,0.013043,0.005382,0.045659,0.294904,calls/second,milliseconds
1779201342,12,12.000000,7.109877,7.000000,0.651297,7.000000,7.000000,7.000000,11.000000,11.000000,11.000000,0.013028,0.005382,0.045659,0.294904,calls/second,milliseconds
1779201343,12,12.000000,7.109877,7.000000,0.651297,7.000000,7.000000,7.000000,11.000000,11.000000,11.000000,0.013014,0.005382,0.045659,0.294904,calls/second,milliseconds
1779201344,12,12.000000,7.109877,7.000000,0.651297,7.000000,7.000000,7.000000,11.000000,11.000000,11.000000,0.013000,0.005382,0.045659,0.294904,calls/second,milliseconds
1779201345,12,12.000000,7.109877,7.000000,0.651297,7.000000,7.000000,7.000000,11.000000,11.000000,11.000000,0.012986,0.005382,0.045659,0.294904,calls/second,milliseconds
1779201346,12,12.000000,7.109877,7.000000,0.651297,7.000000,7.000000,7.000000,11.000000,11.000000,11.000000,0.012972,0.004952,0.044904,0.293271,calls/second,milliseconds
1779201347,12,12.000000,7.109877,7.000000,0.651297,7.000000,7.000000,7.000000,11.000000,11.000000,11.000000,0.012958,0.004952,0.044904,0.293271,calls/second,milliseconds
1779201348,12,12.000000,7.109877,7.000000,0.651297,7.000000,7.000000,7.000000,11.000000,11.000000,11.000000,0.012944,0.004952,0.044904,0.293271,calls/second,milliseconds
1779201349,12,12.000000,7.109877,7.000000,0.651297,7.000000,7.000000,7.000000,11.000000,11.000000,11.000000,0.012930,0.004952,0.044904,0.293271,calls/second,milliseconds
1779201350,12,12.000000,7.109877,7.000000,0.651297,7.000000,7.000000,7.000000,11.000000,11.000000,11.000000,0.012916,0.004952,0.044904,0.293271,calls/second,milliseconds
1779201351,12,12.000000,7.109877,7.000000,0.651297,7.000000,7.000000,7.000000,11.000000,11.000000,11.000000,0.012902,0.004556,0.044162,0.291646,calls/second,milliseconds
1779201352,12,12.000000,7.109877,7.000000,0.651297,7.000000,7.000000,7.000000,11.000000,11.000000,11.000000,0.012888,0.004556,0.044162,0.291646,calls/second,milliseconds
1779201353,12,12.000000,7.109877,7.000000,0.651297,7.000000,7.000000,7.000000,11.000000,11.000000,11.000000,0.012874,0.004556,0.044162,0.291646,calls/second,milliseconds
1779201354,12,12.000000,7.109877,7.000000,0.651297,7.000000,7.000000,7.000000,11.000000,11.000000,11.000000,0.012861,0.004556,0.044162,0.291646,calls/second,milliseconds
1779201355,12,12.000000,7.109877,7.000000,0.651297,7.000000,7.000000,7.000000,11.000000,11.000000,11.000000,0.012847,0.004556,0.044162,0.291646,calls/second,milliseconds
1779201356,12,12.000000,7.109877,7.000000,0.651297,7.000000,7.000000,7.000000,11.000000,11.000000,11.000000,0.012833,0.004191,0.043432,0.290030,calls/second,milliseconds
1779201357,12,12.000000,7.109877,7.000000,0.651297,7.000000,7.000000,7.000000,11.000000,11.000000,11.000000,0.012819,0.004191,0.043432,0.290030,calls/second,milliseconds
1779201358,12,12.000000,7.109877,7.000000,0.651297,7.000000,7.000000,7.000000,11.000000,11.000000,11.000000,0.012806,0.004191,0.043432,0.290030,calls/second,milliseconds
1779201359,12,12.000000,7.109877,7.000000,0.651297,7.000000,7.000000,7.000000,11.000000,11.000000,11.000000,0.012792,0.004191,0.043432,0.290030,calls/second,milliseconds
1779201360,12,12.000000,7.109877,7.000000,0.651297,7.000000,7.000000,7.000000,11.000000,11.000000,11.000000,0.012778,0.004191,0.043432,0.290030,calls/second,milliseconds
