t,count,max,mean,min,stddev,p50,p75,p95,p98,p99,p999,mean_rate,m1_rate,m5_rate,m15_rate,rate_unit,duration_unit
1779969257,1,6.000000,6.000000,6.000000,0.000000,6.000000,6.000000,6.000000,6.000000,6.000000,6.000000,1.345755,0.000000,0.000000,0.000000,calls/second,milliseconds
1779969258,1,6.000000,6.000000,6.000000,0.000000,6.000000,6.000000,6.000000,6.000000,6.000000,6.000000,0.572327,0.000000,0.000000,0.000000,calls/second,milliseconds
1779969259,1,6.000000,6.000000,6.000000,0.000000,6.000000,6.000000,6.000000,6.000000,6.000000,6.000000,0.363383,0.000000,0.000000,0.000000,calls/second,milliseconds
1779969260,1,6.000000,6.000000,6.000000,0.000000,6.000000,6.000000,6.000000,6.000000,6.000000,6.000000,0.266281,0.000000,0.000000,0.000000,calls/second,milliseconds
1779969261,1,6.000000,6.000000,6.000000,0.000000,6.000000,6.000000,6.000000,6.000000,6.000000,6.000000,0.210135,0.000000,0.000000,0.000000,calls/second,milliseconds
1779969262,1,6.000000,6.000000,6.000000,0.000000,6.000000,6.000000,6.000000,6.000000,6.000000,6.000000,0.173539,0.200000,0.200000,0.200000,calls/second,milliseconds
1779969263,1,6.000000,6.000000,6.000000,0.000000,6.000000,6.000000,6.000000,6.000000,6.000000,6.000000,0.147804,0.200000,0.200000,0.200000,calls/second,milliseconds
1779969264,1,6.000000,6.000000,6.000000,0.000000,6.000000,6.000000,6.000000,6.000000,6.000000,6.000000,0.128720,0.200000,0.200000,0.200000,calls/second,milliseconds
1779969265,1,6.000000,6.000000,6.000000,0.000000,6.000000,6.000000,6.000000,6.000000,6.000000,6.000000,0.113994,0.200000,0.200000,0.200000,calls/second,milliseconds
1779969266,1,6.000000,6.000000,6.000000,0.000000,6.000000,6.000000,6.000000,6.000000,6.000000,6.000000,0.102299,0.200000,0.200000,0.200000,calls/second,milliseconds
1779969267,1,6.000000,6.000000,6.000000,0.000000,6.000000,6.000000,6.000000,6.000000,6.000000,6.000000,0.092783,0.184009,0.196694,0.198892,calls/second,milliseconds
1779969268,1,6.000000,6.000000,6.000000,0.000000,6.000000,6.000000,6.000000,6.000000,6.000000,6.000000,0.084883,0.184009,0.196694,0.198892,calls/second,milliseconds
1779969269,1,6.000000,6.000000,6.000000,0.000000,6.000000,6.000000,6.000000,6.000000,6.000000,6.000000,0.078227,0.184009,0.196694,0.198892,calls/second,milliseconds
1779969270,1,6.000000,6.000000,6.000000,0.000000,6.000000,6.000000,6.000000,6.000000,6.000000,6.000000,0.072535,0.184009,0.196694,0.198892,calls/second,milliseconds
1779969271,1,6.000000,6.000000,6.000000,0.000000,6.000000,6.000000,6.000000,6.000000,6.000000,6.000000,0.067619,0.184009,0.196694,0.198892,calls/second,milliseconds
1779969272,1,6.000000,6.000000,6.000000,0.000000,6.000000,6.000000,6.000000,6.000000,6.000000,6.000000,0.063325,0.169296,0.193443,0.197790,calls/second,milliseconds
1779969273,1,6.000000,6.000000,6.000000,0.000000,6.000000,6.000000,6.000000,6.000000,6.000000,6.000000,0.059546,0.169296,0.193443,0.197790,calls/second,milliseconds
1779969274,1,6.000000,6.000000,6.000000,0.000000,6.000000,6.000000,6.000000,6.000000,6.000000,6.000000,0.056192,0.169296,0.193443,0.197790,calls/second,milliseconds
1779969275,1,6.000000,6.000000,6.000000,0.000000,6.000000,6.000000,6.000000,6.000000,6.000000,6.000000,0.053194,0.169296,0.193443,0.197790,calls/second,milliseconds
1779969276,1,6.000000,6.000000,6.000000,0.000000,6.000000,6.000000,6.000000,6.000000,6.000000,6.000000,0.050501,0.169296,0.193443,0.197790,calls/second,milliseconds
1779969277,1,6.000000,6.000000,6.000000,0.000000,6.000000,6.000000,6.000000,6.000000,6.000000,6.000000,0.048068,0.155760,0.190246,0.196694,calls/second,milliseconds
1779969278,1,6.000000,6.000000,6.000000,0.000000,6.000000,6.000000,6.000000,6.000000,6.000000,6.000000,0.045857,0.155760,0.190246,0.196694,calls/second,milliseconds
1779969279,1,6.000000,6.000000,6.000000,0.000000,6.000000,6.000000,6.000000,6.000000,6.000000,6.000000,0.043842,0.155760,0.190246,0.196694,calls/second,milliseconds
1779969280,1,6.000000,6.000000,6.000000,0.000000,6.000000,6.000000,6.000000,6.000000,6.000000,6.000000,0.041997,0.155760,0.190246,0.196694,calls/second,milliseconds
1779969281,1,6.000000,6.000000,6.000000,0.000000,6.000000,6.000000,6.000000,6.000000,6.000000,6.000000,0.040301,0.155760,0.190246,0.196694,calls/second,milliseconds
1779969282,1,6.000000,6.000000,6.000000,0.000000,6.000000,6.000000,6.000000,6.000000,6.000000,6.000000,0.038736,0.143306,0.187101,0.195605,calls/second,milliseconds
1779969283,1,6.000000,6.000000,6.000000,0.000000,6.000000,6.000000,6.000000,6.000000,6.000000,6.000000,0.037288,0.143306,0.187101,0.195605,calls/second,milliseconds
1779969284,1,6.000000,6.000000,6.000000,0.000000,6.000000,6.000000,6.000000,6.000000,6.000000,6.000000,0.035945,0.143306,0.187101,0.195605,calls/second,milliseconds
1779969285,1,6.000000,6.000000,6.000000,0.000000,6.000000,6.000000,6.000000,6.000000,6.000000,6.000000,0.034695,0.143306,0.187101,0.195605,calls/second,milliseconds
1779969286,1,6.000000,6.000000,6.000000,0.000000,6.000000,6.000000,6.000000,6.000000,6.000000,6.000000,0.033528,0.143306,0.187101,0.195605,calls/second,milliseconds
1779969287,1,6.000000,6.000000,6.000000,0.000000,6.000000,6.000000,6.000000,6.000000,6.000000,6.000000,0.032438,0.131848,0.184009,0.194521,calls/second,milliseconds
1779969288,1,6.000000,6.000000,6.000000,0.000000,6.000000,6.000000,6.000000,6.000000,6.000000,6.000000,0.031417,0.131848,0.184009,0.194521,calls/second,milliseconds
1779969289,1,6.000000,6.000000,6.000000,0.000000,6.000000,6.000000,6.000000,6.000000,6.000000,6.000000,0.030458,0.131848,0.184009,0.194521,calls/second,milliseconds
1779969290,1,6.000000,6.000000,6.000000,0.000000,6.000000,6.000000,6.000000,6.000000,6.000000,6.000000,0.029556,0.131848,0.184009,0.194521,calls/second,milliseconds
1779969291,1,6.000000,6.000000,6.000000,0.000000,6.000000,6.000000,6.000000,6.000000,6.000000,6.000000,0.028706,0.131848,0.184009,0.194521,calls/second,milliseconds
1779969292,1,6.000000,6.000000,6.000000,0.000000,6.000000,6.000000,6.000000,6.000000,6.000000,6.000000,0.027903,0.121306,0.180967,0.193443,calls/second,milliseconds
1779969293,1,6.000000,6.000000,6.000000,0.000000,6.000000,6.000000,6.000000,6.000000,6.000000,6.000000,0.027144,0.121306,0.180967,0.193443,calls/second,milliseconds
1779969294,1,6.000000,6.000000,6.000000,0.000000,6.000000,6.000000,6.000000,6.000000,6.000000,6.000000,0.026425,0.121306,0.180967,0.193443,calls/second,milliseconds
1779969295,1,6.000000,6.000000,6.000000,0.000000,6.000000,6.000000,6.000000,6.000000,6.000000,6.000000,0.025743,0.121306,0.180967,0.193443,calls/second,milliseconds
1779969296,1,6.000000,6.000000,6.000000,0.000000,6.000000,6.000000,6.000000,6.000000,6.000000,6.000000,0.025096,0.121306,0.180967,0.193443,calls/second,milliseconds
1779969297,1,6.000000,6.000000,6.000000,0.000000,6.000000,6.000000,6.000000,6.000000,6.000000,6.000000,0.024480,0.111607,0.177976,0.192372,calls/second,milliseconds
1779969298,1,6.000000,6.000000,6.000000,0.000000,6.000000,6.000000,6.000000,6.000000,6.000000,6.000000,0.023894,0.111607,0.177976,0.192372,calls/second,milliseconds
1779969299,1,6.000000,6.000000,6.000000,0.000000,6.000000,6.000000,6.000000,6.000000,6.000000,6.000000,0.023335,0.111607,0.177976,0.192372,calls/second,milliseconds
1779969300,1,6.000000,6.000000,6.000000,0.000000,6.000000,6.000000,6.000000,6.000000,6.000000,6.000000,0.022802,0.111607,0.177976,0.192372,calls/second,milliseconds
1779969301,1,6.000000,6.000000,6.000000,0.000000,6.000000,6.000000,6.000000,6.000000,6.000000,6.000000,0.022293,0.111607,0.177976,0.192372,calls/second,milliseconds
1779969302,1,6.000000,6.000000,6.000000,0.000000,6.000000,6.000000,6.000000,6.000000,6.000000,6.000000,0.021806,0.102683,0.175035,0.191306,calls/second,milliseconds
1779969303,1,6.000000,6.000000,6.000000,0.000000,6.000000,6.000000,6.000000,6.000000,6.000000,6.000000,0.021340,0.102683,0.175035,0.191306,calls/second,milliseconds
1779969304,1,6.000000,6.000000,6.000000,0.000000,6.000000,6.000000,6.000000,6.000000,6.000000,6.000000,0.020893,0.102683,0.175035,0.191306,calls/second,milliseconds
1779969305,1,6.000000,6.000000,6.000000,0.000000,6.000000,6.000000,6.000000,6.000000,6.000000,6.000000,0.020464,0.102683,0.175035,0.191306,calls/second,milliseconds
1779969306,1,6.000000,6.000000,6.000000,0.000000,6.000000,6.000000,6.000000,6.000000,6.000000,6.000000,0.020053,0.102683,0.175035,0.191306,calls/second,milliseconds
1779969307,1,6.000000,6.000000,6.000000,0.000000,6.000000,6.000000,6.000000,6.000000,6.000000,6.000000,0.019657,0.094473,0.172142,0.190246,calls/second,milliseconds
1779969308,1,6.000000,6.000000,6.000000,0.000000,6.000000,6.000000,6.000000,6.000000,6.000000,6.000000,0.019278,0.094473,0.172142,0.190246,calls/second,milliseconds
1779969309,1,6.000000,6.000000,6.000000,0.000000,6.000000,6.000000,6.000000,6.000000,6.000000,6.000000,0.018912,0.094473,0.172142,0.190246,calls/second,milliseconds
1779969310,1,6.000000,6.000000,6.000000,0.000000,6.000000,6.000000,6.000000,6.000000,6.000000,6.000000,0.018561,0.094473,0.172142,0.190246,calls/second,milliseconds
1779969311,1,6.000000,6.000000,6.000000,0.000000,6.000000,6.000000,6.000000,6.000000,6.000000,6.000000,0.018222,0.094473,0.172142,0.190246,calls/second,milliseconds
1779969312,1,6.000000,6.000000,6.000000,0.000000,6.000000,6.000000,6.000000,6.000000,6.000000,6.000000,0.017895,0.086920,0.169296,0.189192,calls/second,milliseconds
1779969313,1,6.000000,6.000000,6.000000,0.000000,6.000000,6.000000,6.000000,6.000000,6.000000,6.000000,0.017580,0.086920,0.169296,0.189192,calls/second,milliseconds
1779969314,1,6.000000,6.000000,6.000000,0.000000,6.000000,6.000000,6.000000,6.000000,6.000000,6.000000,0.017275,0.086920,0.169296,0.189192,calls/second,milliseconds
1779969315,1,6.000000,6.000000,6.000000,0.000000,6.000000,6.000000,6.000000,6.000000,6.000000,6.000000,0.016981,0.086920,0.169296,0.189192,calls/second,milliseconds
1779969316,1,6.000000,6.000000,6.000000,0.000000,6.000000,6.000000,6.000000,6.000000,6.000000,6.000000,0.016697,0.086920,0.169296,0.189192,calls/second,milliseconds
1779969317,1,6.000000,6.000000,6.000000,0.000000,6.000000,6.000000,6.000000,6.000000,6.000000,6.000000,0.016423,0.079970,0.166498,0.188144,calls/second,milliseconds
1779969318,1,6.000000,6.000000,6.000000,0.000000,6.000000,6.000000,6.000000,6.000000,6.000000,6.000000,0.016157,0.079970,0.166498,0.188144,calls/second,milliseconds
1779969319,1,6.000000,6.000000,6.000000,0.000000,6.000000,6.000000,6.000000,6.000000,6.000000,6.000000,0.015899,0.079970,0.166498,0.188144,calls/second,milliseconds
1779969320,1,6.000000,6.000000,6.000000,0.000000,6.000000,6.000000,6.000000,6.000000,6.000000,6.000000,0.015650,0.079970,0.166498,0.188144,calls/second,milliseconds
1779969321,1,6.000000,6.000000,6.000000,0.000000,6.000000,6.000000,6.000000,6.000000,6.000000,6.000000,0.015409,0.079970,0.166498,0.188144,calls/second,milliseconds
1779969322,1,6.000000,6.000000,6.000000,0.000000,6.000000,6.000000,6.000000,6.000000,6.000000,6.000000,0.015174,0.073576,0.163746,0.187101,calls/second,milliseconds
1779969323,1,6.000000,6.000000,6.000000,0.000000,6.000000,6.000000,6.000000,6.000000,6.000000,6.000000,0.014947,0.073576,0.163746,0.187101,calls/second,milliseconds
1779969324,1,6.000000,6.000000,6.000000,0.000000,6.000000,6.000000,6.000000,6.000000,6.000000,6.000000,0.014727,0.073576,0.163746,0.187101,calls/second,milliseconds
1779969325,1,6.000000,6.000000,6.000000,0.000000,6.000000,6.000000,6.000000,6.000000,6.000000,6.000000,0.014513,0.073576,0.163746,0.187101,calls/second,milliseconds
1779969326,1,6.000000,6.000000,6.000000,0.000000,6.000000,6.000000,6.000000,6.000000,6.000000,6.000000,0.014305,0.073576,0.163746,0.187101,calls/second,milliseconds
1779969327,1,6.000000,6.000000,6.000000,0.000000,6.000000,6.000000,6.000000,6.000000,6.000000,6.000000,0.014103,0.067693,0.161040,0.186065,calls/second,milliseconds
1779969328,1,6.000000,6.000000,6.000000,0.000000,6.000000,6.000000,6.000000,6.000000,6.000000,6.000000,0.013906,0.067693,0.161040,0.186065,calls/second,milliseconds
1779969329,1,6.000000,6.000000,6.000000,0.000000,6.000000,6.000000,6.000000,6.000000,6.000000,6.000000,0.013715,0.067693,0.161040,0.186065,calls/second,milliseconds
1779969330,1,6.000000,6.000000,6.000000,0.000000,6.000000,6.000000,6.000000,6.000000,6.000000,6.000000,0.013529,0.067693,0.161040,0.186065,calls/second,milliseconds
1779969331,1,6.000000,6.000000,6.000000,0.000000,6.000000,6.000000,6.000000,6.000000,6.000000,6.000000,0.013348,0.067693,0.161040,0.186065,calls/second,milliseconds
1779969332,1,6.000000,6.000000,6.000000,0.000000,6.000000,6.000000,6.000000,6.000000,6.000000,6.000000,0.013172,0.062281,0.158378,0.185034,calls/second,milliseconds
1779969333,1,6.000000,6.000000,6.000000,0.000000,6.000000,6.000000,6.000000,6.000000,6.000000,6.000000,0.013000,0.062281,0.158378,0.185034,calls/second,milliseconds
1779969334,1,6.000000,6.000000,6.000000,0.000000,6.000000,6.000000,6.000000,6.000000,6.000000,6.000000,0.012833,0.062281,0.158378,0.185034,calls/second,milliseconds
1779969335,1,6.000000,6.000000,6.000000,0.000000,6.000000,6.000000,6.000000,6.000000,6.000000,6.000000,0.012670,0.062281,0.158378,0.185034,calls/second,milliseconds
1779969336,1,6.000000,6.000000,6.000000,0.000000,6.000000,6.000000,6.000000,6.000000,6.000000,6.000000,0.012512,0.062281,0.158378,0.185034,calls/second,milliseconds
1779969337,1,6.000000,6.000000,6.000000,0.000000,6.000000,6.000000,6.000000,6.000000,6.000000,6.000000,0.012357,0.057301,0.155760,0.184009,calls/second,milliseconds
1779969338,1,6.000000,6.000000,6.000000,0.000000,6.000000,6.000000,6.000000,6.000000,6.000000,6.000000,0.012206,0.057301,0.155760,0.184009,calls/second,milliseconds
1779969339,1,6.000000,6.000000,6.000000,0.000000,6.000000,6.000000,6.000000,6.000000,6.000000,6.000000,0.012058,0.057301,0.155760,0.184009,calls/second,milliseconds
1779969340,1,6.000000,6.000000,6.000000,0.000000,6.000000,6.000000,6.000000,6.000000,6.000000,6.000000,0.011914,0.057301,0.155760,0.184009,calls/second,milliseconds
1779969341,1,6.000000,6.000000,6.000000,0.000000,6.000000,6.000000,6.000000,6.000000,6.000000,6.000000,0.011774,0.057301,0.155760,0.184009,calls/second,milliseconds
1779969342,1,6.000000,6.000000,6.000000,0.000000,6.000000,6.000000,6.000000,6.000000,6.000000,6.000000,0.011637,0.052719,0.153186,0.182989,calls/second,milliseconds
1779969343,1,6.000000,6.000000,6.000000,0.000000,6.000000,6.000000,6.000000,6.000000,6.000000,6.000000,0.011503,0.052719,0.153186,0.182989,calls/second,milliseconds
1779969344,1,6.000000,6.000000,6.000000,0.000000,6.000000,6.000000,6.000000,6.000000,6.000000,6.000000,0.011372,0.052719,0.153186,0.182989,calls/second,milliseconds
1779969345,1,6.000000,6.000000,6.000000,0.000000,6.000000,6.000000,6.000000,6.000000,6.000000,6.000000,0.011243,0.052719,0.153186,0.182989,calls/second,milliseconds
1779969346,1,6.000000,6.000000,6.000000,0.000000,6.000000,6.000000,6.000000,6.000000,6.000000,6.000000,0.011118,0.052719,0.153186,0.182989,calls/second,milliseconds
1779969347,1,6.000000,6.000000,6.000000,0.000000,6.000000,6.000000,6.000000,6.000000,6.000000,6.000000,0.010996,0.048504,0.150654,0.181976,calls/second,milliseconds
1779969348,1,6.000000,6.000000,6.000000,0.000000,6.000000,6.000000,6.000000,6.000000,6.000000,6.000000,0.010876,0.048504,0.150654,0.181976,calls/second,milliseconds
1779969349,1,6.000000,6.000000,6.000000,0.000000,6.000000,6.000000,6.000000,6.000000,6.000000,6.000000,0.010759,0.048504,0.150654,0.181976,calls/second,milliseconds
1779969350,1,6.000000,6.000000,6.000000,0.000000,6.000000,6.000000,6.000000,6.000000,6.000000,6.000000,0.010644,0.048504,0.150654,0.181976,calls/second,milliseconds
1779969351,1,6.000000,6.000000,6.000000,0.000000,6.000000,6.000000,6.000000,6.000000,6.000000,6.000000,0.010532,0.048504,0.150654,0.181976,calls/second,milliseconds
1779969352,1,6.000000,6.000000,6.000000,0.000000,6.000000,6.000000,6.000000,6.000000,6.000000,6.000000,0.010422,0.044626,0.148164,0.180967,calls/second,milliseconds
1779969353,1,6.000000,6.000000,6.000000,0.000000,6.000000,6.000000,6.000000,6.000000,6.000000,6.000000,0.010314,0.044626,0.148164,0.180967,calls/second,milliseconds
1779969354,1,6.000000,6.000000,6.000000,0.000000,6.000000,6.000000,6.000000,6.000000,6.000000,6.000000,0.010209,0.044626,0.148164,0.180967,calls/second,milliseconds
1779969355,1,6.000000,6.000000,6.000000,0.000000,6.000000,6.000000,6.000000,6.000000,6.000000,6.000000,0.010105,0.044626,0.148164,0.180967,calls/second,milliseconds
1779969356,1,6.000000,6.000000,6.000000,0.000000,6.000000,6.000000,6.000000,6.000000,6.000000,6.000000,0.010004,0.044626,0.148164,0.180967,calls/second,milliseconds
1779969357,1,6.000000,6.000000,6.000000,0.000000,6.000000,6.000000,6.000000,6.000000,6.000000,6.000000,0.009905,0.041058,0.145715,0.179965,calls/second,milliseconds
1779969358,1,6.000000,6.000000,6.000000,0.000000,6.000000,6.000000,6.000000,6.000000,6.000000,6.000000,0.009808,0.041058,0.145715,0.179965,calls/second,milliseconds
1779969359,1,6.000000,6.000000,6.000000,0.000000,6.000000,6.000000,6.000000,6.000000,6.000000,6.000000,0.009712,0.041058,0.145715,0.179965,calls/second,milliseconds
1779969360,1,6.000000,6.000000,6.000000,0.000000,6.000000,6.000000,6.000000,6.000000,6.000000,6.000000,0.009619,0.041058,0.145715,0.179965,calls/second,milliseconds
1779969361,1,6.000000,6.000000,6.000000,0.000000,6.000000,6.000000,6.000000,6.000000,6.000000,6.000000,0.009527,0.041058,0.145715,0.179965,calls/second,milliseconds
1779969362,1,6.000000,6.000000,6.000000,0.000000,6.000000,6.000000,6.000000,6.000000,6.000000,6.000000,0.009437,0.037775,0.143306,0.178968,calls/second,milliseconds
1779969363,1,6.000000,6.000000,6.000000,0.000000,6.000000,6.000000,6.000000,6.000000,6.000000,6.000000,0.009348,0.037775,0.143306,0.178968,calls/second,milliseconds
1779969364,1,6.000000,6.000000,6.000000,0.000000,6.000000,6.000000,6.000000,6.000000,6.000000,6.000000,0.009262,0.037775,0.143306,0.178968,calls/second,milliseconds
1779969365,1,6.000000,6.000000,6.000000,0.000000,6.000000,6.000000,6.000000,6.000000,6.000000,6.000000,0.009176,0.037775,0.143306,0.178968,calls/second,milliseconds
1779969366,1,6.000000,6.000000,6.000000,0.000000,6.000000,6.000000,6.000000,6.000000,6.000000,6.000000,0.009093,0.037775,0.143306,0.178968,calls/second,milliseconds
1779969367,1,6.000000,6.000000,6.000000,0.000000,6.000000,6.000000,6.000000,6.000000,6.000000,6.000000,0.009011,0.034755,0.140938,0.177976,calls/second,milliseconds
1779969368,1,6.000000,6.000000,6.000000,0.000000,6.000000,6.000000,6.000000,6.000000,6.000000,6.000000,0.008930,0.034755,0.140938,0.177976,calls/second,milliseconds
1779969369,1,6.000000,6.000000,6.000000,0.000000,6.000000,6.000000,6.000000,6.000000,6.000000,6.000000,0.008851,0.034755,0.140938,0.177976,calls/second,milliseconds
1779969370,1,6.000000,6.000000,6.000000,0.000000,6.000000,6.000000,6.000000,6.000000,6.000000,6.000000,0.008773,0.034755,0.140938,0.177976,calls/second,milliseconds
1779969371,1,6.000000,6.000000,6.000000,0.000000,6.000000,6.000000,6.000000,6.000000,6.000000,6.000000,0.008697,0.034755,0.140938,0.177976,calls/second,milliseconds
1779969372,1,6.000000,6.000000,6.000000,0.000000,6.000000,6.000000,6.000000,6.000000,6.000000,6.000000,0.008622,0.031976,0.138608,0.176990,calls/second,milliseconds
1779969373,1,6.000000,6.000000,6.000000,0.000000,6.000000,6.000000,6.000000,6.000000,6.000000,6.000000,0.008548,0.031976,0.138608,0.176990,calls/second,milliseconds
1779969374,1,6.000000,6.000000,6.000000,0.000000,6.000000,6.000000,6.000000,6.000000,6.000000,6.000000,0.008475,0.031976,0.138608,0.176990,calls/second,milliseconds
1779969375,1,6.000000,6.000000,6.000000,0.000000,6.000000,6.000000,6.000000,6.000000,6.000000,6.000000,0.008404,0.031976,0.138608,0.176990,calls/second,milliseconds
1779969376,1,6.000000,6.000000,6.000000,0.000000,6.000000,6.000000,6.000000,6.000000,6.000000,6.000000,0.008333,0.029419,0.136317,0.176010,calls/second,milliseconds
1779969377,1,6.000000,6.000000,6.000000,0.000000,6.000000,6.000000,6.000000,6.000000,6.000000,6.000000,0.008264,0.029419,0.136317,0.176010,calls/second,milliseconds
1779969378,1,6.000000,6.000000,6.000000,0.000000,6.000000,6.000000,6.000000,6.000000,6.000000,6.000000,0.008196,0.029419,0.136317,0.176010,calls/second,milliseconds
1779969379,1,6.000000,6.000000,6.000000,0.000000,6.000000,6.000000,6.000000,6.000000,6.000000,6.000000,0.008130,0.029419,0.136317,0.176010,calls/second,milliseconds
1779969380,1,6.000000,6.000000,6.000000,0.000000,6.000000,6.000000,6.000000,6.000000,6.000000,6.000000,0.008064,0.029419,0.136317,0.176010,calls/second,milliseconds
1779969381,1,6.000000,6.000000,6.000000,0.000000,6.000000,6.000000,6.000000,6.000000,6.000000,6.000000,0.007999,0.027067,0.134064,0.175035,calls/second,milliseconds
1779969382,1,6.000000,6.000000,6.000000,0.000000,6.000000,6.000000,6.000000,6.000000,6.000000,6.000000,0.007936,0.027067,0.134064,0.175035,calls/second,milliseconds
1779969383,1,6.000000,6.000000,6.000000,0.000000,6.000000,6.000000,6.000000,6.000000,6.000000,6.000000,0.007873,0.027067,0.134064,0.175035,calls/second,milliseconds
1779969384,1,6.000000,6.000000,6.000000,0.000000,6.000000,6.000000,6.000000,6.000000,6.000000,6.000000,0.007812,0.027067,0.134064,0.175035,calls/second,milliseconds
1779969385,1,6.000000,6.000000,6.000000,0.000000,6.000000,6.000000,6.000000,6.000000,6.000000,6.000000,0.007751,0.027067,0.134064,0.175035,calls/second,milliseconds
1779969386,1,6.000000,6.000000,6.000000,0.000000,6.000000,6.000000,6.000000,6.000000,6.000000,6.000000,0.007691,0.024903,0.131848,0.174065,calls/second,milliseconds
1779969387,1,6.000000,6.000000,6.000000,0.000000,6.000000,6.000000,6.000000,6.000000,6.000000,6.000000,0.007632,0.024903,0.131848,0.174065,calls/second,milliseconds
1779969388,1,6.000000,6.000000,6.000000,0.000000,6.000000,6.000000,6.000000,6.000000,6.000000,6.000000,0.007575,0.024903,0.131848,0.174065,calls/second,milliseconds
1779969389,1,6.000000,6.000000,6.000000,0.000000,6.000000,6.000000,6.000000,6.000000,6.000000,6.000000,0.007518,0.024903,0.131848,0.174065,calls/second,milliseconds
1779969390,1,6.000000,6.000000,6.000000,0.000000,6.000000,6.000000,6.000000,6.000000,6.000000,6.000000,0.007461,0.024903,0.131848,0.174065,calls/second,milliseconds
1779969391,1,6.000000,6.000000,6.000000,0.000000,6.000000,6.000000,6.000000,6.000000,6.000000,6.000000,0.007406,0.022912,0.129669,0.173101,calls/second,milliseconds
1779969392,1,6.000000,6.000000,6.000000,0.000000,6.000000,6.000000,6.000000,6.000000,6.000000,6.000000,0.007351,0.022912,0.129669,0.173101,calls/second,milliseconds
1779969393,1,6.000000,6.000000,6.000000,0.000000,6.000000,6.000000,6.000000,6.000000,6.000000,6.000000,0.007298,0.022912,0.129669,0.173101,calls/second,milliseconds
1779969394,1,6.000000,6.000000,6.000000,0.000000,6.000000,6.000000,6.000000,6.000000,6.000000,6.000000,0.007245,0.022912,0.129669,0.173101,calls/second,milliseconds
1779969395,1,6.000000,6.000000,6.000000,0.000000,6.000000,6.000000,6.000000,6.000000,6.000000,6.000000,0.007193,0.022912,0.129669,0.173101,calls/second,milliseconds
1779969396,1,6.000000,6.000000,6.000000,0.000000,6.000000,6.000000,6.000000,6.000000,6.000000,6.000000,0.007141,0.021080,0.127526,0.172142,calls/second,milliseconds
1779969397,1,6.000000,6.000000,6.000000,0.000000,6.000000,6.000000,6.000000,6.000000,6.000000,6.000000,0.007090,0.021080,0.127526,0.172142,calls/second,milliseconds
1779969398,1,6.000000,6.000000,6.000000,0.000000,6.000000,6.000000,6.000000,6.000000,6.000000,6.000000,0.007040,0.021080,0.127526,0.172142,calls/second,milliseconds
1779969399,1,6.000000,6.000000,6.000000,0.000000,6.000000,6.000000,6.000000,6.000000,6.000000,6.000000,0.006991,0.021080,0.127526,0.172142,calls/second,milliseconds
1779969400,1,6.000000,6.000000,6.000000,0.000000,6.000000,6.000000,6.000000,6.000000,6.000000,6.000000,0.006943,0.021080,0.127526,0.172142,calls/second,milliseconds
1779969401,1,6.000000,6.000000,6.000000,0.000000,6.000000,6.000000,6.000000,6.000000,6.000000,6.000000,0.006895,0.019394,0.125418,0.171188,calls/second,milliseconds
1779969402,1,6.000000,6.000000,6.000000,0.000000,6.000000,6.000000,6.000000,6.000000,6.000000,6.000000,0.006847,0.019394,0.125418,0.171188,calls/second,milliseconds
1779969403,1,6.000000,6.000000,6.000000,0.000000,6.000000,6.000000,6.000000,6.000000,6.000000,6.000000,0.006801,0.019394,0.125418,0.171188,calls/second,milliseconds
1779969404,1,6.000000,6.000000,6.000000,0.000000,6.000000,6.000000,6.000000,6.000000,6.000000,6.000000,0.006755,0.019394,0.125418,0.171188,calls/second,milliseconds
1779969405,1,6.000000,6.000000,6.000000,0.000000,6.000000,6.000000,6.000000,6.000000,6.000000,6.000000,0.006709,0.019394,0.125418,0.171188,calls/second,milliseconds
1779969406,1,6.000000,6.000000,6.000000,0.000000,6.000000,6.000000,6.000000,6.000000,6.000000,6.000000,0.006665,0.017844,0.123345,0.170239,calls/second,milliseconds
1779969407,1,6.000000,6.000000,6.000000,0.000000,6.000000,6.000000,6.000000,6.000000,6.000000,6.000000,0.006620,0.017844,0.123345,0.170239,calls/second,milliseconds
1779969408,1,6.000000,6.000000,6.000000,0.000000,6.000000,6.000000,6.000000,6.000000,6.000000,6.000000,0.006577,0.017844,0.123345,0.170239,calls/second,milliseconds
1779969409,1,6.000000,6.000000,6.000000,0.000000,6.000000,6.000000,6.000000,6.000000,6.000000,6.000000,0.006534,0.017844,0.123345,0.170239,calls/second,milliseconds
1779969410,1,6.000000,6.000000,6.000000,0.000000,6.000000,6.000000,6.000000,6.000000,6.000000,6.000000,0.006491,0.017844,0.123345,0.170239,calls/second,milliseconds
1779969411,1,6.000000,6.000000,6.000000,0.000000,6.000000,6.000000,6.000000,6.000000,6.000000,6.000000,0.006449,0.016417,0.121306,0.169296,calls/second,milliseconds
1779969412,1,6.000000,6.000000,6.000000,0.000000,6.000000,6.000000,6.000000,6.000000,6.000000,6.000000,0.006408,0.016417,0.121306,0.169296,calls/second,milliseconds
1779969413,1,6.000000,6.000000,6.000000,0.000000,6.000000,6.000000,6.000000,6.000000,6.000000,6.000000,0.006367,0.016417,0.121306,0.169296,calls/second,milliseconds
1779969414,1,6.000000,6.000000,6.000000,0.000000,6.000000,6.000000,6.000000,6.000000,6.000000,6.000000,0.006327,0.016417,0.121306,0.169296,calls/second,milliseconds
1779969415,1,6.000000,6.000000,6.000000,0.000000,6.000000,6.000000,6.000000,6.000000,6.000000,6.000000,0.006287,0.016417,0.121306,0.169296,calls/second,milliseconds
1779969416,1,6.000000,6.000000,6.000000,0.000000,6.000000,6.000000,6.000000,6.000000,6.000000,6.000000,0.006248,0.015104,0.119301,0.168358,calls/second,milliseconds
1779969417,1,6.000000,6.000000,6.000000,0.000000,6.000000,6.000000,6.000000,6.000000,6.000000,6.000000,0.006209,0.015104,0.119301,0.168358,calls/second,milliseconds
1779969418,1,6.000000,6.000000,6.000000,0.000000,6.000000,6.000000,6.000000,6.000000,6.000000,6.000000,0.006170,0.015104,0.119301,0.168358,calls/second,milliseconds
1779969419,1,6.000000,6.000000,6.000000,0.000000,6.000000,6.000000,6.000000,6.000000,6.000000,6.000000,0.006133,0.015104,0.119301,0.168358,calls/second,milliseconds
1779969420,1,6.000000,6.000000,6.000000,0.000000,6.000000,6.000000,6.000000,6.000000,6.000000,6.000000,0.006095,0.015104,0.119301,0.168358,calls/second,milliseconds
1779969421,1,6.000000,6.000000,6.000000,0.000000,6.000000,6.000000,6.000000,6.000000,6.000000,6.000000,0.006058,0.013897,0.117329,0.167426,calls/second,milliseconds
1779969422,1,6.000000,6.000000,6.000000,0.000000,6.000000,6.000000,6.000000,6.000000,6.000000,6.000000,0.006022,0.013897,0.117329,0.167426,calls/second,milliseconds
1779969423,1,6.000000,6.000000,6.000000,0.000000,6.000000,6.000000,6.000000,6.000000,6.000000,6.000000,0.005985,0.013897,0.117329,0.167426,calls/second,milliseconds
1779969424,1,6.000000,6.000000,6.000000,0.000000,6.000000,6.000000,6.000000,6.000000,6.000000,6.000000,0.005950,0.013897,0.117329,0.167426,calls/second,milliseconds
1779969425,1,6.000000,6.000000,6.000000,0.000000,6.000000,6.000000,6.000000,6.000000,6.000000,6.000000,0.005915,0.013897,0.117329,0.167426,calls/second,milliseconds
1779969426,1,6.000000,6.000000,6.000000,0.000000,6.000000,6.000000,6.000000,6.000000,6.000000,6.000000,0.005880,0.012786,0.115390,0.166498,calls/second,milliseconds
1779969427,1,6.000000,6.000000,6.000000,0.000000,6.000000,6.000000,6.000000,6.000000,6.000000,6.000000,0.005845,0.012786,0.115390,0.166498,calls/second,milliseconds
1779969428,1,6.000000,6.000000,6.000000,0.000000,6.000000,6.000000,6.000000,6.000000,6.000000,6.000000,0.005811,0.012786,0.115390,0.166498,calls/second,milliseconds
1779969429,1,6.000000,6.000000,6.000000,0.000000,6.000000,6.000000,6.000000,6.000000,6.000000,6.000000,0.005778,0.012786,0.115390,0.166498,calls/second,milliseconds
1779969430,1,6.000000,6.000000,6.000000,0.000000,6.000000,6.000000,6.000000,6.000000,6.000000,6.000000,0.005744,0.012786,0.115390,0.166498,calls/second,milliseconds
1779969431,1,6.000000,6.000000,6.000000,0.000000,6.000000,6.000000,6.000000,6.000000,6.000000,6.000000,0.005712,0.011763,0.113483,0.165576,calls/second,milliseconds
1779969432,1,6.000000,6.000000,6.000000,0.000000,6.000000,6.000000,6.000000,6.000000,6.000000,6.000000,0.005679,0.011763,0.113483,0.165576,calls/second,milliseconds
1779969433,1,6.000000,6.000000,6.000000,0.000000,6.000000,6.000000,6.000000,6.000000,6.000000,6.000000,0.005647,0.011763,0.113483,0.165576,calls/second,milliseconds
1779969434,1,6.000000,6.000000,6.000000,0.000000,6.000000,6.000000,6.000000,6.000000,6.000000,6.000000,0.005615,0.011763,0.113483,0.165576,calls/second,milliseconds
1779969435,1,6.000000,6.000000,6.000000,0.000000,6.000000,6.000000,6.000000,6.000000,6.000000,6.000000,0.005584,0.011763,0.113483,0.165576,calls/second,milliseconds
1779969436,1,6.000000,6.000000,6.000000,0.000000,6.000000,6.000000,6.000000,6.000000,6.000000,6.000000,0.005553,0.010823,0.111607,0.164658,calls/second,milliseconds
1779969437,1,6.000000,6.000000,6.000000,0.000000,6.000000,6.000000,6.000000,6.000000,6.000000,6.000000,0.005522,0.010823,0.111607,0.164658,calls/second,milliseconds
1779969438,1,6.000000,6.000000,6.000000,0.000000,6.000000,6.000000,6.000000,6.000000,6.000000,6.000000,0.005492,0.010823,0.111607,0.164658,calls/second,milliseconds
1779969439,1,6.000000,6.000000,6.000000,0.000000,6.000000,6.000000,6.000000,6.000000,6.000000,6.000000,0.005462,0.010823,0.111607,0.164658,calls/second,milliseconds
1779969440,1,6.000000,6.000000,6.000000,0.000000,6.000000,6.000000,6.000000,6.000000,6.000000,6.000000,0.005432,0.010823,0.111607,0.164658,calls/second,milliseconds
1779969441,1,6.000000,6.000000,6.000000,0.000000,6.000000,6.000000,6.000000,6.000000,6.000000,6.000000,0.005403,0.009957,0.109762,0.163746,calls/second,milliseconds
1779969442,1,6.000000,6.000000,6.000000,0.000000,6.000000,6.000000,6.000000,6.000000,6.000000,6.000000,0.005373,0.009957,0.109762,0.163746,calls/second,milliseconds
1779969443,1,6.000000,6.000000,6.000000,0.000000,6.000000,6.000000,6.000000,6.000000,6.000000,6.000000,0.005345,0.009957,0.109762,0.163746,calls/second,milliseconds
1779969444,1,6.000000,6.000000,6.000000,0.000000,6.000000,6.000000,6.000000,6.000000,6.000000,6.000000,0.005316,0.009957,0.109762,0.163746,calls/second,milliseconds
1779969445,1,6.000000,6.000000,6.000000,0.000000,6.000000,6.000000,6.000000,6.000000,6.000000,6.000000,0.005288,0.009957,0.109762,0.163746,calls/second,milliseconds
1779969446,1,6.000000,6.000000,6.000000,0.000000,6.000000,6.000000,6.000000,6.000000,6.000000,6.000000,0.005260,0.009161,0.107948,0.162839,calls/second,milliseconds
1779969447,1,6.000000,6.000000,6.000000,0.000000,6.000000,6.000000,6.000000,6.000000,6.000000,6.000000,0.005233,0.009161,0.107948,0.162839,calls/second,milliseconds
1779969448,1,6.000000,6.000000,6.000000,0.000000,6.000000,6.000000,6.000000,6.000000,6.000000,6.000000,0.005205,0.009161,0.107948,0.162839,calls/second,milliseconds
1779969449,1,6.000000,6.000000,6.000000,0.000000,6.000000,6.000000,6.000000,6.000000,6.000000,6.000000,0.005178,0.009161,0.107948,0.162839,calls/second,milliseconds
1779969450,1,6.000000,6.000000,6.000000,0.000000,6.000000,6.000000,6.000000,6.000000,6.000000,6.000000,0.005152,0.009161,0.107948,0.162839,calls/second,milliseconds
1779969451,1,6.000000,6.000000,6.000000,0.000000,6.000000,6.000000,6.000000,6.000000,6.000000,6.000000,0.005125,0.008429,0.106164,0.161937,calls/second,milliseconds
1779969452,1,6.000000,6.000000,6.000000,0.000000,6.000000,6.000000,6.000000,6.000000,6.000000,6.000000,0.005099,0.008429,0.106164,0.161937,calls/second,milliseconds
1779969453,1,6.000000,6.000000,6.000000,0.000000,6.000000,6.000000,6.000000,6.000000,6.000000,6.000000,0.005073,0.008429,0.106164,0.161937,calls/second,milliseconds
1779969454,1,6.000000,6.000000,6.000000,0.000000,6.000000,6.000000,6.000000,6.000000,6.000000,6.000000,0.005048,0.008429,0.106164,0.161937,calls/second,milliseconds
1779969455,1,6.000000,6.000000,6.000000,0.000000,6.000000,6.000000,6.000000,6.000000,6.000000,6.000000,0.005022,0.008429,0.106164,0.161937,calls/second,milliseconds
1779969456,1,6.000000,6.000000,6.000000,0.000000,6.000000,6.000000,6.000000,6.000000,6.000000,6.000000,0.004997,0.007755,0.104409,0.161040,calls/second,milliseconds
1779969457,1,6.000000,6.000000,6.000000,0.000000,6.000000,6.000000,6.000000,6.000000,6.000000,6.000000,0.004972,0.007755,0.104409,0.161040,calls/second,milliseconds
1779969458,1,6.000000,6.000000,6.000000,0.000000,6.000000,6.000000,6.000000,6.000000,6.000000,6.000000,0.004948,0.007755,0.104409,0.161040,calls/second,milliseconds
1779969459,1,6.000000,6.000000,6.000000,0.000000,6.000000,6.000000,6.000000,6.000000,6.000000,6.000000,0.004923,0.007755,0.104409,0.161040,calls/second,milliseconds
1779969460,1,6.000000,6.000000,6.000000,0.000000,6.000000,6.000000,6.000000,6.000000,6.000000,6.000000,0.004899,0.007755,0.104409,0.161040,calls/second,milliseconds
1779969461,1,6.000000,6.000000,6.000000,0.000000,6.000000,6.000000,6.000000,6.000000,6.000000,6.000000,0.004875,0.007135,0.102683,0.160147,calls/second,milliseconds
1779969462,1,6.000000,6.000000,6.000000,0.000000,6.000000,6.000000,6.000000,6.000000,6.000000,6.000000,0.004851,0.007135,0.102683,0.160147,calls/second,milliseconds
1779969463,1,6.000000,6.000000,6.000000,0.000000,6.000000,6.000000,6.000000,6.000000,6.000000,6.000000,0.004828,0.007135,0.102683,0.160147,calls/second,milliseconds
1779969464,1,6.000000,6.000000,6.000000,0.000000,6.000000,6.000000,6.000000,6.000000,6.000000,6.000000,0.004805,0.007135,0.102683,0.160147,calls/second,milliseconds
1779969465,1,6.000000,6.000000,6.000000,0.000000,6.000000,6.000000,6.000000,6.000000,6.000000,6.000000,0.004782,0.007135,0.102683,0.160147,calls/second,milliseconds
1779969466,1,6.000000,6.000000,6.000000,0.000000,6.000000,6.000000,6.000000,6.000000,6.000000,6.000000,0.004759,0.006564,0.100986,0.159260,calls/second,milliseconds
1779969467,1,6.000000,6.000000,6.000000,0.000000,6.000000,6.000000,6.000000,6.000000,6.000000,6.000000,0.004736,0.006564,0.100986,0.159260,calls/second,milliseconds
1779969468,1,6.000000,6.000000,6.000000,0.000000,6.000000,6.000000,6.000000,6.000000,6.000000,6.000000,0.004714,0.006564,0.100986,0.159260,calls/second,milliseconds
1779969469,1,6.000000,6.000000,6.000000,0.000000,6.000000,6.000000,6.000000,6.000000,6.000000,6.000000,0.004692,0.006564,0.100986,0.159260,calls/second,milliseconds
1779969470,1,6.000000,6.000000,6.000000,0.000000,6.000000,6.000000,6.000000,6.000000,6.000000,6.000000,0.004670,0.006564,0.100986,0.159260,calls/second,milliseconds
1779969471,1,6.000000,6.000000,6.000000,0.000000,6.000000,6.000000,6.000000,6.000000,6.000000,6.000000,0.004648,0.006039,0.099317,0.158378,calls/second,milliseconds
1779969472,1,6.000000,6.000000,6.000000,0.000000,6.000000,6.000000,6.000000,6.000000,6.000000,6.000000,0.004627,0.006039,0.099317,0.158378,calls/second,milliseconds
1779969473,1,6.000000,6.000000,6.000000,0.000000,6.000000,6.000000,6.000000,6.000000,6.000000,6.000000,0.004605,0.006039,0.099317,0.158378,calls/second,milliseconds
1779969474,1,6.000000,6.000000,6.000000,0.000000,6.000000,6.000000,6.000000,6.000000,6.000000,6.000000,0.004584,0.006039,0.099317,0.158378,calls/second,milliseconds
1779969475,1,6.000000,6.000000,6.000000,0.000000,6.000000,6.000000,6.000000,6.000000,6.000000,6.000000,0.004563,0.006039,0.099317,0.158378,calls/second,milliseconds
1779969476,1,6.000000,6.000000,6.000000,0.000000,6.000000,6.000000,6.000000,6.000000,6.000000,6.000000,0.004542,0.005557,0.097675,0.157500,calls/second,milliseconds
1779969477,1,6.000000,6.000000,6.000000,0.000000,6.000000,6.000000,6.000000,6.000000,6.000000,6.000000,0.004522,0.005557,0.097675,0.157500,calls/second,milliseconds
1779969478,1,6.000000,6.000000,6.000000,0.000000,6.000000,6.000000,6.000000,6.000000,6.000000,6.000000,0.004501,0.005557,0.097675,0.157500,calls/second,milliseconds
1779969479,1,6.000000,6.000000,6.000000,0.000000,6.000000,6.000000,6.000000,6.000000,6.000000,6.000000,0.004481,0.005557,0.097675,0.157500,calls/second,milliseconds
1779969480,1,6.000000,6.000000,6.000000,0.000000,6.000000,6.000000,6.000000,6.000000,6.000000,6.000000,0.004461,0.005557,0.097675,0.157500,calls/second,milliseconds
1779969481,1,6.000000,6.000000,6.000000,0.000000,6.000000,6.000000,6.000000,6.000000,6.000000,6.000000,0.004441,0.005112,0.096061,0.156628,calls/second,milliseconds
1779969482,1,6.000000,6.000000,6.000000,0.000000,6.000000,6.000000,6.000000,6.000000,6.000000,6.000000,0.004422,0.005112,0.096061,0.156628,calls/second,milliseconds
1779969483,1,6.000000,6.000000,6.000000,0.000000,6.000000,6.000000,6.000000,6.000000,6.000000,6.000000,0.004402,0.005112,0.096061,0.156628,calls/second,milliseconds
1779969484,1,6.000000,6.000000,6.000000,0.000000,6.000000,6.000000,6.000000,6.000000,6.000000,6.000000,0.004383,0.005112,0.096061,0.156628,calls/second,milliseconds
1779969485,1,6.000000,6.000000,6.000000,0.000000,6.000000,6.000000,6.000000,6.000000,6.000000,6.000000,0.004364,0.005112,0.096061,0.156628,calls/second,milliseconds
1779969486,1,6.000000,6.000000,6.000000,0.000000,6.000000,6.000000,6.000000,6.000000,6.000000,6.000000,0.004345,0.004704,0.094473,0.155760,calls/second,milliseconds
1779969487,1,6.000000,6.000000,6.000000,0.000000,6.000000,6.000000,6.000000,6.000000,6.000000,6.000000,0.004326,0.004704,0.094473,0.155760,calls/second,milliseconds
1779969488,1,6.000000,6.000000,6.000000,0.000000,6.000000,6.000000,6.000000,6.000000,6.000000,6.000000,0.004307,0.004704,0.094473,0.155760,calls/second,milliseconds
1779969489,1,6.000000,6.000000,6.000000,0.000000,6.000000,6.000000,6.000000,6.000000,6.000000,6.000000,0.004289,0.004704,0.094473,0.155760,calls/second,milliseconds
1779969490,1,6.000000,6.000000,6.000000,0.000000,6.000000,6.000000,6.000000,6.000000,6.000000,6.000000,0.004270,0.004704,0.094473,0.155760,calls/second,milliseconds
1779969491,1,6.000000,6.000000,6.000000,0.000000,6.000000,6.000000,6.000000,6.000000,6.000000,6.000000,0.004252,0.004327,0.092912,0.154897,calls/second,milliseconds
1779969492,1,6.000000,6.000000,6.000000,0.000000,6.000000,6.000000,6.000000,6.000000,6.000000,6.000000,0.004234,0.004327,0.092912,0.154897,calls/second,milliseconds
1779969493,1,6.000000,6.000000,6.000000,0.000000,6.000000,6.000000,6.000000,6.000000,6.000000,6.000000,0.004216,0.004327,0.092912,0.154897,calls/second,milliseconds
1779969494,1,6.000000,6.000000,6.000000,0.000000,6.000000,6.000000,6.000000,6.000000,6.000000,6.000000,0.004199,0.004327,0.092912,0.154897,calls/second,milliseconds
1779969495,1,6.000000,6.000000,6.000000,0.000000,6.000000,6.000000,6.000000,6.000000,6.000000,6.000000,0.004181,0.004327,0.092912,0.154897,calls/second,milliseconds
1779969496,1,6.000000,6.000000,6.000000,0.000000,6.000000,6.000000,6.000000,6.000000,6.000000,6.000000,0.004164,0.003981,0.091376,0.154039,calls/second,milliseconds
1779969497,1,6.000000,6.000000,6.000000,0.000000,6.000000,6.000000,6.000000,6.000000,6.000000,6.000000,0.004146,0.003981,0.091376,0.154039,calls/second,milliseconds
1779969498,1,6.000000,6.000000,6.000000,0.000000,6.000000,6.000000,6.000000,6.000000,6.000000,6.000000,0.004129,0.003981,0.091376,0.154039,calls/second,milliseconds
1779969499,1,6.000000,6.000000,6.000000,0.000000,6.000000,6.000000,6.000000,6.000000,6.000000,6.000000,0.004112,0.003981,0.091376,0.154039,calls/second,milliseconds
1779969500,1,6.000000,6.000000,6.000000,0.000000,6.000000,6.000000,6.000000,6.000000,6.000000,6.000000,0.004095,0.003981,0.091376,0.154039,calls/second,milliseconds
1779969501,1,6.000000,6.000000,6.000000,0.000000,6.000000,6.000000,6.000000,6.000000,6.000000,6.000000,0.004079,0.003663,0.089866,0.153186,calls/second,milliseconds
1779969502,1,6.000000,6.000000,6.000000,0.000000,6.000000,6.000000,6.000000,6.000000,6.000000,6.000000,0.004062,0.003663,0.089866,0.153186,calls/second,milliseconds
1779969503,1,6.000000,6.000000,6.000000,0.000000,6.000000,6.000000,6.000000,6.000000,6.000000,6.000000,0.004046,0.003663,0.089866,0.153186,calls/second,milliseconds
1779969504,1,6.000000,6.000000,6.000000,0.000000,6.000000,6.000000,6.000000,6.000000,6.000000,6.000000,0.004029,0.003663,0.089866,0.153186,calls/second,milliseconds
1779969505,1,6.000000,6.000000,6.000000,0.000000,6.000000,6.000000,6.000000,6.000000,6.000000,6.000000,0.004013,0.003663,0.089866,0.153186,calls/second,milliseconds
1779969506,1,6.000000,6.000000,6.000000,0.000000,6.000000,6.000000,6.000000,6.000000,6.000000,6.000000,0.003997,0.003370,0.088380,0.152337,calls/second,milliseconds
1779969507,1,6.000000,6.000000,6.000000,0.000000,6.000000,6.000000,6.000000,6.000000,6.000000,6.000000,0.003981,0.003370,0.088380,0.152337,calls/second,milliseconds
1779969508,1,6.000000,6.000000,6.000000,0.000000,6.000000,6.000000,6.000000,6.000000,6.000000,6.000000,0.003965,0.003370,0.088380,0.152337,calls/second,milliseconds
1779969509,1,6.000000,6.000000,6.000000,0.000000,6.000000,6.000000,6.000000,6.000000,6.000000,6.000000,0.003950,0.003370,0.088380,0.152337,calls/second,milliseconds
1779969510,1,6.000000,6.000000,6.000000,0.000000,6.000000,6.000000,6.000000,6.000000,6.000000,6.000000,0.003934,0.003370,0.088380,0.152337,calls/second,milliseconds
1779969511,1,6.000000,6.000000,6.000000,0.000000,6.000000,6.000000,6.000000,6.000000,6.000000,6.000000,0.003919,0.003101,0.086920,0.151493,calls/second,milliseconds
1779969512,1,6.000000,6.000000,6.000000,0.000000,6.000000,6.000000,6.000000,6.000000,6.000000,6.000000,0.003903,0.003101,0.086920,0.151493,calls/second,milliseconds
1779969513,1,6.000000,6.000000,6.000000,0.000000,6.000000,6.000000,6.000000,6.000000,6.000000,6.000000,0.003888,0.003101,0.086920,0.151493,calls/second,milliseconds
1779969514,1,6.000000,6.000000,6.000000,0.000000,6.000000,6.000000,6.000000,6.000000,6.000000,6.000000,0.003873,0.003101,0.086920,0.151493,calls/second,milliseconds
1779969515,1,6.000000,6.000000,6.000000,0.000000,6.000000,6.000000,6.000000,6.000000,6.000000,6.000000,0.003858,0.003101,0.086920,0.151493,calls/second,milliseconds
1779969516,1,6.000000,6.000000,6.000000,0.000000,6.000000,6.000000,6.000000,6.000000,6.000000,6.000000,0.003843,0.002853,0.085483,0.150654,calls/second,milliseconds
1779969517,1,6.000000,6.000000,6.000000,0.000000,6.000000,6.000000,6.000000,6.000000,6.000000,6.000000,0.003828,0.002853,0.085483,0.150654,calls/second,milliseconds
1779969518,1,6.000000,6.000000,6.000000,0.000000,6.000000,6.000000,6.000000,6.000000,6.000000,6.000000,0.003814,0.002853,0.085483,0.150654,calls/second,milliseconds
1779969519,1,6.000000,6.000000,6.000000,0.000000,6.000000,6.000000,6.000000,6.000000,6.000000,6.000000,0.003799,0.002853,0.085483,0.150654,calls/second,milliseconds
1779969520,1,6.000000,6.000000,6.000000,0.000000,6.000000,6.000000,6.000000,6.000000,6.000000,6.000000,0.003785,0.002853,0.085483,0.150654,calls/second,milliseconds
1779969521,1,6.000000,6.000000,6.000000,0.000000,6.000000,6.000000,6.000000,6.000000,6.000000,6.000000,0.003771,0.002625,0.084070,0.149819,calls/second,milliseconds
1779969522,1,6.000000,6.000000,6.000000,0.000000,6.000000,6.000000,6.000000,6.000000,6.000000,6.000000,0.003756,0.002625,0.084070,0.149819,calls/second,milliseconds
1779969523,1,6.000000,6.000000,6.000000,0.000000,6.000000,6.000000,6.000000,6.000000,6.000000,6.000000,0.003742,0.002625,0.084070,0.149819,calls/second,milliseconds
1779969524,1,6.000000,6.000000,6.000000,0.000000,6.000000,6.000000,6.000000,6.000000,6.000000,6.000000,0.003728,0.002625,0.084070,0.149819,calls/second,milliseconds
1779969525,1,6.000000,6.000000,6.000000,0.000000,6.000000,6.000000,6.000000,6.000000,6.000000,6.000000,0.003714,0.002625,0.084070,0.149819,calls/second,milliseconds
1779969526,1,6.000000,6.000000,6.000000,0.000000,6.000000,6.000000,6.000000,6.000000,6.000000,6.000000,0.003701,0.002415,0.082681,0.148989,calls/second,milliseconds
1779969527,1,6.000000,6.000000,6.000000,0.000000,6.000000,6.000000,6.000000,6.000000,6.000000,6.000000,0.003687,0.002415,0.082681,0.148989,calls/second,milliseconds
1779969528,1,6.000000,6.000000,6.000000,0.000000,6.000000,6.000000,6.000000,6.000000,6.000000,6.000000,0.003673,0.002415,0.082681,0.148989,calls/second,milliseconds
1779969529,1,6.000000,6.000000,6.000000,0.000000,6.000000,6.000000,6.000000,6.000000,6.000000,6.000000,0.003660,0.002415,0.082681,0.148989,calls/second,milliseconds
1779969530,1,6.000000,6.000000,6.000000,0.000000,6.000000,6.000000,6.000000,6.000000,6.000000,6.000000,0.003647,0.002415,0.082681,0.148989,calls/second,milliseconds
1779969531,1,6.000000,6.000000,6.000000,0.000000,6.000000,6.000000,6.000000,6.000000,6.000000,6.000000,0.003633,0.002222,0.081314,0.148164,calls/second,milliseconds
1779969532,1,6.000000,6.000000,6.000000,0.000000,6.000000,6.000000,6.000000,6.000000,6.000000,6.000000,0.003620,0.002222,0.081314,0.148164,calls/second,milliseconds
1779969533,1,6.000000,6.000000,6.000000,0.000000,6.000000,6.000000,6.000000,6.000000,6.000000,6.000000,0.003607,0.002222,0.081314,0.148164,calls/second,milliseconds
1779969534,1,6.000000,6.000000,6.000000,0.000000,6.000000,6.000000,6.000000,6.000000,6.000000,6.000000,0.003594,0.002222,0.081314,0.148164,calls/second,milliseconds
1779969535,1,6.000000,6.000000,6.000000,0.000000,6.000000,6.000000,6.000000,6.000000,6.000000,6.000000,0.003581,0.002222,0.081314,0.148164,calls/second,milliseconds
1779969536,1,6.000000,6.000000,6.000000,0.000000,6.000000,6.000000,6.000000,6.000000,6.000000,6.000000,0.003568,0.002044,0.079970,0.147343,calls/second,milliseconds
1779969537,1,6.000000,6.000000,6.000000,0.000000,6.000000,6.000000,6.000000,6.000000,6.000000,6.000000,0.003556,0.002044,0.079970,0.147343,calls/second,milliseconds
1779969538,1,6.000000,6.000000,6.000000,0.000000,6.000000,6.000000,6.000000,6.000000,6.000000,6.000000,0.003543,0.002044,0.079970,0.147343,calls/second,milliseconds
1779969539,1,6.000000,6.000000,6.000000,0.000000,6.000000,6.000000,6.000000,6.000000,6.000000,6.000000,0.003531,0.002044,0.079970,0.147343,calls/second,milliseconds
1779969540,1,6.000000,6.000000,6.000000,0.000000,6.000000,6.000000,6.000000,6.000000,6.000000,6.000000,0.003518,0.002044,0.079970,0.147343,calls/second,milliseconds
1779969541,1,6.000000,6.000000,6.000000,0.000000,6.000000,6.000000,6.000000,6.000000,6.000000,6.000000,0.003506,0.001881,0.078648,0.146526,calls/second,milliseconds
1779969542,1,6.000000,6.000000,6.000000,0.000000,6.000000,6.000000,6.000000,6.000000,6.000000,6.000000,0.003493,0.001881,0.078648,0.146526,calls/second,milliseconds
1779969543,1,6.000000,6.000000,6.000000,0.000000,6.000000,6.000000,6.000000,6.000000,6.000000,6.000000,0.003481,0.001881,0.078648,0.146526,calls/second,milliseconds
1779969544,1,6.000000,6.000000,6.000000,0.000000,6.000000,6.000000,6.000000,6.000000,6.000000,6.000000,0.003469,0.001881,0.078648,0.146526,calls/second,milliseconds
1779969545,1,6.000000,6.000000,6.000000,0.000000,6.000000,6.000000,6.000000,6.000000,6.000000,6.000000,0.003457,0.001881,0.078648,0.146526,calls/second,milliseconds
1779969546,1,6.000000,6.000000,6.000000,0.000000,6.000000,6.000000,6.000000,6.000000,6.000000,6.000000,0.003445,0.001730,0.077348,0.145715,calls/second,milliseconds
1779969547,1,6.000000,6.000000,6.000000,0.000000,6.000000,6.000000,6.000000,6.000000,6.000000,6.000000,0.003433,0.001730,0.077348,0.145715,calls/second,milliseconds
1779969548,1,6.000000,6.000000,6.000000,0.000000,6.000000,6.000000,6.000000,6.000000,6.000000,6.000000,0.003422,0.001730,0.077348,0.145715,calls/second,milliseconds
1779969549,1,6.000000,6.000000,6.000000,0.000000,6.000000,6.000000,6.000000,6.000000,6.000000,6.000000,0.003410,0.001730,0.077348,0.145715,calls/second,milliseconds
1779969550,1,6.000000,6.000000,6.000000,0.000000,6.000000,6.000000,6.000000,6.000000,6.000000,6.000000,0.003398,0.001730,0.077348,0.145715,calls/second,milliseconds
1779969551,1,6.000000,6.000000,6.000000,0.000000,6.000000,6.000000,6.000000,6.000000,6.000000,6.000000,0.003387,0.001592,0.076070,0.144907,calls/second,milliseconds
1779969552,1,6.000000,6.000000,6.000000,0.000000,6.000000,6.000000,6.000000,6.000000,6.000000,6.000000,0.003375,0.001592,0.076070,0.144907,calls/second,milliseconds
1779969553,1,6.000000,6.000000,6.000000,0.000000,6.000000,6.000000,6.000000,6.000000,6.000000,6.000000,0.003364,0.001592,0.076070,0.144907,calls/second,milliseconds
1779969554,1,6.000000,6.000000,6.000000,0.000000,6.000000,6.000000,6.000000,6.000000,6.000000,6.000000,0.003353,0.001592,0.076070,0.144907,calls/second,milliseconds
1779969555,1,6.000000,6.000000,6.000000,0.000000,6.000000,6.000000,6.000000,6.000000,6.000000,6.000000,0.003342,0.001592,0.076070,0.144907,calls/second,milliseconds
1779969556,1,6.000000,6.000000,6.000000,0.000000,6.000000,6.000000,6.000000,6.000000,6.000000,6.000000,0.003330,0.001465,0.074812,0.144105,calls/second,milliseconds
1779969557,1,6.000000,6.000000,6.000000,0.000000,6.000000,6.000000,6.000000,6.000000,6.000000,6.000000,0.003319,0.001465,0.074812,0.144105,calls/second,milliseconds
1779969558,1,6.000000,6.000000,6.000000,0.000000,6.000000,6.000000,6.000000,6.000000,6.000000,6.000000,0.003308,0.001465,0.074812,0.144105,calls/second,milliseconds
1779969559,1,6.000000,6.000000,6.000000,0.000000,6.000000,6.000000,6.000000,6.000000,6.000000,6.000000,0.003297,0.001465,0.074812,0.144105,calls/second,milliseconds
1779969560,1,6.000000,6.000000,6.000000,0.000000,6.000000,6.000000,6.000000,6.000000,6.000000,6.000000,0.003287,0.001465,0.074812,0.144105,calls/second,milliseconds
1779969561,1,6.000000,6.000000,6.000000,0.000000,6.000000,6.000000,6.000000,6.000000,6.000000,6.000000,0.003276,0.001348,0.073576,0.143306,calls/second,milliseconds
1779969562,1,6.000000,6.000000,6.000000,0.000000,6.000000,6.000000,6.000000,6.000000,6.000000,6.000000,0.003265,0.001348,0.073576,0.143306,calls/second,milliseconds
1779969563,1,6.000000,6.000000,6.000000,0.000000,6.000000,6.000000,6.000000,6.000000,6.000000,6.000000,0.003254,0.001348,0.073576,0.143306,calls/second,milliseconds
1779969564,1,6.000000,6.000000,6.000000,0.000000,6.000000,6.000000,6.000000,6.000000,6.000000,6.000000,0.003244,0.001348,0.073576,0.143306,calls/second,milliseconds
1779969565,1,6.000000,6.000000,6.000000,0.000000,6.000000,6.000000,6.000000,6.000000,6.000000,6.000000,0.003233,0.001348,0.073576,0.143306,calls/second,milliseconds
1779969566,1,6.000000,6.000000,6.000000,0.000000,6.000000,6.000000,6.000000,6.000000,6.000000,6.000000,0.003223,0.001240,0.072360,0.142512,calls/second,milliseconds
1779969567,1,6.000000,6.000000,6.000000,0.000000,6.000000,6.000000,6.000000,6.000000,6.000000,6.000000,0.003213,0.001240,0.072360,0.142512,calls/second,milliseconds
1779969568,1,6.000000,6.000000,6.000000,0.000000,6.000000,6.000000,6.000000,6.000000,6.000000,6.000000,0.003202,0.001240,0.072360,0.142512,calls/second,milliseconds
1779969569,1,6.000000,6.000000,6.000000,0.000000,6.000000,6.000000,6.000000,6.000000,6.000000,6.000000,0.003192,0.001240,0.072360,0.142512,calls/second,milliseconds
1779969570,1,6.000000,6.000000,6.000000,0.000000,6.000000,6.000000,6.000000,6.000000,6.000000,6.000000,0.003182,0.001240,0.072360,0.142512,calls/second,milliseconds
1779969571,1,6.000000,6.000000,6.000000,0.000000,6.000000,6.000000,6.000000,6.000000,6.000000,6.000000,0.003172,0.001141,0.071164,0.141723,calls/second,milliseconds
1779969572,1,6.000000,6.000000,6.000000,0.000000,6.000000,6.000000,6.000000,6.000000,6.000000,6.000000,0.003162,0.001141,0.071164,0.141723,calls/second,milliseconds
1779969573,1,6.000000,6.000000,6.000000,0.000000,6.000000,6.000000,6.000000,6.000000,6.000000,6.000000,0.003152,0.001141,0.071164,0.141723,calls/second,milliseconds
1779969574,1,6.000000,6.000000,6.000000,0.000000,6.000000,6.000000,6.000000,6.000000,6.000000,6.000000,0.003142,0.001141,0.071164,0.141723,calls/second,milliseconds
1779969575,1,6.000000,6.000000,6.000000,0.000000,6.000000,6.000000,6.000000,6.000000,6.000000,6.000000,0.003132,0.001141,0.071164,0.141723,calls/second,milliseconds
1779969576,1,6.000000,6.000000,6.000000,0.000000,6.000000,6.000000,6.000000,6.000000,6.000000,6.000000,0.003122,0.001050,0.069988,0.140938,calls/second,milliseconds
1779969577,1,6.000000,6.000000,6.000000,0.000000,6.000000,6.000000,6.000000,6.000000,6.000000,6.000000,0.003112,0.001050,0.069988,0.140938,calls/second,milliseconds
1779969578,1,6.000000,6.000000,6.000000,0.000000,6.000000,6.000000,6.000000,6.000000,6.000000,6.000000,0.003103,0.001050,0.069988,0.140938,calls/second,milliseconds
1779969579,1,6.000000,6.000000,6.000000,0.000000,6.000000,6.000000,6.000000,6.000000,6.000000,6.000000,0.003093,0.001050,0.069988,0.140938,calls/second,milliseconds
1779969580,1,6.000000,6.000000,6.000000,0.000000,6.000000,6.000000,6.000000,6.000000,6.000000,6.000000,0.003084,0.001050,0.069988,0.140938,calls/second,milliseconds
1779969581,1,6.000000,6.000000,6.000000,0.000000,6.000000,6.000000,6.000000,6.000000,6.000000,6.000000,0.003074,0.000966,0.068831,0.140157,calls/second,milliseconds
1779969582,1,6.000000,6.000000,6.000000,0.000000,6.000000,6.000000,6.000000,6.000000,6.000000,6.000000,0.003065,0.000966,0.068831,0.140157,calls/second,milliseconds
1779969583,1,6.000000,6.000000,6.000000,0.000000,6.000000,6.000000,6.000000,6.000000,6.000000,6.000000,0.003055,0.000966,0.068831,0.140157,calls/second,milliseconds
1779969584,1,6.000000,6.000000,6.000000,0.000000,6.000000,6.000000,6.000000,6.000000,6.000000,6.000000,0.003046,0.000966,0.068831,0.140157,calls/second,milliseconds
1779969585,1,6.000000,6.000000,6.000000,0.000000,6.000000,6.000000,6.000000,6.000000,6.000000,6.000000,0.003037,0.000966,0.068831,0.140157,calls/second,milliseconds
1779969586,1,6.000000,6.000000,6.000000,0.000000,6.000000,6.000000,6.000000,6.000000,6.000000,6.000000,0.003027,0.000888,0.067693,0.139380,calls/second,milliseconds
1779969587,1,6.000000,6.000000,6.000000,0.000000,6.000000,6.000000,6.000000,6.000000,6.000000,6.000000,0.003018,0.000888,0.067693,0.139380,calls/second,milliseconds
1779969588,1,6.000000,6.000000,6.000000,0.000000,6.000000,6.000000,6.000000,6.000000,6.000000,6.000000,0.003009,0.000888,0.067693,0.139380,calls/second,milliseconds
1779969589,1,6.000000,6.000000,6.000000,0.000000,6.000000,6.000000,6.000000,6.000000,6.000000,6.000000,0.003000,0.000888,0.067693,0.139380,calls/second,milliseconds
1779969590,1,6.000000,6.000000,6.000000,0.000000,6.000000,6.000000,6.000000,6.000000,6.000000,6.000000,0.002991,0.000888,0.067693,0.139380,calls/second,milliseconds
1779969591,1,6.000000,6.000000,6.000000,0.000000,6.000000,6.000000,6.000000,6.000000,6.000000,6.000000,0.002982,0.000817,0.066574,0.138608,calls/second,milliseconds
1779969592,1,6.000000,6.000000,6.000000,0.000000,6.000000,6.000000,6.000000,6.000000,6.000000,6.000000,0.002973,0.000817,0.066574,0.138608,calls/second,milliseconds
1779969593,1,6.000000,6.000000,6.000000,0.000000,6.000000,6.000000,6.000000,6.000000,6.000000,6.000000,0.002965,0.000817,0.066574,0.138608,calls/second,milliseconds
1779969594,1,6.000000,6.000000,6.000000,0.000000,6.000000,6.000000,6.000000,6.000000,6.000000,6.000000,0.002956,0.000817,0.066574,0.138608,calls/second,milliseconds
1779969595,1,6.000000,6.000000,6.000000,0.000000,6.000000,6.000000,6.000000,6.000000,6.000000,6.000000,0.002947,0.000817,0.066574,0.138608,calls/second,milliseconds
1779969596,1,6.000000,6.000000,6.000000,0.000000,6.000000,6.000000,6.000000,6.000000,6.000000,6.000000,0.002938,0.000752,0.065474,0.137840,calls/second,milliseconds
1779969597,1,6.000000,6.000000,6.000000,0.000000,6.000000,6.000000,6.000000,6.000000,6.000000,6.000000,0.002930,0.000752,0.065474,0.137840,calls/second,milliseconds
1779969598,1,6.000000,6.000000,6.000000,0.000000,6.000000,6.000000,6.000000,6.000000,6.000000,6.000000,0.002921,0.000752,0.065474,0.137840,calls/second,milliseconds
1779969599,1,6.000000,6.000000,6.000000,0.000000,6.000000,6.000000,6.000000,6.000000,6.000000,6.000000,0.002913,0.000752,0.065474,0.137840,calls/second,milliseconds
1779969600,1,6.000000,6.000000,6.000000,0.000000,6.000000,6.000000,6.000000,6.000000,6.000000,6.000000,0.002904,0.000752,0.065474,0.137840,calls/second,milliseconds
1779969601,1,6.000000,6.000000,6.000000,0.000000,6.000000,6.000000,6.000000,6.000000,6.000000,6.000000,0.002896,0.000692,0.064392,0.137077,calls/second,milliseconds
1779969602,1,6.000000,6.000000,6.000000,0.000000,6.000000,6.000000,6.000000,6.000000,6.000000,6.000000,0.002887,0.000692,0.064392,0.137077,calls/second,milliseconds
1779969603,1,6.000000,6.000000,6.000000,0.000000,6.000000,6.000000,6.000000,6.000000,6.000000,6.000000,0.002879,0.000692,0.064392,0.137077,calls/second,milliseconds
1779969604,1,6.000000,6.000000,6.000000,0.000000,6.000000,6.000000,6.000000,6.000000,6.000000,6.000000,0.002871,0.000692,0.064392,0.137077,calls/second,milliseconds
1779969605,1,6.000000,6.000000,6.000000,0.000000,6.000000,6.000000,6.000000,6.000000,6.000000,6.000000,0.002863,0.000692,0.064392,0.137077,calls/second,milliseconds
1779969606,1,6.000000,6.000000,6.000000,0.000000,6.000000,6.000000,6.000000,6.000000,6.000000,6.000000,0.002854,0.000637,0.063327,0.136317,calls/second,milliseconds
1779969607,1,6.000000,6.000000,6.000000,0.000000,6.000000,6.000000,6.000000,6.000000,6.000000,6.000000,0.002846,0.000637,0.063327,0.136317,calls/second,milliseconds
1779969608,1,6.000000,6.000000,6.000000,0.000000,6.000000,6.000000,6.000000,6.000000,6.000000,6.000000,0.002838,0.000637,0.063327,0.136317,calls/second,milliseconds
1779969609,1,6.000000,6.000000,6.000000,0.000000,6.000000,6.000000,6.000000,6.000000,6.000000,6.000000,0.002830,0.000637,0.063327,0.136317,calls/second,milliseconds
1779969610,1,6.000000,6.000000,6.000000,0.000000,6.000000,6.000000,6.000000,6.000000,6.000000,6.000000,0.002822,0.000637,0.063327,0.136317,calls/second,milliseconds
1779969611,1,6.000000,6.000000,6.000000,0.000000,6.000000,6.000000,6.000000,6.000000,6.000000,6.000000,0.002814,0.000586,0.062281,0.135562,calls/second,milliseconds
1779969612,1,6.000000,6.000000,6.000000,0.000000,6.000000,6.000000,6.000000,6.000000,6.000000,6.000000,0.002806,0.000586,0.062281,0.135562,calls/second,milliseconds
1779969613,1,6.000000,6.000000,6.000000,0.000000,6.000000,6.000000,6.000000,6.000000,6.000000,6.000000,0.002798,0.000586,0.062281,0.135562,calls/second,milliseconds
1779969614,1,6.000000,6.000000,6.000000,0.000000,6.000000,6.000000,6.000000,6.000000,6.000000,6.000000,0.002791,0.000586,0.062281,0.135562,calls/second,milliseconds
1779969615,1,6.000000,6.000000,6.000000,0.000000,6.000000,6.000000,6.000000,6.000000,6.000000,6.000000,0.002783,0.000586,0.062281,0.135562,calls/second,milliseconds
1779969616,1,6.000000,6.000000,6.000000,0.000000,6.000000,6.000000,6.000000,6.000000,6.000000,6.000000,0.002775,0.000539,0.061251,0.134811,calls/second,milliseconds
1779969617,1,6.000000,6.000000,6.000000,0.000000,6.000000,6.000000,6.000000,6.000000,6.000000,6.000000,0.002767,0.000539,0.061251,0.134811,calls/second,milliseconds
1779969618,1,6.000000,6.000000,6.000000,0.000000,6.000000,6.000000,6.000000,6.000000,6.000000,6.000000,0.002760,0.000539,0.061251,0.134811,calls/second,milliseconds
1779969619,1,6.000000,6.000000,6.000000,0.000000,6.000000,6.000000,6.000000,6.000000,6.000000,6.000000,0.002752,0.000539,0.061251,0.134811,calls/second,milliseconds
1779969620,1,6.000000,6.000000,6.000000,0.000000,6.000000,6.000000,6.000000,6.000000,6.000000,6.000000,0.002745,0.000539,0.061251,0.134811,calls/second,milliseconds
1779969621,1,6.000000,6.000000,6.000000,0.000000,6.000000,6.000000,6.000000,6.000000,6.000000,6.000000,0.002737,0.000496,0.060239,0.134064,calls/second,milliseconds
1779969622,1,6.000000,6.000000,6.000000,0.000000,6.000000,6.000000,6.000000,6.000000,6.000000,6.000000,0.002730,0.000496,0.060239,0.134064,calls/second,milliseconds
1779969623,1,6.000000,6.000000,6.000000,0.000000,6.000000,6.000000,6.000000,6.000000,6.000000,6.000000,0.002722,0.000496,0.060239,0.134064,calls/second,milliseconds
1779969624,1,6.000000,6.000000,6.000000,0.000000,6.000000,6.000000,6.000000,6.000000,6.000000,6.000000,0.002715,0.000496,0.060239,0.134064,calls/second,milliseconds
1779969625,1,6.000000,6.000000,6.000000,0.000000,6.000000,6.000000,6.000000,6.000000,6.000000,6.000000,0.002707,0.000496,0.060239,0.134064,calls/second,milliseconds
1779969626,1,6.000000,6.000000,6.000000,0.000000,6.000000,6.000000,6.000000,6.000000,6.000000,6.000000,0.002700,0.000456,0.059243,0.133321,calls/second,milliseconds
1779969627,1,6.000000,6.000000,6.000000,0.000000,6.000000,6.000000,6.000000,6.000000,6.000000,6.000000,0.002693,0.000456,0.059243,0.133321,calls/second,milliseconds
1779969628,1,6.000000,6.000000,6.000000,0.000000,6.000000,6.000000,6.000000,6.000000,6.000000,6.000000,0.002685,0.000456,0.059243,0.133321,calls/second,milliseconds
1779969629,1,6.000000,6.000000,6.000000,0.000000,6.000000,6.000000,6.000000,6.000000,6.000000,6.000000,0.002678,0.000456,0.059243,0.133321,calls/second,milliseconds
1779969630,1,6.000000,6.000000,6.000000,0.000000,6.000000,6.000000,6.000000,6.000000,6.000000,6.000000,0.002671,0.000456,0.059243,0.133321,calls/second,milliseconds
1779969631,1,6.000000,6.000000,6.000000,0.000000,6.000000,6.000000,6.000000,6.000000,6.000000,6.000000,0.002664,0.000420,0.058264,0.132583,calls/second,milliseconds
1779969632,1,6.000000,6.000000,6.000000,0.000000,6.000000,6.000000,6.000000,6.000000,6.000000,6.000000,0.002657,0.000420,0.058264,0.132583,calls/second,milliseconds
1779969633,1,6.000000,6.000000,6.000000,0.000000,6.000000,6.000000,6.000000,6.000000,6.000000,6.000000,0.002650,0.000420,0.058264,0.132583,calls/second,milliseconds
1779969634,1,6.000000,6.000000,6.000000,0.000000,6.000000,6.000000,6.000000,6.000000,6.000000,6.000000,0.002643,0.000420,0.058264,0.132583,calls/second,milliseconds
1779969635,1,6.000000,6.000000,6.000000,0.000000,6.000000,6.000000,6.000000,6.000000,6.000000,6.000000,0.002636,0.000420,0.058264,0.132583,calls/second,milliseconds
1779969636,1,6.000000,6.000000,6.000000,0.000000,6.000000,6.000000,6.000000,6.000000,6.000000,6.000000,0.002629,0.000386,0.057301,0.131848,calls/second,milliseconds
1779969637,1,6.000000,6.000000,6.000000,0.000000,6.000000,6.000000,6.000000,6.000000,6.000000,6.000000,0.002622,0.000386,0.057301,0.131848,calls/second,milliseconds
1779969638,1,6.000000,6.000000,6.000000,0.000000,6.000000,6.000000,6.000000,6.000000,6.000000,6.000000,0.002615,0.000386,0.057301,0.131848,calls/second,milliseconds
1779969639,1,6.000000,6.000000,6.000000,0.000000,6.000000,6.000000,6.000000,6.000000,6.000000,6.000000,0.002608,0.000386,0.057301,0.131848,calls/second,milliseconds
1779969640,1,6.000000,6.000000,6.000000,0.000000,6.000000,6.000000,6.000000,6.000000,6.000000,6.000000,0.002602,0.000386,0.057301,0.131848,calls/second,milliseconds
1779969641,1,6.000000,6.000000,6.000000,0.000000,6.000000,6.000000,6.000000,6.000000,6.000000,6.000000,0.002595,0.000355,0.056354,0.131118,calls/second,milliseconds
1779969642,1,6.000000,6.000000,6.000000,0.000000,6.000000,6.000000,6.000000,6.000000,6.000000,6.000000,0.002588,0.000355,0.056354,0.131118,calls/second,milliseconds
1779969643,1,6.000000,6.000000,6.000000,0.000000,6.000000,6.000000,6.000000,6.000000,6.000000,6.000000,0.002581,0.000355,0.056354,0.131118,calls/second,milliseconds
1779969644,1,6.000000,6.000000,6.000000,0.000000,6.000000,6.000000,6.000000,6.000000,6.000000,6.000000,0.002575,0.000355,0.056354,0.131118,calls/second,milliseconds
1779969645,1,6.000000,6.000000,6.000000,0.000000,6.000000,6.000000,6.000000,6.000000,6.000000,6.000000,0.002568,0.000355,0.056354,0.131118,calls/second,milliseconds
1779969646,1,6.000000,6.000000,6.000000,0.000000,6.000000,6.000000,6.000000,6.000000,6.000000,6.000000,0.002561,0.000327,0.055422,0.130391,calls/second,milliseconds
1779969647,1,6.000000,6.000000,6.000000,0.000000,6.000000,6.000000,6.000000,6.000000,6.000000,6.000000,0.002555,0.000327,0.055422,0.130391,calls/second,milliseconds
1779969648,1,6.000000,6.000000,6.000000,0.000000,6.000000,6.000000,6.000000,6.000000,6.000000,6.000000,0.002548,0.000327,0.055422,0.130391,calls/second,milliseconds
1779969649,1,6.000000,6.000000,6.000000,0.000000,6.000000,6.000000,6.000000,6.000000,6.000000,6.000000,0.002542,0.000327,0.055422,0.130391,calls/second,milliseconds
1779969650,1,6.000000,6.000000,6.000000,0.000000,6.000000,6.000000,6.000000,6.000000,6.000000,6.000000,0.002535,0.000327,0.055422,0.130391,calls/second,milliseconds
1779969651,1,6.000000,6.000000,6.000000,0.000000,6.000000,6.000000,6.000000,6.000000,6.000000,6.000000,0.002529,0.000301,0.054506,0.129669,calls/second,milliseconds
1779969652,1,6.000000,6.000000,6.000000,0.000000,6.000000,6.000000,6.000000,6.000000,6.000000,6.000000,0.002523,0.000301,0.054506,0.129669,calls/second,milliseconds
1779969653,1,6.000000,6.000000,6.000000,0.000000,6.000000,6.000000,6.000000,6.000000,6.000000,6.000000,0.002516,0.000301,0.054506,0.129669,calls/second,milliseconds
1779969654,1,6.000000,6.000000,6.000000,0.000000,6.000000,6.000000,6.000000,6.000000,6.000000,6.000000,0.002510,0.000301,0.054506,0.129669,calls/second,milliseconds
1779969655,1,6.000000,6.000000,6.000000,0.000000,6.000000,6.000000,6.000000,6.000000,6.000000,6.000000,0.002504,0.000301,0.054506,0.129669,calls/second,milliseconds
1779969656,1,6.000000,6.000000,6.000000,0.000000,6.000000,6.000000,6.000000,6.000000,6.000000,6.000000,0.002497,0.000277,0.053605,0.128950,calls/second,milliseconds
1779969657,1,6.000000,6.000000,6.000000,0.000000,6.000000,6.000000,6.000000,6.000000,6.000000,6.000000,0.002491,0.000277,0.053605,0.128950,calls/second,milliseconds
1779969658,1,6.000000,6.000000,6.000000,0.000000,6.000000,6.000000,6.000000,6.000000,6.000000,6.000000,0.002485,0.000277,0.053605,0.128950,calls/second,milliseconds
1779969659,1,6.000000,6.000000,6.000000,0.000000,6.000000,6.000000,6.000000,6.000000,6.000000,6.000000,0.002479,0.000277,0.053605,0.128950,calls/second,milliseconds
1779969660,1,6.000000,6.000000,6.000000,0.000000,6.000000,6.000000,6.000000,6.000000,6.000000,6.000000,0.002473,0.000277,0.053605,0.128950,calls/second,milliseconds
1779969661,1,6.000000,6.000000,6.000000,0.000000,6.000000,6.000000,6.000000,6.000000,6.000000,6.000000,0.002467,0.000255,0.052719,0.128236,calls/second,milliseconds
1779969662,1,6.000000,6.000000,6.000000,0.000000,6.000000,6.000000,6.000000,6.000000,6.000000,6.000000,0.002461,0.000255,0.052719,0.128236,calls/second,milliseconds
1779969663,1,6.000000,6.000000,6.000000,0.000000,6.000000,6.000000,6.000000,6.000000,6.000000,6.000000,0.002454,0.000255,0.052719,0.128236,calls/second,milliseconds
1779969664,1,6.000000,6.000000,6.000000,0.000000,6.000000,6.000000,6.000000,6.000000,6.000000,6.000000,0.002448,0.000255,0.052719,0.128236,calls/second,milliseconds
1779969665,1,6.000000,6.000000,6.000000,0.000000,6.000000,6.000000,6.000000,6.000000,6.000000,6.000000,0.002442,0.000255,0.052719,0.128236,calls/second,milliseconds
1779969666,1,6.000000,6.000000,6.000000,0.000000,6.000000,6.000000,6.000000,6.000000,6.000000,6.000000,0.002436,0.000234,0.051848,0.127526,calls/second,milliseconds
1779969667,1,6.000000,6.000000,6.000000,0.000000,6.000000,6.000000,6.000000,6.000000,6.000000,6.000000,0.002431,0.000234,0.051848,0.127526,calls/second,milliseconds
1779969668,1,6.000000,6.000000,6.000000,0.000000,6.000000,6.000000,6.000000,6.000000,6.000000,6.000000,0.002425,0.000234,0.051848,0.127526,calls/second,milliseconds
1779969669,1,6.000000,6.000000,6.000000,0.000000,6.000000,6.000000,6.000000,6.000000,6.000000,6.000000,0.002419,0.000234,0.051848,0.127526,calls/second,milliseconds
1779969670,1,6.000000,6.000000,6.000000,0.000000,6.000000,6.000000,6.000000,6.000000,6.000000,6.000000,0.002413,0.000234,0.051848,0.127526,calls/second,milliseconds
1779969671,1,6.000000,6.000000,6.000000,0.000000,6.000000,6.000000,6.000000,6.000000,6.000000,6.000000,0.002407,0.000215,0.050991,0.126819,calls/second,milliseconds
1779969672,1,6.000000,6.000000,6.000000,0.000000,6.000000,6.000000,6.000000,6.000000,6.000000,6.000000,0.002401,0.000215,0.050991,0.126819,calls/second,milliseconds
1779969673,1,6.000000,6.000000,6.000000,0.000000,6.000000,6.000000,6.000000,6.000000,6.000000,6.000000,0.002396,0.000215,0.050991,0.126819,calls/second,milliseconds
1779969674,1,6.000000,6.000000,6.000000,0.000000,6.000000,6.000000,6.000000,6.000000,6.000000,6.000000,0.002390,0.000215,0.050991,0.126819,calls/second,milliseconds
1779969675,1,6.000000,6.000000,6.000000,0.000000,6.000000,6.000000,6.000000,6.000000,6.000000,6.000000,0.002384,0.000215,0.050991,0.126819,calls/second,milliseconds
1779969676,1,6.000000,6.000000,6.000000,0.000000,6.000000,6.000000,6.000000,6.000000,6.000000,6.000000,0.002378,0.000198,0.050148,0.126117,calls/second,milliseconds
1779969677,1,6.000000,6.000000,6.000000,0.000000,6.000000,6.000000,6.000000,6.000000,6.000000,6.000000,0.002373,0.000198,0.050148,0.126117,calls/second,milliseconds
1779969678,1,6.000000,6.000000,6.000000,0.000000,6.000000,6.000000,6.000000,6.000000,6.000000,6.000000,0.002367,0.000198,0.050148,0.126117,calls/second,milliseconds
1779969679,1,6.000000,6.000000,6.000000,0.000000,6.000000,6.000000,6.000000,6.000000,6.000000,6.000000,0.002362,0.000198,0.050148,0.126117,calls/second,milliseconds
1779969680,1,6.000000,6.000000,6.000000,0.000000,6.000000,6.000000,6.000000,6.000000,6.000000,6.000000,0.002356,0.000198,0.050148,0.126117,calls/second,milliseconds
1779969681,1,6.000000,6.000000,6.000000,0.000000,6.000000,6.000000,6.000000,6.000000,6.000000,6.000000,0.002350,0.000182,0.049319,0.125418,calls/second,milliseconds
1779969682,1,6.000000,6.000000,6.000000,0.000000,6.000000,6.000000,6.000000,6.000000,6.000000,6.000000,0.002345,0.000182,0.049319,0.125418,calls/second,milliseconds
1779969683,1,6.000000,6.000000,6.000000,0.000000,6.000000,6.000000,6.000000,6.000000,6.000000,6.000000,0.002339,0.000182,0.049319,0.125418,calls/second,milliseconds
1779969684,1,6.000000,6.000000,6.000000,0.000000,6.000000,6.000000,6.000000,6.000000,6.000000,6.000000,0.002334,0.000182,0.049319,0.125418,calls/second,milliseconds
1779969685,1,6.000000,6.000000,6.000000,0.000000,6.000000,6.000000,6.000000,6.000000,6.000000,6.000000,0.002329,0.000182,0.049319,0.125418,calls/second,milliseconds
1779969686,1,6.000000,6.000000,6.000000,0.000000,6.000000,6.000000,6.000000,6.000000,6.000000,6.000000,0.002323,0.000168,0.048504,0.124723,calls/second,milliseconds
1779969687,1,6.000000,6.000000,6.000000,0.000000,6.000000,6.000000,6.000000,6.000000,6.000000,6.000000,0.002318,0.000168,0.048504,0.124723,calls/second,milliseconds
1779969688,1,6.000000,6.000000,6.000000,0.000000,6.000000,6.000000,6.000000,6.000000,6.000000,6.000000,0.002312,0.000168,0.048504,0.124723,calls/second,milliseconds
1779969689,1,6.000000,6.000000,6.000000,0.000000,6.000000,6.000000,6.000000,6.000000,6.000000,6.000000,0.002307,0.000168,0.048504,0.124723,calls/second,milliseconds
1779969690,1,6.000000,6.000000,6.000000,0.000000,6.000000,6.000000,6.000000,6.000000,6.000000,6.000000,0.002302,0.000168,0.048504,0.124723,calls/second,milliseconds
1779969691,1,6.000000,6.000000,6.000000,0.000000,6.000000,6.000000,6.000000,6.000000,6.000000,6.000000,0.002296,0.000154,0.047703,0.124032,calls/second,milliseconds
1779969692,1,6.000000,6.000000,6.000000,0.000000,6.000000,6.000000,6.000000,6.000000,6.000000,6.000000,0.002291,0.000154,0.047703,0.124032,calls/second,milliseconds
1779969693,1,6.000000,6.000000,6.000000,0.000000,6.000000,6.000000,6.000000,6.000000,6.000000,6.000000,0.002286,0.000154,0.047703,0.124032,calls/second,milliseconds
1779969694,1,6.000000,6.000000,6.000000,0.000000,6.000000,6.000000,6.000000,6.000000,6.000000,6.000000,0.002281,0.000154,0.047703,0.124032,calls/second,milliseconds
1779969695,1,6.000000,6.000000,6.000000,0.000000,6.000000,6.000000,6.000000,6.000000,6.000000,6.000000,0.002275,0.000154,0.047703,0.124032,calls/second,milliseconds
1779969696,1,6.000000,6.000000,6.000000,0.000000,6.000000,6.000000,6.000000,6.000000,6.000000,6.000000,0.002270,0.000142,0.046914,0.123345,calls/second,milliseconds
1779969697,1,6.000000,6.000000,6.000000,0.000000,6.000000,6.000000,6.000000,6.000000,6.000000,6.000000,0.002265,0.000142,0.046914,0.123345,calls/second,milliseconds
1779969698,1,6.000000,6.000000,6.000000,0.000000,6.000000,6.000000,6.000000,6.000000,6.000000,6.000000,0.002260,0.000142,0.046914,0.123345,calls/second,milliseconds
1779969699,1,6.000000,6.000000,6.000000,0.000000,6.000000,6.000000,6.000000,6.000000,6.000000,6.000000,0.002255,0.000142,0.046914,0.123345,calls/second,milliseconds
1779969700,1,6.000000,6.000000,6.000000,0.000000,6.000000,6.000000,6.000000,6.000000,6.000000,6.000000,0.002250,0.000142,0.046914,0.123345,calls/second,milliseconds
1779969701,1,6.000000,6.000000,6.000000,0.000000,6.000000,6.000000,6.000000,6.000000,6.000000,6.000000,0.002245,0.000131,0.046139,0.122661,calls/second,milliseconds
1779969702,1,6.000000,6.000000,6.000000,0.000000,6.000000,6.000000,6.000000,6.000000,6.000000,6.000000,0.002240,0.000131,0.046139,0.122661,calls/second,milliseconds
1779969703,1,6.000000,6.000000,6.000000,0.000000,6.000000,6.000000,6.000000,6.000000,6.000000,6.000000,0.002235,0.000131,0.046139,0.122661,calls/second,milliseconds
1779969704,1,6.000000,6.000000,6.000000,0.000000,6.000000,6.000000,6.000000,6.000000,6.000000,6.000000,0.002230,0.000131,0.046139,0.122661,calls/second,milliseconds
1779969705,1,6.000000,6.000000,6.000000,0.000000,6.000000,6.000000,6.000000,6.000000,6.000000,6.000000,0.002225,0.000131,0.046139,0.122661,calls/second,milliseconds
1779969706,1,6.000000,6.000000,6.000000,0.000000,6.000000,6.000000,6.000000,6.000000,6.000000,6.000000,0.002220,0.000120,0.045376,0.121982,calls/second,milliseconds
1779969707,1,6.000000,6.000000,6.000000,0.000000,6.000000,6.000000,6.000000,6.000000,6.000000,6.000000,0.002215,0.000120,0.045376,0.121982,calls/second,milliseconds
1779969708,1,6.000000,6.000000,6.000000,0.000000,6.000000,6.000000,6.000000,6.000000,6.000000,6.000000,0.002210,0.000120,0.045376,0.121982,calls/second,milliseconds
1779969709,1,6.000000,6.000000,6.000000,0.000000,6.000000,6.000000,6.000000,6.000000,6.000000,6.000000,0.002205,0.000120,0.045376,0.121982,calls/second,milliseconds
1779969710,1,6.000000,6.000000,6.000000,0.000000,6.000000,6.000000,6.000000,6.000000,6.000000,6.000000,0.002200,0.000120,0.045376,0.121982,calls/second,milliseconds
1779969711,1,6.000000,6.000000,6.000000,0.000000,6.000000,6.000000,6.000000,6.000000,6.000000,6.000000,0.002195,0.000111,0.044626,0.121306,calls/second,milliseconds
1779969712,1,6.000000,6.000000,6.000000,0.000000,6.000000,6.000000,6.000000,6.000000,6.000000,6.000000,0.002191,0.000111,0.044626,0.121306,calls/second,milliseconds
1779969713,1,6.000000,6.000000,6.000000,0.000000,6.000000,6.000000,6.000000,6.000000,6.000000,6.000000,0.002186,0.000111,0.044626,0.121306,calls/second,milliseconds
1779969714,1,6.000000,6.000000,6.000000,0.000000,6.000000,6.000000,6.000000,6.000000,6.000000,6.000000,0.002181,0.000111,0.044626,0.121306,calls/second,milliseconds
1779969715,1,6.000000,6.000000,6.000000,0.000000,6.000000,6.000000,6.000000,6.000000,6.000000,6.000000,0.002176,0.000111,0.044626,0.121306,calls/second,milliseconds
1779969716,1,6.000000,6.000000,6.000000,0.000000,6.000000,6.000000,6.000000,6.000000,6.000000,6.000000,0.002172,0.000102,0.043888,0.120634,calls/second,milliseconds
1779969717,1,6.000000,6.000000,6.000000,0.000000,6.000000,6.000000,6.000000,6.000000,6.000000,6.000000,0.002167,0.000102,0.043888,0.120634,calls/second,milliseconds
1779969718,1,6.000000,6.000000,6.000000,0.000000,6.000000,6.000000,6.000000,6.000000,6.000000,6.000000,0.002162,0.000102,0.043888,0.120634,calls/second,milliseconds
1779969719,1,6.000000,6.000000,6.000000,0.000000,6.000000,6.000000,6.000000,6.000000,6.000000,6.000000,0.002157,0.000102,0.043888,0.120634,calls/second,milliseconds
1779969720,1,6.000000,6.000000,6.000000,0.000000,6.000000,6.000000,6.000000,6.000000,6.000000,6.000000,0.002153,0.000102,0.043888,0.120634,calls/second,milliseconds
1779969721,1,6.000000,6.000000,6.000000,0.000000,6.000000,6.000000,6.000000,6.000000,6.000000,6.000000,0.002148,0.000094,0.043163,0.119966,calls/second,milliseconds
1779969722,1,6.000000,6.000000,6.000000,0.000000,6.000000,6.000000,6.000000,6.000000,6.000000,6.000000,0.002144,0.000094,0.043163,0.119966,calls/second,milliseconds
1779969723,1,6.000000,6.000000,6.000000,0.000000,6.000000,6.000000,6.000000,6.000000,6.000000,6.000000,0.002139,0.000094,0.043163,0.119966,calls/second,milliseconds
1779969724,1,6.000000,6.000000,6.000000,0.000000,6.000000,6.000000,6.000000,6.000000,6.000000,6.000000,0.002134,0.000094,0.043163,0.119966,calls/second,milliseconds
1779969725,1,6.000000,6.000000,6.000000,0.000000,6.000000,6.000000,6.000000,6.000000,6.000000,6.000000,0.002130,0.000094,0.043163,0.119966,calls/second,milliseconds
1779969726,1,6.000000,6.000000,6.000000,0.000000,6.000000,6.000000,6.000000,6.000000,6.000000,6.000000,0.002125,0.000086,0.042450,0.119301,calls/second,milliseconds
1779969727,1,6.000000,6.000000,6.000000,0.000000,6.000000,6.000000,6.000000,6.000000,6.000000,6.000000,0.002121,0.000086,0.042450,0.119301,calls/second,milliseconds
1779969728,1,6.000000,6.000000,6.000000,0.000000,6.000000,6.000000,6.000000,6.000000,6.000000,6.000000,0.002116,0.000086,0.042450,0.119301,calls/second,milliseconds
1779969729,1,6.000000,6.000000,6.000000,0.000000,6.000000,6.000000,6.000000,6.000000,6.000000,6.000000,0.002112,0.000086,0.042450,0.119301,calls/second,milliseconds
1779969730,1,6.000000,6.000000,6.000000,0.000000,6.000000,6.000000,6.000000,6.000000,6.000000,6.000000,0.002107,0.000086,0.042450,0.119301,calls/second,milliseconds
1779969731,1,6.000000,6.000000,6.000000,0.000000,6.000000,6.000000,6.000000,6.000000,6.000000,6.000000,0.002103,0.000079,0.041748,0.118640,calls/second,milliseconds
1779969732,1,6.000000,6.000000,6.000000,0.000000,6.000000,6.000000,6.000000,6.000000,6.000000,6.000000,0.002099,0.000079,0.041748,0.118640,calls/second,milliseconds
1779969733,1,6.000000,6.000000,6.000000,0.000000,6.000000,6.000000,6.000000,6.000000,6.000000,6.000000,0.002094,0.000079,0.041748,0.118640,calls/second,milliseconds
1779969734,1,6.000000,6.000000,6.000000,0.000000,6.000000,6.000000,6.000000,6.000000,6.000000,6.000000,0.002090,0.000079,0.041748,0.118640,calls/second,milliseconds
1779969735,1,6.000000,6.000000,6.000000,0.000000,6.000000,6.000000,6.000000,6.000000,6.000000,6.000000,0.002085,0.000079,0.041748,0.118640,calls/second,milliseconds
1779969736,1,6.000000,6.000000,6.000000,0.000000,6.000000,6.000000,6.000000,6.000000,6.000000,6.000000,0.002081,0.000073,0.041058,0.117983,calls/second,milliseconds
1779969737,1,6.000000,6.000000,6.000000,0.000000,6.000000,6.000000,6.000000,6.000000,6.000000,6.000000,0.002077,0.000073,0.041058,0.117983,calls/second,milliseconds
1779969738,1,6.000000,6.000000,6.000000,0.000000,6.000000,6.000000,6.000000,6.000000,6.000000,6.000000,0.002072,0.000073,0.041058,0.117983,calls/second,milliseconds
1779969739,1,6.000000,6.000000,6.000000,0.000000,6.000000,6.000000,6.000000,6.000000,6.000000,6.000000,0.002068,0.000073,0.041058,0.117983,calls/second,milliseconds
1779969740,1,6.000000,6.000000,6.000000,0.000000,6.000000,6.000000,6.000000,6.000000,6.000000,6.000000,0.002064,0.000073,0.041058,0.117983,calls/second,milliseconds
1779969741,1,6.000000,6.000000,6.000000,0.000000,6.000000,6.000000,6.000000,6.000000,6.000000,6.000000,0.002060,0.000067,0.040379,0.117329,calls/second,milliseconds
1779969742,1,6.000000,6.000000,6.000000,0.000000,6.000000,6.000000,6.000000,6.000000,6.000000,6.000000,0.002055,0.000067,0.040379,0.117329,calls/second,milliseconds
1779969743,1,6.000000,6.000000,6.000000,0.000000,6.000000,6.000000,6.000000,6.000000,6.000000,6.000000,0.002051,0.000067,0.040379,0.117329,calls/second,milliseconds
1779969744,1,6.000000,6.000000,6.000000,0.000000,6.000000,6.000000,6.000000,6.000000,6.000000,6.000000,0.002047,0.000067,0.040379,0.117329,calls/second,milliseconds
1779969745,1,6.000000,6.000000,6.000000,0.000000,6.000000,6.000000,6.000000,6.000000,6.000000,6.000000,0.002043,0.000067,0.040379,0.117329,calls/second,milliseconds
1779969746,1,6.000000,6.000000,6.000000,0.000000,6.000000,6.000000,6.000000,6.000000,6.000000,6.000000,0.002039,0.000062,0.039712,0.116679,calls/second,milliseconds
1779969747,1,6.000000,6.000000,6.000000,0.000000,6.000000,6.000000,6.000000,6.000000,6.000000,6.000000,0.002034,0.000062,0.039712,0.116679,calls/second,milliseconds
1779969748,1,6.000000,6.000000,6.000000,0.000000,6.000000,6.000000,6.000000,6.000000,6.000000,6.000000,0.002030,0.000062,0.039712,0.116679,calls/second,milliseconds
1779969749,1,6.000000,6.000000,6.000000,0.000000,6.000000,6.000000,6.000000,6.000000,6.000000,6.000000,0.002026,0.000062,0.039712,0.116679,calls/second,milliseconds
1779969750,1,6.000000,6.000000,6.000000,0.000000,6.000000,6.000000,6.000000,6.000000,6.000000,6.000000,0.002022,0.000062,0.039712,0.116679,calls/second,milliseconds
1779969751,1,6.000000,6.000000,6.000000,0.000000,6.000000,6.000000,6.000000,6.000000,6.000000,6.000000,0.002018,0.000057,0.039056,0.116033,calls/second,milliseconds
1779969752,1,6.000000,6.000000,6.000000,0.000000,6.000000,6.000000,6.000000,6.000000,6.000000,6.000000,0.002014,0.000057,0.039056,0.116033,calls/second,milliseconds
1779969753,1,6.000000,6.000000,6.000000,0.000000,6.000000,6.000000,6.000000,6.000000,6.000000,6.000000,0.002010,0.000057,0.039056,0.116033,calls/second,milliseconds
1779969754,1,6.000000,6.000000,6.000000,0.000000,6.000000,6.000000,6.000000,6.000000,6.000000,6.000000,0.002006,0.000057,0.039056,0.116033,calls/second,milliseconds
1779969755,1,6.000000,6.000000,6.000000,0.000000,6.000000,6.000000,6.000000,6.000000,6.000000,6.000000,0.002002,0.000057,0.039056,0.116033,calls/second,milliseconds
1779969756,1,6.000000,6.000000,6.000000,0.000000,6.000000,6.000000,6.000000,6.000000,6.000000,6.000000,0.001998,0.000052,0.038410,0.115390,calls/second,milliseconds
1779969757,1,6.000000,6.000000,6.000000,0.000000,6.000000,6.000000,6.000000,6.000000,6.000000,6.000000,0.001994,0.000052,0.038410,0.115390,calls/second,milliseconds
1779969758,1,6.000000,6.000000,6.000000,0.000000,6.000000,6.000000,6.000000,6.000000,6.000000,6.000000,0.001990,0.000052,0.038410,0.115390,calls/second,milliseconds
1779969759,1,6.000000,6.000000,6.000000,0.000000,6.000000,6.000000,6.000000,6.000000,6.000000,6.000000,0.001986,0.000052,0.038410,0.115390,calls/second,milliseconds
1779969760,1,6.000000,6.000000,6.000000,0.000000,6.000000,6.000000,6.000000,6.000000,6.000000,6.000000,0.001982,0.000052,0.038410,0.115390,calls/second,milliseconds
1779969761,1,6.000000,6.000000,6.000000,0.000000,6.000000,6.000000,6.000000,6.000000,6.000000,6.000000,0.001978,0.000048,0.037775,0.114751,calls/second,milliseconds
1779969762,1,6.000000,6.000000,6.000000,0.000000,6.000000,6.000000,6.000000,6.000000,6.000000,6.000000,0.001974,0.000048,0.037775,0.114751,calls/second,milliseconds
1779969763,1,6.000000,6.000000,6.000000,0.000000,6.000000,6.000000,6.000000,6.000000,6.000000,6.000000,0.001970,0.000048,0.037775,0.114751,calls/second,milliseconds
1779969764,1,6.000000,6.000000,6.000000,0.000000,6.000000,6.000000,6.000000,6.000000,6.000000,6.000000,0.001966,0.000048,0.037775,0.114751,calls/second,milliseconds
1779969765,1,6.000000,6.000000,6.000000,0.000000,6.000000,6.000000,6.000000,6.000000,6.000000,6.000000,0.001962,0.000048,0.037775,0.114751,calls/second,milliseconds
1779969766,1,6.000000,6.000000,6.000000,0.000000,6.000000,6.000000,6.000000,6.000000,6.000000,6.000000,0.001959,0.000044,0.037151,0.114115,calls/second,milliseconds
1779969767,1,6.000000,6.000000,6.000000,0.000000,6.000000,6.000000,6.000000,6.000000,6.000000,6.000000,0.001955,0.000044,0.037151,0.114115,calls/second,milliseconds
1779969768,1,6.000000,6.000000,6.000000,0.000000,6.000000,6.000000,6.000000,6.000000,6.000000,6.000000,0.001951,0.000044,0.037151,0.114115,calls/second,milliseconds
1779969769,1,6.000000,6.000000,6.000000,0.000000,6.000000,6.000000,6.000000,6.000000,6.000000,6.000000,0.001947,0.000044,0.037151,0.114115,calls/second,milliseconds
1779969770,1,6.000000,6.000000,6.000000,0.000000,6.000000,6.000000,6.000000,6.000000,6.000000,6.000000,0.001943,0.000044,0.037151,0.114115,calls/second,milliseconds
1779969771,1,6.000000,6.000000,6.000000,0.000000,6.000000,6.000000,6.000000,6.000000,6.000000,6.000000,0.001940,0.000041,0.036537,0.113483,calls/second,milliseconds
1779969772,1,6.000000,6.000000,6.000000,0.000000,6.000000,6.000000,6.000000,6.000000,6.000000,6.000000,0.001936,0.000041,0.036537,0.113483,calls/second,milliseconds
1779969773,1,6.000000,6.000000,6.000000,0.000000,6.000000,6.000000,6.000000,6.000000,6.000000,6.000000,0.001932,0.000041,0.036537,0.113483,calls/second,milliseconds
1779969774,1,6.000000,6.000000,6.000000,0.000000,6.000000,6.000000,6.000000,6.000000,6.000000,6.000000,0.001928,0.000041,0.036537,0.113483,calls/second,milliseconds
1779969775,1,6.000000,6.000000,6.000000,0.000000,6.000000,6.000000,6.000000,6.000000,6.000000,6.000000,0.001925,0.000041,0.036537,0.113483,calls/second,milliseconds
1779969776,1,6.000000,6.000000,6.000000,0.000000,6.000000,6.000000,6.000000,6.000000,6.000000,6.000000,0.001921,0.000037,0.035933,0.112854,calls/second,milliseconds
1779969777,1,6.000000,6.000000,6.000000,0.000000,6.000000,6.000000,6.000000,6.000000,6.000000,6.000000,0.001917,0.000037,0.035933,0.112854,calls/second,milliseconds
1779969778,1,6.000000,6.000000,6.000000,0.000000,6.000000,6.000000,6.000000,6.000000,6.000000,6.000000,0.001914,0.000037,0.035933,0.112854,calls/second,milliseconds
1779969779,1,6.000000,6.000000,6.000000,0.000000,6.000000,6.000000,6.000000,6.000000,6.000000,6.000000,0.001910,0.000037,0.035933,0.112854,calls/second,milliseconds
1779969780,1,6.000000,6.000000,6.000000,0.000000,6.000000,6.000000,6.000000,6.000000,6.000000,6.000000,0.001906,0.000037,0.035933,0.112854,calls/second,milliseconds
1779969781,1,6.000000,6.000000,6.000000,0.000000,6.000000,6.000000,6.000000,6.000000,6.000000,6.000000,0.001903,0.000034,0.035339,0.112229,calls/second,milliseconds
1779969782,1,6.000000,6.000000,6.000000,0.000000,6.000000,6.000000,6.000000,6.000000,6.000000,6.000000,0.001899,0.000034,0.035339,0.112229,calls/second,milliseconds
1779969783,1,6.000000,6.000000,6.000000,0.000000,6.000000,6.000000,6.000000,6.000000,6.000000,6.000000,0.001895,0.000034,0.035339,0.112229,calls/second,milliseconds
1779969784,1,6.000000,6.000000,6.000000,0.000000,6.000000,6.000000,6.000000,6.000000,6.000000,6.000000,0.001892,0.000034,0.035339,0.112229,calls/second,milliseconds
1779969785,1,6.000000,6.000000,6.000000,0.000000,6.000000,6.000000,6.000000,6.000000,6.000000,6.000000,0.001888,0.000034,0.035339,0.112229,calls/second,milliseconds
1779969786,1,6.000000,6.000000,6.000000,0.000000,6.000000,6.000000,6.000000,6.000000,6.000000,6.000000,0.001885,0.000032,0.034755,0.111607,calls/second,milliseconds
1779969787,1,6.000000,6.000000,6.000000,0.000000,6.000000,6.000000,6.000000,6.000000,6.000000,6.000000,0.001881,0.000032,0.034755,0.111607,calls/second,milliseconds
1779969788,1,6.000000,6.000000,6.000000,0.000000,6.000000,6.000000,6.000000,6.000000,6.000000,6.000000,0.001878,0.000032,0.034755,0.111607,calls/second,milliseconds
1779969789,1,6.000000,6.000000,6.000000,0.000000,6.000000,6.000000,6.000000,6.000000,6.000000,6.000000,0.001874,0.000032,0.034755,0.111607,calls/second,milliseconds
1779969790,1,6.000000,6.000000,6.000000,0.000000,6.000000,6.000000,6.000000,6.000000,6.000000,6.000000,0.001871,0.000032,0.034755,0.111607,calls/second,milliseconds
1779969791,1,6.000000,6.000000,6.000000,0.000000,6.000000,6.000000,6.000000,6.000000,6.000000,6.000000,0.001867,0.000029,0.034180,0.110989,calls/second,milliseconds
1779969792,1,6.000000,6.000000,6.000000,0.000000,6.000000,6.000000,6.000000,6.000000,6.000000,6.000000,0.001864,0.000029,0.034180,0.110989,calls/second,milliseconds
1779969793,1,6.000000,6.000000,6.000000,0.000000,6.000000,6.000000,6.000000,6.000000,6.000000,6.000000,0.001860,0.000029,0.034180,0.110989,calls/second,milliseconds
1779969794,1,6.000000,6.000000,6.000000,0.000000,6.000000,6.000000,6.000000,6.000000,6.000000,6.000000,0.001857,0.000029,0.034180,0.110989,calls/second,milliseconds
1779969795,1,6.000000,6.000000,6.000000,0.000000,6.000000,6.000000,6.000000,6.000000,6.000000,6.000000,0.001853,0.000029,0.034180,0.110989,calls/second,milliseconds
1779969796,1,6.000000,6.000000,6.000000,0.000000,6.000000,6.000000,6.000000,6.000000,6.000000,6.000000,0.001850,0.000027,0.033615,0.110374,calls/second,milliseconds
1779969797,1,6.000000,6.000000,6.000000,0.000000,6.000000,6.000000,6.000000,6.000000,6.000000,6.000000,0.001846,0.000027,0.033615,0.110374,calls/second,milliseconds
1779969798,1,6.000000,6.000000,6.000000,0.000000,6.000000,6.000000,6.000000,6.000000,6.000000,6.000000,0.001843,0.000027,0.033615,0.110374,calls/second,milliseconds
1779969799,1,6.000000,6.000000,6.000000,0.000000,6.000000,6.000000,6.000000,6.000000,6.000000,6.000000,0.001840,0.000027,0.033615,0.110374,calls/second,milliseconds
1779969800,1,6.000000,6.000000,6.000000,0.000000,6.000000,6.000000,6.000000,6.000000,6.000000,6.000000,0.001836,0.000027,0.033615,0.110374,calls/second,milliseconds
1779969801,1,6.000000,6.000000,6.000000,0.000000,6.000000,6.000000,6.000000,6.000000,6.000000,6.000000,0.001833,0.000025,0.033060,0.109762,calls/second,milliseconds
1779969802,1,6.000000,6.000000,6.000000,0.000000,6.000000,6.000000,6.000000,6.000000,6.000000,6.000000,0.001829,0.000025,0.033060,0.109762,calls/second,milliseconds
1779969803,1,6.000000,6.000000,6.000000,0.000000,6.000000,6.000000,6.000000,6.000000,6.000000,6.000000,0.001826,0.000025,0.033060,0.109762,calls/second,milliseconds
1779969804,1,6.000000,6.000000,6.000000,0.000000,6.000000,6.000000,6.000000,6.000000,6.000000,6.000000,0.001823,0.000025,0.033060,0.109762,calls/second,milliseconds
1779969805,1,6.000000,6.000000,6.000000,0.000000,6.000000,6.000000,6.000000,6.000000,6.000000,6.000000,0.001819,0.000025,0.033060,0.109762,calls/second,milliseconds
1779969806,1,6.000000,6.000000,6.000000,0.000000,6.000000,6.000000,6.000000,6.000000,6.000000,6.000000,0.001816,0.000023,0.032513,0.109154,calls/second,milliseconds
1779969807,1,6.000000,6.000000,6.000000,0.000000,6.000000,6.000000,6.000000,6.000000,6.000000,6.000000,0.001813,0.000023,0.032513,0.109154,calls/second,milliseconds
1779969808,1,6.000000,6.000000,6.000000,0.000000,6.000000,6.000000,6.000000,6.000000,6.000000,6.000000,0.001810,0.000023,0.032513,0.109154,calls/second,milliseconds
1779969809,1,6.000000,6.000000,6.000000,0.000000,6.000000,6.000000,6.000000,6.000000,6.000000,6.000000,0.001806,0.000023,0.032513,0.109154,calls/second,milliseconds
1779969810,1,6.000000,6.000000,6.000000,0.000000,6.000000,6.000000,6.000000,6.000000,6.000000,6.000000,0.001803,0.000023,0.032513,0.109154,calls/second,milliseconds
1779969811,1,6.000000,6.000000,6.000000,0.000000,6.000000,6.000000,6.000000,6.000000,6.000000,6.000000,0.001800,0.000021,0.031976,0.108549,calls/second,milliseconds
1779969812,1,6.000000,6.000000,6.000000,0.000000,6.000000,6.000000,6.000000,6.000000,6.000000,6.000000,0.001796,0.000021,0.031976,0.108549,calls/second,milliseconds
1779969813,1,6.000000,6.000000,6.000000,0.000000,6.000000,6.000000,6.000000,6.000000,6.000000,6.000000,0.001793,0.000021,0.031976,0.108549,calls/second,milliseconds
1779969814,1,6.000000,6.000000,6.000000,0.000000,6.000000,6.000000,6.000000,6.000000,6.000000,6.000000,0.001790,0.000021,0.031976,0.108549,calls/second,milliseconds
1779969815,1,6.000000,6.000000,6.000000,0.000000,6.000000,6.000000,6.000000,6.000000,6.000000,6.000000,0.001787,0.000021,0.031976,0.108549,calls/second,milliseconds
1779969816,1,6.000000,6.000000,6.000000,0.000000,6.000000,6.000000,6.000000,6.000000,6.000000,6.000000,0.001784,0.000019,0.031447,0.107948,calls/second,milliseconds
1779969817,1,6.000000,6.000000,6.000000,0.000000,6.000000,6.000000,6.000000,6.000000,6.000000,6.000000,0.001780,0.000019,0.031447,0.107948,calls/second,milliseconds
1779969818,1,6.000000,6.000000,6.000000,0.000000,6.000000,6.000000,6.000000,6.000000,6.000000,6.000000,0.001777,0.000019,0.031447,0.107948,calls/second,milliseconds
1779969819,1,6.000000,6.000000,6.000000,0.000000,6.000000,6.000000,6.000000,6.000000,6.000000,6.000000,0.001774,0.000019,0.031447,0.107948,calls/second,milliseconds
1779969820,1,6.000000,6.000000,6.000000,0.000000,6.000000,6.000000,6.000000,6.000000,6.000000,6.000000,0.001771,0.000019,0.031447,0.107948,calls/second,milliseconds
1779969821,1,6.000000,6.000000,6.000000,0.000000,6.000000,6.000000,6.000000,6.000000,6.000000,6.000000,0.001768,0.000018,0.030928,0.107350,calls/second,milliseconds
1779969822,1,6.000000,6.000000,6.000000,0.000000,6.000000,6.000000,6.000000,6.000000,6.000000,6.000000,0.001765,0.000018,0.030928,0.107350,calls/second,milliseconds
1779969823,1,6.000000,6.000000,6.000000,0.000000,6.000000,6.000000,6.000000,6.000000,6.000000,6.000000,0.001762,0.000018,0.030928,0.107350,calls/second,milliseconds
1779969824,1,6.000000,6.000000,6.000000,0.000000,6.000000,6.000000,6.000000,6.000000,6.000000,6.000000,0.001759,0.000018,0.030928,0.107350,calls/second,milliseconds
1779969825,1,6.000000,6.000000,6.000000,0.000000,6.000000,6.000000,6.000000,6.000000,6.000000,6.000000,0.001755,0.000018,0.030928,0.107350,calls/second,milliseconds
1779969826,1,6.000000,6.000000,6.000000,0.000000,6.000000,6.000000,6.000000,6.000000,6.000000,6.000000,0.001752,0.000016,0.030416,0.106755,calls/second,milliseconds
1779969827,1,6.000000,6.000000,6.000000,0.000000,6.000000,6.000000,6.000000,6.000000,6.000000,6.000000,0.001749,0.000016,0.030416,0.106755,calls/second,milliseconds
1779969828,1,6.000000,6.000000,6.000000,0.000000,6.000000,6.000000,6.000000,6.000000,6.000000,6.000000,0.001746,0.000016,0.030416,0.106755,calls/second,milliseconds
1779969829,1,6.000000,6.000000,6.000000,0.000000,6.000000,6.000000,6.000000,6.000000,6.000000,6.000000,0.001743,0.000016,0.030416,0.106755,calls/second,milliseconds
1779969830,1,6.000000,6.000000,6.000000,0.000000,6.000000,6.000000,6.000000,6.000000,6.000000,6.000000,0.001740,0.000016,0.030416,0.106755,calls/second,milliseconds
1779969831,1,6.000000,6.000000,6.000000,0.000000,6.000000,6.000000,6.000000,6.000000,6.000000,6.000000,0.001737,0.000015,0.029914,0.106164,calls/second,milliseconds
1779969832,1,6.000000,6.000000,6.000000,0.000000,6.000000,6.000000,6.000000,6.000000,6.000000,6.000000,0.001734,0.000015,0.029914,0.106164,calls/second,milliseconds
1779969833,1,6.000000,6.000000,6.000000,0.000000,6.000000,6.000000,6.000000,6.000000,6.000000,6.000000,0.001731,0.000015,0.029914,0.106164,calls/second,milliseconds
1779969834,1,6.000000,6.000000,6.000000,0.000000,6.000000,6.000000,6.000000,6.000000,6.000000,6.000000,0.001728,0.000015,0.029914,0.106164,calls/second,milliseconds
1779969835,1,6.000000,6.000000,6.000000,0.000000,6.000000,6.000000,6.000000,6.000000,6.000000,6.000000,0.001725,0.000015,0.029914,0.106164,calls/second,milliseconds
1779969836,1,6.000000,6.000000,6.000000,0.000000,6.000000,6.000000,6.000000,6.000000,6.000000,6.000000,0.001722,0.000014,0.029419,0.105576,calls/second,milliseconds
1779969837,1,6.000000,6.000000,6.000000,0.000000,6.000000,6.000000,6.000000,6.000000,6.000000,6.000000,0.001719,0.000014,0.029419,0.105576,calls/second,milliseconds
1779969838,1,6.000000,6.000000,6.000000,0.000000,6.000000,6.000000,6.000000,6.000000,6.000000,6.000000,0.001716,0.000014,0.029419,0.105576,calls/second,milliseconds
1779969839,1,6.000000,6.000000,6.000000,0.000000,6.000000,6.000000,6.000000,6.000000,6.000000,6.000000,0.001713,0.000014,0.029419,0.105576,calls/second,milliseconds
1779969840,1,6.000000,6.000000,6.000000,0.000000,6.000000,6.000000,6.000000,6.000000,6.000000,6.000000,0.001710,0.000014,0.029419,0.105576,calls/second,milliseconds
1779969841,1,6.000000,6.000000,6.000000,0.000000,6.000000,6.000000,6.000000,6.000000,6.000000,6.000000,0.001707,0.000013,0.028933,0.104991,calls/second,milliseconds
1779969842,1,6.000000,6.000000,6.000000,0.000000,6.000000,6.000000,6.000000,6.000000,6.000000,6.000000,0.001704,0.000013,0.028933,0.104991,calls/second,milliseconds
1779969843,1,6.000000,6.000000,6.000000,0.000000,6.000000,6.000000,6.000000,6.000000,6.000000,6.000000,0.001702,0.000013,0.028933,0.104991,calls/second,milliseconds
1779969844,1,6.000000,6.000000,6.000000,0.000000,6.000000,6.000000,6.000000,6.000000,6.000000,6.000000,0.001699,0.000013,0.028933,0.104991,calls/second,milliseconds
1779969845,1,6.000000,6.000000,6.000000,0.000000,6.000000,6.000000,6.000000,6.000000,6.000000,6.000000,0.001696,0.000013,0.028933,0.104991,calls/second,milliseconds
1779969846,1,6.000000,6.000000,6.000000,0.000000,6.000000,6.000000,6.000000,6.000000,6.000000,6.000000,0.001693,0.000012,0.028455,0.104409,calls/second,milliseconds
1779969847,1,6.000000,6.000000,6.000000,0.000000,6.000000,6.000000,6.000000,6.000000,6.000000,6.000000,0.001690,0.000012,0.028455,0.104409,calls/second,milliseconds
1779969848,1,6.000000,6.000000,6.000000,0.000000,6.000000,6.000000,6.000000,6.000000,6.000000,6.000000,0.001687,0.000012,0.028455,0.104409,calls/second,milliseconds
1779969849,1,6.000000,6.000000,6.000000,0.000000,6.000000,6.000000,6.000000,6.000000,6.000000,6.000000,0.001684,0.000012,0.028455,0.104409,calls/second,milliseconds
1779969851,1,6.000000,6.000000,6.000000,0.000000,6.000000,6.000000,6.000000,6.000000,6.000000,6.000000,0.001682,0.000012,0.028455,0.104409,calls/second,milliseconds
1779969852,1,6.000000,6.000000,6.000000,0.000000,6.000000,6.000000,6.000000,6.000000,6.000000,6.000000,0.001679,0.000011,0.027984,0.103831,calls/second,milliseconds
1779969853,1,6.000000,6.000000,6.000000,0.000000,6.000000,6.000000,6.000000,6.000000,6.000000,6.000000,0.001676,0.000011,0.027984,0.103831,calls/second,milliseconds
1779969854,1,6.000000,6.000000,6.000000,0.000000,6.000000,6.000000,6.000000,6.000000,6.000000,6.000000,0.001673,0.000011,0.027984,0.103831,calls/second,milliseconds
1779969855,1,6.000000,6.000000,6.000000,0.000000,6.000000,6.000000,6.000000,6.000000,6.000000,6.000000,0.001670,0.000011,0.027984,0.103831,calls/second,milliseconds
1779969856,1,6.000000,6.000000,6.000000,0.000000,6.000000,6.000000,6.000000,6.000000,6.000000,6.000000,0.001667,0.000011,0.027984,0.103831,calls/second,milliseconds
1779969857,1,6.000000,6.000000,6.000000,0.000000,6.000000,6.000000,6.000000,6.000000,6.000000,6.000000,0.001665,0.000010,0.027522,0.103255,calls/second,milliseconds
1779969858,1,6.000000,6.000000,6.000000,0.000000,6.000000,6.000000,6.000000,6.000000,6.000000,6.000000,0.001662,0.000010,0.027522,0.103255,calls/second,milliseconds
1779969859,1,6.000000,6.000000,6.000000,0.000000,6.000000,6.000000,6.000000,6.000000,6.000000,6.000000,0.001659,0.000010,0.027522,0.103255,calls/second,milliseconds
1779969860,1,6.000000,6.000000,6.000000,0.000000,6.000000,6.000000,6.000000,6.000000,6.000000,6.000000,0.001656,0.000010,0.027522,0.103255,calls/second,milliseconds
1779969861,1,6.000000,6.000000,6.000000,0.000000,6.000000,6.000000,6.000000,6.000000,6.000000,6.000000,0.001654,0.000010,0.027522,0.103255,calls/second,milliseconds
1779969862,1,6.000000,6.000000,6.000000,0.000000,6.000000,6.000000,6.000000,6.000000,6.000000,6.000000,0.001651,0.000009,0.027067,0.102683,calls/second,milliseconds
1779969863,1,6.000000,6.000000,6.000000,0.000000,6.000000,6.000000,6.000000,6.000000,6.000000,6.000000,0.001648,0.000009,0.027067,0.102683,calls/second,milliseconds
1779969864,1,6.000000,6.000000,6.000000,0.000000,6.000000,6.000000,6.000000,6.000000,6.000000,6.000000,0.001646,0.000009,0.027067,0.102683,calls/second,milliseconds
1779969865,1,6.000000,6.000000,6.000000,0.000000,6.000000,6.000000,6.000000,6.000000,6.000000,6.000000,0.001643,0.000009,0.027067,0.102683,calls/second,milliseconds
1779969866,1,6.000000,6.000000,6.000000,0.000000,6.000000,6.000000,6.000000,6.000000,6.000000,6.000000,0.001640,0.000009,0.027067,0.102683,calls/second,milliseconds
1779969867,1,6.000000,6.000000,6.000000,0.000000,6.000000,6.000000,6.000000,6.000000,6.000000,6.000000,0.001637,0.000008,0.026620,0.102115,calls/second,milliseconds
1779969868,1,6.000000,6.000000,6.000000,0.000000,6.000000,6.000000,6.000000,6.000000,6.000000,6.000000,0.001635,0.000008,0.026620,0.102115,calls/second,milliseconds
1779969869,1,6.000000,6.000000,6.000000,0.000000,6.000000,6.000000,6.000000,6.000000,6.000000,6.000000,0.001632,0.000008,0.026620,0.102115,calls/second,milliseconds
1779969870,1,6.000000,6.000000,6.000000,0.000000,6.000000,6.000000,6.000000,6.000000,6.000000,6.000000,0.001629,0.000008,0.026620,0.102115,calls/second,milliseconds
1779969871,1,6.000000,6.000000,6.000000,0.000000,6.000000,6.000000,6.000000,6.000000,6.000000,6.000000,0.001627,0.000008,0.026620,0.102115,calls/second,milliseconds
1779969872,1,6.000000,6.000000,6.000000,0.000000,6.000000,6.000000,6.000000,6.000000,6.000000,6.000000,0.001624,0.000008,0.026180,0.101549,calls/second,milliseconds
1779969873,1,6.000000,6.000000,6.000000,0.000000,6.000000,6.000000,6.000000,6.000000,6.000000,6.000000,0.001621,0.000008,0.026180,0.101549,calls/second,milliseconds
1779969874,1,6.000000,6.000000,6.000000,0.000000,6.000000,6.000000,6.000000,6.000000,6.000000,6.000000,0.001619,0.000008,0.026180,0.101549,calls/second,milliseconds
1779969875,1,6.000000,6.000000,6.000000,0.000000,6.000000,6.000000,6.000000,6.000000,6.000000,6.000000,0.001616,0.000008,0.026180,0.101549,calls/second,milliseconds
1779969876,1,6.000000,6.000000,6.000000,0.000000,6.000000,6.000000,6.000000,6.000000,6.000000,6.000000,0.001614,0.000008,0.026180,0.101549,calls/second,milliseconds
1779969877,1,6.000000,6.000000,6.000000,0.000000,6.000000,6.000000,6.000000,6.000000,6.000000,6.000000,0.001611,0.000007,0.025747,0.100986,calls/second,milliseconds
1779969878,1,6.000000,6.000000,6.000000,0.000000,6.000000,6.000000,6.000000,6.000000,6.000000,6.000000,0.001608,0.000007,0.025747,0.100986,calls/second,milliseconds
1779969879,1,6.000000,6.000000,6.000000,0.000000,6.000000,6.000000,6.000000,6.000000,6.000000,6.000000,0.001606,0.000007,0.025747,0.100986,calls/second,milliseconds
1779969880,1,6.000000,6.000000,6.000000,0.000000,6.000000,6.000000,6.000000,6.000000,6.000000,6.000000,0.001603,0.000007,0.025747,0.100986,calls/second,milliseconds
1779969881,1,6.000000,6.000000,6.000000,0.000000,6.000000,6.000000,6.000000,6.000000,6.000000,6.000000,0.001601,0.000007,0.025747,0.100986,calls/second,milliseconds
1779969882,1,6.000000,6.000000,6.000000,0.000000,6.000000,6.000000,6.000000,6.000000,6.000000,6.000000,0.001598,0.000007,0.025321,0.100427,calls/second,milliseconds
1779969883,1,6.000000,6.000000,6.000000,0.000000,6.000000,6.000000,6.000000,6.000000,6.000000,6.000000,0.001596,0.000007,0.025321,0.100427,calls/second,milliseconds
1779969884,1,6.000000,6.000000,6.000000,0.000000,6.000000,6.000000,6.000000,6.000000,6.000000,6.000000,0.001593,0.000007,0.025321,0.100427,calls/second,milliseconds
1779969885,1,6.000000,6.000000,6.000000,0.000000,6.000000,6.000000,6.000000,6.000000,6.000000,6.000000,0.001590,0.000007,0.025321,0.100427,calls/second,milliseconds
1779969886,1,6.000000,6.000000,6.000000,0.000000,6.000000,6.000000,6.000000,6.000000,6.000000,6.000000,0.001588,0.000007,0.025321,0.100427,calls/second,milliseconds
1779969887,1,6.000000,6.000000,6.000000,0.000000,6.000000,6.000000,6.000000,6.000000,6.000000,6.000000,0.001585,0.000006,0.024903,0.099870,calls/second,milliseconds
1779969888,1,6.000000,6.000000,6.000000,0.000000,6.000000,6.000000,6.000000,6.000000,6.000000,6.000000,0.001583,0.000006,0.024903,0.099870,calls/second,milliseconds
1779969889,1,6.000000,6.000000,6.000000,0.000000,6.000000,6.000000,6.000000,6.000000,6.000000,6.000000,0.001580,0.000006,0.024903,0.099870,calls/second,milliseconds
1779969890,1,6.000000,6.000000,6.000000,0.000000,6.000000,6.000000,6.000000,6.000000,6.000000,6.000000,0.001578,0.000006,0.024903,0.099870,calls/second,milliseconds
1779969891,1,6.000000,6.000000,6.000000,0.000000,6.000000,6.000000,6.000000,6.000000,6.000000,6.000000,0.001575,0.000006,0.024903,0.099870,calls/second,milliseconds
1779969892,1,6.000000,6.000000,6.000000,0.000000,6.000000,6.000000,6.000000,6.000000,6.000000,6.000000,0.001573,0.000006,0.024491,0.099317,calls/second,milliseconds
1779969893,1,6.000000,6.000000,6.000000,0.000000,6.000000,6.000000,6.000000,6.000000,6.000000,6.000000,0.001570,0.000006,0.024491,0.099317,calls/second,milliseconds
1779969894,1,6.000000,6.000000,6.000000,0.000000,6.000000,6.000000,6.000000,6.000000,6.000000,6.000000,0.001568,0.000006,0.024491,0.099317,calls/second,milliseconds
1779969895,1,6.000000,6.000000,6.000000,0.000000,6.000000,6.000000,6.000000,6.000000,6.000000,6.000000,0.001566,0.000006,0.024491,0.099317,calls/second,milliseconds
1779969896,1,6.000000,6.000000,6.000000,0.000000,6.000000,6.000000,6.000000,6.000000,6.000000,6.000000,0.001563,0.000006,0.024491,0.099317,calls/second,milliseconds
1779969897,1,6.000000,6.000000,6.000000,0.000000,6.000000,6.000000,6.000000,6.000000,6.000000,6.000000,0.001561,0.000005,0.024086,0.098767,calls/second,milliseconds
1779969898,1,6.000000,6.000000,6.000000,0.000000,6.000000,6.000000,6.000000,6.000000,6.000000,6.000000,0.001558,0.000005,0.024086,0.098767,calls/second,milliseconds
1779969899,1,6.000000,6.000000,6.000000,0.000000,6.000000,6.000000,6.000000,6.000000,6.000000,6.000000,0.001556,0.000005,0.024086,0.098767,calls/second,milliseconds
1779969900,1,6.000000,6.000000,6.000000,0.000000,6.000000,6.000000,6.000000,6.000000,6.000000,6.000000,0.001553,0.000005,0.024086,0.098767,calls/second,milliseconds
1779969901,1,6.000000,6.000000,6.000000,0.000000,6.000000,6.000000,6.000000,6.000000,6.000000,6.000000,0.001551,0.000005,0.024086,0.098767,calls/second,milliseconds
1779969902,1,6.000000,6.000000,6.000000,0.000000,6.000000,6.000000,6.000000,6.000000,6.000000,6.000000,0.001549,0.000005,0.023688,0.098220,calls/second,milliseconds
1779969903,1,6.000000,6.000000,6.000000,0.000000,6.000000,6.000000,6.000000,6.000000,6.000000,6.000000,0.001546,0.000005,0.023688,0.098220,calls/second,milliseconds
1779969904,1,6.000000,6.000000,6.000000,0.000000,6.000000,6.000000,6.000000,6.000000,6.000000,6.000000,0.001544,0.000005,0.023688,0.098220,calls/second,milliseconds
1779969905,1,6.000000,6.000000,6.000000,0.000000,6.000000,6.000000,6.000000,6.000000,6.000000,6.000000,0.001541,0.000005,0.023688,0.098220,calls/second,milliseconds
1779969906,1,6.000000,6.000000,6.000000,0.000000,6.000000,6.000000,6.000000,6.000000,6.000000,6.000000,0.001539,0.000005,0.023688,0.098220,calls/second,milliseconds
1779969907,1,6.000000,6.000000,6.000000,0.000000,6.000000,6.000000,6.000000,6.000000,6.000000,6.000000,0.001537,0.000004,0.023297,0.097675,calls/second,milliseconds
1779969908,1,6.000000,6.000000,6.000000,0.000000,6.000000,6.000000,6.000000,6.000000,6.000000,6.000000,0.001534,0.000004,0.023297,0.097675,calls/second,milliseconds
1779969909,1,6.000000,6.000000,6.000000,0.000000,6.000000,6.000000,6.000000,6.000000,6.000000,6.000000,0.001532,0.000004,0.023297,0.097675,calls/second,milliseconds
1779969910,1,6.000000,6.000000,6.000000,0.000000,6.000000,6.000000,6.000000,6.000000,6.000000,6.000000,0.001530,0.000004,0.023297,0.097675,calls/second,milliseconds
1779969911,1,6.000000,6.000000,6.000000,0.000000,6.000000,6.000000,6.000000,6.000000,6.000000,6.000000,0.001527,0.000004,0.023297,0.097675,calls/second,milliseconds
1779969912,1,6.000000,6.000000,6.000000,0.000000,6.000000,6.000000,6.000000,6.000000,6.000000,6.000000,0.001525,0.000004,0.022912,0.097134,calls/second,milliseconds
1779969913,1,6.000000,6.000000,6.000000,0.000000,6.000000,6.000000,6.000000,6.000000,6.000000,6.000000,0.001523,0.000004,0.022912,0.097134,calls/second,milliseconds
1779969914,1,6.000000,6.000000,6.000000,0.000000,6.000000,6.000000,6.000000,6.000000,6.000000,6.000000,0.001520,0.000004,0.022912,0.097134,calls/second,milliseconds
1779969915,1,6.000000,6.000000,6.000000,0.000000,6.000000,6.000000,6.000000,6.000000,6.000000,6.000000,0.001518,0.000004,0.022912,0.097134,calls/second,milliseconds
1779969916,1,6.000000,6.000000,6.000000,0.000000,6.000000,6.000000,6.000000,6.000000,6.000000,6.000000,0.001516,0.000004,0.022912,0.097134,calls/second,milliseconds
1779969917,1,6.000000,6.000000,6.000000,0.000000,6.000000,6.000000,6.000000,6.000000,6.000000,6.000000,0.001513,0.000004,0.022533,0.096596,calls/second,milliseconds
1779969918,1,6.000000,6.000000,6.000000,0.000000,6.000000,6.000000,6.000000,6.000000,6.000000,6.000000,0.001511,0.000004,0.022533,0.096596,calls/second,milliseconds
1779969919,1,6.000000,6.000000,6.000000,0.000000,6.000000,6.000000,6.000000,6.000000,6.000000,6.000000,0.001509,0.000004,0.022533,0.096596,calls/second,milliseconds
1779969920,1,6.000000,6.000000,6.000000,0.000000,6.000000,6.000000,6.000000,6.000000,6.000000,6.000000,0.001506,0.000004,0.022533,0.096596,calls/second,milliseconds
1779969921,1,6.000000,6.000000,6.000000,0.000000,6.000000,6.000000,6.000000,6.000000,6.000000,6.000000,0.001504,0.000004,0.022533,0.096596,calls/second,milliseconds
1779969922,1,6.000000,6.000000,6.000000,0.000000,6.000000,6.000000,6.000000,6.000000,6.000000,6.000000,0.001502,0.000003,0.022161,0.096061,calls/second,milliseconds
1779969923,1,6.000000,6.000000,6.000000,0.000000,6.000000,6.000000,6.000000,6.000000,6.000000,6.000000,0.001500,0.000003,0.022161,0.096061,calls/second,milliseconds
1779969924,1,6.000000,6.000000,6.000000,0.000000,6.000000,6.000000,6.000000,6.000000,6.000000,6.000000,0.001497,0.000003,0.022161,0.096061,calls/second,milliseconds
1779969925,1,6.000000,6.000000,6.000000,0.000000,6.000000,6.000000,6.000000,6.000000,6.000000,6.000000,0.001495,0.000003,0.022161,0.096061,calls/second,milliseconds
1779969926,1,6.000000,6.000000,6.000000,0.000000,6.000000,6.000000,6.000000,6.000000,6.000000,6.000000,0.001493,0.000003,0.022161,0.096061,calls/second,milliseconds
1779969927,1,6.000000,6.000000,6.000000,0.000000,6.000000,6.000000,6.000000,6.000000,6.000000,6.000000,0.001491,0.000003,0.021794,0.095529,calls/second,milliseconds
1779969928,1,6.000000,6.000000,6.000000,0.000000,6.000000,6.000000,6.000000,6.000000,6.000000,6.000000,0.001489,0.000003,0.021794,0.095529,calls/second,milliseconds
1779969929,1,6.000000,6.000000,6.000000,0.000000,6.000000,6.000000,6.000000,6.000000,6.000000,6.000000,0.001486,0.000003,0.021794,0.095529,calls/second,milliseconds
1779969930,1,6.000000,6.000000,6.000000,0.000000,6.000000,6.000000,6.000000,6.000000,6.000000,6.000000,0.001484,0.000003,0.021794,0.095529,calls/second,milliseconds
1779969931,1,6.000000,6.000000,6.000000,0.000000,6.000000,6.000000,6.000000,6.000000,6.000000,6.000000,0.001482,0.000003,0.021794,0.095529,calls/second,milliseconds
1779969932,1,6.000000,6.000000,6.000000,0.000000,6.000000,6.000000,6.000000,6.000000,6.000000,6.000000,0.001480,0.000003,0.021434,0.095000,calls/second,milliseconds
1779969933,1,6.000000,6.000000,6.000000,0.000000,6.000000,6.000000,6.000000,6.000000,6.000000,6.000000,0.001478,0.000003,0.021434,0.095000,calls/second,milliseconds
1779969934,1,6.000000,6.000000,6.000000,0.000000,6.000000,6.000000,6.000000,6.000000,6.000000,6.000000,0.001475,0.000003,0.021434,0.095000,calls/second,milliseconds
1779969935,1,6.000000,6.000000,6.000000,0.000000,6.000000,6.000000,6.000000,6.000000,6.000000,6.000000,0.001473,0.000003,0.021434,0.095000,calls/second,milliseconds
1779969936,1,6.000000,6.000000,6.000000,0.000000,6.000000,6.000000,6.000000,6.000000,6.000000,6.000000,0.001471,0.000003,0.021434,0.095000,calls/second,milliseconds
1779969937,1,6.000000,6.000000,6.000000,0.000000,6.000000,6.000000,6.000000,6.000000,6.000000,6.000000,0.001469,0.000003,0.021080,0.094473,calls/second,milliseconds
1779969938,1,6.000000,6.000000,6.000000,0.000000,6.000000,6.000000,6.000000,6.000000,6.000000,6.000000,0.001467,0.000003,0.021080,0.094473,calls/second,milliseconds
1779969939,1,6.000000,6.000000,6.000000,0.000000,6.000000,6.000000,6.000000,6.000000,6.000000,6.000000,0.001465,0.000003,0.021080,0.094473,calls/second,milliseconds
1779969940,1,6.000000,6.000000,6.000000,0.000000,6.000000,6.000000,6.000000,6.000000,6.000000,6.000000,0.001462,0.000003,0.021080,0.094473,calls/second,milliseconds
1779969941,1,6.000000,6.000000,6.000000,0.000000,6.000000,6.000000,6.000000,6.000000,6.000000,6.000000,0.001460,0.000003,0.021080,0.094473,calls/second,milliseconds
1779969942,1,6.000000,6.000000,6.000000,0.000000,6.000000,6.000000,6.000000,6.000000,6.000000,6.000000,0.001458,0.000002,0.020731,0.093950,calls/second,milliseconds
1779969943,1,6.000000,6.000000,6.000000,0.000000,6.000000,6.000000,6.000000,6.000000,6.000000,6.000000,0.001456,0.000002,0.020731,0.093950,calls/second,milliseconds
1779969944,1,6.000000,6.000000,6.000000,0.000000,6.000000,6.000000,6.000000,6.000000,6.000000,6.000000,0.001454,0.000002,0.020731,0.093950,calls/second,milliseconds
1779969945,1,6.000000,6.000000,6.000000,0.000000,6.000000,6.000000,6.000000,6.000000,6.000000,6.000000,0.001452,0.000002,0.020731,0.093950,calls/second,milliseconds
1779969946,1,6.000000,6.000000,6.000000,0.000000,6.000000,6.000000,6.000000,6.000000,6.000000,6.000000,0.001450,0.000002,0.020731,0.093950,calls/second,milliseconds
1779969947,1,6.000000,6.000000,6.000000,0.000000,6.000000,6.000000,6.000000,6.000000,6.000000,6.000000,0.001448,0.000002,0.020389,0.093429,calls/second,milliseconds
1779969948,1,6.000000,6.000000,6.000000,0.000000,6.000000,6.000000,6.000000,6.000000,6.000000,6.000000,0.001445,0.000002,0.020389,0.093429,calls/second,milliseconds
1779969949,1,6.000000,6.000000,6.000000,0.000000,6.000000,6.000000,6.000000,6.000000,6.000000,6.000000,0.001443,0.000002,0.020389,0.093429,calls/second,milliseconds
1779969950,1,6.000000,6.000000,6.000000,0.000000,6.000000,6.000000,6.000000,6.000000,6.000000,6.000000,0.001441,0.000002,0.020389,0.093429,calls/second,milliseconds
1779969951,1,6.000000,6.000000,6.000000,0.000000,6.000000,6.000000,6.000000,6.000000,6.000000,6.000000,0.001439,0.000002,0.020389,0.093429,calls/second,milliseconds
1779969952,1,6.000000,6.000000,6.000000,0.000000,6.000000,6.000000,6.000000,6.000000,6.000000,6.000000,0.001437,0.000002,0.020052,0.092912,calls/second,milliseconds
1779969953,1,6.000000,6.000000,6.000000,0.000000,6.000000,6.000000,6.000000,6.000000,6.000000,6.000000,0.001435,0.000002,0.020052,0.092912,calls/second,milliseconds
1779969954,1,6.000000,6.000000,6.000000,0.000000,6.000000,6.000000,6.000000,6.000000,6.000000,6.000000,0.001433,0.000002,0.020052,0.092912,calls/second,milliseconds
1779969955,1,6.000000,6.000000,6.000000,0.000000,6.000000,6.000000,6.000000,6.000000,6.000000,6.000000,0.001431,0.000002,0.020052,0.092912,calls/second,milliseconds
1779969956,1,6.000000,6.000000,6.000000,0.000000,6.000000,6.000000,6.000000,6.000000,6.000000,6.000000,0.001429,0.000002,0.020052,0.092912,calls/second,milliseconds
1779969957,1,6.000000,6.000000,6.000000,0.000000,6.000000,6.000000,6.000000,6.000000,6.000000,6.000000,0.001427,0.000002,0.019720,0.092397,calls/second,milliseconds
1779969958,1,6.000000,6.000000,6.000000,0.000000,6.000000,6.000000,6.000000,6.000000,6.000000,6.000000,0.001425,0.000002,0.019720,0.092397,calls/second,milliseconds
1779969959,1,6.000000,6.000000,6.000000,0.000000,6.000000,6.000000,6.000000,6.000000,6.000000,6.000000,0.001423,0.000002,0.019720,0.092397,calls/second,milliseconds
1779969960,1,6.000000,6.000000,6.000000,0.000000,6.000000,6.000000,6.000000,6.000000,6.000000,6.000000,0.001421,0.000002,0.019720,0.092397,calls/second,milliseconds
1779969961,1,6.000000,6.000000,6.000000,0.000000,6.000000,6.000000,6.000000,6.000000,6.000000,6.000000,0.001419,0.000002,0.019720,0.092397,calls/second,milliseconds
1779969962,1,6.000000,6.000000,6.000000,0.000000,6.000000,6.000000,6.000000,6.000000,6.000000,6.000000,0.001417,0.000002,0.019394,0.091885,calls/second,milliseconds
1779969963,1,6.000000,6.000000,6.000000,0.000000,6.000000,6.000000,6.000000,6.000000,6.000000,6.000000,0.001415,0.000002,0.019394,0.091885,calls/second,milliseconds
1779969964,1,6.000000,6.000000,6.000000,0.000000,6.000000,6.000000,6.000000,6.000000,6.000000,6.000000,0.001413,0.000002,0.019394,0.091885,calls/second,milliseconds
1779969965,1,6.000000,6.000000,6.000000,0.000000,6.000000,6.000000,6.000000,6.000000,6.000000,6.000000,0.001411,0.000002,0.019394,0.091885,calls/second,milliseconds
1779969966,1,6.000000,6.000000,6.000000,0.000000,6.000000,6.000000,6.000000,6.000000,6.000000,6.000000,0.001409,0.000002,0.019394,0.091885,calls/second,milliseconds
1779969967,1,6.000000,6.000000,6.000000,0.000000,6.000000,6.000000,6.000000,6.000000,6.000000,6.000000,0.001407,0.000002,0.019074,0.091376,calls/second,milliseconds
1779969968,1,6.000000,6.000000,6.000000,0.000000,6.000000,6.000000,6.000000,6.000000,6.000000,6.000000,0.001405,0.000002,0.019074,0.091376,calls/second,milliseconds
1779969969,1,6.000000,6.000000,6.000000,0.000000,6.000000,6.000000,6.000000,6.000000,6.000000,6.000000,0.001403,0.000002,0.019074,0.091376,calls/second,milliseconds
1779969970,1,6.000000,6.000000,6.000000,0.000000,6.000000,6.000000,6.000000,6.000000,6.000000,6.000000,0.001401,0.000002,0.019074,0.091376,calls/second,milliseconds
1779969971,1,6.000000,6.000000,6.000000,0.000000,6.000000,6.000000,6.000000,6.000000,6.000000,6.000000,0.001399,0.000002,0.019074,0.091376,calls/second,milliseconds
1779969972,1,6.000000,6.000000,6.000000,0.000000,6.000000,6.000000,6.000000,6.000000,6.000000,6.000000,0.001397,0.000001,0.018759,0.090870,calls/second,milliseconds
1779969973,1,6.000000,6.000000,6.000000,0.000000,6.000000,6.000000,6.000000,6.000000,6.000000,6.000000,0.001395,0.000001,0.018759,0.090870,calls/second,milliseconds
1779969974,1,6.000000,6.000000,6.000000,0.000000,6.000000,6.000000,6.000000,6.000000,6.000000,6.000000,0.001393,0.000001,0.018759,0.090870,calls/second,milliseconds
1779969975,1,6.000000,6.000000,6.000000,0.000000,6.000000,6.000000,6.000000,6.000000,6.000000,6.000000,0.001391,0.000001,0.018759,0.090870,calls/second,milliseconds
1779969976,1,6.000000,6.000000,6.000000,0.000000,6.000000,6.000000,6.000000,6.000000,6.000000,6.000000,0.001389,0.000001,0.018759,0.090870,calls/second,milliseconds
1779969977,1,6.000000,6.000000,6.000000,0.000000,6.000000,6.000000,6.000000,6.000000,6.000000,6.000000,0.001387,0.000001,0.018449,0.090366,calls/second,milliseconds
1779969978,1,6.000000,6.000000,6.000000,0.000000,6.000000,6.000000,6.000000,6.000000,6.000000,6.000000,0.001385,0.000001,0.018449,0.090366,calls/second,milliseconds
1779969979,1,6.000000,6.000000,6.000000,0.000000,6.000000,6.000000,6.000000,6.000000,6.000000,6.000000,0.001383,0.000001,0.018449,0.090366,calls/second,milliseconds
1779969980,1,6.000000,6.000000,6.000000,0.000000,6.000000,6.000000,6.000000,6.000000,6.000000,6.000000,0.001381,0.000001,0.018449,0.090366,calls/second,milliseconds
1779969981,1,6.000000,6.000000,6.000000,0.000000,6.000000,6.000000,6.000000,6.000000,6.000000,6.000000,0.001380,0.000001,0.018449,0.090366,calls/second,milliseconds
1779969982,1,6.000000,6.000000,6.000000,0.000000,6.000000,6.000000,6.000000,6.000000,6.000000,6.000000,0.001378,0.000001,0.018144,0.089866,calls/second,milliseconds
1779969983,1,6.000000,6.000000,6.000000,0.000000,6.000000,6.000000,6.000000,6.000000,6.000000,6.000000,0.001376,0.000001,0.018144,0.089866,calls/second,milliseconds
1779969984,1,6.000000,6.000000,6.000000,0.000000,6.000000,6.000000,6.000000,6.000000,6.000000,6.000000,0.001374,0.000001,0.018144,0.089866,calls/second,milliseconds
1779969985,1,6.000000,6.000000,6.000000,0.000000,6.000000,6.000000,6.000000,6.000000,6.000000,6.000000,0.001372,0.000001,0.018144,0.089866,calls/second,milliseconds
1779969986,1,6.000000,6.000000,6.000000,0.000000,6.000000,6.000000,6.000000,6.000000,6.000000,6.000000,0.001370,0.000001,0.018144,0.089866,calls/second,milliseconds
1779969987,1,6.000000,6.000000,6.000000,0.000000,6.000000,6.000000,6.000000,6.000000,6.000000,6.000000,0.001368,0.000001,0.017844,0.089368,calls/second,milliseconds
1779969988,1,6.000000,6.000000,6.000000,0.000000,6.000000,6.000000,6.000000,6.000000,6.000000,6.000000,0.001366,0.000001,0.017844,0.089368,calls/second,milliseconds
1779969989,1,6.000000,6.000000,6.000000,0.000000,6.000000,6.000000,6.000000,6.000000,6.000000,6.000000,0.001364,0.000001,0.017844,0.089368,calls/second,milliseconds
1779969990,1,6.000000,6.000000,6.000000,0.000000,6.000000,6.000000,6.000000,6.000000,6.000000,6.000000,0.001363,0.000001,0.017844,0.089368,calls/second,milliseconds
1779969991,1,6.000000,6.000000,6.000000,0.000000,6.000000,6.000000,6.000000,6.000000,6.000000,6.000000,0.001361,0.000001,0.017844,0.089368,calls/second,milliseconds
1779969992,1,6.000000,6.000000,6.000000,0.000000,6.000000,6.000000,6.000000,6.000000,6.000000,6.000000,0.001359,0.000001,0.017549,0.088873,calls/second,milliseconds
1779969993,1,6.000000,6.000000,6.000000,0.000000,6.000000,6.000000,6.000000,6.000000,6.000000,6.000000,0.001357,0.000001,0.017549,0.088873,calls/second,milliseconds
1779969994,1,6.000000,6.000000,6.000000,0.000000,6.000000,6.000000,6.000000,6.000000,6.000000,6.000000,0.001355,0.000001,0.017549,0.088873,calls/second,milliseconds
1779969995,1,6.000000,6.000000,6.000000,0.000000,6.000000,6.000000,6.000000,6.000000,6.000000,6.000000,0.001353,0.000001,0.017549,0.088873,calls/second,milliseconds
1779969996,1,6.000000,6.000000,6.000000,0.000000,6.000000,6.000000,6.000000,6.000000,6.000000,6.000000,0.001352,0.000001,0.017549,0.088873,calls/second,milliseconds
1779969997,1,6.000000,6.000000,6.000000,0.000000,6.000000,6.000000,6.000000,6.000000,6.000000,6.000000,0.001350,0.000001,0.017259,0.088380,calls/second,milliseconds
1779969998,1,6.000000,6.000000,6.000000,0.000000,6.000000,6.000000,6.000000,6.000000,6.000000,6.000000,0.001348,0.000001,0.017259,0.088380,calls/second,milliseconds
1779969999,1,6.000000,6.000000,6.000000,0.000000,6.000000,6.000000,6.000000,6.000000,6.000000,6.000000,0.001346,0.000001,0.017259,0.088380,calls/second,milliseconds
1779970000,1,6.000000,6.000000,6.000000,0.000000,6.000000,6.000000,6.000000,6.000000,6.000000,6.000000,0.001344,0.000001,0.017259,0.088380,calls/second,milliseconds
1779970001,1,6.000000,6.000000,6.000000,0.000000,6.000000,6.000000,6.000000,6.000000,6.000000,6.000000,0.001342,0.000001,0.017259,0.088380,calls/second,milliseconds
1779970002,1,6.000000,6.000000,6.000000,0.000000,6.000000,6.000000,6.000000,6.000000,6.000000,6.000000,0.001341,0.000001,0.016973,0.087891,calls/second,milliseconds
1779970003,1,6.000000,6.000000,6.000000,0.000000,6.000000,6.000000,6.000000,6.000000,6.000000,6.000000,0.001339,0.000001,0.016973,0.087891,calls/second,milliseconds
1779970004,1,6.000000,6.000000,6.000000,0.000000,6.000000,6.000000,6.000000,6.000000,6.000000,6.000000,0.001337,0.000001,0.016973,0.087891,calls/second,milliseconds
1779970005,1,6.000000,6.000000,6.000000,0.000000,6.000000,6.000000,6.000000,6.000000,6.000000,6.000000,0.001335,0.000001,0.016973,0.087891,calls/second,milliseconds
1779970006,1,6.000000,6.000000,6.000000,0.000000,6.000000,6.000000,6.000000,6.000000,6.000000,6.000000,0.001333,0.000001,0.016973,0.087891,calls/second,milliseconds
1779970007,1,6.000000,6.000000,6.000000,0.000000,6.000000,6.000000,6.000000,6.000000,6.000000,6.000000,0.001332,0.000001,0.016693,0.087404,calls/second,milliseconds
1779970008,1,6.000000,6.000000,6.000000,0.000000,6.000000,6.000000,6.000000,6.000000,6.000000,6.000000,0.001330,0.000001,0.016693,0.087404,calls/second,milliseconds
1779970009,1,6.000000,6.000000,6.000000,0.000000,6.000000,6.000000,6.000000,6.000000,6.000000,6.000000,0.001328,0.000001,0.016693,0.087404,calls/second,milliseconds
1779970010,1,6.000000,6.000000,6.000000,0.000000,6.000000,6.000000,6.000000,6.000000,6.000000,6.000000,0.001326,0.000001,0.016693,0.087404,calls/second,milliseconds
1779970011,1,6.000000,6.000000,6.000000,0.000000,6.000000,6.000000,6.000000,6.000000,6.000000,6.000000,0.001325,0.000001,0.016693,0.087404,calls/second,milliseconds
1779970012,1,6.000000,6.000000,6.000000,0.000000,6.000000,6.000000,6.000000,6.000000,6.000000,6.000000,0.001323,0.000001,0.016417,0.086920,calls/second,milliseconds
1779970013,1,6.000000,6.000000,6.000000,0.000000,6.000000,6.000000,6.000000,6.000000,6.000000,6.000000,0.001321,0.000001,0.016417,0.086920,calls/second,milliseconds
1779970014,1,6.000000,6.000000,6.000000,0.000000,6.000000,6.000000,6.000000,6.000000,6.000000,6.000000,0.001319,0.000001,0.016417,0.086920,calls/second,milliseconds
1779970015,1,6.000000,6.000000,6.000000,0.000000,6.000000,6.000000,6.000000,6.000000,6.000000,6.000000,0.001318,0.000001,0.016417,0.086920,calls/second,milliseconds
1779970016,1,6.000000,6.000000,6.000000,0.000000,6.000000,6.000000,6.000000,6.000000,6.000000,6.000000,0.001316,0.000001,0.016417,0.086920,calls/second,milliseconds
1779970017,1,6.000000,6.000000,6.000000,0.000000,6.000000,6.000000,6.000000,6.000000,6.000000,6.000000,0.001314,0.000001,0.016146,0.086438,calls/second,milliseconds
1779970018,1,6.000000,6.000000,6.000000,0.000000,6.000000,6.000000,6.000000,6.000000,6.000000,6.000000,0.001312,0.000001,0.016146,0.086438,calls/second,milliseconds
1779970019,1,6.000000,6.000000,6.000000,0.000000,6.000000,6.000000,6.000000,6.000000,6.000000,6.000000,0.001311,0.000001,0.016146,0.086438,calls/second,milliseconds
1779970020,1,6.000000,6.000000,6.000000,0.000000,6.000000,6.000000,6.000000,6.000000,6.000000,6.000000,0.001309,0.000001,0.016146,0.086438,calls/second,milliseconds
1779970021,1,6.000000,6.000000,6.000000,0.000000,6.000000,6.000000,6.000000,6.000000,6.000000,6.000000,0.001307,0.000001,0.016146,0.086438,calls/second,milliseconds
1779970022,1,6.000000,6.000000,6.000000,0.000000,6.000000,6.000000,6.000000,6.000000,6.000000,6.000000,0.001306,0.000001,0.015879,0.085959,calls/second,milliseconds
1779970023,1,6.000000,6.000000,6.000000,0.000000,6.000000,6.000000,6.000000,6.000000,6.000000,6.000000,0.001304,0.000001,0.015879,0.085959,calls/second,milliseconds
1779970024,1,6.000000,6.000000,6.000000,0.000000,6.000000,6.000000,6.000000,6.000000,6.000000,6.000000,0.001302,0.000001,0.015879,0.085959,calls/second,milliseconds
1779970025,1,6.000000,6.000000,6.000000,0.000000,6.000000,6.000000,6.000000,6.000000,6.000000,6.000000,0.001300,0.000001,0.015879,0.085959,calls/second,milliseconds
1779970026,1,6.000000,6.000000,6.000000,0.000000,6.000000,6.000000,6.000000,6.000000,6.000000,6.000000,0.001299,0.000001,0.015879,0.085959,calls/second,milliseconds
1779970027,1,6.000000,6.000000,6.000000,0.000000,6.000000,6.000000,6.000000,6.000000,6.000000,6.000000,0.001297,0.000001,0.015616,0.085483,calls/second,milliseconds
1779970028,1,6.000000,6.000000,6.000000,0.000000,6.000000,6.000000,6.000000,6.000000,6.000000,6.000000,0.001295,0.000001,0.015616,0.085483,calls/second,milliseconds
1779970029,1,6.000000,6.000000,6.000000,0.000000,6.000000,6.000000,6.000000,6.000000,6.000000,6.000000,0.001294,0.000001,0.015616,0.085483,calls/second,milliseconds
1779970030,1,6.000000,6.000000,6.000000,0.000000,6.000000,6.000000,6.000000,6.000000,6.000000,6.000000,0.001292,0.000001,0.015616,0.085483,calls/second,milliseconds
1779970031,1,6.000000,6.000000,6.000000,0.000000,6.000000,6.000000,6.000000,6.000000,6.000000,6.000000,0.001290,0.000001,0.015616,0.085483,calls/second,milliseconds
1779970032,1,6.000000,6.000000,6.000000,0.000000,6.000000,6.000000,6.000000,6.000000,6.000000,6.000000,0.001289,0.000001,0.015358,0.085009,calls/second,milliseconds
1779970033,1,6.000000,6.000000,6.000000,0.000000,6.000000,6.000000,6.000000,6.000000,6.000000,6.000000,0.001287,0.000001,0.015358,0.085009,calls/second,milliseconds
1779970034,1,6.000000,6.000000,6.000000,0.000000,6.000000,6.000000,6.000000,6.000000,6.000000,6.000000,0.001285,0.000001,0.015358,0.085009,calls/second,milliseconds
1779970035,1,6.000000,6.000000,6.000000,0.000000,6.000000,6.000000,6.000000,6.000000,6.000000,6.000000,0.001284,0.000001,0.015358,0.085009,calls/second,milliseconds
1779970036,1,6.000000,6.000000,6.000000,0.000000,6.000000,6.000000,6.000000,6.000000,6.000000,6.000000,0.001282,0.000001,0.015358,0.085009,calls/second,milliseconds
1779970037,1,6.000000,6.000000,6.000000,0.000000,6.000000,6.000000,6.000000,6.000000,6.000000,6.000000,0.001280,0.000000,0.015104,0.084538,calls/second,milliseconds
1779970038,1,6.000000,6.000000,6.000000,0.000000,6.000000,6.000000,6.000000,6.000000,6.000000,6.000000,0.001279,0.000000,0.015104,0.084538,calls/second,milliseconds
1779970039,1,6.000000,6.000000,6.000000,0.000000,6.000000,6.000000,6.000000,6.000000,6.000000,6.000000,0.001277,0.000000,0.015104,0.084538,calls/second,milliseconds
1779970040,1,6.000000,6.000000,6.000000,0.000000,6.000000,6.000000,6.000000,6.000000,6.000000,6.000000,0.001276,0.000000,0.015104,0.084538,calls/second,milliseconds
1779970041,1,6.000000,6.000000,6.000000,0.000000,6.000000,6.000000,6.000000,6.000000,6.000000,6.000000,0.001274,0.000000,0.015104,0.084538,calls/second,milliseconds
1779970042,1,6.000000,6.000000,6.000000,0.000000,6.000000,6.000000,6.000000,6.000000,6.000000,6.000000,0.001272,0.000000,0.014855,0.084070,calls/second,milliseconds
1779970043,1,6.000000,6.000000,6.000000,0.000000,6.000000,6.000000,6.000000,6.000000,6.000000,6.000000,0.001271,0.000000,0.014855,0.084070,calls/second,milliseconds
1779970044,1,6.000000,6.000000,6.000000,0.000000,6.000000,6.000000,6.000000,6.000000,6.000000,6.000000,0.001269,0.000000,0.014855,0.084070,calls/second,milliseconds
1779970045,1,6.000000,6.000000,6.000000,0.000000,6.000000,6.000000,6.000000,6.000000,6.000000,6.000000,0.001267,0.000000,0.014855,0.084070,calls/second,milliseconds
1779970046,1,6.000000,6.000000,6.000000,0.000000,6.000000,6.000000,6.000000,6.000000,6.000000,6.000000,0.001266,0.000000,0.014855,0.084070,calls/second,milliseconds
1779970047,1,6.000000,6.000000,6.000000,0.000000,6.000000,6.000000,6.000000,6.000000,6.000000,6.000000,0.001264,0.000000,0.014609,0.083604,calls/second,milliseconds
1779970048,1,6.000000,6.000000,6.000000,0.000000,6.000000,6.000000,6.000000,6.000000,6.000000,6.000000,0.001263,0.000000,0.014609,0.083604,calls/second,milliseconds
1779970049,1,6.000000,6.000000,6.000000,0.000000,6.000000,6.000000,6.000000,6.000000,6.000000,6.000000,0.001261,0.000000,0.014609,0.083604,calls/second,milliseconds
1779970050,1,6.000000,6.000000,6.000000,0.000000,6.000000,6.000000,6.000000,6.000000,6.000000,6.000000,0.001259,0.000000,0.014609,0.083604,calls/second,milliseconds
1779970051,1,6.000000,6.000000,6.000000,0.000000,6.000000,6.000000,6.000000,6.000000,6.000000,6.000000,0.001258,0.000000,0.014609,0.083604,calls/second,milliseconds
1779970052,1,6.000000,6.000000,6.000000,0.000000,6.000000,6.000000,6.000000,6.000000,6.000000,6.000000,0.001256,0.000000,0.014368,0.083141,calls/second,milliseconds
1779970053,1,6.000000,6.000000,6.000000,0.000000,6.000000,6.000000,6.000000,6.000000,6.000000,6.000000,0.001255,0.000000,0.014368,0.083141,calls/second,milliseconds
1779970054,1,6.000000,6.000000,6.000000,0.000000,6.000000,6.000000,6.000000,6.000000,6.000000,6.000000,0.001253,0.000000,0.014368,0.083141,calls/second,milliseconds
1779970055,1,6.000000,6.000000,6.000000,0.000000,6.000000,6.000000,6.000000,6.000000,6.000000,6.000000,0.001252,0.000000,0.014368,0.083141,calls/second,milliseconds
1779970056,1,6.000000,6.000000,6.000000,0.000000,6.000000,6.000000,6.000000,6.000000,6.000000,6.000000,0.001250,0.000000,0.014368,0.083141,calls/second,milliseconds
1779970057,1,6.000000,6.000000,6.000000,0.000000,6.000000,6.000000,6.000000,6.000000,6.000000,6.000000,0.001248,0.000000,0.014130,0.082681,calls/second,milliseconds
1779970058,1,6.000000,6.000000,6.000000,0.000000,6.000000,6.000000,6.000000,6.000000,6.000000,6.000000,0.001247,0.000000,0.014130,0.082681,calls/second,milliseconds
1779970059,1,6.000000,6.000000,6.000000,0.000000,6.000000,6.000000,6.000000,6.000000,6.000000,6.000000,0.001245,0.000000,0.014130,0.082681,calls/second,milliseconds
1779970060,1,6.000000,6.000000,6.000000,0.000000,6.000000,6.000000,6.000000,6.000000,6.000000,6.000000,0.001244,0.000000,0.014130,0.082681,calls/second,milliseconds
1779970061,1,6.000000,6.000000,6.000000,0.000000,6.000000,6.000000,6.000000,6.000000,6.000000,6.000000,0.001242,0.000000,0.014130,0.082681,calls/second,milliseconds
1779970062,1,6.000000,6.000000,6.000000,0.000000,6.000000,6.000000,6.000000,6.000000,6.000000,6.000000,0.001241,0.000000,0.013897,0.082222,calls/second,milliseconds
1779970063,1,6.000000,6.000000,6.000000,0.000000,6.000000,6.000000,6.000000,6.000000,6.000000,6.000000,0.001239,0.000000,0.013897,0.082222,calls/second,milliseconds
1779970064,1,6.000000,6.000000,6.000000,0.000000,6.000000,6.000000,6.000000,6.000000,6.000000,6.000000,0.001238,0.000000,0.013897,0.082222,calls/second,milliseconds
1779970065,1,6.000000,6.000000,6.000000,0.000000,6.000000,6.000000,6.000000,6.000000,6.000000,6.000000,0.001236,0.000000,0.013897,0.082222,calls/second,milliseconds
1779970066,1,6.000000,6.000000,6.000000,0.000000,6.000000,6.000000,6.000000,6.000000,6.000000,6.000000,0.001235,0.000000,0.013667,0.081767,calls/second,milliseconds
1779970067,1,6.000000,6.000000,6.000000,0.000000,6.000000,6.000000,6.000000,6.000000,6.000000,6.000000,0.001233,0.000000,0.013667,0.081767,calls/second,milliseconds
1779970068,1,6.000000,6.000000,6.000000,0.000000,6.000000,6.000000,6.000000,6.000000,6.000000,6.000000,0.001232,0.000000,0.013667,0.081767,calls/second,milliseconds
1779970069,1,6.000000,6.000000,6.000000,0.000000,6.000000,6.000000,6.000000,6.000000,6.000000,6.000000,0.001230,0.000000,0.013667,0.081767,calls/second,milliseconds
1779970070,1,6.000000,6.000000,6.000000,0.000000,6.000000,6.000000,6.000000,6.000000,6.000000,6.000000,0.001228,0.000000,0.013667,0.081767,calls/second,milliseconds
1779970071,1,6.000000,6.000000,6.000000,0.000000,6.000000,6.000000,6.000000,6.000000,6.000000,6.000000,0.001227,0.000000,0.013441,0.081314,calls/second,milliseconds
1779970072,1,6.000000,6.000000,6.000000,0.000000,6.000000,6.000000,6.000000,6.000000,6.000000,6.000000,0.001225,0.000000,0.013441,0.081314,calls/second,milliseconds
1779970073,1,6.000000,6.000000,6.000000,0.000000,6.000000,6.000000,6.000000,6.000000,6.000000,6.000000,0.001224,0.000000,0.013441,0.081314,calls/second,milliseconds
1779970074,1,6.000000,6.000000,6.000000,0.000000,6.000000,6.000000,6.000000,6.000000,6.000000,6.000000,0.001222,0.000000,0.013441,0.081314,calls/second,milliseconds
1779970075,1,6.000000,6.000000,6.000000,0.000000,6.000000,6.000000,6.000000,6.000000,6.000000,6.000000,0.001221,0.000000,0.013441,0.081314,calls/second,milliseconds
1779970076,1,6.000000,6.000000,6.000000,0.000000,6.000000,6.000000,6.000000,6.000000,6.000000,6.000000,0.001219,0.000000,0.013219,0.080863,calls/second,milliseconds
1779970077,1,6.000000,6.000000,6.000000,0.000000,6.000000,6.000000,6.000000,6.000000,6.000000,6.000000,0.001218,0.000000,0.013219,0.080863,calls/second,milliseconds
1779970078,1,6.000000,6.000000,6.000000,0.000000,6.000000,6.000000,6.000000,6.000000,6.000000,6.000000,0.001217,0.000000,0.013219,0.080863,calls/second,milliseconds
1779970079,1,6.000000,6.000000,6.000000,0.000000,6.000000,6.000000,6.000000,6.000000,6.000000,6.000000,0.001215,0.000000,0.013219,0.080863,calls/second,milliseconds
1779970080,1,6.000000,6.000000,6.000000,0.000000,6.000000,6.000000,6.000000,6.000000,6.000000,6.000000,0.001214,0.000000,0.013219,0.080863,calls/second,milliseconds
1779970081,1,6.000000,6.000000,6.000000,0.000000,6.000000,6.000000,6.000000,6.000000,6.000000,6.000000,0.001212,0.000000,0.013000,0.080415,calls/second,milliseconds
1779970082,1,6.000000,6.000000,6.000000,0.000000,6.000000,6.000000,6.000000,6.000000,6.000000,6.000000,0.001211,0.000000,0.013000,0.080415,calls/second,milliseconds
1779970083,1,6.000000,6.000000,6.000000,0.000000,6.000000,6.000000,6.000000,6.000000,6.000000,6.000000,0.001209,0.000000,0.013000,0.080415,calls/second,milliseconds
1779970084,1,6.000000,6.000000,6.000000,0.000000,6.000000,6.000000,6.000000,6.000000,6.000000,6.000000,0.001208,0.000000,0.013000,0.080415,calls/second,milliseconds
1779970085,1,6.000000,6.000000,6.000000,0.000000,6.000000,6.000000,6.000000,6.000000,6.000000,6.000000,0.001206,0.000000,0.013000,0.080415,calls/second,milliseconds
1779970086,1,6.000000,6.000000,6.000000,0.000000,6.000000,6.000000,6.000000,6.000000,6.000000,6.000000,0.001205,0.000000,0.012786,0.079970,calls/second,milliseconds
1779970087,1,6.000000,6.000000,6.000000,0.000000,6.000000,6.000000,6.000000,6.000000,6.000000,6.000000,0.001203,0.000000,0.012786,0.079970,calls/second,milliseconds
1779970088,1,6.000000,6.000000,6.000000,0.000000,6.000000,6.000000,6.000000,6.000000,6.000000,6.000000,0.001202,0.000000,0.012786,0.079970,calls/second,milliseconds
1779970089,1,6.000000,6.000000,6.000000,0.000000,6.000000,6.000000,6.000000,6.000000,6.000000,6.000000,0.001200,0.000000,0.012786,0.079970,calls/second,milliseconds
1779970090,1,6.000000,6.000000,6.000000,0.000000,6.000000,6.000000,6.000000,6.000000,6.000000,6.000000,0.001199,0.000000,0.012786,0.079970,calls/second,milliseconds
1779970091,1,6.000000,6.000000,6.000000,0.000000,6.000000,6.000000,6.000000,6.000000,6.000000,6.000000,0.001198,0.000000,0.012574,0.079527,calls/second,milliseconds
1779970092,1,6.000000,6.000000,6.000000,0.000000,6.000000,6.000000,6.000000,6.000000,6.000000,6.000000,0.001196,0.000000,0.012574,0.079527,calls/second,milliseconds
1779970093,1,6.000000,6.000000,6.000000,0.000000,6.000000,6.000000,6.000000,6.000000,6.000000,6.000000,0.001195,0.000000,0.012574,0.079527,calls/second,milliseconds
1779970094,1,6.000000,6.000000,6.000000,0.000000,6.000000,6.000000,6.000000,6.000000,6.000000,6.000000,0.001193,0.000000,0.012574,0.079527,calls/second,milliseconds
1779970095,1,6.000000,6.000000,6.000000,0.000000,6.000000,6.000000,6.000000,6.000000,6.000000,6.000000,0.001192,0.000000,0.012574,0.079527,calls/second,milliseconds
1779970096,1,6.000000,6.000000,6.000000,0.000000,6.000000,6.000000,6.000000,6.000000,6.000000,6.000000,0.001190,0.000000,0.012366,0.079086,calls/second,milliseconds
1779970097,1,6.000000,6.000000,6.000000,0.000000,6.000000,6.000000,6.000000,6.000000,6.000000,6.000000,0.001189,0.000000,0.012366,0.079086,calls/second,milliseconds
1779970098,1,6.000000,6.000000,6.000000,0.000000,6.000000,6.000000,6.000000,6.000000,6.000000,6.000000,0.001188,0.000000,0.012366,0.079086,calls/second,milliseconds
1779970099,1,6.000000,6.000000,6.000000,0.000000,6.000000,6.000000,6.000000,6.000000,6.000000,6.000000,0.001186,0.000000,0.012366,0.079086,calls/second,milliseconds
1779970100,1,6.000000,6.000000,6.000000,0.000000,6.000000,6.000000,6.000000,6.000000,6.000000,6.000000,0.001185,0.000000,0.012366,0.079086,calls/second,milliseconds
1779970101,1,6.000000,6.000000,6.000000,0.000000,6.000000,6.000000,6.000000,6.000000,6.000000,6.000000,0.001183,0.000000,0.012162,0.078648,calls/second,milliseconds
1779970102,1,6.000000,6.000000,6.000000,0.000000,6.000000,6.000000,6.000000,6.000000,6.000000,6.000000,0.001182,0.000000,0.012162,0.078648,calls/second,milliseconds
1779970103,1,6.000000,6.000000,6.000000,0.000000,6.000000,6.000000,6.000000,6.000000,6.000000,6.000000,0.001181,0.000000,0.012162,0.078648,calls/second,milliseconds
1779970104,1,6.000000,6.000000,6.000000,0.000000,6.000000,6.000000,6.000000,6.000000,6.000000,6.000000,0.001179,0.000000,0.012162,0.078648,calls/second,milliseconds
1779970105,1,6.000000,6.000000,6.000000,0.000000,6.000000,6.000000,6.000000,6.000000,6.000000,6.000000,0.001178,0.000000,0.012162,0.078648,calls/second,milliseconds
1779970106,1,6.000000,6.000000,6.000000,0.000000,6.000000,6.000000,6.000000,6.000000,6.000000,6.000000,0.001176,0.000000,0.011961,0.078212,calls/second,milliseconds
1779970107,1,6.000000,6.000000,6.000000,0.000000,6.000000,6.000000,6.000000,6.000000,6.000000,6.000000,0.001175,0.000000,0.011961,0.078212,calls/second,milliseconds
1779970108,1,6.000000,6.000000,6.000000,0.000000,6.000000,6.000000,6.000000,6.000000,6.000000,6.000000,0.001174,0.000000,0.011961,0.078212,calls/second,milliseconds
1779970109,1,6.000000,6.000000,6.000000,0.000000,6.000000,6.000000,6.000000,6.000000,6.000000,6.000000,0.001172,0.000000,0.011961,0.078212,calls/second,milliseconds
1779970110,1,6.000000,6.000000,6.000000,0.000000,6.000000,6.000000,6.000000,6.000000,6.000000,6.000000,0.001171,0.000000,0.011961,0.078212,calls/second,milliseconds
1779970111,1,6.000000,6.000000,6.000000,0.000000,6.000000,6.000000,6.000000,6.000000,6.000000,6.000000,0.001169,0.000000,0.011763,0.077779,calls/second,milliseconds
1779970112,1,6.000000,6.000000,6.000000,0.000000,6.000000,6.000000,6.000000,6.000000,6.000000,6.000000,0.001168,0.000000,0.011763,0.077779,calls/second,milliseconds
1779970113,1,6.000000,6.000000,6.000000,0.000000,6.000000,6.000000,6.000000,6.000000,6.000000,6.000000,0.001167,0.000000,0.011763,0.077779,calls/second,milliseconds
1779970114,1,6.000000,6.000000,6.000000,0.000000,6.000000,6.000000,6.000000,6.000000,6.000000,6.000000,0.001165,0.000000,0.011763,0.077779,calls/second,milliseconds
1779970115,1,6.000000,6.000000,6.000000,0.000000,6.000000,6.000000,6.000000,6.000000,6.000000,6.000000,0.001164,0.000000,0.011763,0.077779,calls/second,milliseconds
1779970116,1,6.000000,6.000000,6.000000,0.000000,6.000000,6.000000,6.000000,6.000000,6.000000,6.000000,0.001163,0.000000,0.011569,0.077348,calls/second,milliseconds
1779970117,1,6.000000,6.000000,6.000000,0.000000,6.000000,6.000000,6.000000,6.000000,6.000000,6.000000,0.001161,0.000000,0.011569,0.077348,calls/second,milliseconds
1779970118,1,6.000000,6.000000,6.000000,0.000000,6.000000,6.000000,6.000000,6.000000,6.000000,6.000000,0.001160,0.000000,0.011569,0.077348,calls/second,milliseconds
1779970119,1,6.000000,6.000000,6.000000,0.000000,6.000000,6.000000,6.000000,6.000000,6.000000,6.000000,0.001159,0.000000,0.011569,0.077348,calls/second,milliseconds
1779970120,1,6.000000,6.000000,6.000000,0.000000,6.000000,6.000000,6.000000,6.000000,6.000000,6.000000,0.001157,0.000000,0.011569,0.077348,calls/second,milliseconds
1779970121,1,6.000000,6.000000,6.000000,0.000000,6.000000,6.000000,6.000000,6.000000,6.000000,6.000000,0.001156,0.000000,0.011378,0.076920,calls/second,milliseconds
1779970122,1,6.000000,6.000000,6.000000,0.000000,6.000000,6.000000,6.000000,6.000000,6.000000,6.000000,0.001155,0.000000,0.011378,0.076920,calls/second,milliseconds
1779970123,1,6.000000,6.000000,6.000000,0.000000,6.000000,6.000000,6.000000,6.000000,6.000000,6.000000,0.001153,0.000000,0.011378,0.076920,calls/second,milliseconds
1779970124,1,6.000000,6.000000,6.000000,0.000000,6.000000,6.000000,6.000000,6.000000,6.000000,6.000000,0.001152,0.000000,0.011378,0.076920,calls/second,milliseconds
1779970125,1,6.000000,6.000000,6.000000,0.000000,6.000000,6.000000,6.000000,6.000000,6.000000,6.000000,0.001151,0.000000,0.011378,0.076920,calls/second,milliseconds
1779970126,1,6.000000,6.000000,6.000000,0.000000,6.000000,6.000000,6.000000,6.000000,6.000000,6.000000,0.001149,0.000000,0.011190,0.076494,calls/second,milliseconds
1779970127,1,6.000000,6.000000,6.000000,0.000000,6.000000,6.000000,6.000000,6.000000,6.000000,6.000000,0.001148,0.000000,0.011190,0.076494,calls/second,milliseconds
1779970128,1,6.000000,6.000000,6.000000,0.000000,6.000000,6.000000,6.000000,6.000000,6.000000,6.000000,0.001147,0.000000,0.011190,0.076494,calls/second,milliseconds
1779970129,1,6.000000,6.000000,6.000000,0.000000,6.000000,6.000000,6.000000,6.000000,6.000000,6.000000,0.001145,0.000000,0.011190,0.076494,calls/second,milliseconds
1779970130,1,6.000000,6.000000,6.000000,0.000000,6.000000,6.000000,6.000000,6.000000,6.000000,6.000000,0.001144,0.000000,0.011190,0.076494,calls/second,milliseconds
1779970131,1,6.000000,6.000000,6.000000,0.000000,6.000000,6.000000,6.000000,6.000000,6.000000,6.000000,0.001143,0.000000,0.011005,0.076070,calls/second,milliseconds
1779970132,1,6.000000,6.000000,6.000000,0.000000,6.000000,6.000000,6.000000,6.000000,6.000000,6.000000,0.001141,0.000000,0.011005,0.076070,calls/second,milliseconds
1779970133,1,6.000000,6.000000,6.000000,0.000000,6.000000,6.000000,6.000000,6.000000,6.000000,6.000000,0.001140,0.000000,0.011005,0.076070,calls/second,milliseconds
1779970134,1,6.000000,6.000000,6.000000,0.000000,6.000000,6.000000,6.000000,6.000000,6.000000,6.000000,0.001139,0.000000,0.011005,0.076070,calls/second,milliseconds
1779970135,1,6.000000,6.000000,6.000000,0.000000,6.000000,6.000000,6.000000,6.000000,6.000000,6.000000,0.001138,0.000000,0.011005,0.076070,calls/second,milliseconds
1779970136,1,6.000000,6.000000,6.000000,0.000000,6.000000,6.000000,6.000000,6.000000,6.000000,6.000000,0.001136,0.000000,0.010823,0.075648,calls/second,milliseconds
1779970137,1,6.000000,6.000000,6.000000,0.000000,6.000000,6.000000,6.000000,6.000000,6.000000,6.000000,0.001135,0.000000,0.010823,0.075648,calls/second,milliseconds
1779970138,1,6.000000,6.000000,6.000000,0.000000,6.000000,6.000000,6.000000,6.000000,6.000000,6.000000,0.001134,0.000000,0.010823,0.075648,calls/second,milliseconds
1779970139,1,6.000000,6.000000,6.000000,0.000000,6.000000,6.000000,6.000000,6.000000,6.000000,6.000000,0.001132,0.000000,0.010823,0.075648,calls/second,milliseconds
1779970140,1,6.000000,6.000000,6.000000,0.000000,6.000000,6.000000,6.000000,6.000000,6.000000,6.000000,0.001131,0.000000,0.010823,0.075648,calls/second,milliseconds
1779970141,1,6.000000,6.000000,6.000000,0.000000,6.000000,6.000000,6.000000,6.000000,6.000000,6.000000,0.001130,0.000000,0.010644,0.075229,calls/second,milliseconds
1779970142,1,6.000000,6.000000,6.000000,0.000000,6.000000,6.000000,6.000000,6.000000,6.000000,6.000000,0.001129,0.000000,0.010644,0.075229,calls/second,milliseconds
1779970143,1,6.000000,6.000000,6.000000,0.000000,6.000000,6.000000,6.000000,6.000000,6.000000,6.000000,0.001127,0.000000,0.010644,0.075229,calls/second,milliseconds
1779970144,1,6.000000,6.000000,6.000000,0.000000,6.000000,6.000000,6.000000,6.000000,6.000000,6.000000,0.001126,0.000000,0.010644,0.075229,calls/second,milliseconds
1779970145,1,6.000000,6.000000,6.000000,0.000000,6.000000,6.000000,6.000000,6.000000,6.000000,6.000000,0.001125,0.000000,0.010644,0.075229,calls/second,milliseconds
1779970146,1,6.000000,6.000000,6.000000,0.000000,6.000000,6.000000,6.000000,6.000000,6.000000,6.000000,0.001123,0.000000,0.010468,0.074812,calls/second,milliseconds
1779970147,1,6.000000,6.000000,6.000000,0.000000,6.000000,6.000000,6.000000,6.000000,6.000000,6.000000,0.001122,0.000000,0.010468,0.074812,calls/second,milliseconds
1779970148,1,6.000000,6.000000,6.000000,0.000000,6.000000,6.000000,6.000000,6.000000,6.000000,6.000000,0.001121,0.000000,0.010468,0.074812,calls/second,milliseconds
1779970149,1,6.000000,6.000000,6.000000,0.000000,6.000000,6.000000,6.000000,6.000000,6.000000,6.000000,0.001120,0.000000,0.010468,0.074812,calls/second,milliseconds
1779970150,1,6.000000,6.000000,6.000000,0.000000,6.000000,6.000000,6.000000,6.000000,6.000000,6.000000,0.001118,0.000000,0.010468,0.074812,calls/second,milliseconds
1779970151,1,6.000000,6.000000,6.000000,0.000000,6.000000,6.000000,6.000000,6.000000,6.000000,6.000000,0.001117,0.000000,0.010295,0.074398,calls/second,milliseconds
1779970152,1,6.000000,6.000000,6.000000,0.000000,6.000000,6.000000,6.000000,6.000000,6.000000,6.000000,0.001116,0.000000,0.010295,0.074398,calls/second,milliseconds
1779970153,1,6.000000,6.000000,6.000000,0.000000,6.000000,6.000000,6.000000,6.000000,6.000000,6.000000,0.001115,0.000000,0.010295,0.074398,calls/second,milliseconds
1779970154,1,6.000000,6.000000,6.000000,0.000000,6.000000,6.000000,6.000000,6.000000,6.000000,6.000000,0.001113,0.000000,0.010295,0.074398,calls/second,milliseconds
1779970155,1,6.000000,6.000000,6.000000,0.000000,6.000000,6.000000,6.000000,6.000000,6.000000,6.000000,0.001112,0.000000,0.010295,0.074398,calls/second,milliseconds
1779970156,1,6.000000,6.000000,6.000000,0.000000,6.000000,6.000000,6.000000,6.000000,6.000000,6.000000,0.001111,0.000000,0.010125,0.073986,calls/second,milliseconds
1779970157,1,6.000000,6.000000,6.000000,0.000000,6.000000,6.000000,6.000000,6.000000,6.000000,6.000000,0.001110,0.000000,0.010125,0.073986,calls/second,milliseconds
1779970158,1,6.000000,6.000000,6.000000,0.000000,6.000000,6.000000,6.000000,6.000000,6.000000,6.000000,0.001108,0.000000,0.010125,0.073986,calls/second,milliseconds
1779970159,1,6.000000,6.000000,6.000000,0.000000,6.000000,6.000000,6.000000,6.000000,6.000000,6.000000,0.001107,0.000000,0.010125,0.073986,calls/second,milliseconds
1779970160,1,6.000000,6.000000,6.000000,0.000000,6.000000,6.000000,6.000000,6.000000,6.000000,6.000000,0.001106,0.000000,0.010125,0.073986,calls/second,milliseconds
1779970161,1,6.000000,6.000000,6.000000,0.000000,6.000000,6.000000,6.000000,6.000000,6.000000,6.000000,0.001105,0.000000,0.009957,0.073576,calls/second,milliseconds
1779970162,1,6.000000,6.000000,6.000000,0.000000,6.000000,6.000000,6.000000,6.000000,6.000000,6.000000,0.001104,0.000000,0.009957,0.073576,calls/second,milliseconds
1779970163,1,6.000000,6.000000,6.000000,0.000000,6.000000,6.000000,6.000000,6.000000,6.000000,6.000000,0.001102,0.000000,0.009957,0.073576,calls/second,milliseconds
1779970164,1,6.000000,6.000000,6.000000,0.000000,6.000000,6.000000,6.000000,6.000000,6.000000,6.000000,0.001101,0.000000,0.009957,0.073576,calls/second,milliseconds
1779970165,1,6.000000,6.000000,6.000000,0.000000,6.000000,6.000000,6.000000,6.000000,6.000000,6.000000,0.001100,0.000000,0.009957,0.073576,calls/second,milliseconds
1779970166,1,6.000000,6.000000,6.000000,0.000000,6.000000,6.000000,6.000000,6.000000,6.000000,6.000000,0.001099,0.000000,0.009793,0.073168,calls/second,milliseconds
1779970167,1,6.000000,6.000000,6.000000,0.000000,6.000000,6.000000,6.000000,6.000000,6.000000,6.000000,0.001098,0.000000,0.009793,0.073168,calls/second,milliseconds
1779970168,1,6.000000,6.000000,6.000000,0.000000,6.000000,6.000000,6.000000,6.000000,6.000000,6.000000,0.001096,0.000000,0.009793,0.073168,calls/second,milliseconds
1779970169,1,6.000000,6.000000,6.000000,0.000000,6.000000,6.000000,6.000000,6.000000,6.000000,6.000000,0.001095,0.000000,0.009793,0.073168,calls/second,milliseconds
1779970170,1,6.000000,6.000000,6.000000,0.000000,6.000000,6.000000,6.000000,6.000000,6.000000,6.000000,0.001094,0.000000,0.009793,0.073168,calls/second,milliseconds
