t,count,max,mean,min,stddev,p50,p75,p95,p98,p99,p999,mean_rate,m1_rate,m5_rate,m15_rate,rate_unit,duration_unit
1779272957,1,9.000000,9.000000,9.000000,0.000000,9.000000,9.000000,9.000000,9.000000,9.000000,9.000000,1.888625,0.000000,0.000000,0.000000,calls/second,milliseconds
1779272958,3,9.000000,8.330008,7.000000,0.943978,9.000000,9.000000,9.000000,9.000000,9.000000,9.000000,1.953960,0.000000,0.000000,0.000000,calls/second,milliseconds
1779272959,4,9.000000,8.246264,7.000000,0.828004,8.000000,9.000000,9.000000,9.000000,9.000000,9.000000,1.573081,0.000000,0.000000,0.000000,calls/second,milliseconds
1779272960,4,9.000000,8.246264,7.000000,0.828004,8.000000,9.000000,9.000000,9.000000,9.000000,9.000000,1.127546,0.000000,0.000000,0.000000,calls/second,milliseconds
1779272961,4,9.000000,8.246264,7.000000,0.828004,8.000000,9.000000,9.000000,9.000000,9.000000,9.000000,0.878679,0.000000,0.000000,0.000000,calls/second,milliseconds
1779272962,4,9.000000,8.246264,7.000000,0.828004,8.000000,9.000000,9.000000,9.000000,9.000000,9.000000,0.719846,0.800000,0.800000,0.800000,calls/second,milliseconds
1779272963,4,9.000000,8.246264,7.000000,0.828004,8.000000,9.000000,9.000000,9.000000,9.000000,9.000000,0.609727,0.800000,0.800000,0.800000,calls/second,milliseconds
1779272964,4,9.000000,8.246264,7.000000,0.828004,8.000000,9.000000,9.000000,9.000000,9.000000,9.000000,0.528753,0.800000,0.800000,0.800000,calls/second,milliseconds
1779272965,4,9.000000,8.246264,7.000000,0.828004,8.000000,9.000000,9.000000,9.000000,9.000000,9.000000,0.466830,0.800000,0.800000,0.800000,calls/second,milliseconds
1779272966,4,9.000000,8.246264,7.000000,0.828004,8.000000,9.000000,9.000000,9.000000,9.000000,9.000000,0.417894,0.800000,0.800000,0.800000,calls/second,milliseconds
1779272967,4,9.000000,8.246264,7.000000,0.828004,8.000000,9.000000,9.000000,9.000000,9.000000,9.000000,0.378249,0.736036,0.786777,0.795568,calls/second,milliseconds
1779272968,4,9.000000,8.246264,7.000000,0.828004,8.000000,9.000000,9.000000,9.000000,9.000000,9.000000,0.345475,0.736036,0.786777,0.795568,calls/second,milliseconds
1779272969,4,9.000000,8.246264,7.000000,0.828004,8.000000,9.000000,9.000000,9.000000,9.000000,9.000000,0.317945,0.736036,0.786777,0.795568,calls/second,milliseconds
1779272970,4,9.000000,8.246264,7.000000,0.828004,8.000000,9.000000,9.000000,9.000000,9.000000,9.000000,0.294484,0.736036,0.786777,0.795568,calls/second,milliseconds
1779272971,4,9.000000,8.246264,7.000000,0.828004,8.000000,9.000000,9.000000,9.000000,9.000000,9.000000,0.274247,0.736036,0.786777,0.795568,calls/second,milliseconds
1779272972,4,9.000000,8.246264,7.000000,0.828004,8.000000,9.000000,9.000000,9.000000,9.000000,9.000000,0.256598,0.677185,0.773773,0.791160,calls/second,milliseconds
1779272973,4,9.000000,8.246264,7.000000,0.828004,8.000000,9.000000,9.000000,9.000000,9.000000,9.000000,0.241089,0.677185,0.773773,0.791160,calls/second,milliseconds
1779272974,4,9.000000,8.246264,7.000000,0.828004,8.000000,9.000000,9.000000,9.000000,9.000000,9.000000,0.227354,0.677185,0.773773,0.791160,calls/second,milliseconds
1779272975,4,9.000000,8.246264,7.000000,0.828004,8.000000,9.000000,9.000000,9.000000,9.000000,9.000000,0.215097,0.677185,0.773773,0.791160,calls/second,milliseconds
1779272976,4,9.000000,8.246264,7.000000,0.828004,8.000000,9.000000,9.000000,9.000000,9.000000,9.000000,0.204085,0.677185,0.773773,0.791160,calls/second,milliseconds
1779272977,4,9.000000,8.246264,7.000000,0.828004,8.000000,9.000000,9.000000,9.000000,9.000000,9.000000,0.194145,0.623041,0.760984,0.786777,calls/second,milliseconds
1779272978,4,9.000000,8.246264,7.000000,0.828004,8.000000,9.000000,9.000000,9.000000,9.000000,9.000000,0.185138,0.623041,0.760984,0.786777,calls/second,milliseconds
1779272979,4,9.000000,8.246264,7.000000,0.828004,8.000000,9.000000,9.000000,9.000000,9.000000,9.000000,0.176927,0.623041,0.760984,0.786777,calls/second,milliseconds
1779272980,4,9.000000,8.246264,7.000000,0.828004,8.000000,9.000000,9.000000,9.000000,9.000000,9.000000,0.169414,0.623041,0.760984,0.786777,calls/second,milliseconds
1779272981,4,9.000000,8.246264,7.000000,0.828004,8.000000,9.000000,9.000000,9.000000,9.000000,9.000000,0.162515,0.623041,0.760984,0.786777,calls/second,milliseconds
1779272982,4,9.000000,8.246264,7.000000,0.828004,8.000000,9.000000,9.000000,9.000000,9.000000,9.000000,0.156156,0.573225,0.748406,0.782418,calls/second,milliseconds
1779272983,4,9.000000,8.246264,7.000000,0.828004,8.000000,9.000000,9.000000,9.000000,9.000000,9.000000,0.150276,0.573225,0.748406,0.782418,calls/second,milliseconds
1779272984,4,9.000000,8.246264,7.000000,0.828004,8.000000,9.000000,9.000000,9.000000,9.000000,9.000000,0.144822,0.573225,0.748406,0.782418,calls/second,milliseconds
1779272985,4,9.000000,8.246264,7.000000,0.828004,8.000000,9.000000,9.000000,9.000000,9.000000,9.000000,0.139751,0.573225,0.748406,0.782418,calls/second,milliseconds
1779272986,4,9.000000,8.246264,7.000000,0.828004,8.000000,9.000000,9.000000,9.000000,9.000000,9.000000,0.135023,0.573225,0.748406,0.782418,calls/second,milliseconds
1779272987,4,9.000000,8.246264,7.000000,0.828004,8.000000,9.000000,9.000000,9.000000,9.000000,9.000000,0.130603,0.527393,0.736036,0.778084,calls/second,milliseconds
1779272988,4,9.000000,8.246264,7.000000,0.828004,8.000000,9.000000,9.000000,9.000000,9.000000,9.000000,0.126464,0.527393,0.736036,0.778084,calls/second,milliseconds
1779272989,4,9.000000,8.246264,7.000000,0.828004,8.000000,9.000000,9.000000,9.000000,9.000000,9.000000,0.122580,0.527393,0.736036,0.778084,calls/second,milliseconds
1779272990,4,9.000000,8.246264,7.000000,0.828004,8.000000,9.000000,9.000000,9.000000,9.000000,9.000000,0.118927,0.527393,0.736036,0.778084,calls/second,milliseconds
1779272991,4,9.000000,8.246264,7.000000,0.828004,8.000000,9.000000,9.000000,9.000000,9.000000,9.000000,0.115487,0.527393,0.736036,0.778084,calls/second,milliseconds
1779272992,4,9.000000,8.246264,7.000000,0.828004,8.000000,9.000000,9.000000,9.000000,9.000000,9.000000,0.112240,0.485225,0.723870,0.773773,calls/second,milliseconds
1779272993,4,9.000000,8.246264,7.000000,0.828004,8.000000,9.000000,9.000000,9.000000,9.000000,9.000000,0.109170,0.485225,0.723870,0.773773,calls/second,milliseconds
1779272994,4,9.000000,8.246264,7.000000,0.828004,8.000000,9.000000,9.000000,9.000000,9.000000,9.000000,0.106261,0.485225,0.723870,0.773773,calls/second,milliseconds
1779272995,4,9.000000,8.246264,7.000000,0.828004,8.000000,9.000000,9.000000,9.000000,9.000000,9.000000,0.103503,0.485225,0.723870,0.773773,calls/second,milliseconds
1779272996,4,9.000000,8.246264,7.000000,0.828004,8.000000,9.000000,9.000000,9.000000,9.000000,9.000000,0.100886,0.485225,0.723870,0.773773,calls/second,milliseconds
1779272997,4,9.000000,8.246264,7.000000,0.828004,8.000000,9.000000,9.000000,9.000000,9.000000,9.000000,0.098399,0.446428,0.711905,0.769486,calls/second,milliseconds
1779272998,4,9.000000,8.246264,7.000000,0.828004,8.000000,9.000000,9.000000,9.000000,9.000000,9.000000,0.096031,0.446428,0.711905,0.769486,calls/second,milliseconds
1779272999,4,9.000000,8.246264,7.000000,0.828004,8.000000,9.000000,9.000000,9.000000,9.000000,9.000000,0.093775,0.446428,0.711905,0.769486,calls/second,milliseconds
1779273000,4,9.000000,8.246264,7.000000,0.828004,8.000000,9.000000,9.000000,9.000000,9.000000,9.000000,0.091623,0.446428,0.711905,0.769486,calls/second,milliseconds
1779273001,4,9.000000,8.246264,7.000000,0.828004,8.000000,9.000000,9.000000,9.000000,9.000000,9.000000,0.089567,0.446428,0.711905,0.769486,calls/second,milliseconds
1779273002,4,9.000000,8.246264,7.000000,0.828004,8.000000,9.000000,9.000000,9.000000,9.000000,9.000000,0.087601,0.410734,0.700139,0.765223,calls/second,milliseconds
1779273003,4,9.000000,8.246264,7.000000,0.828004,8.000000,9.000000,9.000000,9.000000,9.000000,9.000000,0.085719,0.410734,0.700139,0.765223,calls/second,milliseconds
1779273004,4,9.000000,8.246264,7.000000,0.828004,8.000000,9.000000,9.000000,9.000000,9.000000,9.000000,0.083917,0.410734,0.700139,0.765223,calls/second,milliseconds
1779273005,5,13.000000,9.859276,7.000000,2.349252,9.000000,13.000000,13.000000,13.000000,13.000000,13.000000,0.102707,0.410734,0.700139,0.765223,calls/second,milliseconds
1779273006,5,13.000000,9.859276,7.000000,2.349252,9.000000,13.000000,13.000000,13.000000,13.000000,13.000000,0.100635,0.410734,0.700139,0.765223,calls/second,milliseconds
1779273007,5,13.000000,9.859276,7.000000,2.349252,9.000000,13.000000,13.000000,13.000000,13.000000,13.000000,0.098646,0.393884,0.691872,0.762092,calls/second,milliseconds
1779273008,5,13.000000,9.859276,7.000000,2.349252,9.000000,13.000000,13.000000,13.000000,13.000000,13.000000,0.096734,0.393884,0.691872,0.762092,calls/second,milliseconds
1779273009,5,13.000000,9.859276,7.000000,2.349252,9.000000,13.000000,13.000000,13.000000,13.000000,13.000000,0.094894,0.393884,0.691872,0.762092,calls/second,milliseconds
1779273010,5,13.000000,9.859276,7.000000,2.349252,9.000000,13.000000,13.000000,13.000000,13.000000,13.000000,0.093123,0.393884,0.691872,0.762092,calls/second,milliseconds
1779273011,5,13.000000,9.859276,7.000000,2.349252,9.000000,13.000000,13.000000,13.000000,13.000000,13.000000,0.091417,0.393884,0.691872,0.762092,calls/second,milliseconds
1779273012,5,13.000000,9.859276,7.000000,2.349252,9.000000,13.000000,13.000000,13.000000,13.000000,13.000000,0.089772,0.362391,0.680436,0.757869,calls/second,milliseconds
1779273013,5,13.000000,9.859276,7.000000,2.349252,9.000000,13.000000,13.000000,13.000000,13.000000,13.000000,0.088186,0.362391,0.680436,0.757869,calls/second,milliseconds
1779273014,5,13.000000,9.859276,7.000000,2.349252,9.000000,13.000000,13.000000,13.000000,13.000000,13.000000,0.086655,0.362391,0.680436,0.757869,calls/second,milliseconds
1779273015,5,13.000000,9.859276,7.000000,2.349252,9.000000,13.000000,13.000000,13.000000,13.000000,13.000000,0.085176,0.362391,0.680436,0.757869,calls/second,milliseconds
1779273016,5,13.000000,9.859276,7.000000,2.349252,9.000000,13.000000,13.000000,13.000000,13.000000,13.000000,0.083747,0.362391,0.680436,0.757869,calls/second,milliseconds
1779273017,5,13.000000,9.859276,7.000000,2.349252,9.000000,13.000000,13.000000,13.000000,13.000000,13.000000,0.082364,0.333416,0.669190,0.753671,calls/second,milliseconds
1779273018,5,13.000000,9.859276,7.000000,2.349252,9.000000,13.000000,13.000000,13.000000,13.000000,13.000000,0.081027,0.333416,0.669190,0.753671,calls/second,milliseconds
1779273019,5,13.000000,9.859276,7.000000,2.349252,9.000000,13.000000,13.000000,13.000000,13.000000,13.000000,0.079732,0.333416,0.669190,0.753671,calls/second,milliseconds
1779273020,5,13.000000,9.859276,7.000000,2.349252,9.000000,13.000000,13.000000,13.000000,13.000000,13.000000,0.078478,0.333416,0.669190,0.753671,calls/second,milliseconds
1779273021,5,13.000000,9.859276,7.000000,2.349252,9.000000,13.000000,13.000000,13.000000,13.000000,13.000000,0.077263,0.333416,0.669190,0.753671,calls/second,milliseconds
1779273022,5,13.000000,9.859276,7.000000,2.349252,9.000000,13.000000,13.000000,13.000000,13.000000,13.000000,0.076085,0.306757,0.658129,0.749495,calls/second,milliseconds
1779273023,5,13.000000,9.859276,7.000000,2.349252,9.000000,13.000000,13.000000,13.000000,13.000000,13.000000,0.074943,0.306757,0.658129,0.749495,calls/second,milliseconds
1779273024,5,13.000000,9.859276,7.000000,2.349252,9.000000,13.000000,13.000000,13.000000,13.000000,13.000000,0.073834,0.306757,0.658129,0.749495,calls/second,milliseconds
1779273025,5,13.000000,9.859276,7.000000,2.349252,9.000000,13.000000,13.000000,13.000000,13.000000,13.000000,0.072757,0.306757,0.658129,0.749495,calls/second,milliseconds
1779273026,5,13.000000,9.859276,7.000000,2.349252,9.000000,13.000000,13.000000,13.000000,13.000000,13.000000,0.071712,0.306757,0.658129,0.749495,calls/second,milliseconds
1779273027,5,13.000000,9.859276,7.000000,2.349252,9.000000,13.000000,13.000000,13.000000,13.000000,13.000000,0.070696,0.282230,0.647251,0.745343,calls/second,milliseconds
1779273028,5,13.000000,9.859276,7.000000,2.349252,9.000000,13.000000,13.000000,13.000000,13.000000,13.000000,0.069709,0.282230,0.647251,0.745343,calls/second,milliseconds
1779273029,5,13.000000,9.859276,7.000000,2.349252,9.000000,13.000000,13.000000,13.000000,13.000000,13.000000,0.068748,0.282230,0.647251,0.745343,calls/second,milliseconds
1779273030,5,13.000000,9.859276,7.000000,2.349252,9.000000,13.000000,13.000000,13.000000,13.000000,13.000000,0.067814,0.282230,0.647251,0.745343,calls/second,milliseconds
1779273031,5,13.000000,9.859276,7.000000,2.349252,9.000000,13.000000,13.000000,13.000000,13.000000,13.000000,0.066906,0.282230,0.647251,0.745343,calls/second,milliseconds
1779273032,5,13.000000,9.859276,7.000000,2.349252,9.000000,13.000000,13.000000,13.000000,13.000000,13.000000,0.066020,0.259665,0.636553,0.741214,calls/second,milliseconds
1779273033,5,13.000000,9.859276,7.000000,2.349252,9.000000,13.000000,13.000000,13.000000,13.000000,13.000000,0.065159,0.259665,0.636553,0.741214,calls/second,milliseconds
1779273034,5,13.000000,9.859276,7.000000,2.349252,9.000000,13.000000,13.000000,13.000000,13.000000,13.000000,0.064319,0.259665,0.636553,0.741214,calls/second,milliseconds
1779273035,5,13.000000,9.859276,7.000000,2.349252,9.000000,13.000000,13.000000,13.000000,13.000000,13.000000,0.063501,0.259665,0.636553,0.741214,calls/second,milliseconds
1779273036,5,13.000000,9.859276,7.000000,2.349252,9.000000,13.000000,13.000000,13.000000,13.000000,13.000000,0.062703,0.259665,0.636553,0.741214,calls/second,milliseconds
1779273037,5,13.000000,9.859276,7.000000,2.349252,9.000000,13.000000,13.000000,13.000000,13.000000,13.000000,0.061925,0.238903,0.626032,0.737107,calls/second,milliseconds
1779273038,5,13.000000,9.859276,7.000000,2.349252,9.000000,13.000000,13.000000,13.000000,13.000000,13.000000,0.061166,0.238903,0.626032,0.737107,calls/second,milliseconds
1779273039,5,13.000000,9.859276,7.000000,2.349252,9.000000,13.000000,13.000000,13.000000,13.000000,13.000000,0.060426,0.238903,0.626032,0.737107,calls/second,milliseconds
1779273040,5,13.000000,9.859276,7.000000,2.349252,9.000000,13.000000,13.000000,13.000000,13.000000,13.000000,0.059703,0.238903,0.626032,0.737107,calls/second,milliseconds
1779273041,5,13.000000,9.859276,7.000000,2.349252,9.000000,13.000000,13.000000,13.000000,13.000000,13.000000,0.058997,0.238903,0.626032,0.737107,calls/second,milliseconds
1779273042,5,13.000000,9.859276,7.000000,2.349252,9.000000,13.000000,13.000000,13.000000,13.000000,13.000000,0.058307,0.219801,0.615684,0.733024,calls/second,milliseconds
1779273043,5,13.000000,9.859276,7.000000,2.349252,9.000000,13.000000,13.000000,13.000000,13.000000,13.000000,0.057634,0.219801,0.615684,0.733024,calls/second,milliseconds
1779273044,5,13.000000,9.859276,7.000000,2.349252,9.000000,13.000000,13.000000,13.000000,13.000000,13.000000,0.056976,0.219801,0.615684,0.733024,calls/second,milliseconds
1779273045,5,13.000000,9.859276,7.000000,2.349252,9.000000,13.000000,13.000000,13.000000,13.000000,13.000000,0.056332,0.219801,0.615684,0.733024,calls/second,milliseconds
1779273046,5,13.000000,9.859276,7.000000,2.349252,9.000000,13.000000,13.000000,13.000000,13.000000,13.000000,0.055703,0.219801,0.615684,0.733024,calls/second,milliseconds
1779273047,5,13.000000,9.859276,7.000000,2.349252,9.000000,13.000000,13.000000,13.000000,13.000000,13.000000,0.055088,0.202227,0.605508,0.728962,calls/second,milliseconds
1779273048,5,13.000000,9.859276,7.000000,2.349252,9.000000,13.000000,13.000000,13.000000,13.000000,13.000000,0.054487,0.202227,0.605508,0.728962,calls/second,milliseconds
1779273049,5,13.000000,9.859276,7.000000,2.349252,9.000000,13.000000,13.000000,13.000000,13.000000,13.000000,0.053898,0.202227,0.605508,0.728962,calls/second,milliseconds
1779273050,5,13.000000,9.859276,7.000000,2.349252,9.000000,13.000000,13.000000,13.000000,13.000000,13.000000,0.053322,0.202227,0.605508,0.728962,calls/second,milliseconds
1779273051,5,13.000000,9.859276,7.000000,2.349252,9.000000,13.000000,13.000000,13.000000,13.000000,13.000000,0.052759,0.202227,0.605508,0.728962,calls/second,milliseconds
1779273052,5,13.000000,9.859276,7.000000,2.349252,9.000000,13.000000,13.000000,13.000000,13.000000,13.000000,0.052207,0.186058,0.595500,0.724924,calls/second,milliseconds
1779273053,5,13.000000,9.859276,7.000000,2.349252,9.000000,13.000000,13.000000,13.000000,13.000000,13.000000,0.051667,0.186058,0.595500,0.724924,calls/second,milliseconds
1779273054,5,13.000000,9.859276,7.000000,2.349252,9.000000,13.000000,13.000000,13.000000,13.000000,13.000000,0.051137,0.186058,0.595500,0.724924,calls/second,milliseconds
1779273055,5,13.000000,9.859276,7.000000,2.349252,9.000000,13.000000,13.000000,13.000000,13.000000,13.000000,0.050618,0.186058,0.595500,0.724924,calls/second,milliseconds
1779273056,5,13.000000,9.859276,7.000000,2.349252,9.000000,13.000000,13.000000,13.000000,13.000000,13.000000,0.050110,0.186058,0.595500,0.724924,calls/second,milliseconds
1779273057,5,13.000000,9.859276,7.000000,2.349252,9.000000,13.000000,13.000000,13.000000,13.000000,13.000000,0.049612,0.171181,0.585657,0.720908,calls/second,milliseconds
1779273058,5,13.000000,9.859276,7.000000,2.349252,9.000000,13.000000,13.000000,13.000000,13.000000,13.000000,0.049124,0.171181,0.585657,0.720908,calls/second,milliseconds
1779273059,5,13.000000,9.859276,7.000000,2.349252,9.000000,13.000000,13.000000,13.000000,13.000000,13.000000,0.048645,0.171181,0.585657,0.720908,calls/second,milliseconds
1779273060,5,13.000000,9.859276,7.000000,2.349252,9.000000,13.000000,13.000000,13.000000,13.000000,13.000000,0.048175,0.171181,0.585657,0.720908,calls/second,milliseconds
1779273061,5,13.000000,9.859276,7.000000,2.349252,9.000000,13.000000,13.000000,13.000000,13.000000,13.000000,0.047715,0.171181,0.585657,0.720908,calls/second,milliseconds
1779273062,5,13.000000,9.859276,7.000000,2.349252,9.000000,13.000000,13.000000,13.000000,13.000000,13.000000,0.047263,0.157495,0.575977,0.716914,calls/second,milliseconds
1779273063,5,13.000000,9.859276,7.000000,2.349252,9.000000,13.000000,13.000000,13.000000,13.000000,13.000000,0.046820,0.157495,0.575977,0.716914,calls/second,milliseconds
1779273064,5,13.000000,9.859276,7.000000,2.349252,9.000000,13.000000,13.000000,13.000000,13.000000,13.000000,0.046385,0.157495,0.575977,0.716914,calls/second,milliseconds
1779273065,5,13.000000,9.859276,7.000000,2.349252,9.000000,13.000000,13.000000,13.000000,13.000000,13.000000,0.045958,0.157495,0.575977,0.716914,calls/second,milliseconds
1779273066,5,13.000000,9.859276,7.000000,2.349252,9.000000,13.000000,13.000000,13.000000,13.000000,13.000000,0.045538,0.157495,0.575977,0.716914,calls/second,milliseconds
1779273067,5,13.000000,9.859276,7.000000,2.349252,9.000000,13.000000,13.000000,13.000000,13.000000,13.000000,0.045126,0.144902,0.566457,0.712942,calls/second,milliseconds
1779273068,5,13.000000,9.859276,7.000000,2.349252,9.000000,13.000000,13.000000,13.000000,13.000000,13.000000,0.044722,0.144902,0.566457,0.712942,calls/second,milliseconds
1779273069,5,13.000000,9.859276,7.000000,2.349252,9.000000,13.000000,13.000000,13.000000,13.000000,13.000000,0.044325,0.144902,0.566457,0.712942,calls/second,milliseconds
1779273070,5,13.000000,9.859276,7.000000,2.349252,9.000000,13.000000,13.000000,13.000000,13.000000,13.000000,0.043935,0.144902,0.566457,0.712942,calls/second,milliseconds
1779273071,5,13.000000,9.859276,7.000000,2.349252,9.000000,13.000000,13.000000,13.000000,13.000000,13.000000,0.043551,0.144902,0.566457,0.712942,calls/second,milliseconds
1779273072,5,13.000000,9.859276,7.000000,2.349252,9.000000,13.000000,13.000000,13.000000,13.000000,13.000000,0.043174,0.133316,0.557094,0.708992,calls/second,milliseconds
1779273073,5,13.000000,9.859276,7.000000,2.349252,9.000000,13.000000,13.000000,13.000000,13.000000,13.000000,0.042804,0.133316,0.557094,0.708992,calls/second,milliseconds
1779273074,5,13.000000,9.859276,7.000000,2.349252,9.000000,13.000000,13.000000,13.000000,13.000000,13.000000,0.042440,0.133316,0.557094,0.708992,calls/second,milliseconds
1779273075,5,13.000000,9.859276,7.000000,2.349252,9.000000,13.000000,13.000000,13.000000,13.000000,13.000000,0.042082,0.133316,0.557094,0.708992,calls/second,milliseconds
1779273076,5,13.000000,9.859276,7.000000,2.349252,9.000000,13.000000,13.000000,13.000000,13.000000,13.000000,0.041730,0.133316,0.557094,0.708992,calls/second,milliseconds
1779273077,5,13.000000,9.859276,7.000000,2.349252,9.000000,13.000000,13.000000,13.000000,13.000000,13.000000,0.041384,0.122657,0.547886,0.705064,calls/second,milliseconds
1779273078,5,13.000000,9.859276,7.000000,2.349252,9.000000,13.000000,13.000000,13.000000,13.000000,13.000000,0.041044,0.122657,0.547886,0.705064,calls/second,milliseconds
1779273079,5,13.000000,9.859276,7.000000,2.349252,9.000000,13.000000,13.000000,13.000000,13.000000,13.000000,0.040709,0.122657,0.547886,0.705064,calls/second,milliseconds
1779273080,5,13.000000,9.859276,7.000000,2.349252,9.000000,13.000000,13.000000,13.000000,13.000000,13.000000,0.040380,0.122657,0.547886,0.705064,calls/second,milliseconds
1779273081,5,13.000000,9.859276,7.000000,2.349252,9.000000,13.000000,13.000000,13.000000,13.000000,13.000000,0.040056,0.122657,0.547886,0.705064,calls/second,milliseconds
1779273082,5,13.000000,9.859276,7.000000,2.349252,9.000000,13.000000,13.000000,13.000000,13.000000,13.000000,0.039737,0.112850,0.538831,0.701158,calls/second,milliseconds
1779273083,5,13.000000,9.859276,7.000000,2.349252,9.000000,13.000000,13.000000,13.000000,13.000000,13.000000,0.039423,0.112850,0.538831,0.701158,calls/second,milliseconds
1779273084,5,13.000000,9.859276,7.000000,2.349252,9.000000,13.000000,13.000000,13.000000,13.000000,13.000000,0.039114,0.112850,0.538831,0.701158,calls/second,milliseconds
1779273085,5,13.000000,9.859276,7.000000,2.349252,9.000000,13.000000,13.000000,13.000000,13.000000,13.000000,0.038809,0.112850,0.538831,0.701158,calls/second,milliseconds
1779273086,5,13.000000,9.859276,7.000000,2.349252,9.000000,13.000000,13.000000,13.000000,13.000000,13.000000,0.038510,0.112850,0.538831,0.701158,calls/second,milliseconds
1779273087,5,13.000000,9.859276,7.000000,2.349252,9.000000,13.000000,13.000000,13.000000,13.000000,13.000000,0.038215,0.103827,0.529924,0.697274,calls/second,milliseconds
1779273088,5,13.000000,9.859276,7.000000,2.349252,9.000000,13.000000,13.000000,13.000000,13.000000,13.000000,0.037925,0.103827,0.529924,0.697274,calls/second,milliseconds
1779273089,5,13.000000,9.859276,7.000000,2.349252,9.000000,13.000000,13.000000,13.000000,13.000000,13.000000,0.037639,0.103827,0.529924,0.697274,calls/second,milliseconds
1779273090,5,13.000000,9.859276,7.000000,2.349252,9.000000,13.000000,13.000000,13.000000,13.000000,13.000000,0.037357,0.103827,0.529924,0.697274,calls/second,milliseconds
1779273091,5,13.000000,9.859276,7.000000,2.349252,9.000000,13.000000,13.000000,13.000000,13.000000,13.000000,0.037080,0.103827,0.529924,0.697274,calls/second,milliseconds
1779273092,5,13.000000,9.859276,7.000000,2.349252,9.000000,13.000000,13.000000,13.000000,13.000000,13.000000,0.036806,0.095525,0.521166,0.693411,calls/second,milliseconds
1779273093,5,13.000000,9.859276,7.000000,2.349252,9.000000,13.000000,13.000000,13.000000,13.000000,13.000000,0.036537,0.095525,0.521166,0.693411,calls/second,milliseconds
1779273094,5,13.000000,9.859276,7.000000,2.349252,9.000000,13.000000,13.000000,13.000000,13.000000,13.000000,0.036271,0.095525,0.521166,0.693411,calls/second,milliseconds
1779273095,5,13.000000,9.859276,7.000000,2.349252,9.000000,13.000000,13.000000,13.000000,13.000000,13.000000,0.036010,0.095525,0.521166,0.693411,calls/second,milliseconds
1779273096,5,13.000000,9.859276,7.000000,2.349252,9.000000,13.000000,13.000000,13.000000,13.000000,13.000000,0.035752,0.095525,0.521166,0.693411,calls/second,milliseconds
1779273097,5,13.000000,9.859276,7.000000,2.349252,9.000000,13.000000,13.000000,13.000000,13.000000,13.000000,0.035497,0.087887,0.512551,0.689569,calls/second,milliseconds
1779273098,5,13.000000,9.859276,7.000000,2.349252,9.000000,13.000000,13.000000,13.000000,13.000000,13.000000,0.035247,0.087887,0.512551,0.689569,calls/second,milliseconds
1779273099,5,13.000000,9.859276,7.000000,2.349252,9.000000,13.000000,13.000000,13.000000,13.000000,13.000000,0.034999,0.087887,0.512551,0.689569,calls/second,milliseconds
1779273100,5,13.000000,9.859276,7.000000,2.349252,9.000000,13.000000,13.000000,13.000000,13.000000,13.000000,0.034756,0.087887,0.512551,0.689569,calls/second,milliseconds
1779273101,5,13.000000,9.859276,7.000000,2.349252,9.000000,13.000000,13.000000,13.000000,13.000000,13.000000,0.034515,0.087887,0.512551,0.689569,calls/second,milliseconds
1779273102,5,13.000000,9.859276,7.000000,2.349252,9.000000,13.000000,13.000000,13.000000,13.000000,13.000000,0.034278,0.080860,0.504080,0.685749,calls/second,milliseconds
1779273103,5,13.000000,9.859276,7.000000,2.349252,9.000000,13.000000,13.000000,13.000000,13.000000,13.000000,0.034045,0.080860,0.504080,0.685749,calls/second,milliseconds
1779273104,5,13.000000,9.859276,7.000000,2.349252,9.000000,13.000000,13.000000,13.000000,13.000000,13.000000,0.033814,0.080860,0.504080,0.685749,calls/second,milliseconds
1779273105,5,13.000000,9.859276,7.000000,2.349252,9.000000,13.000000,13.000000,13.000000,13.000000,13.000000,0.033586,0.080860,0.504080,0.685749,calls/second,milliseconds
1779273106,5,13.000000,9.859276,7.000000,2.349252,9.000000,13.000000,13.000000,13.000000,13.000000,13.000000,0.033362,0.080860,0.504080,0.685749,calls/second,milliseconds
1779273107,5,13.000000,9.859276,7.000000,2.349252,9.000000,13.000000,13.000000,13.000000,13.000000,13.000000,0.033139,0.074395,0.495748,0.681949,calls/second,milliseconds
1779273108,6,13.000000,8.724295,7.000000,1.723956,8.000000,9.000000,13.000000,13.000000,13.000000,13.000000,0.039504,0.074395,0.495748,0.681949,calls/second,milliseconds
1779273109,6,13.000000,8.724295,7.000000,1.723956,8.000000,9.000000,13.000000,13.000000,13.000000,13.000000,0.039245,0.074395,0.495748,0.681949,calls/second,milliseconds
1779273110,6,13.000000,8.724295,7.000000,1.723956,8.000000,9.000000,13.000000,13.000000,13.000000,13.000000,0.038990,0.074395,0.495748,0.681949,calls/second,milliseconds
1779273111,6,13.000000,8.724295,7.000000,1.723956,8.000000,9.000000,13.000000,13.000000,13.000000,13.000000,0.038738,0.074395,0.495748,0.681949,calls/second,milliseconds
1779273112,6,13.000000,8.724295,7.000000,1.723956,8.000000,9.000000,13.000000,13.000000,13.000000,13.000000,0.038489,0.084438,0.490860,0.679279,calls/second,milliseconds
1779273113,6,13.000000,8.724295,7.000000,1.723956,8.000000,9.000000,13.000000,13.000000,13.000000,13.000000,0.038243,0.084438,0.490860,0.679279,calls/second,milliseconds
1779273114,6,13.000000,8.724295,7.000000,1.723956,8.000000,9.000000,13.000000,13.000000,13.000000,13.000000,0.038000,0.084438,0.490860,0.679279,calls/second,milliseconds
1779273115,6,13.000000,8.724295,7.000000,1.723956,8.000000,9.000000,13.000000,13.000000,13.000000,13.000000,0.037761,0.084438,0.490860,0.679279,calls/second,milliseconds
1779273116,6,13.000000,8.724295,7.000000,1.723956,8.000000,9.000000,13.000000,13.000000,13.000000,13.000000,0.037524,0.084438,0.490860,0.679279,calls/second,milliseconds
1779273117,6,13.000000,8.724295,7.000000,1.723956,8.000000,9.000000,13.000000,13.000000,13.000000,13.000000,0.037291,0.077687,0.482747,0.675516,calls/second,milliseconds
1779273118,6,13.000000,8.724295,7.000000,1.723956,8.000000,9.000000,13.000000,13.000000,13.000000,13.000000,0.037060,0.077687,0.482747,0.675516,calls/second,milliseconds
1779273119,6,13.000000,8.724295,7.000000,1.723956,8.000000,9.000000,13.000000,13.000000,13.000000,13.000000,0.036832,0.077687,0.482747,0.675516,calls/second,milliseconds
1779273120,6,13.000000,8.724295,7.000000,1.723956,8.000000,9.000000,13.000000,13.000000,13.000000,13.000000,0.036607,0.077687,0.482747,0.675516,calls/second,milliseconds
1779273121,6,13.000000,8.724295,7.000000,1.723956,8.000000,9.000000,13.000000,13.000000,13.000000,13.000000,0.036385,0.077687,0.482747,0.675516,calls/second,milliseconds
1779273122,6,13.000000,8.724295,7.000000,1.723956,8.000000,9.000000,13.000000,13.000000,13.000000,13.000000,0.036165,0.071475,0.474767,0.671774,calls/second,milliseconds
1779273123,6,13.000000,8.724295,7.000000,1.723956,8.000000,9.000000,13.000000,13.000000,13.000000,13.000000,0.035948,0.071475,0.474767,0.671774,calls/second,milliseconds
1779273124,6,13.000000,8.724295,7.000000,1.723956,8.000000,9.000000,13.000000,13.000000,13.000000,13.000000,0.035733,0.071475,0.474767,0.671774,calls/second,milliseconds
1779273125,6,13.000000,8.724295,7.000000,1.723956,8.000000,9.000000,13.000000,13.000000,13.000000,13.000000,0.035521,0.071475,0.474767,0.671774,calls/second,milliseconds
1779273126,6,13.000000,8.724295,7.000000,1.723956,8.000000,9.000000,13.000000,13.000000,13.000000,13.000000,0.035312,0.071475,0.474767,0.671774,calls/second,milliseconds
1779273127,6,13.000000,8.724295,7.000000,1.723956,8.000000,9.000000,13.000000,13.000000,13.000000,13.000000,0.035105,0.065760,0.466920,0.668052,calls/second,milliseconds
1779273128,6,13.000000,8.724295,7.000000,1.723956,8.000000,9.000000,13.000000,13.000000,13.000000,13.000000,0.034901,0.065760,0.466920,0.668052,calls/second,milliseconds
1779273129,6,13.000000,8.724295,7.000000,1.723956,8.000000,9.000000,13.000000,13.000000,13.000000,13.000000,0.034698,0.065760,0.466920,0.668052,calls/second,milliseconds
1779273130,6,13.000000,8.724295,7.000000,1.723956,8.000000,9.000000,13.000000,13.000000,13.000000,13.000000,0.034499,0.065760,0.466920,0.668052,calls/second,milliseconds
1779273131,6,13.000000,8.724295,7.000000,1.723956,8.000000,9.000000,13.000000,13.000000,13.000000,13.000000,0.034301,0.065760,0.466920,0.668052,calls/second,milliseconds
1779273132,6,13.000000,8.724295,7.000000,1.723956,8.000000,9.000000,13.000000,13.000000,13.000000,13.000000,0.034106,0.060502,0.459203,0.664351,calls/second,milliseconds
1779273133,6,13.000000,8.724295,7.000000,1.723956,8.000000,9.000000,13.000000,13.000000,13.000000,13.000000,0.033913,0.060502,0.459203,0.664351,calls/second,milliseconds
1779273134,6,13.000000,8.724295,7.000000,1.723956,8.000000,9.000000,13.000000,13.000000,13.000000,13.000000,0.033722,0.060502,0.459203,0.664351,calls/second,milliseconds
1779273135,6,13.000000,8.724295,7.000000,1.723956,8.000000,9.000000,13.000000,13.000000,13.000000,13.000000,0.033533,0.060502,0.459203,0.664351,calls/second,milliseconds
1779273136,6,13.000000,8.724295,7.000000,1.723956,8.000000,9.000000,13.000000,13.000000,13.000000,13.000000,0.033346,0.060502,0.459203,0.664351,calls/second,milliseconds
1779273137,6,13.000000,8.724295,7.000000,1.723956,8.000000,9.000000,13.000000,13.000000,13.000000,13.000000,0.033162,0.055665,0.451613,0.660670,calls/second,milliseconds
1779273138,6,13.000000,8.724295,7.000000,1.723956,8.000000,9.000000,13.000000,13.000000,13.000000,13.000000,0.032979,0.055665,0.451613,0.660670,calls/second,milliseconds
1779273139,6,13.000000,8.724295,7.000000,1.723956,8.000000,9.000000,13.000000,13.000000,13.000000,13.000000,0.032798,0.055665,0.451613,0.660670,calls/second,milliseconds
1779273140,6,13.000000,8.724295,7.000000,1.723956,8.000000,9.000000,13.000000,13.000000,13.000000,13.000000,0.032620,0.055665,0.451613,0.660670,calls/second,milliseconds
1779273141,6,13.000000,8.724295,7.000000,1.723956,8.000000,9.000000,13.000000,13.000000,13.000000,13.000000,0.032443,0.055665,0.451613,0.660670,calls/second,milliseconds
1779273142,6,13.000000,8.724295,7.000000,1.723956,8.000000,9.000000,13.000000,13.000000,13.000000,13.000000,0.032268,0.051214,0.444148,0.657010,calls/second,milliseconds
1779273143,6,13.000000,8.724295,7.000000,1.723956,8.000000,9.000000,13.000000,13.000000,13.000000,13.000000,0.032095,0.051214,0.444148,0.657010,calls/second,milliseconds
1779273144,6,13.000000,8.724295,7.000000,1.723956,8.000000,9.000000,13.000000,13.000000,13.000000,13.000000,0.031924,0.051214,0.444148,0.657010,calls/second,milliseconds
1779273145,6,13.000000,8.724295,7.000000,1.723956,8.000000,9.000000,13.000000,13.000000,13.000000,13.000000,0.031755,0.051214,0.444148,0.657010,calls/second,milliseconds
1779273146,6,13.000000,8.724295,7.000000,1.723956,8.000000,9.000000,13.000000,13.000000,13.000000,13.000000,0.031588,0.051214,0.444148,0.657010,calls/second,milliseconds
1779273147,6,13.000000,8.724295,7.000000,1.723956,8.000000,9.000000,13.000000,13.000000,13.000000,13.000000,0.031422,0.047119,0.436807,0.653370,calls/second,milliseconds
1779273148,6,13.000000,8.724295,7.000000,1.723956,8.000000,9.000000,13.000000,13.000000,13.000000,13.000000,0.031258,0.047119,0.436807,0.653370,calls/second,milliseconds
1779273149,6,13.000000,8.724295,7.000000,1.723956,8.000000,9.000000,13.000000,13.000000,13.000000,13.000000,0.031096,0.047119,0.436807,0.653370,calls/second,milliseconds
1779273150,6,13.000000,8.724295,7.000000,1.723956,8.000000,9.000000,13.000000,13.000000,13.000000,13.000000,0.030935,0.047119,0.436807,0.653370,calls/second,milliseconds
1779273151,6,13.000000,8.724295,7.000000,1.723956,8.000000,9.000000,13.000000,13.000000,13.000000,13.000000,0.030776,0.047119,0.436807,0.653370,calls/second,milliseconds
1779273152,6,13.000000,8.724295,7.000000,1.723956,8.000000,9.000000,13.000000,13.000000,13.000000,13.000000,0.030619,0.043352,0.429587,0.649750,calls/second,milliseconds
1779273153,6,13.000000,8.724295,7.000000,1.723956,8.000000,9.000000,13.000000,13.000000,13.000000,13.000000,0.030463,0.043352,0.429587,0.649750,calls/second,milliseconds
1779273154,6,13.000000,8.724295,7.000000,1.723956,8.000000,9.000000,13.000000,13.000000,13.000000,13.000000,0.030309,0.043352,0.429587,0.649750,calls/second,milliseconds
1779273155,6,13.000000,8.724295,7.000000,1.723956,8.000000,9.000000,13.000000,13.000000,13.000000,13.000000,0.030157,0.043352,0.429587,0.649750,calls/second,milliseconds
1779273156,6,13.000000,8.724295,7.000000,1.723956,8.000000,9.000000,13.000000,13.000000,13.000000,13.000000,0.030006,0.043352,0.429587,0.649750,calls/second,milliseconds
1779273157,6,13.000000,8.724295,7.000000,1.723956,8.000000,9.000000,13.000000,13.000000,13.000000,13.000000,0.029856,0.039886,0.422487,0.646151,calls/second,milliseconds
1779273158,6,13.000000,8.724295,7.000000,1.723956,8.000000,9.000000,13.000000,13.000000,13.000000,13.000000,0.029708,0.039886,0.422487,0.646151,calls/second,milliseconds
1779273159,6,13.000000,8.724295,7.000000,1.723956,8.000000,9.000000,13.000000,13.000000,13.000000,13.000000,0.029561,0.039886,0.422487,0.646151,calls/second,milliseconds
1779273160,6,13.000000,8.724295,7.000000,1.723956,8.000000,9.000000,13.000000,13.000000,13.000000,13.000000,0.029416,0.039886,0.422487,0.646151,calls/second,milliseconds
1779273161,6,13.000000,8.724295,7.000000,1.723956,8.000000,9.000000,13.000000,13.000000,13.000000,13.000000,0.029272,0.039886,0.422487,0.646151,calls/second,milliseconds
1779273162,6,13.000000,8.724295,7.000000,1.723956,8.000000,9.000000,13.000000,13.000000,13.000000,13.000000,0.029130,0.036697,0.415504,0.642571,calls/second,milliseconds
1779273163,6,13.000000,8.724295,7.000000,1.723956,8.000000,9.000000,13.000000,13.000000,13.000000,13.000000,0.028989,0.036697,0.415504,0.642571,calls/second,milliseconds
1779273164,6,13.000000,8.724295,7.000000,1.723956,8.000000,9.000000,13.000000,13.000000,13.000000,13.000000,0.028849,0.036697,0.415504,0.642571,calls/second,milliseconds
1779273165,6,13.000000,8.724295,7.000000,1.723956,8.000000,9.000000,13.000000,13.000000,13.000000,13.000000,0.028711,0.036697,0.415504,0.642571,calls/second,milliseconds
1779273166,6,13.000000,8.724295,7.000000,1.723956,8.000000,9.000000,13.000000,13.000000,13.000000,13.000000,0.028574,0.036697,0.415504,0.642571,calls/second,milliseconds
1779273167,6,13.000000,8.724295,7.000000,1.723956,8.000000,9.000000,13.000000,13.000000,13.000000,13.000000,0.028439,0.033762,0.408636,0.639011,calls/second,milliseconds
1779273168,6,13.000000,8.724295,7.000000,1.723956,8.000000,9.000000,13.000000,13.000000,13.000000,13.000000,0.028304,0.033762,0.408636,0.639011,calls/second,milliseconds
1779273169,6,13.000000,8.724295,7.000000,1.723956,8.000000,9.000000,13.000000,13.000000,13.000000,13.000000,0.028171,0.033762,0.408636,0.639011,calls/second,milliseconds
1779273170,6,13.000000,8.724295,7.000000,1.723956,8.000000,9.000000,13.000000,13.000000,13.000000,13.000000,0.028039,0.033762,0.408636,0.639011,calls/second,milliseconds
1779273171,6,13.000000,8.724295,7.000000,1.723956,8.000000,9.000000,13.000000,13.000000,13.000000,13.000000,0.027909,0.033762,0.408636,0.639011,calls/second,milliseconds
1779273172,6,13.000000,8.724295,7.000000,1.723956,8.000000,9.000000,13.000000,13.000000,13.000000,13.000000,0.027779,0.031063,0.401882,0.635471,calls/second,milliseconds
1779273173,6,13.000000,8.724295,7.000000,1.723956,8.000000,9.000000,13.000000,13.000000,13.000000,13.000000,0.027651,0.031063,0.401882,0.635471,calls/second,milliseconds
1779273174,6,13.000000,8.724295,7.000000,1.723956,8.000000,9.000000,13.000000,13.000000,13.000000,13.000000,0.027524,0.031063,0.401882,0.635471,calls/second,milliseconds
1779273175,6,13.000000,8.724295,7.000000,1.723956,8.000000,9.000000,13.000000,13.000000,13.000000,13.000000,0.027398,0.031063,0.401882,0.635471,calls/second,milliseconds
1779273176,6,13.000000,8.724295,7.000000,1.723956,8.000000,9.000000,13.000000,13.000000,13.000000,13.000000,0.027273,0.031063,0.401882,0.635471,calls/second,milliseconds
1779273177,6,13.000000,8.724295,7.000000,1.723956,8.000000,9.000000,13.000000,13.000000,13.000000,13.000000,0.027150,0.028579,0.395239,0.631950,calls/second,milliseconds
1779273178,6,13.000000,8.724295,7.000000,1.723956,8.000000,9.000000,13.000000,13.000000,13.000000,13.000000,0.027027,0.028579,0.395239,0.631950,calls/second,milliseconds
1779273179,6,13.000000,8.724295,7.000000,1.723956,8.000000,9.000000,13.000000,13.000000,13.000000,13.000000,0.026906,0.028579,0.395239,0.631950,calls/second,milliseconds
1779273180,6,13.000000,8.724295,7.000000,1.723956,8.000000,9.000000,13.000000,13.000000,13.000000,13.000000,0.026786,0.028579,0.395239,0.631950,calls/second,milliseconds
1779273181,6,13.000000,8.724295,7.000000,1.723956,8.000000,9.000000,13.000000,13.000000,13.000000,13.000000,0.026666,0.026294,0.388707,0.628449,calls/second,milliseconds
1779273182,6,13.000000,8.724295,7.000000,1.723956,8.000000,9.000000,13.000000,13.000000,13.000000,13.000000,0.026548,0.026294,0.388707,0.628449,calls/second,milliseconds
1779273183,6,13.000000,8.724295,7.000000,1.723956,8.000000,9.000000,13.000000,13.000000,13.000000,13.000000,0.026431,0.026294,0.388707,0.628449,calls/second,milliseconds
1779273184,6,13.000000,8.724295,7.000000,1.723956,8.000000,9.000000,13.000000,13.000000,13.000000,13.000000,0.026315,0.026294,0.388707,0.628449,calls/second,milliseconds
1779273185,6,13.000000,8.724295,7.000000,1.723956,8.000000,9.000000,13.000000,13.000000,13.000000,13.000000,0.026200,0.026294,0.388707,0.628449,calls/second,milliseconds
1779273186,6,13.000000,8.724295,7.000000,1.723956,8.000000,9.000000,13.000000,13.000000,13.000000,13.000000,0.026086,0.024192,0.382282,0.624967,calls/second,milliseconds
1779273187,6,13.000000,8.724295,7.000000,1.723956,8.000000,9.000000,13.000000,13.000000,13.000000,13.000000,0.025973,0.024192,0.382282,0.624967,calls/second,milliseconds
1779273188,6,13.000000,8.724295,7.000000,1.723956,8.000000,9.000000,13.000000,13.000000,13.000000,13.000000,0.025861,0.024192,0.382282,0.624967,calls/second,milliseconds
1779273189,6,13.000000,8.724295,7.000000,1.723956,8.000000,9.000000,13.000000,13.000000,13.000000,13.000000,0.025750,0.024192,0.382282,0.624967,calls/second,milliseconds
1779273190,6,13.000000,8.724295,7.000000,1.723956,8.000000,9.000000,13.000000,13.000000,13.000000,13.000000,0.025639,0.024192,0.382282,0.624967,calls/second,milliseconds
1779273191,6,13.000000,8.724295,7.000000,1.723956,8.000000,9.000000,13.000000,13.000000,13.000000,13.000000,0.025530,0.022258,0.375963,0.621505,calls/second,milliseconds
1779273192,6,13.000000,8.724295,7.000000,1.723956,8.000000,9.000000,13.000000,13.000000,13.000000,13.000000,0.025422,0.022258,0.375963,0.621505,calls/second,milliseconds
1779273193,6,13.000000,8.724295,7.000000,1.723956,8.000000,9.000000,13.000000,13.000000,13.000000,13.000000,0.025314,0.022258,0.375963,0.621505,calls/second,milliseconds
1779273194,6,13.000000,8.724295,7.000000,1.723956,8.000000,9.000000,13.000000,13.000000,13.000000,13.000000,0.025208,0.022258,0.375963,0.621505,calls/second,milliseconds
1779273195,6,13.000000,8.724295,7.000000,1.723956,8.000000,9.000000,13.000000,13.000000,13.000000,13.000000,0.025102,0.022258,0.375963,0.621505,calls/second,milliseconds
1779273196,6,13.000000,8.724295,7.000000,1.723956,8.000000,9.000000,13.000000,13.000000,13.000000,13.000000,0.024998,0.020478,0.369749,0.618062,calls/second,milliseconds
1779273197,6,13.000000,8.724295,7.000000,1.723956,8.000000,9.000000,13.000000,13.000000,13.000000,13.000000,0.024894,0.020478,0.369749,0.618062,calls/second,milliseconds
1779273198,6,13.000000,8.724295,7.000000,1.723956,8.000000,9.000000,13.000000,13.000000,13.000000,13.000000,0.024791,0.020478,0.369749,0.618062,calls/second,milliseconds
1779273199,6,13.000000,8.724295,7.000000,1.723956,8.000000,9.000000,13.000000,13.000000,13.000000,13.000000,0.024688,0.020478,0.369749,0.618062,calls/second,milliseconds
1779273200,6,13.000000,8.724295,7.000000,1.723956,8.000000,9.000000,13.000000,13.000000,13.000000,13.000000,0.024587,0.020478,0.369749,0.618062,calls/second,milliseconds
1779273201,6,13.000000,8.724295,7.000000,1.723956,8.000000,9.000000,13.000000,13.000000,13.000000,13.000000,0.024487,0.018841,0.363638,0.614637,calls/second,milliseconds
1779273202,6,13.000000,8.724295,7.000000,1.723956,8.000000,9.000000,13.000000,13.000000,13.000000,13.000000,0.024387,0.018841,0.363638,0.614637,calls/second,milliseconds
1779273203,6,13.000000,8.724295,7.000000,1.723956,8.000000,9.000000,13.000000,13.000000,13.000000,13.000000,0.024288,0.018841,0.363638,0.614637,calls/second,milliseconds
1779273204,6,13.000000,8.724295,7.000000,1.723956,8.000000,9.000000,13.000000,13.000000,13.000000,13.000000,0.024190,0.018841,0.363638,0.614637,calls/second,milliseconds
1779273205,6,13.000000,8.724295,7.000000,1.723956,8.000000,9.000000,13.000000,13.000000,13.000000,13.000000,0.024093,0.018841,0.363638,0.614637,calls/second,milliseconds
1779273206,6,13.000000,8.724295,7.000000,1.723956,8.000000,9.000000,13.000000,13.000000,13.000000,13.000000,0.023996,0.017334,0.357627,0.611232,calls/second,milliseconds
1779273207,6,13.000000,8.724295,7.000000,1.723956,8.000000,9.000000,13.000000,13.000000,13.000000,13.000000,0.023900,0.017334,0.357627,0.611232,calls/second,milliseconds
1779273208,6,13.000000,8.724295,7.000000,1.723956,8.000000,9.000000,13.000000,13.000000,13.000000,13.000000,0.023805,0.017334,0.357627,0.611232,calls/second,milliseconds
1779273209,6,13.000000,8.724295,7.000000,1.723956,8.000000,9.000000,13.000000,13.000000,13.000000,13.000000,0.023711,0.017334,0.357627,0.611232,calls/second,milliseconds
1779273210,6,13.000000,8.724295,7.000000,1.723956,8.000000,9.000000,13.000000,13.000000,13.000000,13.000000,0.023618,0.017334,0.357627,0.611232,calls/second,milliseconds
1779273211,6,13.000000,8.724295,7.000000,1.723956,8.000000,9.000000,13.000000,13.000000,13.000000,13.000000,0.023525,0.015948,0.351716,0.607846,calls/second,milliseconds
1779273212,6,13.000000,8.724295,7.000000,1.723956,8.000000,9.000000,13.000000,13.000000,13.000000,13.000000,0.023433,0.015948,0.351716,0.607846,calls/second,milliseconds
1779273213,6,13.000000,8.724295,7.000000,1.723956,8.000000,9.000000,13.000000,13.000000,13.000000,13.000000,0.023342,0.015948,0.351716,0.607846,calls/second,milliseconds
1779273214,6,13.000000,8.724295,7.000000,1.723956,8.000000,9.000000,13.000000,13.000000,13.000000,13.000000,0.023251,0.015948,0.351716,0.607846,calls/second,milliseconds
1779273215,6,13.000000,8.724295,7.000000,1.723956,8.000000,9.000000,13.000000,13.000000,13.000000,13.000000,0.023161,0.015948,0.351716,0.607846,calls/second,milliseconds
1779273216,6,13.000000,8.724295,7.000000,1.723956,8.000000,9.000000,13.000000,13.000000,13.000000,13.000000,0.023071,0.014673,0.345903,0.604478,calls/second,milliseconds
1779273217,7,13.000000,7.417380,7.000000,1.124670,7.000000,7.000000,9.000000,13.000000,13.000000,13.000000,0.026813,0.014673,0.345903,0.604478,calls/second,milliseconds
1779273218,7,13.000000,7.417380,7.000000,1.124670,7.000000,7.000000,9.000000,13.000000,13.000000,13.000000,0.026711,0.014673,0.345903,0.604478,calls/second,milliseconds
1779273219,7,13.000000,7.417380,7.000000,1.124670,7.000000,7.000000,9.000000,13.000000,13.000000,13.000000,0.026609,0.014673,0.345903,0.604478,calls/second,milliseconds
1779273220,7,13.000000,7.417380,7.000000,1.124670,7.000000,7.000000,9.000000,13.000000,13.000000,13.000000,0.026508,0.014673,0.345903,0.604478,calls/second,milliseconds
1779273221,7,13.000000,7.417380,7.000000,1.124670,7.000000,7.000000,9.000000,13.000000,13.000000,13.000000,0.026408,0.029491,0.343491,0.602238,calls/second,milliseconds
1779273222,7,13.000000,7.417380,7.000000,1.124670,7.000000,7.000000,9.000000,13.000000,13.000000,13.000000,0.026309,0.029491,0.343491,0.602238,calls/second,milliseconds
1779273223,7,13.000000,7.417380,7.000000,1.124670,7.000000,7.000000,9.000000,13.000000,13.000000,13.000000,0.026210,0.029491,0.343491,0.602238,calls/second,milliseconds
1779273224,7,13.000000,7.417380,7.000000,1.124670,7.000000,7.000000,9.000000,13.000000,13.000000,13.000000,0.026112,0.029491,0.343491,0.602238,calls/second,milliseconds
1779273225,7,13.000000,7.417380,7.000000,1.124670,7.000000,7.000000,9.000000,13.000000,13.000000,13.000000,0.026015,0.029491,0.343491,0.602238,calls/second,milliseconds
1779273226,7,13.000000,7.417380,7.000000,1.124670,7.000000,7.000000,9.000000,13.000000,13.000000,13.000000,0.025918,0.027133,0.337814,0.598901,calls/second,milliseconds
1779273227,7,13.000000,7.417380,7.000000,1.124670,7.000000,7.000000,9.000000,13.000000,13.000000,13.000000,0.025823,0.027133,0.337814,0.598901,calls/second,milliseconds
1779273228,7,13.000000,7.417380,7.000000,1.124670,7.000000,7.000000,9.000000,13.000000,13.000000,13.000000,0.025728,0.027133,0.337814,0.598901,calls/second,milliseconds
1779273229,7,13.000000,7.417380,7.000000,1.124670,7.000000,7.000000,9.000000,13.000000,13.000000,13.000000,0.025633,0.027133,0.337814,0.598901,calls/second,milliseconds
1779273230,7,13.000000,7.417380,7.000000,1.124670,7.000000,7.000000,9.000000,13.000000,13.000000,13.000000,0.025540,0.027133,0.337814,0.598901,calls/second,milliseconds
1779273231,7,13.000000,7.417380,7.000000,1.124670,7.000000,7.000000,9.000000,13.000000,13.000000,13.000000,0.025447,0.024964,0.332230,0.595583,calls/second,milliseconds
1779273232,7,13.000000,7.417380,7.000000,1.124670,7.000000,7.000000,9.000000,13.000000,13.000000,13.000000,0.025354,0.024964,0.332230,0.595583,calls/second,milliseconds
1779273233,7,13.000000,7.417380,7.000000,1.124670,7.000000,7.000000,9.000000,13.000000,13.000000,13.000000,0.025263,0.024964,0.332230,0.595583,calls/second,milliseconds
1779273234,7,13.000000,7.417380,7.000000,1.124670,7.000000,7.000000,9.000000,13.000000,13.000000,13.000000,0.025172,0.024964,0.332230,0.595583,calls/second,milliseconds
1779273235,7,13.000000,7.417380,7.000000,1.124670,7.000000,7.000000,9.000000,13.000000,13.000000,13.000000,0.025081,0.024964,0.332230,0.595583,calls/second,milliseconds
1779273236,7,13.000000,7.417380,7.000000,1.124670,7.000000,7.000000,9.000000,13.000000,13.000000,13.000000,0.024992,0.022968,0.326739,0.592283,calls/second,milliseconds
1779273237,7,13.000000,7.417380,7.000000,1.124670,7.000000,7.000000,9.000000,13.000000,13.000000,13.000000,0.024903,0.022968,0.326739,0.592283,calls/second,milliseconds
1779273238,7,13.000000,7.417380,7.000000,1.124670,7.000000,7.000000,9.000000,13.000000,13.000000,13.000000,0.024814,0.022968,0.326739,0.592283,calls/second,milliseconds
1779273239,7,13.000000,7.417380,7.000000,1.124670,7.000000,7.000000,9.000000,13.000000,13.000000,13.000000,0.024726,0.022968,0.326739,0.592283,calls/second,milliseconds
1779273240,7,13.000000,7.417380,7.000000,1.124670,7.000000,7.000000,9.000000,13.000000,13.000000,13.000000,0.024639,0.022968,0.326739,0.592283,calls/second,milliseconds
1779273241,7,13.000000,7.417380,7.000000,1.124670,7.000000,7.000000,9.000000,13.000000,13.000000,13.000000,0.024553,0.021131,0.321339,0.589002,calls/second,milliseconds
1779273242,7,13.000000,7.417380,7.000000,1.124670,7.000000,7.000000,9.000000,13.000000,13.000000,13.000000,0.024467,0.021131,0.321339,0.589002,calls/second,milliseconds
1779273243,7,13.000000,7.417380,7.000000,1.124670,7.000000,7.000000,9.000000,13.000000,13.000000,13.000000,0.024381,0.021131,0.321339,0.589002,calls/second,milliseconds
1779273244,7,13.000000,7.417380,7.000000,1.124670,7.000000,7.000000,9.000000,13.000000,13.000000,13.000000,0.024297,0.021131,0.321339,0.589002,calls/second,milliseconds
1779273245,7,13.000000,7.417380,7.000000,1.124670,7.000000,7.000000,9.000000,13.000000,13.000000,13.000000,0.024212,0.021131,0.321339,0.589002,calls/second,milliseconds
1779273246,7,13.000000,7.417380,7.000000,1.124670,7.000000,7.000000,9.000000,13.000000,13.000000,13.000000,0.024129,0.019442,0.316027,0.585739,calls/second,milliseconds
1779273247,7,13.000000,7.417380,7.000000,1.124670,7.000000,7.000000,9.000000,13.000000,13.000000,13.000000,0.024046,0.019442,0.316027,0.585739,calls/second,milliseconds
1779273248,7,13.000000,7.417380,7.000000,1.124670,7.000000,7.000000,9.000000,13.000000,13.000000,13.000000,0.023963,0.019442,0.316027,0.585739,calls/second,milliseconds
1779273249,7,13.000000,7.417380,7.000000,1.124670,7.000000,7.000000,9.000000,13.000000,13.000000,13.000000,0.023882,0.019442,0.316027,0.585739,calls/second,milliseconds
1779273250,7,13.000000,7.417380,7.000000,1.124670,7.000000,7.000000,9.000000,13.000000,13.000000,13.000000,0.023800,0.019442,0.316027,0.585739,calls/second,milliseconds
1779273251,7,13.000000,7.417380,7.000000,1.124670,7.000000,7.000000,9.000000,13.000000,13.000000,13.000000,0.023719,0.017887,0.310804,0.582494,calls/second,milliseconds
1779273252,7,13.000000,7.417380,7.000000,1.124670,7.000000,7.000000,9.000000,13.000000,13.000000,13.000000,0.023639,0.017887,0.310804,0.582494,calls/second,milliseconds
1779273253,7,13.000000,7.417380,7.000000,1.124670,7.000000,7.000000,9.000000,13.000000,13.000000,13.000000,0.023560,0.017887,0.310804,0.582494,calls/second,milliseconds
1779273254,7,13.000000,7.417380,7.000000,1.124670,7.000000,7.000000,9.000000,13.000000,13.000000,13.000000,0.023480,0.017887,0.310804,0.582494,calls/second,milliseconds
1779273255,7,13.000000,7.417380,7.000000,1.124670,7.000000,7.000000,9.000000,13.000000,13.000000,13.000000,0.023402,0.017887,0.310804,0.582494,calls/second,milliseconds
1779273256,7,13.000000,7.417380,7.000000,1.124670,7.000000,7.000000,9.000000,13.000000,13.000000,13.000000,0.023324,0.016457,0.305667,0.579267,calls/second,milliseconds
1779273257,7,13.000000,7.417380,7.000000,1.124670,7.000000,7.000000,9.000000,13.000000,13.000000,13.000000,0.023246,0.016457,0.305667,0.579267,calls/second,milliseconds
1779273258,7,13.000000,7.417380,7.000000,1.124670,7.000000,7.000000,9.000000,13.000000,13.000000,13.000000,0.023169,0.016457,0.305667,0.579267,calls/second,milliseconds
1779273259,7,13.000000,7.417380,7.000000,1.124670,7.000000,7.000000,9.000000,13.000000,13.000000,13.000000,0.023092,0.016457,0.305667,0.579267,calls/second,milliseconds
1779273260,7,13.000000,7.417380,7.000000,1.124670,7.000000,7.000000,9.000000,13.000000,13.000000,13.000000,0.023016,0.016457,0.305667,0.579267,calls/second,milliseconds
1779273261,7,13.000000,7.417380,7.000000,1.124670,7.000000,7.000000,9.000000,13.000000,13.000000,13.000000,0.022941,0.015141,0.300615,0.576057,calls/second,milliseconds
1779273262,7,13.000000,7.417380,7.000000,1.124670,7.000000,7.000000,9.000000,13.000000,13.000000,13.000000,0.022866,0.015141,0.300615,0.576057,calls/second,milliseconds
1779273263,7,13.000000,7.417380,7.000000,1.124670,7.000000,7.000000,9.000000,13.000000,13.000000,13.000000,0.022791,0.015141,0.300615,0.576057,calls/second,milliseconds
1779273264,7,13.000000,7.417380,7.000000,1.124670,7.000000,7.000000,9.000000,13.000000,13.000000,13.000000,0.022717,0.015141,0.300615,0.576057,calls/second,milliseconds
1779273265,7,13.000000,7.417380,7.000000,1.124670,7.000000,7.000000,9.000000,13.000000,13.000000,13.000000,0.022643,0.015141,0.300615,0.576057,calls/second,milliseconds
1779273266,7,13.000000,7.417380,7.000000,1.124670,7.000000,7.000000,9.000000,13.000000,13.000000,13.000000,0.022570,0.013931,0.295646,0.572866,calls/second,milliseconds
1779273267,7,13.000000,7.417380,7.000000,1.124670,7.000000,7.000000,9.000000,13.000000,13.000000,13.000000,0.022498,0.013931,0.295646,0.572866,calls/second,milliseconds
1779273268,7,13.000000,7.417380,7.000000,1.124670,7.000000,7.000000,9.000000,13.000000,13.000000,13.000000,0.022425,0.013931,0.295646,0.572866,calls/second,milliseconds
1779273269,7,13.000000,7.417380,7.000000,1.124670,7.000000,7.000000,9.000000,13.000000,13.000000,13.000000,0.022354,0.013931,0.295646,0.572866,calls/second,milliseconds
1779273270,7,13.000000,7.417380,7.000000,1.124670,7.000000,7.000000,9.000000,13.000000,13.000000,13.000000,0.022282,0.013931,0.295646,0.572866,calls/second,milliseconds
1779273271,7,13.000000,7.417380,7.000000,1.124670,7.000000,7.000000,9.000000,13.000000,13.000000,13.000000,0.022212,0.012817,0.290759,0.569692,calls/second,milliseconds
1779273272,7,13.000000,7.417380,7.000000,1.124670,7.000000,7.000000,9.000000,13.000000,13.000000,13.000000,0.022141,0.012817,0.290759,0.569692,calls/second,milliseconds
1779273273,7,13.000000,7.417380,7.000000,1.124670,7.000000,7.000000,9.000000,13.000000,13.000000,13.000000,0.022071,0.012817,0.290759,0.569692,calls/second,milliseconds
1779273274,7,13.000000,7.417380,7.000000,1.124670,7.000000,7.000000,9.000000,13.000000,13.000000,13.000000,0.022002,0.012817,0.290759,0.569692,calls/second,milliseconds
1779273275,7,13.000000,7.417380,7.000000,1.124670,7.000000,7.000000,9.000000,13.000000,13.000000,13.000000,0.021933,0.012817,0.290759,0.569692,calls/second,milliseconds
1779273276,7,13.000000,7.417380,7.000000,1.124670,7.000000,7.000000,9.000000,13.000000,13.000000,13.000000,0.021864,0.011792,0.285953,0.566536,calls/second,milliseconds
1779273277,7,13.000000,7.417380,7.000000,1.124670,7.000000,7.000000,9.000000,13.000000,13.000000,13.000000,0.021796,0.011792,0.285953,0.566536,calls/second,milliseconds
1779273278,7,13.000000,7.417380,7.000000,1.124670,7.000000,7.000000,9.000000,13.000000,13.000000,13.000000,0.021728,0.011792,0.285953,0.566536,calls/second,milliseconds
1779273279,7,13.000000,7.417380,7.000000,1.124670,7.000000,7.000000,9.000000,13.000000,13.000000,13.000000,0.021661,0.011792,0.285953,0.566536,calls/second,milliseconds
1779273280,7,13.000000,7.417380,7.000000,1.124670,7.000000,7.000000,9.000000,13.000000,13.000000,13.000000,0.021594,0.011792,0.285953,0.566536,calls/second,milliseconds
1779273281,7,13.000000,7.417380,7.000000,1.124670,7.000000,7.000000,9.000000,13.000000,13.000000,13.000000,0.021527,0.010849,0.281227,0.563397,calls/second,milliseconds
1779273282,7,13.000000,7.417380,7.000000,1.124670,7.000000,7.000000,9.000000,13.000000,13.000000,13.000000,0.021461,0.010849,0.281227,0.563397,calls/second,milliseconds
1779273283,7,13.000000,7.417380,7.000000,1.124670,7.000000,7.000000,9.000000,13.000000,13.000000,13.000000,0.021396,0.010849,0.281227,0.563397,calls/second,milliseconds
1779273284,7,13.000000,7.417380,7.000000,1.124670,7.000000,7.000000,9.000000,13.000000,13.000000,13.000000,0.021330,0.010849,0.281227,0.563397,calls/second,milliseconds
1779273285,7,13.000000,7.417380,7.000000,1.124670,7.000000,7.000000,9.000000,13.000000,13.000000,13.000000,0.021265,0.010849,0.281227,0.563397,calls/second,milliseconds
1779273286,7,13.000000,7.417380,7.000000,1.124670,7.000000,7.000000,9.000000,13.000000,13.000000,13.000000,0.021201,0.009982,0.276579,0.560276,calls/second,milliseconds
1779273287,7,13.000000,7.417380,7.000000,1.124670,7.000000,7.000000,9.000000,13.000000,13.000000,13.000000,0.021137,0.009982,0.276579,0.560276,calls/second,milliseconds
1779273288,7,13.000000,7.417380,7.000000,1.124670,7.000000,7.000000,9.000000,13.000000,13.000000,13.000000,0.021073,0.009982,0.276579,0.560276,calls/second,milliseconds
1779273289,7,13.000000,7.417380,7.000000,1.124670,7.000000,7.000000,9.000000,13.000000,13.000000,13.000000,0.021010,0.009982,0.276579,0.560276,calls/second,milliseconds
1779273290,7,13.000000,7.417380,7.000000,1.124670,7.000000,7.000000,9.000000,13.000000,13.000000,13.000000,0.020947,0.009982,0.276579,0.560276,calls/second,milliseconds
1779273291,7,13.000000,7.417380,7.000000,1.124670,7.000000,7.000000,9.000000,13.000000,13.000000,13.000000,0.020884,0.009184,0.272007,0.557172,calls/second,milliseconds
1779273292,7,13.000000,7.417380,7.000000,1.124670,7.000000,7.000000,9.000000,13.000000,13.000000,13.000000,0.020822,0.009184,0.272007,0.557172,calls/second,milliseconds
1779273293,7,13.000000,7.417380,7.000000,1.124670,7.000000,7.000000,9.000000,13.000000,13.000000,13.000000,0.020760,0.009184,0.272007,0.557172,calls/second,milliseconds
1779273294,7,13.000000,7.417380,7.000000,1.124670,7.000000,7.000000,9.000000,13.000000,13.000000,13.000000,0.020698,0.009184,0.272007,0.557172,calls/second,milliseconds
1779273295,7,13.000000,7.417380,7.000000,1.124670,7.000000,7.000000,9.000000,13.000000,13.000000,13.000000,0.020637,0.009184,0.272007,0.557172,calls/second,milliseconds
1779273296,7,13.000000,7.417380,7.000000,1.124670,7.000000,7.000000,9.000000,13.000000,13.000000,13.000000,0.020577,0.008449,0.267511,0.554085,calls/second,milliseconds
1779273297,7,13.000000,7.417380,7.000000,1.124670,7.000000,7.000000,9.000000,13.000000,13.000000,13.000000,0.020516,0.008449,0.267511,0.554085,calls/second,milliseconds
1779273298,7,13.000000,7.417380,7.000000,1.124670,7.000000,7.000000,9.000000,13.000000,13.000000,13.000000,0.020456,0.008449,0.267511,0.554085,calls/second,milliseconds
1779273299,7,13.000000,7.417380,7.000000,1.124670,7.000000,7.000000,9.000000,13.000000,13.000000,13.000000,0.020396,0.008449,0.267511,0.554085,calls/second,milliseconds
1779273300,7,13.000000,7.417380,7.000000,1.124670,7.000000,7.000000,9.000000,13.000000,13.000000,13.000000,0.020337,0.008449,0.267511,0.554085,calls/second,milliseconds
1779273301,7,13.000000,7.417380,7.000000,1.124670,7.000000,7.000000,9.000000,13.000000,13.000000,13.000000,0.020278,0.007774,0.263090,0.551016,calls/second,milliseconds
1779273302,7,13.000000,7.417380,7.000000,1.124670,7.000000,7.000000,9.000000,13.000000,13.000000,13.000000,0.020219,0.007774,0.263090,0.551016,calls/second,milliseconds
1779273303,7,13.000000,7.417380,7.000000,1.124670,7.000000,7.000000,9.000000,13.000000,13.000000,13.000000,0.020161,0.007774,0.263090,0.551016,calls/second,milliseconds
1779273304,7,13.000000,7.417380,7.000000,1.124670,7.000000,7.000000,9.000000,13.000000,13.000000,13.000000,0.020103,0.007774,0.263090,0.551016,calls/second,milliseconds
1779273305,7,13.000000,7.417380,7.000000,1.124670,7.000000,7.000000,9.000000,13.000000,13.000000,13.000000,0.020045,0.007774,0.263090,0.551016,calls/second,milliseconds
1779273306,7,13.000000,7.417380,7.000000,1.124670,7.000000,7.000000,9.000000,13.000000,13.000000,13.000000,0.019988,0.007152,0.258741,0.547963,calls/second,milliseconds
1779273307,7,13.000000,7.417380,7.000000,1.124670,7.000000,7.000000,9.000000,13.000000,13.000000,13.000000,0.019931,0.007152,0.258741,0.547963,calls/second,milliseconds
1779273308,7,13.000000,7.417380,7.000000,1.124670,7.000000,7.000000,9.000000,13.000000,13.000000,13.000000,0.019874,0.007152,0.258741,0.547963,calls/second,milliseconds
1779273309,7,13.000000,7.417380,7.000000,1.124670,7.000000,7.000000,9.000000,13.000000,13.000000,13.000000,0.019818,0.007152,0.258741,0.547963,calls/second,milliseconds
1779273310,7,13.000000,7.417380,7.000000,1.124670,7.000000,7.000000,9.000000,13.000000,13.000000,13.000000,0.019762,0.007152,0.258741,0.547963,calls/second,milliseconds
1779273311,7,13.000000,7.417380,7.000000,1.124670,7.000000,7.000000,9.000000,13.000000,13.000000,13.000000,0.019706,0.006580,0.254465,0.544927,calls/second,milliseconds
1779273312,7,13.000000,7.417380,7.000000,1.124670,7.000000,7.000000,9.000000,13.000000,13.000000,13.000000,0.019651,0.006580,0.254465,0.544927,calls/second,milliseconds
1779273313,7,13.000000,7.417380,7.000000,1.124670,7.000000,7.000000,9.000000,13.000000,13.000000,13.000000,0.019596,0.006580,0.254465,0.544927,calls/second,milliseconds
1779273314,7,13.000000,7.417380,7.000000,1.124670,7.000000,7.000000,9.000000,13.000000,13.000000,13.000000,0.019541,0.006580,0.254465,0.544927,calls/second,milliseconds
1779273315,7,13.000000,7.417380,7.000000,1.124670,7.000000,7.000000,9.000000,13.000000,13.000000,13.000000,0.019487,0.006580,0.254465,0.544927,calls/second,milliseconds
1779273316,7,13.000000,7.417380,7.000000,1.124670,7.000000,7.000000,9.000000,13.000000,13.000000,13.000000,0.019432,0.006054,0.250259,0.541908,calls/second,milliseconds
1779273317,7,13.000000,7.417380,7.000000,1.124670,7.000000,7.000000,9.000000,13.000000,13.000000,13.000000,0.019378,0.006054,0.250259,0.541908,calls/second,milliseconds
1779273318,7,13.000000,7.417380,7.000000,1.124670,7.000000,7.000000,9.000000,13.000000,13.000000,13.000000,0.019325,0.006054,0.250259,0.541908,calls/second,milliseconds
1779273319,7,13.000000,7.417380,7.000000,1.124670,7.000000,7.000000,9.000000,13.000000,13.000000,13.000000,0.019272,0.006054,0.250259,0.541908,calls/second,milliseconds
1779273320,7,13.000000,7.417380,7.000000,1.124670,7.000000,7.000000,9.000000,13.000000,13.000000,13.000000,0.019219,0.006054,0.250259,0.541908,calls/second,milliseconds
1779273321,7,13.000000,7.417380,7.000000,1.124670,7.000000,7.000000,9.000000,13.000000,13.000000,13.000000,0.019166,0.005570,0.246122,0.538906,calls/second,milliseconds
1779273322,7,13.000000,7.417380,7.000000,1.124670,7.000000,7.000000,9.000000,13.000000,13.000000,13.000000,0.019114,0.005570,0.246122,0.538906,calls/second,milliseconds
1779273323,7,13.000000,7.417380,7.000000,1.124670,7.000000,7.000000,9.000000,13.000000,13.000000,13.000000,0.019061,0.005570,0.246122,0.538906,calls/second,milliseconds
1779273324,7,13.000000,7.417380,7.000000,1.124670,7.000000,7.000000,9.000000,13.000000,13.000000,13.000000,0.019010,0.005570,0.246122,0.538906,calls/second,milliseconds
1779273325,7,13.000000,7.417380,7.000000,1.124670,7.000000,7.000000,9.000000,13.000000,13.000000,13.000000,0.018958,0.005570,0.246122,0.538906,calls/second,milliseconds
1779273326,7,13.000000,7.417380,7.000000,1.124670,7.000000,7.000000,9.000000,13.000000,13.000000,13.000000,0.018907,0.005125,0.242054,0.535920,calls/second,milliseconds
1779273327,8,13.000000,3.893016,3.000000,1.844728,3.000000,3.000000,7.000000,8.000000,9.000000,13.000000,0.021549,0.005125,0.242054,0.535920,calls/second,milliseconds
1779273328,8,13.000000,3.893016,3.000000,1.844728,3.000000,3.000000,7.000000,8.000000,9.000000,13.000000,0.021491,0.005125,0.242054,0.535920,calls/second,milliseconds
1779273329,8,13.000000,3.893016,3.000000,1.844728,3.000000,3.000000,7.000000,8.000000,9.000000,13.000000,0.021433,0.005125,0.242054,0.535920,calls/second,milliseconds
1779273330,8,13.000000,3.893016,3.000000,1.844728,3.000000,3.000000,7.000000,8.000000,9.000000,13.000000,0.021376,0.005125,0.242054,0.535920,calls/second,milliseconds
1779273331,8,13.000000,3.893016,3.000000,1.844728,3.000000,3.000000,7.000000,8.000000,9.000000,13.000000,0.021319,0.020706,0.241359,0.534059,calls/second,milliseconds
1779273332,8,13.000000,3.893016,3.000000,1.844728,3.000000,3.000000,7.000000,8.000000,9.000000,13.000000,0.021262,0.020706,0.241359,0.534059,calls/second,milliseconds
1779273333,8,13.000000,3.893016,3.000000,1.844728,3.000000,3.000000,7.000000,8.000000,9.000000,13.000000,0.021206,0.020706,0.241359,0.534059,calls/second,milliseconds
1779273334,8,13.000000,3.893016,3.000000,1.844728,3.000000,3.000000,7.000000,8.000000,9.000000,13.000000,0.021150,0.020706,0.241359,0.534059,calls/second,milliseconds
1779273335,8,13.000000,3.893016,3.000000,1.844728,3.000000,3.000000,7.000000,8.000000,9.000000,13.000000,0.021094,0.020706,0.241359,0.534059,calls/second,milliseconds
1779273336,8,13.000000,3.893016,3.000000,1.844728,3.000000,3.000000,7.000000,8.000000,9.000000,13.000000,0.021038,0.019051,0.237370,0.531100,calls/second,milliseconds
1779273337,8,13.000000,3.893016,3.000000,1.844728,3.000000,3.000000,7.000000,8.000000,9.000000,13.000000,0.020983,0.019051,0.237370,0.531100,calls/second,milliseconds
1779273338,8,13.000000,3.893016,3.000000,1.844728,3.000000,3.000000,7.000000,8.000000,9.000000,13.000000,0.020928,0.019051,0.237370,0.531100,calls/second,milliseconds
1779273339,8,13.000000,3.893016,3.000000,1.844728,3.000000,3.000000,7.000000,8.000000,9.000000,13.000000,0.020873,0.019051,0.237370,0.531100,calls/second,milliseconds
1779273340,8,13.000000,3.893016,3.000000,1.844728,3.000000,3.000000,7.000000,8.000000,9.000000,13.000000,0.020819,0.019051,0.237370,0.531100,calls/second,milliseconds
1779273341,8,13.000000,3.893016,3.000000,1.844728,3.000000,3.000000,7.000000,8.000000,9.000000,13.000000,0.020765,0.017527,0.233447,0.528158,calls/second,milliseconds
1779273342,8,13.000000,3.893016,3.000000,1.844728,3.000000,3.000000,7.000000,8.000000,9.000000,13.000000,0.020711,0.017527,0.233447,0.528158,calls/second,milliseconds
1779273343,8,13.000000,3.893016,3.000000,1.844728,3.000000,3.000000,7.000000,8.000000,9.000000,13.000000,0.020657,0.017527,0.233447,0.528158,calls/second,milliseconds
1779273344,8,13.000000,3.893016,3.000000,1.844728,3.000000,3.000000,7.000000,8.000000,9.000000,13.000000,0.020604,0.017527,0.233447,0.528158,calls/second,milliseconds
1779273345,8,13.000000,3.893016,3.000000,1.844728,3.000000,3.000000,7.000000,8.000000,9.000000,13.000000,0.020551,0.017527,0.233447,0.528158,calls/second,milliseconds
1779273346,8,13.000000,3.893016,3.000000,1.844728,3.000000,3.000000,7.000000,8.000000,9.000000,13.000000,0.020498,0.016126,0.229588,0.525232,calls/second,milliseconds
1779273347,8,13.000000,3.893016,3.000000,1.844728,3.000000,3.000000,7.000000,8.000000,9.000000,13.000000,0.020446,0.016126,0.229588,0.525232,calls/second,milliseconds
1779273348,8,13.000000,3.893016,3.000000,1.844728,3.000000,3.000000,7.000000,8.000000,9.000000,13.000000,0.020394,0.016126,0.229588,0.525232,calls/second,milliseconds
1779273349,8,13.000000,3.893016,3.000000,1.844728,3.000000,3.000000,7.000000,8.000000,9.000000,13.000000,0.020342,0.016126,0.229588,0.525232,calls/second,milliseconds
1779273350,8,13.000000,3.893016,3.000000,1.844728,3.000000,3.000000,7.000000,8.000000,9.000000,13.000000,0.020290,0.016126,0.229588,0.525232,calls/second,milliseconds
1779273351,8,13.000000,3.893016,3.000000,1.844728,3.000000,3.000000,7.000000,8.000000,9.000000,13.000000,0.020239,0.014837,0.225793,0.522322,calls/second,milliseconds
1779273352,8,13.000000,3.893016,3.000000,1.844728,3.000000,3.000000,7.000000,8.000000,9.000000,13.000000,0.020187,0.014837,0.225793,0.522322,calls/second,milliseconds
1779273353,8,13.000000,3.893016,3.000000,1.844728,3.000000,3.000000,7.000000,8.000000,9.000000,13.000000,0.020137,0.014837,0.225793,0.522322,calls/second,milliseconds
1779273354,8,13.000000,3.893016,3.000000,1.844728,3.000000,3.000000,7.000000,8.000000,9.000000,13.000000,0.020086,0.014837,0.225793,0.522322,calls/second,milliseconds
1779273355,8,13.000000,3.893016,3.000000,1.844728,3.000000,3.000000,7.000000,8.000000,9.000000,13.000000,0.020036,0.014837,0.225793,0.522322,calls/second,milliseconds
1779273356,8,13.000000,3.893016,3.000000,1.844728,3.000000,3.000000,7.000000,8.000000,9.000000,13.000000,0.019985,0.013650,0.222061,0.519428,calls/second,milliseconds
1779273357,8,13.000000,3.893016,3.000000,1.844728,3.000000,3.000000,7.000000,8.000000,9.000000,13.000000,0.019936,0.013650,0.222061,0.519428,calls/second,milliseconds
1779273358,8,13.000000,3.893016,3.000000,1.844728,3.000000,3.000000,7.000000,8.000000,9.000000,13.000000,0.019886,0.013650,0.222061,0.519428,calls/second,milliseconds
1779273359,8,13.000000,3.893016,3.000000,1.844728,3.000000,3.000000,7.000000,8.000000,9.000000,13.000000,0.019837,0.013650,0.222061,0.519428,calls/second,milliseconds
1779273360,8,13.000000,3.893016,3.000000,1.844728,3.000000,3.000000,7.000000,8.000000,9.000000,13.000000,0.019787,0.013650,0.222061,0.519428,calls/second,milliseconds
1779273361,8,13.000000,3.893016,3.000000,1.844728,3.000000,3.000000,7.000000,8.000000,9.000000,13.000000,0.019738,0.012559,0.218391,0.516551,calls/second,milliseconds
1779273362,8,13.000000,3.893016,3.000000,1.844728,3.000000,3.000000,7.000000,8.000000,9.000000,13.000000,0.019690,0.012559,0.218391,0.516551,calls/second,milliseconds
1779273363,8,13.000000,3.893016,3.000000,1.844728,3.000000,3.000000,7.000000,8.000000,9.000000,13.000000,0.019641,0.012559,0.218391,0.516551,calls/second,milliseconds
1779273364,8,13.000000,3.893016,3.000000,1.844728,3.000000,3.000000,7.000000,8.000000,9.000000,13.000000,0.019593,0.012559,0.218391,0.516551,calls/second,milliseconds
1779273365,8,13.000000,3.893016,3.000000,1.844728,3.000000,3.000000,7.000000,8.000000,9.000000,13.000000,0.019545,0.012559,0.218391,0.516551,calls/second,milliseconds
1779273366,8,13.000000,3.893016,3.000000,1.844728,3.000000,3.000000,7.000000,8.000000,9.000000,13.000000,0.019498,0.011555,0.214781,0.513689,calls/second,milliseconds
1779273367,8,13.000000,3.893016,3.000000,1.844728,3.000000,3.000000,7.000000,8.000000,9.000000,13.000000,0.019450,0.011555,0.214781,0.513689,calls/second,milliseconds
1779273368,8,13.000000,3.893016,3.000000,1.844728,3.000000,3.000000,7.000000,8.000000,9.000000,13.000000,0.019403,0.011555,0.214781,0.513689,calls/second,milliseconds
1779273369,8,13.000000,3.893016,3.000000,1.844728,3.000000,3.000000,7.000000,8.000000,9.000000,13.000000,0.019356,0.011555,0.214781,0.513689,calls/second,milliseconds
1779273370,8,13.000000,3.893016,3.000000,1.844728,3.000000,3.000000,7.000000,8.000000,9.000000,13.000000,0.019309,0.011555,0.214781,0.513689,calls/second,milliseconds
1779273371,8,13.000000,3.893016,3.000000,1.844728,3.000000,3.000000,7.000000,8.000000,9.000000,13.000000,0.019262,0.010631,0.211231,0.510843,calls/second,milliseconds
1779273372,8,13.000000,3.893016,3.000000,1.844728,3.000000,3.000000,7.000000,8.000000,9.000000,13.000000,0.019216,0.010631,0.211231,0.510843,calls/second,milliseconds
1779273373,8,13.000000,3.893016,3.000000,1.844728,3.000000,3.000000,7.000000,8.000000,9.000000,13.000000,0.019170,0.010631,0.211231,0.510843,calls/second,milliseconds
1779273374,8,13.000000,3.893016,3.000000,1.844728,3.000000,3.000000,7.000000,8.000000,9.000000,13.000000,0.019124,0.010631,0.211231,0.510843,calls/second,milliseconds
1779273375,8,13.000000,3.893016,3.000000,1.844728,3.000000,3.000000,7.000000,8.000000,9.000000,13.000000,0.019078,0.010631,0.211231,0.510843,calls/second,milliseconds
1779273376,8,13.000000,3.893016,3.000000,1.844728,3.000000,3.000000,7.000000,8.000000,9.000000,13.000000,0.019033,0.009781,0.207740,0.508013,calls/second,milliseconds
1779273377,8,13.000000,3.893016,3.000000,1.844728,3.000000,3.000000,7.000000,8.000000,9.000000,13.000000,0.018988,0.009781,0.207740,0.508013,calls/second,milliseconds
1779273378,8,13.000000,3.893016,3.000000,1.844728,3.000000,3.000000,7.000000,8.000000,9.000000,13.000000,0.018943,0.009781,0.207740,0.508013,calls/second,milliseconds
1779273379,8,13.000000,3.893016,3.000000,1.844728,3.000000,3.000000,7.000000,8.000000,9.000000,13.000000,0.018898,0.009781,0.207740,0.508013,calls/second,milliseconds
1779273380,8,13.000000,3.893016,3.000000,1.844728,3.000000,3.000000,7.000000,8.000000,9.000000,13.000000,0.018853,0.009781,0.207740,0.508013,calls/second,milliseconds
1779273381,8,13.000000,3.893016,3.000000,1.844728,3.000000,3.000000,7.000000,8.000000,9.000000,13.000000,0.018809,0.008999,0.204306,0.505198,calls/second,milliseconds
1779273382,8,13.000000,3.893016,3.000000,1.844728,3.000000,3.000000,7.000000,8.000000,9.000000,13.000000,0.018765,0.008999,0.204306,0.505198,calls/second,milliseconds
1779273383,8,13.000000,3.893016,3.000000,1.844728,3.000000,3.000000,7.000000,8.000000,9.000000,13.000000,0.018721,0.008999,0.204306,0.505198,calls/second,milliseconds
1779273384,8,13.000000,3.893016,3.000000,1.844728,3.000000,3.000000,7.000000,8.000000,9.000000,13.000000,0.018677,0.008999,0.204306,0.505198,calls/second,milliseconds
1779273385,8,13.000000,3.893016,3.000000,1.844728,3.000000,3.000000,7.000000,8.000000,9.000000,13.000000,0.018633,0.008999,0.204306,0.505198,calls/second,milliseconds
1779273386,8,13.000000,3.893016,3.000000,1.844728,3.000000,3.000000,7.000000,8.000000,9.000000,13.000000,0.018590,0.008279,0.200929,0.502399,calls/second,milliseconds
1779273387,8,13.000000,3.893016,3.000000,1.844728,3.000000,3.000000,7.000000,8.000000,9.000000,13.000000,0.018547,0.008279,0.200929,0.502399,calls/second,milliseconds
1779273388,8,13.000000,3.893016,3.000000,1.844728,3.000000,3.000000,7.000000,8.000000,9.000000,13.000000,0.018504,0.008279,0.200929,0.502399,calls/second,milliseconds
1779273389,8,13.000000,3.893016,3.000000,1.844728,3.000000,3.000000,7.000000,8.000000,9.000000,13.000000,0.018461,0.008279,0.200929,0.502399,calls/second,milliseconds
1779273390,8,13.000000,3.893016,3.000000,1.844728,3.000000,3.000000,7.000000,8.000000,9.000000,13.000000,0.018419,0.008279,0.200929,0.502399,calls/second,milliseconds
1779273391,8,13.000000,3.893016,3.000000,1.844728,3.000000,3.000000,7.000000,8.000000,9.000000,13.000000,0.018376,0.007617,0.197608,0.499616,calls/second,milliseconds
1779273392,8,13.000000,3.893016,3.000000,1.844728,3.000000,3.000000,7.000000,8.000000,9.000000,13.000000,0.018334,0.007617,0.197608,0.499616,calls/second,milliseconds
1779273393,8,13.000000,3.893016,3.000000,1.844728,3.000000,3.000000,7.000000,8.000000,9.000000,13.000000,0.018292,0.007617,0.197608,0.499616,calls/second,milliseconds
1779273394,8,13.000000,3.893016,3.000000,1.844728,3.000000,3.000000,7.000000,8.000000,9.000000,13.000000,0.018250,0.007617,0.197608,0.499616,calls/second,milliseconds
1779273395,8,13.000000,3.893016,3.000000,1.844728,3.000000,3.000000,7.000000,8.000000,9.000000,13.000000,0.018209,0.007617,0.197608,0.499616,calls/second,milliseconds
1779273396,8,13.000000,3.893016,3.000000,1.844728,3.000000,3.000000,7.000000,8.000000,9.000000,13.000000,0.018167,0.007008,0.194342,0.496848,calls/second,milliseconds
1779273397,8,13.000000,3.893016,3.000000,1.844728,3.000000,3.000000,7.000000,8.000000,9.000000,13.000000,0.018126,0.007008,0.194342,0.496848,calls/second,milliseconds
1779273398,8,13.000000,3.893016,3.000000,1.844728,3.000000,3.000000,7.000000,8.000000,9.000000,13.000000,0.018085,0.007008,0.194342,0.496848,calls/second,milliseconds
1779273399,8,13.000000,3.893016,3.000000,1.844728,3.000000,3.000000,7.000000,8.000000,9.000000,13.000000,0.018044,0.007008,0.194342,0.496848,calls/second,milliseconds
1779273400,8,13.000000,3.893016,3.000000,1.844728,3.000000,3.000000,7.000000,8.000000,9.000000,13.000000,0.018003,0.007008,0.194342,0.496848,calls/second,milliseconds
1779273401,8,13.000000,3.893016,3.000000,1.844728,3.000000,3.000000,7.000000,8.000000,9.000000,13.000000,0.017963,0.006448,0.191130,0.494095,calls/second,milliseconds
1779273402,8,13.000000,3.893016,3.000000,1.844728,3.000000,3.000000,7.000000,8.000000,9.000000,13.000000,0.017923,0.006448,0.191130,0.494095,calls/second,milliseconds
1779273403,8,13.000000,3.893016,3.000000,1.844728,3.000000,3.000000,7.000000,8.000000,9.000000,13.000000,0.017883,0.006448,0.191130,0.494095,calls/second,milliseconds
1779273404,8,13.000000,3.893016,3.000000,1.844728,3.000000,3.000000,7.000000,8.000000,9.000000,13.000000,0.017843,0.006448,0.191130,0.494095,calls/second,milliseconds
1779273405,8,13.000000,3.893016,3.000000,1.844728,3.000000,3.000000,7.000000,8.000000,9.000000,13.000000,0.017803,0.006448,0.191130,0.494095,calls/second,milliseconds
1779273406,8,13.000000,3.893016,3.000000,1.844728,3.000000,3.000000,7.000000,8.000000,9.000000,13.000000,0.017763,0.005932,0.187971,0.491358,calls/second,milliseconds
1779273407,8,13.000000,3.893016,3.000000,1.844728,3.000000,3.000000,7.000000,8.000000,9.000000,13.000000,0.017724,0.005932,0.187971,0.491358,calls/second,milliseconds
1779273408,8,13.000000,3.893016,3.000000,1.844728,3.000000,3.000000,7.000000,8.000000,9.000000,13.000000,0.017685,0.005932,0.187971,0.491358,calls/second,milliseconds
1779273409,8,13.000000,3.893016,3.000000,1.844728,3.000000,3.000000,7.000000,8.000000,9.000000,13.000000,0.017645,0.005932,0.187971,0.491358,calls/second,milliseconds
1779273410,8,13.000000,3.893016,3.000000,1.844728,3.000000,3.000000,7.000000,8.000000,9.000000,13.000000,0.017607,0.005932,0.187971,0.491358,calls/second,milliseconds
1779273411,8,13.000000,3.893016,3.000000,1.844728,3.000000,3.000000,7.000000,8.000000,9.000000,13.000000,0.017568,0.005458,0.184864,0.488636,calls/second,milliseconds
1779273412,8,13.000000,3.893016,3.000000,1.844728,3.000000,3.000000,7.000000,8.000000,9.000000,13.000000,0.017529,0.005458,0.184864,0.488636,calls/second,milliseconds
1779273413,8,13.000000,3.893016,3.000000,1.844728,3.000000,3.000000,7.000000,8.000000,9.000000,13.000000,0.017491,0.005458,0.184864,0.488636,calls/second,milliseconds
1779273414,8,13.000000,3.893016,3.000000,1.844728,3.000000,3.000000,7.000000,8.000000,9.000000,13.000000,0.017453,0.005458,0.184864,0.488636,calls/second,milliseconds
1779273415,8,13.000000,3.893016,3.000000,1.844728,3.000000,3.000000,7.000000,8.000000,9.000000,13.000000,0.017415,0.005458,0.184864,0.488636,calls/second,milliseconds
1779273416,8,13.000000,3.893016,3.000000,1.844728,3.000000,3.000000,7.000000,8.000000,9.000000,13.000000,0.017377,0.005022,0.181808,0.485929,calls/second,milliseconds
1779273417,8,13.000000,3.893016,3.000000,1.844728,3.000000,3.000000,7.000000,8.000000,9.000000,13.000000,0.017339,0.005022,0.181808,0.485929,calls/second,milliseconds
1779273418,8,13.000000,3.893016,3.000000,1.844728,3.000000,3.000000,7.000000,8.000000,9.000000,13.000000,0.017301,0.005022,0.181808,0.485929,calls/second,milliseconds
1779273419,8,13.000000,3.893016,3.000000,1.844728,3.000000,3.000000,7.000000,8.000000,9.000000,13.000000,0.017264,0.005022,0.181808,0.485929,calls/second,milliseconds
1779273420,8,13.000000,3.893016,3.000000,1.844728,3.000000,3.000000,7.000000,8.000000,9.000000,13.000000,0.017227,0.005022,0.181808,0.485929,calls/second,milliseconds
1779273421,8,13.000000,3.893016,3.000000,1.844728,3.000000,3.000000,7.000000,8.000000,9.000000,13.000000,0.017190,0.004620,0.178803,0.483237,calls/second,milliseconds
1779273422,8,13.000000,3.893016,3.000000,1.844728,3.000000,3.000000,7.000000,8.000000,9.000000,13.000000,0.017153,0.004620,0.178803,0.483237,calls/second,milliseconds
1779273423,8,13.000000,3.893016,3.000000,1.844728,3.000000,3.000000,7.000000,8.000000,9.000000,13.000000,0.017116,0.004620,0.178803,0.483237,calls/second,milliseconds
1779273424,8,13.000000,3.893016,3.000000,1.844728,3.000000,3.000000,7.000000,8.000000,9.000000,13.000000,0.017079,0.004620,0.178803,0.483237,calls/second,milliseconds
1779273426,8,13.000000,3.893016,3.000000,1.844728,3.000000,3.000000,7.000000,8.000000,9.000000,13.000000,0.017043,0.004620,0.178803,0.483237,calls/second,milliseconds
1779273427,8,13.000000,3.893016,3.000000,1.844728,3.000000,3.000000,7.000000,8.000000,9.000000,13.000000,0.017007,0.004251,0.175848,0.480559,calls/second,milliseconds
1779273428,8,13.000000,3.893016,3.000000,1.844728,3.000000,3.000000,7.000000,8.000000,9.000000,13.000000,0.016971,0.004251,0.175848,0.480559,calls/second,milliseconds
1779273429,8,13.000000,3.893016,3.000000,1.844728,3.000000,3.000000,7.000000,8.000000,9.000000,13.000000,0.016935,0.004251,0.175848,0.480559,calls/second,milliseconds
1779273430,8,13.000000,3.893016,3.000000,1.844728,3.000000,3.000000,7.000000,8.000000,9.000000,13.000000,0.016899,0.004251,0.175848,0.480559,calls/second,milliseconds
1779273431,8,13.000000,3.893016,3.000000,1.844728,3.000000,3.000000,7.000000,8.000000,9.000000,13.000000,0.016863,0.004251,0.175848,0.480559,calls/second,milliseconds
1779273432,8,13.000000,3.893016,3.000000,1.844728,3.000000,3.000000,7.000000,8.000000,9.000000,13.000000,0.016828,0.003911,0.172941,0.477897,calls/second,milliseconds
1779273433,8,13.000000,3.893016,3.000000,1.844728,3.000000,3.000000,7.000000,8.000000,9.000000,13.000000,0.016792,0.003911,0.172941,0.477897,calls/second,milliseconds
1779273434,8,13.000000,3.893016,3.000000,1.844728,3.000000,3.000000,7.000000,8.000000,9.000000,13.000000,0.016757,0.003911,0.172941,0.477897,calls/second,milliseconds
1779273435,8,13.000000,3.893016,3.000000,1.844728,3.000000,3.000000,7.000000,8.000000,9.000000,13.000000,0.016722,0.003911,0.172941,0.477897,calls/second,milliseconds
1779273436,9,13.000000,3.175359,3.000000,0.891118,3.000000,3.000000,3.000000,7.000000,7.000000,13.000000,0.018773,0.003911,0.172941,0.477897,calls/second,milliseconds
1779273437,9,13.000000,3.175359,3.000000,0.891118,3.000000,3.000000,3.000000,7.000000,7.000000,13.000000,0.018734,0.019589,0.173389,0.476358,calls/second,milliseconds
1779273438,9,13.000000,3.175359,3.000000,0.891118,3.000000,3.000000,3.000000,7.000000,7.000000,13.000000,0.018695,0.019589,0.173389,0.476358,calls/second,milliseconds
1779273439,9,13.000000,3.175359,3.000000,0.891118,3.000000,3.000000,3.000000,7.000000,7.000000,13.000000,0.018656,0.019589,0.173389,0.476358,calls/second,milliseconds
1779273440,9,13.000000,3.175359,3.000000,0.891118,3.000000,3.000000,3.000000,7.000000,7.000000,13.000000,0.018617,0.019589,0.173389,0.476358,calls/second,milliseconds
1779273441,9,13.000000,3.175359,3.000000,0.891118,3.000000,3.000000,3.000000,7.000000,7.000000,13.000000,0.018579,0.019589,0.173389,0.476358,calls/second,milliseconds
1779273442,9,13.000000,3.175359,3.000000,0.891118,3.000000,3.000000,3.000000,7.000000,7.000000,13.000000,0.018540,0.018023,0.170523,0.473718,calls/second,milliseconds
1779273443,9,13.000000,3.175359,3.000000,0.891118,3.000000,3.000000,3.000000,7.000000,7.000000,13.000000,0.018502,0.018023,0.170523,0.473718,calls/second,milliseconds
1779273444,9,13.000000,3.175359,3.000000,0.891118,3.000000,3.000000,3.000000,7.000000,7.000000,13.000000,0.018464,0.018023,0.170523,0.473718,calls/second,milliseconds
1779273445,9,13.000000,3.175359,3.000000,0.891118,3.000000,3.000000,3.000000,7.000000,7.000000,13.000000,0.018426,0.018023,0.170523,0.473718,calls/second,milliseconds
1779273446,9,13.000000,3.175359,3.000000,0.891118,3.000000,3.000000,3.000000,7.000000,7.000000,13.000000,0.018389,0.018023,0.170523,0.473718,calls/second,milliseconds
1779273447,9,13.000000,3.175359,3.000000,0.891118,3.000000,3.000000,3.000000,7.000000,7.000000,13.000000,0.018351,0.016582,0.167704,0.471094,calls/second,milliseconds
1779273448,9,13.000000,3.175359,3.000000,0.891118,3.000000,3.000000,3.000000,7.000000,7.000000,13.000000,0.018314,0.016582,0.167704,0.471094,calls/second,milliseconds
1779273449,9,13.000000,3.175359,3.000000,0.891118,3.000000,3.000000,3.000000,7.000000,7.000000,13.000000,0.018276,0.016582,0.167704,0.471094,calls/second,milliseconds
1779273450,9,13.000000,3.175359,3.000000,0.891118,3.000000,3.000000,3.000000,7.000000,7.000000,13.000000,0.018239,0.016582,0.167704,0.471094,calls/second,milliseconds
1779273451,9,13.000000,3.175359,3.000000,0.891118,3.000000,3.000000,3.000000,7.000000,7.000000,13.000000,0.018202,0.016582,0.167704,0.471094,calls/second,milliseconds
1779273452,9,13.000000,3.175359,3.000000,0.891118,3.000000,3.000000,3.000000,7.000000,7.000000,13.000000,0.018166,0.015256,0.164932,0.468484,calls/second,milliseconds
1779273453,9,13.000000,3.175359,3.000000,0.891118,3.000000,3.000000,3.000000,7.000000,7.000000,13.000000,0.018129,0.015256,0.164932,0.468484,calls/second,milliseconds
1779273454,9,13.000000,3.175359,3.000000,0.891118,3.000000,3.000000,3.000000,7.000000,7.000000,13.000000,0.018092,0.015256,0.164932,0.468484,calls/second,milliseconds
1779273455,9,13.000000,3.175359,3.000000,0.891118,3.000000,3.000000,3.000000,7.000000,7.000000,13.000000,0.018056,0.015256,0.164932,0.468484,calls/second,milliseconds
1779273456,9,13.000000,3.175359,3.000000,0.891118,3.000000,3.000000,3.000000,7.000000,7.000000,13.000000,0.018020,0.015256,0.164932,0.468484,calls/second,milliseconds
1779273457,9,13.000000,3.175359,3.000000,0.891118,3.000000,3.000000,3.000000,7.000000,7.000000,13.000000,0.017984,0.014036,0.162206,0.465889,calls/second,milliseconds
1779273458,9,13.000000,3.175359,3.000000,0.891118,3.000000,3.000000,3.000000,7.000000,7.000000,13.000000,0.017948,0.014036,0.162206,0.465889,calls/second,milliseconds
1779273459,9,13.000000,3.175359,3.000000,0.891118,3.000000,3.000000,3.000000,7.000000,7.000000,13.000000,0.017912,0.014036,0.162206,0.465889,calls/second,milliseconds
1779273460,9,13.000000,3.175359,3.000000,0.891118,3.000000,3.000000,3.000000,7.000000,7.000000,13.000000,0.017876,0.014036,0.162206,0.465889,calls/second,milliseconds
1779273461,9,13.000000,3.175359,3.000000,0.891118,3.000000,3.000000,3.000000,7.000000,7.000000,13.000000,0.017841,0.014036,0.162206,0.465889,calls/second,milliseconds
1779273462,9,13.000000,3.175359,3.000000,0.891118,3.000000,3.000000,3.000000,7.000000,7.000000,13.000000,0.017806,0.012914,0.159525,0.463307,calls/second,milliseconds
1779273463,9,13.000000,3.175359,3.000000,0.891118,3.000000,3.000000,3.000000,7.000000,7.000000,13.000000,0.017770,0.012914,0.159525,0.463307,calls/second,milliseconds
1779273464,9,13.000000,3.175359,3.000000,0.891118,3.000000,3.000000,3.000000,7.000000,7.000000,13.000000,0.017735,0.012914,0.159525,0.463307,calls/second,milliseconds
1779273465,9,13.000000,3.175359,3.000000,0.891118,3.000000,3.000000,3.000000,7.000000,7.000000,13.000000,0.017700,0.012914,0.159525,0.463307,calls/second,milliseconds
1779273466,9,13.000000,3.175359,3.000000,0.891118,3.000000,3.000000,3.000000,7.000000,7.000000,13.000000,0.017666,0.012914,0.159525,0.463307,calls/second,milliseconds
1779273467,9,13.000000,3.175359,3.000000,0.891118,3.000000,3.000000,3.000000,7.000000,7.000000,13.000000,0.017631,0.011882,0.156889,0.460741,calls/second,milliseconds
1779273468,9,13.000000,3.175359,3.000000,0.891118,3.000000,3.000000,3.000000,7.000000,7.000000,13.000000,0.017596,0.011882,0.156889,0.460741,calls/second,milliseconds
1779273469,9,13.000000,3.175359,3.000000,0.891118,3.000000,3.000000,3.000000,7.000000,7.000000,13.000000,0.017562,0.011882,0.156889,0.460741,calls/second,milliseconds
1779273470,9,13.000000,3.175359,3.000000,0.891118,3.000000,3.000000,3.000000,7.000000,7.000000,13.000000,0.017528,0.011882,0.156889,0.460741,calls/second,milliseconds
1779273471,9,13.000000,3.175359,3.000000,0.891118,3.000000,3.000000,3.000000,7.000000,7.000000,13.000000,0.017494,0.011882,0.156889,0.460741,calls/second,milliseconds
1779273472,9,13.000000,3.175359,3.000000,0.891118,3.000000,3.000000,3.000000,7.000000,7.000000,13.000000,0.017460,0.010932,0.154295,0.458188,calls/second,milliseconds
1779273473,9,13.000000,3.175359,3.000000,0.891118,3.000000,3.000000,3.000000,7.000000,7.000000,13.000000,0.017426,0.010932,0.154295,0.458188,calls/second,milliseconds
1779273474,9,13.000000,3.175359,3.000000,0.891118,3.000000,3.000000,3.000000,7.000000,7.000000,13.000000,0.017392,0.010932,0.154295,0.458188,calls/second,milliseconds
1779273475,9,13.000000,3.175359,3.000000,0.891118,3.000000,3.000000,3.000000,7.000000,7.000000,13.000000,0.017359,0.010932,0.154295,0.458188,calls/second,milliseconds
1779273476,9,13.000000,3.175359,3.000000,0.891118,3.000000,3.000000,3.000000,7.000000,7.000000,13.000000,0.017325,0.010932,0.154295,0.458188,calls/second,milliseconds
1779273477,9,13.000000,3.175359,3.000000,0.891118,3.000000,3.000000,3.000000,7.000000,7.000000,13.000000,0.017292,0.010057,0.151745,0.455650,calls/second,milliseconds
1779273478,9,13.000000,3.175359,3.000000,0.891118,3.000000,3.000000,3.000000,7.000000,7.000000,13.000000,0.017259,0.010057,0.151745,0.455650,calls/second,milliseconds
1779273479,9,13.000000,3.175359,3.000000,0.891118,3.000000,3.000000,3.000000,7.000000,7.000000,13.000000,0.017225,0.010057,0.151745,0.455650,calls/second,milliseconds
1779273480,9,13.000000,3.175359,3.000000,0.891118,3.000000,3.000000,3.000000,7.000000,7.000000,13.000000,0.017192,0.010057,0.151745,0.455650,calls/second,milliseconds
1779273481,9,13.000000,3.175359,3.000000,0.891118,3.000000,3.000000,3.000000,7.000000,7.000000,13.000000,0.017160,0.010057,0.151745,0.455650,calls/second,milliseconds
1779273482,9,13.000000,3.175359,3.000000,0.891118,3.000000,3.000000,3.000000,7.000000,7.000000,13.000000,0.017127,0.009253,0.149237,0.453125,calls/second,milliseconds
1779273483,9,13.000000,3.175359,3.000000,0.891118,3.000000,3.000000,3.000000,7.000000,7.000000,13.000000,0.017094,0.009253,0.149237,0.453125,calls/second,milliseconds
1779273484,9,13.000000,3.175359,3.000000,0.891118,3.000000,3.000000,3.000000,7.000000,7.000000,13.000000,0.017062,0.009253,0.149237,0.453125,calls/second,milliseconds
1779273485,9,13.000000,3.175359,3.000000,0.891118,3.000000,3.000000,3.000000,7.000000,7.000000,13.000000,0.017030,0.009253,0.149237,0.453125,calls/second,milliseconds
1779273486,9,13.000000,3.175359,3.000000,0.891118,3.000000,3.000000,3.000000,7.000000,7.000000,13.000000,0.016997,0.009253,0.149237,0.453125,calls/second,milliseconds
1779273487,9,13.000000,3.175359,3.000000,0.891118,3.000000,3.000000,3.000000,7.000000,7.000000,13.000000,0.016965,0.008513,0.146770,0.450615,calls/second,milliseconds
1779273488,9,13.000000,3.175359,3.000000,0.891118,3.000000,3.000000,3.000000,7.000000,7.000000,13.000000,0.016933,0.008513,0.146770,0.450615,calls/second,milliseconds
1779273489,9,13.000000,3.175359,3.000000,0.891118,3.000000,3.000000,3.000000,7.000000,7.000000,13.000000,0.016901,0.008513,0.146770,0.450615,calls/second,milliseconds
1779273490,9,13.000000,3.175359,3.000000,0.891118,3.000000,3.000000,3.000000,7.000000,7.000000,13.000000,0.016870,0.008513,0.146770,0.450615,calls/second,milliseconds
1779273491,9,13.000000,3.175359,3.000000,0.891118,3.000000,3.000000,3.000000,7.000000,7.000000,13.000000,0.016838,0.008513,0.146770,0.450615,calls/second,milliseconds
1779273492,9,13.000000,3.175359,3.000000,0.891118,3.000000,3.000000,3.000000,7.000000,7.000000,13.000000,0.016807,0.007833,0.144344,0.448118,calls/second,milliseconds
1779273493,9,13.000000,3.175359,3.000000,0.891118,3.000000,3.000000,3.000000,7.000000,7.000000,13.000000,0.016775,0.007833,0.144344,0.448118,calls/second,milliseconds
1779273494,9,13.000000,3.175359,3.000000,0.891118,3.000000,3.000000,3.000000,7.000000,7.000000,13.000000,0.016744,0.007833,0.144344,0.448118,calls/second,milliseconds
1779273495,9,13.000000,3.175359,3.000000,0.891118,3.000000,3.000000,3.000000,7.000000,7.000000,13.000000,0.016713,0.007833,0.144344,0.448118,calls/second,milliseconds
1779273496,9,13.000000,3.175359,3.000000,0.891118,3.000000,3.000000,3.000000,7.000000,7.000000,13.000000,0.016682,0.007833,0.144344,0.448118,calls/second,milliseconds
1779273497,9,13.000000,3.175359,3.000000,0.891118,3.000000,3.000000,3.000000,7.000000,7.000000,13.000000,0.016651,0.007207,0.141959,0.445636,calls/second,milliseconds
1779273498,9,13.000000,3.175359,3.000000,0.891118,3.000000,3.000000,3.000000,7.000000,7.000000,13.000000,0.016620,0.007207,0.141959,0.445636,calls/second,milliseconds
1779273499,9,13.000000,3.175359,3.000000,0.891118,3.000000,3.000000,3.000000,7.000000,7.000000,13.000000,0.016589,0.007207,0.141959,0.445636,calls/second,milliseconds
1779273500,9,13.000000,3.175359,3.000000,0.891118,3.000000,3.000000,3.000000,7.000000,7.000000,13.000000,0.016559,0.007207,0.141959,0.445636,calls/second,milliseconds
1779273501,9,13.000000,3.175359,3.000000,0.891118,3.000000,3.000000,3.000000,7.000000,7.000000,13.000000,0.016528,0.007207,0.141959,0.445636,calls/second,milliseconds
1779273502,9,13.000000,3.175359,3.000000,0.891118,3.000000,3.000000,3.000000,7.000000,7.000000,13.000000,0.016498,0.006630,0.139612,0.443167,calls/second,milliseconds
1779273503,9,13.000000,3.175359,3.000000,0.891118,3.000000,3.000000,3.000000,7.000000,7.000000,13.000000,0.016468,0.006630,0.139612,0.443167,calls/second,milliseconds
1779273504,9,13.000000,3.175359,3.000000,0.891118,3.000000,3.000000,3.000000,7.000000,7.000000,13.000000,0.016438,0.006630,0.139612,0.443167,calls/second,milliseconds
1779273505,9,13.000000,3.175359,3.000000,0.891118,3.000000,3.000000,3.000000,7.000000,7.000000,13.000000,0.016408,0.006630,0.139612,0.443167,calls/second,milliseconds
1779273506,9,13.000000,3.175359,3.000000,0.891118,3.000000,3.000000,3.000000,7.000000,7.000000,13.000000,0.016378,0.006630,0.139612,0.443167,calls/second,milliseconds
1779273507,9,13.000000,3.175359,3.000000,0.891118,3.000000,3.000000,3.000000,7.000000,7.000000,13.000000,0.016348,0.006100,0.137305,0.440712,calls/second,milliseconds
1779273508,9,13.000000,3.175359,3.000000,0.891118,3.000000,3.000000,3.000000,7.000000,7.000000,13.000000,0.016318,0.006100,0.137305,0.440712,calls/second,milliseconds
1779273509,9,13.000000,3.175359,3.000000,0.891118,3.000000,3.000000,3.000000,7.000000,7.000000,13.000000,0.016289,0.006100,0.137305,0.440712,calls/second,milliseconds
1779273510,9,13.000000,3.175359,3.000000,0.891118,3.000000,3.000000,3.000000,7.000000,7.000000,13.000000,0.016259,0.006100,0.137305,0.440712,calls/second,milliseconds
1779273511,9,13.000000,3.175359,3.000000,0.891118,3.000000,3.000000,3.000000,7.000000,7.000000,13.000000,0.016230,0.006100,0.137305,0.440712,calls/second,milliseconds
1779273512,9,13.000000,3.175359,3.000000,0.891118,3.000000,3.000000,3.000000,7.000000,7.000000,13.000000,0.016201,0.005612,0.135035,0.438270,calls/second,milliseconds
1779273513,9,13.000000,3.175359,3.000000,0.891118,3.000000,3.000000,3.000000,7.000000,7.000000,13.000000,0.016172,0.005612,0.135035,0.438270,calls/second,milliseconds
1779273514,9,13.000000,3.175359,3.000000,0.891118,3.000000,3.000000,3.000000,7.000000,7.000000,13.000000,0.016142,0.005612,0.135035,0.438270,calls/second,milliseconds
1779273515,9,13.000000,3.175359,3.000000,0.891118,3.000000,3.000000,3.000000,7.000000,7.000000,13.000000,0.016114,0.005612,0.135035,0.438270,calls/second,milliseconds
1779273516,9,13.000000,3.175359,3.000000,0.891118,3.000000,3.000000,3.000000,7.000000,7.000000,13.000000,0.016085,0.005612,0.135035,0.438270,calls/second,milliseconds
1779273517,9,13.000000,3.175359,3.000000,0.891118,3.000000,3.000000,3.000000,7.000000,7.000000,13.000000,0.016056,0.005164,0.132803,0.435842,calls/second,milliseconds
1779273518,9,13.000000,3.175359,3.000000,0.891118,3.000000,3.000000,3.000000,7.000000,7.000000,13.000000,0.016027,0.005164,0.132803,0.435842,calls/second,milliseconds
1779273519,9,13.000000,3.175359,3.000000,0.891118,3.000000,3.000000,3.000000,7.000000,7.000000,13.000000,0.015999,0.005164,0.132803,0.435842,calls/second,milliseconds
1779273520,9,13.000000,3.175359,3.000000,0.891118,3.000000,3.000000,3.000000,7.000000,7.000000,13.000000,0.015970,0.005164,0.132803,0.435842,calls/second,milliseconds
1779273521,9,13.000000,3.175359,3.000000,0.891118,3.000000,3.000000,3.000000,7.000000,7.000000,13.000000,0.015942,0.005164,0.132803,0.435842,calls/second,milliseconds
1779273522,9,13.000000,3.175359,3.000000,0.891118,3.000000,3.000000,3.000000,7.000000,7.000000,13.000000,0.015914,0.004751,0.130608,0.433427,calls/second,milliseconds
1779273523,9,13.000000,3.175359,3.000000,0.891118,3.000000,3.000000,3.000000,7.000000,7.000000,13.000000,0.015886,0.004751,0.130608,0.433427,calls/second,milliseconds
1779273524,9,13.000000,3.175359,3.000000,0.891118,3.000000,3.000000,3.000000,7.000000,7.000000,13.000000,0.015858,0.004751,0.130608,0.433427,calls/second,milliseconds
1779273525,9,13.000000,3.175359,3.000000,0.891118,3.000000,3.000000,3.000000,7.000000,7.000000,13.000000,0.015830,0.004751,0.130608,0.433427,calls/second,milliseconds
1779273526,9,13.000000,3.175359,3.000000,0.891118,3.000000,3.000000,3.000000,7.000000,7.000000,13.000000,0.015802,0.004751,0.130608,0.433427,calls/second,milliseconds
1779273527,9,13.000000,3.175359,3.000000,0.891118,3.000000,3.000000,3.000000,7.000000,7.000000,13.000000,0.015774,0.004371,0.128449,0.431026,calls/second,milliseconds
1779273528,9,13.000000,3.175359,3.000000,0.891118,3.000000,3.000000,3.000000,7.000000,7.000000,13.000000,0.015746,0.004371,0.128449,0.431026,calls/second,milliseconds
1779273529,9,13.000000,3.175359,3.000000,0.891118,3.000000,3.000000,3.000000,7.000000,7.000000,13.000000,0.015719,0.004371,0.128449,0.431026,calls/second,milliseconds
1779273530,9,13.000000,3.175359,3.000000,0.891118,3.000000,3.000000,3.000000,7.000000,7.000000,13.000000,0.015692,0.004371,0.128449,0.431026,calls/second,milliseconds
1779273531,9,13.000000,3.175359,3.000000,0.891118,3.000000,3.000000,3.000000,7.000000,7.000000,13.000000,0.015664,0.004371,0.128449,0.431026,calls/second,milliseconds
1779273532,9,13.000000,3.175359,3.000000,0.891118,3.000000,3.000000,3.000000,7.000000,7.000000,13.000000,0.015637,0.004021,0.126326,0.428638,calls/second,milliseconds
1779273533,9,13.000000,3.175359,3.000000,0.891118,3.000000,3.000000,3.000000,7.000000,7.000000,13.000000,0.015610,0.004021,0.126326,0.428638,calls/second,milliseconds
1779273534,9,13.000000,3.175359,3.000000,0.891118,3.000000,3.000000,3.000000,7.000000,7.000000,13.000000,0.015583,0.004021,0.126326,0.428638,calls/second,milliseconds
1779273535,9,13.000000,3.175359,3.000000,0.891118,3.000000,3.000000,3.000000,7.000000,7.000000,13.000000,0.015556,0.004021,0.126326,0.428638,calls/second,milliseconds
1779273536,9,13.000000,3.175359,3.000000,0.891118,3.000000,3.000000,3.000000,7.000000,7.000000,13.000000,0.015529,0.004021,0.126326,0.428638,calls/second,milliseconds
1779273537,9,13.000000,3.175359,3.000000,0.891118,3.000000,3.000000,3.000000,7.000000,7.000000,13.000000,0.015502,0.003700,0.124238,0.426263,calls/second,milliseconds
1779273538,9,13.000000,3.175359,3.000000,0.891118,3.000000,3.000000,3.000000,7.000000,7.000000,13.000000,0.015475,0.003700,0.124238,0.426263,calls/second,milliseconds
1779273539,9,13.000000,3.175359,3.000000,0.891118,3.000000,3.000000,3.000000,7.000000,7.000000,13.000000,0.015449,0.003700,0.124238,0.426263,calls/second,milliseconds
1779273540,9,13.000000,3.175359,3.000000,0.891118,3.000000,3.000000,3.000000,7.000000,7.000000,13.000000,0.015422,0.003700,0.124238,0.426263,calls/second,milliseconds
1779273541,9,13.000000,3.175359,3.000000,0.891118,3.000000,3.000000,3.000000,7.000000,7.000000,13.000000,0.015396,0.003700,0.124238,0.426263,calls/second,milliseconds
1779273542,9,13.000000,3.175359,3.000000,0.891118,3.000000,3.000000,3.000000,7.000000,7.000000,13.000000,0.015369,0.003404,0.122185,0.423902,calls/second,milliseconds
1779273543,9,13.000000,3.175359,3.000000,0.891118,3.000000,3.000000,3.000000,7.000000,7.000000,13.000000,0.015343,0.003404,0.122185,0.423902,calls/second,milliseconds
1779273544,9,13.000000,3.175359,3.000000,0.891118,3.000000,3.000000,3.000000,7.000000,7.000000,13.000000,0.015317,0.003404,0.122185,0.423902,calls/second,milliseconds
1779273545,10,13.000000,3.034235,3.000000,0.399826,3.000000,3.000000,3.000000,3.000000,3.000000,8.000000,0.016990,0.003404,0.122185,0.423902,calls/second,milliseconds
1779273546,10,13.000000,3.034235,3.000000,0.399826,3.000000,3.000000,3.000000,3.000000,3.000000,8.000000,0.016961,0.003404,0.122185,0.423902,calls/second,milliseconds
1779273547,10,13.000000,3.034235,3.000000,0.399826,3.000000,3.000000,3.000000,3.000000,3.000000,8.000000,0.016932,0.019123,0.123471,0.422661,calls/second,milliseconds
1779273548,10,13.000000,3.034235,3.000000,0.399826,3.000000,3.000000,3.000000,3.000000,3.000000,8.000000,0.016904,0.019123,0.123471,0.422661,calls/second,milliseconds
1779273549,10,13.000000,3.034235,3.000000,0.399826,3.000000,3.000000,3.000000,3.000000,3.000000,8.000000,0.016875,0.019123,0.123471,0.422661,calls/second,milliseconds
1779273550,10,13.000000,3.034235,3.000000,0.399826,3.000000,3.000000,3.000000,3.000000,3.000000,8.000000,0.016847,0.019123,0.123471,0.422661,calls/second,milliseconds
1779273551,10,13.000000,3.034235,3.000000,0.399826,3.000000,3.000000,3.000000,3.000000,3.000000,8.000000,0.016818,0.019123,0.123471,0.422661,calls/second,milliseconds
1779273552,10,13.000000,3.034235,3.000000,0.399826,3.000000,3.000000,3.000000,3.000000,3.000000,8.000000,0.016790,0.017594,0.121430,0.420320,calls/second,milliseconds
1779273553,10,13.000000,3.034235,3.000000,0.399826,3.000000,3.000000,3.000000,3.000000,3.000000,8.000000,0.016762,0.017594,0.121430,0.420320,calls/second,milliseconds
1779273554,10,13.000000,3.034235,3.000000,0.399826,3.000000,3.000000,3.000000,3.000000,3.000000,8.000000,0.016734,0.017594,0.121430,0.420320,calls/second,milliseconds
1779273555,10,13.000000,3.034235,3.000000,0.399826,3.000000,3.000000,3.000000,3.000000,3.000000,8.000000,0.016706,0.017594,0.121430,0.420320,calls/second,milliseconds
1779273556,10,13.000000,3.034235,3.000000,0.399826,3.000000,3.000000,3.000000,3.000000,3.000000,8.000000,0.016678,0.017594,0.121430,0.420320,calls/second,milliseconds
1779273557,10,13.000000,3.034235,3.000000,0.399826,3.000000,3.000000,3.000000,3.000000,3.000000,8.000000,0.016650,0.016187,0.119423,0.417991,calls/second,milliseconds
1779273558,10,13.000000,3.034235,3.000000,0.399826,3.000000,3.000000,3.000000,3.000000,3.000000,8.000000,0.016622,0.016187,0.119423,0.417991,calls/second,milliseconds
1779273559,10,13.000000,3.034235,3.000000,0.399826,3.000000,3.000000,3.000000,3.000000,3.000000,8.000000,0.016595,0.016187,0.119423,0.417991,calls/second,milliseconds
1779273560,10,13.000000,3.034235,3.000000,0.399826,3.000000,3.000000,3.000000,3.000000,3.000000,8.000000,0.016567,0.016187,0.119423,0.417991,calls/second,milliseconds
1779273561,10,13.000000,3.034235,3.000000,0.399826,3.000000,3.000000,3.000000,3.000000,3.000000,8.000000,0.016540,0.016187,0.119423,0.417991,calls/second,milliseconds
1779273562,10,13.000000,3.034235,3.000000,0.399826,3.000000,3.000000,3.000000,3.000000,3.000000,8.000000,0.016512,0.014893,0.117449,0.415675,calls/second,milliseconds
1779273563,10,13.000000,3.034235,3.000000,0.399826,3.000000,3.000000,3.000000,3.000000,3.000000,8.000000,0.016485,0.014893,0.117449,0.415675,calls/second,milliseconds
1779273564,10,13.000000,3.034235,3.000000,0.399826,3.000000,3.000000,3.000000,3.000000,3.000000,8.000000,0.016458,0.014893,0.117449,0.415675,calls/second,milliseconds
1779273565,10,13.000000,3.034235,3.000000,0.399826,3.000000,3.000000,3.000000,3.000000,3.000000,8.000000,0.016431,0.014893,0.117449,0.415675,calls/second,milliseconds
1779273566,10,13.000000,3.034235,3.000000,0.399826,3.000000,3.000000,3.000000,3.000000,3.000000,8.000000,0.016404,0.014893,0.117449,0.415675,calls/second,milliseconds
1779273567,10,13.000000,3.034235,3.000000,0.399826,3.000000,3.000000,3.000000,3.000000,3.000000,8.000000,0.016377,0.013702,0.115508,0.413373,calls/second,milliseconds
1779273568,10,13.000000,3.034235,3.000000,0.399826,3.000000,3.000000,3.000000,3.000000,3.000000,8.000000,0.016350,0.013702,0.115508,0.413373,calls/second,milliseconds
1779273569,10,13.000000,3.034235,3.000000,0.399826,3.000000,3.000000,3.000000,3.000000,3.000000,8.000000,0.016323,0.013702,0.115508,0.413373,calls/second,milliseconds
1779273570,10,13.000000,3.034235,3.000000,0.399826,3.000000,3.000000,3.000000,3.000000,3.000000,8.000000,0.016297,0.013702,0.115508,0.413373,calls/second,milliseconds
1779273571,10,13.000000,3.034235,3.000000,0.399826,3.000000,3.000000,3.000000,3.000000,3.000000,8.000000,0.016270,0.013702,0.115508,0.413373,calls/second,milliseconds
1779273572,10,13.000000,3.034235,3.000000,0.399826,3.000000,3.000000,3.000000,3.000000,3.000000,8.000000,0.016244,0.012607,0.113599,0.411082,calls/second,milliseconds
1779273573,10,13.000000,3.034235,3.000000,0.399826,3.000000,3.000000,3.000000,3.000000,3.000000,8.000000,0.016217,0.012607,0.113599,0.411082,calls/second,milliseconds
1779273574,10,13.000000,3.034235,3.000000,0.399826,3.000000,3.000000,3.000000,3.000000,3.000000,8.000000,0.016191,0.012607,0.113599,0.411082,calls/second,milliseconds
1779273575,10,13.000000,3.034235,3.000000,0.399826,3.000000,3.000000,3.000000,3.000000,3.000000,8.000000,0.016165,0.012607,0.113599,0.411082,calls/second,milliseconds
1779273576,10,13.000000,3.034235,3.000000,0.399826,3.000000,3.000000,3.000000,3.000000,3.000000,8.000000,0.016139,0.012607,0.113599,0.411082,calls/second,milliseconds
1779273577,10,13.000000,3.034235,3.000000,0.399826,3.000000,3.000000,3.000000,3.000000,3.000000,8.000000,0.016113,0.011599,0.111721,0.408805,calls/second,milliseconds
1779273578,10,13.000000,3.034235,3.000000,0.399826,3.000000,3.000000,3.000000,3.000000,3.000000,8.000000,0.016087,0.011599,0.111721,0.408805,calls/second,milliseconds
1779273579,10,13.000000,3.034235,3.000000,0.399826,3.000000,3.000000,3.000000,3.000000,3.000000,8.000000,0.016061,0.011599,0.111721,0.408805,calls/second,milliseconds
1779273580,10,13.000000,3.034235,3.000000,0.399826,3.000000,3.000000,3.000000,3.000000,3.000000,8.000000,0.016035,0.011599,0.111721,0.408805,calls/second,milliseconds
1779273581,10,13.000000,3.034235,3.000000,0.399826,3.000000,3.000000,3.000000,3.000000,3.000000,8.000000,0.016009,0.011599,0.111721,0.408805,calls/second,milliseconds
1779273582,10,13.000000,3.034235,3.000000,0.399826,3.000000,3.000000,3.000000,3.000000,3.000000,8.000000,0.015984,0.010671,0.109875,0.406540,calls/second,milliseconds
1779273583,10,13.000000,3.034235,3.000000,0.399826,3.000000,3.000000,3.000000,3.000000,3.000000,8.000000,0.015958,0.010671,0.109875,0.406540,calls/second,milliseconds
1779273584,10,13.000000,3.034235,3.000000,0.399826,3.000000,3.000000,3.000000,3.000000,3.000000,8.000000,0.015933,0.010671,0.109875,0.406540,calls/second,milliseconds
1779273585,10,13.000000,3.034235,3.000000,0.399826,3.000000,3.000000,3.000000,3.000000,3.000000,8.000000,0.015907,0.010671,0.109875,0.406540,calls/second,milliseconds
1779273586,10,13.000000,3.034235,3.000000,0.399826,3.000000,3.000000,3.000000,3.000000,3.000000,8.000000,0.015882,0.010671,0.109875,0.406540,calls/second,milliseconds
1779273587,10,13.000000,3.034235,3.000000,0.399826,3.000000,3.000000,3.000000,3.000000,3.000000,8.000000,0.015857,0.009818,0.108059,0.404288,calls/second,milliseconds
1779273588,10,13.000000,3.034235,3.000000,0.399826,3.000000,3.000000,3.000000,3.000000,3.000000,8.000000,0.015832,0.009818,0.108059,0.404288,calls/second,milliseconds
1779273589,10,13.000000,3.034235,3.000000,0.399826,3.000000,3.000000,3.000000,3.000000,3.000000,8.000000,0.015806,0.009818,0.108059,0.404288,calls/second,milliseconds
1779273590,10,13.000000,3.034235,3.000000,0.399826,3.000000,3.000000,3.000000,3.000000,3.000000,8.000000,0.015781,0.009818,0.108059,0.404288,calls/second,milliseconds
1779273591,10,13.000000,3.034235,3.000000,0.399826,3.000000,3.000000,3.000000,3.000000,3.000000,8.000000,0.015757,0.009818,0.108059,0.404288,calls/second,milliseconds
1779273592,10,13.000000,3.034235,3.000000,0.399826,3.000000,3.000000,3.000000,3.000000,3.000000,8.000000,0.015732,0.009033,0.106273,0.402048,calls/second,milliseconds
1779273593,10,13.000000,3.034235,3.000000,0.399826,3.000000,3.000000,3.000000,3.000000,3.000000,8.000000,0.015707,0.009033,0.106273,0.402048,calls/second,milliseconds
1779273594,10,13.000000,3.034235,3.000000,0.399826,3.000000,3.000000,3.000000,3.000000,3.000000,8.000000,0.015682,0.009033,0.106273,0.402048,calls/second,milliseconds
1779273595,10,13.000000,3.034235,3.000000,0.399826,3.000000,3.000000,3.000000,3.000000,3.000000,8.000000,0.015658,0.009033,0.106273,0.402048,calls/second,milliseconds
1779273596,10,13.000000,3.034235,3.000000,0.399826,3.000000,3.000000,3.000000,3.000000,3.000000,8.000000,0.015633,0.009033,0.106273,0.402048,calls/second,milliseconds
1779273597,10,13.000000,3.034235,3.000000,0.399826,3.000000,3.000000,3.000000,3.000000,3.000000,8.000000,0.015609,0.008311,0.104516,0.399821,calls/second,milliseconds
1779273598,10,13.000000,3.034235,3.000000,0.399826,3.000000,3.000000,3.000000,3.000000,3.000000,8.000000,0.015584,0.008311,0.104516,0.399821,calls/second,milliseconds
1779273599,10,13.000000,3.034235,3.000000,0.399826,3.000000,3.000000,3.000000,3.000000,3.000000,8.000000,0.015560,0.008311,0.104516,0.399821,calls/second,milliseconds
1779273600,10,13.000000,3.034235,3.000000,0.399826,3.000000,3.000000,3.000000,3.000000,3.000000,8.000000,0.015536,0.008311,0.104516,0.399821,calls/second,milliseconds
1779273601,10,13.000000,3.034235,3.000000,0.399826,3.000000,3.000000,3.000000,3.000000,3.000000,8.000000,0.015512,0.008311,0.104516,0.399821,calls/second,milliseconds
1779273602,10,13.000000,3.034235,3.000000,0.399826,3.000000,3.000000,3.000000,3.000000,3.000000,8.000000,0.015488,0.007646,0.102789,0.397606,calls/second,milliseconds
1779273603,10,13.000000,3.034235,3.000000,0.399826,3.000000,3.000000,3.000000,3.000000,3.000000,8.000000,0.015464,0.007646,0.102789,0.397606,calls/second,milliseconds
1779273604,10,13.000000,3.034235,3.000000,0.399826,3.000000,3.000000,3.000000,3.000000,3.000000,8.000000,0.015440,0.007646,0.102789,0.397606,calls/second,milliseconds
1779273605,10,13.000000,3.034235,3.000000,0.399826,3.000000,3.000000,3.000000,3.000000,3.000000,8.000000,0.015416,0.007646,0.102789,0.397606,calls/second,milliseconds
1779273606,10,13.000000,3.034235,3.000000,0.399826,3.000000,3.000000,3.000000,3.000000,3.000000,8.000000,0.015392,0.007646,0.102789,0.397606,calls/second,milliseconds
1779273607,10,13.000000,3.034235,3.000000,0.399826,3.000000,3.000000,3.000000,3.000000,3.000000,8.000000,0.015369,0.007035,0.101090,0.395403,calls/second,milliseconds
1779273608,10,13.000000,3.034235,3.000000,0.399826,3.000000,3.000000,3.000000,3.000000,3.000000,8.000000,0.015345,0.007035,0.101090,0.395403,calls/second,milliseconds
1779273609,10,13.000000,3.034235,3.000000,0.399826,3.000000,3.000000,3.000000,3.000000,3.000000,8.000000,0.015321,0.007035,0.101090,0.395403,calls/second,milliseconds
1779273610,10,13.000000,3.034235,3.000000,0.399826,3.000000,3.000000,3.000000,3.000000,3.000000,8.000000,0.015298,0.007035,0.101090,0.395403,calls/second,milliseconds
1779273611,10,13.000000,3.034235,3.000000,0.399826,3.000000,3.000000,3.000000,3.000000,3.000000,8.000000,0.015275,0.007035,0.101090,0.395403,calls/second,milliseconds
1779273612,10,13.000000,3.034235,3.000000,0.399826,3.000000,3.000000,3.000000,3.000000,3.000000,8.000000,0.015251,0.006472,0.099419,0.393212,calls/second,milliseconds
1779273613,10,13.000000,3.034235,3.000000,0.399826,3.000000,3.000000,3.000000,3.000000,3.000000,8.000000,0.015228,0.006472,0.099419,0.393212,calls/second,milliseconds
1779273614,10,13.000000,3.034235,3.000000,0.399826,3.000000,3.000000,3.000000,3.000000,3.000000,8.000000,0.015205,0.006472,0.099419,0.393212,calls/second,milliseconds
1779273615,10,13.000000,3.034235,3.000000,0.399826,3.000000,3.000000,3.000000,3.000000,3.000000,8.000000,0.015182,0.006472,0.099419,0.393212,calls/second,milliseconds
1779273616,10,13.000000,3.034235,3.000000,0.399826,3.000000,3.000000,3.000000,3.000000,3.000000,8.000000,0.015159,0.006472,0.099419,0.393212,calls/second,milliseconds
1779273617,10,13.000000,3.034235,3.000000,0.399826,3.000000,3.000000,3.000000,3.000000,3.000000,8.000000,0.015136,0.005955,0.097775,0.391034,calls/second,milliseconds
1779273618,10,13.000000,3.034235,3.000000,0.399826,3.000000,3.000000,3.000000,3.000000,3.000000,8.000000,0.015113,0.005955,0.097775,0.391034,calls/second,milliseconds
1779273619,10,13.000000,3.034235,3.000000,0.399826,3.000000,3.000000,3.000000,3.000000,3.000000,8.000000,0.015090,0.005955,0.097775,0.391034,calls/second,milliseconds
1779273620,10,13.000000,3.034235,3.000000,0.399826,3.000000,3.000000,3.000000,3.000000,3.000000,8.000000,0.015067,0.005955,0.097775,0.391034,calls/second,milliseconds
1779273621,10,13.000000,3.034235,3.000000,0.399826,3.000000,3.000000,3.000000,3.000000,3.000000,8.000000,0.015044,0.005955,0.097775,0.391034,calls/second,milliseconds
1779273622,10,13.000000,3.034235,3.000000,0.399826,3.000000,3.000000,3.000000,3.000000,3.000000,8.000000,0.015022,0.005479,0.096159,0.388867,calls/second,milliseconds
1779273623,10,13.000000,3.034235,3.000000,0.399826,3.000000,3.000000,3.000000,3.000000,3.000000,8.000000,0.014999,0.005479,0.096159,0.388867,calls/second,milliseconds
1779273624,10,13.000000,3.034235,3.000000,0.399826,3.000000,3.000000,3.000000,3.000000,3.000000,8.000000,0.014977,0.005479,0.096159,0.388867,calls/second,milliseconds
1779273625,10,13.000000,3.034235,3.000000,0.399826,3.000000,3.000000,3.000000,3.000000,3.000000,8.000000,0.014954,0.005479,0.096159,0.388867,calls/second,milliseconds
1779273626,10,13.000000,3.034235,3.000000,0.399826,3.000000,3.000000,3.000000,3.000000,3.000000,8.000000,0.014932,0.005479,0.096159,0.388867,calls/second,milliseconds
1779273627,10,13.000000,3.034235,3.000000,0.399826,3.000000,3.000000,3.000000,3.000000,3.000000,8.000000,0.014910,0.005041,0.094570,0.386713,calls/second,milliseconds
1779273628,10,13.000000,3.034235,3.000000,0.399826,3.000000,3.000000,3.000000,3.000000,3.000000,8.000000,0.014887,0.005041,0.094570,0.386713,calls/second,milliseconds
1779273629,10,13.000000,3.034235,3.000000,0.399826,3.000000,3.000000,3.000000,3.000000,3.000000,8.000000,0.014865,0.005041,0.094570,0.386713,calls/second,milliseconds
1779273630,10,13.000000,3.034235,3.000000,0.399826,3.000000,3.000000,3.000000,3.000000,3.000000,8.000000,0.014843,0.005041,0.094570,0.386713,calls/second,milliseconds
1779273631,10,13.000000,3.034235,3.000000,0.399826,3.000000,3.000000,3.000000,3.000000,3.000000,8.000000,0.014821,0.005041,0.094570,0.386713,calls/second,milliseconds
1779273632,10,13.000000,3.034235,3.000000,0.399826,3.000000,3.000000,3.000000,3.000000,3.000000,8.000000,0.014799,0.004638,0.093007,0.384570,calls/second,milliseconds
1779273633,10,13.000000,3.034235,3.000000,0.399826,3.000000,3.000000,3.000000,3.000000,3.000000,8.000000,0.014777,0.004638,0.093007,0.384570,calls/second,milliseconds
1779273634,10,13.000000,3.034235,3.000000,0.399826,3.000000,3.000000,3.000000,3.000000,3.000000,8.000000,0.014755,0.004638,0.093007,0.384570,calls/second,milliseconds
1779273635,10,13.000000,3.034235,3.000000,0.399826,3.000000,3.000000,3.000000,3.000000,3.000000,8.000000,0.014734,0.004638,0.093007,0.384570,calls/second,milliseconds
1779273636,10,13.000000,3.034235,3.000000,0.399826,3.000000,3.000000,3.000000,3.000000,3.000000,8.000000,0.014712,0.004638,0.093007,0.384570,calls/second,milliseconds
1779273637,10,13.000000,3.034235,3.000000,0.399826,3.000000,3.000000,3.000000,3.000000,3.000000,8.000000,0.014690,0.004267,0.091470,0.382440,calls/second,milliseconds
1779273638,10,13.000000,3.034235,3.000000,0.399826,3.000000,3.000000,3.000000,3.000000,3.000000,8.000000,0.014669,0.004267,0.091470,0.382440,calls/second,milliseconds
1779273639,10,13.000000,3.034235,3.000000,0.399826,3.000000,3.000000,3.000000,3.000000,3.000000,8.000000,0.014647,0.004267,0.091470,0.382440,calls/second,milliseconds
1779273640,10,13.000000,3.034235,3.000000,0.399826,3.000000,3.000000,3.000000,3.000000,3.000000,8.000000,0.014626,0.004267,0.091470,0.382440,calls/second,milliseconds
1779273641,10,13.000000,3.034235,3.000000,0.399826,3.000000,3.000000,3.000000,3.000000,3.000000,8.000000,0.014604,0.004267,0.091470,0.382440,calls/second,milliseconds
1779273642,10,13.000000,3.034235,3.000000,0.399826,3.000000,3.000000,3.000000,3.000000,3.000000,8.000000,0.014583,0.003926,0.089958,0.380321,calls/second,milliseconds
1779273643,10,13.000000,3.034235,3.000000,0.399826,3.000000,3.000000,3.000000,3.000000,3.000000,8.000000,0.014562,0.003926,0.089958,0.380321,calls/second,milliseconds
1779273644,10,13.000000,3.034235,3.000000,0.399826,3.000000,3.000000,3.000000,3.000000,3.000000,8.000000,0.014540,0.003926,0.089958,0.380321,calls/second,milliseconds
1779273645,10,13.000000,3.034235,3.000000,0.399826,3.000000,3.000000,3.000000,3.000000,3.000000,8.000000,0.014519,0.003926,0.089958,0.380321,calls/second,milliseconds
1779273646,10,13.000000,3.034235,3.000000,0.399826,3.000000,3.000000,3.000000,3.000000,3.000000,8.000000,0.014498,0.003926,0.089958,0.380321,calls/second,milliseconds
1779273647,10,13.000000,3.034235,3.000000,0.399826,3.000000,3.000000,3.000000,3.000000,3.000000,8.000000,0.014477,0.003612,0.088471,0.378214,calls/second,milliseconds
1779273648,10,13.000000,3.034235,3.000000,0.399826,3.000000,3.000000,3.000000,3.000000,3.000000,8.000000,0.014456,0.003612,0.088471,0.378214,calls/second,milliseconds
1779273649,10,13.000000,3.034235,3.000000,0.399826,3.000000,3.000000,3.000000,3.000000,3.000000,8.000000,0.014435,0.003612,0.088471,0.378214,calls/second,milliseconds
1779273650,10,13.000000,3.034235,3.000000,0.399826,3.000000,3.000000,3.000000,3.000000,3.000000,8.000000,0.014415,0.003612,0.088471,0.378214,calls/second,milliseconds
1779273651,11,13.000000,3.006839,3.000000,0.179223,3.000000,3.000000,3.000000,3.000000,3.000000,7.000000,0.015833,0.003612,0.088471,0.378214,calls/second,milliseconds
1779273652,11,13.000000,3.006839,3.000000,0.179223,3.000000,3.000000,3.000000,3.000000,3.000000,7.000000,0.015810,0.019314,0.090314,0.377227,calls/second,milliseconds
1779273653,11,13.000000,3.006839,3.000000,0.179223,3.000000,3.000000,3.000000,3.000000,3.000000,7.000000,0.015788,0.019314,0.090314,0.377227,calls/second,milliseconds
1779273654,11,13.000000,3.006839,3.000000,0.179223,3.000000,3.000000,3.000000,3.000000,3.000000,7.000000,0.015765,0.019314,0.090314,0.377227,calls/second,milliseconds
1779273655,11,13.000000,3.006839,3.000000,0.179223,3.000000,3.000000,3.000000,3.000000,3.000000,7.000000,0.015742,0.019314,0.090314,0.377227,calls/second,milliseconds
1779273656,11,13.000000,3.006839,3.000000,0.179223,3.000000,3.000000,3.000000,3.000000,3.000000,7.000000,0.015720,0.019314,0.090314,0.377227,calls/second,milliseconds
1779273657,11,13.000000,3.006839,3.000000,0.179223,3.000000,3.000000,3.000000,3.000000,3.000000,7.000000,0.015697,0.017770,0.088822,0.375137,calls/second,milliseconds
1779273658,11,13.000000,3.006839,3.000000,0.179223,3.000000,3.000000,3.000000,3.000000,3.000000,7.000000,0.015675,0.017770,0.088822,0.375137,calls/second,milliseconds
1779273659,11,13.000000,3.006839,3.000000,0.179223,3.000000,3.000000,3.000000,3.000000,3.000000,7.000000,0.015653,0.017770,0.088822,0.375137,calls/second,milliseconds
1779273660,11,13.000000,3.006839,3.000000,0.179223,3.000000,3.000000,3.000000,3.000000,3.000000,7.000000,0.015630,0.017770,0.088822,0.375137,calls/second,milliseconds
1779273661,11,13.000000,3.006839,3.000000,0.179223,3.000000,3.000000,3.000000,3.000000,3.000000,7.000000,0.015608,0.017770,0.088822,0.375137,calls/second,milliseconds
1779273662,11,13.000000,3.006839,3.000000,0.179223,3.000000,3.000000,3.000000,3.000000,3.000000,7.000000,0.015586,0.016349,0.087353,0.373059,calls/second,milliseconds
1779273663,11,13.000000,3.006839,3.000000,0.179223,3.000000,3.000000,3.000000,3.000000,3.000000,7.000000,0.015564,0.016349,0.087353,0.373059,calls/second,milliseconds
1779273664,11,13.000000,3.006839,3.000000,0.179223,3.000000,3.000000,3.000000,3.000000,3.000000,7.000000,0.015542,0.016349,0.087353,0.373059,calls/second,milliseconds
1779273665,11,13.000000,3.006839,3.000000,0.179223,3.000000,3.000000,3.000000,3.000000,3.000000,7.000000,0.015520,0.016349,0.087353,0.373059,calls/second,milliseconds
1779273666,11,13.000000,3.006839,3.000000,0.179223,3.000000,3.000000,3.000000,3.000000,3.000000,7.000000,0.015498,0.016349,0.087353,0.373059,calls/second,milliseconds
1779273667,11,13.000000,3.006839,3.000000,0.179223,3.000000,3.000000,3.000000,3.000000,3.000000,7.000000,0.015476,0.015042,0.085910,0.370992,calls/second,milliseconds
1779273668,11,13.000000,3.006839,3.000000,0.179223,3.000000,3.000000,3.000000,3.000000,3.000000,7.000000,0.015454,0.015042,0.085910,0.370992,calls/second,milliseconds
1779273669,11,13.000000,3.006839,3.000000,0.179223,3.000000,3.000000,3.000000,3.000000,3.000000,7.000000,0.015433,0.015042,0.085910,0.370992,calls/second,milliseconds
1779273670,11,13.000000,3.006839,3.000000,0.179223,3.000000,3.000000,3.000000,3.000000,3.000000,7.000000,0.015411,0.015042,0.085910,0.370992,calls/second,milliseconds
1779273671,11,13.000000,3.006839,3.000000,0.179223,3.000000,3.000000,3.000000,3.000000,3.000000,7.000000,0.015389,0.015042,0.085910,0.370992,calls/second,milliseconds
1779273672,11,13.000000,3.006839,3.000000,0.179223,3.000000,3.000000,3.000000,3.000000,3.000000,7.000000,0.015368,0.013839,0.084490,0.368936,calls/second,milliseconds
1779273673,11,13.000000,3.006839,3.000000,0.179223,3.000000,3.000000,3.000000,3.000000,3.000000,7.000000,0.015346,0.013839,0.084490,0.368936,calls/second,milliseconds
1779273674,11,13.000000,3.006839,3.000000,0.179223,3.000000,3.000000,3.000000,3.000000,3.000000,7.000000,0.015325,0.013839,0.084490,0.368936,calls/second,milliseconds
1779273675,11,13.000000,3.006839,3.000000,0.179223,3.000000,3.000000,3.000000,3.000000,3.000000,7.000000,0.015304,0.013839,0.084490,0.368936,calls/second,milliseconds
1779273676,11,13.000000,3.006839,3.000000,0.179223,3.000000,3.000000,3.000000,3.000000,3.000000,7.000000,0.015282,0.013839,0.084490,0.368936,calls/second,milliseconds
1779273677,11,13.000000,3.006839,3.000000,0.179223,3.000000,3.000000,3.000000,3.000000,3.000000,7.000000,0.015261,0.012733,0.083093,0.366892,calls/second,milliseconds
1779273678,11,13.000000,3.006839,3.000000,0.179223,3.000000,3.000000,3.000000,3.000000,3.000000,7.000000,0.015240,0.012733,0.083093,0.366892,calls/second,milliseconds
1779273679,11,13.000000,3.006839,3.000000,0.179223,3.000000,3.000000,3.000000,3.000000,3.000000,7.000000,0.015219,0.012733,0.083093,0.366892,calls/second,milliseconds
1779273680,11,13.000000,3.006839,3.000000,0.179223,3.000000,3.000000,3.000000,3.000000,3.000000,7.000000,0.015198,0.012733,0.083093,0.366892,calls/second,milliseconds
1779273681,11,13.000000,3.006839,3.000000,0.179223,3.000000,3.000000,3.000000,3.000000,3.000000,7.000000,0.015177,0.012733,0.083093,0.366892,calls/second,milliseconds
1779273682,11,13.000000,3.006839,3.000000,0.179223,3.000000,3.000000,3.000000,3.000000,3.000000,7.000000,0.015156,0.011715,0.081720,0.364860,calls/second,milliseconds
1779273683,11,13.000000,3.006839,3.000000,0.179223,3.000000,3.000000,3.000000,3.000000,3.000000,7.000000,0.015135,0.011715,0.081720,0.364860,calls/second,milliseconds
1779273684,11,13.000000,3.006839,3.000000,0.179223,3.000000,3.000000,3.000000,3.000000,3.000000,7.000000,0.015114,0.011715,0.081720,0.364860,calls/second,milliseconds
1779273685,11,13.000000,3.006839,3.000000,0.179223,3.000000,3.000000,3.000000,3.000000,3.000000,7.000000,0.015093,0.011715,0.081720,0.364860,calls/second,milliseconds
1779273686,11,13.000000,3.006839,3.000000,0.179223,3.000000,3.000000,3.000000,3.000000,3.000000,7.000000,0.015073,0.011715,0.081720,0.364860,calls/second,milliseconds
1779273687,11,13.000000,3.006839,3.000000,0.179223,3.000000,3.000000,3.000000,3.000000,3.000000,7.000000,0.015052,0.010778,0.080369,0.362838,calls/second,milliseconds
1779273688,11,13.000000,3.006839,3.000000,0.179223,3.000000,3.000000,3.000000,3.000000,3.000000,7.000000,0.015031,0.010778,0.080369,0.362838,calls/second,milliseconds
1779273689,11,13.000000,3.006839,3.000000,0.179223,3.000000,3.000000,3.000000,3.000000,3.000000,7.000000,0.015011,0.010778,0.080369,0.362838,calls/second,milliseconds
1779273690,11,13.000000,3.006839,3.000000,0.179223,3.000000,3.000000,3.000000,3.000000,3.000000,7.000000,0.014990,0.010778,0.080369,0.362838,calls/second,milliseconds
1779273691,11,13.000000,3.006839,3.000000,0.179223,3.000000,3.000000,3.000000,3.000000,3.000000,7.000000,0.014970,0.010778,0.080369,0.362838,calls/second,milliseconds
1779273692,11,13.000000,3.006839,3.000000,0.179223,3.000000,3.000000,3.000000,3.000000,3.000000,7.000000,0.014949,0.009916,0.079041,0.360828,calls/second,milliseconds
1779273693,11,13.000000,3.006839,3.000000,0.179223,3.000000,3.000000,3.000000,3.000000,3.000000,7.000000,0.014929,0.009916,0.079041,0.360828,calls/second,milliseconds
1779273694,11,13.000000,3.006839,3.000000,0.179223,3.000000,3.000000,3.000000,3.000000,3.000000,7.000000,0.014909,0.009916,0.079041,0.360828,calls/second,milliseconds
1779273695,11,13.000000,3.006839,3.000000,0.179223,3.000000,3.000000,3.000000,3.000000,3.000000,7.000000,0.014889,0.009916,0.079041,0.360828,calls/second,milliseconds
1779273696,11,13.000000,3.006839,3.000000,0.179223,3.000000,3.000000,3.000000,3.000000,3.000000,7.000000,0.014868,0.009916,0.079041,0.360828,calls/second,milliseconds
1779273697,11,13.000000,3.006839,3.000000,0.179223,3.000000,3.000000,3.000000,3.000000,3.000000,7.000000,0.014848,0.009123,0.077734,0.358829,calls/second,milliseconds
1779273698,11,13.000000,3.006839,3.000000,0.179223,3.000000,3.000000,3.000000,3.000000,3.000000,7.000000,0.014828,0.009123,0.077734,0.358829,calls/second,milliseconds
1779273699,11,13.000000,3.006839,3.000000,0.179223,3.000000,3.000000,3.000000,3.000000,3.000000,7.000000,0.014808,0.009123,0.077734,0.358829,calls/second,milliseconds
1779273700,11,13.000000,3.006839,3.000000,0.179223,3.000000,3.000000,3.000000,3.000000,3.000000,7.000000,0.014788,0.009123,0.077734,0.358829,calls/second,milliseconds
1779273701,11,13.000000,3.006839,3.000000,0.179223,3.000000,3.000000,3.000000,3.000000,3.000000,7.000000,0.014769,0.009123,0.077734,0.358829,calls/second,milliseconds
1779273702,11,13.000000,3.006839,3.000000,0.179223,3.000000,3.000000,3.000000,3.000000,3.000000,7.000000,0.014749,0.008394,0.076449,0.356841,calls/second,milliseconds
1779273703,11,13.000000,3.006839,3.000000,0.179223,3.000000,3.000000,3.000000,3.000000,3.000000,7.000000,0.014729,0.008394,0.076449,0.356841,calls/second,milliseconds
1779273704,11,13.000000,3.006839,3.000000,0.179223,3.000000,3.000000,3.000000,3.000000,3.000000,7.000000,0.014709,0.008394,0.076449,0.356841,calls/second,milliseconds
1779273705,11,13.000000,3.006839,3.000000,0.179223,3.000000,3.000000,3.000000,3.000000,3.000000,7.000000,0.014690,0.008394,0.076449,0.356841,calls/second,milliseconds
1779273706,11,13.000000,3.006839,3.000000,0.179223,3.000000,3.000000,3.000000,3.000000,3.000000,7.000000,0.014670,0.008394,0.076449,0.356841,calls/second,milliseconds
1779273707,11,13.000000,3.006839,3.000000,0.179223,3.000000,3.000000,3.000000,3.000000,3.000000,7.000000,0.014650,0.007723,0.075186,0.354864,calls/second,milliseconds
1779273708,11,13.000000,3.006839,3.000000,0.179223,3.000000,3.000000,3.000000,3.000000,3.000000,7.000000,0.014631,0.007723,0.075186,0.354864,calls/second,milliseconds
1779273709,11,13.000000,3.006839,3.000000,0.179223,3.000000,3.000000,3.000000,3.000000,3.000000,7.000000,0.014611,0.007723,0.075186,0.354864,calls/second,milliseconds
1779273710,11,13.000000,3.006839,3.000000,0.179223,3.000000,3.000000,3.000000,3.000000,3.000000,7.000000,0.014592,0.007723,0.075186,0.354864,calls/second,milliseconds
1779273711,11,13.000000,3.006839,3.000000,0.179223,3.000000,3.000000,3.000000,3.000000,3.000000,7.000000,0.014573,0.007723,0.075186,0.354864,calls/second,milliseconds
1779273712,11,13.000000,3.006839,3.000000,0.179223,3.000000,3.000000,3.000000,3.000000,3.000000,7.000000,0.014553,0.007105,0.073943,0.352898,calls/second,milliseconds
1779273713,11,13.000000,3.006839,3.000000,0.179223,3.000000,3.000000,3.000000,3.000000,3.000000,7.000000,0.014534,0.007105,0.073943,0.352898,calls/second,milliseconds
1779273714,11,13.000000,3.006839,3.000000,0.179223,3.000000,3.000000,3.000000,3.000000,3.000000,7.000000,0.014515,0.007105,0.073943,0.352898,calls/second,milliseconds
1779273715,11,13.000000,3.006839,3.000000,0.179223,3.000000,3.000000,3.000000,3.000000,3.000000,7.000000,0.014496,0.007105,0.073943,0.352898,calls/second,milliseconds
1779273716,11,13.000000,3.006839,3.000000,0.179223,3.000000,3.000000,3.000000,3.000000,3.000000,7.000000,0.014477,0.007105,0.073943,0.352898,calls/second,milliseconds
1779273717,11,13.000000,3.006839,3.000000,0.179223,3.000000,3.000000,3.000000,3.000000,3.000000,7.000000,0.014457,0.006537,0.072721,0.350943,calls/second,milliseconds
1779273718,11,13.000000,3.006839,3.000000,0.179223,3.000000,3.000000,3.000000,3.000000,3.000000,7.000000,0.014438,0.006537,0.072721,0.350943,calls/second,milliseconds
1779273719,11,13.000000,3.006839,3.000000,0.179223,3.000000,3.000000,3.000000,3.000000,3.000000,7.000000,0.014420,0.006537,0.072721,0.350943,calls/second,milliseconds
1779273720,11,13.000000,3.006839,3.000000,0.179223,3.000000,3.000000,3.000000,3.000000,3.000000,7.000000,0.014401,0.006537,0.072721,0.350943,calls/second,milliseconds
1779273721,11,13.000000,3.006839,3.000000,0.179223,3.000000,3.000000,3.000000,3.000000,3.000000,7.000000,0.014382,0.006537,0.072721,0.350943,calls/second,milliseconds
1779273722,11,13.000000,3.006839,3.000000,0.179223,3.000000,3.000000,3.000000,3.000000,3.000000,7.000000,0.014363,0.006015,0.071519,0.348999,calls/second,milliseconds
1779273723,11,13.000000,3.006839,3.000000,0.179223,3.000000,3.000000,3.000000,3.000000,3.000000,7.000000,0.014344,0.006015,0.071519,0.348999,calls/second,milliseconds
1779273724,11,13.000000,3.006839,3.000000,0.179223,3.000000,3.000000,3.000000,3.000000,3.000000,7.000000,0.014326,0.006015,0.071519,0.348999,calls/second,milliseconds
1779273725,11,13.000000,3.006839,3.000000,0.179223,3.000000,3.000000,3.000000,3.000000,3.000000,7.000000,0.014307,0.006015,0.071519,0.348999,calls/second,milliseconds
1779273726,11,13.000000,3.006839,3.000000,0.179223,3.000000,3.000000,3.000000,3.000000,3.000000,7.000000,0.014288,0.006015,0.071519,0.348999,calls/second,milliseconds
1779273727,11,13.000000,3.006839,3.000000,0.179223,3.000000,3.000000,3.000000,3.000000,3.000000,7.000000,0.014270,0.005534,0.070337,0.347065,calls/second,milliseconds
1779273728,11,13.000000,3.006839,3.000000,0.179223,3.000000,3.000000,3.000000,3.000000,3.000000,7.000000,0.014251,0.005534,0.070337,0.347065,calls/second,milliseconds
1779273729,11,13.000000,3.006839,3.000000,0.179223,3.000000,3.000000,3.000000,3.000000,3.000000,7.000000,0.014233,0.005534,0.070337,0.347065,calls/second,milliseconds
1779273730,11,13.000000,3.006839,3.000000,0.179223,3.000000,3.000000,3.000000,3.000000,3.000000,7.000000,0.014214,0.005534,0.070337,0.347065,calls/second,milliseconds
1779273731,11,13.000000,3.006839,3.000000,0.179223,3.000000,3.000000,3.000000,3.000000,3.000000,7.000000,0.014196,0.005534,0.070337,0.347065,calls/second,milliseconds
1779273732,11,13.000000,3.006839,3.000000,0.179223,3.000000,3.000000,3.000000,3.000000,3.000000,7.000000,0.014178,0.005091,0.069174,0.345143,calls/second,milliseconds
1779273733,11,13.000000,3.006839,3.000000,0.179223,3.000000,3.000000,3.000000,3.000000,3.000000,7.000000,0.014159,0.005091,0.069174,0.345143,calls/second,milliseconds
1779273734,11,13.000000,3.006839,3.000000,0.179223,3.000000,3.000000,3.000000,3.000000,3.000000,7.000000,0.014141,0.005091,0.069174,0.345143,calls/second,milliseconds
1779273735,11,13.000000,3.006839,3.000000,0.179223,3.000000,3.000000,3.000000,3.000000,3.000000,7.000000,0.014123,0.005091,0.069174,0.345143,calls/second,milliseconds
1779273736,11,13.000000,3.006839,3.000000,0.179223,3.000000,3.000000,3.000000,3.000000,3.000000,7.000000,0.014105,0.005091,0.069174,0.345143,calls/second,milliseconds
1779273737,11,13.000000,3.006839,3.000000,0.179223,3.000000,3.000000,3.000000,3.000000,3.000000,7.000000,0.014087,0.004684,0.068031,0.343230,calls/second,milliseconds
1779273738,11,13.000000,3.006839,3.000000,0.179223,3.000000,3.000000,3.000000,3.000000,3.000000,7.000000,0.014069,0.004684,0.068031,0.343230,calls/second,milliseconds
1779273739,11,13.000000,3.006839,3.000000,0.179223,3.000000,3.000000,3.000000,3.000000,3.000000,7.000000,0.014051,0.004684,0.068031,0.343230,calls/second,milliseconds
1779273740,11,13.000000,3.006839,3.000000,0.179223,3.000000,3.000000,3.000000,3.000000,3.000000,7.000000,0.014033,0.004684,0.068031,0.343230,calls/second,milliseconds
1779273741,11,13.000000,3.006839,3.000000,0.179223,3.000000,3.000000,3.000000,3.000000,3.000000,7.000000,0.014015,0.004684,0.068031,0.343230,calls/second,milliseconds
1779273742,11,13.000000,3.006839,3.000000,0.179223,3.000000,3.000000,3.000000,3.000000,3.000000,7.000000,0.013997,0.004310,0.066907,0.341329,calls/second,milliseconds
1779273743,11,13.000000,3.006839,3.000000,0.179223,3.000000,3.000000,3.000000,3.000000,3.000000,7.000000,0.013979,0.004310,0.066907,0.341329,calls/second,milliseconds
1779273744,11,13.000000,3.006839,3.000000,0.179223,3.000000,3.000000,3.000000,3.000000,3.000000,7.000000,0.013961,0.004310,0.066907,0.341329,calls/second,milliseconds
1779273745,11,13.000000,3.006839,3.000000,0.179223,3.000000,3.000000,3.000000,3.000000,3.000000,7.000000,0.013944,0.004310,0.066907,0.341329,calls/second,milliseconds
1779273746,11,13.000000,3.006839,3.000000,0.179223,3.000000,3.000000,3.000000,3.000000,3.000000,7.000000,0.013926,0.004310,0.066907,0.341329,calls/second,milliseconds
1779273747,11,13.000000,3.006839,3.000000,0.179223,3.000000,3.000000,3.000000,3.000000,3.000000,7.000000,0.013908,0.003965,0.065801,0.339438,calls/second,milliseconds
1779273748,11,13.000000,3.006839,3.000000,0.179223,3.000000,3.000000,3.000000,3.000000,3.000000,7.000000,0.013891,0.003965,0.065801,0.339438,calls/second,milliseconds
1779273749,11,13.000000,3.006839,3.000000,0.179223,3.000000,3.000000,3.000000,3.000000,3.000000,7.000000,0.013873,0.003965,0.065801,0.339438,calls/second,milliseconds
1779273750,11,13.000000,3.006839,3.000000,0.179223,3.000000,3.000000,3.000000,3.000000,3.000000,7.000000,0.013856,0.003965,0.065801,0.339438,calls/second,milliseconds
1779273751,11,13.000000,3.006839,3.000000,0.179223,3.000000,3.000000,3.000000,3.000000,3.000000,7.000000,0.013838,0.003965,0.065801,0.339438,calls/second,milliseconds
1779273752,11,13.000000,3.006839,3.000000,0.179223,3.000000,3.000000,3.000000,3.000000,3.000000,7.000000,0.013821,0.003648,0.064713,0.337557,calls/second,milliseconds
1779273753,11,13.000000,3.006839,3.000000,0.179223,3.000000,3.000000,3.000000,3.000000,3.000000,7.000000,0.013803,0.003648,0.064713,0.337557,calls/second,milliseconds
1779273754,11,13.000000,3.006839,3.000000,0.179223,3.000000,3.000000,3.000000,3.000000,3.000000,7.000000,0.013786,0.003648,0.064713,0.337557,calls/second,milliseconds
1779273755,11,13.000000,3.006839,3.000000,0.179223,3.000000,3.000000,3.000000,3.000000,3.000000,7.000000,0.013769,0.003648,0.064713,0.337557,calls/second,milliseconds
1779273756,11,13.000000,3.006839,3.000000,0.179223,3.000000,3.000000,3.000000,3.000000,3.000000,7.000000,0.013752,0.003648,0.064713,0.337557,calls/second,milliseconds
1779273757,11,13.000000,3.006839,3.000000,0.179223,3.000000,3.000000,3.000000,3.000000,3.000000,7.000000,0.013734,0.003356,0.063643,0.335687,calls/second,milliseconds
1779273758,11,13.000000,3.006839,3.000000,0.179223,3.000000,3.000000,3.000000,3.000000,3.000000,7.000000,0.013717,0.003356,0.063643,0.335687,calls/second,milliseconds
1779273759,12,13.000000,3.001372,3.000000,0.080330,3.000000,3.000000,3.000000,3.000000,3.000000,3.000000,0.014945,0.003356,0.063643,0.335687,calls/second,milliseconds
1779273760,12,13.000000,3.001372,3.000000,0.080330,3.000000,3.000000,3.000000,3.000000,3.000000,3.000000,0.014927,0.003356,0.063643,0.335687,calls/second,milliseconds
1779273761,12,13.000000,3.001372,3.000000,0.080330,3.000000,3.000000,3.000000,3.000000,3.000000,3.000000,0.014908,0.003356,0.063643,0.335687,calls/second,milliseconds
1779273762,12,13.000000,3.001372,3.000000,0.080330,3.000000,3.000000,3.000000,3.000000,3.000000,3.000000,0.014890,0.019079,0.065897,0.334935,calls/second,milliseconds
1779273763,12,13.000000,3.001372,3.000000,0.080330,3.000000,3.000000,3.000000,3.000000,3.000000,3.000000,0.014871,0.019079,0.065897,0.334935,calls/second,milliseconds
1779273764,12,13.000000,3.001372,3.000000,0.080330,3.000000,3.000000,3.000000,3.000000,3.000000,3.000000,0.014853,0.019079,0.065897,0.334935,calls/second,milliseconds
1779273765,12,13.000000,3.001372,3.000000,0.080330,3.000000,3.000000,3.000000,3.000000,3.000000,3.000000,0.014834,0.019079,0.065897,0.334935,calls/second,milliseconds
1779273766,12,13.000000,3.001372,3.000000,0.080330,3.000000,3.000000,3.000000,3.000000,3.000000,3.000000,0.014816,0.019079,0.065897,0.334935,calls/second,milliseconds
1779273767,12,13.000000,3.001372,3.000000,0.080330,3.000000,3.000000,3.000000,3.000000,3.000000,3.000000,0.014798,0.017554,0.064808,0.333080,calls/second,milliseconds
1779273768,12,13.000000,3.001372,3.000000,0.080330,3.000000,3.000000,3.000000,3.000000,3.000000,3.000000,0.014780,0.017554,0.064808,0.333080,calls/second,milliseconds
1779273769,12,13.000000,3.001372,3.000000,0.080330,3.000000,3.000000,3.000000,3.000000,3.000000,3.000000,0.014761,0.017554,0.064808,0.333080,calls/second,milliseconds
1779273770,12,13.000000,3.001372,3.000000,0.080330,3.000000,3.000000,3.000000,3.000000,3.000000,3.000000,0.014743,0.017554,0.064808,0.333080,calls/second,milliseconds
1779273771,12,13.000000,3.001372,3.000000,0.080330,3.000000,3.000000,3.000000,3.000000,3.000000,3.000000,0.014725,0.017554,0.064808,0.333080,calls/second,milliseconds
1779273772,12,13.000000,3.001372,3.000000,0.080330,3.000000,3.000000,3.000000,3.000000,3.000000,3.000000,0.014707,0.016150,0.063737,0.331235,calls/second,milliseconds
1779273773,12,13.000000,3.001372,3.000000,0.080330,3.000000,3.000000,3.000000,3.000000,3.000000,3.000000,0.014689,0.016150,0.063737,0.331235,calls/second,milliseconds
1779273774,12,13.000000,3.001372,3.000000,0.080330,3.000000,3.000000,3.000000,3.000000,3.000000,3.000000,0.014671,0.016150,0.063737,0.331235,calls/second,milliseconds
1779273775,12,13.000000,3.001372,3.000000,0.080330,3.000000,3.000000,3.000000,3.000000,3.000000,3.000000,0.014653,0.016150,0.063737,0.331235,calls/second,milliseconds
1779273776,12,13.000000,3.001372,3.000000,0.080330,3.000000,3.000000,3.000000,3.000000,3.000000,3.000000,0.014635,0.016150,0.063737,0.331235,calls/second,milliseconds
1779273777,12,13.000000,3.001372,3.000000,0.080330,3.000000,3.000000,3.000000,3.000000,3.000000,3.000000,0.014617,0.014859,0.062683,0.329399,calls/second,milliseconds
1779273778,12,13.000000,3.001372,3.000000,0.080330,3.000000,3.000000,3.000000,3.000000,3.000000,3.000000,0.014599,0.014859,0.062683,0.329399,calls/second,milliseconds
1779273779,12,13.000000,3.001372,3.000000,0.080330,3.000000,3.000000,3.000000,3.000000,3.000000,3.000000,0.014582,0.014859,0.062683,0.329399,calls/second,milliseconds
1779273780,12,13.000000,3.001372,3.000000,0.080330,3.000000,3.000000,3.000000,3.000000,3.000000,3.000000,0.014564,0.014859,0.062683,0.329399,calls/second,milliseconds
1779273781,12,13.000000,3.001372,3.000000,0.080330,3.000000,3.000000,3.000000,3.000000,3.000000,3.000000,0.014546,0.014859,0.062683,0.329399,calls/second,milliseconds
1779273782,12,13.000000,3.001372,3.000000,0.080330,3.000000,3.000000,3.000000,3.000000,3.000000,3.000000,0.014529,0.013671,0.061647,0.327575,calls/second,milliseconds
1779273783,12,13.000000,3.001372,3.000000,0.080330,3.000000,3.000000,3.000000,3.000000,3.000000,3.000000,0.014511,0.013671,0.061647,0.327575,calls/second,milliseconds
1779273784,12,13.000000,3.001372,3.000000,0.080330,3.000000,3.000000,3.000000,3.000000,3.000000,3.000000,0.014494,0.013671,0.061647,0.327575,calls/second,milliseconds
1779273785,12,13.000000,3.001372,3.000000,0.080330,3.000000,3.000000,3.000000,3.000000,3.000000,3.000000,0.014476,0.013671,0.061647,0.327575,calls/second,milliseconds
1779273786,12,13.000000,3.001372,3.000000,0.080330,3.000000,3.000000,3.000000,3.000000,3.000000,3.000000,0.014459,0.013671,0.061647,0.327575,calls/second,milliseconds
1779273787,12,13.000000,3.001372,3.000000,0.080330,3.000000,3.000000,3.000000,3.000000,3.000000,3.000000,0.014441,0.012578,0.060628,0.325760,calls/second,milliseconds
1779273788,12,13.000000,3.001372,3.000000,0.080330,3.000000,3.000000,3.000000,3.000000,3.000000,3.000000,0.014424,0.012578,0.060628,0.325760,calls/second,milliseconds
1779273789,12,13.000000,3.001372,3.000000,0.080330,3.000000,3.000000,3.000000,3.000000,3.000000,3.000000,0.014406,0.012578,0.060628,0.325760,calls/second,milliseconds
1779273790,12,13.000000,3.001372,3.000000,0.080330,3.000000,3.000000,3.000000,3.000000,3.000000,3.000000,0.014389,0.012578,0.060628,0.325760,calls/second,milliseconds
1779273791,12,13.000000,3.001372,3.000000,0.080330,3.000000,3.000000,3.000000,3.000000,3.000000,3.000000,0.014372,0.012578,0.060628,0.325760,calls/second,milliseconds
1779273792,12,13.000000,3.001372,3.000000,0.080330,3.000000,3.000000,3.000000,3.000000,3.000000,3.000000,0.014355,0.011572,0.059626,0.323955,calls/second,milliseconds
1779273793,12,13.000000,3.001372,3.000000,0.080330,3.000000,3.000000,3.000000,3.000000,3.000000,3.000000,0.014337,0.011572,0.059626,0.323955,calls/second,milliseconds
1779273794,12,13.000000,3.001372,3.000000,0.080330,3.000000,3.000000,3.000000,3.000000,3.000000,3.000000,0.014320,0.011572,0.059626,0.323955,calls/second,milliseconds
1779273795,12,13.000000,3.001372,3.000000,0.080330,3.000000,3.000000,3.000000,3.000000,3.000000,3.000000,0.014303,0.011572,0.059626,0.323955,calls/second,milliseconds
1779273796,12,13.000000,3.001372,3.000000,0.080330,3.000000,3.000000,3.000000,3.000000,3.000000,3.000000,0.014286,0.011572,0.059626,0.323955,calls/second,milliseconds
1779273797,12,13.000000,3.001372,3.000000,0.080330,3.000000,3.000000,3.000000,3.000000,3.000000,3.000000,0.014269,0.010647,0.058641,0.322160,calls/second,milliseconds
1779273798,12,13.000000,3.001372,3.000000,0.080330,3.000000,3.000000,3.000000,3.000000,3.000000,3.000000,0.014252,0.010647,0.058641,0.322160,calls/second,milliseconds
1779273799,12,13.000000,3.001372,3.000000,0.080330,3.000000,3.000000,3.000000,3.000000,3.000000,3.000000,0.014235,0.010647,0.058641,0.322160,calls/second,milliseconds
1779273800,12,13.000000,3.001372,3.000000,0.080330,3.000000,3.000000,3.000000,3.000000,3.000000,3.000000,0.014218,0.010647,0.058641,0.322160,calls/second,milliseconds
1779273801,12,13.000000,3.001372,3.000000,0.080330,3.000000,3.000000,3.000000,3.000000,3.000000,3.000000,0.014202,0.010647,0.058641,0.322160,calls/second,milliseconds
1779273802,12,13.000000,3.001372,3.000000,0.080330,3.000000,3.000000,3.000000,3.000000,3.000000,3.000000,0.014185,0.009796,0.057671,0.320375,calls/second,milliseconds
1779273803,12,13.000000,3.001372,3.000000,0.080330,3.000000,3.000000,3.000000,3.000000,3.000000,3.000000,0.014168,0.009796,0.057671,0.320375,calls/second,milliseconds
1779273804,12,13.000000,3.001372,3.000000,0.080330,3.000000,3.000000,3.000000,3.000000,3.000000,3.000000,0.014151,0.009796,0.057671,0.320375,calls/second,milliseconds
1779273805,12,13.000000,3.001372,3.000000,0.080330,3.000000,3.000000,3.000000,3.000000,3.000000,3.000000,0.014134,0.009796,0.057671,0.320375,calls/second,milliseconds
1779273806,12,13.000000,3.001372,3.000000,0.080330,3.000000,3.000000,3.000000,3.000000,3.000000,3.000000,0.014118,0.009796,0.057671,0.320375,calls/second,milliseconds
1779273807,12,13.000000,3.001372,3.000000,0.080330,3.000000,3.000000,3.000000,3.000000,3.000000,3.000000,0.014101,0.009012,0.056718,0.318600,calls/second,milliseconds
1779273808,12,13.000000,3.001372,3.000000,0.080330,3.000000,3.000000,3.000000,3.000000,3.000000,3.000000,0.014085,0.009012,0.056718,0.318600,calls/second,milliseconds
1779273809,12,13.000000,3.001372,3.000000,0.080330,3.000000,3.000000,3.000000,3.000000,3.000000,3.000000,0.014068,0.009012,0.056718,0.318600,calls/second,milliseconds
1779273810,12,13.000000,3.001372,3.000000,0.080330,3.000000,3.000000,3.000000,3.000000,3.000000,3.000000,0.014052,0.009012,0.056718,0.318600,calls/second,milliseconds
1779273811,12,13.000000,3.001372,3.000000,0.080330,3.000000,3.000000,3.000000,3.000000,3.000000,3.000000,0.014035,0.009012,0.056718,0.318600,calls/second,milliseconds
1779273812,12,13.000000,3.001372,3.000000,0.080330,3.000000,3.000000,3.000000,3.000000,3.000000,3.000000,0.014019,0.008292,0.055781,0.316835,calls/second,milliseconds
1779273813,12,13.000000,3.001372,3.000000,0.080330,3.000000,3.000000,3.000000,3.000000,3.000000,3.000000,0.014002,0.008292,0.055781,0.316835,calls/second,milliseconds
1779273814,12,13.000000,3.001372,3.000000,0.080330,3.000000,3.000000,3.000000,3.000000,3.000000,3.000000,0.013986,0.008292,0.055781,0.316835,calls/second,milliseconds
1779273815,12,13.000000,3.001372,3.000000,0.080330,3.000000,3.000000,3.000000,3.000000,3.000000,3.000000,0.013970,0.008292,0.055781,0.316835,calls/second,milliseconds
1779273816,12,13.000000,3.001372,3.000000,0.080330,3.000000,3.000000,3.000000,3.000000,3.000000,3.000000,0.013953,0.007629,0.054859,0.315080,calls/second,milliseconds
1779273817,12,13.000000,3.001372,3.000000,0.080330,3.000000,3.000000,3.000000,3.000000,3.000000,3.000000,0.013937,0.007629,0.054859,0.315080,calls/second,milliseconds
1779273818,12,13.000000,3.001372,3.000000,0.080330,3.000000,3.000000,3.000000,3.000000,3.000000,3.000000,0.013921,0.007629,0.054859,0.315080,calls/second,milliseconds
1779273819,12,13.000000,3.001372,3.000000,0.080330,3.000000,3.000000,3.000000,3.000000,3.000000,3.000000,0.013905,0.007629,0.054859,0.315080,calls/second,milliseconds
1779273820,12,13.000000,3.001372,3.000000,0.080330,3.000000,3.000000,3.000000,3.000000,3.000000,3.000000,0.013889,0.007629,0.054859,0.315080,calls/second,milliseconds
1779273821,12,13.000000,3.001372,3.000000,0.080330,3.000000,3.000000,3.000000,3.000000,3.000000,3.000000,0.013873,0.007019,0.053952,0.313334,calls/second,milliseconds
1779273822,12,13.000000,3.001372,3.000000,0.080330,3.000000,3.000000,3.000000,3.000000,3.000000,3.000000,0.013857,0.007019,0.053952,0.313334,calls/second,milliseconds
1779273823,12,13.000000,3.001372,3.000000,0.080330,3.000000,3.000000,3.000000,3.000000,3.000000,3.000000,0.013841,0.007019,0.053952,0.313334,calls/second,milliseconds
1779273824,12,13.000000,3.001372,3.000000,0.080330,3.000000,3.000000,3.000000,3.000000,3.000000,3.000000,0.013825,0.007019,0.053952,0.313334,calls/second,milliseconds
1779273825,12,13.000000,3.001372,3.000000,0.080330,3.000000,3.000000,3.000000,3.000000,3.000000,3.000000,0.013809,0.007019,0.053952,0.313334,calls/second,milliseconds
1779273826,12,13.000000,3.001372,3.000000,0.080330,3.000000,3.000000,3.000000,3.000000,3.000000,3.000000,0.013793,0.006458,0.053060,0.311599,calls/second,milliseconds
1779273827,12,13.000000,3.001372,3.000000,0.080330,3.000000,3.000000,3.000000,3.000000,3.000000,3.000000,0.013777,0.006458,0.053060,0.311599,calls/second,milliseconds
1779273828,12,13.000000,3.001372,3.000000,0.080330,3.000000,3.000000,3.000000,3.000000,3.000000,3.000000,0.013761,0.006458,0.053060,0.311599,calls/second,milliseconds
1779273829,12,13.000000,3.001372,3.000000,0.080330,3.000000,3.000000,3.000000,3.000000,3.000000,3.000000,0.013745,0.006458,0.053060,0.311599,calls/second,milliseconds
1779273830,12,13.000000,3.001372,3.000000,0.080330,3.000000,3.000000,3.000000,3.000000,3.000000,3.000000,0.013730,0.006458,0.053060,0.311599,calls/second,milliseconds
1779273831,12,13.000000,3.001372,3.000000,0.080330,3.000000,3.000000,3.000000,3.000000,3.000000,3.000000,0.013714,0.005941,0.052183,0.309872,calls/second,milliseconds
1779273832,12,13.000000,3.001372,3.000000,0.080330,3.000000,3.000000,3.000000,3.000000,3.000000,3.000000,0.013698,0.005941,0.052183,0.309872,calls/second,milliseconds
1779273833,12,13.000000,3.001372,3.000000,0.080330,3.000000,3.000000,3.000000,3.000000,3.000000,3.000000,0.013683,0.005941,0.052183,0.309872,calls/second,milliseconds
1779273834,12,13.000000,3.001372,3.000000,0.080330,3.000000,3.000000,3.000000,3.000000,3.000000,3.000000,0.013667,0.005941,0.052183,0.309872,calls/second,milliseconds
1779273835,12,13.000000,3.001372,3.000000,0.080330,3.000000,3.000000,3.000000,3.000000,3.000000,3.000000,0.013651,0.005941,0.052183,0.309872,calls/second,milliseconds
1779273836,12,13.000000,3.001372,3.000000,0.080330,3.000000,3.000000,3.000000,3.000000,3.000000,3.000000,0.013636,0.005466,0.051321,0.308155,calls/second,milliseconds
1779273837,12,13.000000,3.001372,3.000000,0.080330,3.000000,3.000000,3.000000,3.000000,3.000000,3.000000,0.013620,0.005466,0.051321,0.308155,calls/second,milliseconds
1779273838,12,13.000000,3.001372,3.000000,0.080330,3.000000,3.000000,3.000000,3.000000,3.000000,3.000000,0.013605,0.005466,0.051321,0.308155,calls/second,milliseconds
1779273839,12,13.000000,3.001372,3.000000,0.080330,3.000000,3.000000,3.000000,3.000000,3.000000,3.000000,0.013589,0.005466,0.051321,0.308155,calls/second,milliseconds
1779273840,12,13.000000,3.001372,3.000000,0.080330,3.000000,3.000000,3.000000,3.000000,3.000000,3.000000,0.013574,0.005466,0.051321,0.308155,calls/second,milliseconds
1779273841,12,13.000000,3.001372,3.000000,0.080330,3.000000,3.000000,3.000000,3.000000,3.000000,3.000000,0.013559,0.005029,0.050473,0.306448,calls/second,milliseconds
1779273842,12,13.000000,3.001372,3.000000,0.080330,3.000000,3.000000,3.000000,3.000000,3.000000,3.000000,0.013543,0.005029,0.050473,0.306448,calls/second,milliseconds
1779273843,12,13.000000,3.001372,3.000000,0.080330,3.000000,3.000000,3.000000,3.000000,3.000000,3.000000,0.013528,0.005029,0.050473,0.306448,calls/second,milliseconds
1779273844,12,13.000000,3.001372,3.000000,0.080330,3.000000,3.000000,3.000000,3.000000,3.000000,3.000000,0.013513,0.005029,0.050473,0.306448,calls/second,milliseconds
1779273845,12,13.000000,3.001372,3.000000,0.080330,3.000000,3.000000,3.000000,3.000000,3.000000,3.000000,0.013498,0.005029,0.050473,0.306448,calls/second,milliseconds
1779273846,12,13.000000,3.001372,3.000000,0.080330,3.000000,3.000000,3.000000,3.000000,3.000000,3.000000,0.013482,0.004627,0.049638,0.304750,calls/second,milliseconds
1779273847,12,13.000000,3.001372,3.000000,0.080330,3.000000,3.000000,3.000000,3.000000,3.000000,3.000000,0.013467,0.004627,0.049638,0.304750,calls/second,milliseconds
1779273848,12,13.000000,3.001372,3.000000,0.080330,3.000000,3.000000,3.000000,3.000000,3.000000,3.000000,0.013452,0.004627,0.049638,0.304750,calls/second,milliseconds
1779273849,12,13.000000,3.001372,3.000000,0.080330,3.000000,3.000000,3.000000,3.000000,3.000000,3.000000,0.013437,0.004627,0.049638,0.304750,calls/second,milliseconds
1779273850,12,13.000000,3.001372,3.000000,0.080330,3.000000,3.000000,3.000000,3.000000,3.000000,3.000000,0.013422,0.004627,0.049638,0.304750,calls/second,milliseconds
1779273851,12,13.000000,3.001372,3.000000,0.080330,3.000000,3.000000,3.000000,3.000000,3.000000,3.000000,0.013407,0.004257,0.048818,0.303062,calls/second,milliseconds
1779273852,12,13.000000,3.001372,3.000000,0.080330,3.000000,3.000000,3.000000,3.000000,3.000000,3.000000,0.013392,0.004257,0.048818,0.303062,calls/second,milliseconds
1779273853,12,13.000000,3.001372,3.000000,0.080330,3.000000,3.000000,3.000000,3.000000,3.000000,3.000000,0.013377,0.004257,0.048818,0.303062,calls/second,milliseconds
1779273854,12,13.000000,3.001372,3.000000,0.080330,3.000000,3.000000,3.000000,3.000000,3.000000,3.000000,0.013362,0.004257,0.048818,0.303062,calls/second,milliseconds
1779273855,12,13.000000,3.001372,3.000000,0.080330,3.000000,3.000000,3.000000,3.000000,3.000000,3.000000,0.013347,0.004257,0.048818,0.303062,calls/second,milliseconds
1779273856,12,13.000000,3.001372,3.000000,0.080330,3.000000,3.000000,3.000000,3.000000,3.000000,3.000000,0.013332,0.003917,0.048011,0.301383,calls/second,milliseconds
1779273857,12,13.000000,3.001372,3.000000,0.080330,3.000000,3.000000,3.000000,3.000000,3.000000,3.000000,0.013318,0.003917,0.048011,0.301383,calls/second,milliseconds
1779273858,12,13.000000,3.001372,3.000000,0.080330,3.000000,3.000000,3.000000,3.000000,3.000000,3.000000,0.013303,0.003917,0.048011,0.301383,calls/second,milliseconds
1779273859,12,13.000000,3.001372,3.000000,0.080330,3.000000,3.000000,3.000000,3.000000,3.000000,3.000000,0.013288,0.003917,0.048011,0.301383,calls/second,milliseconds
1779273860,12,13.000000,3.001372,3.000000,0.080330,3.000000,3.000000,3.000000,3.000000,3.000000,3.000000,0.013273,0.003917,0.048011,0.301383,calls/second,milliseconds
1779273861,12,13.000000,3.001372,3.000000,0.080330,3.000000,3.000000,3.000000,3.000000,3.000000,3.000000,0.013259,0.003604,0.047217,0.299713,calls/second,milliseconds
1779273862,12,13.000000,3.001372,3.000000,0.080330,3.000000,3.000000,3.000000,3.000000,3.000000,3.000000,0.013244,0.003604,0.047217,0.299713,calls/second,milliseconds
1779273863,12,13.000000,3.001372,3.000000,0.080330,3.000000,3.000000,3.000000,3.000000,3.000000,3.000000,0.013229,0.003604,0.047217,0.299713,calls/second,milliseconds
1779273864,13,13.000000,3.000279,3.000000,0.036221,3.000000,3.000000,3.000000,3.000000,3.000000,3.000000,0.014316,0.003604,0.047217,0.299713,calls/second,milliseconds
1779273865,13,13.000000,3.000279,3.000000,0.036221,3.000000,3.000000,3.000000,3.000000,3.000000,3.000000,0.014300,0.003604,0.047217,0.299713,calls/second,milliseconds
1779273866,13,13.000000,3.000279,3.000000,0.036221,3.000000,3.000000,3.000000,3.000000,3.000000,3.000000,0.014284,0.019307,0.049743,0.299161,calls/second,milliseconds
1779273867,13,13.000000,3.000279,3.000000,0.036221,3.000000,3.000000,3.000000,3.000000,3.000000,3.000000,0.014269,0.019307,0.049743,0.299161,calls/second,milliseconds
1779273868,13,13.000000,3.000279,3.000000,0.036221,3.000000,3.000000,3.000000,3.000000,3.000000,3.000000,0.014253,0.019307,0.049743,0.299161,calls/second,milliseconds
1779273869,13,13.000000,3.000279,3.000000,0.036221,3.000000,3.000000,3.000000,3.000000,3.000000,3.000000,0.014237,0.019307,0.049743,0.299161,calls/second,milliseconds
1779273870,13,13.000000,3.000279,3.000000,0.036221,3.000000,3.000000,3.000000,3.000000,3.000000,3.000000,0.014222,0.019307,0.049743,0.299161,calls/second,milliseconds
1779273871,13,13.000000,3.000279,3.000000,0.036221,3.000000,3.000000,3.000000,3.000000,3.000000,3.000000,0.014206,0.017763,0.048921,0.297504,calls/second,milliseconds
1779273872,13,13.000000,3.000279,3.000000,0.036221,3.000000,3.000000,3.000000,3.000000,3.000000,3.000000,0.014191,0.017763,0.048921,0.297504,calls/second,milliseconds
1779273873,13,13.000000,3.000279,3.000000,0.036221,3.000000,3.000000,3.000000,3.000000,3.000000,3.000000,0.014175,0.017763,0.048921,0.297504,calls/second,milliseconds
1779273874,13,13.000000,3.000279,3.000000,0.036221,3.000000,3.000000,3.000000,3.000000,3.000000,3.000000,0.014160,0.017763,0.048921,0.297504,calls/second,milliseconds
1779273875,13,13.000000,3.000279,3.000000,0.036221,3.000000,3.000000,3.000000,3.000000,3.000000,3.000000,0.014144,0.017763,0.048921,0.297504,calls/second,milliseconds
1779273876,13,13.000000,3.000279,3.000000,0.036221,3.000000,3.000000,3.000000,3.000000,3.000000,3.000000,0.014129,0.016343,0.048112,0.295855,calls/second,milliseconds
1779273877,13,13.000000,3.000279,3.000000,0.036221,3.000000,3.000000,3.000000,3.000000,3.000000,3.000000,0.014114,0.016343,0.048112,0.295855,calls/second,milliseconds
1779273878,13,13.000000,3.000279,3.000000,0.036221,3.000000,3.000000,3.000000,3.000000,3.000000,3.000000,0.014098,0.016343,0.048112,0.295855,calls/second,milliseconds
1779273879,13,13.000000,3.000279,3.000000,0.036221,3.000000,3.000000,3.000000,3.000000,3.000000,3.000000,0.014083,0.016343,0.048112,0.295855,calls/second,milliseconds
1779273880,13,13.000000,3.000279,3.000000,0.036221,3.000000,3.000000,3.000000,3.000000,3.000000,3.000000,0.014068,0.016343,0.048112,0.295855,calls/second,milliseconds
1779273881,13,13.000000,3.000279,3.000000,0.036221,3.000000,3.000000,3.000000,3.000000,3.000000,3.000000,0.014052,0.015036,0.047317,0.294216,calls/second,milliseconds
1779273882,13,13.000000,3.000279,3.000000,0.036221,3.000000,3.000000,3.000000,3.000000,3.000000,3.000000,0.014037,0.015036,0.047317,0.294216,calls/second,milliseconds
1779273883,13,13.000000,3.000279,3.000000,0.036221,3.000000,3.000000,3.000000,3.000000,3.000000,3.000000,0.014022,0.015036,0.047317,0.294216,calls/second,milliseconds
1779273884,13,13.000000,3.000279,3.000000,0.036221,3.000000,3.000000,3.000000,3.000000,3.000000,3.000000,0.014007,0.015036,0.047317,0.294216,calls/second,milliseconds
1779273885,13,13.000000,3.000279,3.000000,0.036221,3.000000,3.000000,3.000000,3.000000,3.000000,3.000000,0.013992,0.015036,0.047317,0.294216,calls/second,milliseconds
1779273886,13,13.000000,3.000279,3.000000,0.036221,3.000000,3.000000,3.000000,3.000000,3.000000,3.000000,0.013977,0.013834,0.046535,0.292586,calls/second,milliseconds
1779273887,13,13.000000,3.000279,3.000000,0.036221,3.000000,3.000000,3.000000,3.000000,3.000000,3.000000,0.013962,0.013834,0.046535,0.292586,calls/second,milliseconds
1779273888,13,13.000000,3.000279,3.000000,0.036221,3.000000,3.000000,3.000000,3.000000,3.000000,3.000000,0.013947,0.013834,0.046535,0.292586,calls/second,milliseconds
1779273889,13,13.000000,3.000279,3.000000,0.036221,3.000000,3.000000,3.000000,3.000000,3.000000,3.000000,0.013932,0.013834,0.046535,0.292586,calls/second,milliseconds
1779273890,13,13.000000,3.000279,3.000000,0.036221,3.000000,3.000000,3.000000,3.000000,3.000000,3.000000,0.013917,0.013834,0.046535,0.292586,calls/second,milliseconds
1779273891,13,13.000000,3.000279,3.000000,0.036221,3.000000,3.000000,3.000000,3.000000,3.000000,3.000000,0.013902,0.012728,0.045765,0.290965,calls/second,milliseconds
1779273892,13,13.000000,3.000279,3.000000,0.036221,3.000000,3.000000,3.000000,3.000000,3.000000,3.000000,0.013887,0.012728,0.045765,0.290965,calls/second,milliseconds
1779273893,13,13.000000,3.000279,3.000000,0.036221,3.000000,3.000000,3.000000,3.000000,3.000000,3.000000,0.013872,0.012728,0.045765,0.290965,calls/second,milliseconds
1779273894,13,13.000000,3.000279,3.000000,0.036221,3.000000,3.000000,3.000000,3.000000,3.000000,3.000000,0.013857,0.012728,0.045765,0.290965,calls/second,milliseconds
1779273895,13,13.000000,3.000279,3.000000,0.036221,3.000000,3.000000,3.000000,3.000000,3.000000,3.000000,0.013843,0.012728,0.045765,0.290965,calls/second,milliseconds
1779273896,13,13.000000,3.000279,3.000000,0.036221,3.000000,3.000000,3.000000,3.000000,3.000000,3.000000,0.013828,0.011710,0.045009,0.289353,calls/second,milliseconds
1779273897,13,13.000000,3.000279,3.000000,0.036221,3.000000,3.000000,3.000000,3.000000,3.000000,3.000000,0.013813,0.011710,0.045009,0.289353,calls/second,milliseconds
1779273898,13,13.000000,3.000279,3.000000,0.036221,3.000000,3.000000,3.000000,3.000000,3.000000,3.000000,0.013799,0.011710,0.045009,0.289353,calls/second,milliseconds
1779273899,13,13.000000,3.000279,3.000000,0.036221,3.000000,3.000000,3.000000,3.000000,3.000000,3.000000,0.013784,0.011710,0.045009,0.289353,calls/second,milliseconds
1779273900,13,13.000000,3.000279,3.000000,0.036221,3.000000,3.000000,3.000000,3.000000,3.000000,3.000000,0.013769,0.011710,0.045009,0.289353,calls/second,milliseconds
