t,count,max,mean,min,stddev,p50,p75,p95,p98,p99,p999,mean_rate,m1_rate,m5_rate,m15_rate,rate_unit,duration_unit
1779271875,5,501.394336,499.506352,497.481308,1.523279,499.293636,501.065109,501.394336,501.394336,501.394336,501.394336,97.305555,0.000000,0.000000,0.000000,calls/second,milliseconds
1779271876,5,501.394336,499.506352,497.481308,1.523279,499.293636,501.065109,501.394336,501.394336,501.394336,501.394336,4.734611,0.000000,0.000000,0.000000,calls/second,milliseconds
1779271877,5,501.394336,499.506352,497.481308,1.523279,499.293636,501.065109,501.394336,501.394336,501.394336,501.394336,2.424866,0.000000,0.000000,0.000000,calls/second,milliseconds
1779271878,5,501.394336,499.506352,497.481308,1.523279,499.293636,501.065109,501.394336,501.394336,501.394336,501.394336,1.629657,0.000000,0.000000,0.000000,calls/second,milliseconds
1779271879,5,501.394336,499.506352,497.481308,1.523279,499.293636,501.065109,501.394336,501.394336,501.394336,501.394336,1.227847,0.000000,0.000000,0.000000,calls/second,milliseconds
1779271880,5,501.394336,499.506352,497.481308,1.523279,499.293636,501.065109,501.394336,501.394336,501.394336,501.394336,0.984736,1.000000,1.000000,1.000000,calls/second,milliseconds
1779271881,5,501.394336,499.506352,497.481308,1.523279,499.293636,501.065109,501.394336,501.394336,501.394336,501.394336,0.822160,1.000000,1.000000,1.000000,calls/second,milliseconds
1779271882,5,501.394336,499.506352,497.481308,1.523279,499.293636,501.065109,501.394336,501.394336,501.394336,501.394336,0.705685,1.000000,1.000000,1.000000,calls/second,milliseconds
1779271883,5,501.394336,499.506352,497.481308,1.523279,499.293636,501.065109,501.394336,501.394336,501.394336,501.394336,0.618088,1.000000,1.000000,1.000000,calls/second,milliseconds
1779271884,5,501.394336,499.506352,497.481308,1.523279,499.293636,501.065109,501.394336,501.394336,501.394336,501.394336,0.549827,1.000000,1.000000,1.000000,calls/second,milliseconds
1779271885,5,501.394336,499.506352,497.481308,1.523279,499.293636,501.065109,501.394336,501.394336,501.394336,501.394336,0.495176,0.920044,0.983471,0.994460,calls/second,milliseconds
1779271886,5,501.394336,499.506352,497.481308,1.523279,499.293636,501.065109,501.394336,501.394336,501.394336,501.394336,0.450446,0.920044,0.983471,0.994460,calls/second,milliseconds
1779271887,5,501.394336,499.506352,497.481308,1.523279,499.293636,501.065109,501.394336,501.394336,501.394336,501.394336,0.413122,0.920044,0.983471,0.994460,calls/second,milliseconds
1779271888,5,501.394336,499.506352,497.481308,1.523279,499.293636,501.065109,501.394336,501.394336,501.394336,501.394336,0.381516,0.920044,0.983471,0.994460,calls/second,milliseconds
1779271889,5,501.394336,499.506352,497.481308,1.523279,499.293636,501.065109,501.394336,501.394336,501.394336,501.394336,0.354384,0.920044,0.983471,0.994460,calls/second,milliseconds
1779271890,5,501.394336,499.506352,497.481308,1.523279,499.293636,501.065109,501.394336,501.394336,501.394336,501.394336,0.330864,0.846482,0.967216,0.988950,calls/second,milliseconds
1779271891,5,501.394336,499.506352,497.481308,1.523279,499.293636,501.065109,501.394336,501.394336,501.394336,501.394336,0.310264,0.846482,0.967216,0.988950,calls/second,milliseconds
1779271892,5,501.394336,499.506352,497.481308,1.523279,499.293636,501.065109,501.394336,501.394336,501.394336,501.394336,0.292077,0.846482,0.967216,0.988950,calls/second,milliseconds
1779271893,5,501.394336,499.506352,497.481308,1.523279,499.293636,501.065109,501.394336,501.394336,501.394336,501.394336,0.275895,0.846482,0.967216,0.988950,calls/second,milliseconds
1779271894,5,501.394336,499.506352,497.481308,1.523279,499.293636,501.065109,501.394336,501.394336,501.394336,501.394336,0.261428,0.846482,0.967216,0.988950,calls/second,milliseconds
1779271895,5,501.394336,499.506352,497.481308,1.523279,499.293636,501.065109,501.394336,501.394336,501.394336,501.394336,0.248410,0.778801,0.951229,0.983471,calls/second,milliseconds
1779271896,5,501.394336,499.506352,497.481308,1.523279,499.293636,501.065109,501.394336,501.394336,501.394336,501.394336,0.236624,0.778801,0.951229,0.983471,calls/second,milliseconds
1779271897,5,501.394336,499.506352,497.481308,1.523279,499.293636,501.065109,501.394336,501.394336,501.394336,501.394336,0.225904,0.778801,0.951229,0.983471,calls/second,milliseconds
1779271898,5,501.394336,499.506352,497.481308,1.523279,499.293636,501.065109,501.394336,501.394336,501.394336,501.394336,0.216118,0.778801,0.951229,0.983471,calls/second,milliseconds
1779271899,5,501.394336,499.506352,497.481308,1.523279,499.293636,501.065109,501.394336,501.394336,501.394336,501.394336,0.207138,0.778801,0.951229,0.983471,calls/second,milliseconds
1779271900,10,501.394336,210.329558,9.923816,239.740146,12.807291,498.297373,501.394336,501.394336,501.394336,501.394336,0.397750,0.716531,0.935507,0.978023,calls/second,milliseconds
1779271901,10,501.394336,210.329558,9.923816,239.740146,12.807291,498.297373,501.394336,501.394336,501.394336,501.394336,0.382493,0.716531,0.935507,0.978023,calls/second,milliseconds
1779271902,10,501.394336,210.329558,9.923816,239.740146,12.807291,498.297373,501.394336,501.394336,501.394336,501.394336,0.368365,0.716531,0.935507,0.978023,calls/second,milliseconds
1779271903,10,501.394336,210.329558,9.923816,239.740146,12.807291,498.297373,501.394336,501.394336,501.394336,501.394336,0.355240,0.716531,0.935507,0.978023,calls/second,milliseconds
1779271904,10,501.394336,210.329558,9.923816,239.740146,12.807291,498.297373,501.394336,501.394336,501.394336,501.394336,0.343022,0.716531,0.935507,0.978023,calls/second,milliseconds
1779271905,10,501.394336,210.329558,9.923816,239.740146,12.807291,498.297373,501.394336,501.394336,501.394336,501.394336,0.331619,0.739196,0.936573,0.978145,calls/second,milliseconds
1779271906,10,501.394336,210.329558,9.923816,239.740146,12.807291,498.297373,501.394336,501.394336,501.394336,501.394336,0.320951,0.739196,0.936573,0.978145,calls/second,milliseconds
1779271907,10,501.394336,210.329558,9.923816,239.740146,12.807291,498.297373,501.394336,501.394336,501.394336,501.394336,0.310947,0.739196,0.936573,0.978145,calls/second,milliseconds
1779271908,10,501.394336,210.329558,9.923816,239.740146,12.807291,498.297373,501.394336,501.394336,501.394336,501.394336,0.301545,0.739196,0.936573,0.978145,calls/second,milliseconds
1779271909,10,501.394336,210.329558,9.923816,239.740146,12.807291,498.297373,501.394336,501.394336,501.394336,501.394336,0.292689,0.739196,0.936573,0.978145,calls/second,milliseconds
1779271910,15,501.394336,128.786817,7.648935,209.876405,9.995169,12.807291,501.065109,501.394336,501.394336,501.394336,0.426518,0.760049,0.937621,0.978266,calls/second,milliseconds
1779271911,15,501.394336,128.786817,7.648935,209.876405,9.995169,12.807291,501.065109,501.394336,501.394336,501.394336,0.414688,0.760049,0.937621,0.978266,calls/second,milliseconds
1779271912,15,501.394336,128.786817,7.648935,209.876405,9.995169,12.807291,501.065109,501.394336,501.394336,501.394336,0.403504,0.760049,0.937621,0.978266,calls/second,milliseconds
1779271913,15,501.394336,128.786817,7.648935,209.876405,9.995169,12.807291,501.065109,501.394336,501.394336,501.394336,0.392904,0.760049,0.937621,0.978266,calls/second,milliseconds
1779271914,15,501.394336,128.786817,7.648935,209.876405,9.995169,12.807291,501.065109,501.394336,501.394336,501.394336,0.382849,0.760049,0.937621,0.978266,calls/second,milliseconds
1779271915,15,501.394336,128.786817,7.648935,209.876405,9.995169,12.807291,501.065109,501.394336,501.394336,501.394336,0.373302,0.699279,0.922124,0.972846,calls/second,milliseconds
1779271916,15,501.394336,128.786817,7.648935,209.876405,9.995169,12.807291,501.065109,501.394336,501.394336,501.394336,0.364219,0.699279,0.922124,0.972846,calls/second,milliseconds
1779271917,15,501.394336,128.786817,7.648935,209.876405,9.995169,12.807291,501.065109,501.394336,501.394336,501.394336,0.355565,0.699279,0.922124,0.972846,calls/second,milliseconds
1779271918,15,501.394336,128.786817,7.648935,209.876405,9.995169,12.807291,501.065109,501.394336,501.394336,501.394336,0.347314,0.699279,0.922124,0.972846,calls/second,milliseconds
1779271919,15,501.394336,128.786817,7.648935,209.876405,9.995169,12.807291,501.065109,501.394336,501.394336,501.394336,0.339346,0.699279,0.922124,0.972846,calls/second,milliseconds
1779271920,15,501.394336,128.786817,7.648935,209.876405,9.995169,12.807291,501.065109,501.394336,501.394336,501.394336,0.331824,0.643368,0.906882,0.967456,calls/second,milliseconds
1779271921,15,501.394336,128.786817,7.648935,209.876405,9.995169,12.807291,501.065109,501.394336,501.394336,501.394336,0.324627,0.643368,0.906882,0.967456,calls/second,milliseconds
1779271922,15,501.394336,128.786817,7.648935,209.876405,9.995169,12.807291,501.065109,501.394336,501.394336,501.394336,0.317733,0.643368,0.906882,0.967456,calls/second,milliseconds
1779271923,15,501.394336,128.786817,7.648935,209.876405,9.995169,12.807291,501.065109,501.394336,501.394336,501.394336,0.311125,0.643368,0.906882,0.967456,calls/second,milliseconds
1779271924,15,501.394336,128.786817,7.648935,209.876405,9.995169,12.807291,501.065109,501.394336,501.394336,501.394336,0.304790,0.643368,0.906882,0.967456,calls/second,milliseconds
1779271925,15,501.394336,128.786817,7.648935,209.876405,9.995169,12.807291,501.065109,501.394336,501.394336,501.394336,0.298708,0.591927,0.891893,0.962096,calls/second,milliseconds
1779271926,15,501.394336,128.786817,7.648935,209.876405,9.995169,12.807291,501.065109,501.394336,501.394336,501.394336,0.292865,0.591927,0.891893,0.962096,calls/second,milliseconds
1779271927,15,501.394336,128.786817,7.648935,209.876405,9.995169,12.807291,501.065109,501.394336,501.394336,501.394336,0.287246,0.591927,0.891893,0.962096,calls/second,milliseconds
1779271928,15,501.394336,128.786817,7.648935,209.876405,9.995169,12.807291,501.065109,501.394336,501.394336,501.394336,0.281839,0.591927,0.891893,0.962096,calls/second,milliseconds
1779271929,15,501.394336,128.786817,7.648935,209.876405,9.995169,12.807291,501.065109,501.394336,501.394336,501.394336,0.276631,0.591927,0.891893,0.962096,calls/second,milliseconds
1779271930,15,501.394336,128.786817,7.648935,209.876405,9.995169,12.807291,501.065109,501.394336,501.394336,501.394336,0.271613,0.544599,0.877151,0.956766,calls/second,milliseconds
1779271931,15,501.394336,128.786817,7.648935,209.876405,9.995169,12.807291,501.065109,501.394336,501.394336,501.394336,0.266773,0.544599,0.877151,0.956766,calls/second,milliseconds
1779271932,15,501.394336,128.786817,7.648935,209.876405,9.995169,12.807291,501.065109,501.394336,501.394336,501.394336,0.262100,0.544599,0.877151,0.956766,calls/second,milliseconds
1779271933,15,501.394336,128.786817,7.648935,209.876405,9.995169,12.807291,501.065109,501.394336,501.394336,501.394336,0.257592,0.544599,0.877151,0.956766,calls/second,milliseconds
1779271934,15,501.394336,128.786817,7.648935,209.876405,9.995169,12.807291,501.065109,501.394336,501.394336,501.394336,0.253237,0.544599,0.877151,0.956766,calls/second,milliseconds
1779271935,15,501.394336,128.786817,7.648935,209.876405,9.995169,12.807291,501.065109,501.394336,501.394336,501.394336,0.249022,0.501055,0.862653,0.951466,calls/second,milliseconds
1779271936,15,501.394336,128.786817,7.648935,209.876405,9.995169,12.807291,501.065109,501.394336,501.394336,501.394336,0.244947,0.501055,0.862653,0.951466,calls/second,milliseconds
1779271937,15,501.394336,128.786817,7.648935,209.876405,9.995169,12.807291,501.065109,501.394336,501.394336,501.394336,0.241006,0.501055,0.862653,0.951466,calls/second,milliseconds
1779271938,15,501.394336,128.786817,7.648935,209.876405,9.995169,12.807291,501.065109,501.394336,501.394336,501.394336,0.237188,0.501055,0.862653,0.951466,calls/second,milliseconds
1779271939,15,501.394336,128.786817,7.648935,209.876405,9.995169,12.807291,501.065109,501.394336,501.394336,501.394336,0.233489,0.501055,0.862653,0.951466,calls/second,milliseconds
1779271940,15,501.394336,128.786817,7.648935,209.876405,9.995169,12.807291,501.065109,501.394336,501.394336,501.394336,0.229902,0.460993,0.848395,0.946194,calls/second,milliseconds
1779271941,15,501.394336,128.786817,7.648935,209.876405,9.995169,12.807291,501.065109,501.394336,501.394336,501.394336,0.226424,0.460993,0.848395,0.946194,calls/second,milliseconds
1779271942,15,501.394336,128.786817,7.648935,209.876405,9.995169,12.807291,501.065109,501.394336,501.394336,501.394336,0.223051,0.460993,0.848395,0.946194,calls/second,milliseconds
1779271943,15,501.394336,128.786817,7.648935,209.876405,9.995169,12.807291,501.065109,501.394336,501.394336,501.394336,0.219777,0.460993,0.848395,0.946194,calls/second,milliseconds
1779271944,15,501.394336,128.786817,7.648935,209.876405,9.995169,12.807291,501.065109,501.394336,501.394336,501.394336,0.216597,0.460993,0.848395,0.946194,calls/second,milliseconds
1779271945,15,501.394336,128.786817,7.648935,209.876405,9.995169,12.807291,501.065109,501.394336,501.394336,501.394336,0.213508,0.424134,0.834372,0.940952,calls/second,milliseconds
1779271946,15,501.394336,128.786817,7.648935,209.876405,9.995169,12.807291,501.065109,501.394336,501.394336,501.394336,0.210506,0.424134,0.834372,0.940952,calls/second,milliseconds
1779271947,15,501.394336,128.786817,7.648935,209.876405,9.995169,12.807291,501.065109,501.394336,501.394336,501.394336,0.207587,0.424134,0.834372,0.940952,calls/second,milliseconds
1779271948,15,501.394336,128.786817,7.648935,209.876405,9.995169,12.807291,501.065109,501.394336,501.394336,501.394336,0.204749,0.424134,0.834372,0.940952,calls/second,milliseconds
1779271949,15,501.394336,128.786817,7.648935,209.876405,9.995169,12.807291,501.065109,501.394336,501.394336,501.394336,0.201988,0.424134,0.834372,0.940952,calls/second,milliseconds
1779271950,15,501.394336,128.786817,7.648935,209.876405,9.995169,12.807291,501.065109,501.394336,501.394336,501.394336,0.199300,0.390222,0.820581,0.935739,calls/second,milliseconds
1779271951,15,501.394336,128.786817,7.648935,209.876405,9.995169,12.807291,501.065109,501.394336,501.394336,501.394336,0.196682,0.390222,0.820581,0.935739,calls/second,milliseconds
1779271952,15,501.394336,128.786817,7.648935,209.876405,9.995169,12.807291,501.065109,501.394336,501.394336,501.394336,0.194133,0.390222,0.820581,0.935739,calls/second,milliseconds
1779271953,15,501.394336,128.786817,7.648935,209.876405,9.995169,12.807291,501.065109,501.394336,501.394336,501.394336,0.191649,0.390222,0.820581,0.935739,calls/second,milliseconds
1779271954,15,501.394336,128.786817,7.648935,209.876405,9.995169,12.807291,501.065109,501.394336,501.394336,501.394336,0.189228,0.390222,0.820581,0.935739,calls/second,milliseconds
1779271955,15,501.394336,128.786817,7.648935,209.876405,9.995169,12.807291,501.065109,501.394336,501.394336,501.394336,0.186867,0.359022,0.807018,0.930555,calls/second,milliseconds
1779271956,15,501.394336,128.786817,7.648935,209.876405,9.995169,12.807291,501.065109,501.394336,501.394336,501.394336,0.184564,0.359022,0.807018,0.930555,calls/second,milliseconds
1779271957,15,501.394336,128.786817,7.648935,209.876405,9.995169,12.807291,501.065109,501.394336,501.394336,501.394336,0.182317,0.359022,0.807018,0.930555,calls/second,milliseconds
1779271958,15,501.394336,128.786817,7.648935,209.876405,9.995169,12.807291,501.065109,501.394336,501.394336,501.394336,0.180123,0.359022,0.807018,0.930555,calls/second,milliseconds
1779271959,15,501.394336,128.786817,7.648935,209.876405,9.995169,12.807291,501.065109,501.394336,501.394336,501.394336,0.177981,0.359022,0.807018,0.930555,calls/second,milliseconds
1779271960,15,501.394336,128.786817,7.648935,209.876405,9.995169,12.807291,501.065109,501.394336,501.394336,501.394336,0.175891,0.330316,0.793679,0.925400,calls/second,milliseconds
1779271961,15,501.394336,128.786817,7.648935,209.876405,9.995169,12.807291,501.065109,501.394336,501.394336,501.394336,0.173849,0.330316,0.793679,0.925400,calls/second,milliseconds
1779271962,15,501.394336,128.786817,7.648935,209.876405,9.995169,12.807291,501.065109,501.394336,501.394336,501.394336,0.171853,0.330316,0.793679,0.925400,calls/second,milliseconds
1779271963,15,501.394336,128.786817,7.648935,209.876405,9.995169,12.807291,501.065109,501.394336,501.394336,501.394336,0.169902,0.330316,0.793679,0.925400,calls/second,milliseconds
1779271964,15,501.394336,128.786817,7.648935,209.876405,9.995169,12.807291,501.065109,501.394336,501.394336,501.394336,0.167997,0.330316,0.793679,0.925400,calls/second,milliseconds
1779271965,15,501.394336,128.786817,7.648935,209.876405,9.995169,12.807291,501.065109,501.394336,501.394336,501.394336,0.166133,0.303905,0.780561,0.920273,calls/second,milliseconds
1779271966,15,501.394336,128.786817,7.648935,209.876405,9.995169,12.807291,501.065109,501.394336,501.394336,501.394336,0.164310,0.303905,0.780561,0.920273,calls/second,milliseconds
1779271967,15,501.394336,128.786817,7.648935,209.876405,9.995169,12.807291,501.065109,501.394336,501.394336,501.394336,0.162527,0.303905,0.780561,0.920273,calls/second,milliseconds
1779271968,15,501.394336,128.786817,7.648935,209.876405,9.995169,12.807291,501.065109,501.394336,501.394336,501.394336,0.160782,0.303905,0.780561,0.920273,calls/second,milliseconds
1779271969,15,501.394336,128.786817,7.648935,209.876405,9.995169,12.807291,501.065109,501.394336,501.394336,501.394336,0.159073,0.303905,0.780561,0.920273,calls/second,milliseconds
1779271970,15,501.394336,128.786817,7.648935,209.876405,9.995169,12.807291,501.065109,501.394336,501.394336,501.394336,0.157401,0.279606,0.767659,0.915174,calls/second,milliseconds
1779271971,15,501.394336,128.786817,7.648935,209.876405,9.995169,12.807291,501.065109,501.394336,501.394336,501.394336,0.155764,0.279606,0.767659,0.915174,calls/second,milliseconds
1779271972,15,501.394336,128.786817,7.648935,209.876405,9.995169,12.807291,501.065109,501.394336,501.394336,501.394336,0.154161,0.279606,0.767659,0.915174,calls/second,milliseconds
1779271973,15,501.394336,128.786817,7.648935,209.876405,9.995169,12.807291,501.065109,501.394336,501.394336,501.394336,0.152590,0.279606,0.767659,0.915174,calls/second,milliseconds
1779271974,15,501.394336,128.786817,7.648935,209.876405,9.995169,12.807291,501.065109,501.394336,501.394336,501.394336,0.151050,0.279606,0.767659,0.915174,calls/second,milliseconds
1779271975,15,501.394336,128.786817,7.648935,209.876405,9.995169,12.807291,501.065109,501.394336,501.394336,501.394336,0.149542,0.257250,0.754971,0.910104,calls/second,milliseconds
1779271976,15,501.394336,128.786817,7.648935,209.876405,9.995169,12.807291,501.065109,501.394336,501.394336,501.394336,0.148062,0.257250,0.754971,0.910104,calls/second,milliseconds
1779271977,15,501.394336,128.786817,7.648935,209.876405,9.995169,12.807291,501.065109,501.394336,501.394336,501.394336,0.146612,0.257250,0.754971,0.910104,calls/second,milliseconds
1779271978,15,501.394336,128.786817,7.648935,209.876405,9.995169,12.807291,501.065109,501.394336,501.394336,501.394336,0.145190,0.257250,0.754971,0.910104,calls/second,milliseconds
1779271979,15,501.394336,128.786817,7.648935,209.876405,9.995169,12.807291,501.065109,501.394336,501.394336,501.394336,0.143796,0.257250,0.754971,0.910104,calls/second,milliseconds
1779271980,15,501.394336,128.786817,7.648935,209.876405,9.995169,12.807291,501.065109,501.394336,501.394336,501.394336,0.142428,0.236682,0.742493,0.905062,calls/second,milliseconds
1779271981,15,501.394336,128.786817,7.648935,209.876405,9.995169,12.807291,501.065109,501.394336,501.394336,501.394336,0.141086,0.236682,0.742493,0.905062,calls/second,milliseconds
1779271982,15,501.394336,128.786817,7.648935,209.876405,9.995169,12.807291,501.065109,501.394336,501.394336,501.394336,0.139769,0.236682,0.742493,0.905062,calls/second,milliseconds
1779271983,15,501.394336,128.786817,7.648935,209.876405,9.995169,12.807291,501.065109,501.394336,501.394336,501.394336,0.138476,0.236682,0.742493,0.905062,calls/second,milliseconds
1779271984,15,501.394336,128.786817,7.648935,209.876405,9.995169,12.807291,501.065109,501.394336,501.394336,501.394336,0.137207,0.236682,0.742493,0.905062,calls/second,milliseconds
1779271985,15,501.394336,128.786817,7.648935,209.876405,9.995169,12.807291,501.065109,501.394336,501.394336,501.394336,0.135960,0.217758,0.730220,0.900048,calls/second,milliseconds
1779271986,15,501.394336,128.786817,7.648935,209.876405,9.995169,12.807291,501.065109,501.394336,501.394336,501.394336,0.134737,0.217758,0.730220,0.900048,calls/second,milliseconds
1779271987,15,501.394336,128.786817,7.648935,209.876405,9.995169,12.807291,501.065109,501.394336,501.394336,501.394336,0.133535,0.217758,0.730220,0.900048,calls/second,milliseconds
1779271988,15,501.394336,128.786817,7.648935,209.876405,9.995169,12.807291,501.065109,501.394336,501.394336,501.394336,0.132355,0.217758,0.730220,0.900048,calls/second,milliseconds
1779271989,15,501.394336,128.786817,7.648935,209.876405,9.995169,12.807291,501.065109,501.394336,501.394336,501.394336,0.131196,0.217758,0.730220,0.900048,calls/second,milliseconds
1779271990,15,501.394336,128.786817,7.648935,209.876405,9.995169,12.807291,501.065109,501.394336,501.394336,501.394336,0.130055,0.200347,0.718151,0.895062,calls/second,milliseconds
1779271991,15,501.394336,128.786817,7.648935,209.876405,9.995169,12.807291,501.065109,501.394336,501.394336,501.394336,0.128935,0.200347,0.718151,0.895062,calls/second,milliseconds
1779271992,15,501.394336,128.786817,7.648935,209.876405,9.995169,12.807291,501.065109,501.394336,501.394336,501.394336,0.127835,0.200347,0.718151,0.895062,calls/second,milliseconds
1779271993,15,501.394336,128.786817,7.648935,209.876405,9.995169,12.807291,501.065109,501.394336,501.394336,501.394336,0.126753,0.200347,0.718151,0.895062,calls/second,milliseconds
1779271994,15,501.394336,128.786817,7.648935,209.876405,9.995169,12.807291,501.065109,501.394336,501.394336,501.394336,0.125689,0.200347,0.718151,0.895062,calls/second,milliseconds
1779271995,15,501.394336,128.786817,7.648935,209.876405,9.995169,12.807291,501.065109,501.394336,501.394336,501.394336,0.124643,0.184328,0.706281,0.890103,calls/second,milliseconds
1779271996,15,501.394336,128.786817,7.648935,209.876405,9.995169,12.807291,501.065109,501.394336,501.394336,501.394336,0.123614,0.184328,0.706281,0.890103,calls/second,milliseconds
1779271997,15,501.394336,128.786817,7.648935,209.876405,9.995169,12.807291,501.065109,501.394336,501.394336,501.394336,0.122602,0.184328,0.706281,0.890103,calls/second,milliseconds
1779271998,15,501.394336,128.786817,7.648935,209.876405,9.995169,12.807291,501.065109,501.394336,501.394336,501.394336,0.121606,0.184328,0.706281,0.890103,calls/second,milliseconds
1779271999,15,501.394336,128.786817,7.648935,209.876405,9.995169,12.807291,501.065109,501.394336,501.394336,501.394336,0.120626,0.184328,0.706281,0.890103,calls/second,milliseconds
1779272000,15,501.394336,128.786817,7.648935,209.876405,9.995169,12.807291,501.065109,501.394336,501.394336,501.394336,0.119662,0.169590,0.694607,0.885171,calls/second,milliseconds
1779272001,15,501.394336,128.786817,7.648935,209.876405,9.995169,12.807291,501.065109,501.394336,501.394336,501.394336,0.118713,0.169590,0.694607,0.885171,calls/second,milliseconds
1779272002,15,501.394336,128.786817,7.648935,209.876405,9.995169,12.807291,501.065109,501.394336,501.394336,501.394336,0.117780,0.169590,0.694607,0.885171,calls/second,milliseconds
1779272003,15,501.394336,128.786817,7.648935,209.876405,9.995169,12.807291,501.065109,501.394336,501.394336,501.394336,0.116860,0.169590,0.694607,0.885171,calls/second,milliseconds
1779272004,15,501.394336,128.786817,7.648935,209.876405,9.995169,12.807291,501.065109,501.394336,501.394336,501.394336,0.115955,0.169590,0.694607,0.885171,calls/second,milliseconds
1779272005,15,501.394336,128.786817,7.648935,209.876405,9.995169,12.807291,501.065109,501.394336,501.394336,501.394336,0.115065,0.156030,0.683126,0.880267,calls/second,milliseconds
1779272006,15,501.394336,128.786817,7.648935,209.876405,9.995169,12.807291,501.065109,501.394336,501.394336,501.394336,0.114187,0.156030,0.683126,0.880267,calls/second,milliseconds
1779272007,15,501.394336,128.786817,7.648935,209.876405,9.995169,12.807291,501.065109,501.394336,501.394336,501.394336,0.113323,0.156030,0.683126,0.880267,calls/second,milliseconds
1779272008,15,501.394336,128.786817,7.648935,209.876405,9.995169,12.807291,501.065109,501.394336,501.394336,501.394336,0.112472,0.156030,0.683126,0.880267,calls/second,milliseconds
1779272009,15,501.394336,128.786817,7.648935,209.876405,9.995169,12.807291,501.065109,501.394336,501.394336,501.394336,0.111634,0.156030,0.683126,0.880267,calls/second,milliseconds
1779272010,15,501.394336,128.786817,7.648935,209.876405,9.995169,12.807291,501.065109,501.394336,501.394336,501.394336,0.110807,0.143555,0.671835,0.875391,calls/second,milliseconds
1779272011,15,501.394336,128.786817,7.648935,209.876405,9.995169,12.807291,501.065109,501.394336,501.394336,501.394336,0.109993,0.143555,0.671835,0.875391,calls/second,milliseconds
1779272012,15,501.394336,128.786817,7.648935,209.876405,9.995169,12.807291,501.065109,501.394336,501.394336,501.394336,0.109191,0.143555,0.671835,0.875391,calls/second,milliseconds
1779272013,15,501.394336,128.786817,7.648935,209.876405,9.995169,12.807291,501.065109,501.394336,501.394336,501.394336,0.108401,0.143555,0.671835,0.875391,calls/second,milliseconds
1779272014,15,501.394336,128.786817,7.648935,209.876405,9.995169,12.807291,501.065109,501.394336,501.394336,501.394336,0.107622,0.143555,0.671835,0.875391,calls/second,milliseconds
1779272015,15,501.394336,128.786817,7.648935,209.876405,9.995169,12.807291,501.065109,501.394336,501.394336,501.394336,0.106854,0.132077,0.660731,0.870541,calls/second,milliseconds
1779272016,15,501.394336,128.786817,7.648935,209.876405,9.995169,12.807291,501.065109,501.394336,501.394336,501.394336,0.106097,0.132077,0.660731,0.870541,calls/second,milliseconds
1779272017,15,501.394336,128.786817,7.648935,209.876405,9.995169,12.807291,501.065109,501.394336,501.394336,501.394336,0.105351,0.132077,0.660731,0.870541,calls/second,milliseconds
1779272018,15,501.394336,128.786817,7.648935,209.876405,9.995169,12.807291,501.065109,501.394336,501.394336,501.394336,0.104615,0.132077,0.660731,0.870541,calls/second,milliseconds
1779272019,15,501.394336,128.786817,7.648935,209.876405,9.995169,12.807291,501.065109,501.394336,501.394336,501.394336,0.103890,0.132077,0.660731,0.870541,calls/second,milliseconds
1779272020,15,501.394336,128.786817,7.648935,209.876405,9.995169,12.807291,501.065109,501.394336,501.394336,501.394336,0.103174,0.121516,0.649810,0.865718,calls/second,milliseconds
1779272021,15,501.394336,128.786817,7.648935,209.876405,9.995169,12.807291,501.065109,501.394336,501.394336,501.394336,0.102468,0.121516,0.649810,0.865718,calls/second,milliseconds
1779272022,15,501.394336,128.786817,7.648935,209.876405,9.995169,12.807291,501.065109,501.394336,501.394336,501.394336,0.101772,0.121516,0.649810,0.865718,calls/second,milliseconds
1779272023,15,501.394336,128.786817,7.648935,209.876405,9.995169,12.807291,501.065109,501.394336,501.394336,501.394336,0.101085,0.121516,0.649810,0.865718,calls/second,milliseconds
1779272024,15,501.394336,128.786817,7.648935,209.876405,9.995169,12.807291,501.065109,501.394336,501.394336,501.394336,0.100408,0.121516,0.649810,0.865718,calls/second,milliseconds
1779272025,15,501.394336,128.786817,7.648935,209.876405,9.995169,12.807291,501.065109,501.394336,501.394336,501.394336,0.099740,0.111801,0.639069,0.860922,calls/second,milliseconds
1779272026,15,501.394336,128.786817,7.648935,209.876405,9.995169,12.807291,501.065109,501.394336,501.394336,501.394336,0.099080,0.111801,0.639069,0.860922,calls/second,milliseconds
1779272027,15,501.394336,128.786817,7.648935,209.876405,9.995169,12.807291,501.065109,501.394336,501.394336,501.394336,0.098428,0.111801,0.639069,0.860922,calls/second,milliseconds
1779272028,15,501.394336,128.786817,7.648935,209.876405,9.995169,12.807291,501.065109,501.394336,501.394336,501.394336,0.097781,0.111801,0.639069,0.860922,calls/second,milliseconds
1779272029,15,501.394336,128.786817,7.648935,209.876405,9.995169,12.807291,501.065109,501.394336,501.394336,501.394336,0.097146,0.111801,0.639069,0.860922,calls/second,milliseconds
1779272030,15,501.394336,128.786817,7.648935,209.876405,9.995169,12.807291,501.065109,501.394336,501.394336,501.394336,0.096520,0.102861,0.628506,0.856152,calls/second,milliseconds
1779272031,15,501.394336,128.786817,7.648935,209.876405,9.995169,12.807291,501.065109,501.394336,501.394336,501.394336,0.095902,0.102861,0.628506,0.856152,calls/second,milliseconds
1779272032,15,501.394336,128.786817,7.648935,209.876405,9.995169,12.807291,501.065109,501.394336,501.394336,501.394336,0.095292,0.102861,0.628506,0.856152,calls/second,milliseconds
1779272033,15,501.394336,128.786817,7.648935,209.876405,9.995169,12.807291,501.065109,501.394336,501.394336,501.394336,0.094690,0.102861,0.628506,0.856152,calls/second,milliseconds
1779272034,15,501.394336,128.786817,7.648935,209.876405,9.995169,12.807291,501.065109,501.394336,501.394336,501.394336,0.094095,0.102861,0.628506,0.856152,calls/second,milliseconds
1779272035,15,501.394336,128.786817,7.648935,209.876405,9.995169,12.807291,501.065109,501.394336,501.394336,501.394336,0.093508,0.094637,0.618118,0.851409,calls/second,milliseconds
1779272036,15,501.394336,128.786817,7.648935,209.876405,9.995169,12.807291,501.065109,501.394336,501.394336,501.394336,0.092927,0.094637,0.618118,0.851409,calls/second,milliseconds
1779272037,15,501.394336,128.786817,7.648935,209.876405,9.995169,12.807291,501.065109,501.394336,501.394336,501.394336,0.092354,0.094637,0.618118,0.851409,calls/second,milliseconds
1779272038,15,501.394336,128.786817,7.648935,209.876405,9.995169,12.807291,501.065109,501.394336,501.394336,501.394336,0.091788,0.094637,0.618118,0.851409,calls/second,milliseconds
1779272039,15,501.394336,128.786817,7.648935,209.876405,9.995169,12.807291,501.065109,501.394336,501.394336,501.394336,0.091229,0.094637,0.618118,0.851409,calls/second,milliseconds
1779272040,15,501.394336,128.786817,7.648935,209.876405,9.995169,12.807291,501.065109,501.394336,501.394336,501.394336,0.090677,0.087070,0.607901,0.846692,calls/second,milliseconds
1779272041,15,501.394336,128.786817,7.648935,209.876405,9.995169,12.807291,501.065109,501.394336,501.394336,501.394336,0.090131,0.087070,0.607901,0.846692,calls/second,milliseconds
1779272042,15,501.394336,128.786817,7.648935,209.876405,9.995169,12.807291,501.065109,501.394336,501.394336,501.394336,0.089592,0.087070,0.607901,0.846692,calls/second,milliseconds
1779272043,15,501.394336,128.786817,7.648935,209.876405,9.995169,12.807291,501.065109,501.394336,501.394336,501.394336,0.089059,0.087070,0.607901,0.846692,calls/second,milliseconds
1779272044,15,501.394336,128.786817,7.648935,209.876405,9.995169,12.807291,501.065109,501.394336,501.394336,501.394336,0.088533,0.087070,0.607901,0.846692,calls/second,milliseconds
1779272045,15,501.394336,128.786817,7.648935,209.876405,9.995169,12.807291,501.065109,501.394336,501.394336,501.394336,0.088012,0.080109,0.597854,0.842001,calls/second,milliseconds
1779272046,15,501.394336,128.786817,7.648935,209.876405,9.995169,12.807291,501.065109,501.394336,501.394336,501.394336,0.087498,0.080109,0.597854,0.842001,calls/second,milliseconds
1779272047,15,501.394336,128.786817,7.648935,209.876405,9.995169,12.807291,501.065109,501.394336,501.394336,501.394336,0.086990,0.080109,0.597854,0.842001,calls/second,milliseconds
1779272048,15,501.394336,128.786817,7.648935,209.876405,9.995169,12.807291,501.065109,501.394336,501.394336,501.394336,0.086488,0.080109,0.597854,0.842001,calls/second,milliseconds
1779272049,15,501.394336,128.786817,7.648935,209.876405,9.995169,12.807291,501.065109,501.394336,501.394336,501.394336,0.085991,0.080109,0.597854,0.842001,calls/second,milliseconds
1779272050,15,501.394336,128.786817,7.648935,209.876405,9.995169,12.807291,501.065109,501.394336,501.394336,501.394336,0.085500,0.073703,0.587972,0.837336,calls/second,milliseconds
1779272051,15,501.394336,128.786817,7.648935,209.876405,9.995169,12.807291,501.065109,501.394336,501.394336,501.394336,0.085015,0.073703,0.587972,0.837336,calls/second,milliseconds
1779272052,15,501.394336,128.786817,7.648935,209.876405,9.995169,12.807291,501.065109,501.394336,501.394336,501.394336,0.084535,0.073703,0.587972,0.837336,calls/second,milliseconds
1779272053,15,501.394336,128.786817,7.648935,209.876405,9.995169,12.807291,501.065109,501.394336,501.394336,501.394336,0.084061,0.073703,0.587972,0.837336,calls/second,milliseconds
1779272054,15,501.394336,128.786817,7.648935,209.876405,9.995169,12.807291,501.065109,501.394336,501.394336,501.394336,0.083592,0.073703,0.587972,0.837336,calls/second,milliseconds
1779272055,15,501.394336,128.786817,7.648935,209.876405,9.995169,12.807291,501.065109,501.394336,501.394336,501.394336,0.083128,0.067810,0.578254,0.832697,calls/second,milliseconds
1779272056,15,501.394336,128.786817,7.648935,209.876405,9.995169,12.807291,501.065109,501.394336,501.394336,501.394336,0.082669,0.067810,0.578254,0.832697,calls/second,milliseconds
1779272057,15,501.394336,128.786817,7.648935,209.876405,9.995169,12.807291,501.065109,501.394336,501.394336,501.394336,0.082215,0.067810,0.578254,0.832697,calls/second,milliseconds
1779272058,15,501.394336,128.786817,7.648935,209.876405,9.995169,12.807291,501.065109,501.394336,501.394336,501.394336,0.081767,0.067810,0.578254,0.832697,calls/second,milliseconds
1779272059,15,501.394336,128.786817,7.648935,209.876405,9.995169,12.807291,501.065109,501.394336,501.394336,501.394336,0.081323,0.067810,0.578254,0.832697,calls/second,milliseconds
1779272060,15,501.394336,128.786817,7.648935,209.876405,9.995169,12.807291,501.065109,501.394336,501.394336,501.394336,0.080883,0.062389,0.568696,0.828084,calls/second,milliseconds
1779272061,15,501.394336,128.786817,7.648935,209.876405,9.995169,12.807291,501.065109,501.394336,501.394336,501.394336,0.080449,0.062389,0.568696,0.828084,calls/second,milliseconds
1779272062,15,501.394336,128.786817,7.648935,209.876405,9.995169,12.807291,501.065109,501.394336,501.394336,501.394336,0.080019,0.062389,0.568696,0.828084,calls/second,milliseconds
1779272063,15,501.394336,128.786817,7.648935,209.876405,9.995169,12.807291,501.065109,501.394336,501.394336,501.394336,0.079594,0.062389,0.568696,0.828084,calls/second,milliseconds
1779272064,15,501.394336,128.786817,7.648935,209.876405,9.995169,12.807291,501.065109,501.394336,501.394336,501.394336,0.079173,0.062389,0.568696,0.828084,calls/second,milliseconds
1779272065,15,501.394336,128.786817,7.648935,209.876405,9.995169,12.807291,501.065109,501.394336,501.394336,501.394336,0.078757,0.057400,0.559296,0.823496,calls/second,milliseconds
1779272066,15,501.394336,128.786817,7.648935,209.876405,9.995169,12.807291,501.065109,501.394336,501.394336,501.394336,0.078345,0.057400,0.559296,0.823496,calls/second,milliseconds
1779272067,20,501.394336,30.024613,5.480919,102.632528,7.648935,9.627876,12.807291,499.293636,501.065109,501.394336,0.103916,0.057400,0.559296,0.823496,calls/second,milliseconds
1779272068,20,501.394336,30.024613,5.480919,102.632528,7.648935,9.627876,12.807291,499.293636,501.065109,501.394336,0.103378,0.057400,0.559296,0.823496,calls/second,milliseconds
1779272069,20,501.394336,30.024613,5.480919,102.632528,7.648935,9.627876,12.807291,499.293636,501.065109,501.394336,0.102846,0.057400,0.559296,0.823496,calls/second,milliseconds
1779272070,20,501.394336,30.024613,5.480919,102.632528,7.648935,9.627876,12.807291,499.293636,501.065109,501.394336,0.102319,0.132766,0.566581,0.824474,calls/second,milliseconds
1779272071,20,501.394336,30.024613,5.480919,102.632528,7.648935,9.627876,12.807291,499.293636,501.065109,501.394336,0.101797,0.132766,0.566581,0.824474,calls/second,milliseconds
1779272072,20,501.394336,30.024613,5.480919,102.632528,7.648935,9.627876,12.807291,499.293636,501.065109,501.394336,0.101281,0.132766,0.566581,0.824474,calls/second,milliseconds
1779272073,20,501.394336,30.024613,5.480919,102.632528,7.648935,9.627876,12.807291,499.293636,501.065109,501.394336,0.100770,0.132766,0.566581,0.824474,calls/second,milliseconds
1779272074,20,501.394336,30.024613,5.480919,102.632528,7.648935,9.627876,12.807291,499.293636,501.065109,501.394336,0.100264,0.132766,0.566581,0.824474,calls/second,milliseconds
1779272075,20,501.394336,30.024613,5.480919,102.632528,7.648935,9.627876,12.807291,499.293636,501.065109,501.394336,0.099763,0.122151,0.557216,0.819906,calls/second,milliseconds
1779272076,20,501.394336,30.024613,5.480919,102.632528,7.648935,9.627876,12.807291,499.293636,501.065109,501.394336,0.099267,0.122151,0.557216,0.819906,calls/second,milliseconds
1779272077,25,501.394336,18.947844,4.199011,74.789683,8.768357,8.961577,9.995169,497.481308,499.293636,501.394336,0.123470,0.122151,0.557216,0.819906,calls/second,milliseconds
1779272078,25,501.394336,18.947844,4.199011,74.789683,8.768357,8.961577,9.995169,497.481308,499.293636,501.394336,0.122862,0.122151,0.557216,0.819906,calls/second,milliseconds
1779272079,25,501.394336,18.947844,4.199011,74.789683,8.768357,8.961577,9.995169,497.481308,499.293636,501.394336,0.122261,0.122151,0.557216,0.819906,calls/second,milliseconds
1779272080,25,501.394336,18.947844,4.199011,74.789683,8.768357,8.961577,9.995169,497.481308,499.293636,501.394336,0.121665,0.192340,0.564534,0.820904,calls/second,milliseconds
1779272081,25,501.394336,18.947844,4.199011,74.789683,8.768357,8.961577,9.995169,497.481308,499.293636,501.394336,0.121075,0.192340,0.564534,0.820904,calls/second,milliseconds
1779272082,25,501.394336,18.947844,4.199011,74.789683,8.768357,8.961577,9.995169,497.481308,499.293636,501.394336,0.120490,0.192340,0.564534,0.820904,calls/second,milliseconds
1779272083,25,501.394336,18.947844,4.199011,74.789683,8.768357,8.961577,9.995169,497.481308,499.293636,501.394336,0.119912,0.192340,0.564534,0.820904,calls/second,milliseconds
1779272084,25,501.394336,18.947844,4.199011,74.789683,8.768357,8.961577,9.995169,497.481308,499.293636,501.394336,0.119339,0.192340,0.564534,0.820904,calls/second,milliseconds
1779272085,25,501.394336,18.947844,4.199011,74.789683,8.768357,8.961577,9.995169,497.481308,499.293636,501.394336,0.118771,0.176961,0.555203,0.816356,calls/second,milliseconds
1779272086,25,501.394336,18.947844,4.199011,74.789683,8.768357,8.961577,9.995169,497.481308,499.293636,501.394336,0.118209,0.176961,0.555203,0.816356,calls/second,milliseconds
1779272087,25,501.394336,18.947844,4.199011,74.789683,8.768357,8.961577,9.995169,497.481308,499.293636,501.394336,0.117651,0.176961,0.555203,0.816356,calls/second,milliseconds
1779272088,25,501.394336,18.947844,4.199011,74.789683,8.768357,8.961577,9.995169,497.481308,499.293636,501.394336,0.117099,0.176961,0.555203,0.816356,calls/second,milliseconds
1779272089,25,501.394336,18.947844,4.199011,74.789683,8.768357,8.961577,9.995169,497.481308,499.293636,501.394336,0.116552,0.176961,0.555203,0.816356,calls/second,milliseconds
1779272090,25,501.394336,18.947844,4.199011,74.789683,8.768357,8.961577,9.995169,497.481308,499.293636,501.394336,0.116011,0.162812,0.546027,0.811834,calls/second,milliseconds
1779272091,25,501.394336,18.947844,4.199011,74.789683,8.768357,8.961577,9.995169,497.481308,499.293636,501.394336,0.115474,0.162812,0.546027,0.811834,calls/second,milliseconds
1779272092,25,501.394336,18.947844,4.199011,74.789683,8.768357,8.961577,9.995169,497.481308,499.293636,501.394336,0.114942,0.162812,0.546027,0.811834,calls/second,milliseconds
1779272093,25,501.394336,18.947844,4.199011,74.789683,8.768357,8.961577,9.995169,497.481308,499.293636,501.394336,0.114416,0.162812,0.546027,0.811834,calls/second,milliseconds
1779272094,25,501.394336,18.947844,4.199011,74.789683,8.768357,8.961577,9.995169,497.481308,499.293636,501.394336,0.113893,0.162812,0.546027,0.811834,calls/second,milliseconds
1779272095,25,501.394336,18.947844,4.199011,74.789683,8.768357,8.961577,9.995169,497.481308,499.293636,501.394336,0.113376,0.149794,0.537002,0.807336,calls/second,milliseconds
1779272096,25,501.394336,18.947844,4.199011,74.789683,8.768357,8.961577,9.995169,497.481308,499.293636,501.394336,0.112863,0.149794,0.537002,0.807336,calls/second,milliseconds
1779272097,25,501.394336,18.947844,4.199011,74.789683,8.768357,8.961577,9.995169,497.481308,499.293636,501.394336,0.112355,0.149794,0.537002,0.807336,calls/second,milliseconds
1779272098,25,501.394336,18.947844,4.199011,74.789683,8.768357,8.961577,9.995169,497.481308,499.293636,501.394336,0.111852,0.149794,0.537002,0.807336,calls/second,milliseconds
1779272099,25,501.394336,18.947844,4.199011,74.789683,8.768357,8.961577,9.995169,497.481308,499.293636,501.394336,0.111353,0.149794,0.537002,0.807336,calls/second,milliseconds
1779272100,25,501.394336,18.947844,4.199011,74.789683,8.768357,8.961577,9.995169,497.481308,499.293636,501.394336,0.110859,0.137818,0.528126,0.802863,calls/second,milliseconds
1779272101,25,501.394336,18.947844,4.199011,74.789683,8.768357,8.961577,9.995169,497.481308,499.293636,501.394336,0.110369,0.137818,0.528126,0.802863,calls/second,milliseconds
1779272102,25,501.394336,18.947844,4.199011,74.789683,8.768357,8.961577,9.995169,497.481308,499.293636,501.394336,0.109883,0.137818,0.528126,0.802863,calls/second,milliseconds
1779272103,25,501.394336,18.947844,4.199011,74.789683,8.768357,8.961577,9.995169,497.481308,499.293636,501.394336,0.109401,0.137818,0.528126,0.802863,calls/second,milliseconds
1779272104,25,501.394336,18.947844,4.199011,74.789683,8.768357,8.961577,9.995169,497.481308,499.293636,501.394336,0.108923,0.137818,0.528126,0.802863,calls/second,milliseconds
1779272105,25,501.394336,18.947844,4.199011,74.789683,8.768357,8.961577,9.995169,497.481308,499.293636,501.394336,0.108450,0.126798,0.519397,0.798415,calls/second,milliseconds
1779272106,25,501.394336,18.947844,4.199011,74.789683,8.768357,8.961577,9.995169,497.481308,499.293636,501.394336,0.107981,0.126798,0.519397,0.798415,calls/second,milliseconds
1779272107,25,501.394336,18.947844,4.199011,74.789683,8.768357,8.961577,9.995169,497.481308,499.293636,501.394336,0.107516,0.126798,0.519397,0.798415,calls/second,milliseconds
1779272108,25,501.394336,18.947844,4.199011,74.789683,8.768357,8.961577,9.995169,497.481308,499.293636,501.394336,0.107055,0.126798,0.519397,0.798415,calls/second,milliseconds
1779272109,25,501.394336,18.947844,4.199011,74.789683,8.768357,8.961577,9.995169,497.481308,499.293636,501.394336,0.106597,0.126798,0.519397,0.798415,calls/second,milliseconds
1779272110,25,501.394336,18.947844,4.199011,74.789683,8.768357,8.961577,9.995169,497.481308,499.293636,501.394336,0.106144,0.116660,0.510812,0.793992,calls/second,milliseconds
1779272111,25,501.394336,18.947844,4.199011,74.789683,8.768357,8.961577,9.995169,497.481308,499.293636,501.394336,0.105695,0.116660,0.510812,0.793992,calls/second,milliseconds
1779272112,25,501.394336,18.947844,4.199011,74.789683,8.768357,8.961577,9.995169,497.481308,499.293636,501.394336,0.105249,0.116660,0.510812,0.793992,calls/second,milliseconds
1779272113,25,501.394336,18.947844,4.199011,74.789683,8.768357,8.961577,9.995169,497.481308,499.293636,501.394336,0.104807,0.116660,0.510812,0.793992,calls/second,milliseconds
1779272114,25,501.394336,18.947844,4.199011,74.789683,8.768357,8.961577,9.995169,497.481308,499.293636,501.394336,0.104369,0.116660,0.510812,0.793992,calls/second,milliseconds
1779272115,25,501.394336,18.947844,4.199011,74.789683,8.768357,8.961577,9.995169,497.481308,499.293636,501.394336,0.103935,0.107332,0.502369,0.789593,calls/second,milliseconds
1779272116,25,501.394336,18.947844,4.199011,74.789683,8.768357,8.961577,9.995169,497.481308,499.293636,501.394336,0.103504,0.107332,0.502369,0.789593,calls/second,milliseconds
1779272117,25,501.394336,18.947844,4.199011,74.789683,8.768357,8.961577,9.995169,497.481308,499.293636,501.394336,0.103076,0.107332,0.502369,0.789593,calls/second,milliseconds
1779272118,25,501.394336,18.947844,4.199011,74.789683,8.768357,8.961577,9.995169,497.481308,499.293636,501.394336,0.102652,0.107332,0.502369,0.789593,calls/second,milliseconds
1779272119,25,501.394336,18.947844,4.199011,74.789683,8.768357,8.961577,9.995169,497.481308,499.293636,501.394336,0.102231,0.107332,0.502369,0.789593,calls/second,milliseconds
1779272120,25,501.394336,18.947844,4.199011,74.789683,8.768357,8.961577,9.995169,497.481308,499.293636,501.394336,0.101814,0.098751,0.494065,0.785218,calls/second,milliseconds
1779272121,25,501.394336,18.947844,4.199011,74.789683,8.768357,8.961577,9.995169,497.481308,499.293636,501.394336,0.101401,0.098751,0.494065,0.785218,calls/second,milliseconds
1779272122,25,501.394336,18.947844,4.199011,74.789683,8.768357,8.961577,9.995169,497.481308,499.293636,501.394336,0.100991,0.098751,0.494065,0.785218,calls/second,milliseconds
1779272123,25,501.394336,18.947844,4.199011,74.789683,8.768357,8.961577,9.995169,497.481308,499.293636,501.394336,0.100583,0.098751,0.494065,0.785218,calls/second,milliseconds
1779272124,25,501.394336,18.947844,4.199011,74.789683,8.768357,8.961577,9.995169,497.481308,499.293636,501.394336,0.100180,0.098751,0.494065,0.785218,calls/second,milliseconds
1779272125,25,501.394336,18.947844,4.199011,74.789683,8.768357,8.961577,9.995169,497.481308,499.293636,501.394336,0.099779,0.090855,0.485899,0.780868,calls/second,milliseconds
1779272126,25,501.394336,18.947844,4.199011,74.789683,8.768357,8.961577,9.995169,497.481308,499.293636,501.394336,0.099382,0.090855,0.485899,0.780868,calls/second,milliseconds
1779272127,25,501.394336,18.947844,4.199011,74.789683,8.768357,8.961577,9.995169,497.481308,499.293636,501.394336,0.098988,0.090855,0.485899,0.780868,calls/second,milliseconds
1779272128,25,501.394336,18.947844,4.199011,74.789683,8.768357,8.961577,9.995169,497.481308,499.293636,501.394336,0.098597,0.090855,0.485899,0.780868,calls/second,milliseconds
1779272129,25,501.394336,18.947844,4.199011,74.789683,8.768357,8.961577,9.995169,497.481308,499.293636,501.394336,0.098209,0.090855,0.485899,0.780868,calls/second,milliseconds
1779272130,25,501.394336,18.947844,4.199011,74.789683,8.768357,8.961577,9.995169,497.481308,499.293636,501.394336,0.097824,0.083591,0.477868,0.776542,calls/second,milliseconds
1779272131,25,501.394336,18.947844,4.199011,74.789683,8.768357,8.961577,9.995169,497.481308,499.293636,501.394336,0.097443,0.083591,0.477868,0.776542,calls/second,milliseconds
1779272132,25,501.394336,18.947844,4.199011,74.789683,8.768357,8.961577,9.995169,497.481308,499.293636,501.394336,0.097064,0.083591,0.477868,0.776542,calls/second,milliseconds
1779272133,25,501.394336,18.947844,4.199011,74.789683,8.768357,8.961577,9.995169,497.481308,499.293636,501.394336,0.096688,0.083591,0.477868,0.776542,calls/second,milliseconds
1779272134,25,501.394336,18.947844,4.199011,74.789683,8.768357,8.961577,9.995169,497.481308,499.293636,501.394336,0.096315,0.083591,0.477868,0.776542,calls/second,milliseconds
1779272135,25,501.394336,18.947844,4.199011,74.789683,8.768357,8.961577,9.995169,497.481308,499.293636,501.394336,0.095945,0.076907,0.469970,0.772240,calls/second,milliseconds
1779272136,25,501.394336,18.947844,4.199011,74.789683,8.768357,8.961577,9.995169,497.481308,499.293636,501.394336,0.095577,0.076907,0.469970,0.772240,calls/second,milliseconds
1779272137,25,501.394336,18.947844,4.199011,74.789683,8.768357,8.961577,9.995169,497.481308,499.293636,501.394336,0.095213,0.076907,0.469970,0.772240,calls/second,milliseconds
1779272138,25,501.394336,18.947844,4.199011,74.789683,8.768357,8.961577,9.995169,497.481308,499.293636,501.394336,0.094851,0.076907,0.469970,0.772240,calls/second,milliseconds
1779272139,25,501.394336,18.947844,4.199011,74.789683,8.768357,8.961577,9.995169,497.481308,499.293636,501.394336,0.094492,0.076907,0.469970,0.772240,calls/second,milliseconds
1779272140,25,501.394336,18.947844,4.199011,74.789683,8.768357,8.961577,9.995169,497.481308,499.293636,501.394336,0.094136,0.070758,0.462202,0.767962,calls/second,milliseconds
1779272141,25,501.394336,18.947844,4.199011,74.789683,8.768357,8.961577,9.995169,497.481308,499.293636,501.394336,0.093781,0.070758,0.462202,0.767962,calls/second,milliseconds
1779272142,25,501.394336,18.947844,4.199011,74.789683,8.768357,8.961577,9.995169,497.481308,499.293636,501.394336,0.093430,0.070758,0.462202,0.767962,calls/second,milliseconds
1779272143,25,501.394336,18.947844,4.199011,74.789683,8.768357,8.961577,9.995169,497.481308,499.293636,501.394336,0.093082,0.070758,0.462202,0.767962,calls/second,milliseconds
1779272144,25,501.394336,18.947844,4.199011,74.789683,8.768357,8.961577,9.995169,497.481308,499.293636,501.394336,0.092736,0.070758,0.462202,0.767962,calls/second,milliseconds
1779272145,25,501.394336,18.947844,4.199011,74.789683,8.768357,8.961577,9.995169,497.481308,499.293636,501.394336,0.092393,0.065100,0.454562,0.763707,calls/second,milliseconds
1779272146,25,501.394336,18.947844,4.199011,74.789683,8.768357,8.961577,9.995169,497.481308,499.293636,501.394336,0.092052,0.065100,0.454562,0.763707,calls/second,milliseconds
1779272147,25,501.394336,18.947844,4.199011,74.789683,8.768357,8.961577,9.995169,497.481308,499.293636,501.394336,0.091714,0.065100,0.454562,0.763707,calls/second,milliseconds
1779272148,25,501.394336,18.947844,4.199011,74.789683,8.768357,8.961577,9.995169,497.481308,499.293636,501.394336,0.091378,0.065100,0.454562,0.763707,calls/second,milliseconds
1779272149,25,501.394336,18.947844,4.199011,74.789683,8.768357,8.961577,9.995169,497.481308,499.293636,501.394336,0.091045,0.065100,0.454562,0.763707,calls/second,milliseconds
1779272150,25,501.394336,18.947844,4.199011,74.789683,8.768357,8.961577,9.995169,497.481308,499.293636,501.394336,0.090714,0.059895,0.447049,0.759476,calls/second,milliseconds
1779272151,25,501.394336,18.947844,4.199011,74.789683,8.768357,8.961577,9.995169,497.481308,499.293636,501.394336,0.090385,0.059895,0.447049,0.759476,calls/second,milliseconds
1779272152,25,501.394336,18.947844,4.199011,74.789683,8.768357,8.961577,9.995169,497.481308,499.293636,501.394336,0.090059,0.059895,0.447049,0.759476,calls/second,milliseconds
1779272153,25,501.394336,18.947844,4.199011,74.789683,8.768357,8.961577,9.995169,497.481308,499.293636,501.394336,0.089735,0.059895,0.447049,0.759476,calls/second,milliseconds
1779272154,25,501.394336,18.947844,4.199011,74.789683,8.768357,8.961577,9.995169,497.481308,499.293636,501.394336,0.089414,0.059895,0.447049,0.759476,calls/second,milliseconds
1779272155,25,501.394336,18.947844,4.199011,74.789683,8.768357,8.961577,9.995169,497.481308,499.293636,501.394336,0.089095,0.055106,0.439660,0.755268,calls/second,milliseconds
1779272156,25,501.394336,18.947844,4.199011,74.789683,8.768357,8.961577,9.995169,497.481308,499.293636,501.394336,0.088778,0.055106,0.439660,0.755268,calls/second,milliseconds
1779272157,25,501.394336,18.947844,4.199011,74.789683,8.768357,8.961577,9.995169,497.481308,499.293636,501.394336,0.088464,0.055106,0.439660,0.755268,calls/second,milliseconds
1779272158,25,501.394336,18.947844,4.199011,74.789683,8.768357,8.961577,9.995169,497.481308,499.293636,501.394336,0.088151,0.055106,0.439660,0.755268,calls/second,milliseconds
1779272159,25,501.394336,18.947844,4.199011,74.789683,8.768357,8.961577,9.995169,497.481308,499.293636,501.394336,0.087841,0.055106,0.439660,0.755268,calls/second,milliseconds
1779272160,25,501.394336,18.947844,4.199011,74.789683,8.768357,8.961577,9.995169,497.481308,499.293636,501.394336,0.087533,0.050700,0.432393,0.751084,calls/second,milliseconds
1779272161,25,501.394336,18.947844,4.199011,74.789683,8.768357,8.961577,9.995169,497.481308,499.293636,501.394336,0.087227,0.050700,0.432393,0.751084,calls/second,milliseconds
1779272162,25,501.394336,18.947844,4.199011,74.789683,8.768357,8.961577,9.995169,497.481308,499.293636,501.394336,0.086923,0.050700,0.432393,0.751084,calls/second,milliseconds
1779272163,25,501.394336,18.947844,4.199011,74.789683,8.768357,8.961577,9.995169,497.481308,499.293636,501.394336,0.086622,0.050700,0.432393,0.751084,calls/second,milliseconds
1779272164,25,501.394336,18.947844,4.199011,74.789683,8.768357,8.961577,9.995169,497.481308,499.293636,501.394336,0.086322,0.050700,0.432393,0.751084,calls/second,milliseconds
1779272165,25,501.394336,18.947844,4.199011,74.789683,8.768357,8.961577,9.995169,497.481308,499.293636,501.394336,0.086025,0.046646,0.425246,0.746923,calls/second,milliseconds
1779272166,25,501.394336,18.947844,4.199011,74.789683,8.768357,8.961577,9.995169,497.481308,499.293636,501.394336,0.085729,0.046646,0.425246,0.746923,calls/second,milliseconds
1779272167,25,501.394336,18.947844,4.199011,74.789683,8.768357,8.961577,9.995169,497.481308,499.293636,501.394336,0.085436,0.046646,0.425246,0.746923,calls/second,milliseconds
1779272168,25,501.394336,18.947844,4.199011,74.789683,8.768357,8.961577,9.995169,497.481308,499.293636,501.394336,0.085145,0.046646,0.425246,0.746923,calls/second,milliseconds
1779272169,25,501.394336,18.947844,4.199011,74.789683,8.768357,8.961577,9.995169,497.481308,499.293636,501.394336,0.084855,0.046646,0.425246,0.746923,calls/second,milliseconds
1779272170,25,501.394336,18.947844,4.199011,74.789683,8.768357,8.961577,9.995169,497.481308,499.293636,501.394336,0.084568,0.042917,0.418217,0.742785,calls/second,milliseconds
1779272171,25,501.394336,18.947844,4.199011,74.789683,8.768357,8.961577,9.995169,497.481308,499.293636,501.394336,0.084282,0.042917,0.418217,0.742785,calls/second,milliseconds
1779272172,25,501.394336,18.947844,4.199011,74.789683,8.768357,8.961577,9.995169,497.481308,499.293636,501.394336,0.083999,0.042917,0.418217,0.742785,calls/second,milliseconds
1779272173,25,501.394336,18.947844,4.199011,74.789683,8.768357,8.961577,9.995169,497.481308,499.293636,501.394336,0.083717,0.042917,0.418217,0.742785,calls/second,milliseconds
1779272174,30,501.394336,11.707232,4.199011,42.836693,8.961577,9.914170,9.937843,9.937843,12.767435,501.394336,0.100125,0.042917,0.418217,0.742785,calls/second,milliseconds
1779272175,30,501.394336,11.707232,4.199011,42.836693,8.961577,9.914170,9.937843,9.937843,12.767435,501.394336,0.099791,0.119441,0.427833,0.744210,calls/second,milliseconds
1779272176,30,501.394336,11.707232,4.199011,42.836693,8.961577,9.914170,9.937843,9.937843,12.767435,501.394336,0.099460,0.119441,0.427833,0.744210,calls/second,milliseconds
1779272177,30,501.394336,11.707232,4.199011,42.836693,8.961577,9.914170,9.937843,9.937843,12.767435,501.394336,0.099131,0.119441,0.427833,0.744210,calls/second,milliseconds
1779272178,30,501.394336,11.707232,4.199011,42.836693,8.961577,9.914170,9.937843,9.937843,12.767435,501.394336,0.098804,0.119441,0.427833,0.744210,calls/second,milliseconds
1779272179,30,501.394336,11.707232,4.199011,42.836693,8.961577,9.914170,9.937843,9.937843,12.767435,501.394336,0.098479,0.119441,0.427833,0.744210,calls/second,milliseconds
1779272180,30,501.394336,11.707232,4.199011,42.836693,8.961577,9.914170,9.937843,9.937843,12.767435,501.394336,0.098156,0.109891,0.420762,0.740087,calls/second,milliseconds
1779272181,30,501.394336,11.707232,4.199011,42.836693,8.961577,9.914170,9.937843,9.937843,12.767435,501.394336,0.097836,0.109891,0.420762,0.740087,calls/second,milliseconds
1779272182,30,501.394336,11.707232,4.199011,42.836693,8.961577,9.914170,9.937843,9.937843,12.767435,501.394336,0.097517,0.109891,0.420762,0.740087,calls/second,milliseconds
1779272183,30,501.394336,11.707232,4.199011,42.836693,8.961577,9.914170,9.937843,9.937843,12.767435,501.394336,0.097201,0.109891,0.420762,0.740087,calls/second,milliseconds
1779272184,35,501.394336,8.532200,4.199011,32.356537,5.579268,9.627876,9.937843,9.937843,9.937843,501.065109,0.113034,0.109891,0.420762,0.740087,calls/second,milliseconds
1779272185,35,501.394336,8.532200,4.199011,32.356537,5.579268,9.627876,9.937843,9.937843,9.937843,501.065109,0.112670,0.181060,0.430336,0.741527,calls/second,milliseconds
1779272186,35,501.394336,8.532200,4.199011,32.356537,5.579268,9.627876,9.937843,9.937843,9.937843,501.065109,0.112308,0.181060,0.430336,0.741527,calls/second,milliseconds
1779272187,35,501.394336,8.532200,4.199011,32.356537,5.579268,9.627876,9.937843,9.937843,9.937843,501.065109,0.111948,0.181060,0.430336,0.741527,calls/second,milliseconds
1779272188,35,501.394336,8.532200,4.199011,32.356537,5.579268,9.627876,9.937843,9.937843,9.937843,501.065109,0.111591,0.181060,0.430336,0.741527,calls/second,milliseconds
1779272189,35,501.394336,8.532200,4.199011,32.356537,5.579268,9.627876,9.937843,9.937843,9.937843,501.065109,0.111235,0.181060,0.430336,0.741527,calls/second,milliseconds
1779272190,35,501.394336,8.532200,4.199011,32.356537,5.579268,9.627876,9.937843,9.937843,9.937843,501.065109,0.110883,0.166583,0.423223,0.737419,calls/second,milliseconds
1779272191,35,501.394336,8.532200,4.199011,32.356537,5.579268,9.627876,9.937843,9.937843,9.937843,501.065109,0.110532,0.166583,0.423223,0.737419,calls/second,milliseconds
1779272192,35,501.394336,8.532200,4.199011,32.356537,5.579268,9.627876,9.937843,9.937843,9.937843,501.065109,0.110183,0.166583,0.423223,0.737419,calls/second,milliseconds
1779272193,35,501.394336,8.532200,4.199011,32.356537,5.579268,9.627876,9.937843,9.937843,9.937843,501.065109,0.109837,0.166583,0.423223,0.737419,calls/second,milliseconds
1779272194,35,501.394336,8.532200,4.199011,32.356537,5.579268,9.627876,9.937843,9.937843,9.937843,501.065109,0.109493,0.166583,0.423223,0.737419,calls/second,milliseconds
1779272195,35,501.394336,8.532200,4.199011,32.356537,5.579268,9.627876,9.937843,9.937843,9.937843,501.065109,0.109151,0.153264,0.416228,0.733333,calls/second,milliseconds
1779272196,35,501.394336,8.532200,4.199011,32.356537,5.579268,9.627876,9.937843,9.937843,9.937843,501.065109,0.108811,0.153264,0.416228,0.733333,calls/second,milliseconds
1779272197,35,501.394336,8.532200,4.199011,32.356537,5.579268,9.627876,9.937843,9.937843,9.937843,501.065109,0.108474,0.153264,0.416228,0.733333,calls/second,milliseconds
1779272198,35,501.394336,8.532200,4.199011,32.356537,5.579268,9.627876,9.937843,9.937843,9.937843,501.065109,0.108138,0.153264,0.416228,0.733333,calls/second,milliseconds
1779272199,35,501.394336,8.532200,4.199011,32.356537,5.579268,9.627876,9.937843,9.937843,9.937843,501.065109,0.107805,0.153264,0.416228,0.733333,calls/second,milliseconds
1779272200,35,501.394336,8.532200,4.199011,32.356537,5.579268,9.627876,9.937843,9.937843,9.937843,501.065109,0.107473,0.141010,0.409348,0.729270,calls/second,milliseconds
1779272201,35,501.394336,8.532200,4.199011,32.356537,5.579268,9.627876,9.937843,9.937843,9.937843,501.065109,0.107144,0.141010,0.409348,0.729270,calls/second,milliseconds
1779272202,35,501.394336,8.532200,4.199011,32.356537,5.579268,9.627876,9.937843,9.937843,9.937843,501.065109,0.106816,0.141010,0.409348,0.729270,calls/second,milliseconds
1779272203,35,501.394336,8.532200,4.199011,32.356537,5.579268,9.627876,9.937843,9.937843,9.937843,501.065109,0.106491,0.141010,0.409348,0.729270,calls/second,milliseconds
1779272204,35,501.394336,8.532200,4.199011,32.356537,5.579268,9.627876,9.937843,9.937843,9.937843,501.065109,0.106167,0.141010,0.409348,0.729270,calls/second,milliseconds
1779272205,35,501.394336,8.532200,4.199011,32.356537,5.579268,9.627876,9.937843,9.937843,9.937843,501.065109,0.105846,0.129735,0.402582,0.725230,calls/second,milliseconds
1779272206,40,501.394336,7.539220,4.199011,25.501505,4.629057,7.964354,9.937843,9.937843,9.937843,501.065109,0.120601,0.129735,0.402582,0.725230,calls/second,milliseconds
1779272207,40,501.394336,7.539220,4.199011,25.501505,4.629057,7.964354,9.937843,9.937843,9.937843,501.065109,0.120238,0.129735,0.402582,0.725230,calls/second,milliseconds
1779272208,40,501.394336,7.539220,4.199011,25.501505,4.629057,7.964354,9.937843,9.937843,9.937843,501.065109,0.119877,0.129735,0.402582,0.725230,calls/second,milliseconds
1779272209,40,501.394336,7.539220,4.199011,25.501505,4.629057,7.964354,9.937843,9.937843,9.937843,501.065109,0.119518,0.129735,0.402582,0.725230,calls/second,milliseconds
1779272210,40,501.394336,7.539220,4.199011,25.501505,4.629057,7.964354,9.937843,9.937843,9.937843,501.065109,0.119162,0.199318,0.412457,0.726752,calls/second,milliseconds
1779272211,40,501.394336,7.539220,4.199011,25.501505,4.629057,7.964354,9.937843,9.937843,9.937843,501.065109,0.118807,0.199318,0.412457,0.726752,calls/second,milliseconds
1779272212,40,501.394336,7.539220,4.199011,25.501505,4.629057,7.964354,9.937843,9.937843,9.937843,501.065109,0.118455,0.199318,0.412457,0.726752,calls/second,milliseconds
1779272213,40,501.394336,7.539220,4.199011,25.501505,4.629057,7.964354,9.937843,9.937843,9.937843,501.065109,0.118105,0.199318,0.412457,0.726752,calls/second,milliseconds
1779272214,40,501.394336,7.539220,4.199011,25.501505,4.629057,7.964354,9.937843,9.937843,9.937843,501.065109,0.117756,0.199318,0.412457,0.726752,calls/second,milliseconds
1779272215,40,501.394336,7.539220,4.199011,25.501505,4.629057,7.964354,9.937843,9.937843,9.937843,501.065109,0.117410,0.183381,0.405639,0.722726,calls/second,milliseconds
1779272216,45,501.394336,6.546353,4.199011,21.330463,4.507591,5.760827,9.914170,9.937843,9.937843,499.293636,0.131699,0.183381,0.405639,0.722726,calls/second,milliseconds
1779272217,45,501.394336,6.546353,4.199011,21.330463,4.507591,5.760827,9.914170,9.937843,9.937843,499.293636,0.131314,0.183381,0.405639,0.722726,calls/second,milliseconds
1779272218,45,501.394336,6.546353,4.199011,21.330463,4.507591,5.760827,9.914170,9.937843,9.937843,499.293636,0.130932,0.183381,0.405639,0.722726,calls/second,milliseconds
1779272219,45,501.394336,6.546353,4.199011,21.330463,4.507591,5.760827,9.914170,9.937843,9.937843,499.293636,0.130551,0.183381,0.405639,0.722726,calls/second,milliseconds
1779272220,45,501.394336,6.546353,4.199011,21.330463,4.507591,5.760827,9.914170,9.937843,9.937843,499.293636,0.130173,0.248674,0.415463,0.724262,calls/second,milliseconds
1779272221,45,501.394336,6.546353,4.199011,21.330463,4.507591,5.760827,9.914170,9.937843,9.937843,499.293636,0.129797,0.248674,0.415463,0.724262,calls/second,milliseconds
1779272222,45,501.394336,6.546353,4.199011,21.330463,4.507591,5.760827,9.914170,9.937843,9.937843,499.293636,0.129423,0.248674,0.415463,0.724262,calls/second,milliseconds
1779272223,45,501.394336,6.546353,4.199011,21.330463,4.507591,5.760827,9.914170,9.937843,9.937843,499.293636,0.129051,0.248674,0.415463,0.724262,calls/second,milliseconds
1779272224,45,501.394336,6.546353,4.199011,21.330463,4.507591,5.760827,9.914170,9.937843,9.937843,499.293636,0.128682,0.248674,0.415463,0.724262,calls/second,milliseconds
1779272225,45,501.394336,6.546353,4.199011,21.330463,4.507591,5.760827,9.914170,9.937843,9.937843,499.293636,0.128314,0.228792,0.408596,0.720250,calls/second,milliseconds
1779272226,45,501.394336,6.546353,4.199011,21.330463,4.507591,5.760827,9.914170,9.937843,9.937843,499.293636,0.127948,0.228792,0.408596,0.720250,calls/second,milliseconds
1779272227,45,501.394336,6.546353,4.199011,21.330463,4.507591,5.760827,9.914170,9.937843,9.937843,499.293636,0.127585,0.228792,0.408596,0.720250,calls/second,milliseconds
1779272228,50,501.394336,6.043981,4.000727,18.256053,4.392024,5.760827,9.914170,9.937843,9.937843,498.297373,0.141360,0.228792,0.408596,0.720250,calls/second,milliseconds
1779272229,50,501.394336,6.043981,4.000727,18.256053,4.392024,5.760827,9.914170,9.937843,9.937843,498.297373,0.140961,0.228792,0.408596,0.720250,calls/second,milliseconds
1779272230,50,501.394336,6.043981,4.000727,18.256053,4.392024,5.760827,9.914170,9.937843,9.937843,498.297373,0.140564,0.290454,0.418371,0.721800,calls/second,milliseconds
1779272231,50,501.394336,6.043981,4.000727,18.256053,4.392024,5.760827,9.914170,9.937843,9.937843,498.297373,0.140169,0.290454,0.418371,0.721800,calls/second,milliseconds
1779272232,50,501.394336,6.043981,4.000727,18.256053,4.392024,5.760827,9.914170,9.937843,9.937843,498.297373,0.139777,0.290454,0.418371,0.721800,calls/second,milliseconds
1779272233,50,501.394336,6.043981,4.000727,18.256053,4.392024,5.760827,9.914170,9.937843,9.937843,498.297373,0.139387,0.290454,0.418371,0.721800,calls/second,milliseconds
1779272234,50,501.394336,6.043981,4.000727,18.256053,4.392024,5.760827,9.914170,9.937843,9.937843,498.297373,0.138999,0.290454,0.418371,0.721800,calls/second,milliseconds
1779272235,50,501.394336,6.043981,4.000727,18.256053,4.392024,5.760827,9.914170,9.937843,9.937843,498.297373,0.138613,0.267231,0.411456,0.717801,calls/second,milliseconds
1779272236,50,501.394336,6.043981,4.000727,18.256053,4.392024,5.760827,9.914170,9.937843,9.937843,498.297373,0.138229,0.267231,0.411456,0.717801,calls/second,milliseconds
1779272237,50,501.394336,6.043981,4.000727,18.256053,4.392024,5.760827,9.914170,9.937843,9.937843,498.297373,0.137847,0.267231,0.411456,0.717801,calls/second,milliseconds
1779272238,55,501.394336,5.708713,3.947257,15.980765,4.320208,5.747546,9.896814,9.937843,9.937843,497.481308,0.151214,0.267231,0.411456,0.717801,calls/second,milliseconds
1779272239,55,501.394336,5.708713,3.947257,15.980765,4.320208,5.747546,9.896814,9.937843,9.937843,497.481308,0.150799,0.267231,0.411456,0.717801,calls/second,milliseconds
1779272240,55,501.394336,5.708713,3.947257,15.980765,4.320208,5.747546,9.896814,9.937843,9.937843,497.481308,0.150386,0.325820,0.421184,0.719364,calls/second,milliseconds
1779272241,55,501.394336,5.708713,3.947257,15.980765,4.320208,5.747546,9.896814,9.937843,9.937843,497.481308,0.149975,0.325820,0.421184,0.719364,calls/second,milliseconds
1779272242,55,501.394336,5.708713,3.947257,15.980765,4.320208,5.747546,9.896814,9.937843,9.937843,497.481308,0.149567,0.325820,0.421184,0.719364,calls/second,milliseconds
1779272243,55,501.394336,5.708713,3.947257,15.980765,4.320208,5.747546,9.896814,9.937843,9.937843,497.481308,0.149160,0.325820,0.421184,0.719364,calls/second,milliseconds
1779272244,55,501.394336,5.708713,3.947257,15.980765,4.320208,5.747546,9.896814,9.937843,9.937843,497.481308,0.148756,0.325820,0.421184,0.719364,calls/second,milliseconds
1779272245,55,501.394336,5.708713,3.947257,15.980765,4.320208,5.747546,9.896814,9.937843,9.937843,497.481308,0.148355,0.299768,0.414222,0.715379,calls/second,milliseconds
1779272246,55,501.394336,5.708713,3.947257,15.980765,4.320208,5.747546,9.896814,9.937843,9.937843,497.481308,0.147955,0.299768,0.414222,0.715379,calls/second,milliseconds
1779272247,55,501.394336,5.708713,3.947257,15.980765,4.320208,5.747546,9.896814,9.937843,9.937843,497.481308,0.147557,0.299768,0.414222,0.715379,calls/second,milliseconds
1779272248,55,501.394336,5.708713,3.947257,15.980765,4.320208,5.747546,9.896814,9.937843,9.937843,497.481308,0.147162,0.299768,0.414222,0.715379,calls/second,milliseconds
1779272249,55,501.394336,5.708713,3.947257,15.980765,4.320208,5.747546,9.896814,9.937843,9.937843,497.481308,0.146769,0.299768,0.414222,0.715379,calls/second,milliseconds
1779272250,55,501.394336,5.708713,3.947257,15.980765,4.320208,5.747546,9.896814,9.937843,9.937843,497.481308,0.146378,0.275800,0.407376,0.711415,calls/second,milliseconds
1779272251,55,501.394336,5.708713,3.947257,15.980765,4.320208,5.747546,9.896814,9.937843,9.937843,497.481308,0.145989,0.275800,0.407376,0.711415,calls/second,milliseconds
1779272252,55,501.394336,5.708713,3.947257,15.980765,4.320208,5.747546,9.896814,9.937843,9.937843,497.481308,0.145602,0.275800,0.407376,0.711415,calls/second,milliseconds
1779272253,55,501.394336,5.708713,3.947257,15.980765,4.320208,5.747546,9.896814,9.937843,9.937843,497.481308,0.145215,0.275800,0.407376,0.711415,calls/second,milliseconds
1779272254,55,501.394336,5.708713,3.947257,15.980765,4.320208,5.747546,9.896814,9.937843,9.937843,497.481308,0.144833,0.275800,0.407376,0.711415,calls/second,milliseconds
1779272255,55,501.394336,5.708713,3.947257,15.980765,4.320208,5.747546,9.896814,9.937843,9.937843,497.481308,0.144451,0.253749,0.400643,0.707474,calls/second,milliseconds
1779272256,55,501.394336,5.708713,3.947257,15.980765,4.320208,5.747546,9.896814,9.937843,9.937843,497.481308,0.144072,0.253749,0.400643,0.707474,calls/second,milliseconds
1779272257,55,501.394336,5.708713,3.947257,15.980765,4.320208,5.747546,9.896814,9.937843,9.937843,497.481308,0.143695,0.253749,0.400643,0.707474,calls/second,milliseconds
1779272258,55,501.394336,5.708713,3.947257,15.980765,4.320208,5.747546,9.896814,9.937843,9.937843,497.481308,0.143320,0.253749,0.400643,0.707474,calls/second,milliseconds
1779272259,55,501.394336,5.708713,3.947257,15.980765,4.320208,5.747546,9.896814,9.937843,9.937843,497.481308,0.142947,0.253749,0.400643,0.707474,calls/second,milliseconds
1779272260,55,501.394336,5.708713,3.947257,15.980765,4.320208,5.747546,9.896814,9.937843,9.937843,497.481308,0.142576,0.233460,0.394021,0.703555,calls/second,milliseconds
1779272261,55,501.394336,5.708713,3.947257,15.980765,4.320208,5.747546,9.896814,9.937843,9.937843,497.481308,0.142207,0.233460,0.394021,0.703555,calls/second,milliseconds
1779272262,55,501.394336,5.708713,3.947257,15.980765,4.320208,5.747546,9.896814,9.937843,9.937843,497.481308,0.141840,0.233460,0.394021,0.703555,calls/second,milliseconds
1779272263,55,501.394336,5.708713,3.947257,15.980765,4.320208,5.747546,9.896814,9.937843,9.937843,497.481308,0.141474,0.233460,0.394021,0.703555,calls/second,milliseconds
1779272264,55,501.394336,5.708713,3.947257,15.980765,4.320208,5.747546,9.896814,9.937843,9.937843,497.481308,0.141111,0.233460,0.394021,0.703555,calls/second,milliseconds
1779272265,60,501.394336,5.303224,3.947257,13.725301,4.228987,4.543176,8.961577,9.914170,9.937843,12.767435,0.153544,0.214794,0.387508,0.699657,calls/second,milliseconds
1779272266,60,501.394336,5.303224,3.947257,13.725301,4.228987,4.543176,8.961577,9.914170,9.937843,12.767435,0.153151,0.214794,0.387508,0.699657,calls/second,milliseconds
1779272267,60,501.394336,5.303224,3.947257,13.725301,4.228987,4.543176,8.961577,9.914170,9.937843,12.767435,0.152761,0.214794,0.387508,0.699657,calls/second,milliseconds
1779272268,60,501.394336,5.303224,3.947257,13.725301,4.228987,4.543176,8.961577,9.914170,9.937843,12.767435,0.152372,0.214794,0.387508,0.699657,calls/second,milliseconds
1779272269,60,501.394336,5.303224,3.947257,13.725301,4.228987,4.543176,8.961577,9.914170,9.937843,12.767435,0.151986,0.214794,0.387508,0.699657,calls/second,milliseconds
1779272270,60,501.394336,5.303224,3.947257,13.725301,4.228987,4.543176,8.961577,9.914170,9.937843,12.767435,0.151601,0.277575,0.397632,0.701321,calls/second,milliseconds
1779272271,60,501.394336,5.303224,3.947257,13.725301,4.228987,4.543176,8.961577,9.914170,9.937843,12.767435,0.151218,0.277575,0.397632,0.701321,calls/second,milliseconds
1779272272,60,501.394336,5.303224,3.947257,13.725301,4.228987,4.543176,8.961577,9.914170,9.937843,12.767435,0.150837,0.277575,0.397632,0.701321,calls/second,milliseconds
1779272273,60,501.394336,5.303224,3.947257,13.725301,4.228987,4.543176,8.961577,9.914170,9.937843,12.767435,0.150458,0.277575,0.397632,0.701321,calls/second,milliseconds
1779272274,60,501.394336,5.303224,3.947257,13.725301,4.228987,4.543176,8.961577,9.914170,9.937843,12.767435,0.150082,0.277575,0.397632,0.701321,calls/second,milliseconds
1779272275,65,501.394336,5.106248,3.947257,12.032530,4.320208,4.543176,7.964354,9.914170,9.937843,12.413528,0.162182,0.335337,0.407588,0.702975,calls/second,milliseconds
1779272276,65,501.394336,5.106248,3.947257,12.032530,4.320208,4.543176,7.964354,9.914170,9.937843,12.413528,0.161778,0.335337,0.407588,0.702975,calls/second,milliseconds
1779272277,65,501.394336,5.106248,3.947257,12.032530,4.320208,4.543176,7.964354,9.914170,9.937843,12.413528,0.161375,0.335337,0.407588,0.702975,calls/second,milliseconds
1779272278,65,501.394336,5.106248,3.947257,12.032530,4.320208,4.543176,7.964354,9.914170,9.937843,12.413528,0.160975,0.335337,0.407588,0.702975,calls/second,milliseconds
1779272279,65,501.394336,5.106248,3.947257,12.032530,4.320208,4.543176,7.964354,9.914170,9.937843,12.413528,0.160577,0.335337,0.407588,0.702975,calls/second,milliseconds
1779272280,65,501.394336,5.106248,3.947257,12.032530,4.320208,4.543176,7.964354,9.914170,9.937843,12.413528,0.160181,0.308525,0.400851,0.699081,calls/second,milliseconds
1779272281,65,501.394336,5.106248,3.947257,12.032530,4.320208,4.543176,7.964354,9.914170,9.937843,12.413528,0.159786,0.308525,0.400851,0.699081,calls/second,milliseconds
1779272282,65,501.394336,5.106248,3.947257,12.032530,4.320208,4.543176,7.964354,9.914170,9.937843,12.413528,0.159394,0.308525,0.400851,0.699081,calls/second,milliseconds
1779272283,65,501.394336,5.106248,3.947257,12.032530,4.320208,4.543176,7.964354,9.914170,9.937843,12.413528,0.159003,0.308525,0.400851,0.699081,calls/second,milliseconds
1779272284,65,501.394336,5.106248,3.947257,12.032530,4.320208,4.543176,7.964354,9.914170,9.937843,12.413528,0.158615,0.308525,0.400851,0.699081,calls/second,milliseconds
1779272285,65,501.394336,5.106248,3.947257,12.032530,4.320208,4.543176,7.964354,9.914170,9.937843,12.413528,0.158228,0.283857,0.394226,0.695208,calls/second,milliseconds
1779272286,65,501.394336,5.106248,3.947257,12.032530,4.320208,4.543176,7.964354,9.914170,9.937843,12.413528,0.157843,0.283857,0.394226,0.695208,calls/second,milliseconds
1779272287,65,501.394336,5.106248,3.947257,12.032530,4.320208,4.543176,7.964354,9.914170,9.937843,12.413528,0.157460,0.283857,0.394226,0.695208,calls/second,milliseconds
1779272288,65,501.394336,5.106248,3.947257,12.032530,4.320208,4.543176,7.964354,9.914170,9.937843,12.413528,0.157079,0.283857,0.394226,0.695208,calls/second,milliseconds
1779272289,65,501.394336,5.106248,3.947257,12.032530,4.320208,4.543176,7.964354,9.914170,9.937843,12.413528,0.156700,0.283857,0.394226,0.695208,calls/second,milliseconds
1779272290,65,501.394336,5.106248,3.947257,12.032530,4.320208,4.543176,7.964354,9.914170,9.937843,12.413528,0.156323,0.261161,0.387710,0.691356,calls/second,milliseconds
1779272291,65,501.394336,5.106248,3.947257,12.032530,4.320208,4.543176,7.964354,9.914170,9.937843,12.413528,0.155947,0.261161,0.387710,0.691356,calls/second,milliseconds
1779272292,65,501.394336,5.106248,3.947257,12.032530,4.320208,4.543176,7.964354,9.914170,9.937843,12.413528,0.155573,0.261161,0.387710,0.691356,calls/second,milliseconds
1779272293,65,501.394336,5.106248,3.947257,12.032530,4.320208,4.543176,7.964354,9.914170,9.937843,12.413528,0.155201,0.261161,0.387710,0.691356,calls/second,milliseconds
1779272294,65,501.394336,5.106248,3.947257,12.032530,4.320208,4.543176,7.964354,9.914170,9.937843,12.413528,0.154831,0.261161,0.387710,0.691356,calls/second,milliseconds
1779272295,65,501.394336,5.106248,3.947257,12.032530,4.320208,4.543176,7.964354,9.914170,9.937843,12.413528,0.154462,0.240279,0.381301,0.687526,calls/second,milliseconds
1779272296,65,501.394336,5.106248,3.947257,12.032530,4.320208,4.543176,7.964354,9.914170,9.937843,12.413528,0.154096,0.240279,0.381301,0.687526,calls/second,milliseconds
1779272297,65,501.394336,5.106248,3.947257,12.032530,4.320208,4.543176,7.964354,9.914170,9.937843,12.413528,0.153731,0.240279,0.381301,0.687526,calls/second,milliseconds
1779272298,65,501.394336,5.106248,3.947257,12.032530,4.320208,4.543176,7.964354,9.914170,9.937843,12.413528,0.153367,0.240279,0.381301,0.687526,calls/second,milliseconds
1779272299,65,501.394336,5.106248,3.947257,12.032530,4.320208,4.543176,7.964354,9.914170,9.937843,12.413528,0.153006,0.240279,0.381301,0.687526,calls/second,milliseconds
1779272300,65,501.394336,5.106248,3.947257,12.032530,4.320208,4.543176,7.964354,9.914170,9.937843,12.413528,0.152646,0.221068,0.374999,0.683717,calls/second,milliseconds
1779272301,65,501.394336,5.106248,3.947257,12.032530,4.320208,4.543176,7.964354,9.914170,9.937843,12.413528,0.152288,0.221068,0.374999,0.683717,calls/second,milliseconds
1779272302,65,501.394336,5.106248,3.947257,12.032530,4.320208,4.543176,7.964354,9.914170,9.937843,12.413528,0.151931,0.221068,0.374999,0.683717,calls/second,milliseconds
1779272303,65,501.394336,5.106248,3.947257,12.032530,4.320208,4.543176,7.964354,9.914170,9.937843,12.413528,0.151577,0.221068,0.374999,0.683717,calls/second,milliseconds
1779272304,65,501.394336,5.106248,3.947257,12.032530,4.320208,4.543176,7.964354,9.914170,9.937843,12.413528,0.151224,0.221068,0.374999,0.683717,calls/second,milliseconds
1779272305,65,501.394336,5.106248,3.947257,12.032530,4.320208,4.543176,7.964354,9.914170,9.937843,12.413528,0.150872,0.203392,0.368801,0.679929,calls/second,milliseconds
1779272306,65,501.394336,5.106248,3.947257,12.032530,4.320208,4.543176,7.964354,9.914170,9.937843,12.413528,0.150522,0.203392,0.368801,0.679929,calls/second,milliseconds
1779272307,65,501.394336,5.106248,3.947257,12.032530,4.320208,4.543176,7.964354,9.914170,9.937843,12.413528,0.150174,0.203392,0.368801,0.679929,calls/second,milliseconds
1779272308,65,501.394336,5.106248,3.947257,12.032530,4.320208,4.543176,7.964354,9.914170,9.937843,12.413528,0.149827,0.203392,0.368801,0.679929,calls/second,milliseconds
1779272309,65,501.394336,5.106248,3.947257,12.032530,4.320208,4.543176,7.964354,9.914170,9.937843,12.413528,0.149482,0.203392,0.368801,0.679929,calls/second,milliseconds
1779272310,65,501.394336,5.106248,3.947257,12.032530,4.320208,4.543176,7.964354,9.914170,9.937843,12.413528,0.149139,0.187130,0.362705,0.676162,calls/second,milliseconds
1779272311,65,501.394336,5.106248,3.947257,12.032530,4.320208,4.543176,7.964354,9.914170,9.937843,12.413528,0.148797,0.187130,0.362705,0.676162,calls/second,milliseconds
1779272312,65,501.394336,5.106248,3.947257,12.032530,4.320208,4.543176,7.964354,9.914170,9.937843,12.413528,0.148457,0.187130,0.362705,0.676162,calls/second,milliseconds
1779272313,65,501.394336,5.106248,3.947257,12.032530,4.320208,4.543176,7.964354,9.914170,9.937843,12.413528,0.148118,0.187130,0.362705,0.676162,calls/second,milliseconds
1779272314,65,501.394336,5.106248,3.947257,12.032530,4.320208,4.543176,7.964354,9.914170,9.937843,12.413528,0.147781,0.187130,0.362705,0.676162,calls/second,milliseconds
1779272315,65,501.394336,5.106248,3.947257,12.032530,4.320208,4.543176,7.964354,9.914170,9.937843,12.413528,0.147445,0.172168,0.356710,0.672416,calls/second,milliseconds
1779272316,65,501.394336,5.106248,3.947257,12.032530,4.320208,4.543176,7.964354,9.914170,9.937843,12.413528,0.147111,0.172168,0.356710,0.672416,calls/second,milliseconds
1779272317,65,501.394336,5.106248,3.947257,12.032530,4.320208,4.543176,7.964354,9.914170,9.937843,12.413528,0.146778,0.172168,0.356710,0.672416,calls/second,milliseconds
1779272318,65,501.394336,5.106248,3.947257,12.032530,4.320208,4.543176,7.964354,9.914170,9.937843,12.413528,0.146447,0.172168,0.356710,0.672416,calls/second,milliseconds
1779272319,65,501.394336,5.106248,3.947257,12.032530,4.320208,4.543176,7.964354,9.914170,9.937843,12.413528,0.146117,0.172168,0.356710,0.672416,calls/second,milliseconds
1779272320,65,501.394336,5.106248,3.947257,12.032530,4.320208,4.543176,7.964354,9.914170,9.937843,12.413528,0.145789,0.158402,0.350814,0.668691,calls/second,milliseconds
1779272321,65,501.394336,5.106248,3.947257,12.032530,4.320208,4.543176,7.964354,9.914170,9.937843,12.413528,0.145462,0.158402,0.350814,0.668691,calls/second,milliseconds
1779272322,65,501.394336,5.106248,3.947257,12.032530,4.320208,4.543176,7.964354,9.914170,9.937843,12.413528,0.145137,0.158402,0.350814,0.668691,calls/second,milliseconds
1779272323,65,501.394336,5.106248,3.947257,12.032530,4.320208,4.543176,7.964354,9.914170,9.937843,12.413528,0.144813,0.158402,0.350814,0.668691,calls/second,milliseconds
1779272324,65,501.394336,5.106248,3.947257,12.032530,4.320208,4.543176,7.964354,9.914170,9.937843,12.413528,0.144491,0.158402,0.350814,0.668691,calls/second,milliseconds
1779272325,65,501.394336,5.106248,3.947257,12.032530,4.320208,4.543176,7.964354,9.914170,9.937843,12.413528,0.144170,0.145737,0.345016,0.664986,calls/second,milliseconds
1779272326,65,501.394336,5.106248,3.947257,12.032530,4.320208,4.543176,7.964354,9.914170,9.937843,12.413528,0.143851,0.145737,0.345016,0.664986,calls/second,milliseconds
1779272327,70,501.394336,5.171506,3.947257,9.779285,4.543176,5.351492,7.903638,9.896814,9.914170,9.937843,0.154573,0.145737,0.345016,0.664986,calls/second,milliseconds
1779272328,70,501.394336,5.171506,3.947257,9.779285,4.543176,5.351492,7.903638,9.896814,9.914170,9.937843,0.154232,0.145737,0.345016,0.664986,calls/second,milliseconds
1779272329,70,501.394336,5.171506,3.947257,9.779285,4.543176,5.351492,7.903638,9.896814,9.914170,9.937843,0.153892,0.145737,0.345016,0.664986,calls/second,milliseconds
1779272330,70,501.394336,5.171506,3.947257,9.779285,4.543176,5.351492,7.903638,9.896814,9.914170,9.937843,0.153554,0.214040,0.355842,0.666842,calls/second,milliseconds
1779272331,70,501.394336,5.171506,3.947257,9.779285,4.543176,5.351492,7.903638,9.896814,9.914170,9.937843,0.153218,0.214040,0.355842,0.666842,calls/second,milliseconds
1779272332,70,501.394336,5.171506,3.947257,9.779285,4.543176,5.351492,7.903638,9.896814,9.914170,9.937843,0.152883,0.214040,0.355842,0.666842,calls/second,milliseconds
1779272333,70,501.394336,5.171506,3.947257,9.779285,4.543176,5.351492,7.903638,9.896814,9.914170,9.937843,0.152549,0.214040,0.355842,0.666842,calls/second,milliseconds
1779272334,70,501.394336,5.171506,3.947257,9.779285,4.543176,5.351492,7.903638,9.896814,9.914170,9.937843,0.152217,0.214040,0.355842,0.666842,calls/second,milliseconds
1779272335,70,501.394336,5.171506,3.947257,9.779285,4.543176,5.351492,7.903638,9.896814,9.914170,9.937843,0.151886,0.196926,0.349960,0.663148,calls/second,milliseconds
1779272336,70,501.394336,5.171506,3.947257,9.779285,4.543176,5.351492,7.903638,9.896814,9.914170,9.937843,0.151557,0.196926,0.349960,0.663148,calls/second,milliseconds
1779272337,75,501.394336,4.842785,3.904429,8.315648,4.289251,5.224097,6.829348,8.768357,9.914170,9.937843,0.162031,0.196926,0.349960,0.663148,calls/second,milliseconds
1779272338,75,501.394336,4.842785,3.904429,8.315648,4.289251,5.224097,6.829348,8.768357,9.914170,9.937843,0.161681,0.196926,0.349960,0.663148,calls/second,milliseconds
1779272339,75,501.394336,4.842785,3.904429,8.315648,4.289251,5.224097,6.829348,8.768357,9.914170,9.937843,0.161333,0.196926,0.349960,0.663148,calls/second,milliseconds
1779272340,75,501.394336,4.842785,3.904429,8.315648,4.289251,5.224097,6.829348,8.768357,9.914170,9.937843,0.160986,0.261137,0.360704,0.665014,calls/second,milliseconds
1779272341,75,501.394336,4.842785,3.904429,8.315648,4.289251,5.224097,6.829348,8.768357,9.914170,9.937843,0.160641,0.261137,0.360704,0.665014,calls/second,milliseconds
1779272342,75,501.394336,4.842785,3.904429,8.315648,4.289251,5.224097,6.829348,8.768357,9.914170,9.937843,0.160297,0.261137,0.360704,0.665014,calls/second,milliseconds
1779272343,75,501.394336,4.842785,3.904429,8.315648,4.289251,5.224097,6.829348,8.768357,9.914170,9.937843,0.159954,0.261137,0.360704,0.665014,calls/second,milliseconds
1779272344,75,501.394336,4.842785,3.904429,8.315648,4.289251,5.224097,6.829348,8.768357,9.914170,9.937843,0.159613,0.261137,0.360704,0.665014,calls/second,milliseconds
1779272345,75,501.394336,4.842785,3.904429,8.315648,4.289251,5.224097,6.829348,8.768357,9.914170,9.937843,0.159274,0.240257,0.354742,0.661330,calls/second,milliseconds
1779272346,75,501.394336,4.842785,3.904429,8.315648,4.289251,5.224097,6.829348,8.768357,9.914170,9.937843,0.158936,0.240257,0.354742,0.661330,calls/second,milliseconds
1779272347,75,501.394336,4.842785,3.904429,8.315648,4.289251,5.224097,6.829348,8.768357,9.914170,9.937843,0.158599,0.240257,0.354742,0.661330,calls/second,milliseconds
1779272348,75,501.394336,4.842785,3.904429,8.315648,4.289251,5.224097,6.829348,8.768357,9.914170,9.937843,0.158264,0.240257,0.354742,0.661330,calls/second,milliseconds
1779272349,75,501.394336,4.842785,3.904429,8.315648,4.289251,5.224097,6.829348,8.768357,9.914170,9.937843,0.157930,0.240257,0.354742,0.661330,calls/second,milliseconds
1779272350,75,501.394336,4.842785,3.904429,8.315648,4.289251,5.224097,6.829348,8.768357,9.914170,9.937843,0.157598,0.221047,0.348879,0.657666,calls/second,milliseconds
1779272351,75,501.394336,4.842785,3.904429,8.315648,4.289251,5.224097,6.829348,8.768357,9.914170,9.937843,0.157267,0.221047,0.348879,0.657666,calls/second,milliseconds
1779272352,75,501.394336,4.842785,3.904429,8.315648,4.289251,5.224097,6.829348,8.768357,9.914170,9.937843,0.156938,0.221047,0.348879,0.657666,calls/second,milliseconds
1779272353,75,501.394336,4.842785,3.904429,8.315648,4.289251,5.224097,6.829348,8.768357,9.914170,9.937843,0.156609,0.221047,0.348879,0.657666,calls/second,milliseconds
1779272354,75,501.394336,4.842785,3.904429,8.315648,4.289251,5.224097,6.829348,8.768357,9.914170,9.937843,0.156283,0.221047,0.348879,0.657666,calls/second,milliseconds
1779272355,75,501.394336,4.842785,3.904429,8.315648,4.289251,5.224097,6.829348,8.768357,9.914170,9.937843,0.155957,0.203373,0.343113,0.654022,calls/second,milliseconds
1779272356,75,501.394336,4.842785,3.904429,8.315648,4.289251,5.224097,6.829348,8.768357,9.914170,9.937843,0.155633,0.203373,0.343113,0.654022,calls/second,milliseconds
1779272357,75,501.394336,4.842785,3.904429,8.315648,4.289251,5.224097,6.829348,8.768357,9.914170,9.937843,0.155310,0.203373,0.343113,0.654022,calls/second,milliseconds
1779272358,75,501.394336,4.842785,3.904429,8.315648,4.289251,5.224097,6.829348,8.768357,9.914170,9.937843,0.154989,0.203373,0.343113,0.654022,calls/second,milliseconds
1779272359,75,501.394336,4.842785,3.904429,8.315648,4.289251,5.224097,6.829348,8.768357,9.914170,9.937843,0.154669,0.203373,0.343113,0.654022,calls/second,milliseconds
1779272360,75,501.394336,4.842785,3.904429,8.315648,4.289251,5.224097,6.829348,8.768357,9.914170,9.937843,0.154350,0.187112,0.337441,0.650399,calls/second,milliseconds
1779272361,75,501.394336,4.842785,3.904429,8.315648,4.289251,5.224097,6.829348,8.768357,9.914170,9.937843,0.154033,0.187112,0.337441,0.650399,calls/second,milliseconds
1779272362,75,501.394336,4.842785,3.904429,8.315648,4.289251,5.224097,6.829348,8.768357,9.914170,9.937843,0.153716,0.187112,0.337441,0.650399,calls/second,milliseconds
1779272363,75,501.394336,4.842785,3.904429,8.315648,4.289251,5.224097,6.829348,8.768357,9.914170,9.937843,0.153401,0.187112,0.337441,0.650399,calls/second,milliseconds
1779272364,75,501.394336,4.842785,3.904429,8.315648,4.289251,5.224097,6.829348,8.768357,9.914170,9.937843,0.153088,0.187112,0.337441,0.650399,calls/second,milliseconds
1779272365,75,501.394336,4.842785,3.904429,8.315648,4.289251,5.224097,6.829348,8.768357,9.914170,9.937843,0.152775,0.172152,0.331864,0.646796,calls/second,milliseconds
1779272366,75,501.394336,4.842785,3.904429,8.315648,4.289251,5.224097,6.829348,8.768357,9.914170,9.937843,0.152463,0.172152,0.331864,0.646796,calls/second,milliseconds
1779272367,75,501.394336,4.842785,3.904429,8.315648,4.289251,5.224097,6.829348,8.768357,9.914170,9.937843,0.152154,0.172152,0.331864,0.646796,calls/second,milliseconds
1779272368,75,501.394336,4.842785,3.904429,8.315648,4.289251,5.224097,6.829348,8.768357,9.914170,9.937843,0.151845,0.172152,0.331864,0.646796,calls/second,milliseconds
1779272369,75,501.394336,4.842785,3.904429,8.315648,4.289251,5.224097,6.829348,8.768357,9.914170,9.937843,0.151538,0.172152,0.331864,0.646796,calls/second,milliseconds
1779272370,75,501.394336,4.842785,3.904429,8.315648,4.289251,5.224097,6.829348,8.768357,9.914170,9.937843,0.151232,0.158387,0.326379,0.643212,calls/second,milliseconds
1779272371,75,501.394336,4.842785,3.904429,8.315648,4.289251,5.224097,6.829348,8.768357,9.914170,9.937843,0.150927,0.158387,0.326379,0.643212,calls/second,milliseconds
1779272372,75,501.394336,4.842785,3.904429,8.315648,4.289251,5.224097,6.829348,8.768357,9.914170,9.937843,0.150623,0.158387,0.326379,0.643212,calls/second,milliseconds
1779272374,75,501.394336,4.842785,3.904429,8.315648,4.289251,5.224097,6.829348,8.768357,9.914170,9.937843,0.150321,0.158387,0.326379,0.643212,calls/second,milliseconds
1779272375,80,501.394336,4.440909,3.617849,6.825332,4.010268,4.487706,5.364276,7.903638,9.896814,9.937843,0.160021,0.158387,0.326379,0.643212,calls/second,milliseconds
1779272376,80,501.394336,4.440909,3.617849,6.825332,4.010268,4.487706,5.364276,7.903638,9.896814,9.937843,0.159701,0.225679,0.337513,0.645189,calls/second,milliseconds
1779272377,80,501.394336,4.440909,3.617849,6.825332,4.010268,4.487706,5.364276,7.903638,9.896814,9.937843,0.159383,0.225679,0.337513,0.645189,calls/second,milliseconds
1779272378,80,501.394336,4.440909,3.617849,6.825332,4.010268,4.487706,5.364276,7.903638,9.896814,9.937843,0.159065,0.225679,0.337513,0.645189,calls/second,milliseconds
1779272379,80,501.394336,4.440909,3.617849,6.825332,4.010268,4.487706,5.364276,7.903638,9.896814,9.937843,0.158749,0.225679,0.337513,0.645189,calls/second,milliseconds
1779272380,80,501.394336,4.440909,3.617849,6.825332,4.010268,4.487706,5.364276,7.903638,9.896814,9.937843,0.158434,0.225679,0.337513,0.645189,calls/second,milliseconds
1779272381,80,501.394336,4.440909,3.617849,6.825332,4.010268,4.487706,5.364276,7.903638,9.896814,9.937843,0.158121,0.207635,0.331934,0.641615,calls/second,milliseconds
1779272382,80,501.394336,4.440909,3.617849,6.825332,4.010268,4.487706,5.364276,7.903638,9.896814,9.937843,0.157808,0.207635,0.331934,0.641615,calls/second,milliseconds
1779272383,80,501.394336,4.440909,3.617849,6.825332,4.010268,4.487706,5.364276,7.903638,9.896814,9.937843,0.157497,0.207635,0.331934,0.641615,calls/second,milliseconds
1779272384,85,501.394336,4.207859,3.513570,5.824850,3.662073,4.276002,5.364276,7.040081,8.768357,9.937843,0.167011,0.207635,0.331934,0.641615,calls/second,milliseconds
1779272385,85,501.394336,4.207859,3.513570,5.824850,3.662073,4.276002,5.364276,7.040081,8.768357,9.937843,0.166683,0.207635,0.331934,0.641615,calls/second,milliseconds
1779272386,85,501.394336,4.207859,3.513570,5.824850,3.662073,4.276002,5.364276,7.040081,8.768357,9.937843,0.166356,0.270989,0.342976,0.643600,calls/second,milliseconds
1779272387,85,501.394336,4.207859,3.513570,5.824850,3.662073,4.276002,5.364276,7.040081,8.768357,9.937843,0.166031,0.270989,0.342976,0.643600,calls/second,milliseconds
1779272388,85,501.394336,4.207859,3.513570,5.824850,3.662073,4.276002,5.364276,7.040081,8.768357,9.937843,0.165707,0.270989,0.342976,0.643600,calls/second,milliseconds
1779272389,85,501.394336,4.207859,3.513570,5.824850,3.662073,4.276002,5.364276,7.040081,8.768357,9.937843,0.165384,0.270989,0.342976,0.643600,calls/second,milliseconds
1779272390,85,501.394336,4.207859,3.513570,5.824850,3.662073,4.276002,5.364276,7.040081,8.768357,9.937843,0.165062,0.270989,0.342976,0.643600,calls/second,milliseconds
1779272391,85,501.394336,4.207859,3.513570,5.824850,3.662073,4.276002,5.364276,7.040081,8.768357,9.937843,0.164742,0.249322,0.337307,0.640034,calls/second,milliseconds
1779272392,90,501.394336,4.103030,3.513570,5.093105,3.753233,4.084689,5.356117,6.829348,7.964354,9.937843,0.174094,0.249322,0.337307,0.640034,calls/second,milliseconds
1779272393,90,501.394336,4.103030,3.513570,5.093105,3.753233,4.084689,5.356117,6.829348,7.964354,9.937843,0.173757,0.249322,0.337307,0.640034,calls/second,milliseconds
1779272394,90,501.394336,4.103030,3.513570,5.093105,3.753233,4.084689,5.356117,6.829348,7.964354,9.937843,0.173422,0.249322,0.337307,0.640034,calls/second,milliseconds
1779272395,90,501.394336,4.103030,3.513570,5.093105,3.753233,4.084689,5.356117,6.829348,7.964354,9.937843,0.173088,0.249322,0.337307,0.640034,calls/second,milliseconds
1779272396,90,501.394336,4.103030,3.513570,5.093105,3.753233,4.084689,5.356117,6.829348,7.964354,9.937843,0.172755,0.309343,0.348261,0.642029,calls/second,milliseconds
1779272397,90,501.394336,4.103030,3.513570,5.093105,3.753233,4.084689,5.356117,6.829348,7.964354,9.937843,0.172424,0.309343,0.348261,0.642029,calls/second,milliseconds
1779272398,90,501.394336,4.103030,3.513570,5.093105,3.753233,4.084689,5.356117,6.829348,7.964354,9.937843,0.172094,0.309343,0.348261,0.642029,calls/second,milliseconds
1779272399,90,501.394336,4.103030,3.513570,5.093105,3.753233,4.084689,5.356117,6.829348,7.964354,9.937843,0.171765,0.309343,0.348261,0.642029,calls/second,milliseconds
1779272400,90,501.394336,4.103030,3.513570,5.093105,3.753233,4.084689,5.356117,6.829348,7.964354,9.937843,0.171437,0.309343,0.348261,0.642029,calls/second,milliseconds
1779272401,95,501.394336,4.053315,3.513570,4.519283,3.791368,4.002577,5.356117,5.747546,7.903638,9.937843,0.180617,0.284609,0.342504,0.638472,calls/second,milliseconds
1779272402,95,501.394336,4.053315,3.513570,4.519283,3.791368,4.002577,5.356117,5.747546,7.903638,9.937843,0.180274,0.284609,0.342504,0.638472,calls/second,milliseconds
1779272403,95,501.394336,4.053315,3.513570,4.519283,3.791368,4.002577,5.356117,5.747546,7.903638,9.937843,0.179932,0.284609,0.342504,0.638472,calls/second,milliseconds
1779272404,95,501.394336,4.053315,3.513570,4.519283,3.791368,4.002577,5.356117,5.747546,7.903638,9.937843,0.179591,0.284609,0.342504,0.638472,calls/second,milliseconds
1779272405,95,501.394336,4.053315,3.513570,4.519283,3.791368,4.002577,5.356117,5.747546,7.903638,9.937843,0.179251,0.284609,0.342504,0.638472,calls/second,milliseconds
1779272406,95,501.394336,4.053315,3.513570,4.519283,3.791368,4.002577,5.356117,5.747546,7.903638,9.937843,0.178913,0.341808,0.353372,0.640475,calls/second,milliseconds
1779272407,95,501.394336,4.053315,3.513570,4.519283,3.791368,4.002577,5.356117,5.747546,7.903638,9.937843,0.178576,0.341808,0.353372,0.640475,calls/second,milliseconds
1779272408,95,501.394336,4.053315,3.513570,4.519283,3.791368,4.002577,5.356117,5.747546,7.903638,9.937843,0.178241,0.341808,0.353372,0.640475,calls/second,milliseconds
1779272409,95,501.394336,4.053315,3.513570,4.519283,3.791368,4.002577,5.356117,5.747546,7.903638,9.937843,0.177906,0.341808,0.353372,0.640475,calls/second,milliseconds
1779272410,95,501.394336,4.053315,3.513570,4.519283,3.791368,4.002577,5.356117,5.747546,7.903638,9.937843,0.177573,0.341808,0.353372,0.640475,calls/second,milliseconds
1779272411,95,501.394336,4.053315,3.513570,4.519283,3.791368,4.002577,5.356117,5.747546,7.903638,9.937843,0.177241,0.314479,0.347531,0.636926,calls/second,milliseconds
1779272412,95,501.394336,4.053315,3.513570,4.519283,3.791368,4.002577,5.356117,5.747546,7.903638,9.937843,0.176911,0.314479,0.347531,0.636926,calls/second,milliseconds
1779272413,95,501.394336,4.053315,3.513570,4.519283,3.791368,4.002577,5.356117,5.747546,7.903638,9.937843,0.176581,0.314479,0.347531,0.636926,calls/second,milliseconds
1779272414,95,501.394336,4.053315,3.513570,4.519283,3.791368,4.002577,5.356117,5.747546,7.903638,9.937843,0.176253,0.314479,0.347531,0.636926,calls/second,milliseconds
1779272415,95,501.394336,4.053315,3.513570,4.519283,3.791368,4.002577,5.356117,5.747546,7.903638,9.937843,0.175926,0.314479,0.347531,0.636926,calls/second,milliseconds
1779272416,95,501.394336,4.053315,3.513570,4.519283,3.791368,4.002577,5.356117,5.747546,7.903638,9.937843,0.175601,0.289335,0.341787,0.633398,calls/second,milliseconds
1779272417,95,501.394336,4.053315,3.513570,4.519283,3.791368,4.002577,5.356117,5.747546,7.903638,9.937843,0.175276,0.289335,0.341787,0.633398,calls/second,milliseconds
1779272418,95,501.394336,4.053315,3.513570,4.519283,3.791368,4.002577,5.356117,5.747546,7.903638,9.937843,0.174953,0.289335,0.341787,0.633398,calls/second,milliseconds
1779272419,100,501.394336,3.966685,3.513570,3.999404,3.728750,3.935004,5.351492,5.364276,7.040081,9.937843,0.183822,0.289335,0.341787,0.633398,calls/second,milliseconds
1779272420,100,501.394336,3.966685,3.513570,3.999404,3.728750,3.935004,5.351492,5.364276,7.040081,9.937843,0.183484,0.346156,0.352666,0.635429,calls/second,milliseconds
1779272421,100,501.394336,3.966685,3.513570,3.999404,3.728750,3.935004,5.351492,5.364276,7.040081,9.937843,0.183147,0.346156,0.352666,0.635429,calls/second,milliseconds
1779272422,100,501.394336,3.966685,3.513570,3.999404,3.728750,3.935004,5.351492,5.364276,7.040081,9.937843,0.182812,0.346156,0.352666,0.635429,calls/second,milliseconds
1779272423,100,501.394336,3.966685,3.513570,3.999404,3.728750,3.935004,5.351492,5.364276,7.040081,9.937843,0.182478,0.346156,0.352666,0.635429,calls/second,milliseconds
1779272424,100,501.394336,3.966685,3.513570,3.999404,3.728750,3.935004,5.351492,5.364276,7.040081,9.937843,0.182145,0.346156,0.352666,0.635429,calls/second,milliseconds
1779272425,100,501.394336,3.966685,3.513570,3.999404,3.728750,3.935004,5.351492,5.364276,7.040081,9.937843,0.181813,0.318479,0.346837,0.631908,calls/second,milliseconds
1779272426,100,501.394336,3.966685,3.513570,3.999404,3.728750,3.935004,5.351492,5.364276,7.040081,9.937843,0.181483,0.318479,0.346837,0.631908,calls/second,milliseconds
1779272427,100,501.394336,3.966685,3.513570,3.999404,3.728750,3.935004,5.351492,5.364276,7.040081,9.937843,0.181154,0.318479,0.346837,0.631908,calls/second,milliseconds
1779272428,105,501.394336,3.844143,3.311211,3.586004,3.692651,3.881912,5.196267,5.364276,6.829348,9.937843,0.189867,0.318479,0.346837,0.631908,calls/second,milliseconds
1779272429,105,501.394336,3.844143,3.311211,3.586004,3.692651,3.881912,5.196267,5.364276,6.829348,9.937843,0.189524,0.318479,0.346837,0.631908,calls/second,milliseconds
1779272430,105,501.394336,3.844143,3.311211,3.586004,3.692651,3.881912,5.196267,5.364276,6.829348,9.937843,0.189182,0.372971,0.357633,0.633948,calls/second,milliseconds
1779272431,105,501.394336,3.844143,3.311211,3.586004,3.692651,3.881912,5.196267,5.364276,6.829348,9.937843,0.188841,0.372971,0.357633,0.633948,calls/second,milliseconds
1779272432,105,501.394336,3.844143,3.311211,3.586004,3.692651,3.881912,5.196267,5.364276,6.829348,9.937843,0.188502,0.372971,0.357633,0.633948,calls/second,milliseconds
1779272433,105,501.394336,3.844143,3.311211,3.586004,3.692651,3.881912,5.196267,5.364276,6.829348,9.937843,0.188163,0.372971,0.357633,0.633948,calls/second,milliseconds
1779272434,105,501.394336,3.844143,3.311211,3.586004,3.692651,3.881912,5.196267,5.364276,6.829348,9.937843,0.187826,0.372971,0.357633,0.633948,calls/second,milliseconds
1779272435,105,501.394336,3.844143,3.311211,3.586004,3.692651,3.881912,5.196267,5.364276,6.829348,9.937843,0.187491,0.343149,0.351722,0.630435,calls/second,milliseconds
1779272436,105,501.394336,3.844143,3.311211,3.586004,3.692651,3.881912,5.196267,5.364276,6.829348,9.937843,0.187156,0.343149,0.351722,0.630435,calls/second,milliseconds
1779272437,105,501.394336,3.844143,3.311211,3.586004,3.692651,3.881912,5.196267,5.364276,6.829348,9.937843,0.186823,0.343149,0.351722,0.630435,calls/second,milliseconds
1779272438,105,501.394336,3.844143,3.311211,3.586004,3.692651,3.881912,5.196267,5.364276,6.829348,9.937843,0.186490,0.343149,0.351722,0.630435,calls/second,milliseconds
1779272439,105,501.394336,3.844143,3.311211,3.586004,3.692651,3.881912,5.196267,5.364276,6.829348,9.937843,0.186159,0.343149,0.351722,0.630435,calls/second,milliseconds
1779272440,105,501.394336,3.844143,3.311211,3.586004,3.692651,3.881912,5.196267,5.364276,6.829348,9.937843,0.185829,0.315713,0.345908,0.626943,calls/second,milliseconds
1779272441,105,501.394336,3.844143,3.311211,3.586004,3.692651,3.881912,5.196267,5.364276,6.829348,9.937843,0.185501,0.315713,0.345908,0.626943,calls/second,milliseconds
1779272442,105,501.394336,3.844143,3.311211,3.586004,3.692651,3.881912,5.196267,5.364276,6.829348,9.937843,0.185173,0.315713,0.345908,0.626943,calls/second,milliseconds
1779272443,105,501.394336,3.844143,3.311211,3.586004,3.692651,3.881912,5.196267,5.364276,6.829348,9.937843,0.184847,0.315713,0.345908,0.626943,calls/second,milliseconds
1779272444,105,501.394336,3.844143,3.311211,3.586004,3.692651,3.881912,5.196267,5.364276,6.829348,9.937843,0.184521,0.315713,0.345908,0.626943,calls/second,milliseconds
1779272445,105,501.394336,3.844143,3.311211,3.586004,3.692651,3.881912,5.196267,5.364276,6.829348,9.937843,0.184197,0.290470,0.340191,0.623469,calls/second,milliseconds
1779272446,105,501.394336,3.844143,3.311211,3.586004,3.692651,3.881912,5.196267,5.364276,6.829348,9.937843,0.183874,0.290470,0.340191,0.623469,calls/second,milliseconds
1779272447,105,501.394336,3.844143,3.311211,3.586004,3.692651,3.881912,5.196267,5.364276,6.829348,9.937843,0.183552,0.290470,0.340191,0.623469,calls/second,milliseconds
1779272448,105,501.394336,3.844143,3.311211,3.586004,3.692651,3.881912,5.196267,5.364276,6.829348,9.937843,0.183231,0.290470,0.340191,0.623469,calls/second,milliseconds
1779272449,105,501.394336,3.844143,3.311211,3.586004,3.692651,3.881912,5.196267,5.364276,6.829348,9.937843,0.182911,0.290470,0.340191,0.623469,calls/second,milliseconds
1779272450,105,501.394336,3.844143,3.311211,3.586004,3.692651,3.881912,5.196267,5.364276,6.829348,9.937843,0.182593,0.267245,0.334568,0.620015,calls/second,milliseconds
1779272451,105,501.394336,3.844143,3.311211,3.586004,3.692651,3.881912,5.196267,5.364276,6.829348,9.937843,0.182275,0.267245,0.334568,0.620015,calls/second,milliseconds
1779272452,105,501.394336,3.844143,3.311211,3.586004,3.692651,3.881912,5.196267,5.364276,6.829348,9.937843,0.181959,0.267245,0.334568,0.620015,calls/second,milliseconds
1779272453,105,501.394336,3.844143,3.311211,3.586004,3.692651,3.881912,5.196267,5.364276,6.829348,9.937843,0.181644,0.267245,0.334568,0.620015,calls/second,milliseconds
1779272454,105,501.394336,3.844143,3.311211,3.586004,3.692651,3.881912,5.196267,5.364276,6.829348,9.937843,0.181330,0.267245,0.334568,0.620015,calls/second,milliseconds
1779272455,105,501.394336,3.844143,3.311211,3.586004,3.692651,3.881912,5.196267,5.364276,6.829348,9.937843,0.181017,0.245877,0.329038,0.616580,calls/second,milliseconds
1779272456,110,501.394336,3.887514,3.311211,3.141197,3.753233,4.015363,4.543176,5.356117,5.593106,9.914170,0.189310,0.245877,0.329038,0.616580,calls/second,milliseconds
1779272457,110,501.394336,3.887514,3.311211,3.141197,3.753233,4.015363,4.543176,5.356117,5.593106,9.914170,0.188984,0.245877,0.329038,0.616580,calls/second,milliseconds
1779272458,110,501.394336,3.887514,3.311211,3.141197,3.753233,4.015363,4.543176,5.356117,5.593106,9.914170,0.188659,0.245877,0.329038,0.616580,calls/second,milliseconds
1779272459,110,501.394336,3.887514,3.311211,3.141197,3.753233,4.015363,4.543176,5.356117,5.593106,9.914170,0.188336,0.245877,0.329038,0.616580,calls/second,milliseconds
1779272460,110,501.394336,3.887514,3.311211,3.141197,3.753233,4.015363,4.543176,5.356117,5.593106,9.914170,0.188013,0.306174,0.340128,0.618705,calls/second,milliseconds
1779272461,110,501.394336,3.887514,3.311211,3.141197,3.753233,4.015363,4.543176,5.356117,5.593106,9.914170,0.187692,0.306174,0.340128,0.618705,calls/second,milliseconds
1779272462,110,501.394336,3.887514,3.311211,3.141197,3.753233,4.015363,4.543176,5.356117,5.593106,9.914170,0.187372,0.306174,0.340128,0.618705,calls/second,milliseconds
1779272463,110,501.394336,3.887514,3.311211,3.141197,3.753233,4.015363,4.543176,5.356117,5.593106,9.914170,0.187053,0.306174,0.340128,0.618705,calls/second,milliseconds
1779272464,110,501.394336,3.887514,3.311211,3.141197,3.753233,4.015363,4.543176,5.356117,5.593106,9.914170,0.186735,0.306174,0.340128,0.618705,calls/second,milliseconds
1779272465,115,501.394336,3.884452,3.311211,2.790795,3.850245,3.984567,4.392024,5.351492,5.364276,9.914170,0.194891,0.361649,0.351035,0.620817,calls/second,milliseconds
1779272466,115,501.394336,3.884452,3.311211,2.790795,3.850245,3.984567,4.392024,5.351492,5.364276,9.914170,0.194561,0.361649,0.351035,0.620817,calls/second,milliseconds
1779272467,115,501.394336,3.884452,3.311211,2.790795,3.850245,3.984567,4.392024,5.351492,5.364276,9.914170,0.194232,0.361649,0.351035,0.620817,calls/second,milliseconds
1779272468,115,501.394336,3.884452,3.311211,2.790795,3.850245,3.984567,4.392024,5.351492,5.364276,9.914170,0.193904,0.361649,0.351035,0.620817,calls/second,milliseconds
1779272469,115,501.394336,3.884452,3.311211,2.790795,3.850245,3.984567,4.392024,5.351492,5.364276,9.914170,0.193577,0.361649,0.351035,0.620817,calls/second,milliseconds
1779272470,115,501.394336,3.884452,3.311211,2.790795,3.850245,3.984567,4.392024,5.351492,5.364276,9.914170,0.193251,0.332733,0.345233,0.617378,calls/second,milliseconds
1779272471,115,501.394336,3.884452,3.311211,2.790795,3.850245,3.984567,4.392024,5.351492,5.364276,9.914170,0.192926,0.332733,0.345233,0.617378,calls/second,milliseconds
1779272472,115,501.394336,3.884452,3.311211,2.790795,3.850245,3.984567,4.392024,5.351492,5.364276,9.914170,0.192603,0.332733,0.345233,0.617378,calls/second,milliseconds
1779272473,115,501.394336,3.884452,3.311211,2.790795,3.850245,3.984567,4.392024,5.351492,5.364276,9.914170,0.192280,0.332733,0.345233,0.617378,calls/second,milliseconds
1779272474,115,501.394336,3.884452,3.311211,2.790795,3.850245,3.984567,4.392024,5.351492,5.364276,9.914170,0.191959,0.332733,0.345233,0.617378,calls/second,milliseconds
1779272475,115,501.394336,3.884452,3.311211,2.790795,3.850245,3.984567,4.392024,5.351492,5.364276,9.914170,0.191637,0.306129,0.339527,0.613957,calls/second,milliseconds
1779272476,115,501.394336,3.884452,3.311211,2.790795,3.850245,3.984567,4.392024,5.351492,5.364276,9.914170,0.191318,0.306129,0.339527,0.613957,calls/second,milliseconds
1779272477,115,501.394336,3.884452,3.311211,2.790795,3.850245,3.984567,4.392024,5.351492,5.364276,9.914170,0.191000,0.306129,0.339527,0.613957,calls/second,milliseconds
1779272478,115,501.394336,3.884452,3.311211,2.790795,3.850245,3.984567,4.392024,5.351492,5.364276,9.914170,0.190682,0.306129,0.339527,0.613957,calls/second,milliseconds
1779272479,115,501.394336,3.884452,3.311211,2.790795,3.850245,3.984567,4.392024,5.351492,5.364276,9.914170,0.190366,0.306129,0.339527,0.613957,calls/second,milliseconds
1779272480,115,501.394336,3.884452,3.311211,2.790795,3.850245,3.984567,4.392024,5.351492,5.364276,9.914170,0.190051,0.281652,0.333915,0.610556,calls/second,milliseconds
1779272481,115,501.394336,3.884452,3.311211,2.790795,3.850245,3.984567,4.392024,5.351492,5.364276,9.914170,0.189737,0.281652,0.333915,0.610556,calls/second,milliseconds
1779272482,115,501.394336,3.884452,3.311211,2.790795,3.850245,3.984567,4.392024,5.351492,5.364276,9.914170,0.189424,0.281652,0.333915,0.610556,calls/second,milliseconds
1779272483,115,501.394336,3.884452,3.311211,2.790795,3.850245,3.984567,4.392024,5.351492,5.364276,9.914170,0.189112,0.281652,0.333915,0.610556,calls/second,milliseconds
1779272484,115,501.394336,3.884452,3.311211,2.790795,3.850245,3.984567,4.392024,5.351492,5.364276,9.914170,0.188801,0.281652,0.333915,0.610556,calls/second,milliseconds
1779272485,115,501.394336,3.884452,3.311211,2.790795,3.850245,3.984567,4.392024,5.351492,5.364276,9.914170,0.188491,0.259133,0.328396,0.607173,calls/second,milliseconds
1779272486,115,501.394336,3.884452,3.311211,2.790795,3.850245,3.984567,4.392024,5.351492,5.364276,9.914170,0.188183,0.259133,0.328396,0.607173,calls/second,milliseconds
1779272487,115,501.394336,3.884452,3.311211,2.790795,3.850245,3.984567,4.392024,5.351492,5.364276,9.914170,0.187875,0.259133,0.328396,0.607173,calls/second,milliseconds
1779272488,120,501.394336,3.851047,3.311211,2.451529,3.840965,3.913929,4.197551,5.224097,5.364276,9.896814,0.195723,0.259133,0.328396,0.607173,calls/second,milliseconds
1779272489,120,501.394336,3.851047,3.311211,2.451529,3.840965,3.913929,4.197551,5.224097,5.364276,9.896814,0.195404,0.259133,0.328396,0.607173,calls/second,milliseconds
1779272490,120,501.394336,3.851047,3.311211,2.451529,3.840965,3.913929,4.197551,5.224097,5.364276,9.896814,0.195085,0.318369,0.339496,0.609349,calls/second,milliseconds
1779272491,120,501.394336,3.851047,3.311211,2.451529,3.840965,3.913929,4.197551,5.224097,5.364276,9.896814,0.194768,0.318369,0.339496,0.609349,calls/second,milliseconds
1779272492,120,501.394336,3.851047,3.311211,2.451529,3.840965,3.913929,4.197551,5.224097,5.364276,9.896814,0.194452,0.318369,0.339496,0.609349,calls/second,milliseconds
1779272493,120,501.394336,3.851047,3.311211,2.451529,3.840965,3.913929,4.197551,5.224097,5.364276,9.896814,0.194137,0.318369,0.339496,0.609349,calls/second,milliseconds
1779272494,120,501.394336,3.851047,3.311211,2.451529,3.840965,3.913929,4.197551,5.224097,5.364276,9.896814,0.193823,0.318369,0.339496,0.609349,calls/second,milliseconds
1779272495,120,501.394336,3.851047,3.311211,2.451529,3.840965,3.913929,4.197551,5.224097,5.364276,9.896814,0.193510,0.292914,0.333885,0.605974,calls/second,milliseconds
1779272496,120,501.394336,3.851047,3.311211,2.451529,3.840965,3.913929,4.197551,5.224097,5.364276,9.896814,0.193198,0.292914,0.333885,0.605974,calls/second,milliseconds
1779272497,125,501.394336,3.864096,3.311211,2.182168,3.867372,3.957482,4.071661,5.196267,5.356117,9.896814,0.200924,0.292914,0.333885,0.605974,calls/second,milliseconds
1779272498,125,501.394336,3.864096,3.311211,2.182168,3.867372,3.957482,4.071661,5.196267,5.356117,9.896814,0.200601,0.292914,0.333885,0.605974,calls/second,milliseconds
1779272499,125,501.394336,3.864096,3.311211,2.182168,3.867372,3.957482,4.071661,5.196267,5.356117,9.896814,0.200279,0.292914,0.333885,0.605974,calls/second,milliseconds
1779272500,125,501.394336,3.864096,3.311211,2.182168,3.867372,3.957482,4.071661,5.196267,5.356117,9.896814,0.199958,0.349449,0.344895,0.608157,calls/second,milliseconds
1779272501,125,501.394336,3.864096,3.311211,2.182168,3.867372,3.957482,4.071661,5.196267,5.356117,9.896814,0.199639,0.349449,0.344895,0.608157,calls/second,milliseconds
1779272502,125,501.394336,3.864096,3.311211,2.182168,3.867372,3.957482,4.071661,5.196267,5.356117,9.896814,0.199320,0.349449,0.344895,0.608157,calls/second,milliseconds
1779272503,125,501.394336,3.864096,3.311211,2.182168,3.867372,3.957482,4.071661,5.196267,5.356117,9.896814,0.199002,0.349449,0.344895,0.608157,calls/second,milliseconds
1779272504,125,501.394336,3.864096,3.311211,2.182168,3.867372,3.957482,4.071661,5.196267,5.356117,9.896814,0.198685,0.349449,0.344895,0.608157,calls/second,milliseconds
1779272505,125,501.394336,3.864096,3.311211,2.182168,3.867372,3.957482,4.071661,5.196267,5.356117,9.896814,0.198370,0.321509,0.339194,0.604787,calls/second,milliseconds
1779272506,125,501.394336,3.864096,3.311211,2.182168,3.867372,3.957482,4.071661,5.196267,5.356117,9.896814,0.198055,0.321509,0.339194,0.604787,calls/second,milliseconds
1779272507,125,501.394336,3.864096,3.311211,2.182168,3.867372,3.957482,4.071661,5.196267,5.356117,9.896814,0.197741,0.321509,0.339194,0.604787,calls/second,milliseconds
1779272508,125,501.394336,3.864096,3.311211,2.182168,3.867372,3.957482,4.071661,5.196267,5.356117,9.896814,0.197428,0.321509,0.339194,0.604787,calls/second,milliseconds
1779272509,125,501.394336,3.864096,3.311211,2.182168,3.867372,3.957482,4.071661,5.196267,5.356117,9.896814,0.197116,0.321509,0.339194,0.604787,calls/second,milliseconds
1779272510,125,501.394336,3.864096,3.311211,2.182168,3.867372,3.957482,4.071661,5.196267,5.356117,9.896814,0.196806,0.295802,0.333588,0.601437,calls/second,milliseconds
1779272511,125,501.394336,3.864096,3.311211,2.182168,3.867372,3.957482,4.071661,5.196267,5.356117,9.896814,0.196496,0.295802,0.333588,0.601437,calls/second,milliseconds
1779272512,125,501.394336,3.864096,3.311211,2.182168,3.867372,3.957482,4.071661,5.196267,5.356117,9.896814,0.196187,0.295802,0.333588,0.601437,calls/second,milliseconds
1779272513,125,501.394336,3.864096,3.311211,2.182168,3.867372,3.957482,4.071661,5.196267,5.356117,9.896814,0.195879,0.295802,0.333588,0.601437,calls/second,milliseconds
1779272514,125,501.394336,3.864096,3.311211,2.182168,3.867372,3.957482,4.071661,5.196267,5.356117,9.896814,0.195572,0.295802,0.333588,0.601437,calls/second,milliseconds
1779272515,125,501.394336,3.864096,3.311211,2.182168,3.867372,3.957482,4.071661,5.196267,5.356117,9.896814,0.195266,0.272151,0.328074,0.598105,calls/second,milliseconds
1779272516,125,501.394336,3.864096,3.311211,2.182168,3.867372,3.957482,4.071661,5.196267,5.356117,9.896814,0.194961,0.272151,0.328074,0.598105,calls/second,milliseconds
1779272517,125,501.394336,3.864096,3.311211,2.182168,3.867372,3.957482,4.071661,5.196267,5.356117,9.896814,0.194657,0.272151,0.328074,0.598105,calls/second,milliseconds
1779272518,125,501.394336,3.864096,3.311211,2.182168,3.867372,3.957482,4.071661,5.196267,5.356117,9.896814,0.194354,0.272151,0.328074,0.598105,calls/second,milliseconds
1779272519,125,501.394336,3.864096,3.311211,2.182168,3.867372,3.957482,4.071661,5.196267,5.356117,9.896814,0.194052,0.272151,0.328074,0.598105,calls/second,milliseconds
1779272520,125,501.394336,3.864096,3.311211,2.182168,3.867372,3.957482,4.071661,5.196267,5.356117,9.896814,0.193751,0.250391,0.322652,0.594791,calls/second,milliseconds
1779272521,125,501.394336,3.864096,3.311211,2.182168,3.867372,3.957482,4.071661,5.196267,5.356117,9.896814,0.193450,0.250391,0.322652,0.594791,calls/second,milliseconds
1779272522,125,501.394336,3.864096,3.311211,2.182168,3.867372,3.957482,4.071661,5.196267,5.356117,9.896814,0.193151,0.250391,0.322652,0.594791,calls/second,milliseconds
1779272523,125,501.394336,3.864096,3.311211,2.182168,3.867372,3.957482,4.071661,5.196267,5.356117,9.896814,0.192852,0.250391,0.322652,0.594791,calls/second,milliseconds
1779272524,125,501.394336,3.864096,3.311211,2.182168,3.867372,3.957482,4.071661,5.196267,5.356117,9.896814,0.192555,0.250391,0.322652,0.594791,calls/second,milliseconds
1779272525,125,501.394336,3.864096,3.311211,2.182168,3.867372,3.957482,4.071661,5.196267,5.356117,9.896814,0.192258,0.230371,0.317319,0.591496,calls/second,milliseconds
1779272526,125,501.394336,3.864096,3.311211,2.182168,3.867372,3.957482,4.071661,5.196267,5.356117,9.896814,0.191963,0.230371,0.317319,0.591496,calls/second,milliseconds
1779272527,125,501.394336,3.864096,3.311211,2.182168,3.867372,3.957482,4.071661,5.196267,5.356117,9.896814,0.191668,0.230371,0.317319,0.591496,calls/second,milliseconds
1779272528,125,501.394336,3.864096,3.311211,2.182168,3.867372,3.957482,4.071661,5.196267,5.356117,9.896814,0.191374,0.230371,0.317319,0.591496,calls/second,milliseconds
1779272529,125,501.394336,3.864096,3.311211,2.182168,3.867372,3.957482,4.071661,5.196267,5.356117,9.896814,0.191081,0.230371,0.317319,0.591496,calls/second,milliseconds
1779272530,125,501.394336,3.864096,3.311211,2.182168,3.867372,3.957482,4.071661,5.196267,5.356117,9.896814,0.190789,0.211952,0.312074,0.588219,calls/second,milliseconds
1779272531,125,501.394336,3.864096,3.311211,2.182168,3.867372,3.957482,4.071661,5.196267,5.356117,9.896814,0.190498,0.211952,0.312074,0.588219,calls/second,milliseconds
1779272532,125,501.394336,3.864096,3.311211,2.182168,3.867372,3.957482,4.071661,5.196267,5.356117,9.896814,0.190207,0.211952,0.312074,0.588219,calls/second,milliseconds
1779272533,125,501.394336,3.864096,3.311211,2.182168,3.867372,3.957482,4.071661,5.196267,5.356117,9.896814,0.189918,0.211952,0.312074,0.588219,calls/second,milliseconds
1779272534,125,501.394336,3.864096,3.311211,2.182168,3.867372,3.957482,4.071661,5.196267,5.356117,9.896814,0.189630,0.211952,0.312074,0.588219,calls/second,milliseconds
1779272535,125,501.394336,3.864096,3.311211,2.182168,3.867372,3.957482,4.071661,5.196267,5.356117,9.896814,0.189342,0.195005,0.306916,0.584960,calls/second,milliseconds
1779272536,125,501.394336,3.864096,3.311211,2.182168,3.867372,3.957482,4.071661,5.196267,5.356117,9.896814,0.189055,0.195005,0.306916,0.584960,calls/second,milliseconds
1779272537,125,501.394336,3.864096,3.311211,2.182168,3.867372,3.957482,4.071661,5.196267,5.356117,9.896814,0.188769,0.195005,0.306916,0.584960,calls/second,milliseconds
1779272538,125,501.394336,3.864096,3.311211,2.182168,3.867372,3.957482,4.071661,5.196267,5.356117,9.896814,0.188484,0.195005,0.306916,0.584960,calls/second,milliseconds
1779272539,130,501.394336,4.053100,3.311211,1.871093,3.913929,4.489406,4.572259,4.572259,5.351492,8.768357,0.195728,0.195005,0.306916,0.584960,calls/second,milliseconds
1779272540,130,501.394336,4.053100,3.311211,1.871093,3.913929,4.489406,4.572259,4.572259,5.351492,8.768357,0.195433,0.259369,0.318371,0.587259,calls/second,milliseconds
1779272541,130,501.394336,4.053100,3.311211,1.871093,3.913929,4.489406,4.572259,4.572259,5.351492,8.768357,0.195140,0.259369,0.318371,0.587259,calls/second,milliseconds
1779272542,130,501.394336,4.053100,3.311211,1.871093,3.913929,4.489406,4.572259,4.572259,5.351492,8.768357,0.194846,0.259369,0.318371,0.587259,calls/second,milliseconds
1779272543,130,501.394336,4.053100,3.311211,1.871093,3.913929,4.489406,4.572259,4.572259,5.351492,8.768357,0.194554,0.259369,0.318371,0.587259,calls/second,milliseconds
1779272544,130,501.394336,4.053100,3.311211,1.871093,3.913929,4.489406,4.572259,4.572259,5.351492,8.768357,0.194263,0.259369,0.318371,0.587259,calls/second,milliseconds
1779272545,130,501.394336,4.053100,3.311211,1.871093,3.913929,4.489406,4.572259,4.572259,5.351492,8.768357,0.193973,0.238631,0.313109,0.584006,calls/second,milliseconds
1779272546,130,501.394336,4.053100,3.311211,1.871093,3.913929,4.489406,4.572259,4.572259,5.351492,8.768357,0.193684,0.238631,0.313109,0.584006,calls/second,milliseconds
1779272547,130,501.394336,4.053100,3.311211,1.871093,3.913929,4.489406,4.572259,4.572259,5.351492,8.768357,0.193395,0.238631,0.313109,0.584006,calls/second,milliseconds
1779272548,130,501.394336,4.053100,3.311211,1.871093,3.913929,4.489406,4.572259,4.572259,5.351492,8.768357,0.193107,0.238631,0.313109,0.584006,calls/second,milliseconds
1779272549,135,501.394336,4.000153,3.311211,1.628372,3.877295,4.071661,4.572259,4.572259,5.196267,7.964354,0.200237,0.238631,0.313109,0.584006,calls/second,milliseconds
1779272550,135,501.394336,4.000153,3.311211,1.628372,3.877295,4.071661,4.572259,4.572259,5.196267,7.964354,0.199940,0.299507,0.324462,0.586311,calls/second,milliseconds
1779272551,135,501.394336,4.000153,3.311211,1.628372,3.877295,4.071661,4.572259,4.572259,5.196267,7.964354,0.199644,0.299507,0.324462,0.586311,calls/second,milliseconds
1779272552,135,501.394336,4.000153,3.311211,1.628372,3.877295,4.071661,4.572259,4.572259,5.196267,7.964354,0.199348,0.299507,0.324462,0.586311,calls/second,milliseconds
1779272553,135,501.394336,4.000153,3.311211,1.628372,3.877295,4.071661,4.572259,4.572259,5.196267,7.964354,0.199054,0.299507,0.324462,0.586311,calls/second,milliseconds
1779272554,135,501.394336,4.000153,3.311211,1.628372,3.877295,4.071661,4.572259,4.572259,5.196267,7.964354,0.198761,0.299507,0.324462,0.586311,calls/second,milliseconds
1779272555,135,501.394336,4.000153,3.311211,1.628372,3.877295,4.071661,4.572259,4.572259,5.196267,7.964354,0.198468,0.275559,0.319100,0.583062,calls/second,milliseconds
1779272556,135,501.394336,4.000153,3.311211,1.628372,3.877295,4.071661,4.572259,4.572259,5.196267,7.964354,0.198176,0.275559,0.319100,0.583062,calls/second,milliseconds
1779272557,135,501.394336,4.000153,3.311211,1.628372,3.877295,4.071661,4.572259,4.572259,5.196267,7.964354,0.197885,0.275559,0.319100,0.583062,calls/second,milliseconds
1779272558,135,501.394336,4.000153,3.311211,1.628372,3.877295,4.071661,4.572259,4.572259,5.196267,7.964354,0.197595,0.275559,0.319100,0.583062,calls/second,milliseconds
1779272559,135,501.394336,4.000153,3.311211,1.628372,3.877295,4.071661,4.572259,4.572259,5.196267,7.964354,0.197306,0.275559,0.319100,0.583062,calls/second,milliseconds
1779272560,135,501.394336,4.000153,3.311211,1.628372,3.877295,4.071661,4.572259,4.572259,5.196267,7.964354,0.197018,0.253527,0.313825,0.579832,calls/second,milliseconds
1779272561,135,501.394336,4.000153,3.311211,1.628372,3.877295,4.071661,4.572259,4.572259,5.196267,7.964354,0.196730,0.253527,0.313825,0.579832,calls/second,milliseconds
1779272562,135,501.394336,4.000153,3.311211,1.628372,3.877295,4.071661,4.572259,4.572259,5.196267,7.964354,0.196444,0.253527,0.313825,0.579832,calls/second,milliseconds
1779272563,135,501.394336,4.000153,3.311211,1.628372,3.877295,4.071661,4.572259,4.572259,5.196267,7.964354,0.196158,0.253527,0.313825,0.579832,calls/second,milliseconds
1779272564,135,501.394336,4.000153,3.311211,1.628372,3.877295,4.071661,4.572259,4.572259,5.196267,7.964354,0.195873,0.253527,0.313825,0.579832,calls/second,milliseconds
1779272565,135,501.394336,4.000153,3.311211,1.628372,3.877295,4.071661,4.572259,4.572259,5.196267,7.964354,0.195589,0.233256,0.308638,0.576620,calls/second,milliseconds
1779272566,135,501.394336,4.000153,3.311211,1.628372,3.877295,4.071661,4.572259,4.572259,5.196267,7.964354,0.195305,0.233256,0.308638,0.576620,calls/second,milliseconds
1779272567,135,501.394336,4.000153,3.311211,1.628372,3.877295,4.071661,4.572259,4.572259,5.196267,7.964354,0.195023,0.233256,0.308638,0.576620,calls/second,milliseconds
1779272568,135,501.394336,4.000153,3.311211,1.628372,3.877295,4.071661,4.572259,4.572259,5.196267,7.964354,0.194741,0.233256,0.308638,0.576620,calls/second,milliseconds
1779272569,135,501.394336,4.000153,3.311211,1.628372,3.877295,4.071661,4.572259,4.572259,5.196267,7.964354,0.194460,0.233256,0.308638,0.576620,calls/second,milliseconds
1779272570,135,501.394336,4.000153,3.311211,1.628372,3.877295,4.071661,4.572259,4.572259,5.196267,7.964354,0.194180,0.214606,0.303537,0.573425,calls/second,milliseconds
1779272571,135,501.394336,4.000153,3.311211,1.628372,3.877295,4.071661,4.572259,4.572259,5.196267,7.964354,0.193900,0.214606,0.303537,0.573425,calls/second,milliseconds
1779272572,135,501.394336,4.000153,3.311211,1.628372,3.877295,4.071661,4.572259,4.572259,5.196267,7.964354,0.193622,0.214606,0.303537,0.573425,calls/second,milliseconds
1779272573,135,501.394336,4.000153,3.311211,1.628372,3.877295,4.071661,4.572259,4.572259,5.196267,7.964354,0.193344,0.214606,0.303537,0.573425,calls/second,milliseconds
1779272574,135,501.394336,4.000153,3.311211,1.628372,3.877295,4.071661,4.572259,4.572259,5.196267,7.964354,0.193067,0.214606,0.303537,0.573425,calls/second,milliseconds
1779272575,135,501.394336,4.000153,3.311211,1.628372,3.877295,4.071661,4.572259,4.572259,5.196267,7.964354,0.192791,0.197447,0.298520,0.570248,calls/second,milliseconds
1779272576,135,501.394336,4.000153,3.311211,1.628372,3.877295,4.071661,4.572259,4.572259,5.196267,7.964354,0.192516,0.197447,0.298520,0.570248,calls/second,milliseconds
1779272577,135,501.394336,4.000153,3.311211,1.628372,3.877295,4.071661,4.572259,4.572259,5.196267,7.964354,0.192241,0.197447,0.298520,0.570248,calls/second,milliseconds
1779272578,135,501.394336,4.000153,3.311211,1.628372,3.877295,4.071661,4.572259,4.572259,5.196267,7.964354,0.191968,0.197447,0.298520,0.570248,calls/second,milliseconds
1779272579,135,501.394336,4.000153,3.311211,1.628372,3.877295,4.071661,4.572259,4.572259,5.196267,7.964354,0.191695,0.197447,0.298520,0.570248,calls/second,milliseconds
1779272580,135,501.394336,4.000153,3.311211,1.628372,3.877295,4.071661,4.572259,4.572259,5.196267,7.964354,0.191423,0.181660,0.293586,0.567089,calls/second,milliseconds
1779272581,135,501.394336,4.000153,3.311211,1.628372,3.877295,4.071661,4.572259,4.572259,5.196267,7.964354,0.191151,0.181660,0.293586,0.567089,calls/second,milliseconds
1779272582,135,501.394336,4.000153,3.311211,1.628372,3.877295,4.071661,4.572259,4.572259,5.196267,7.964354,0.190881,0.181660,0.293586,0.567089,calls/second,milliseconds
1779272583,135,501.394336,4.000153,3.311211,1.628372,3.877295,4.071661,4.572259,4.572259,5.196267,7.964354,0.190611,0.181660,0.293586,0.567089,calls/second,milliseconds
1779272584,135,501.394336,4.000153,3.311211,1.628372,3.877295,4.071661,4.572259,4.572259,5.196267,7.964354,0.190341,0.181660,0.293586,0.567089,calls/second,milliseconds
1779272585,135,501.394336,4.000153,3.311211,1.628372,3.877295,4.071661,4.572259,4.572259,5.196267,7.964354,0.190072,0.167135,0.288733,0.563947,calls/second,milliseconds
1779272586,135,501.394336,4.000153,3.311211,1.628372,3.877295,4.071661,4.572259,4.572259,5.196267,7.964354,0.189804,0.167135,0.288733,0.563947,calls/second,milliseconds
1779272587,135,501.394336,4.000153,3.311211,1.628372,3.877295,4.071661,4.572259,4.572259,5.196267,7.964354,0.189538,0.167135,0.288733,0.563947,calls/second,milliseconds
1779272588,135,501.394336,4.000153,3.311211,1.628372,3.877295,4.071661,4.572259,4.572259,5.196267,7.964354,0.189271,0.167135,0.288733,0.563947,calls/second,milliseconds
1779272589,135,501.394336,4.000153,3.311211,1.628372,3.877295,4.071661,4.572259,4.572259,5.196267,7.964354,0.189006,0.167135,0.288733,0.563947,calls/second,milliseconds
1779272590,135,501.394336,4.000153,3.311211,1.628372,3.877295,4.071661,4.572259,4.572259,5.196267,7.964354,0.188742,0.153772,0.283961,0.560823,calls/second,milliseconds
1779272591,135,501.394336,4.000153,3.311211,1.628372,3.877295,4.071661,4.572259,4.572259,5.196267,7.964354,0.188478,0.153772,0.283961,0.560823,calls/second,milliseconds
1779272592,135,501.394336,4.000153,3.311211,1.628372,3.877295,4.071661,4.572259,4.572259,5.196267,7.964354,0.188215,0.153772,0.283961,0.560823,calls/second,milliseconds
1779272593,135,501.394336,4.000153,3.311211,1.628372,3.877295,4.071661,4.572259,4.572259,5.196267,7.964354,0.187952,0.153772,0.283961,0.560823,calls/second,milliseconds
1779272594,135,501.394336,4.000153,3.311211,1.628372,3.877295,4.071661,4.572259,4.572259,5.196267,7.964354,0.187690,0.153772,0.283961,0.560823,calls/second,milliseconds
1779272595,135,501.394336,4.000153,3.311211,1.628372,3.877295,4.071661,4.572259,4.572259,5.196267,7.964354,0.187430,0.141477,0.279267,0.557716,calls/second,milliseconds
1779272596,135,501.394336,4.000153,3.311211,1.628372,3.877295,4.071661,4.572259,4.572259,5.196267,7.964354,0.187169,0.141477,0.279267,0.557716,calls/second,milliseconds
1779272597,135,501.394336,4.000153,3.311211,1.628372,3.877295,4.071661,4.572259,4.572259,5.196267,7.964354,0.186910,0.141477,0.279267,0.557716,calls/second,milliseconds
1779272598,135,501.394336,4.000153,3.311211,1.628372,3.877295,4.071661,4.572259,4.572259,5.196267,7.964354,0.186651,0.141477,0.279267,0.557716,calls/second,milliseconds
1779272599,135,501.394336,4.000153,3.311211,1.628372,3.877295,4.071661,4.572259,4.572259,5.196267,7.964354,0.186393,0.141477,0.279267,0.557716,calls/second,milliseconds
1779272600,135,501.394336,4.000153,3.311211,1.628372,3.877295,4.071661,4.572259,4.572259,5.196267,7.964354,0.186135,0.130165,0.274652,0.554626,calls/second,milliseconds
1779272601,135,501.394336,4.000153,3.311211,1.628372,3.877295,4.071661,4.572259,4.572259,5.196267,7.964354,0.185879,0.130165,0.274652,0.554626,calls/second,milliseconds
1779272602,135,501.394336,4.000153,3.311211,1.628372,3.877295,4.071661,4.572259,4.572259,5.196267,7.964354,0.185623,0.130165,0.274652,0.554626,calls/second,milliseconds
1779272603,135,501.394336,4.000153,3.311211,1.628372,3.877295,4.071661,4.572259,4.572259,5.196267,7.964354,0.185368,0.130165,0.274652,0.554626,calls/second,milliseconds
1779272604,135,501.394336,4.000153,3.311211,1.628372,3.877295,4.071661,4.572259,4.572259,5.196267,7.964354,0.185113,0.130165,0.274652,0.554626,calls/second,milliseconds
1779272605,135,501.394336,4.000153,3.311211,1.628372,3.877295,4.071661,4.572259,4.572259,5.196267,7.964354,0.184859,0.119758,0.270112,0.551553,calls/second,milliseconds
1779272606,135,501.394336,4.000153,3.311211,1.628372,3.877295,4.071661,4.572259,4.572259,5.196267,7.964354,0.184606,0.119758,0.270112,0.551553,calls/second,milliseconds
1779272607,135,501.394336,4.000153,3.311211,1.628372,3.877295,4.071661,4.572259,4.572259,5.196267,7.964354,0.184354,0.119758,0.270112,0.551553,calls/second,milliseconds
1779272608,135,501.394336,4.000153,3.311211,1.628372,3.877295,4.071661,4.572259,4.572259,5.196267,7.964354,0.184102,0.119758,0.270112,0.551553,calls/second,milliseconds
1779272609,135,501.394336,4.000153,3.311211,1.628372,3.877295,4.071661,4.572259,4.572259,5.196267,7.964354,0.183851,0.119758,0.270112,0.551553,calls/second,milliseconds
1779272610,135,501.394336,4.000153,3.311211,1.628372,3.877295,4.071661,4.572259,4.572259,5.196267,7.964354,0.183600,0.110182,0.265647,0.548498,calls/second,milliseconds
1779272611,135,501.394336,4.000153,3.311211,1.628372,3.877295,4.071661,4.572259,4.572259,5.196267,7.964354,0.183351,0.110182,0.265647,0.548498,calls/second,milliseconds
1779272612,135,501.394336,4.000153,3.311211,1.628372,3.877295,4.071661,4.572259,4.572259,5.196267,7.964354,0.183102,0.110182,0.265647,0.548498,calls/second,milliseconds
1779272613,135,501.394336,4.000153,3.311211,1.628372,3.877295,4.071661,4.572259,4.572259,5.196267,7.964354,0.182853,0.110182,0.265647,0.548498,calls/second,milliseconds
1779272614,135,501.394336,4.000153,3.311211,1.628372,3.877295,4.071661,4.572259,4.572259,5.196267,7.964354,0.182606,0.110182,0.265647,0.548498,calls/second,milliseconds
1779272615,135,501.394336,4.000153,3.311211,1.628372,3.877295,4.071661,4.572259,4.572259,5.196267,7.964354,0.182359,0.101373,0.261257,0.545459,calls/second,milliseconds
1779272616,140,501.394336,4.632366,3.311211,1.571139,4.520196,5.122901,7.290200,7.290200,7.290200,7.290200,0.188857,0.101373,0.261257,0.545459,calls/second,milliseconds
1779272617,140,501.394336,4.632366,3.311211,1.571139,4.520196,5.122901,7.290200,7.290200,7.290200,7.290200,0.188602,0.101373,0.261257,0.545459,calls/second,milliseconds
1779272618,140,501.394336,4.632366,3.311211,1.571139,4.520196,5.122901,7.290200,7.290200,7.290200,7.290200,0.188348,0.101373,0.261257,0.545459,calls/second,milliseconds
1779272619,140,501.394336,4.632366,3.311211,1.571139,4.520196,5.122901,7.290200,7.290200,7.290200,7.290200,0.188095,0.101373,0.261257,0.545459,calls/second,milliseconds
1779272620,140,501.394336,4.632366,3.311211,1.571139,4.520196,5.122901,7.290200,7.290200,7.290200,7.290200,0.187842,0.173223,0.273467,0.547977,calls/second,milliseconds
1779272621,140,501.394336,4.632366,3.311211,1.571139,4.520196,5.122901,7.290200,7.290200,7.290200,7.290200,0.187590,0.173223,0.273467,0.547977,calls/second,milliseconds
1779272622,140,501.394336,4.632366,3.311211,1.571139,4.520196,5.122901,7.290200,7.290200,7.290200,7.290200,0.187338,0.173223,0.273467,0.547977,calls/second,milliseconds
1779272623,140,501.394336,4.632366,3.311211,1.571139,4.520196,5.122901,7.290200,7.290200,7.290200,7.290200,0.187088,0.173223,0.273467,0.547977,calls/second,milliseconds
1779272624,140,501.394336,4.632366,3.311211,1.571139,4.520196,5.122901,7.290200,7.290200,7.290200,7.290200,0.186838,0.173223,0.273467,0.547977,calls/second,milliseconds
1779272625,140,501.394336,4.632366,3.311211,1.571139,4.520196,5.122901,7.290200,7.290200,7.290200,7.290200,0.186588,0.159373,0.268947,0.544941,calls/second,milliseconds
1779272626,145,501.394336,4.408705,3.311211,1.337949,4.014263,5.119581,7.290200,7.290200,7.290200,7.290200,0.192995,0.159373,0.268947,0.544941,calls/second,milliseconds
1779272627,145,501.394336,4.408705,3.311211,1.337949,4.014263,5.119581,7.290200,7.290200,7.290200,7.290200,0.192738,0.159373,0.268947,0.544941,calls/second,milliseconds
1779272628,145,501.394336,4.408705,3.311211,1.337949,4.014263,5.119581,7.290200,7.290200,7.290200,7.290200,0.192481,0.159373,0.268947,0.544941,calls/second,milliseconds
1779272629,145,501.394336,4.408705,3.311211,1.337949,4.014263,5.119581,7.290200,7.290200,7.290200,7.290200,0.192226,0.159373,0.268947,0.544941,calls/second,milliseconds
1779272630,145,501.394336,4.408705,3.311211,1.337949,4.014263,5.119581,7.290200,7.290200,7.290200,7.290200,0.191971,0.226586,0.281030,0.547462,calls/second,milliseconds
1779272631,145,501.394336,4.408705,3.311211,1.337949,4.014263,5.119581,7.290200,7.290200,7.290200,7.290200,0.191717,0.226586,0.281030,0.547462,calls/second,milliseconds
1779272632,145,501.394336,4.408705,3.311211,1.337949,4.014263,5.119581,7.290200,7.290200,7.290200,7.290200,0.191463,0.226586,0.281030,0.547462,calls/second,milliseconds
1779272633,145,501.394336,4.408705,3.311211,1.337949,4.014263,5.119581,7.290200,7.290200,7.290200,7.290200,0.191210,0.226586,0.281030,0.547462,calls/second,milliseconds
1779272634,145,501.394336,4.408705,3.311211,1.337949,4.014263,5.119581,7.290200,7.290200,7.290200,7.290200,0.190958,0.226586,0.281030,0.547462,calls/second,milliseconds
1779272635,145,501.394336,4.408705,3.311211,1.337949,4.014263,5.119581,7.290200,7.290200,7.290200,7.290200,0.190707,0.208469,0.276385,0.544429,calls/second,milliseconds
1779272636,145,501.394336,4.408705,3.311211,1.337949,4.014263,5.119581,7.290200,7.290200,7.290200,7.290200,0.190456,0.208469,0.276385,0.544429,calls/second,milliseconds
1779272637,145,501.394336,4.408705,3.311211,1.337949,4.014263,5.119581,7.290200,7.290200,7.290200,7.290200,0.190206,0.208469,0.276385,0.544429,calls/second,milliseconds
1779272638,150,501.394336,4.341688,3.311211,1.255948,3.935004,5.119581,6.145849,7.290200,7.290200,7.290200,0.196506,0.208469,0.276385,0.544429,calls/second,milliseconds
1779272639,150,501.394336,4.341688,3.311211,1.255948,3.935004,5.119581,6.145849,7.290200,7.290200,7.290200,0.196249,0.208469,0.276385,0.544429,calls/second,milliseconds
1779272640,150,501.394336,4.341688,3.311211,1.255948,3.935004,5.119581,6.145849,7.290200,7.290200,7.290200,0.195992,0.271756,0.288346,0.546953,calls/second,milliseconds
1779272641,150,501.394336,4.341688,3.311211,1.255948,3.935004,5.119581,6.145849,7.290200,7.290200,7.290200,0.195736,0.271756,0.288346,0.546953,calls/second,milliseconds
1779272642,150,501.394336,4.341688,3.311211,1.255948,3.935004,5.119581,6.145849,7.290200,7.290200,7.290200,0.195480,0.271756,0.288346,0.546953,calls/second,milliseconds
1779272643,150,501.394336,4.341688,3.311211,1.255948,3.935004,5.119581,6.145849,7.290200,7.290200,7.290200,0.195225,0.271756,0.288346,0.546953,calls/second,milliseconds
1779272644,150,501.394336,4.341688,3.311211,1.255948,3.935004,5.119581,6.145849,7.290200,7.290200,7.290200,0.194971,0.271756,0.288346,0.546953,calls/second,milliseconds
1779272645,150,501.394336,4.341688,3.311211,1.255948,3.935004,5.119581,6.145849,7.290200,7.290200,7.290200,0.194718,0.250028,0.283580,0.543923,calls/second,milliseconds
1779272646,150,501.394336,4.341688,3.311211,1.255948,3.935004,5.119581,6.145849,7.290200,7.290200,7.290200,0.194465,0.250028,0.283580,0.543923,calls/second,milliseconds
1779272647,150,501.394336,4.341688,3.311211,1.255948,3.935004,5.119581,6.145849,7.290200,7.290200,7.290200,0.194213,0.250028,0.283580,0.543923,calls/second,milliseconds
1779272648,155,501.394336,4.184105,3.311211,1.127550,3.791368,4.068905,6.145849,7.290200,7.290200,7.290200,0.200426,0.250028,0.283580,0.543923,calls/second,milliseconds
1779272649,155,501.394336,4.184105,3.311211,1.127550,3.791368,4.068905,6.145849,7.290200,7.290200,7.290200,0.200167,0.250028,0.283580,0.543923,calls/second,milliseconds
1779272650,155,501.394336,4.184105,3.311211,1.127550,3.791368,4.068905,6.145849,7.290200,7.290200,7.290200,0.199909,0.309992,0.295421,0.546450,calls/second,milliseconds
1779272651,155,501.394336,4.184105,3.311211,1.127550,3.791368,4.068905,6.145849,7.290200,7.290200,7.290200,0.199651,0.309992,0.295421,0.546450,calls/second,milliseconds
1779272652,155,501.394336,4.184105,3.311211,1.127550,3.791368,4.068905,6.145849,7.290200,7.290200,7.290200,0.199394,0.309992,0.295421,0.546450,calls/second,milliseconds
1779272653,155,501.394336,4.184105,3.311211,1.127550,3.791368,4.068905,6.145849,7.290200,7.290200,7.290200,0.199137,0.309992,0.295421,0.546450,calls/second,milliseconds
1779272654,155,501.394336,4.184105,3.311211,1.127550,3.791368,4.068905,6.145849,7.290200,7.290200,7.290200,0.198881,0.309992,0.295421,0.546450,calls/second,milliseconds
1779272655,155,501.394336,4.184105,3.311211,1.127550,3.791368,4.068905,6.145849,7.290200,7.290200,7.290200,0.198626,0.285207,0.290538,0.543422,calls/second,milliseconds
1779272656,155,501.394336,4.184105,3.311211,1.127550,3.791368,4.068905,6.145849,7.290200,7.290200,7.290200,0.198371,0.285207,0.290538,0.543422,calls/second,milliseconds
1779272657,155,501.394336,4.184105,3.311211,1.127550,3.791368,4.068905,6.145849,7.290200,7.290200,7.290200,0.198118,0.285207,0.290538,0.543422,calls/second,milliseconds
1779272658,155,501.394336,4.184105,3.311211,1.127550,3.791368,4.068905,6.145849,7.290200,7.290200,7.290200,0.197864,0.285207,0.290538,0.543422,calls/second,milliseconds
1779272659,155,501.394336,4.184105,3.311211,1.127550,3.791368,4.068905,6.145849,7.290200,7.290200,7.290200,0.197611,0.285207,0.290538,0.543422,calls/second,milliseconds
1779272660,155,501.394336,4.184105,3.311211,1.127550,3.791368,4.068905,6.145849,7.290200,7.290200,7.290200,0.197359,0.262403,0.285736,0.540412,calls/second,milliseconds
1779272661,155,501.394336,4.184105,3.311211,1.127550,3.791368,4.068905,6.145849,7.290200,7.290200,7.290200,0.197108,0.262403,0.285736,0.540412,calls/second,milliseconds
1779272662,155,501.394336,4.184105,3.311211,1.127550,3.791368,4.068905,6.145849,7.290200,7.290200,7.290200,0.196857,0.262403,0.285736,0.540412,calls/second,milliseconds
1779272663,155,501.394336,4.184105,3.311211,1.127550,3.791368,4.068905,6.145849,7.290200,7.290200,7.290200,0.196607,0.262403,0.285736,0.540412,calls/second,milliseconds
1779272664,155,501.394336,4.184105,3.311211,1.127550,3.791368,4.068905,6.145849,7.290200,7.290200,7.290200,0.196358,0.262403,0.285736,0.540412,calls/second,milliseconds
1779272665,155,501.394336,4.184105,3.311211,1.127550,3.791368,4.068905,6.145849,7.290200,7.290200,7.290200,0.196109,0.241422,0.281013,0.537418,calls/second,milliseconds
1779272666,155,501.394336,4.184105,3.311211,1.127550,3.791368,4.068905,6.145849,7.290200,7.290200,7.290200,0.195861,0.241422,0.281013,0.537418,calls/second,milliseconds
1779272667,155,501.394336,4.184105,3.311211,1.127550,3.791368,4.068905,6.145849,7.290200,7.290200,7.290200,0.195613,0.241422,0.281013,0.537418,calls/second,milliseconds
1779272668,155,501.394336,4.184105,3.311211,1.127550,3.791368,4.068905,6.145849,7.290200,7.290200,7.290200,0.195366,0.241422,0.281013,0.537418,calls/second,milliseconds
1779272669,155,501.394336,4.184105,3.311211,1.127550,3.791368,4.068905,6.145849,7.290200,7.290200,7.290200,0.195120,0.241422,0.281013,0.537418,calls/second,milliseconds
1779272670,155,501.394336,4.184105,3.311211,1.127550,3.791368,4.068905,6.145849,7.290200,7.290200,7.290200,0.194874,0.222119,0.276368,0.534440,calls/second,milliseconds
1779272671,155,501.394336,4.184105,3.311211,1.127550,3.791368,4.068905,6.145849,7.290200,7.290200,7.290200,0.194629,0.222119,0.276368,0.534440,calls/second,milliseconds
1779272672,155,501.394336,4.184105,3.311211,1.127550,3.791368,4.068905,6.145849,7.290200,7.290200,7.290200,0.194385,0.222119,0.276368,0.534440,calls/second,milliseconds
1779272673,155,501.394336,4.184105,3.311211,1.127550,3.791368,4.068905,6.145849,7.290200,7.290200,7.290200,0.194141,0.222119,0.276368,0.534440,calls/second,milliseconds
1779272674,155,501.394336,4.184105,3.311211,1.127550,3.791368,4.068905,6.145849,7.290200,7.290200,7.290200,0.193898,0.222119,0.276368,0.534440,calls/second,milliseconds
1779272675,160,501.394336,3.960932,3.271895,1.033675,3.697953,4.002101,6.145849,7.290200,7.290200,7.290200,0.199902,0.204359,0.271800,0.531479,calls/second,milliseconds
1779272676,160,501.394336,3.960932,3.271895,1.033675,3.697953,4.002101,6.145849,7.290200,7.290200,7.290200,0.199653,0.204359,0.271800,0.531479,calls/second,milliseconds
1779272677,160,501.394336,3.960932,3.271895,1.033675,3.697953,4.002101,6.145849,7.290200,7.290200,7.290200,0.199403,0.204359,0.271800,0.531479,calls/second,milliseconds
1779272678,160,501.394336,3.960932,3.271895,1.033675,3.697953,4.002101,6.145849,7.290200,7.290200,7.290200,0.199155,0.204359,0.271800,0.531479,calls/second,milliseconds
1779272679,160,501.394336,3.960932,3.271895,1.033675,3.697953,4.002101,6.145849,7.290200,7.290200,7.290200,0.198907,0.204359,0.271800,0.531479,calls/second,milliseconds
1779272680,160,501.394336,3.960932,3.271895,1.033675,3.697953,4.002101,6.145849,7.290200,7.290200,7.290200,0.198660,0.267975,0.283836,0.534075,calls/second,milliseconds
1779272681,160,501.394336,3.960932,3.271895,1.033675,3.697953,4.002101,6.145849,7.290200,7.290200,7.290200,0.198413,0.267975,0.283836,0.534075,calls/second,milliseconds
1779272682,160,501.394336,3.960932,3.271895,1.033675,3.697953,4.002101,6.145849,7.290200,7.290200,7.290200,0.198167,0.267975,0.283836,0.534075,calls/second,milliseconds
1779272683,160,501.394336,3.960932,3.271895,1.033675,3.697953,4.002101,6.145849,7.290200,7.290200,7.290200,0.197921,0.267975,0.283836,0.534075,calls/second,milliseconds
1779272684,160,501.394336,3.960932,3.271895,1.033675,3.697953,4.002101,6.145849,7.290200,7.290200,7.290200,0.197676,0.267975,0.283836,0.534075,calls/second,milliseconds
1779272685,165,501.394336,3.835022,3.271895,0.930905,3.647761,3.874469,5.140420,6.145849,7.290200,7.290200,0.203602,0.326505,0.295674,0.536656,calls/second,milliseconds
1779272686,165,501.394336,3.835022,3.271895,0.930905,3.647761,3.874469,5.140420,6.145849,7.290200,7.290200,0.203350,0.326505,0.295674,0.536656,calls/second,milliseconds
1779272687,165,501.394336,3.835022,3.271895,0.930905,3.647761,3.874469,5.140420,6.145849,7.290200,7.290200,0.203100,0.326505,0.295674,0.536656,calls/second,milliseconds
1779272688,165,501.394336,3.835022,3.271895,0.930905,3.647761,3.874469,5.140420,6.145849,7.290200,7.290200,0.202850,0.326505,0.295674,0.536656,calls/second,milliseconds
1779272689,165,501.394336,3.835022,3.271895,0.930905,3.647761,3.874469,5.140420,6.145849,7.290200,7.290200,0.202600,0.326505,0.295674,0.536656,calls/second,milliseconds
1779272690,165,501.394336,3.835022,3.271895,0.930905,3.647761,3.874469,5.140420,6.145849,7.290200,7.290200,0.202351,0.300399,0.290787,0.533683,calls/second,milliseconds
1779272691,165,501.394336,3.835022,3.271895,0.930905,3.647761,3.874469,5.140420,6.145849,7.290200,7.290200,0.202103,0.300399,0.290787,0.533683,calls/second,milliseconds
1779272692,165,501.394336,3.835022,3.271895,0.930905,3.647761,3.874469,5.140420,6.145849,7.290200,7.290200,0.201856,0.300399,0.290787,0.533683,calls/second,milliseconds
1779272693,165,501.394336,3.835022,3.271895,0.930905,3.647761,3.874469,5.140420,6.145849,7.290200,7.290200,0.201609,0.300399,0.290787,0.533683,calls/second,milliseconds
1779272694,165,501.394336,3.835022,3.271895,0.930905,3.647761,3.874469,5.140420,6.145849,7.290200,7.290200,0.201361,0.300399,0.290787,0.533683,calls/second,milliseconds
1779272695,165,501.394336,3.835022,3.271895,0.930905,3.647761,3.874469,5.140420,6.145849,7.290200,7.290200,0.201115,0.276380,0.285980,0.530727,calls/second,milliseconds
1779272696,165,501.394336,3.835022,3.271895,0.930905,3.647761,3.874469,5.140420,6.145849,7.290200,7.290200,0.200870,0.276380,0.285980,0.530727,calls/second,milliseconds
1779272697,165,501.394336,3.835022,3.271895,0.930905,3.647761,3.874469,5.140420,6.145849,7.290200,7.290200,0.200626,0.276380,0.285980,0.530727,calls/second,milliseconds
1779272698,165,501.394336,3.835022,3.271895,0.930905,3.647761,3.874469,5.140420,6.145849,7.290200,7.290200,0.200382,0.276380,0.285980,0.530727,calls/second,milliseconds
1779272699,165,501.394336,3.835022,3.271895,0.930905,3.647761,3.874469,5.140420,6.145849,7.290200,7.290200,0.200138,0.276380,0.285980,0.530727,calls/second,milliseconds
1779272700,165,501.394336,3.835022,3.271895,0.930905,3.647761,3.874469,5.140420,6.145849,7.290200,7.290200,0.199895,0.254282,0.281253,0.527786,calls/second,milliseconds
1779272701,165,501.394336,3.835022,3.271895,0.930905,3.647761,3.874469,5.140420,6.145849,7.290200,7.290200,0.199653,0.254282,0.281253,0.527786,calls/second,milliseconds
1779272702,165,501.394336,3.835022,3.271895,0.930905,3.647761,3.874469,5.140420,6.145849,7.290200,7.290200,0.199412,0.254282,0.281253,0.527786,calls/second,milliseconds
1779272703,165,501.394336,3.835022,3.271895,0.930905,3.647761,3.874469,5.140420,6.145849,7.290200,7.290200,0.199171,0.254282,0.281253,0.527786,calls/second,milliseconds
1779272704,165,501.394336,3.835022,3.271895,0.930905,3.647761,3.874469,5.140420,6.145849,7.290200,7.290200,0.198930,0.254282,0.281253,0.527786,calls/second,milliseconds
1779272705,165,501.394336,3.835022,3.271895,0.930905,3.647761,3.874469,5.140420,6.145849,7.290200,7.290200,0.198690,0.233951,0.276605,0.524862,calls/second,milliseconds
1779272706,165,501.394336,3.835022,3.271895,0.930905,3.647761,3.874469,5.140420,6.145849,7.290200,7.290200,0.198451,0.233951,0.276605,0.524862,calls/second,milliseconds
1779272707,165,501.394336,3.835022,3.271895,0.930905,3.647761,3.874469,5.140420,6.145849,7.290200,7.290200,0.198212,0.233951,0.276605,0.524862,calls/second,milliseconds
1779272708,165,501.394336,3.835022,3.271895,0.930905,3.647761,3.874469,5.140420,6.145849,7.290200,7.290200,0.197974,0.233951,0.276605,0.524862,calls/second,milliseconds
1779272709,165,501.394336,3.835022,3.271895,0.930905,3.647761,3.874469,5.140420,6.145849,7.290200,7.290200,0.197736,0.233951,0.276605,0.524862,calls/second,milliseconds
1779272710,165,501.394336,3.835022,3.271895,0.930905,3.647761,3.874469,5.140420,6.145849,7.290200,7.290200,0.197499,0.215245,0.272033,0.521954,calls/second,milliseconds
1779272711,165,501.394336,3.835022,3.271895,0.930905,3.647761,3.874469,5.140420,6.145849,7.290200,7.290200,0.197263,0.215245,0.272033,0.521954,calls/second,milliseconds
1779272712,165,501.394336,3.835022,3.271895,0.930905,3.647761,3.874469,5.140420,6.145849,7.290200,7.290200,0.197027,0.215245,0.272033,0.521954,calls/second,milliseconds
1779272713,165,501.394336,3.835022,3.271895,0.930905,3.647761,3.874469,5.140420,6.145849,7.290200,7.290200,0.196792,0.215245,0.272033,0.521954,calls/second,milliseconds
1779272714,165,501.394336,3.835022,3.271895,0.930905,3.647761,3.874469,5.140420,6.145849,7.290200,7.290200,0.196557,0.215245,0.272033,0.521954,calls/second,milliseconds
1779272715,165,501.394336,3.835022,3.271895,0.930905,3.647761,3.874469,5.140420,6.145849,7.290200,7.290200,0.196323,0.198035,0.267537,0.519063,calls/second,milliseconds
1779272716,165,501.394336,3.835022,3.271895,0.930905,3.647761,3.874469,5.140420,6.145849,7.290200,7.290200,0.196089,0.198035,0.267537,0.519063,calls/second,milliseconds
1779272717,165,501.394336,3.835022,3.271895,0.930905,3.647761,3.874469,5.140420,6.145849,7.290200,7.290200,0.195856,0.198035,0.267537,0.519063,calls/second,milliseconds
1779272718,165,501.394336,3.835022,3.271895,0.930905,3.647761,3.874469,5.140420,6.145849,7.290200,7.290200,0.195623,0.198035,0.267537,0.519063,calls/second,milliseconds
1779272719,165,501.394336,3.835022,3.271895,0.930905,3.647761,3.874469,5.140420,6.145849,7.290200,7.290200,0.195391,0.198035,0.267537,0.519063,calls/second,milliseconds
1779272720,165,501.394336,3.835022,3.271895,0.930905,3.647761,3.874469,5.140420,6.145849,7.290200,7.290200,0.195160,0.182201,0.263115,0.516187,calls/second,milliseconds
1779272721,165,501.394336,3.835022,3.271895,0.930905,3.647761,3.874469,5.140420,6.145849,7.290200,7.290200,0.194929,0.182201,0.263115,0.516187,calls/second,milliseconds
1779272722,165,501.394336,3.835022,3.271895,0.930905,3.647761,3.874469,5.140420,6.145849,7.290200,7.290200,0.194699,0.182201,0.263115,0.516187,calls/second,milliseconds
1779272723,165,501.394336,3.835022,3.271895,0.930905,3.647761,3.874469,5.140420,6.145849,7.290200,7.290200,0.194469,0.182201,0.263115,0.516187,calls/second,milliseconds
1779272724,165,501.394336,3.835022,3.271895,0.930905,3.647761,3.874469,5.140420,6.145849,7.290200,7.290200,0.194240,0.182201,0.263115,0.516187,calls/second,milliseconds
1779272725,165,501.394336,3.835022,3.271895,0.930905,3.647761,3.874469,5.140420,6.145849,7.290200,7.290200,0.194011,0.167633,0.258766,0.513327,calls/second,milliseconds
1779272726,165,501.394336,3.835022,3.271895,0.930905,3.647761,3.874469,5.140420,6.145849,7.290200,7.290200,0.193783,0.167633,0.258766,0.513327,calls/second,milliseconds
1779272727,165,501.394336,3.835022,3.271895,0.930905,3.647761,3.874469,5.140420,6.145849,7.290200,7.290200,0.193555,0.167633,0.258766,0.513327,calls/second,milliseconds
1779272728,165,501.394336,3.835022,3.271895,0.930905,3.647761,3.874469,5.140420,6.145849,7.290200,7.290200,0.193328,0.167633,0.258766,0.513327,calls/second,milliseconds
1779272729,165,501.394336,3.835022,3.271895,0.930905,3.647761,3.874469,5.140420,6.145849,7.290200,7.290200,0.193101,0.167633,0.258766,0.513327,calls/second,milliseconds
1779272730,165,501.394336,3.835022,3.271895,0.930905,3.647761,3.874469,5.140420,6.145849,7.290200,7.290200,0.192875,0.154230,0.254489,0.510483,calls/second,milliseconds
1779272731,165,501.394336,3.835022,3.271895,0.930905,3.647761,3.874469,5.140420,6.145849,7.290200,7.290200,0.192650,0.154230,0.254489,0.510483,calls/second,milliseconds
1779272732,165,501.394336,3.835022,3.271895,0.930905,3.647761,3.874469,5.140420,6.145849,7.290200,7.290200,0.192425,0.154230,0.254489,0.510483,calls/second,milliseconds
1779272733,165,501.394336,3.835022,3.271895,0.930905,3.647761,3.874469,5.140420,6.145849,7.290200,7.290200,0.192200,0.154230,0.254489,0.510483,calls/second,milliseconds
1779272734,165,501.394336,3.835022,3.271895,0.930905,3.647761,3.874469,5.140420,6.145849,7.290200,7.290200,0.191977,0.154230,0.254489,0.510483,calls/second,milliseconds
1779272735,165,501.394336,3.835022,3.271895,0.930905,3.647761,3.874469,5.140420,6.145849,7.290200,7.290200,0.191753,0.141898,0.250282,0.507655,calls/second,milliseconds
1779272736,165,501.394336,3.835022,3.271895,0.930905,3.647761,3.874469,5.140420,6.145849,7.290200,7.290200,0.191530,0.141898,0.250282,0.507655,calls/second,milliseconds
1779272737,165,501.394336,3.835022,3.271895,0.930905,3.647761,3.874469,5.140420,6.145849,7.290200,7.290200,0.191308,0.141898,0.250282,0.507655,calls/second,milliseconds
1779272738,165,501.394336,3.835022,3.271895,0.930905,3.647761,3.874469,5.140420,6.145849,7.290200,7.290200,0.191086,0.141898,0.250282,0.507655,calls/second,milliseconds
1779272739,165,501.394336,3.835022,3.271895,0.930905,3.647761,3.874469,5.140420,6.145849,7.290200,7.290200,0.190865,0.141898,0.250282,0.507655,calls/second,milliseconds
1779272740,165,501.394336,3.835022,3.271895,0.930905,3.647761,3.874469,5.140420,6.145849,7.290200,7.290200,0.190644,0.130553,0.246146,0.504843,calls/second,milliseconds
1779272741,165,501.394336,3.835022,3.271895,0.930905,3.647761,3.874469,5.140420,6.145849,7.290200,7.290200,0.190424,0.130553,0.246146,0.504843,calls/second,milliseconds
1779272742,165,501.394336,3.835022,3.271895,0.930905,3.647761,3.874469,5.140420,6.145849,7.290200,7.290200,0.190204,0.130553,0.246146,0.504843,calls/second,milliseconds
1779272743,165,501.394336,3.835022,3.271895,0.930905,3.647761,3.874469,5.140420,6.145849,7.290200,7.290200,0.189984,0.130553,0.246146,0.504843,calls/second,milliseconds
1779272744,165,501.394336,3.835022,3.271895,0.930905,3.647761,3.874469,5.140420,6.145849,7.290200,7.290200,0.189766,0.130553,0.246146,0.504843,calls/second,milliseconds
1779272745,165,501.394336,3.835022,3.271895,0.930905,3.647761,3.874469,5.140420,6.145849,7.290200,7.290200,0.189547,0.120114,0.242077,0.502046,calls/second,milliseconds
1779272746,165,501.394336,3.835022,3.271895,0.930905,3.647761,3.874469,5.140420,6.145849,7.290200,7.290200,0.189330,0.120114,0.242077,0.502046,calls/second,milliseconds
1779272747,165,501.394336,3.835022,3.271895,0.930905,3.647761,3.874469,5.140420,6.145849,7.290200,7.290200,0.189112,0.120114,0.242077,0.502046,calls/second,milliseconds
1779272748,165,501.394336,3.835022,3.271895,0.930905,3.647761,3.874469,5.140420,6.145849,7.290200,7.290200,0.188895,0.120114,0.242077,0.502046,calls/second,milliseconds
1779272749,165,501.394336,3.835022,3.271895,0.930905,3.647761,3.874469,5.140420,6.145849,7.290200,7.290200,0.188679,0.120114,0.242077,0.502046,calls/second,milliseconds
1779272750,165,501.394336,3.835022,3.271895,0.930905,3.647761,3.874469,5.140420,6.145849,7.290200,7.290200,0.188463,0.110511,0.238076,0.499264,calls/second,milliseconds
1779272751,165,501.394336,3.835022,3.271895,0.930905,3.647761,3.874469,5.140420,6.145849,7.290200,7.290200,0.188248,0.110511,0.238076,0.499264,calls/second,milliseconds
1779272752,165,501.394336,3.835022,3.271895,0.930905,3.647761,3.874469,5.140420,6.145849,7.290200,7.290200,0.188033,0.110511,0.238076,0.499264,calls/second,milliseconds
1779272753,165,501.394336,3.835022,3.271895,0.930905,3.647761,3.874469,5.140420,6.145849,7.290200,7.290200,0.187819,0.110511,0.238076,0.499264,calls/second,milliseconds
1779272754,165,501.394336,3.835022,3.271895,0.930905,3.647761,3.874469,5.140420,6.145849,7.290200,7.290200,0.187605,0.110511,0.238076,0.499264,calls/second,milliseconds
1779272755,165,501.394336,3.835022,3.271895,0.930905,3.647761,3.874469,5.140420,6.145849,7.290200,7.290200,0.187391,0.101675,0.234141,0.496498,calls/second,milliseconds
1779272756,165,501.394336,3.835022,3.271895,0.930905,3.647761,3.874469,5.140420,6.145849,7.290200,7.290200,0.187179,0.101675,0.234141,0.496498,calls/second,milliseconds
1779272757,165,501.394336,3.835022,3.271895,0.930905,3.647761,3.874469,5.140420,6.145849,7.290200,7.290200,0.186966,0.101675,0.234141,0.496498,calls/second,milliseconds
1779272758,165,501.394336,3.835022,3.271895,0.930905,3.647761,3.874469,5.140420,6.145849,7.290200,7.290200,0.186754,0.101675,0.234141,0.496498,calls/second,milliseconds
1779272759,165,501.394336,3.835022,3.271895,0.930905,3.647761,3.874469,5.140420,6.145849,7.290200,7.290200,0.186543,0.101675,0.234141,0.496498,calls/second,milliseconds
1779272760,165,501.394336,3.835022,3.271895,0.930905,3.647761,3.874469,5.140420,6.145849,7.290200,7.290200,0.186332,0.093545,0.230271,0.493748,calls/second,milliseconds
1779272761,165,501.394336,3.835022,3.271895,0.930905,3.647761,3.874469,5.140420,6.145849,7.290200,7.290200,0.186121,0.093545,0.230271,0.493748,calls/second,milliseconds
1779272762,170,501.394336,4.328602,3.271895,0.904670,4.532090,4.985569,5.122901,6.145849,6.145849,7.290200,0.191545,0.093545,0.230271,0.493748,calls/second,milliseconds
1779272763,170,501.394336,4.328602,3.271895,0.904670,4.532090,4.985569,5.122901,6.145849,6.145849,7.290200,0.191329,0.093545,0.230271,0.493748,calls/second,milliseconds
1779272764,170,501.394336,4.328602,3.271895,0.904670,4.532090,4.985569,5.122901,6.145849,6.145849,7.290200,0.191114,0.093545,0.230271,0.493748,calls/second,milliseconds
1779272765,170,501.394336,4.328602,3.271895,0.904670,4.532090,4.985569,5.122901,6.145849,6.145849,7.290200,0.190899,0.166021,0.242993,0.496552,calls/second,milliseconds
1779272766,170,501.394336,4.328602,3.271895,0.904670,4.532090,4.985569,5.122901,6.145849,6.145849,7.290200,0.190684,0.166021,0.242993,0.496552,calls/second,milliseconds
1779272767,170,501.394336,4.328602,3.271895,0.904670,4.532090,4.985569,5.122901,6.145849,6.145849,7.290200,0.190470,0.166021,0.242993,0.496552,calls/second,milliseconds
1779272768,170,501.394336,4.328602,3.271895,0.904670,4.532090,4.985569,5.122901,6.145849,6.145849,7.290200,0.190257,0.166021,0.242993,0.496552,calls/second,milliseconds
1779272769,170,501.394336,4.328602,3.271895,0.904670,4.532090,4.985569,5.122901,6.145849,6.145849,7.290200,0.190044,0.166021,0.242993,0.496552,calls/second,milliseconds
1779272770,170,501.394336,4.328602,3.271895,0.904670,4.532090,4.985569,5.122901,6.145849,6.145849,7.290200,0.189831,0.152747,0.238977,0.493801,calls/second,milliseconds
1779272771,170,501.394336,4.328602,3.271895,0.904670,4.532090,4.985569,5.122901,6.145849,6.145849,7.290200,0.189619,0.152747,0.238977,0.493801,calls/second,milliseconds
1779272772,175,501.394336,4.061628,3.271895,0.830243,3.546437,4.979184,4.994376,5.140420,6.145849,7.290200,0.194978,0.152747,0.238977,0.493801,calls/second,milliseconds
1779272773,175,501.394336,4.061628,3.271895,0.830243,3.546437,4.979184,4.994376,5.140420,6.145849,7.290200,0.194761,0.152747,0.238977,0.493801,calls/second,milliseconds
1779272774,175,501.394336,4.061628,3.271895,0.830243,3.546437,4.979184,4.994376,5.140420,6.145849,7.290200,0.194544,0.152747,0.238977,0.493801,calls/second,milliseconds
1779272775,175,501.394336,4.061628,3.271895,0.830243,3.546437,4.979184,4.994376,5.140420,6.145849,7.290200,0.194328,0.220490,0.251556,0.496606,calls/second,milliseconds
1779272776,175,501.394336,4.061628,3.271895,0.830243,3.546437,4.979184,4.994376,5.140420,6.145849,7.290200,0.194112,0.220490,0.251556,0.496606,calls/second,milliseconds
1779272777,175,501.394336,4.061628,3.271895,0.830243,3.546437,4.979184,4.994376,5.140420,6.145849,7.290200,0.193897,0.220490,0.251556,0.496606,calls/second,milliseconds
1779272778,175,501.394336,4.061628,3.271895,0.830243,3.546437,4.979184,4.994376,5.140420,6.145849,7.290200,0.193682,0.220490,0.251556,0.496606,calls/second,milliseconds
1779272779,175,501.394336,4.061628,3.271895,0.830243,3.546437,4.979184,4.994376,5.140420,6.145849,7.290200,0.193467,0.220490,0.251556,0.496606,calls/second,milliseconds
1779272780,175,501.394336,4.061628,3.271895,0.830243,3.546437,4.979184,4.994376,5.140420,6.145849,7.290200,0.193253,0.202860,0.247398,0.493855,calls/second,milliseconds
1779272781,175,501.394336,4.061628,3.271895,0.830243,3.546437,4.979184,4.994376,5.140420,6.145849,7.290200,0.193040,0.202860,0.247398,0.493855,calls/second,milliseconds
1779272782,175,501.394336,4.061628,3.271895,0.830243,3.546437,4.979184,4.994376,5.140420,6.145849,7.290200,0.192827,0.202860,0.247398,0.493855,calls/second,milliseconds
1779272783,175,501.394336,4.061628,3.271895,0.830243,3.546437,4.979184,4.994376,5.140420,6.145849,7.290200,0.192614,0.202860,0.247398,0.493855,calls/second,milliseconds
1779272784,175,501.394336,4.061628,3.271895,0.830243,3.546437,4.979184,4.994376,5.140420,6.145849,7.290200,0.192402,0.202860,0.247398,0.493855,calls/second,milliseconds
1779272785,175,501.394336,4.061628,3.271895,0.830243,3.546437,4.979184,4.994376,5.140420,6.145849,7.290200,0.192191,0.186640,0.243309,0.491119,calls/second,milliseconds
1779272786,175,501.394336,4.061628,3.271895,0.830243,3.546437,4.979184,4.994376,5.140420,6.145849,7.290200,0.191979,0.186640,0.243309,0.491119,calls/second,milliseconds
1779272787,175,501.394336,4.061628,3.271895,0.830243,3.546437,4.979184,4.994376,5.140420,6.145849,7.290200,0.191769,0.186640,0.243309,0.491119,calls/second,milliseconds
1779272788,175,501.394336,4.061628,3.271895,0.830243,3.546437,4.979184,4.994376,5.140420,6.145849,7.290200,0.191559,0.186640,0.243309,0.491119,calls/second,milliseconds
1779272789,175,501.394336,4.061628,3.271895,0.830243,3.546437,4.979184,4.994376,5.140420,6.145849,7.290200,0.191349,0.186640,0.243309,0.491119,calls/second,milliseconds
1779272790,175,501.394336,4.061628,3.271895,0.830243,3.546437,4.979184,4.994376,5.140420,6.145849,7.290200,0.191140,0.171717,0.239287,0.488398,calls/second,milliseconds
1779272791,175,501.394336,4.061628,3.271895,0.830243,3.546437,4.979184,4.994376,5.140420,6.145849,7.290200,0.190931,0.171717,0.239287,0.488398,calls/second,milliseconds
1779272792,175,501.394336,4.061628,3.271895,0.830243,3.546437,4.979184,4.994376,5.140420,6.145849,7.290200,0.190722,0.171717,0.239287,0.488398,calls/second,milliseconds
1779272793,175,501.394336,4.061628,3.271895,0.830243,3.546437,4.979184,4.994376,5.140420,6.145849,7.290200,0.190514,0.171717,0.239287,0.488398,calls/second,milliseconds
1779272794,175,501.394336,4.061628,3.271895,0.830243,3.546437,4.979184,4.994376,5.140420,6.145849,7.290200,0.190307,0.171717,0.239287,0.488398,calls/second,milliseconds
1779272795,175,501.394336,4.061628,3.271895,0.830243,3.546437,4.979184,4.994376,5.140420,6.145849,7.290200,0.190100,0.157988,0.235332,0.485692,calls/second,milliseconds
1779272796,175,501.394336,4.061628,3.271895,0.830243,3.546437,4.979184,4.994376,5.140420,6.145849,7.290200,0.189893,0.157988,0.235332,0.485692,calls/second,milliseconds
1779272797,175,501.394336,4.061628,3.271895,0.830243,3.546437,4.979184,4.994376,5.140420,6.145849,7.290200,0.189687,0.157988,0.235332,0.485692,calls/second,milliseconds
1779272798,175,501.394336,4.061628,3.271895,0.830243,3.546437,4.979184,4.994376,5.140420,6.145849,7.290200,0.189482,0.157988,0.235332,0.485692,calls/second,milliseconds
1779272799,175,501.394336,4.061628,3.271895,0.830243,3.546437,4.979184,4.994376,5.140420,6.145849,7.290200,0.189276,0.157988,0.235332,0.485692,calls/second,milliseconds
1779272800,175,501.394336,4.061628,3.271895,0.830243,3.546437,4.979184,4.994376,5.140420,6.145849,7.290200,0.189072,0.145356,0.231442,0.483001,calls/second,milliseconds
1779272801,175,501.394336,4.061628,3.271895,0.830243,3.546437,4.979184,4.994376,5.140420,6.145849,7.290200,0.188867,0.145356,0.231442,0.483001,calls/second,milliseconds
1779272802,175,501.394336,4.061628,3.271895,0.830243,3.546437,4.979184,4.994376,5.140420,6.145849,7.290200,0.188663,0.145356,0.231442,0.483001,calls/second,milliseconds
1779272803,175,501.394336,4.061628,3.271895,0.830243,3.546437,4.979184,4.994376,5.140420,6.145849,7.290200,0.188460,0.145356,0.231442,0.483001,calls/second,milliseconds
1779272804,175,501.394336,4.061628,3.271895,0.830243,3.546437,4.979184,4.994376,5.140420,6.145849,7.290200,0.188257,0.145356,0.231442,0.483001,calls/second,milliseconds
1779272805,175,501.394336,4.061628,3.271895,0.830243,3.546437,4.979184,4.994376,5.140420,6.145849,7.290200,0.188054,0.133734,0.227617,0.480325,calls/second,milliseconds
1779272806,175,501.394336,4.061628,3.271895,0.830243,3.546437,4.979184,4.994376,5.140420,6.145849,7.290200,0.187852,0.133734,0.227617,0.480325,calls/second,milliseconds
1779272807,175,501.394336,4.061628,3.271895,0.830243,3.546437,4.979184,4.994376,5.140420,6.145849,7.290200,0.187650,0.133734,0.227617,0.480325,calls/second,milliseconds
1779272808,175,501.394336,4.061628,3.271895,0.830243,3.546437,4.979184,4.994376,5.140420,6.145849,7.290200,0.187449,0.133734,0.227617,0.480325,calls/second,milliseconds
1779272809,175,501.394336,4.061628,3.271895,0.830243,3.546437,4.979184,4.994376,5.140420,6.145849,7.290200,0.187248,0.133734,0.227617,0.480325,calls/second,milliseconds
1779272810,175,501.394336,4.061628,3.271895,0.830243,3.546437,4.979184,4.994376,5.140420,6.145849,7.290200,0.187048,0.123041,0.223855,0.477664,calls/second,milliseconds
1779272811,175,501.394336,4.061628,3.271895,0.830243,3.546437,4.979184,4.994376,5.140420,6.145849,7.290200,0.186848,0.123041,0.223855,0.477664,calls/second,milliseconds
1779272812,175,501.394336,4.061628,3.271895,0.830243,3.546437,4.979184,4.994376,5.140420,6.145849,7.290200,0.186648,0.123041,0.223855,0.477664,calls/second,milliseconds
1779272813,175,501.394336,4.061628,3.271895,0.830243,3.546437,4.979184,4.994376,5.140420,6.145849,7.290200,0.186449,0.123041,0.223855,0.477664,calls/second,milliseconds
1779272814,175,501.394336,4.061628,3.271895,0.830243,3.546437,4.979184,4.994376,5.140420,6.145849,7.290200,0.186250,0.123041,0.223855,0.477664,calls/second,milliseconds
1779272815,175,501.394336,4.061628,3.271895,0.830243,3.546437,4.979184,4.994376,5.140420,6.145849,7.290200,0.186052,0.113203,0.220155,0.475018,calls/second,milliseconds
