t,count,mean_rate,m1_rate,m5_rate,m15_rate,rate_unit
1778572275,12120000000,12155719521.033960,0.000000,0.000000,0.000000,events/second
1778572276,12130000000,6056821247.139191,0.000000,0.000000,0.000000,events/second
1778572277,12150000000,4040454994.778988,0.000000,0.000000,0.000000,events/second
1778572278,13350000000,3327599524.574714,0.000000,0.000000,0.000000,events/second
1778572279,13360000000,2663283023.528956,2672000000.000000,2672000000.000000,2672000000.000000,events/second
1778572280,13380000000,2222323669.212332,2672000000.000000,2672000000.000000,2672000000.000000,events/second
1778572281,13390000000,1906149993.841463,2672000000.000000,2672000000.000000,2672000000.000000,events/second
1778572282,13400000000,1669175043.130138,2672000000.000000,2672000000.000000,2672000000.000000,events/second
1778572283,13410000000,1484885326.023467,2672000000.000000,2672000000.000000,2672000000.000000,events/second
1778572284,13420000000,1337498178.545746,2459318142.914001,2628034067.165503,2657263195.693025,events/second
1778572285,13420000000,1215962539.208884,2459318142.914001,2628034067.165503,2657263195.693025,events/second
1778572286,13460000000,1117954986.704436,2459318142.914001,2628034067.165503,2657263195.693025,events/second
1778572287,13500000000,1035081863.130587,2459318142.914001,2628034067.165503,2657263195.693025,events/second
1778572288,13540000000,964042947.023651,2459318142.914001,2628034067.165503,2657263195.693025,events/second
1778572289,13550000000,900446191.229839,2264760766.404223,2585026226.928633,2642685597.649765,events/second
1778572290,13560000000,844841062.139407,2264760766.404223,2585026226.928633,2642685597.649765,events/second
1778572291,13560000000,795182091.725599,2264760766.404223,2585026226.928633,2642685597.649765,events/second
1778572292,13570000000,751579191.959336,2264760766.404223,2585026226.928633,2642685597.649765,events/second
1778572293,13580000000,712582350.306719,2264760766.404223,2585026226.928633,2642685597.649765,events/second
1778572294,13580000000,676985448.163793,2084160227.114055,2542398672.841583,2628077958.675486,events/second
1778572295,13610000000,646172314.857898,2084160227.114055,2542398672.841583,2628077958.675486,events/second
1778572296,13620000000,617267947.150404,2084160227.114055,2542398672.841583,2628077958.675486,events/second
1778572297,13620000000,590448528.664092,2084160227.114055,2542398672.841583,2628077958.675486,events/second
1778572298,13620000000,565860889.411474,2084160227.114055,2542398672.841583,2628077958.675486,events/second
1778572299,13650000000,544431049.455238,1918639354.344058,2500607918.620160,2613595569.457374,events/second
1778572300,13660000000,523888197.940739,1918639354.344058,2500607918.620160,2613595569.457374,events/second
1778572301,13670000000,504859245.996920,1918639354.344058,2500607918.620160,2613595569.457374,events/second
1778572302,13670000000,486838347.689009,1918639354.344058,2500607918.620160,2613595569.457374,events/second
1778572303,13670000000,470061009.057094,1918639354.344058,2500607918.620160,2613595569.457374,events/second
1778572304,13680000000,454729824.916147,1765713155.164486,2459375676.440288,2599149093.660822,events/second
1778572305,13700000000,440710868.978689,1765713155.164486,2459375676.440288,2599149093.660822,events/second
1778572306,13710000000,427255208.612769,1765713155.164486,2459375676.440288,2599149093.660822,events/second
1778572307,13720000000,414621666.580149,1765713155.164486,2459375676.440288,2599149093.660822,events/second
1778572308,13740000000,403018948.607215,1765713155.164486,2459375676.440288,2599149093.660822,events/second
1778572309,13750000000,391796185.775224,1625653904.441794,2418957171.648751,2584826974.751937,events/second
1778572310,13750000000,380919003.334655,1625653904.441794,2418957171.648751,2584826974.751937,events/second
1778572311,13770000000,371166475.609258,1625653904.441794,2418957171.648751,2584826974.751937,events/second
1778572312,13770000000,361408587.826223,1625653904.441794,2418957171.648751,2584826974.751937,events/second
1778572313,14170000000,362365667.687370,1625653904.441794,2418957171.648751,2584826974.751937,events/second
1778572314,14270000000,355800046.804327,1503989175.780575,2380694295.136177,2571082816.238259,events/second
1778572315,14350000000,349069653.726870,1503989175.780575,2380694295.136177,2571082816.238259,events/second
1778572316,14440000000,342896818.146672,1503989175.780575,2380694295.136177,2571082816.238259,events/second
1778572317,14510000000,336548868.623755,1503989175.780575,2380694295.136177,2571082816.238259,events/second
1778572318,14570000000,330261613.623888,1503989175.780575,2380694295.136177,2571082816.238259,events/second
1778572319,14620000000,324035297.516654,1389333731.815825,2342501877.774894,2557226437.283958,events/second
1778572320,14680000000,318295258.994520,1389333731.815825,2342501877.774894,2557226437.283958,events/second
1778572321,14730000000,312584853.975695,1389333731.815825,2342501877.774894,2557226437.283958,events/second
1778572322,14780000000,307113790.160342,1389333731.815825,2342501877.774894,2557226437.283958,events/second
1778572323,14840000000,302068549.853734,1389333731.815825,2342501877.774894,2557226437.283958,events/second
1778572324,14880000000,296826390.052872,1282406430.452539,2304643211.716420,2543347102.039254,events/second
1778572325,14910000000,291594813.534897,1282406430.452539,2304643211.716420,2543347102.039254,events/second
1778572326,14970000000,287139452.987172,1282406430.452539,2304643211.716420,2543347102.039254,events/second
1778572327,15020000000,282666414.452948,1282406430.452539,2304643211.716420,2543347102.039254,events/second
1778572328,15080000000,278543018.214386,1282406430.452539,2304643211.716420,2543347102.039254,events/second
1778572329,15150000000,274749365.111915,1184188475.232603,2267443351.460502,2529555740.725387,events/second
1778572330,15260000000,271803162.090183,1184188475.232603,2267443351.460502,2529555740.725387,events/second
1778572331,15320000000,268087060.631911,1184188475.232603,2267443351.460502,2529555740.725387,events/second
1778572332,15440000000,265493183.827412,1184188475.232603,2267443351.460502,2529555740.725387,events/second
1778572333,15480000000,261672814.357816,1184188475.232603,2267443351.460502,2529555740.725387,events/second
1778572334,15550000000,258477390.484873,1095902439.335825,2231288093.013291,2515984829.601291,events/second
1778572335,15600000000,255058630.135279,1095902439.335825,2231288093.013291,2515984829.601291,events/second
1778572336,15630000000,251429257.346889,1095902439.335825,2231288093.013291,2515984829.601291,events/second
1778572337,15670000000,248074124.114005,1095902439.335825,2231288093.013291,2515984829.601291,events/second
1778572338,15700000000,244667332.909861,1095902439.335825,2231288093.013291,2515984829.601291,events/second
1778572339,15750000000,241672441.816340,1011477141.704404,2195069286.577781,2502267497.307730,events/second
1778572340,15790000000,238615994.655908,1011477141.704404,2195069286.577781,2502267497.307730,events/second
1778572341,15820000000,235504359.276654,1011477141.704404,2195069286.577781,2502267497.307730,events/second
1778572342,15860000000,232629309.753225,1011477141.704404,2195069286.577781,2502267497.307730,events/second
1778572343,15890000000,229693672.811131,1011477141.704404,2195069286.577781,2502267497.307730,events/second
1778572344,15930000000,226984598.123671,933482295.823714,2159383010.172253,2488604000.512062,events/second
1778572345,15990000000,224631958.287749,933482295.823714,2159383010.172253,2488604000.512062,events/second
1778572346,16080000000,222759511.952660,933482295.823714,2159383010.172253,2488604000.512062,events/second
1778572347,16100000000,219984580.614779,933482295.823714,2159383010.172253,2488604000.512062,events/second
1778572348,16120000000,217282614.448553,933482295.823714,2159383010.172253,2488604000.512062,events/second
1778572349,16180000000,215185213.276899,862842951.696499,2124517975.680725,2475093763.693358,events/second
1778572350,16200000000,212617371.762439,862842951.696499,2124517975.680725,2475093763.693358,events/second
1778572351,16260000000,210634335.155443,862842951.696499,2124517975.680725,2475093763.693358,events/second
1778572352,16300000000,208447694.502964,862842951.696499,2124517975.680725,2475093763.693358,events/second
1778572353,16340000000,206314664.653097,862842951.696499,2124517975.680725,2475093763.693358,events/second
1778572354,16390000000,204360510.783435,797211972.996212,2090096981.152375,2461614054.424159,events/second
1778572355,16420000000,202208408.829576,797211972.996212,2090096981.152375,2461614054.424159,events/second
1778572356,16460000000,200230412.349137,797211972.996212,2090096981.152375,2461614054.424159,events/second
1778572357,16510000000,198420337.919055,797211972.996212,2090096981.152375,2461614054.424159,events/second
1778572358,16550000000,196534315.995027,797211972.996212,2090096981.152375,2461614054.424159,events/second
1778572359,16570000000,194457432.822686,736348824.104132,2056145744.344522,2448175783.881190,events/second
1778572360,16640000000,193010276.875434,736348824.104132,2056145744.344522,2448175783.881190,events/second
1778572361,16750000000,192054407.997537,736348824.104132,2056145744.344522,2448175783.881190,events/second
1778572362,16790000000,190326754.245370,736348824.104132,2056145744.344522,2448175783.881190,events/second
1778572363,16840000000,188750183.302137,736348824.104132,2056145744.344522,2448175783.881190,events/second
1778572364,16870000000,186986510.362708,682270957.958117,2023152357.230341,2434944927.047463,events/second
1778572365,16910000000,185371698.982441,682270957.958117,2023152357.230341,2434944927.047463,events/second
1778572366,16940000000,183683574.898094,682270957.958117,2023152357.230341,2434944927.047463,events/second
1778572367,16960000000,181924195.197977,682270957.958117,2023152357.230341,2434944927.047463,events/second
1778572368,16990000000,180308442.685394,682270957.958117,2023152357.230341,2434944927.047463,events/second
1778572369,17020000000,178725948.990387,630118251.694284,1990208446.453308,2421621166.611768,events/second
1778572370,17050000000,177176665.679426,630118251.694284,1990208446.453308,2421621166.611768,events/second
1778572371,17080000000,175659874.057811,630118251.694284,1990208446.453308,2421621166.611768,events/second
1778572372,17110000000,174173308.249059,630118251.694284,1990208446.453308,2421621166.611768,events/second
1778572373,17150000000,172818342.250830,630118251.694284,1990208446.453308,2421621166.611768,events/second
1778572374,17160000000,171190589.628132,581975534.417699,1957775993.534492,2408360141.530042,events/second
1778572375,17190000000,169793311.323476,581975534.417699,1957775993.534492,2408360141.530042,events/second
1778572376,17220000000,168422864.786242,581975534.417699,1957775993.534492,2408360141.530042,events/second
1778572377,17260000000,167175866.233194,581975534.417699,1957775993.534492,2408360141.530042,events/second
1778572378,17350000000,166431961.681130,581975534.417699,1957775993.534492,2408360141.530042,events/second
1778572379,17480000000,166082223.726760,540560497.355643,1926474629.573845,2395372030.014704,events/second
1778572380,17520000000,164892695.893349,540560497.355643,1926474629.573845,2395372030.014704,events/second
1778572381,17550000000,163631996.335761,540560497.355643,1926474629.573845,2395372030.014704,events/second
1778572382,17580000000,162395048.690693,540560497.355643,1926474629.573845,2395372030.014704,events/second
1778572383,17600000000,161088588.950651,540560497.355643,1926474629.573845,2395372030.014704,events/second
1778572384,17640000000,159987709.964693,499898245.093170,1895161718.175160,2382278589.747447,events/second
1778572385,17690000000,158995845.830322,499898245.093170,1895161718.175160,2382278589.747447,events/second
1778572386,17700000000,157665553.900409,499898245.093170,1895161718.175160,2382278589.747447,events/second
1778572387,17730000000,156535432.833516,499898245.093170,1895161718.175160,2382278589.747447,events/second
1778572388,17760000000,155425641.625382,499898245.093170,1895161718.175160,2382278589.747447,events/second
1778572389,17790000000,154334674.569424,462327255.842092,1864333306.586150,2369246608.825419,events/second
1778572390,17830000000,153348085.897503,462327255.842092,1864333306.586150,2369246608.825419,events/second
1778572391,17850000000,152207815.329560,462327255.842092,1864333306.586150,2369246608.825419,events/second
1778572392,18040000000,152524215.711502,462327255.842092,1864333306.586150,2369246608.825419,events/second
1778572393,18100000000,151746314.605208,462327255.842092,1864333306.586150,2369246608.825419,events/second
1778572394,18120000000,150648531.449837,430638678.102883,1834609471.484118,2356486272.530320,events/second
1778572395,18150000000,149651094.393915,430638678.102883,1834609471.484118,2356486272.530320,events/second
1778572396,18180000000,148670611.614926,430638678.102883,1834609471.484118,2356486272.530320,events/second
1778572397,18240000000,147949632.666872,430638678.102883,1834609471.484118,2356486272.530320,events/second
1778572398,18260000000,146918375.433647,430638678.102883,1834609471.484118,2356486272.530320,events/second
1778572399,18280000000,145903624.170372,398765289.243775,1804814957.593103,2343608265.269971,events/second
1778572400,18310000000,144983538.691117,398765289.243775,1804814957.593103,2343608265.269971,events/second
1778572401,18380000000,144392594.998330,398765289.243775,1804814957.593103,2343608265.269971,events/second
1778572402,18420000000,143575456.895398,398765289.243775,1804814957.593103,2343608265.269971,events/second
1778572403,18440000000,142616995.233214,398765289.243775,1804814957.593103,2343608265.269971,events/second
1778572404,18460000000,141674212.004319,369760178.190126,1775579017.885511,2330823764.735219,events/second
1778572405,18490000000,140822318.648735,369760178.190126,1775579017.885511,2330823764.735219,events/second
1778572406,18540000000,140134405.155275,369760178.190126,1775579017.885511,2330823764.735219,events/second
1778572407,18550000000,139156835.459961,369760178.190126,1775579017.885511,2330823764.735219,events/second
1778572408,18580000000,138342384.013492,369760178.190126,1775579017.885511,2330823764.735219,events/second
1778572409,18600000000,137466200.337984,342434543.086547,1746694077.388018,2318065771.060650,events/second
1778572410,18620000000,136602449.254256,342434543.086547,1746694077.388018,2318065771.060650,events/second
1778572411,18650000000,135824464.925661,342434543.086547,1746694077.388018,2318065771.060650,events/second
1778572412,18730000000,135419159.762710,342434543.086547,1746694077.388018,2318065771.060650,events/second
1778572413,18790000000,134876247.675912,342434543.086547,1746694077.388018,2318065771.060650,events/second
1778572414,18820000000,134127038.279161,318573034.499232,1718551019.702252,2305467101.042112,events/second
1778572415,18850000000,133388196.595372,318573034.499232,1718551019.702252,2305467101.042112,events/second
1778572416,18870000000,132589958.605804,318573034.499232,1718551019.702252,2305467101.042112,events/second
1778572417,18910000000,131942555.991028,318573034.499232,1718551019.702252,2305467101.042112,events/second
1778572418,18930000000,131165538.454389,318573034.499232,1718551019.702252,2305467101.042112,events/second
1778572419,18950000000,130398905.687462,295180186.262171,1690575612.013835,2292838506.834502,events/second
1778572420,19030000000,130053204.778034,295180186.262171,1690575612.013835,2292838506.834502,events/second
1778572421,19050000000,129304642.318195,295180186.262171,1690575612.013835,2292838506.834502,events/second
1778572422,19070000000,128565833.790560,295180186.262171,1690575612.013835,2292838506.834502,events/second
1778572423,19140000000,128172231.499346,295180186.262171,1690575612.013835,2292838506.834502,events/second
1778572424,19170000000,127517931.571438,275096927.436063,1663360110.974466,2280379599.694197,events/second
1778572425,19210000000,126938412.735980,275096927.436063,1663360110.974466,2280379599.694197,events/second
1778572426,19280000000,126562978.623907,275096927.436063,1663360110.974466,2280379599.694197,events/second
1778572427,19290000000,125801577.326118,275096927.436063,1663360110.974466,2280379599.694197,events/second
1778572428,19300000000,125049679.821840,275096927.436063,1663360110.974466,2280379599.694197,events/second
1778572429,19360000000,124625783.444323,256139703.813324,1636495271.323724,2267956475.881173,events/second
1778572430,19390000000,124019256.365860,256139703.813324,1636495271.323724,2267956475.881173,events/second
1778572431,19400000000,123293520.485909,256139703.813324,1636495271.323724,2267956475.881173,events/second
1778572432,19440000000,122766250.916609,256139703.813324,1636495271.323724,2267956475.881173,events/second
1778572433,19450000000,122056990.247446,256139703.813324,1636495271.323724,2267956475.881173,events/second
1778572434,19480000000,121481802.119898,237578837.907154,1609843068.769226,2255524615.934394,events/second
1778572435,19510000000,120913528.643553,237578837.907154,1609843068.769226,2255524615.934394,events/second
1778572436,19520000000,120229263.871348,237578837.907154,1609843068.769226,2255524615.934394,events/second
1778572437,19550000000,119675420.787053,237578837.907154,1609843068.769226,2255524615.934394,events/second
1778572438,19590000000,119188954.426804,237578837.907154,1609843068.769226,2255524615.934394,events/second
1778572439,19610000000,118587593.640274,220661928.070240,1583664445.467763,2243172710.685294,events/second
1778572440,19650000000,118113948.943647,220661928.070240,1583664445.467763,2243172710.685294,events/second
1778572441,19680000000,117585988.373337,220661928.070240,1583664445.467763,2243172710.685294,events/second
1778572442,19690000000,116945933.124662,220661928.070240,1583664445.467763,2243172710.685294,events/second
1778572443,19720000000,116431506.871998,220661928.070240,1583664445.467763,2243172710.685294,events/second
1778572444,19760000000,115981585.934149,205417442.003482,1557984630.935138,2230911397.476683,events/second
1778572445,19880000000,116003878.692967,205417442.003482,1557984630.935138,2230911397.476683,events/second
1778572446,19970000000,115851958.631770,205417442.003482,1557984630.935138,2230911397.476683,events/second
1778572447,19980000000,115240114.362386,205417442.003482,1557984630.935138,2230911397.476683,events/second
1778572448,20020000000,114807399.178363,205417442.003482,1557984630.935138,2230911397.476683,events/second
1778572449,20060000000,114379461.172622,193790505.304987,1533225122.788219,2218884218.366760,events/second
1778572450,20100000000,113956790.605300,193790505.304987,1533225122.788219,2218884218.366760,events/second
1778572451,20140000000,113538411.158835,193790505.304987,1533225122.788219,2218884218.366760,events/second
1778572452,20200000000,113236843.829105,193790505.304987,1533225122.788219,2218884218.366760,events/second
1778572453,20250000000,112883246.073851,193790505.304987,1533225122.788219,2218884218.366760,events/second
1778572454,20300000000,112533419.341893,182133740.111840,1508676510.760920,2206857189.833237,events/second
1778572455,20320000000,112022349.014065,182133740.111840,1508676510.760920,2206857189.833237,events/second
1778572456,20370000000,111680887.258660,182133740.111840,1508676510.760920,2206857189.833237,events/second
1778572457,20390000000,111180065.932527,182133740.111840,1508676510.760920,2206857189.833237,events/second
1778572458,20410000000,110684232.797345,182133740.111840,1508676510.760920,2206857189.833237,events/second
1778572459,20430000000,110193743.485478,169649975.525085,1484170023.585205,2194774909.521947,events/second
1778572460,20450000000,109708440.382023,169649975.525085,1484170023.585205,2194774909.521947,events/second
1778572461,20470000000,109228773.939565,169649975.525085,1484170023.585205,2194774909.521947,events/second
1778572462,20520000000,108913416.866930,169649975.525085,1484170023.585205,2194774909.521947,events/second
1778572463,20540000000,108442860.930586,169649975.525085,1484170023.585205,2194774909.521947,events/second
1778572464,20570000000,108030005.972823,158324268.814235,1460101650.106801,2182770647.184020,events/second
1778572465,20590000000,107568900.681047,158324268.814235,1460101650.106801,2182770647.184020,events/second
1778572466,20610000000,107113069.271699,158324268.814235,1460101650.106801,2182770647.184020,events/second
1778572467,20620000000,106610231.832813,158324268.814235,1460101650.106801,2182770647.184020,events/second
1778572468,20680000000,106369138.303294,158324268.814235,1460101650.106801,2182770647.184020,events/second
1778572469,20710000000,105977500.332156,147904115.613187,1436431091.850873,2170832890.284033,events/second
1778572470,20740000000,105589884.442118,147904115.613187,1436431091.850873,2170832890.284033,events/second
1778572471,20750000000,105104600.266707,147904115.613187,1436431091.850873,2170832890.284033,events/second
1778572472,20770000000,104674913.502201,147904115.613187,1436431091.850873,2170832890.284033,events/second
1778572473,20810000000,104399905.314028,147904115.613187,1436431091.850873,2170832890.284033,events/second
1778572474,20830000000,103927880.389662,137997289.519499,1413085659.325433,2158939109.763773,events/second
1778572475,20840000000,103460715.075351,137997289.519499,1413085659.325433,2158939109.763773,events/second
1778572476,20870000000,103096729.844305,137997289.519499,1413085659.325433,2158939109.763773,events/second
1778572477,20900000000,102736582.700408,137997289.519499,1413085659.325433,2158939109.763773,events/second
1778572478,20960000000,102526426.243192,137997289.519499,1413085659.325433,2158939109.763773,events/second
1778572479,21080000000,102610279.044376,130961414.724934,1390555835.060181,2147255266.547263,events/second
1778572480,21090000000,102160869.994590,130961414.724934,1390555835.060181,2147255266.547263,events/second
1778572481,21120000000,101811961.675353,130961414.724934,1390555835.060181,2147255266.547263,events/second
1778572482,21130000000,101370750.267649,130961414.724934,1390555835.060181,2147255266.547263,events/second
1778572483,21140000000,100933743.374978,130961414.724934,1390555835.060181,2147255266.547263,events/second
1778572484,21150000000,100500686.820753,121609696.344820,1367803368.373267,2135436708.126237,events/second
1778572485,21170000000,100119283.150608,121609696.344820,1367803368.373267,2135436708.126237,events/second
1778572486,21180000000,99694378.333414,121609696.344820,1367803368.373267,2135436708.126237,events/second
1778572487,21230000000,99460845.935634,121609696.344820,1367803368.373267,2135436708.126237,events/second
1778572488,21290000000,99275854.782459,121609696.344820,1367803368.373267,2135436708.126237,events/second
1778572489,21310000000,98906832.809151,114444900.618681,1345724480.713871,2123783349.051138,events/second
1778572490,21330000000,98541521.973945,114444900.618681,1345724480.713871,2123783349.051138,events/second
1778572491,21340000000,98133692.930737,114444900.618681,1345724480.713871,2123783349.051138,events/second
1778572492,21350000000,97729484.377932,114444900.618681,1345724480.713871,2123783349.051138,events/second
1778572493,21380000000,97420003.520332,114444900.618681,1345724480.713871,2123783349.051138,events/second
1778572494,21390000000,97022774.625208,106573680.962956,1323746068.229866,2112105908.924647,events/second
1778572495,21400000000,96629032.089987,106573680.962956,1323746068.229866,2112105908.924647,events/second
1778572496,21420000000,96283843.075654,106573680.962956,1323746068.229866,2112105908.924647,events/second
1778572497,21470000000,96075784.727201,106573680.962956,1323746068.229866,2112105908.924647,events/second
1778572498,21480000000,95691585.850302,106573680.962956,1323746068.229866,2112105908.924647,events/second
1778572499,21500000000,95355050.268947,99811542.794610,1302230098.228600,2100526404.503341,events/second
1778572500,21520000000,95021620.296466,99811542.794610,1302230098.228600,2100526404.503341,events/second
1778572501,21540000000,94690934.886228,99811542.794610,1302230098.228600,2100526404.503341,events/second
1778572502,21560000000,94363325.719944,99811542.794610,1302230098.228600,2100526404.503341,events/second
1778572503,21630000000,94256427.122533,99811542.794610,1302230098.228600,2100526404.503341,events/second
1778572504,21660000000,93976989.677136,94389631.195579,1281235041.392858,2089066453.816508,events/second
1778572505,21680000000,93656821.966946,94389631.195579,1281235041.392858,2089066453.816508,events/second
1778572506,21700000000,93339316.886173,94389631.195579,1281235041.392858,2089066453.816508,events/second
1778572507,21710000000,92981810.513511,94389631.195579,1281235041.392858,2089066453.816508,events/second
1778572508,21710000000,92584494.867686,94389631.195579,1281235041.392858,2089066453.816508,events/second
1778572509,21750000000,92360495.020441,88281853.517086,1260355602.677045,2077592430.870405,events/second
1778572510,21770000000,92053704.588726,88281853.517086,1260355602.677045,2077592430.870405,events/second
1778572511,21790000000,91749662.976591,88281853.517086,1260355602.677045,2077592430.870405,events/second
1778572512,21880000000,91741727.667773,88281853.517086,1260355602.677045,2077592430.870405,events/second
1778572513,21950000000,91650230.720837,88281853.517086,1260355602.677045,2077592430.870405,events/second
1778572514,21980000000,91393283.608966,84901183.168570,1240284070.021220,2066337100.011282,events/second
1778572515,21990000000,91055384.693768,84901183.168570,1240284070.021220,2066337100.011282,events/second
1778572516,22010000000,90761811.409192,84901183.168570,1240284070.021220,2066337100.011282,events/second
1778572517,22040000000,90511744.760635,84901183.168570,1240284070.021220,2066337100.011282,events/second
1778572518,22090000000,90345308.450185,84901183.168570,1240284070.021220,2066337100.011282,events/second
1778572519,22120000000,90098983.167089,80351615.760043,1220246776.788557,2055044402.659962,events/second
1778572520,22170000000,89935716.639056,80351615.760043,1220246776.788557,2055044402.659962,events/second
1778572521,22190000000,89652604.568320,80351615.760043,1220246776.788557,2055044402.659962,events/second
1778572522,22210000000,89371560.061708,80351615.760043,1220246776.788557,2055044402.659962,events/second
1778572523,22230000000,89092894.006167,80351615.760043,1220246776.788557,2055044402.659962,events/second
1778572524,22250000000,88816483.016927,76005900.506107,1200507613.790022,2043803188.264412,events/second
1778572525,22260000000,88502501.678632,76005900.506107,1200507613.790022,2043803188.264412,events/second
1778572526,22270000000,88191142.253997,76005900.506107,1200507613.790022,2043803188.264412,events/second
1778572527,22340000000,88118606.528460,76005900.506107,1200507613.790022,2043803188.264412,events/second
1778572528,22380000000,87928953.350405,76005900.506107,1200507613.790022,2043803188.264412,events/second
1778572529,22440000000,87819009.872395,72967116.483601,1181293053.012773,2032690733.729164,events/second
1778572530,22460000000,87553921.535833,72967116.483601,1181293053.012773,2032690733.729164,events/second
1778572531,22470000000,87252171.239490,72967116.483601,1181293053.012773,2032690733.729164,events/second
1778572532,22500000000,87030180.077301,72967116.483601,1181293053.012773,2032690733.729164,events/second
1778572533,22520000000,86771158.831555,72967116.483601,1181293053.012773,2032690733.729164,events/second
1778572534,22530000000,86475972.235842,68572188.509017,1162065510.067060,2021529040.841179,events/second
1778572535,22550000000,86221340.341561,68572188.509017,1162065510.067060,2021529040.841179,events/second
1778572536,22560000000,85930526.299907,68572188.509017,1162065510.067060,2021529040.841179,events/second
1778572537,22590000000,85717807.311441,68572188.509017,1162065510.067060,2021529040.841179,events/second
1778572538,22610000000,85468719.993096,68572188.509017,1162065510.067060,2021529040.841179,events/second
1778572539,22620000000,85184070.469918,64528659.573302,1143155770.452822,2010429185.428315,events/second
1778572540,22630000000,84901523.464780,64528659.573302,1143155770.452822,2010429185.428315,events/second
1778572541,22650000000,84658279.519195,64528659.573302,1143155770.452822,2010429185.428315,events/second
1778572542,22660000000,84379729.930920,64528659.573302,1143155770.452822,2010429185.428315,events/second
1778572543,22730000000,84325956.065098,64528659.573302,1143155770.452822,2010429185.428315,events/second
1778572544,22770000000,84161616.651591,61767900.385054,1124756923.897159,1999457306.725504,events/second
1778572545,22790000000,83924799.585257,61767900.385054,1124756923.897159,1999457306.725504,events/second
1778572546,22840000000,83799859.021990,61767900.385054,1124756923.897159,1999457306.725504,events/second
1778572547,22850000000,83529625.328771,61767900.385054,1124756923.897159,1999457306.725504,events/second
1778572548,22870000000,83297789.596200,61767900.385054,1124756923.897159,1999457306.725504,events/second
1778572549,22900000000,83103880.818123,58908056.972287,1106596069.341708,1988524053.290397,events/second
1778572550,22930000000,82911307.247340,58908056.972287,1106596069.341708,1988524053.290397,events/second
1778572551,23070000000,83116500.107906,58908056.972287,1106596069.341708,1988524053.290397,events/second
1778572552,23100000000,82925341.167836,58908056.972287,1106596069.341708,1988524053.290397,events/second
1778572553,23110000000,82664031.516706,58908056.972287,1106596069.341708,1988524053.290397,events/second
1778572554,23190000000,82653973.681785,58835452.745518,1089264300.787123,1977828656.604966,events/second
1778572555,23210000000,82431005.903600,58835452.745518,1089264300.787123,1977828656.604966,events/second
1778572556,23230000000,82209611.756908,58835452.745518,1089264300.787123,1977828656.604966,events/second
1778572557,23330000000,82271900.194547,58835452.745518,1089264300.787123,1977828656.604966,events/second
1778572558,23350000000,82052511.447219,58835452.745518,1089264300.787123,1977828656.604966,events/second
1778572559,23400000000,81939862.575418,57489364.266270,1071954544.430591,1967103871.610898,events/second
1778572560,23410000000,81688412.682834,57489364.266270,1071954544.430591,1967103871.610898,events/second
1778572561,23420000000,81438745.960246,57489364.266270,1071954544.430591,1967103871.610898,events/second
1778572562,23440000000,81225395.918252,57489364.266270,1071954544.430591,1967103871.610898,events/second
1778572563,23500000000,81151674.508811,57489364.266270,1071954544.430591,1967103871.610898,events/second
1778572564,23510000000,80906301.917209,54651791.371927,1054600322.257768,1956327700.515909,events/second
1778572565,23550000000,80765586.925189,54651791.371927,1054600322.257768,1956327700.515909,events/second
1778572566,23580000000,80591490.559859,54651791.371927,1054600322.257768,1956327700.515909,events/second
1778572567,23600000000,80384614.926660,54651791.371927,1054600322.257768,1956327700.515909,events/second
1778572568,23610000000,80145305.690754,54651791.371927,1054600322.257768,1956327700.515909,events/second
1778572569,23630000000,79941478.756509,52201009.450125,1037565997.239874,1945622311.350703,events/second
1778572570,23690000000,79873820.334037,52201009.450125,1037565997.239874,1945622311.350703,events/second
1778572571,23750000000,79806459.994034,52201009.450125,1037565997.239874,1945622311.350703,events/second
1778572572,23760000000,79572085.821012,52201009.450125,1037565997.239874,1945622311.350703,events/second
1778572573,23770000000,79339447.451687,52201009.450125,1037565997.239874,1945622311.350703,events/second
1778572574,23790000000,79141688.781973,50585825.914461,1020945453.219084,1935020552.884599,events/second
1778572575,23800000000,78912078.955311,50585825.914461,1020945453.219084,1935020552.884599,events/second
1778572576,23840000000,78783050.958831,50585825.914461,1020945453.219084,1935020552.884599,events/second
1778572577,23850000000,78556042.052220,50585825.914461,1020945453.219084,1935020552.884599,events/second
1778572578,23870000000,78363333.077478,50585825.914461,1020945453.219084,1935020552.884599,events/second
1778572579,23990000000,78498999.648752,49739430.006838,1004731850.997078,1924521850.987774,events/second
1778572580,24020000000,78340418.604730,49739430.006838,1004731850.997078,1924521850.987774,events/second
1778572581,24020000000,78085385.083678,49739430.006838,1004731850.997078,1924521850.987774,events/second
1778572582,24040000000,77896658.164018,49739430.006838,1004731850.997078,1924521850.987774,events/second
1778572583,24050000000,77676943.071726,49739430.006838,1004731850.997078,1924521850.987774,events/second
1778572584,24060000000,77458714.971966,46881862.959827,988356493.847478,1913937269.543335,events/second
1778572585,24070000000,77241882.870756,46881862.959827,988356493.847478,1913937269.543335,events/second
1778572586,24100000000,77090456.085498,46881862.959827,988356493.847478,1913937269.543335,events/second
1778572587,24100000000,76844351.724291,46881862.959827,988356493.847478,1913937269.543335,events/second
1778572588,24160000000,76790374.067659,46881862.959827,988356493.847478,1913937269.543335,events/second
1778572589,24170000000,76578236.128742,44892419.041761,972384025.914140,1903455649.504865,events/second
1778572590,24220000000,76493906.120381,44892419.041761,972384025.914140,1903455649.504865,events/second
1778572591,24280000000,76441516.843917,44892419.041761,972384025.914140,1903455649.504865,events/second
1778572592,24460000000,76766143.317132,44892419.041761,972384025.914140,1903455649.504865,events/second
1778572593,24530000000,76744501.791112,44892419.041761,972384025.914140,1903455649.504865,events/second
1778572594,24550000000,76566898.741379,47379643.886743,957568101.148254,1893331267.442298,events/second
1778572595,24550000000,76328508.946645,47379643.886743,957568101.148254,1893331267.442298,events/second
1778572596,24630000000,76339511.351530,47379643.886743,957568101.148254,1893331267.442298,events/second
1778572597,24660000000,76195832.878120,47379643.886743,957568101.148254,1893331267.442298,events/second
1778572598,24670000000,75991536.169478,47379643.886743,957568101.148254,1893331267.442298,events/second
1778572599,24730000000,75942081.355514,46469777.798469,942335920.231901,1883041369.915409,events/second
1778572600,24770000000,75831553.436362,46469777.798469,942335920.231901,1883041369.915409,events/second
1778572601,24840000000,75813331.775863,46469777.798469,942335920.231901,1883041369.915409,events/second
1778572602,24850000000,75612642.039345,46469777.798469,942335920.231901,1883041369.915409,events/second
1778572603,24870000000,75443562.903300,46469777.798469,942335920.231901,1883041369.915409,events/second
1778572604,24880000000,75245281.897330,45152927.073667,927256333.844151,1872775239.072864,events/second
1778572605,24900000000,75078378.781346,45152927.073667,927256333.844151,1872775239.072864,events/second
1778572606,24960000000,75032620.899537,45152927.073667,927256333.844151,1872775239.072864,events/second
1778572607,25000000000,74927247.496456,45152927.073667,927256333.844151,1872775239.072864,events/second
1778572608,25010000000,74732765.655219,45152927.073667,927256333.844151,1872775239.072864,events/second
1778572609,25020000000,74539611.728457,43781454.748672,912392934.004005,1862554903.851597,events/second
1778572610,25040000000,74377241.118848,43781454.748672,912392934.004005,1862554903.851597,events/second
1778572611,25060000000,74215866.800778,43781454.748672,912392934.004005,1862554903.851597,events/second
1778572612,25080000000,74055380.750997,43781454.748672,912392934.004005,1862554903.851597,events/second
1778572613,25310000000,74514127.309039,43781454.748672,912392934.004005,1862554903.851597,events/second
1778572614,25320000000,74324433.782512,45078218.028102,898304118.032193,1852568475.704740,events/second
1778572615,25340000000,74165131.215053,45078218.028102,898304118.032193,1852568475.704740,events/second
1778572616,25360000000,74006767.202886,45078218.028102,898304118.032193,1852568475.704740,events/second
1778572617,25380000000,73849157.197773,45078218.028102,898304118.032193,1852568475.704740,events/second
1778572618,25480000000,73924508.722225,45078218.028102,898304118.032193,1852568475.704740,events/second
1778572619,25490000000,73739239.351955,44192452.620801,884018427.505131,1842493329.935833,events/second
1778572620,25510000000,73583761.140539,44192452.620801,884018427.505131,1842493329.935833,events/second
1778572621,25520000000,73400564.346757,44192452.620801,884018427.505131,1842493329.935833,events/second
1778572622,25530000000,73218273.784218,44192452.620801,884018427.505131,1842493329.935833,events/second
1778572623,25560000000,73094316.276958,44192452.620801,884018427.505131,1842493329.935833,events/second
1778572624,25590000000,72970998.631915,42258130.909953,869737459.027139,1832396439.877926,events/second
1778572625,25600000000,72791606.134476,42258130.909953,869737459.027139,1832396439.877926,events/second
1778572626,25610000000,72613176.856573,42258130.909953,869737459.027139,1832396439.877926,events/second
1778572627,25650000000,72520626.824170,42258130.909953,869737459.027139,1832396439.877926,events/second
1778572628,25660000000,72343885.799358,42258130.909953,869737459.027139,1832396439.877926,events/second
1778572629,25680000000,72196411.119207,40318557.853049,855659477.103751,1822344407.821628,events/second
1778572630,25680000000,71993579.033107,40318557.853049,855659477.103751,1822344407.821628,events/second
1778572631,25690000000,71819962.438004,40318557.853049,855659477.103751,1822344407.821628,events/second
1778572632,25710000000,71675172.103993,40318557.853049,855659477.103751,1822344407.821628,events/second
1778572633,25720000000,71503295.361192,40318557.853049,855659477.103751,1822344407.821628,events/second
1778572634,25740000000,71360042.816053,38054330.983055,841715012.477612,1812314824.638811,events/second
1778572635,25760000000,71217744.622285,38054330.983055,841715012.477612,1812314824.638811,events/second
1778572636,25770000000,71048672.639710,38054330.983055,841715012.477612,1812314824.638811,events/second
1778572637,25820000000,70990429.392021,38054330.983055,841715012.477612,1812314824.638811,events/second
1778572638,25850000000,70877676.751248,38054330.983055,841715012.477612,1812314824.638811,events/second
1778572639,25860000000,70710834.363331,36930608.722312,828199372.133119,1802407288.695216,events/second
1778572640,25870000000,70545044.950878,36930608.722312,828199372.133119,1802407288.695216,events/second
1778572641,25880000000,70380101.265501,36930608.722312,828199372.133119,1802407288.695216,events/second
1778572642,25890000000,70216005.931816,36930608.722312,828199372.133119,1802407288.695216,events/second
1778572643,25900000000,70052859.086867,36930608.722312,828199372.133119,1802407288.695216,events/second
1778572644,25920000000,69917489.771787,34937267.308272,814708783.120050,1792488160.182704,events/second
1778572645,25930000000,69755990.445892,34937267.308272,814708783.120050,1792488160.182704,events/second
1778572646,26060000000,69917371.438562,34937267.308272,814708783.120050,1792488160.182704,events/second
1778572647,26080000000,69783563.687232,34937267.308272,814708783.120050,1792488160.182704,events/second
1778572648,26090000000,69623736.221262,34937267.308272,814708783.120050,1792488160.182704,events/second
1778572649,26100000000,69464628.949352,35022238.722732,801837859.038738,1782756948.797693,events/second
1778572650,26110000000,69306509.537686,35022238.722732,801837859.038738,1782756948.797693,events/second
1778572651,26120000000,69149227.024192,35022238.722732,801837859.038738,1782756948.797693,events/second
1778572652,26140000000,69019072.533990,35022238.722732,801837859.038738,1782756948.797693,events/second
1778572653,26160000000,68889677.393366,35022238.722732,801837859.038738,1782756948.797693,events/second
1778572654,26180000000,68760872.830170,33501304.490595,788849101.696895,1772968846.762948,events/second
1778572655,26180000000,68580498.887892,33501304.490595,788849101.696895,1772968846.762948,events/second
1778572656,26190000000,68427035.322677,33501304.490595,788849101.696895,1772968846.762948,events/second
1778572657,26200000000,68274501.680045,33501304.490595,788849101.696895,1772968846.762948,events/second
1778572658,26220000000,68174723.608611,33501304.490595,788849101.696895,1772968846.762948,events/second
1778572659,26240000000,68023539.934154,31782155.103816,776008915.445863,1763212811.693240,events/second
1778572660,26250000000,67873143.108071,31782155.103816,776008915.445863,1763212811.693240,events/second
1778572661,26270000000,67749371.536075,31782155.103816,776008915.445863,1763212811.693240,events/second
1778572662,26400000000,67909244.475688,31782155.103816,776008915.445863,1763212811.693240,events/second
1778572663,26420000000,67786002.244687,31782155.103816,776008915.445863,1763212811.693240,events/second
1778572664,26450000000,67689017.199906,32599128.873717,763876815.191571,1753677031.100540,events/second
1778572665,26460000000,67541372.777862,32599128.873717,763876815.191571,1753677031.100540,events/second
1778572666,26470000000,67394584.650098,32599128.873717,763876815.191571,1753677031.100540,events/second
1778572667,26500000000,67299378.717836,32599128.873717,763876815.191571,1753677031.100540,events/second
1778572668,26510000000,67153942.495369,32599128.873717,763876815.191571,1753677031.100540,events/second
1778572669,26630000000,67287123.677795,32871047.515390,751846069.639503,1744160839.269746,events/second
1778572670,26640000000,67142389.254075,32871047.515390,751846069.639503,1744160839.269746,events/second
1778572671,26660000000,67023623.848309,32871047.515390,751846069.639503,1744160839.269746,events/second
1778572672,26670000000,66880347.598784,32871047.515390,751846069.639503,1744160839.269746,events/second
1778572673,26680000000,66737833.387104,32871047.515390,751846069.639503,1744160839.269746,events/second
1778572674,26690000000,66595908.207956,31202290.693997,739617489.712572,1734564404.940226,events/second
1778572675,26710000000,66479645.252369,31202290.693997,739617489.712572,1734564404.940226,events/second
1778572676,26820000000,66587329.757929,31202290.693997,739617489.712572,1734564404.940226,events/second
1778572677,26840000000,66471711.284369,31202290.693997,739617489.712572,1734564404.940226,events/second
1778572678,26840000000,66331968.840198,31202290.693997,739617489.712572,1734564404.940226,events/second
1778572679,26870000000,66217455.595423,31585894.349997,727987715.541940,1725154099.963385,events/second
1778572680,26870000000,66054375.698649,31585894.349997,727987715.541940,1725154099.963385,events/second
1778572681,26890000000,65941155.507021,31585894.349997,727987715.541940,1725154099.963385,events/second
1778572682,26900000000,65804005.708348,31585894.349997,727987715.541940,1725154099.963385,events/second
1778572683,26920000000,65691989.028776,31585894.349997,727987715.541940,1725154099.963385,events/second
1778572684,26940000000,65580480.752328,30179803.872976,716186536.614807,1715674046.162543,events/second
1778572685,26950000000,65445233.686552,30179803.872976,716186536.614807,1715674046.162543,events/second
1778572686,26960000000,65310562.768634,30179803.872976,716186536.614807,1715674046.162543,events/second
1778572687,26980000000,65200782.149629,30179803.872976,716186536.614807,1715674046.162543,events/second
1778572688,26980000000,65043294.599513,30179803.872976,716186536.614807,1715674046.162543,events/second
1778572689,26990000000,64910675.701999,28566315.841647,704514299.833818,1706224352.692700,events/second
1778572690,27010000000,64802679.290498,28566315.841647,704514299.833818,1706224352.692700,events/second
1778572691,27030000000,64695206.117271,28566315.841647,704514299.833818,1706224352.692700,events/second
1778572692,27040000000,64564339.803545,28566315.841647,704514299.833818,1706224352.692700,events/second
1778572693,27050000000,64434092.202125,28566315.841647,704514299.833818,1706224352.692700,events/second
1778572694,27060000000,64304510.703789,27401657.531834,693101102.342181,1696849172.568967,events/second
1778572695,27070000000,64175436.496827,27401657.531834,693101102.342181,1696849172.568967,events/second
1778572696,27090000000,64070734.896900,27401657.531834,693101102.342181,1696849172.568967,events/second
1778572697,27110000000,63966513.466795,27401657.531834,693101102.342181,1696849172.568967,events/second
1778572698,27120000000,63839266.713805,27401657.531834,693101102.342181,1696849172.568967,events/second
1778572699,27150000000,63759579.573762,26649942.500422,681942662.597041,1687548092.976082,events/second
1778572700,27150000000,63609897.126447,26649942.500422,681942662.597041,1687548092.976082,events/second
1778572701,27180000000,63531081.655156,26649942.500422,681942662.597041,1687548092.976082,events/second
1778572702,27190000000,63406032.620666,26649942.500422,681942662.597041,1687548092.976082,events/second
1778572703,27200000000,63281509.832334,26649942.500422,681942662.597041,1687548092.976082,events/second
1778572704,27210000000,63157577.187742,25478597.772154,670869484.361437,1678265301.865889,events/second
1778572705,27220000000,63034176.186427,25478597.772154,670869484.361437,1678265301.865889,events/second
1778572706,27250000000,62957663.059585,25478597.772154,670869484.361437,1678265301.865889,events/second
1778572707,27260000000,62835421.443382,25478597.772154,670869484.361437,1678265301.865889,events/second
1778572708,27270000000,62713632.335476,25478597.772154,670869484.361437,1678265301.865889,events/second
1778572709,27290000000,62615411.193797,24720730.938788,660045443.848356,1669056099.437366,events/second
1778572710,27300000000,62494668.230753,24720730.938788,660045443.848356,1669056099.437366,events/second
1778572711,27310000000,62374578.146529,24720730.938788,660045443.848356,1669056099.437366,events/second
1778572712,27360000000,62346139.776388,24720730.938788,660045443.848356,1669056099.437366,events/second
1778572713,27400000000,62295061.385915,24720730.938788,660045443.848356,1669056099.437366,events/second
1778572714,27420000000,62198858.038692,24823015.645424,649565594.450515,1659953318.910001,events/second
1778572715,27430000000,62080522.268481,24823015.645424,649565594.450515,1659953318.910001,events/second
1778572716,27440000000,61962664.038520,24823015.645424,649565594.450515,1659953318.910001,events/second
1778572717,27440000000,61822851.618929,24823015.645424,649565594.450515,1659953318.910001,events/second
1778572718,27460000000,61728599.439019,24823015.645424,649565594.450515,1659953318.910001,events/second
1778572719,27470000000,61612275.185994,23637832.752535,638994504.988535,1650812326.738415,events/second
1778572720,27480000000,61496539.014546,23637832.752535,638994504.988535,1650812326.738415,events/second
1778572721,27490000000,61381281.904913,23637832.752535,638994504.988535,1650812326.738415,events/second
1778572722,27540000000,61355693.712005,23637832.752535,638994504.988535,1650812326.738415,events/second
1778572723,27550000000,61241260.345629,23637832.752535,638994504.988535,1650812326.738415,events/second
1778572724,27560000000,61127385.852630,23187056.534584,628730368.636310,1641766298.268806,events/second
1778572725,27610000000,61102068.025870,23187056.534584,628730368.636310,1641766298.268806,events/second
1778572726,27620000000,60989014.528542,23187056.534584,628730368.636310,1641766298.268806,events/second
1778572727,27620000000,60854332.065386,23187056.534584,628730368.636310,1641766298.268806,events/second
1778572728,27640000000,60764280.324090,23187056.534584,628730368.636310,1641766298.268806,events/second
1778572729,27750000000,60872028.207520,24371434.100424,618966454.459332,1632881189.211772,events/second
1778572730,27790000000,60826103.036138,24371434.100424,618966454.459332,1632881189.211772,events/second
1778572731,27830000000,60780420.187456,24371434.100424,618966454.459332,1632881189.211772,events/second
1778572732,27850000000,60691273.088757,24371434.100424,618966454.459332,1632881189.211772,events/second
1778572733,27860000000,60580741.890186,24371434.100424,618966454.459332,1632881189.211772,events/second
1778572734,27910000000,60557479.710934,24981380.552464,609264752.311640,1624012064.097437,events/second
1778572735,27920000000,60447852.702008,24981380.552464,609264752.311640,1624012064.097437,events/second
1778572736,27940000000,60360252.756407,24981380.552464,609264752.311640,1624012064.097437,events/second
1778572737,27980000000,60316162.918041,24981380.552464,609264752.311640,1624012064.097437,events/second
1778572739,27990000000,60207672.647838,24981380.552464,609264752.311640,1624012064.097437,events/second
1778572740,28010000000,60121157.723715,24583091.354437,599525062.641764,1615125593.460358,events/second
1778572741,28020000000,60013617.676236,24583091.354437,599525062.641764,1615125593.460358,events/second
1778572742,28020000000,59885154.868782,24583091.354437,599525062.641764,1615125593.460358,events/second
1778572743,28030000000,59778509.972725,24583091.354437,599525062.641764,1615125593.460358,events/second
1778572744,28040000000,59672350.230919,24583091.354437,599525062.641764,1615125593.460358,events/second
1778572745,28050000000,59566650.797866,23257180.577938,589748013.328219,1606221873.397368,events/second
1778572746,28070000000,59482583.235510,23257180.577938,589748013.328219,1606221873.397368,events/second
1778572747,28070000000,59356626.780705,23257180.577938,589748013.328219,1606221873.397368,events/second
1778572748,28080000000,59252295.604739,23257180.577938,589748013.328219,1606221873.397368,events/second
1778572749,28100000000,59169374.579217,23257180.577938,589748013.328219,1606221873.397368,events/second
1778572750,28110000000,59065862.805864,22357106.115205,580198678.610454,1597389641.904828,events/second
1778572751,28110000000,58941828.904565,22357106.115205,580198678.610454,1597389641.904828,events/second
1778572752,28130000000,58860073.573110,22357106.115205,580198678.610454,1597389641.904828,events/second
1778572753,28160000000,58799521.073916,22357106.115205,580198678.610454,1597389641.904828,events/second
1778572754,28170000000,58697567.419971,22357106.115205,580198678.610454,1597389641.904828,events/second
1778572755,28170000000,58575316.056067,21528997.633018,570807180.512546,1588606342.317213,events/second
1778572756,28180000000,58474249.605314,21528997.633018,570807180.512546,1588606342.317213,events/second
1778572757,28190000000,58373682.971470,21528997.633018,570807180.512546,1588606342.317213,events/second
1778572758,28210000000,58294122.680348,21528997.633018,570807180.512546,1588606342.317213,events/second
1778572759,28230000000,58214945.291059,21528997.633018,570807180.512546,1588606342.317213,events/second
1778572760,28240000000,58115575.394854,20927012.220016,561603967.316989,1579882783.848322,events/second
1778572761,28250000000,58016592.677385,20927012.220016,561603967.316989,1579882783.848322,events/second
1778572762,28250000000,57897527.155551,20927012.220016,561603967.316989,1579882783.848322,events/second
1778572763,28280000000,57840217.702542,20927012.220016,561603967.316989,1579882783.848322,events/second
1778572764,28300000000,57762796.153481,20927012.220016,561603967.316989,1579882783.848322,events/second
1778572765,28310000000,57665245.100680,20373158.903094,552552869.855725,1571207555.219286,events/second
1778572766,28320000000,57568152.031719,20373158.903094,552552869.855725,1571207555.219286,events/second
1778572767,28330000000,57471491.148556,20373158.903094,552552869.855725,1571207555.219286,events/second
1778572768,28340000000,57375238.710784,20373158.903094,552552869.855725,1571207555.219286,events/second
1778572769,28350000000,57279329.159530,20373158.903094,552552869.855725,1571207555.219286,events/second
1778572770,28370000000,57203938.450383,19703678.081596,543618316.784457,1562569308.371458,events/second
1778572771,28380000000,57108749.462503,19703678.081596,543618316.784457,1562569308.371458,events/second
1778572772,28390000000,57013983.619860,19703678.081596,543618316.784457,1562569308.371458,events/second
1778572773,28400000000,56919527.943679,19703678.081596,543618316.784457,1562569308.371458,events/second
1778572774,28420000000,56845477.528234,19703678.081596,543618316.784457,1562569308.371458,events/second
1778572775,28470000000,56831587.580917,19727370.674040,534963667.255638,1554023239.940099,events/second
1778572776,28580000000,56937240.930326,19727370.674040,534963667.255638,1554023239.940099,events/second
1778572777,28590000000,56843739.241607,19727370.674040,534963667.255638,1554023239.940099,events/second
1778572778,28610000000,56770391.471917,19727370.674040,534963667.255638,1554023239.940099,events/second
1778572779,28620000000,56677582.187810,19727370.674040,534963667.255638,1554023239.940099,events/second
1778572780,28680000000,56683974.230650,21508191.789541,526815694.517139,1545646401.370702,events/second
1778572781,28720000000,56650902.478414,21508191.789541,526815694.517139,1545646401.370702,events/second
1778572782,28740000000,56578547.027353,21508191.789541,526815694.517139,1545646401.370702,events/second
1778572783,28750000000,56486836.142969,21508191.789541,526815694.517139,1545646401.370702,events/second
1778572784,28770000000,56415124.286157,21508191.789541,526815694.517139,1545646401.370702,events/second
1778572785,28780000000,56324125.366436,21387603.432157,518438767.906383,1537194088.416326,events/second
1778572786,28800000000,56252957.076992,21387603.432157,518438767.906383,1537194088.416326,events/second
1778572787,28810000000,56162618.764382,21387603.432157,518438767.906383,1537194088.416326,events/second
1778572788,28830000000,56092028.767955,21387603.432157,518438767.906383,1537194088.416326,events/second
1778572789,28840000000,56002362.890299,21387603.432157,518438767.906383,1537194088.416326,events/second
1778572790,28860000000,55932419.564848,20956834.445994,510134185.529233,1528766441.952447,events/second
1778572791,28890000000,55882085.440405,20956834.445994,510134185.529233,1528766441.952447,events/second
1778572792,28910000000,55812597.771050,20956834.445994,510134185.529233,1528766441.952447,events/second
1778572793,28920000000,55724161.337769,20956834.445994,510134185.529233,1528766441.952447,events/second
1778572794,28930000000,55635989.362663,20956834.445994,510134185.529233,1528766441.952447,events/second
1778572795,28940000000,55548242.532282,20560507.846279,501966865.825396,1520385485.930939,events/second
1778572796,28970000000,55499119.381235,20560507.846279,501966865.825396,1520385485.930939,events/second
1778572797,28980000000,55411902.362193,20560507.846279,501966865.825396,1520385485.930939,events/second
1778572798,28990000000,55325073.219650,20560507.846279,501966865.825396,1520385485.930939,events/second
1778572799,29000000000,55238578.262847,20560507.846279,501966865.825396,1520385485.930939,events/second
1778572800,29020000000,55171373.530175,20195869.771842,493934540.042437,1512050961.679654,events/second
1778572801,29030000000,55085418.089547,20195869.771842,493934540.042437,1512050961.679654,events/second
1778572802,29050000000,55018786.503817,20195869.771842,493934540.042437,1512050961.679654,events/second
1778572803,29060000000,54933466.110761,20195869.771842,493934540.042437,1512050961.679654,events/second
1778572804,29070000000,54848517.142425,19380653.035871,485935805.650031,1503729371.047558,events/second
1778572805,29080000000,54763840.387521,19380653.035871,485935805.650031,1503729371.047558,events/second
1778572806,29090000000,54679557.016542,19380653.035871,485935805.650031,1503729371.047558,events/second
1778572807,29100000000,54595566.711538,19380653.035871,485935805.650031,1503729371.047558,events/second
1778572808,29120000000,54530638.049045,19380653.035871,485935805.650031,1503729371.047558,events/second
1778572809,29140000000,54465940.811453,18950439.772712,478135392.893112,1495476043.900385,events/second
1778572810,29150000000,54382787.828062,18950439.772712,478135392.893112,1495476043.900385,events/second
1778572811,29160000000,54299957.239915,18950439.772712,478135392.893112,1495476043.900385,events/second
1778572812,29170000000,54217408.830945,18950439.772712,478135392.893112,1495476043.900385,events/second
1778572813,29180000000,54135223.067554,18950439.772712,478135392.893112,1495476043.900385,events/second
1778572814,29200000000,54071864.098110,18394713.292101,470430852.526300,1487257361.136082,events/second
1778572815,29210000000,53990256.889448,18394713.292101,470430852.526300,1487257361.136082,events/second
1778572816,29220000000,53908935.176240,18394713.292101,470430852.526300,1487257361.136082,events/second
1778572817,29250000000,53864714.760350,18394713.292101,470430852.526300,1487257361.136082,events/second
1778572818,29260000000,53783872.307998,18394713.292101,470430852.526300,1487257361.136082,events/second
1778572819,29270000000,53703357.161646,18043331.418295,462886714.103081,1479095291.427483,events/second
1778572820,29280000000,53623129.063587,18043331.418295,462886714.103081,1479095291.427483,events/second
1778572821,29280000000,53524949.722336,18043331.418295,462886714.103081,1479095291.427483,events/second
1778572822,29320000000,53499688.967443,18043331.418295,462886714.103081,1479095291.427483,events/second
1778572823,29340000000,53438480.095467,18043331.418295,462886714.103081,1479095291.427483,events/second
1778572824,29350000000,53359296.834223,17879955.658639,455500326.412522,1470989521.129655,events/second
1778572825,29360000000,53280394.856144,17879955.658639,455500326.412522,1470989521.129655,events/second
1778572826,29370000000,53201858.457546,17879955.658639,455500326.412522,1470989521.129655,events/second
1778572827,29380000000,53123524.417161,17879955.658639,455500326.412522,1470989521.129655,events/second
1778572828,29400000000,53063615.549411,17879955.658639,455500326.412522,1470989521.129655,events/second
1778572829,29400000000,52967767.247077,17249909.191257,448136853.694928,1462895417.119344,events/second
1778572830,29410000000,52890350.888343,17249909.191257,448136853.694928,1462895417.119344,events/second
1778572831,29430000000,52831094.791425,17249909.191257,448136853.694928,1462895417.119344,events/second
1778572832,29430000000,52736281.628063,17249909.191257,448136853.694928,1462895417.119344,events/second
1778572833,29440000000,52659702.114244,17249909.191257,448136853.694928,1462895417.119344,events/second
1778572834,29450000000,52583342.977919,16670238.457986,440895088.476181,1454846155.675514,events/second
1778572835,29470000000,52525099.517140,16670238.457986,440895088.476181,1454846155.675514,events/second
1778572836,29480000000,52449297.114235,16670238.457986,440895088.476181,1454846155.675514,events/second
1778572837,29490000000,52373771.079086,16670238.457986,440895088.476181,1454846155.675514,events/second
1778572838,29500000000,52298518.582927,16670238.457986,440895088.476181,1454846155.675514,events/second
1778572839,29510000000,52223483.482160,16296826.808257,433806076.200621,1446852568.667521,events/second
1778572840,29520000000,52148768.863863,16296826.808257,433806076.200621,1446852568.667521,events/second
1778572841,29520000000,52056663.890321,16296826.808257,433806076.200621,1446852568.667521,events/second
1778572842,29540000000,52000042.387562,16296826.808257,433806076.200621,1446852568.667521,events/second
1778572843,29550000000,51926078.355505,16296826.808257,433806076.200621,1446852568.667521,events/second
1778572844,29570000000,51869868.759518,15953271.505566,426834234.991816,1438903267.346538,events/second
1778572845,29580000000,51796405.966716,15953271.505566,426834234.991816,1438903267.346538,events/second
1778572846,29600000000,51740640.028018,15953271.505566,426834234.991816,1438903267.346538,events/second
1778572847,29670000000,51772361.564189,15953271.505566,426834234.991816,1438903267.346538,events/second
1778572848,29680000000,51699456.311706,15953271.505566,426834234.991816,1438903267.346538,events/second
1778572849,29690000000,51626776.156759,16596652.392658,420175970.736521,1431064488.187070,events/second
1778572850,29710000000,51571731.643454,16596652.392658,420175970.736521,1431064488.187070,events/second
1778572851,29720000000,51499499.435048,16596652.392658,420175970.736521,1431064488.187070,events/second
1778572852,29720000000,51410269.628202,16596652.392658,420175970.736521,1431064488.187070,events/second
1778572853,29740000000,51355891.816303,16596652.392658,420175970.736521,1431064488.187070,events/second
1778572854,29750000000,51284399.130155,16229124.359857,413429415.355296,1423202655.231660,events/second
1778572855,29760000000,51213163.931837,16229124.359857,413429415.355296,1423202655.231660,events/second
1778572856,29780000000,51159393.763948,16229124.359857,413429415.355296,1423202655.231660,events/second
1778572857,29790000000,51088671.487543,16229124.359857,413429415.355296,1423202655.231660,events/second
1778572858,29800000000,51018166.848843,16229124.359857,413429415.355296,1423202655.231660,events/second
1778572859,29810000000,50947902.035395,15890982.246060,406794370.726235,1415384378.025784,events/second
1778572860,29820000000,50877867.555592,15890982.246060,406794370.726235,1415384378.025784,events/second
1778572861,29830000000,50808094.734989,15890982.246060,406794370.726235,1415384378.025784,events/second
1778572862,29850000000,50755520.820402,15890982.246060,406794370.726235,1415384378.025784,events/second
1778572863,29860000000,50686217.820003,15890982.246060,406794370.726235,1415384378.025784,events/second
1778572864,29870000000,50617083.422761,15579876.482909,400268993.738721,1407609415.263967,events/second
1778572865,29880000000,50548236.595238,15579876.482909,400268993.738721,1407609415.263967,events/second
1778572866,29890000000,50479625.637716,15579876.482909,400268993.738721,1407609415.263967,events/second
1778572867,29900000000,50411197.514193,15579876.482909,400268993.738721,1407609415.263967,events/second
1778572868,29920000000,50359868.665280,15579876.482909,400268993.738721,1407609415.263967,events/second
1778572869,29960000000,50342300.593028,15773378.875387,393950643.023146,1399910767.889578,events/second
1778572870,30070000000,50442214.362527,15773378.875387,393950643.023146,1399910767.889578,events/second
1778572871,30080000000,50374299.732815,15773378.875387,393950643.023146,1399910767.889578,events/second
1778572872,30110000000,50340039.367608,15773378.875387,393950643.023146,1399910767.889578,events/second
1778572873,30170000000,50355971.562559,15773378.875387,393950643.023146,1399910767.889578,events/second
1778572874,30190000000,50305247.359167,18190166.061183,388199524.752141,1392409896.447663,events/second
1778572875,30200000000,50238020.972046,18190166.061183,388199524.752141,1392409896.447663,events/second
1778572876,30220000000,50187676.622339,18190166.061183,388199524.752141,1392409896.447663,events/second
1778572877,30230000000,50120913.580118,18190166.061183,388199524.752141,1392409896.447663,events/second
1778572878,30240000000,50054355.571617,18190166.061183,388199524.752141,1392409896.447663,events/second
1778572879,30250000000,49988022.070269,17695227.710220,381981493.534989,1384762215.805798,events/second
1778572880,30320000000,50020896.537127,17695227.710220,381981493.534989,1384762215.805798,events/second
1778572881,30390000000,50053639.608101,17695227.710220,381981493.534989,1384762215.805798,events/second
1778572882,30400000000,49987648.639294,17695227.710220,381981493.534989,1384762215.805798,events/second
1778572883,30410000000,49921866.949586,17695227.710220,381981493.534989,1384762215.805798,events/second
1778572884,30440000000,49889075.633258,19318707.664467,376295979.534587,1377300948.428972,events/second
1778572885,30440000000,49807303.148894,19318707.664467,376295979.534587,1377300948.428972,events/second
1778572886,30460000000,49758487.770661,19318707.664467,376295979.534587,1377300948.428972,events/second
1778572887,30490000000,49726110.134894,19318707.664467,376295979.534587,1377300948.428972,events/second
1778572888,30490000000,49645033.454901,19318707.664467,376295979.534587,1377300948.428972,events/second
1778572889,30500000000,49580438.649274,18733536.108998,370274696.614251,1369736973.655617,events/second
1778572890,30520000000,49532278.924765,18733536.108998,370274696.614251,1369736973.655617,events/second
1778572891,30520000000,49451888.725933,18733536.108998,370274696.614251,1369736973.655617,events/second
1778572892,30550000000,49420291.138951,18733536.108998,370274696.614251,1369736973.655617,events/second
1778572893,30590000000,49404908.680207,18733536.108998,370274696.614251,1369736973.655617,events/second
1778572894,30600000000,49341176.011504,18834796.970754,364485165.116143,1362259225.668154,events/second
1778572895,30610000000,49277715.149274,18834796.970754,364485165.116143,1362259225.668154,events/second
1778572896,30620000000,49214433.917824,18834796.970754,364485165.116143,1362259225.668154,events/second
1778572897,30640000000,49167417.604459,18834796.970754,364485165.116143,1362259225.668154,events/second
1778572898,30640000000,49088473.357296,18834796.970754,364485165.116143,1362259225.668154,events/second
1778572899,30650000000,49025762.737459,18128405.607326,358626040.694969,1354767504.021172,events/second
1778572900,30670000000,48979229.530175,18128405.607326,358626040.694969,1354767504.021172,events/second
1778572901,30680000000,48916938.689968,18128405.607326,358626040.694969,1354767504.021172,events/second
1778572902,30730000000,48918484.603452,18128405.607326,358626040.694969,1354767504.021172,events/second
1778572903,30730000000,48840568.867879,18128405.607326,358626040.694969,1354767504.021172,events/second
1778572904,30740000000,48778747.716695,18118138.861828,352995987.451783,1347361608.866780,events/second
1778572905,30750000000,48717128.465331,18118138.861828,352995987.451783,1347361608.866780,events/second
1778572906,30770000000,48671576.116878,18118138.861828,352995987.451783,1347361608.866780,events/second
1778572907,30780000000,48610354.934494,18118138.861828,352995987.451783,1347361608.866780,events/second
1778572908,30800000000,48565109.731524,18118138.861828,352995987.451783,1347361608.866780,events/second
1778572909,30810000000,48504236.475113,17788870.658492,347392876.618900,1339974582.889222,events/second
1778572910,30820000000,48443590.991586,17788870.658492,347392876.618900,1339974582.889222,events/second
1778572911,30830000000,48383137.299782,17788870.658492,347392876.618900,1339974582.889222,events/second
1778572912,30840000000,48322878.516265,17788870.658492,347392876.618900,1339974582.889222,events/second
1778572913,30900000000,48341000.921326,17788870.658492,347392876.618900,1339974582.889222,events/second
1778572914,30920000000,48296606.000580,18125573.970064,342014605.431588,1332672803.374333,events/second
1778572915,30930000000,48236761.804954,18125573.970064,342014605.431588,1332672803.374333,events/second
1778572916,30940000000,48177076.116536,18125573.970064,342014605.431588,1332672803.374333,events/second
1778572917,30950000000,48117598.044680,18125573.970064,342014605.431588,1332672803.374333,events/second
1778572918,30990000000,48104545.576304,18125573.970064,342014605.431588,1332672803.374333,events/second
1778572919,31000000000,48045375.052957,17955622.459039,336626057.970884,1325378235.915821,events/second
1778572920,31210000000,48295866.988651,17955622.459039,336626057.970884,1325378235.915821,events/second
1778572921,31230000000,48251993.079258,17955622.459039,336626057.970884,1325378235.915821,events/second
1778572922,31240000000,48192874.136483,17955622.459039,336626057.970884,1325378235.915821,events/second
1778572923,31290000000,48195493.301760,17955622.459039,336626057.970884,1325378235.915821,events/second
1778572924,31300000000,48136581.814815,21317305.276872,332053831.397569,1318367848.157551,events/second
1778572925,31310000000,48077892.987184,21317305.276872,332053831.397569,1318367848.157551,events/second
1778572926,31320000000,48019364.301285,21317305.276872,332053831.397569,1318367848.157551,events/second
1778572927,31330000000,47961057.519138,21317305.276872,332053831.397569,1318367848.157551,events/second
1778572928,31330000000,47887640.489562,21317305.276872,332053831.397569,1318367848.157551,events/second
1778572929,31350000000,47844913.834280,20412423.508641,326730749.773389,1311119291.413252,events/second
1778572930,31360000000,47787086.641794,20412423.508641,326730749.773389,1311119291.413252,events/second
1778572931,31370000000,47729481.002603,20412423.508641,326730749.773389,1311119291.413252,events/second
1778572932,31380000000,47672020.388090,20412423.508641,326730749.773389,1311119291.413252,events/second
1778572933,31400000000,47629898.551226,20412423.508641,326730749.773389,1311119291.413252,events/second
1778572934,31410000000,47572761.762552,19739803.262622,321528708.042003,1303921973.079052,events/second
1778572935,31430000000,47530931.754068,19739803.262622,321528708.042003,1303921973.079052,events/second
1778572936,31490000000,47549598.529057,19739803.262622,321528708.042003,1303921973.079052,events/second
1778572937,31510000000,47507898.989637,19739803.262622,321528708.042003,1303921973.079052,events/second
1778572938,31520000000,47451266.784617,19739803.262622,321528708.042003,1303921973.079052,events/second
1778572939,31530000000,47394847.801276,20080429.786553,316610991.051736,1296831010.806322,events/second
1778572940,31530000000,47323558.946832,20080429.786553,316610991.051736,1296831010.806322,events/second
1778572941,31540000000,47267514.071079,20080429.786553,316610991.051736,1296831010.806322,events/second
1778572942,31590000000,47271489.400532,20080429.786553,316610991.051736,1296831010.806322,events/second
1778572943,31600000000,47215659.637386,20080429.786553,316610991.051736,1296831010.806322,events/second
1778572944,31620000000,47174939.299515,19914087.805147,311675385.496765,1289746092.630403,events/second
1778572945,31630000000,47119419.686884,19914087.805147,311675385.496765,1289746092.630403,events/second
1778572946,31640000000,47064104.378401,19914087.805147,311675385.496765,1289746092.630403,events/second
1778572947,31650000000,47008959.001904,19914087.805147,311675385.496765,1289746092.630403,events/second
1778572948,31670000000,46968781.130577,19914087.805147,311675385.496765,1289746092.630403,events/second
1778572949,31690000000,46928689.726413,19441223.452753,306755244.141414,1282678265.370072,events/second
1778572950,31690000000,46859199.489951,19441223.452753,306755244.141414,1282678265.370072,events/second
1778572951,31700000000,46804674.994648,19441223.452753,306755244.141414,1282678265.370072,events/second
1778572952,31710000000,46750319.724925,19441223.452753,306755244.141414,1282678265.370072,events/second
1778572953,31710000000,46681355.176560,19441223.452753,306755244.141414,1282678265.370072,events/second
1778572954,31740000000,46656724.830912,18686344.904973,301850311.384945,1275627434.339057,events/second
1778572955,31750000000,46602769.760203,18686344.904973,301850311.384945,1275627434.339057,events/second
1778572956,31770000000,46563665.113388,18686344.904973,301850311.384945,1275627434.339057,events/second
1778572957,31790000000,46524654.362503,18686344.904973,301850311.384945,1275627434.339057,events/second
1778572958,31870000000,46573460.797052,18686344.904973,301850311.384945,1275627434.339057,events/second
1778572959,31910000000,46563748.408935,19910757.162260,297423135.144325,1268748629.631528,events/second
1778572960,31920000000,46510330.238605,19910757.162260,297423135.144325,1268748629.631528,events/second
1778572961,31940000000,46471655.099098,19910757.162260,297423135.144325,1268748629.631528,events/second
1778572962,31960000000,46433062.749492,19910757.162260,297423135.144325,1268748629.631528,events/second
1778572963,31970000000,46380098.316021,19910757.162260,297423135.144325,1268748629.631528,events/second
1778572964,31980000000,46327251.427730,19438159.113368,292738562.767070,1261797131.507722,events/second
1778572965,31980000000,46260127.874973,19438159.113368,292738562.767070,1261797131.507722,events/second
1778572966,31990000000,46207609.159034,19438159.113368,292738562.767070,1261797131.507722,events/second
1778572967,32000000000,46155276.967299,19438159.113368,292738562.767070,1261797131.507722,events/second
1778572968,32010000000,46103056.095481,19438159.113368,292738562.767070,1261797131.507722,events/second
1778572969,32030000000,46065409.869435,18683525.576637,288065305.375965,1254861985.132135,events/second
1778572970,32040000000,46013523.480138,18683525.576637,288065305.375965,1254861985.132135,events/second
1778572971,32090000000,46019093.410539,18683525.576637,288065305.375965,1254861985.132135,events/second
1778572972,32140000000,46024689.198800,18683525.576637,288065305.375965,1254861985.132135,events/second
1778572973,32150000000,45973029.759832,18683525.576637,288065305.375965,1254861985.132135,events/second
1778572974,32160000000,45921553.220348,19268518.572006,283733746.874306,1248053902.953499,events/second
1778572975,32170000000,45870202.222195,19268518.572006,283733746.874306,1248053902.953499,events/second
1778572976,32180000000,45819029.778922,19268518.572006,283733746.874306,1248053902.953499,events/second
1778572977,32190000000,45768004.576542,19268518.572006,283733746.874306,1248053902.953499,events/second
1778572978,32200000000,45717112.312652,19268518.572006,283733746.874306,1248053902.953499,events/second
1778572979,32230000000,45694703.685998,18847271.085545,279275440.183226,1241217056.760986,events/second
1778572980,32260000000,45672383.011443,18847271.085545,279275440.183226,1241217056.760986,events/second
1778572981,32460000000,45890462.179433,18847271.085545,279275440.183226,1241217056.760986,events/second
1778572982,32510000000,45896139.324243,18847271.085545,279275440.183226,1241217056.760986,events/second
1778572983,32560000000,45901816.770555,18847271.085545,279275440.183226,1241217056.760986,events/second
1778572984,32570000000,45851168.771751,22777306.298467,275783364.313800,1234717255.943283,events/second
1778572985,32590000000,45814719.039039,22777306.298467,275783364.313800,1234717255.943283,events/second
1778572986,32600000000,45764332.421275,22777306.298467,275783364.313800,1234717255.943283,events/second
1778572987,32630000000,45742095.582306,22777306.298467,275783364.313800,1234717255.943283,events/second
1778572988,32650000000,45705956.959636,22777306.298467,275783364.313800,1234717255.943283,events/second
1778572989,32660000000,45655952.847597,22395333.976878,271522580.072720,1227976457.410292,events/second
1778572990,32670000000,45606084.967247,22395333.976878,271522580.072720,1227976457.410292,events/second
1778572991,32680000000,45556346.408034,22395333.976878,271522580.072720,1227976457.410292,events/second
1778572992,32690000000,45506718.308370,22395333.976878,271522580.072720,1227976457.410292,events/second
1778572993,32700000000,45457263.193104,22395333.976878,271522580.072720,1227976457.410292,events/second
1778572994,32720000000,45421824.481269,21564168.963633,267233049.123655,1221239763.013772,events/second
1778572995,32720000000,45358743.907119,21564168.963633,267233049.123655,1221239763.013772,events/second
1778572996,32740000000,45323528.694909,21564168.963633,267233049.123655,1221239763.013772,events/second
1778572997,32750000000,45274603.702680,21564168.963633,267233049.123655,1221239763.013772,events/second
1778572998,32760000000,45225782.592245,21564168.963633,267233049.123655,1221239763.013772,events/second
1778572999,32760000000,45163320.162666,20479637.894079,262948303.700252,1214518230.320172,events/second
1778573000,32770000000,45114788.548301,20479637.894079,262948303.700252,1214518230.320172,events/second
1778573001,32790000000,45080169.288939,20479637.894079,262948303.700252,1214518230.320172,events/second
1778573002,32800000000,45031912.760921,20479637.894079,262948303.700252,1214518230.320172,events/second
1778573003,32840000000,45024888.550074,20479637.894079,262948303.700252,1214518230.320172,events/second
1778573004,32850000000,44976828.138567,20281376.994750,258899664.351226,1207889337.459287,events/second
1778573005,32890000000,44969928.879458,20281376.994750,258899664.351226,1207889337.459287,events/second
1778573006,32930000000,44963056.449053,20281376.994750,258899664.351226,1207889337.459287,events/second
1778573007,32940000000,44915306.340842,20281376.994750,258899664.351226,1207889337.459287,events/second
1778573008,32950000000,44867628.051472,20281376.994750,258899664.351226,1207889337.459287,events/second
1778573009,32970000000,44833715.880395,20578701.673908,255017114.401710,1201330410.584380,events/second
1778573010,32980000000,44786320.820383,20578701.673908,255017114.401710,1201330410.584380,events/second
1778573011,33000000000,44752591.620503,20578701.673908,255017114.401710,1201330410.584380,events/second
1778573012,33050000000,44759596.270627,20578701.673908,255017114.401710,1201330410.584380,events/second
1778573013,33110000000,44780073.841646,20578701.673908,255017114.401710,1201330410.584380,events/second
1778573014,33130000000,44746495.182347,21491898.267264,251330965.727752,1194852142.377246,events/second
1778573015,33150000000,44712998.299669,21491898.267264,251330965.727752,1194852142.377246,events/second
1778573016,33160000000,44666149.885891,21491898.267264,251330965.727752,1194852142.377246,events/second
1778573017,33170000000,44619425.108128,21491898.267264,251330965.727752,1194852142.377246,events/second
1778573018,33180000000,44572796.490845,21491898.267264,251330965.727752,1194852142.377246,events/second
1778573019,33190000000,44526313.542851,20732967.985026,247375172.808804,1188298961.720743,events/second
1778573020,33210000000,44493364.482862,20732967.985026,247375172.808804,1188298961.720743,events/second
1778573021,33220000000,44447083.464113,20732967.985026,247375172.808804,1188298961.720743,events/second
1778573022,33220000000,44387562.780474,20732967.985026,247375172.808804,1188298961.720743,events/second
1778573023,33230000000,44341584.513008,20732967.985026,247375172.808804,1188298961.720743,events/second
1778573024,33250000000,44309052.143319,20034718.417760,243484763.395789,1181782086.681127,events/second
1778573025,33250000000,44249959.801251,20034718.417760,243484763.395789,1181782086.681127,events/second
1778573026,33260000000,44204306.294865,20034718.417760,243484763.395789,1181782086.681127,events/second
1778573027,33270000000,44158815.758444,20034718.417760,243484763.395789,1181782086.681127,events/second
1778573028,33280000000,44113451.614470,20034718.417760,243484763.395789,1181782086.681127,events/second
1778573029,33290000000,44068169.323929,19072475.461896,239592542.609696,1175279155.511784,events/second
1778573030,33300000000,44023030.852027,19072475.461896,239592542.609696,1175279155.511784,events/second
1778573031,33330000000,44004427.907537,19072475.461896,239592542.609696,1175279155.511784,events/second
1778573032,33350000000,43972675.685189,19072475.461896,239592542.609696,1175279155.511784,events/second
1778573033,33380000000,43954179.348210,19072475.461896,239592542.609696,1175279155.511784,events/second
1778573034,33400000000,43922586.828113,19306547.400028,235996054.221100,1168889813.697465,events/second
1778573035,33400000000,43864793.053520,19306547.400028,235996054.221100,1168889813.697465,events/second
1778573036,33410000000,43820270.751785,19306547.400028,235996054.221100,1168889813.697465,events/second
1778573037,33420000000,43775844.697733,19306547.400028,235996054.221100,1168889813.697465,events/second
1778573038,33450000000,43757748.325490,19306547.400028,235996054.221100,1168889813.697465,events/second
1778573039,33470000000,43726623.560534,18882259.296361,232326782.187488,1162491548.591984,events/second
1778573040,33480000000,43682495.603099,18882259.296361,232326782.187488,1162491548.591984,events/second
1778573041,33490000000,43638509.618449,18882259.296361,232326782.187488,1162491548.591984,events/second
1778573042,33490000000,43581638.775742,18882259.296361,232326782.187488,1162491548.591984,events/second
1778573043,33500000000,43537895.142970,18882259.296361,232326782.187488,1162491548.591984,events/second
1778573044,33510000000,43494258.648293,18012161.884165,228618986.609054,1156095489.935723,events/second
1778573045,33530000000,43463679.641867,18012161.884165,228618986.609054,1156095489.935723,events/second
1778573046,33540000000,43420266.093026,18012161.884165,228618986.609054,1156095489.935723,events/second
1778573047,33570000000,43402804.872994,18012161.884165,228618986.609054,1156095489.935723,events/second
1778573048,33580000000,43359573.806462,18012161.884165,228618986.609054,1156095489.935723,events/second
1778573049,33590000000,43316469.960619,17851278.302856,225104703.870485,1149779187.632547,events/second
1778573050,33610000000,43286323.919054,17851278.302856,225104703.870485,1149779187.632547,events/second
1778573051,33610000000,43230549.663909,17851278.302856,225104703.870485,1149779187.632547,events/second
1778573052,33630000000,43200594.128878,17851278.302856,225104703.870485,1149779187.632547,events/second
1778573053,33640000000,43157888.678682,17851278.302856,225104703.870485,1149779187.632547,events/second
1778573054,33650000000,43115301.920621,17383435.920984,221582392.931732,1143475717.996198,events/second
1778573055,33660000000,43072841.956903,17383435.920984,221582392.931732,1143475717.996198,events/second
1778573056,33670000000,43030476.978671,17383435.920984,221582392.931732,1143475717.996198,events/second
1778573057,33680000000,42988215.447240,17383435.920984,221582392.931732,1143475717.996198,events/second
1778573058,33690000000,42946048.987506,17383435.920984,221582392.931732,1143475717.996198,events/second
1778573059,33710000000,42916750.664820,16953000.150617,218118300.671983,1137207170.539730,events/second
1778573060,33720000000,42874783.574263,16953000.150617,218118300.671983,1137207170.539730,events/second
1778573061,33720000000,42820249.888777,16953000.150617,218118300.671983,1137207170.539730,events/second
1778573062,33730000000,42778540.986139,16953000.150617,218118300.671983,1137207170.539730,events/second
1778573063,33750000000,42749575.385180,16953000.150617,218118300.671983,1137207170.539730,events/second
1778573064,33750000000,42695399.842474,16237157.782750,214645350.636403,1130951191.180979,events/second
1778573065,33820000000,42729783.566890,16237157.782750,214645350.636403,1130951191.180979,events/second
1778573066,33830000000,42688404.274935,16237157.782750,214645350.636403,1130951191.180979,events/second
1778573067,33830000000,42634528.566486,16237157.782750,214645350.636403,1130951191.180979,events/second
1778573068,33860000000,42618542.735101,16237157.782750,214645350.636403,1130951191.180979,events/second
1778573069,33870000000,42577426.009537,16857840.376371,211494260.154716,1124818513.330676,events/second
1778573070,33880000000,42536438.518714,16857840.376371,211494260.154716,1124818513.330676,events/second
1778573071,33880000000,42483022.390131,16857840.376371,211494260.154716,1124818513.330676,events/second
1778573072,33910000000,42467283.014720,16857840.376371,211494260.154716,1124818513.330676,events/second
1778573073,33920000000,42426588.976711,16857840.376371,211494260.154716,1124818513.330676,events/second
1778573074,33940000000,42398456.966298,16629340.076182,208229967.155783,1118664409.927850,events/second
1778573075,33960000000,42370420.574976,16629340.076182,208229967.155783,1118664409.927850,events/second
1778573076,33970000000,42330004.753004,16629340.076182,208229967.155783,1118664409.927850,events/second
1778573077,33970000000,42277232.322877,16629340.076182,208229967.155783,1118664409.927850,events/second
1778573078,33980000000,42249454.447626,16629340.076182,208229967.155783,1118664409.927850,events/second
1778573079,33990000000,42196924.982068,16099287.309770,204953513.989709,1112522240.585288,events/second
1778573080,34000000000,42156922.242266,16099287.309770,204953513.989709,1112522240.585288,events/second
1778573081,34040000000,42154147.448971,16099287.309770,204953513.989709,1112522240.585288,events/second
1778573082,34060000000,42126665.352066,16099287.309770,204953513.989709,1112522240.585288,events/second
1778573083,34070000000,42086895.090731,16099287.309770,204953513.989709,1112522240.585288,events/second
1778573084,34430000000,42479012.597419,21848150.881486,203020442.433006,1106846231.650082,events/second
1778573085,34450000000,42451230.126177,21848150.881486,203020442.433006,1106846231.650082,events/second
1778573086,34460000000,42411200.170507,21848150.881486,203020442.433006,1106846231.650082,events/second
1778573087,34480000000,42383571.381133,21848150.881486,203020442.433006,1106846231.650082,events/second
1778573088,34480000000,42331446.566238,21848150.881486,203020442.433006,1106846231.650082,events/second
1778573089,34490000000,42291687.046281,21060736.212938,199863152.229237,1100780617.115474,events/second
1778573090,34500000000,42252026.063373,21060736.212938,199863152.229237,1100780617.115474,events/second
1778573091,34510000000,42212489.570405,21060736.212938,199863152.229237,1100780617.115474,events/second
1778573092,34520000000,42173061.668894,21060736.212938,199863152.229237,1100780617.115474,events/second
1778573093,34530000000,42133733.356444,21060736.212938,199863152.229237,1100780617.115474,events/second
1778573094,34540000000,42094467.429510,20176368.574402,196724990.350043,1094737526.703342,events/second
1778573095,34550000000,42055312.723264,20176368.574402,196724990.350043,1094737526.703342,events/second
1778573096,34570000000,42028379.814597,20176368.574402,196724990.350043,1094737526.703342,events/second
1778573097,34570000000,41977245.218174,20176368.574402,196724990.350043,1094737526.703342,events/second
1778573098,34580000000,41938369.413113,20176368.574402,196724990.350043,1094737526.703342,events/second
1778573099,34590000000,41899606.855212,19362711.068088,193638697.724384,1088727915.930613,events/second
1778573100,34600000000,41860942.000925,19362711.068088,193638697.724384,1088727915.930613,events/second
1778573101,34600000000,41810265.159502,19362711.068088,193638697.724384,1088727915.930613,events/second
1778573102,34610000000,41771784.965548,19362711.068088,193638697.724384,1088727915.930613,events/second
1778573103,34630000000,41745461.113062,19362711.068088,193638697.724384,1088727915.930613,events/second
1778573104,34640000000,41707133.653430,18614110.023982,190603417.028909,1082751599.314996,events/second
1778573105,34650000000,41668919.319161,18614110.023982,190603417.028909,1082751599.314996,events/second
1778573106,34660000000,41630814.392533,18614110.023982,190603417.028909,1082751599.314996,events/second
1778573107,34670000000,41592798.262194,18614110.023982,190603417.028909,1082751599.314996,events/second
1778573108,34680000000,41554870.799330,18614110.023982,190603417.028909,1082751599.314996,events/second
1778573109,34710000000,41540936.628504,18245186.156050,187684419.295286,1076830553.009781,events/second
1778573110,34720000000,41503155.814374,18245186.156050,187684419.295286,1076830553.009781,events/second
1778573111,34730000000,41465469.229655,18245186.156050,187684419.295286,1076830553.009781,events/second
1778573112,34740000000,41427873.304804,18245186.156050,187684419.295286,1076830553.009781,events/second
1778573113,34750000000,41390343.677911,18245186.156050,187684419.295286,1076830553.009781,events/second
1778573114,34760000000,41352914.083491,17585937.470453,184747554.165785,1070920149.593087,events/second
1778573115,34770000000,41315562.640791,17585937.470453,184747554.165785,1070920149.593087,events/second
1778573116,34780000000,41278313.685020,17585937.470453,184747554.165785,1070920149.593087,events/second
1778573117,34820000000,41276692.845458,17585937.470453,184747554.165785,1070920149.593087,events/second
1778573118,34830000000,41239577.393225,17585937.470453,184747554.165785,1070920149.593087,events/second
1778573119,34840000000,41202526.859896,17459132.911642,181958402.424267,1065075731.621644,events/second
1778573120,34850000000,41165593.754908,17459132.911642,181958402.424267,1065075731.621644,events/second
1778573121,34860000000,41128752.200086,17459132.911642,181958402.424267,1065075731.621644,events/second
1778573122,34870000000,41091999.235739,17459132.911642,181958402.424267,1065075731.621644,events/second
1778573123,34880000000,41055335.455656,17459132.911642,181958402.424267,1065075731.621644,events/second
1778573124,34900000000,41030480.789215,17022644.744075,179149237.121393,1059241532.006106,events/second
1778573125,34900000000,40982223.121285,17022644.744075,179149237.121393,1059241532.006106,events/second
1778573126,34910000000,40945793.202534,17022644.744075,179149237.121393,1059241532.006106,events/second
1778573127,34930000000,40921173.670892,17022644.744075,179149237.121393,1059241532.006106,events/second
1778573128,34930000000,40873188.006559,17022644.744075,179149237.121393,1059241532.006106,events/second
1778573129,34940000000,40837026.974532,16301233.901971,176320389.052237,1053417494.135227,events/second
1778573130,34950000000,40800955.217125,16301233.901971,176320389.052237,1053417494.135227,events/second
1778573131,34950000000,40753313.133986,16301233.901971,176320389.052237,1053417494.135227,events/second
1778573132,34960000000,40717394.703351,16301233.901971,176320389.052237,1053417494.135227,events/second
1778573133,34980000000,40693228.623628,16301233.901971,176320389.052237,1053417494.135227,events/second
1778573134,34980000000,40645867.242264,15637503.886040,173538297.729024,1047625722.319378,events/second
1778573135,34990000000,40610197.073871,15637503.886040,173538297.729024,1047625722.319378,events/second
1778573136,35000000000,40574628.446364,15637503.886040,173538297.729024,1047625722.319378,events/second
1778573137,35030000000,40562316.667039,15637503.886040,173538297.729024,1047625722.319378,events/second
1778573138,35050000000,40538444.035257,15637503.886040,173538297.729024,1047625722.319378,events/second
1778573139,35060000000,40503089.210637,15666487.475026,170934418.700146,1041910359.015670,events/second
1778573140,35060000000,40456287.264840,15666487.475026,170934418.700146,1041910359.015670,events/second
1778573141,35080000000,40432609.387904,15666487.475026,170934418.700146,1041910359.015670,events/second
1778573142,35080000000,40385982.492929,15666487.475026,170934418.700146,1041910359.015670,events/second
1778573143,35090000000,40350979.699793,15666487.475026,170934418.700146,1041910359.015670,events/second
1778573144,35100000000,40316048.541697,15053508.981223,168241349.636613,1036182338.477412,events/second
1778573145,35110000000,40281203.199866,15053508.981223,168241349.636613,1036182338.477412,events/second
1778573146,35140000000,40269333.706370,15053508.981223,168241349.636613,1036182338.477412,events/second
1778573147,35220000000,40314742.625369,15053508.981223,168241349.636613,1036182338.477412,events/second
1778573148,35230000000,40280001.095564,15053508.981223,168241349.636613,1036182338.477412,events/second
1778573149,35250000000,40256772.132842,16248564.419867,165956421.105382,1030607935.387458,events/second
1778573150,35250000000,40210754.268182,16248564.419867,165956421.105382,1030607935.387458,events/second
1778573151,35260000000,40176264.286650,16248564.419867,165956421.105382,1030607935.387458,events/second
1778573152,35270000000,40141852.132974,16248564.419867,165956421.105382,1030607935.387458,events/second
1778573153,35280000000,40107522.296987,16248564.419867,165956421.105382,1030607935.387458,events/second
1778573154,35290000000,40073247.242506,15589045.623209,163345631.104970,1024942531.994013,events/second
1778573155,35300000000,40039060.468309,15589045.623209,163345631.104970,1024942531.994013,events/second
1778573156,35300000000,39993624.413622,15589045.623209,163345631.104970,1024942531.994013,events/second
1778573157,35320000000,39970932.749719,15589045.623209,163345631.104970,1024942531.994013,events/second
1778573158,35330000000,39936971.624258,15589045.623209,163345631.104970,1024942531.994013,events/second
1778573159,35340000000,39903091.242902,15142170.208742,160811050.759998,1019319596.100471,events/second
1778573160,35340000000,39858014.843296,15142170.208742,160811050.759998,1019319596.100471,events/second
1778573161,35350000000,39824285.447338,15142170.208742,160811050.759998,1019319596.100471,events/second
1778573162,35360000000,39790654.901866,15142170.208742,160811050.759998,1019319596.100471,events/second
1778573163,35370000000,39757069.704527,15142170.208742,160811050.759998,1019319596.100471,events/second
1778573164,35430000000,39779736.982698,15370669.662592,158450591.712728,1013772133.342399,events/second
1778573165,35430000000,39735053.489239,15370669.662592,158450591.712728,1013772133.342399,events/second
1778573166,35440000000,39701672.044628,15370669.662592,158450591.712728,1013772133.342399,events/second
1778573167,35460000000,39679546.236767,15370669.662592,158450591.712728,1013772133.342399,events/second
1778573168,35470000000,39646302.282338,15370669.662592,158450591.712728,1013772133.342399,events/second
1778573169,35480000000,39613130.578069,14941254.625887,155996919.252396,1008211083.155233,events/second
1778573170,35500000000,39591165.979422,14941254.625887,155996919.252396,1008211083.155233,events/second
1778573171,35520000000,39569268.770341,14941254.625887,155996919.252396,1008211083.155233,events/second
1778573172,35540000000,39547408.544294,14941254.625887,155996919.252396,1008211083.155233,events/second
1778573173,35550000000,39514483.875831,14941254.625887,155996919.252396,1008211083.155233,events/second
1778573174,35560000000,39481651.883402,15025907.232032,153682973.707702,1002714082.943327,events/second
1778573175,35570000000,39448895.135530,15025907.232032,153682973.707702,1002714082.943327,events/second
1778573176,35580000000,39416212.419096,15025907.232032,153682973.707702,1002714082.943327,events/second
1778573177,35590000000,39383571.329261,15025907.232032,153682973.707702,1002714082.943327,events/second
1778573178,35600000000,39351031.693935,15025907.232032,153682973.707702,1002714082.943327,events/second
1778573179,35600000000,39307511.269481,14464146.706535,151275045.949370,997203215.732151,events/second
1778573180,35610000000,39275123.060923,14464146.706535,151275045.949370,997203215.732151,events/second
1778573181,35840000000,39485182.287882,14464146.706535,151275045.949370,997203215.732151,events/second
1778573182,35850000000,39452645.841041,14464146.706535,151275045.949370,997203215.732151,events/second
1778573183,35860000000,39420202.960316,14464146.706535,151275045.949370,997203215.732151,events/second
1778573184,35860000000,39376855.422903,17465347.829002,149634173.768035,991966646.250735,events/second
1778573185,35870000000,39344572.042816,17465347.829002,149634173.768035,991966646.250735,events/second
1778573186,35880000000,39312340.026464,17465347.829002,149634173.768035,991966646.250735,events/second
1778573187,35880000000,39269250.816361,17465347.829002,149634173.768035,991966646.250735,events/second
1778573188,35910000000,39259046.295988,17465347.829002,149634173.768035,991966646.250735,events/second
1778573189,35930000000,39237942.472907,17188273.914821,147392338.063543,986548562.384364,events/second
1778573190,35940000000,39205987.686814,17188273.914821,147392338.063543,986548562.384364,events/second
1778573191,35960000000,39184971.969740,17188273.914821,147392338.063543,986548562.384364,events/second
1778573192,35970000000,39153131.866015,17188273.914821,147392338.063543,986548562.384364,events/second
1778573193,35980000000,39121372.391151,17188273.914821,147392338.063543,986548562.384364,events/second
1778573194,35990000000,39089661.547448,16773442.436898,145154499.551660,981149415.222145,events/second
1778573195,36000000000,39058029.158867,16773442.436898,145154499.551660,981149415.222145,events/second
1778573196,36010000000,39026477.414458,16773442.436898,145154499.551660,981149415.222145,events/second
1778573197,36020000000,38994993.488810,16773442.436898,145154499.551660,981149415.222145,events/second
1778573198,36020000000,38952768.929599,16773442.436898,145154499.551660,981149415.222145,events/second
1778573199,36030000000,38921425.339255,16071956.711140,142887535.072248,975758019.547869,events/second
1778573200,36040000000,38890140.595047,16071956.711140,142887535.072248,975758019.547869,events/second
1778573201,36050000000,38858924.291934,16071956.711140,142887535.072248,975758019.547869,events/second
1778573202,36060000000,38827786.091917,16071956.711140,142887535.072248,975758019.547869,events/second
1778573203,36090000000,38818207.884013,16071956.711140,142887535.072248,975758019.547869,events/second
1778573204,36130000000,38819400.857364,16386025.711662,140856382.774059,970462974.849035,events/second
1778573205,36140000000,38788413.288314,16386025.711662,140856382.774059,970462974.849035,events/second
1778573206,36150000000,38757473.431000,16386025.711662,140856382.774059,970462974.849035,events/second
1778573207,36160000000,38726605.606657,16386025.711662,140856382.774059,970462974.849035,events/second
1778573208,36170000000,38695808.341999,16386025.711662,140856382.774059,970462974.849035,events/second
1778573209,36180000000,38665054.856776,15875427.287694,138693517.008641,965141863.982702,events/second
1778573210,36240000000,38687778.843493,15875427.287694,138693517.008641,965141863.982702,events/second
1778573211,36360000000,38774420.306229,15875427.287694,138693517.008641,965141863.982702,events/second
1778573212,36360000000,38733030.796580,15875427.287694,138693517.008641,965141863.982702,events/second
1778573213,36370000000,38702396.880613,15875427.287694,138693517.008641,965141863.982702,events/second
1778573214,36370000000,38661187.457535,17644410.449983,137029199.562900,960005357.135215,events/second
1778573215,36370000000,38620049.902799,17644410.449983,137029199.562900,960005357.135215,events/second
1778573216,36370000000,38579020.515517,17644410.449983,137029199.562900,960005357.135215,events/second
1778573217,36370000000,38538077.668997,17644410.449983,137029199.562900,960005357.135215,events/second
1778573218,36370000000,38497223.430065,17644410.449983,137029199.562900,960005357.135215,events/second
1778573219,36370000000,38456432.885758,16233641.283934,134764306.110138,954686781.540572,events/second
1778573220,36380000000,38426315.154602,16233641.283934,134764306.110138,954686781.540572,events/second
1778573221,36410000000,38417359.434781,16233641.283934,134764306.110138,954686781.540572,events/second
1778573222,36410000000,38376782.769083,16233641.283934,134764306.110138,954686781.540572,events/second
1778573223,36420000000,38346820.735178,16233641.283934,134764306.110138,954686781.540572,events/second
1778573224,36420000000,38306417.133616,15735226.846086,132702133.515183,949453073.183072,events/second
1778573225,36420000000,38266081.729910,15735226.846086,132702133.515183,949453073.183072,events/second
1778573226,36420000000,38225850.890528,15735226.846086,132702133.515183,949453073.183072,events/second
1778573227,36420000000,38185715.626054,15735226.846086,132702133.515183,949453073.183072,events/second
1778573228,36420000000,38145663.113582,15735226.846086,132702133.515183,949453073.183072,events/second
1778573229,36420000000,38105666.874636,14477107.572667,130508760.173407,944192958.845420,events/second
1778573230,36430000000,38076234.737431,14477107.572667,130508760.173407,944192958.845420,events/second
1778573231,36430000000,38036413.560641,14477107.572667,130508760.173407,944192958.845420,events/second
1778573232,36440000000,38007088.127009,14477107.572667,130508760.173407,944192958.845420,events/second
1778573233,36440000000,37967430.690971,14477107.572667,130508760.173407,944192958.845420,events/second
1778573234,36440000000,37927846.510218,13639404.303703,128417754.288911,938984146.948691,events/second
1778573235,36440000000,37888362.550855,13639404.303703,128417754.288911,938984146.948691,events/second
1778573236,36440000000,37848930.846537,13639404.303703,128417754.288911,938984146.948691,events/second
1778573237,36450000000,37819980.732656,13639404.303703,128417754.288911,938984146.948691,events/second
1778573238,36450000000,37780725.617239,13639404.303703,128417754.288911,938984146.948691,events/second
1778573239,36450000000,37741539.442583,12708768.919234,126328252.599380,933793112.357593,events/second
1778573240,36450000000,37702447.346523,12708768.919234,126328252.599380,933793112.357593,events/second
1778573241,36450000000,37663438.236894,12708768.919234,126328252.599380,933793112.357593,events/second
1778573242,36460000000,37634826.615361,12708768.919234,126328252.599380,933793112.357593,events/second
1778573243,36460000000,37595969.225132,12708768.919234,126328252.599380,933793112.357593,events/second
1778573244,36460000000,37557187.544750,11852543.031697,124273287.335013,928630836.887141,events/second
1778573245,36460000000,37518485.308627,11852543.031697,124273287.335013,928630836.887141,events/second
1778573246,36460000000,37479871.664366,11852543.031697,124273287.335013,928630836.887141,events/second
1778573247,36460000000,37441337.883741,11852543.031697,124273287.335013,928630836.887141,events/second
1778573248,36470000000,37413119.222880,11852543.031697,124273287.335013,928630836.887141,events/second
1778573249,36470000000,37374726.047329,11064777.186208,122252287.658914,923497161.207437,events/second
1778573250,36470000000,37336407.480597,11064777.186208,122252287.658914,923497161.207437,events/second
1778573251,36470000000,37298172.852620,11064777.186208,122252287.658914,923497161.207437,events/second
1778573252,36470000000,37260012.779626,11064777.186208,122252287.658914,923497161.207437,events/second
1778573253,36470000000,37221935.584908,11064777.186208,122252287.658914,923497161.207437,events/second
1778573254,36470000000,37183934.482343,10180086.449289,120231635.076930,918380846.567301,events/second
1778573255,36480000000,37156186.972508,10180086.449289,120231635.076930,918380846.567301,events/second
1778573256,36480000000,37118330.413926,10180086.449289,120231635.076930,918380846.567301,events/second
1778573257,36480000000,37080544.985662,10180086.449289,120231635.076930,918380846.567301,events/second
1778573258,36480000000,37042839.617079,10180086.449289,120231635.076930,918380846.567301,events/second
