t,count,max,mean,min,stddev,p50,p75,p95,p98,p99,p999,mean_rate,m1_rate,m5_rate,m15_rate,rate_unit,duration_unit
1779784460,0,0.000000,0.000000,0.000000,0.000000,0.000000,0.000000,0.000000,0.000000,0.000000,0.000000,0.000000,0.000000,0.000000,0.000000,calls/second,milliseconds
1779784461,0,0.000000,0.000000,0.000000,0.000000,0.000000,0.000000,0.000000,0.000000,0.000000,0.000000,0.000000,0.000000,0.000000,0.000000,calls/second,milliseconds
1779784462,0,0.000000,0.000000,0.000000,0.000000,0.000000,0.000000,0.000000,0.000000,0.000000,0.000000,0.000000,0.000000,0.000000,0.000000,calls/second,milliseconds
1779784463,0,0.000000,0.000000,0.000000,0.000000,0.000000,0.000000,0.000000,0.000000,0.000000,0.000000,0.000000,0.000000,0.000000,0.000000,calls/second,milliseconds
1779784464,0,0.000000,0.000000,0.000000,0.000000,0.000000,0.000000,0.000000,0.000000,0.000000,0.000000,0.000000,0.000000,0.000000,0.000000,calls/second,milliseconds
1779784465,0,0.000000,0.000000,0.000000,0.000000,0.000000,0.000000,0.000000,0.000000,0.000000,0.000000,0.000000,0.000000,0.000000,0.000000,calls/second,milliseconds
1779784466,0,0.000000,0.000000,0.000000,0.000000,0.000000,0.000000,0.000000,0.000000,0.000000,0.000000,0.000000,0.000000,0.000000,0.000000,calls/second,milliseconds
1779784467,0,0.000000,0.000000,0.000000,0.000000,0.000000,0.000000,0.000000,0.000000,0.000000,0.000000,0.000000,0.000000,0.000000,0.000000,calls/second,milliseconds
1779784468,0,0.000000,0.000000,0.000000,0.000000,0.000000,0.000000,0.000000,0.000000,0.000000,0.000000,0.000000,0.000000,0.000000,0.000000,calls/second,milliseconds
1779784469,0,0.000000,0.000000,0.000000,0.000000,0.000000,0.000000,0.000000,0.000000,0.000000,0.000000,0.000000,0.000000,0.000000,0.000000,calls/second,milliseconds
1779784470,0,0.000000,0.000000,0.000000,0.000000,0.000000,0.000000,0.000000,0.000000,0.000000,0.000000,0.000000,0.000000,0.000000,0.000000,calls/second,milliseconds
1779784471,0,0.000000,0.000000,0.000000,0.000000,0.000000,0.000000,0.000000,0.000000,0.000000,0.000000,0.000000,0.000000,0.000000,0.000000,calls/second,milliseconds
1779784472,0,0.000000,0.000000,0.000000,0.000000,0.000000,0.000000,0.000000,0.000000,0.000000,0.000000,0.000000,0.000000,0.000000,0.000000,calls/second,milliseconds
1779784473,0,0.000000,0.000000,0.000000,0.000000,0.000000,0.000000,0.000000,0.000000,0.000000,0.000000,0.000000,0.000000,0.000000,0.000000,calls/second,milliseconds
1779784474,0,0.000000,0.000000,0.000000,0.000000,0.000000,0.000000,0.000000,0.000000,0.000000,0.000000,0.000000,0.000000,0.000000,0.000000,calls/second,milliseconds
1779784475,0,0.000000,0.000000,0.000000,0.000000,0.000000,0.000000,0.000000,0.000000,0.000000,0.000000,0.000000,0.000000,0.000000,0.000000,calls/second,milliseconds
1779784476,0,0.000000,0.000000,0.000000,0.000000,0.000000,0.000000,0.000000,0.000000,0.000000,0.000000,0.000000,0.000000,0.000000,0.000000,calls/second,milliseconds
1779784477,0,0.000000,0.000000,0.000000,0.000000,0.000000,0.000000,0.000000,0.000000,0.000000,0.000000,0.000000,0.000000,0.000000,0.000000,calls/second,milliseconds
1779784478,0,0.000000,0.000000,0.000000,0.000000,0.000000,0.000000,0.000000,0.000000,0.000000,0.000000,0.000000,0.000000,0.000000,0.000000,calls/second,milliseconds
1779784479,0,0.000000,0.000000,0.000000,0.000000,0.000000,0.000000,0.000000,0.000000,0.000000,0.000000,0.000000,0.000000,0.000000,0.000000,calls/second,milliseconds
1779784480,0,0.000000,0.000000,0.000000,0.000000,0.000000,0.000000,0.000000,0.000000,0.000000,0.000000,0.000000,0.000000,0.000000,0.000000,calls/second,milliseconds
1779784481,0,0.000000,0.000000,0.000000,0.000000,0.000000,0.000000,0.000000,0.000000,0.000000,0.000000,0.000000,0.000000,0.000000,0.000000,calls/second,milliseconds
1779784482,0,0.000000,0.000000,0.000000,0.000000,0.000000,0.000000,0.000000,0.000000,0.000000,0.000000,0.000000,0.000000,0.000000,0.000000,calls/second,milliseconds
1779784483,0,0.000000,0.000000,0.000000,0.000000,0.000000,0.000000,0.000000,0.000000,0.000000,0.000000,0.000000,0.000000,0.000000,0.000000,calls/second,milliseconds
1779784484,0,0.000000,0.000000,0.000000,0.000000,0.000000,0.000000,0.000000,0.000000,0.000000,0.000000,0.000000,0.000000,0.000000,0.000000,calls/second,milliseconds
1779784485,0,0.000000,0.000000,0.000000,0.000000,0.000000,0.000000,0.000000,0.000000,0.000000,0.000000,0.000000,0.000000,0.000000,0.000000,calls/second,milliseconds
1779784486,0,0.000000,0.000000,0.000000,0.000000,0.000000,0.000000,0.000000,0.000000,0.000000,0.000000,0.000000,0.000000,0.000000,0.000000,calls/second,milliseconds
1779784487,0,0.000000,0.000000,0.000000,0.000000,0.000000,0.000000,0.000000,0.000000,0.000000,0.000000,0.000000,0.000000,0.000000,0.000000,calls/second,milliseconds
1779784488,0,0.000000,0.000000,0.000000,0.000000,0.000000,0.000000,0.000000,0.000000,0.000000,0.000000,0.000000,0.000000,0.000000,0.000000,calls/second,milliseconds
1779784489,0,0.000000,0.000000,0.000000,0.000000,0.000000,0.000000,0.000000,0.000000,0.000000,0.000000,0.000000,0.000000,0.000000,0.000000,calls/second,milliseconds
1779784490,0,0.000000,0.000000,0.000000,0.000000,0.000000,0.000000,0.000000,0.000000,0.000000,0.000000,0.000000,0.000000,0.000000,0.000000,calls/second,milliseconds
1779784491,0,0.000000,0.000000,0.000000,0.000000,0.000000,0.000000,0.000000,0.000000,0.000000,0.000000,0.000000,0.000000,0.000000,0.000000,calls/second,milliseconds
1779784492,0,0.000000,0.000000,0.000000,0.000000,0.000000,0.000000,0.000000,0.000000,0.000000,0.000000,0.000000,0.000000,0.000000,0.000000,calls/second,milliseconds
1779784493,0,0.000000,0.000000,0.000000,0.000000,0.000000,0.000000,0.000000,0.000000,0.000000,0.000000,0.000000,0.000000,0.000000,0.000000,calls/second,milliseconds
1779784494,0,0.000000,0.000000,0.000000,0.000000,0.000000,0.000000,0.000000,0.000000,0.000000,0.000000,0.000000,0.000000,0.000000,0.000000,calls/second,milliseconds
1779784495,0,0.000000,0.000000,0.000000,0.000000,0.000000,0.000000,0.000000,0.000000,0.000000,0.000000,0.000000,0.000000,0.000000,0.000000,calls/second,milliseconds
1779784496,0,0.000000,0.000000,0.000000,0.000000,0.000000,0.000000,0.000000,0.000000,0.000000,0.000000,0.000000,0.000000,0.000000,0.000000,calls/second,milliseconds
1779784497,0,0.000000,0.000000,0.000000,0.000000,0.000000,0.000000,0.000000,0.000000,0.000000,0.000000,0.000000,0.000000,0.000000,0.000000,calls/second,milliseconds
1779784498,5,101.797189,101.767947,101.732181,0.022902,101.774070,101.783160,101.797189,101.797189,101.797189,101.797189,0.129274,0.000000,0.000000,0.000000,calls/second,milliseconds
1779784499,5,101.797189,101.767947,101.732181,0.022902,101.774070,101.783160,101.797189,101.797189,101.797189,101.797189,0.126009,0.000000,0.000000,0.000000,calls/second,milliseconds
1779784500,5,101.797189,101.767947,101.732181,0.022902,101.774070,101.783160,101.797189,101.797189,101.797189,101.797189,0.122905,0.079956,0.016529,0.005540,calls/second,milliseconds
1779784501,5,101.797189,101.767947,101.732181,0.022902,101.774070,101.783160,101.797189,101.797189,101.797189,101.797189,0.119950,0.079956,0.016529,0.005540,calls/second,milliseconds
1779784502,5,101.797189,101.767947,101.732181,0.022902,101.774070,101.783160,101.797189,101.797189,101.797189,101.797189,0.117133,0.079956,0.016529,0.005540,calls/second,milliseconds
1779784503,5,101.797189,101.767947,101.732181,0.022902,101.774070,101.783160,101.797189,101.797189,101.797189,101.797189,0.114445,0.079956,0.016529,0.005540,calls/second,milliseconds
1779784504,5,101.797189,101.767947,101.732181,0.022902,101.774070,101.783160,101.797189,101.797189,101.797189,101.797189,0.111879,0.079956,0.016529,0.005540,calls/second,milliseconds
1779784505,5,101.797189,101.767947,101.732181,0.022902,101.774070,101.783160,101.797189,101.797189,101.797189,101.797189,0.109395,0.073563,0.016255,0.005509,calls/second,milliseconds
1779784506,5,101.797189,101.767947,101.732181,0.022902,101.774070,101.783160,101.797189,101.797189,101.797189,101.797189,0.107048,0.073563,0.016255,0.005509,calls/second,milliseconds
1779784507,10,101.797189,57.347687,19.010757,41.210633,19.179612,101.774070,101.797189,101.797189,101.797189,101.797189,0.209597,0.073563,0.016255,0.005509,calls/second,milliseconds
1779784508,10,101.797189,57.347687,19.010757,41.210633,19.179612,101.774070,101.797189,101.797189,101.797189,101.797189,0.205284,0.073563,0.016255,0.005509,calls/second,milliseconds
1779784509,15,101.797189,42.764768,16.372255,38.431979,19.146099,101.732181,101.797189,101.797189,101.797189,101.797189,0.301719,0.073563,0.016255,0.005509,calls/second,milliseconds
1779784510,15,101.797189,42.764768,16.372255,38.431979,19.146099,101.732181,101.797189,101.797189,101.797189,101.797189,0.295757,0.227592,0.049044,0.016559,calls/second,milliseconds
1779784511,15,101.797189,42.764768,16.372255,38.431979,19.146099,101.732181,101.797189,101.797189,101.797189,101.797189,0.290028,0.227592,0.049044,0.016559,calls/second,milliseconds
1779784512,15,101.797189,42.764768,16.372255,38.431979,19.146099,101.732181,101.797189,101.797189,101.797189,101.797189,0.284514,0.227592,0.049044,0.016559,calls/second,milliseconds
1779784513,15,101.797189,42.764768,16.372255,38.431979,19.146099,101.732181,101.797189,101.797189,101.797189,101.797189,0.279208,0.227592,0.049044,0.016559,calls/second,milliseconds
1779784514,15,101.797189,42.764768,16.372255,38.431979,19.146099,101.732181,101.797189,101.797189,101.797189,101.797189,0.274097,0.227592,0.049044,0.016559,calls/second,milliseconds
1779784515,20,101.797189,58.644862,16.372255,41.514915,19.179612,99.983063,101.783160,101.797189,101.797189,101.797189,0.358890,0.289350,0.064762,0.022008,calls/second,milliseconds
1779784516,20,101.797189,58.644862,16.372255,41.514915,19.179612,99.983063,101.783160,101.797189,101.797189,101.797189,0.352549,0.289350,0.064762,0.022008,calls/second,milliseconds
1779784517,20,101.797189,58.644862,16.372255,41.514915,19.179612,99.983063,101.783160,101.797189,101.797189,101.797189,0.346431,0.289350,0.064762,0.022008,calls/second,milliseconds
1779784518,20,101.797189,58.644862,16.372255,41.514915,19.179612,99.983063,101.783160,101.797189,101.797189,101.797189,0.340521,0.289350,0.064762,0.022008,calls/second,milliseconds
1779784519,20,101.797189,58.644862,16.372255,41.514915,19.179612,99.983063,101.783160,101.797189,101.797189,101.797189,0.334807,0.289350,0.064762,0.022008,calls/second,milliseconds
1779784520,20,101.797189,58.644862,16.372255,41.514915,19.179612,99.983063,101.783160,101.797189,101.797189,101.797189,0.329281,0.266215,0.063691,0.021886,calls/second,milliseconds
1779784521,20,101.797189,58.644862,16.372255,41.514915,19.179612,99.983063,101.783160,101.797189,101.797189,101.797189,0.323935,0.266215,0.063691,0.021886,calls/second,milliseconds
1779784522,20,101.797189,58.644862,16.372255,41.514915,19.179612,99.983063,101.783160,101.797189,101.797189,101.797189,0.318761,0.266215,0.063691,0.021886,calls/second,milliseconds
1779784523,20,101.797189,58.644862,16.372255,41.514915,19.179612,99.983063,101.783160,101.797189,101.797189,101.797189,0.313750,0.266215,0.063691,0.021886,calls/second,milliseconds
1779784524,25,101.797189,48.364720,16.372255,40.385269,19.090761,99.980279,101.783160,101.797189,101.797189,101.797189,0.386121,0.266215,0.063691,0.021886,calls/second,milliseconds
1779784525,25,101.797189,48.364720,16.372255,40.385269,19.090761,99.980279,101.783160,101.797189,101.797189,101.797189,0.380238,0.324885,0.079167,0.027305,calls/second,milliseconds
1779784526,30,101.797189,42.019352,16.372255,38.258415,16.790860,99.979490,101.783160,101.797189,101.797189,101.797189,0.449438,0.324885,0.079167,0.027305,calls/second,milliseconds
1779784527,30,101.797189,42.019352,16.372255,38.258415,16.790860,99.979490,101.783160,101.797189,101.797189,101.797189,0.442791,0.324885,0.079167,0.027305,calls/second,milliseconds
1779784528,30,101.797189,42.019352,16.372255,38.258415,16.790860,99.979490,101.783160,101.797189,101.797189,101.797189,0.436341,0.324885,0.079167,0.027305,calls/second,milliseconds
1779784529,30,101.797189,42.019352,16.372255,38.258415,16.790860,99.979490,101.783160,101.797189,101.797189,101.797189,0.430073,0.324885,0.079167,0.027305,calls/second,milliseconds
1779784530,30,101.797189,42.019352,16.372255,38.258415,16.790860,99.979490,101.783160,101.797189,101.797189,101.797189,0.423985,0.378865,0.094387,0.032694,calls/second,milliseconds
1779784531,30,101.797189,42.019352,16.372255,38.258415,16.790860,99.979490,101.783160,101.797189,101.797189,101.797189,0.418063,0.378865,0.094387,0.032694,calls/second,milliseconds
1779784532,35,101.797189,52.277382,16.372255,41.102581,19.090761,99.701828,101.774070,101.797189,101.797189,101.797189,0.481025,0.378865,0.094387,0.032694,calls/second,milliseconds
1779784533,35,101.797189,52.277382,16.372255,41.102581,19.090761,99.701828,101.774070,101.797189,101.797189,101.797189,0.474492,0.378865,0.094387,0.032694,calls/second,milliseconds
1779784534,35,101.797189,52.277382,16.372255,41.102581,19.090761,99.701828,101.774070,101.797189,101.797189,101.797189,0.468137,0.378865,0.094387,0.032694,calls/second,milliseconds
1779784535,35,101.797189,52.277382,16.372255,41.102581,19.090761,99.701828,101.774070,101.797189,101.797189,101.797189,0.461947,0.428528,0.109356,0.038053,calls/second,milliseconds
1779784536,35,101.797189,52.277382,16.372255,41.102581,19.090761,99.701828,101.774070,101.797189,101.797189,101.797189,0.455920,0.428528,0.109356,0.038053,calls/second,milliseconds
1779784537,35,101.797189,52.277382,16.372255,41.102581,19.090761,99.701828,101.774070,101.797189,101.797189,101.797189,0.450045,0.428528,0.109356,0.038053,calls/second,milliseconds
1779784538,35,101.797189,52.277382,16.372255,41.102581,19.090761,99.701828,101.774070,101.797189,101.797189,101.797189,0.444321,0.428528,0.109356,0.038053,calls/second,milliseconds
1779784539,35,101.797189,52.277382,16.372255,41.102581,19.090761,99.701828,101.774070,101.797189,101.797189,101.797189,0.438741,0.428528,0.109356,0.038053,calls/second,milliseconds
1779784540,35,101.797189,52.277382,16.372255,41.102581,19.090761,99.701828,101.774070,101.797189,101.797189,101.797189,0.433301,0.394265,0.107548,0.037842,calls/second,milliseconds
1779784541,40,101.797189,46.154009,16.372255,39.766533,16.790860,99.694673,101.774070,101.783160,101.797189,101.797189,0.489134,0.394265,0.107548,0.037842,calls/second,milliseconds
1779784542,40,101.797189,46.154009,16.372255,39.766533,16.790860,99.694673,101.774070,101.783160,101.797189,101.797189,0.483214,0.394265,0.107548,0.037842,calls/second,milliseconds
1779784543,45,101.797189,41.727749,16.372255,38.145563,16.735303,99.644126,101.753137,101.783160,101.797189,101.797189,0.537114,0.394265,0.107548,0.037842,calls/second,milliseconds
1779784544,45,101.797189,41.727749,16.372255,38.145563,16.735303,99.644126,101.753137,101.783160,101.797189,101.797189,0.530769,0.394265,0.107548,0.037842,calls/second,milliseconds
1779784545,45,101.797189,41.727749,16.372255,38.145563,16.735303,99.644126,101.753137,101.783160,101.797189,101.797189,0.524569,0.522652,0.138828,0.048712,calls/second,milliseconds
1779784546,45,101.797189,41.727749,16.372255,38.145563,16.735303,99.644126,101.753137,101.783160,101.797189,101.797189,0.518509,0.522652,0.138828,0.048712,calls/second,milliseconds
1779784547,45,101.797189,41.727749,16.372255,38.145563,16.735303,99.644126,101.753137,101.783160,101.797189,101.797189,0.512589,0.522652,0.138828,0.048712,calls/second,milliseconds
1779784548,45,101.797189,41.727749,16.372255,38.145563,16.735303,99.644126,101.753137,101.783160,101.797189,101.797189,0.506806,0.522652,0.138828,0.048712,calls/second,milliseconds
1779784549,50,101.797189,49.703904,16.372255,40.569485,16.790860,99.624543,101.753137,101.783160,101.797189,101.797189,0.556832,0.522652,0.138828,0.048712,calls/second,milliseconds
1779784550,50,101.797189,49.703904,16.372255,40.569485,16.790860,99.624543,101.753137,101.783160,101.797189,101.797189,0.550689,0.560819,0.153062,0.053983,calls/second,milliseconds
1779784551,50,101.797189,49.703904,16.372255,40.569485,16.790860,99.624543,101.753137,101.783160,101.797189,101.797189,0.544678,0.560819,0.153062,0.053983,calls/second,milliseconds
1779784552,50,101.797189,49.703904,16.372255,40.569485,16.790860,99.624543,101.753137,101.783160,101.797189,101.797189,0.538797,0.560819,0.153062,0.053983,calls/second,milliseconds
1779784553,50,101.797189,49.703904,16.372255,40.569485,16.790860,99.624543,101.753137,101.783160,101.797189,101.797189,0.533042,0.560819,0.153062,0.053983,calls/second,milliseconds
1779784554,50,101.797189,49.703904,16.372255,40.569485,16.790860,99.624543,101.753137,101.783160,101.797189,101.797189,0.527407,0.560819,0.153062,0.053983,calls/second,milliseconds
1779784555,50,101.797189,49.703904,16.372255,40.569485,16.790860,99.624543,101.753137,101.783160,101.797189,101.797189,0.521894,0.515978,0.150532,0.053684,calls/second,milliseconds
1779784556,50,101.797189,49.703904,16.372255,40.569485,16.790860,99.624543,101.753137,101.783160,101.797189,101.797189,0.516494,0.515978,0.150532,0.053684,calls/second,milliseconds
1779784557,50,101.797189,49.703904,16.372255,40.569485,16.790860,99.624543,101.753137,101.783160,101.797189,101.797189,0.511203,0.515978,0.150532,0.053684,calls/second,milliseconds
1779784558,55,101.797189,45.068281,16.341985,39.364867,16.675181,99.096858,101.732181,101.783160,101.797189,101.797189,0.556619,0.515978,0.150532,0.053684,calls/second,milliseconds
1779784559,55,101.797189,45.068281,16.341985,39.364867,16.675181,99.096858,101.732181,101.783160,101.797189,101.797189,0.551029,0.515978,0.150532,0.053684,calls/second,milliseconds
1779784560,60,101.797189,41.511125,16.341985,37.991731,16.717311,99.054028,99.983063,101.774070,101.783160,101.797189,0.595146,0.554678,0.164572,0.058926,calls/second,milliseconds
1779784561,60,101.797189,41.511125,16.341985,37.991731,16.717311,99.054028,99.983063,101.774070,101.783160,101.797189,0.589291,0.554678,0.164572,0.058926,calls/second,milliseconds
1779784562,60,101.797189,41.511125,16.341985,37.991731,16.717311,99.054028,99.983063,101.774070,101.783160,101.797189,0.583547,0.554678,0.164572,0.058926,calls/second,milliseconds
1779784563,60,101.797189,41.511125,16.341985,37.991731,16.717311,99.054028,99.983063,101.774070,101.783160,101.797189,0.577917,0.554678,0.164572,0.058926,calls/second,milliseconds
1779784564,60,101.797189,41.511125,16.341985,37.991731,16.717311,99.054028,99.983063,101.774070,101.783160,101.797189,0.572392,0.554678,0.164572,0.058926,calls/second,milliseconds
1779784565,60,101.797189,41.511125,16.341985,37.991731,16.717311,99.054028,99.983063,101.774070,101.783160,101.797189,0.566975,0.590284,0.178381,0.064140,calls/second,milliseconds
1779784566,65,101.797189,48.541426,16.341985,40.458602,16.790860,99.686336,100.662163,101.774070,101.783160,101.797189,0.608460,0.590284,0.178381,0.064140,calls/second,milliseconds
1779784567,65,101.797189,48.541426,16.341985,40.458602,16.790860,99.686336,100.662163,101.774070,101.783160,101.797189,0.602808,0.590284,0.178381,0.064140,calls/second,milliseconds
1779784568,65,101.797189,48.541426,16.341985,40.458602,16.790860,99.686336,100.662163,101.774070,101.783160,101.797189,0.597257,0.590284,0.178381,0.064140,calls/second,milliseconds
1779784569,65,101.797189,48.541426,16.341985,40.458602,16.790860,99.686336,100.662163,101.774070,101.783160,101.797189,0.591810,0.590284,0.178381,0.064140,calls/second,milliseconds
1779784570,65,101.797189,48.541426,16.341985,40.458602,16.790860,99.686336,100.662163,101.774070,101.783160,101.797189,0.586461,0.623043,0.191961,0.069325,calls/second,milliseconds
1779784571,65,101.797189,48.541426,16.341985,40.458602,16.790860,99.686336,100.662163,101.774070,101.783160,101.797189,0.581207,0.623043,0.191961,0.069325,calls/second,milliseconds
1779784572,65,101.797189,48.541426,16.341985,40.458602,16.790860,99.686336,100.662163,101.774070,101.783160,101.797189,0.576046,0.623043,0.191961,0.069325,calls/second,milliseconds
1779784573,65,101.797189,48.541426,16.341985,40.458602,16.790860,99.686336,100.662163,101.774070,101.783160,101.797189,0.570978,0.623043,0.191961,0.069325,calls/second,milliseconds
1779784574,65,101.797189,48.541426,16.341985,40.458602,16.790860,99.686336,100.662163,101.774070,101.783160,101.797189,0.565995,0.623043,0.191961,0.069325,calls/second,milliseconds
1779784575,70,101.797189,44.634996,16.341985,39.346464,16.675181,99.624543,100.662163,101.774070,101.783160,101.797189,0.604263,0.573228,0.188788,0.068941,calls/second,milliseconds
1779784576,70,101.797189,44.634996,16.341985,39.346464,16.675181,99.624543,100.662163,101.774070,101.783160,101.797189,0.599084,0.573228,0.188788,0.068941,calls/second,milliseconds
1779784577,75,101.797189,41.523962,16.341985,38.118756,16.715307,99.096858,100.662163,101.774070,101.783160,101.797189,0.636418,0.573228,0.188788,0.068941,calls/second,milliseconds
1779784578,75,101.797189,41.523962,16.341985,38.118756,16.715307,99.096858,100.662163,101.774070,101.783160,101.797189,0.631054,0.573228,0.188788,0.068941,calls/second,milliseconds
1779784579,75,101.797189,41.523962,16.341985,38.118756,16.715307,99.096858,100.662163,101.774070,101.783160,101.797189,0.625781,0.573228,0.188788,0.068941,calls/second,milliseconds
1779784580,75,101.797189,41.523962,16.341985,38.118756,16.715307,99.096858,100.662163,101.774070,101.783160,101.797189,0.620595,0.687306,0.218725,0.079639,calls/second,milliseconds
1779784581,75,101.797189,41.523962,16.341985,38.118756,16.715307,99.096858,100.662163,101.774070,101.783160,101.797189,0.615493,0.687306,0.218725,0.079639,calls/second,milliseconds
1779784582,80,101.797189,47.821583,16.341985,40.346510,16.742277,99.979490,100.583762,101.753137,101.783160,101.797189,0.651175,0.687306,0.218725,0.079639,calls/second,milliseconds
1779784583,80,101.797189,47.821583,16.341985,40.346510,16.742277,99.979490,100.583762,101.753137,101.783160,101.797189,0.645907,0.687306,0.218725,0.079639,calls/second,milliseconds
1779784584,80,101.797189,47.821583,16.341985,40.346510,16.742277,99.979490,100.583762,101.753137,101.783160,101.797189,0.640723,0.687306,0.218725,0.079639,calls/second,milliseconds
1779784585,80,101.797189,47.821583,16.341985,40.346510,16.742277,99.979490,100.583762,101.753137,101.783160,101.797189,0.635626,0.712308,0.231638,0.084738,calls/second,milliseconds
1779784586,80,101.797189,47.821583,16.341985,40.346510,16.742277,99.979490,100.583762,101.753137,101.783160,101.797189,0.630606,0.712308,0.231638,0.084738,calls/second,milliseconds
1779784587,80,101.797189,47.821583,16.341985,40.346510,16.742277,99.979490,100.583762,101.753137,101.783160,101.797189,0.625664,0.712308,0.231638,0.084738,calls/second,milliseconds
1779784588,80,101.797189,47.821583,16.341985,40.346510,16.742277,99.979490,100.583762,101.753137,101.783160,101.797189,0.620801,0.712308,0.231638,0.084738,calls/second,milliseconds
1779784589,80,101.797189,47.821583,16.341985,40.346510,16.742277,99.979490,100.583762,101.753137,101.783160,101.797189,0.616011,0.712308,0.231638,0.084738,calls/second,milliseconds
1779784590,80,101.797189,47.821583,16.341985,40.346510,16.742277,99.979490,100.583762,101.753137,101.783160,101.797189,0.611298,0.655355,0.227809,0.084269,calls/second,milliseconds
1779784591,80,101.797189,47.821583,16.341985,40.346510,16.742277,99.979490,100.583762,101.753137,101.783160,101.797189,0.606655,0.655355,0.227809,0.084269,calls/second,milliseconds
1779784592,85,101.797189,44.342429,16.272568,39.304799,16.675181,99.686336,100.583762,101.753137,101.783160,101.797189,0.639709,0.655355,0.227809,0.084269,calls/second,milliseconds
1779784593,85,101.797189,44.342429,16.272568,39.304799,16.675181,99.686336,100.583762,101.753137,101.783160,101.797189,0.634923,0.655355,0.227809,0.084269,calls/second,milliseconds
1779784594,90,101.797189,41.496690,16.272568,38.179439,16.653541,99.121539,100.583762,101.732181,101.774070,101.797189,0.667279,0.655355,0.227809,0.084269,calls/second,milliseconds
1779784595,90,101.797189,41.496690,16.272568,38.179439,16.653541,99.121539,100.583762,101.732181,101.774070,101.797189,0.662359,0.762867,0.257101,0.094882,calls/second,milliseconds
1779784596,90,101.797189,41.496690,16.272568,38.179439,16.653541,99.121539,100.583762,101.732181,101.774070,101.797189,0.657509,0.762867,0.257101,0.094882,calls/second,milliseconds
1779784597,90,101.797189,41.496690,16.272568,38.179439,16.653541,99.121539,100.583762,101.732181,101.774070,101.797189,0.652733,0.762867,0.257101,0.094882,calls/second,milliseconds
1779784598,90,101.797189,41.496690,16.272568,38.179439,16.653541,99.121539,100.583762,101.732181,101.774070,101.797189,0.648025,0.762867,0.257101,0.094882,calls/second,milliseconds
1779784599,95,101.797189,47.151988,16.272568,40.031872,16.715307,98.944731,100.529054,101.732181,101.774070,101.797189,0.679129,0.762867,0.257101,0.094882,calls/second,milliseconds
1779784600,95,101.797189,47.151988,16.272568,40.031872,16.715307,98.944731,100.529054,101.732181,101.774070,101.797189,0.674300,0.781827,0.269380,0.099897,calls/second,milliseconds
1779784601,95,101.797189,47.151988,16.272568,40.031872,16.715307,98.944731,100.529054,101.732181,101.774070,101.797189,0.669539,0.781827,0.269380,0.099897,calls/second,milliseconds
1779784602,95,101.797189,47.151988,16.272568,40.031872,16.715307,98.944731,100.529054,101.732181,101.774070,101.797189,0.664845,0.781827,0.269380,0.099897,calls/second,milliseconds
1779784603,95,101.797189,47.151988,16.272568,40.031872,16.715307,98.944731,100.529054,101.732181,101.774070,101.797189,0.660216,0.781827,0.269380,0.099897,calls/second,milliseconds
1779784604,95,101.797189,47.151988,16.272568,40.031872,16.715307,98.944731,100.529054,101.732181,101.774070,101.797189,0.655653,0.781827,0.269380,0.099897,calls/second,milliseconds
1779784605,95,101.797189,47.151988,16.272568,40.031872,16.715307,98.944731,100.529054,101.732181,101.774070,101.797189,0.651112,0.719315,0.264928,0.099343,calls/second,milliseconds
1779784606,95,101.797189,47.151988,16.272568,40.031872,16.715307,98.944731,100.529054,101.732181,101.774070,101.797189,0.646671,0.719315,0.264928,0.099343,calls/second,milliseconds
1779784607,95,101.797189,47.151988,16.272568,40.031872,16.715307,98.944731,100.529054,101.732181,101.774070,101.797189,0.642292,0.719315,0.264928,0.099343,calls/second,milliseconds
1779784608,95,101.797189,47.151988,16.272568,40.031872,16.715307,98.944731,100.529054,101.732181,101.774070,101.797189,0.637973,0.719315,0.264928,0.099343,calls/second,milliseconds
1779784609,100,101.797189,43.977020,16.272568,39.037497,16.653174,98.401527,100.529054,100.662163,101.774070,101.797189,0.667064,0.719315,0.264928,0.099343,calls/second,milliseconds
1779784610,100,101.797189,43.977020,16.272568,39.037497,16.653174,98.401527,100.529054,100.662163,101.774070,101.797189,0.662637,0.741758,0.277077,0.104333,calls/second,milliseconds
1779784611,105,101.797189,41.339184,16.272568,37.976907,16.621073,98.388694,100.429535,100.662163,101.774070,101.797189,0.691179,0.741758,0.277077,0.104333,calls/second,milliseconds
1779784612,105,101.797189,41.339184,16.272568,37.976907,16.621073,98.388694,100.429535,100.662163,101.774070,101.797189,0.686652,0.741758,0.277077,0.104333,calls/second,milliseconds
1779784613,105,101.797189,41.339184,16.272568,37.976907,16.621073,98.388694,100.429535,100.662163,101.774070,101.797189,0.682183,0.741758,0.277077,0.104333,calls/second,milliseconds
1779784614,105,101.797189,41.339184,16.272568,37.976907,16.621073,98.388694,100.429535,100.662163,101.774070,101.797189,0.677773,0.741758,0.277077,0.104333,calls/second,milliseconds
1779784615,105,101.797189,41.339184,16.272568,37.976907,16.621073,98.388694,100.429535,100.662163,101.774070,101.797189,0.673418,0.762406,0.289026,0.109295,calls/second,milliseconds
1779784616,110,101.797189,46.727881,16.272568,39.824058,16.675181,98.579501,100.429535,100.662163,101.753137,101.797189,0.700984,0.762406,0.289026,0.109295,calls/second,milliseconds
1779784617,110,101.797189,46.727881,16.272568,39.824058,16.675181,98.579501,100.429535,100.662163,101.753137,101.797189,0.696539,0.762406,0.289026,0.109295,calls/second,milliseconds
1779784618,110,101.797189,46.727881,16.272568,39.824058,16.675181,98.579501,100.429535,100.662163,101.753137,101.797189,0.692150,0.762406,0.289026,0.109295,calls/second,milliseconds
1779784619,110,101.797189,46.727881,16.272568,39.824058,16.675181,98.579501,100.429535,100.662163,101.753137,101.797189,0.687813,0.762406,0.289026,0.109295,calls/second,milliseconds
1779784620,110,101.797189,46.727881,16.272568,39.824058,16.675181,98.579501,100.429535,100.662163,101.753137,101.797189,0.683532,0.781403,0.300777,0.114230,calls/second,milliseconds
1779784621,110,101.797189,46.727881,16.272568,39.824058,16.675181,98.579501,100.429535,100.662163,101.753137,101.797189,0.679304,0.781403,0.300777,0.114230,calls/second,milliseconds
1779784622,110,101.797189,46.727881,16.272568,39.824058,16.675181,98.579501,100.429535,100.662163,101.753137,101.797189,0.675128,0.781403,0.300777,0.114230,calls/second,milliseconds
1779784623,110,101.797189,46.727881,16.272568,39.824058,16.675181,98.579501,100.429535,100.662163,101.753137,101.797189,0.671003,0.781403,0.300777,0.114230,calls/second,milliseconds
1779784624,110,101.797189,46.727881,16.272568,39.824058,16.675181,98.579501,100.429535,100.662163,101.753137,101.797189,0.666929,0.781403,0.300777,0.114230,calls/second,milliseconds
1779784625,110,101.797189,46.727881,16.272568,39.824058,16.675181,98.579501,100.429535,100.662163,101.753137,101.797189,0.662904,0.718925,0.295806,0.113597,calls/second,milliseconds
1779784626,115,101.797189,43.774142,16.272568,38.850915,16.717311,98.574328,100.427526,100.662163,101.753137,101.797189,0.688878,0.718925,0.295806,0.113597,calls/second,milliseconds
1779784627,115,101.797189,43.774142,16.272568,38.850915,16.717311,98.574328,100.427526,100.662163,101.753137,101.797189,0.684767,0.718925,0.295806,0.113597,calls/second,milliseconds
1779784628,120,101.797189,41.226846,16.079359,37.869310,16.675181,98.388742,100.372952,100.662163,101.753137,101.797189,0.710303,0.718925,0.295806,0.113597,calls/second,milliseconds
1779784629,120,101.797189,41.226846,16.079359,37.869310,16.675181,98.388742,100.372952,100.662163,101.753137,101.797189,0.706118,0.718925,0.295806,0.113597,calls/second,milliseconds
1779784630,120,101.797189,41.226846,16.079359,37.869310,16.675181,98.388742,100.372952,100.662163,101.753137,101.797189,0.701983,0.821354,0.323974,0.124048,calls/second,milliseconds
1779784631,120,101.797189,41.226846,16.079359,37.869310,16.675181,98.388742,100.372952,100.662163,101.753137,101.797189,0.697894,0.821354,0.323974,0.124048,calls/second,milliseconds
1779784632,120,101.797189,41.226846,16.079359,37.869310,16.675181,98.388742,100.372952,100.662163,101.753137,101.797189,0.693854,0.821354,0.323974,0.124048,calls/second,milliseconds
1779784633,125,101.797189,46.512274,16.079359,39.818165,16.733892,98.612084,100.372952,100.583762,101.732181,101.797189,0.718602,0.821354,0.323974,0.124048,calls/second,milliseconds
1779784634,125,101.797189,46.512274,16.079359,39.818165,16.733892,98.612084,100.372952,100.583762,101.732181,101.797189,0.714489,0.821354,0.323974,0.124048,calls/second,milliseconds
1779784635,125,101.797189,46.512274,16.079359,39.818165,16.733892,98.612084,100.372952,100.583762,101.732181,101.797189,0.710422,0.835638,0.335148,0.128901,calls/second,milliseconds
1779784636,125,101.797189,46.512274,16.079359,39.818165,16.733892,98.612084,100.372952,100.583762,101.732181,101.797189,0.706401,0.835638,0.335148,0.128901,calls/second,milliseconds
1779784637,125,101.797189,46.512274,16.079359,39.818165,16.733892,98.612084,100.372952,100.583762,101.732181,101.797189,0.702424,0.835638,0.335148,0.128901,calls/second,milliseconds
1779784638,125,101.797189,46.512274,16.079359,39.818165,16.733892,98.612084,100.372952,100.583762,101.732181,101.797189,0.698494,0.835638,0.335148,0.128901,calls/second,milliseconds
1779784639,125,101.797189,46.512274,16.079359,39.818165,16.733892,98.612084,100.372952,100.583762,101.732181,101.797189,0.694606,0.835638,0.335148,0.128901,calls/second,milliseconds
1779784640,125,101.797189,46.512274,16.079359,39.818165,16.733892,98.612084,100.372952,100.583762,101.732181,101.797189,0.690762,0.768824,0.329608,0.128187,calls/second,milliseconds
1779784641,125,101.797189,46.512274,16.079359,39.818165,16.733892,98.612084,100.372952,100.583762,101.732181,101.797189,0.686960,0.768824,0.329608,0.128187,calls/second,milliseconds
1779784642,125,101.797189,46.512274,16.079359,39.818165,16.733892,98.612084,100.372952,100.583762,101.732181,101.797189,0.683198,0.768824,0.329608,0.128187,calls/second,milliseconds
1779784643,130,101.797189,43.637787,16.079359,38.902936,16.671552,98.579501,100.365722,100.583762,101.732181,101.797189,0.706657,0.768824,0.329608,0.128187,calls/second,milliseconds
1779784644,130,101.797189,43.637787,16.079359,38.902936,16.671552,98.579501,100.365722,100.583762,101.732181,101.797189,0.702831,0.768824,0.329608,0.128187,calls/second,milliseconds
1779784645,135,101.797189,41.191780,16.079359,37.940774,16.592326,98.574328,100.365722,100.583762,100.662163,101.797189,0.725933,0.787308,0.340689,0.133016,calls/second,milliseconds
1779784646,135,101.797189,41.191780,16.079359,37.940774,16.592326,98.574328,100.365722,100.583762,100.662163,101.797189,0.722043,0.787308,0.340689,0.133016,calls/second,milliseconds
1779784647,135,101.797189,41.191780,16.079359,37.940774,16.592326,98.574328,100.365722,100.583762,100.662163,101.797189,0.718196,0.787308,0.340689,0.133016,calls/second,milliseconds
1779784648,135,101.797189,41.191780,16.079359,37.940774,16.592326,98.574328,100.365722,100.583762,100.662163,101.797189,0.714390,0.787308,0.340689,0.133016,calls/second,milliseconds
1779784649,135,101.797189,41.191780,16.079359,37.940774,16.592326,98.574328,100.365722,100.583762,100.662163,101.797189,0.710623,0.787308,0.340689,0.133016,calls/second,milliseconds
1779784650,140,101.797189,46.228099,16.079359,39.711391,16.672781,98.593680,100.287195,100.529054,100.662163,101.797189,0.733078,0.804314,0.351586,0.137820,calls/second,milliseconds
1779784651,140,101.797189,46.228099,16.079359,39.711391,16.672781,98.593680,100.287195,100.529054,100.662163,101.797189,0.729254,0.804314,0.351586,0.137820,calls/second,milliseconds
1779784652,140,101.797189,46.228099,16.079359,39.711391,16.672781,98.593680,100.287195,100.529054,100.662163,101.797189,0.725468,0.804314,0.351586,0.137820,calls/second,milliseconds
1779784653,140,101.797189,46.228099,16.079359,39.711391,16.672781,98.593680,100.287195,100.529054,100.662163,101.797189,0.721722,0.804314,0.351586,0.137820,calls/second,milliseconds
1779784654,140,101.797189,46.228099,16.079359,39.711391,16.672781,98.593680,100.287195,100.529054,100.662163,101.797189,0.718015,0.804314,0.351586,0.137820,calls/second,milliseconds
1779784655,140,101.797189,46.228099,16.079359,39.711391,16.672781,98.593680,100.287195,100.529054,100.662163,101.797189,0.714347,0.819960,0.362304,0.142596,calls/second,milliseconds
1779784656,140,101.797189,46.228099,16.079359,39.711391,16.672781,98.593680,100.287195,100.529054,100.662163,101.797189,0.710715,0.819960,0.362304,0.142596,calls/second,milliseconds
1779784657,140,101.797189,46.228099,16.079359,39.711391,16.672781,98.593680,100.287195,100.529054,100.662163,101.797189,0.707118,0.819960,0.362304,0.142596,calls/second,milliseconds
1779784658,140,101.797189,46.228099,16.079359,39.711391,16.672781,98.593680,100.287195,100.529054,100.662163,101.797189,0.703558,0.819960,0.362304,0.142596,calls/second,milliseconds
1779784659,140,101.797189,46.228099,16.079359,39.711391,16.672781,98.593680,100.287195,100.529054,100.662163,101.797189,0.700035,0.819960,0.362304,0.142596,calls/second,milliseconds
1779784660,145,101.797189,43.435115,16.006316,38.828699,16.586784,98.574328,100.260712,100.529054,100.662163,101.797189,0.721424,0.754400,0.356315,0.141806,calls/second,milliseconds
1779784661,145,101.797189,43.435115,16.006316,38.828699,16.586784,98.574328,100.260712,100.529054,100.662163,101.797189,0.717845,0.754400,0.356315,0.141806,calls/second,milliseconds
1779784662,150,101.797189,41.094835,16.006316,37.867366,16.550703,98.558219,100.212995,100.429535,100.662163,101.797189,0.738934,0.754400,0.356315,0.141806,calls/second,milliseconds
1779784663,150,101.797189,41.094835,16.006316,37.867366,16.550703,98.558219,100.212995,100.429535,100.662163,101.797189,0.735307,0.754400,0.356315,0.141806,calls/second,milliseconds
1779784664,150,101.797189,41.094835,16.006316,37.867366,16.550703,98.558219,100.212995,100.429535,100.662163,101.797189,0.731713,0.754400,0.356315,0.141806,calls/second,milliseconds
1779784665,150,101.797189,41.094835,16.006316,37.867366,16.550703,98.558219,100.212995,100.429535,100.662163,101.797189,0.728155,0.853992,0.383483,0.152101,calls/second,milliseconds
1779784666,150,101.797189,41.094835,16.006316,37.867366,16.550703,98.558219,100.212995,100.429535,100.662163,101.797189,0.724632,0.853992,0.383483,0.152101,calls/second,milliseconds
1779784667,155,101.797189,46.099442,16.006316,39.724113,16.592326,98.612084,99.983063,100.429535,100.662163,101.797189,0.745182,0.853992,0.383483,0.152101,calls/second,milliseconds
1779784668,155,101.797189,46.099442,16.006316,39.724113,16.592326,98.612084,99.983063,100.429535,100.662163,101.797189,0.741609,0.853992,0.383483,0.152101,calls/second,milliseconds
1779784669,155,101.797189,46.099442,16.006316,39.724113,16.592326,98.612084,99.983063,100.429535,100.662163,101.797189,0.738072,0.865666,0.393673,0.156798,calls/second,milliseconds
1779784670,155,101.797189,46.099442,16.006316,39.724113,16.592326,98.612084,99.983063,100.429535,100.662163,101.797189,0.734566,0.865666,0.393673,0.156798,calls/second,milliseconds
1779784671,155,101.797189,46.099442,16.006316,39.724113,16.592326,98.612084,99.983063,100.429535,100.662163,101.797189,0.731096,0.865666,0.393673,0.156798,calls/second,milliseconds
1779784672,155,101.797189,46.099442,16.006316,39.724113,16.592326,98.612084,99.983063,100.429535,100.662163,101.797189,0.727656,0.865666,0.393673,0.156798,calls/second,milliseconds
1779784673,155,101.797189,46.099442,16.006316,39.724113,16.592326,98.612084,99.983063,100.429535,100.662163,101.797189,0.724250,0.865666,0.393673,0.156798,calls/second,milliseconds
1779784674,155,101.797189,46.099442,16.006316,39.724113,16.592326,98.612084,99.983063,100.429535,100.662163,101.797189,0.720876,0.796452,0.387166,0.155930,calls/second,milliseconds
1779784675,155,101.797189,46.099442,16.006316,39.724113,16.592326,98.612084,99.983063,100.429535,100.662163,101.797189,0.717533,0.796452,0.387166,0.155930,calls/second,milliseconds
1779784676,155,101.797189,46.099442,16.006316,39.724113,16.592326,98.612084,99.983063,100.429535,100.662163,101.797189,0.714219,0.796452,0.387166,0.155930,calls/second,milliseconds
1779784677,160,101.797189,43.409635,16.006316,38.828511,16.549361,98.593680,99.979490,100.427526,100.583762,101.797189,0.733872,0.796452,0.387166,0.155930,calls/second,milliseconds
1779784678,160,101.797189,43.409635,16.006316,38.828511,16.549361,98.593680,99.979490,100.427526,100.583762,101.797189,0.730516,0.796452,0.387166,0.155930,calls/second,milliseconds
1779784679,165,101.797189,41.117066,16.006316,37.884177,16.550703,98.571296,99.738161,100.427526,100.583762,101.797189,0.749916,0.892682,0.413824,0.166146,calls/second,milliseconds
1779784680,165,101.797189,41.117066,16.006316,37.884177,16.550703,98.571296,99.738161,100.427526,100.583762,101.797189,0.746516,0.892682,0.413824,0.166146,calls/second,milliseconds
1779784681,165,101.797189,41.117066,16.006316,37.884177,16.550703,98.571296,99.738161,100.427526,100.583762,101.797189,0.743148,0.892682,0.413824,0.166146,calls/second,milliseconds
1779784682,165,101.797189,41.117066,16.006316,37.884177,16.550703,98.571296,99.738161,100.427526,100.583762,101.797189,0.739809,0.892682,0.413824,0.166146,calls/second,milliseconds
1779784683,165,101.797189,41.117066,16.006316,37.884177,16.550703,98.571296,99.738161,100.427526,100.583762,101.797189,0.736502,0.892682,0.413824,0.166146,calls/second,milliseconds
1779784684,170,101.797189,45.946543,16.006316,39.593635,16.589060,98.440690,99.738161,100.372952,100.583762,101.797189,0.755443,0.901263,0.423513,0.170766,calls/second,milliseconds
1779784685,170,101.797189,45.946543,16.006316,39.593635,16.589060,98.440690,99.738161,100.372952,100.583762,101.797189,0.752096,0.901263,0.423513,0.170766,calls/second,milliseconds
1779784686,170,101.797189,45.946543,16.006316,39.593635,16.589060,98.440690,99.738161,100.372952,100.583762,101.797189,0.748776,0.901263,0.423513,0.170766,calls/second,milliseconds
1779784687,170,101.797189,45.946543,16.006316,39.593635,16.589060,98.440690,99.738161,100.372952,100.583762,101.797189,0.745488,0.901263,0.423513,0.170766,calls/second,milliseconds
1779784688,170,101.797189,45.946543,16.006316,39.593635,16.589060,98.440690,99.738161,100.372952,100.583762,101.797189,0.742228,0.901263,0.423513,0.170766,calls/second,milliseconds
1779784689,170,101.797189,45.946543,16.006316,39.593635,16.589060,98.440690,99.738161,100.372952,100.583762,101.797189,0.738995,0.829202,0.416513,0.169820,calls/second,milliseconds
1779784690,170,101.797189,45.946543,16.006316,39.593635,16.589060,98.440690,99.738161,100.372952,100.583762,101.797189,0.735791,0.829202,0.416513,0.169820,calls/second,milliseconds
1779784691,170,101.797189,45.946543,16.006316,39.593635,16.589060,98.440690,99.738161,100.372952,100.583762,101.797189,0.732615,0.829202,0.416513,0.169820,calls/second,milliseconds
1779784692,170,101.797189,45.946543,16.006316,39.593635,16.589060,98.440690,99.738161,100.372952,100.583762,101.797189,0.729465,0.829202,0.416513,0.169820,calls/second,milliseconds
1779784693,170,101.797189,45.946543,16.006316,39.593635,16.589060,98.440690,99.738161,100.372952,100.583762,101.797189,0.726344,0.829202,0.416513,0.169820,calls/second,milliseconds
1779784694,175,101.797189,43.316775,16.006316,38.709970,16.549361,98.433935,99.694673,100.372952,100.529054,101.783160,0.744521,0.842858,0.426157,0.174419,calls/second,milliseconds
1779784695,175,101.797189,43.316775,16.006316,38.709970,16.549361,98.433935,99.694673,100.372952,100.529054,101.783160,0.741360,0.842858,0.426157,0.174419,calls/second,milliseconds
1779784696,180,101.797189,41.060183,16.006316,37.785498,16.542591,98.420508,99.683094,100.365722,100.529054,101.783160,0.759318,0.842858,0.426157,0.174419,calls/second,milliseconds
1779784697,180,101.797189,41.060183,16.006316,37.785498,16.542591,98.420508,99.683094,100.365722,100.529054,101.783160,0.756123,0.842858,0.426157,0.174419,calls/second,milliseconds
1779784698,180,101.797189,41.060183,16.006316,37.785498,16.542591,98.420508,99.683094,100.365722,100.529054,101.783160,0.752955,0.842858,0.426157,0.174419,calls/second,milliseconds
1779784699,180,101.797189,41.060183,16.006316,37.785498,16.542591,98.420508,99.683094,100.365722,100.529054,101.783160,0.749812,0.855422,0.435642,0.178993,calls/second,milliseconds
1779784700,180,101.797189,41.060183,16.006316,37.785498,16.542591,98.420508,99.683094,100.365722,100.529054,101.783160,0.746694,0.855422,0.435642,0.178993,calls/second,milliseconds
1779784701,185,101.797189,45.835746,16.006316,39.501396,16.553984,98.477480,99.672961,100.365722,100.529054,101.783160,0.764260,0.855422,0.435642,0.178993,calls/second,milliseconds
1779784702,185,101.797189,45.835746,16.006316,39.501396,16.553984,98.477480,99.672961,100.365722,100.529054,101.783160,0.761109,0.855422,0.435642,0.178993,calls/second,milliseconds
1779784703,185,101.797189,45.835746,16.006316,39.501396,16.553984,98.477480,99.672961,100.365722,100.529054,101.783160,0.757986,0.855422,0.435642,0.178993,calls/second,milliseconds
1779784704,185,101.797189,45.835746,16.006316,39.501396,16.553984,98.477480,99.672961,100.365722,100.529054,101.783160,0.754889,0.866982,0.444970,0.183542,calls/second,milliseconds
1779784705,185,101.797189,45.835746,16.006316,39.501396,16.553984,98.477480,99.672961,100.365722,100.529054,101.783160,0.751816,0.866982,0.444970,0.183542,calls/second,milliseconds
1779784706,185,101.797189,45.835746,16.006316,39.501396,16.553984,98.477480,99.672961,100.365722,100.529054,101.783160,0.748769,0.866982,0.444970,0.183542,calls/second,milliseconds
1779784707,185,101.797189,45.835746,16.006316,39.501396,16.553984,98.477480,99.672961,100.365722,100.529054,101.783160,0.745745,0.866982,0.444970,0.183542,calls/second,milliseconds
1779784708,185,101.797189,45.835746,16.006316,39.501396,16.553984,98.477480,99.672961,100.365722,100.529054,101.783160,0.742746,0.866982,0.444970,0.183542,calls/second,milliseconds
1779784709,185,101.797189,45.835746,16.006316,39.501396,16.553984,98.477480,99.672961,100.365722,100.529054,101.783160,0.739771,0.797662,0.437615,0.182525,calls/second,milliseconds
1779784710,185,101.797189,45.835746,16.006316,39.501396,16.553984,98.477480,99.672961,100.365722,100.529054,101.783160,0.736821,0.797662,0.437615,0.182525,calls/second,milliseconds
1779784711,190,101.797189,43.235638,16.006316,38.636924,16.535560,98.440104,99.672961,100.287195,100.429535,101.783160,0.753704,0.797662,0.437615,0.182525,calls/second,milliseconds
1779784712,190,101.797189,43.235638,16.006316,38.636924,16.535560,98.440104,99.672961,100.287195,100.429535,101.783160,0.750720,0.797662,0.437615,0.182525,calls/second,milliseconds
1779784713,195,101.797189,40.996330,16.006316,37.732739,16.494855,98.433935,99.672797,100.260712,100.429535,101.783160,0.767438,0.797662,0.437615,0.182525,calls/second,milliseconds
1779784714,195,101.797189,40.996330,16.006316,37.732739,16.494855,98.433935,99.672797,100.260712,100.429535,101.783160,0.764424,0.893796,0.463439,0.192594,calls/second,milliseconds
1779784715,195,101.797189,40.996330,16.006316,37.732739,16.494855,98.433935,99.672797,100.260712,100.429535,101.783160,0.761435,0.893796,0.463439,0.192594,calls/second,milliseconds
1779784716,195,101.797189,40.996330,16.006316,37.732739,16.494855,98.433935,99.672797,100.260712,100.429535,101.783160,0.758466,0.893796,0.463439,0.192594,calls/second,milliseconds
1779784717,195,101.797189,40.996330,16.006316,37.732739,16.494855,98.433935,99.672797,100.260712,100.429535,101.783160,0.755523,0.893796,0.463439,0.192594,calls/second,milliseconds
1779784718,200,101.797189,45.855856,16.006316,39.619400,16.542026,98.482459,100.019526,100.212995,100.427526,101.783160,0.771898,0.893796,0.463439,0.192594,calls/second,milliseconds
1779784719,200,101.797189,45.855856,16.006316,39.619400,16.542026,98.482459,100.019526,100.212995,100.427526,101.783160,0.768924,0.902287,0.472307,0.197067,calls/second,milliseconds
1779784720,200,101.797189,45.855856,16.006316,39.619400,16.542026,98.482459,100.019526,100.212995,100.427526,101.783160,0.765975,0.902287,0.472307,0.197067,calls/second,milliseconds
1779784721,200,101.797189,45.855856,16.006316,39.619400,16.542026,98.482459,100.019526,100.212995,100.427526,101.783160,0.763048,0.902287,0.472307,0.197067,calls/second,milliseconds
1779784722,200,101.797189,45.855856,16.006316,39.619400,16.542026,98.482459,100.019526,100.212995,100.427526,101.783160,0.760144,0.902287,0.472307,0.197067,calls/second,milliseconds
1779784723,200,101.797189,45.855856,16.006316,39.619400,16.542026,98.482459,100.019526,100.212995,100.427526,101.783160,0.757262,0.902287,0.472307,0.197067,calls/second,milliseconds
1779784724,200,101.797189,45.855856,16.006316,39.619400,16.542026,98.482459,100.019526,100.212995,100.427526,101.783160,0.754401,0.830144,0.464501,0.195975,calls/second,milliseconds
1779784725,200,101.797189,45.855856,16.006316,39.619400,16.542026,98.482459,100.019526,100.212995,100.427526,101.783160,0.751563,0.830144,0.464501,0.195975,calls/second,milliseconds
1779784726,200,101.797189,45.855856,16.006316,39.619400,16.542026,98.482459,100.019526,100.212995,100.427526,101.783160,0.748745,0.830144,0.464501,0.195975,calls/second,milliseconds
1779784727,200,101.797189,45.855856,16.006316,39.619400,16.542026,98.482459,100.019526,100.212995,100.427526,101.783160,0.745949,0.830144,0.464501,0.195975,calls/second,milliseconds
1779784728,205,101.797189,43.267812,16.006316,38.764034,16.493281,98.477480,100.019526,100.212995,100.427526,101.783160,0.761751,0.830144,0.464501,0.195975,calls/second,milliseconds
1779784729,205,101.797189,43.267812,16.006316,38.764034,16.493281,98.477480,100.019526,100.212995,100.427526,101.783160,0.758926,0.843725,0.473352,0.200430,calls/second,milliseconds
1779784730,210,101.797189,41.037537,16.006316,37.866797,16.463239,98.440104,100.019517,100.024648,100.372952,101.783160,0.774565,0.843725,0.473352,0.200430,calls/second,milliseconds
1779784731,210,101.797189,41.037537,16.006316,37.866797,16.463239,98.440104,100.019517,100.024648,100.372952,101.783160,0.771714,0.843725,0.473352,0.200430,calls/second,milliseconds
1779784732,210,101.797189,41.037537,16.006316,37.866797,16.463239,98.440104,100.019517,100.024648,100.372952,101.783160,0.768884,0.843725,0.473352,0.200430,calls/second,milliseconds
1779784733,210,101.797189,41.037537,16.006316,37.866797,16.463239,98.440104,100.019517,100.024648,100.372952,101.783160,0.766075,0.843725,0.473352,0.200430,calls/second,milliseconds
1779784734,210,101.797189,41.037537,16.006316,37.866797,16.463239,98.440104,100.019517,100.024648,100.372952,101.783160,0.763285,0.856220,0.482057,0.204859,calls/second,milliseconds
1779784735,210,101.797189,41.037537,16.006316,37.866797,16.463239,98.440104,100.019517,100.024648,100.372952,101.783160,0.760516,0.856220,0.482057,0.204859,calls/second,milliseconds
1779784736,210,101.797189,41.037537,16.006316,37.866797,16.463239,98.440104,100.019517,100.024648,100.372952,101.783160,0.757768,0.856220,0.482057,0.204859,calls/second,milliseconds
1779784737,210,101.797189,41.037537,16.006316,37.866797,16.463239,98.440104,100.019517,100.024648,100.372952,101.783160,0.755039,0.856220,0.482057,0.204859,calls/second,milliseconds
1779784738,210,101.797189,41.037537,16.006316,37.866797,16.463239,98.440104,100.019517,100.024648,100.372952,101.783160,0.752331,0.856220,0.482057,0.204859,calls/second,milliseconds
1779784739,210,101.797189,41.037537,16.006316,37.866797,16.463239,98.440104,100.019517,100.024648,100.372952,101.783160,0.749642,0.787761,0.474089,0.203724,calls/second,milliseconds
1779784740,215,101.797189,46.170569,16.006316,39.788642,16.500093,98.579458,100.019517,100.024648,100.372952,101.774070,0.764756,0.787761,0.474089,0.203724,calls/second,milliseconds
1779784741,215,101.797189,46.170569,16.006316,39.788642,16.500093,98.579458,100.019517,100.024648,100.372952,101.774070,0.762040,0.787761,0.474089,0.203724,calls/second,milliseconds
1779784742,215,101.797189,46.170569,16.006316,39.788642,16.500093,98.579458,100.019517,100.024648,100.372952,101.774070,0.759345,0.787761,0.474089,0.203724,calls/second,milliseconds
1779784743,215,101.797189,46.170569,16.006316,39.788642,16.500093,98.579458,100.019517,100.024648,100.372952,101.774070,0.756666,0.787761,0.474089,0.203724,calls/second,milliseconds
1779784744,215,101.797189,46.170569,16.006316,39.788642,16.500093,98.579458,100.019517,100.024648,100.372952,101.774070,0.754008,0.804730,0.482781,0.208136,calls/second,milliseconds
1779784745,215,101.797189,46.170569,16.006316,39.788642,16.500093,98.579458,100.019517,100.024648,100.372952,101.774070,0.751368,0.804730,0.482781,0.208136,calls/second,milliseconds
1779784746,215,101.797189,46.170569,16.006316,39.788642,16.500093,98.579458,100.019517,100.024648,100.372952,101.774070,0.748747,0.804730,0.482781,0.208136,calls/second,milliseconds
1779784747,215,101.797189,46.170569,16.006316,39.788642,16.500093,98.579458,100.019517,100.024648,100.372952,101.774070,0.746144,0.804730,0.482781,0.208136,calls/second,milliseconds
1779784748,215,101.797189,46.170569,16.006316,39.788642,16.500093,98.579458,100.019517,100.024648,100.372952,101.774070,0.743560,0.804730,0.482781,0.208136,calls/second,milliseconds
1779784749,215,101.797189,46.170569,16.006316,39.788642,16.500093,98.579458,100.019517,100.024648,100.372952,101.774070,0.740994,0.740388,0.474802,0.206983,calls/second,milliseconds
1779784750,220,101.797189,43.398513,16.006316,38.892177,16.463239,98.482459,100.019419,100.024648,100.365722,101.774070,0.755619,0.740388,0.474802,0.206983,calls/second,milliseconds
1779784751,220,101.797189,43.398513,16.006316,38.892177,16.463239,98.482459,100.019419,100.024648,100.365722,101.774070,0.753029,0.740388,0.474802,0.206983,calls/second,milliseconds
1779784752,225,101.797189,41.049176,16.006316,37.937811,16.424591,98.440690,100.019419,100.024648,100.287195,101.774070,0.767512,0.740388,0.474802,0.206983,calls/second,milliseconds
1779784753,225,101.797189,41.049176,16.006316,37.937811,16.424591,98.440690,100.019419,100.024648,100.287195,101.774070,0.764899,0.740388,0.474802,0.206983,calls/second,milliseconds
1779784754,225,101.797189,41.049176,16.006316,37.937811,16.424591,98.440690,100.019419,100.024648,100.287195,101.774070,0.762303,0.841101,0.500011,0.216916,calls/second,milliseconds
1779784755,225,101.797189,41.049176,16.006316,37.937811,16.424591,98.440690,100.019419,100.024648,100.287195,101.774070,0.759725,0.841101,0.500011,0.216916,calls/second,milliseconds
1779784756,225,101.797189,41.049176,16.006316,37.937811,16.424591,98.440690,100.019419,100.024648,100.287195,101.774070,0.757163,0.841101,0.500011,0.216916,calls/second,milliseconds
1779784757,225,101.797189,41.049176,16.006316,37.937811,16.424591,98.440690,100.019419,100.024648,100.287195,101.774070,0.754619,0.841101,0.500011,0.216916,calls/second,milliseconds
1779784758,225,101.797189,41.049176,16.006316,37.937811,16.424591,98.440690,100.019419,100.024648,100.287195,101.774070,0.752093,0.841101,0.500011,0.216916,calls/second,milliseconds
1779784759,225,101.797189,41.049176,16.006316,37.937811,16.424591,98.440690,100.019419,100.024648,100.287195,101.774070,0.749582,0.773850,0.491747,0.215715,calls/second,milliseconds
1779784760,225,101.797189,41.049176,16.006316,37.937811,16.424591,98.440690,100.019419,100.024648,100.287195,101.774070,0.747089,0.773850,0.491747,0.215715,calls/second,milliseconds
1779784761,225,101.797189,41.049176,16.006316,37.937811,16.424591,98.440690,100.019419,100.024648,100.287195,101.774070,0.744612,0.773850,0.491747,0.215715,calls/second,milliseconds
1779784762,225,101.797189,41.049176,16.006316,37.937811,16.424591,98.440690,100.019419,100.024648,100.287195,101.774070,0.742152,0.773850,0.491747,0.215715,calls/second,milliseconds
1779784763,225,101.797189,41.049176,16.006316,37.937811,16.424591,98.440690,100.019419,100.024648,100.287195,101.774070,0.739708,0.773850,0.491747,0.215715,calls/second,milliseconds
1779784764,225,101.797189,41.049176,16.006316,37.937811,16.424591,98.440690,100.019419,100.024648,100.287195,101.774070,0.737281,0.711976,0.483619,0.214519,calls/second,milliseconds
1779784765,225,101.797189,41.049176,16.006316,37.937811,16.424591,98.440690,100.019419,100.024648,100.287195,101.774070,0.734869,0.711976,0.483619,0.214519,calls/second,milliseconds
1779784766,225,101.797189,41.049176,16.006316,37.937811,16.424591,98.440690,100.019419,100.024648,100.287195,101.774070,0.732474,0.711976,0.483619,0.214519,calls/second,milliseconds
1779784767,230,101.797189,46.831305,16.006316,40.068854,16.466417,99.505735,100.019526,100.035564,100.287195,101.774070,0.746316,0.711976,0.483619,0.214519,calls/second,milliseconds
1779784768,230,101.797189,46.831305,16.006316,40.068854,16.466417,99.505735,100.019526,100.035564,100.287195,101.774070,0.743898,0.711976,0.483619,0.214519,calls/second,milliseconds
1779784769,230,101.797189,46.831305,16.006316,40.068854,16.466417,99.505735,100.019526,100.035564,100.287195,101.774070,0.741495,0.735006,0.492154,0.218871,calls/second,milliseconds
1779784770,230,101.797189,46.831305,16.006316,40.068854,16.466417,99.505735,100.019526,100.035564,100.287195,101.774070,0.739108,0.735006,0.492154,0.218871,calls/second,milliseconds
1779784771,230,101.797189,46.831305,16.006316,40.068854,16.466417,99.505735,100.019526,100.035564,100.287195,101.774070,0.736736,0.735006,0.492154,0.218871,calls/second,milliseconds
1779784772,230,101.797189,46.831305,16.006316,40.068854,16.466417,99.505735,100.019526,100.035564,100.287195,101.774070,0.734380,0.735006,0.492154,0.218871,calls/second,milliseconds
1779784773,230,101.797189,46.831305,16.006316,40.068854,16.466417,99.505735,100.019526,100.035564,100.287195,101.774070,0.732040,0.735006,0.492154,0.218871,calls/second,milliseconds
1779784774,230,101.797189,46.831305,16.006316,40.068854,16.466417,99.505735,100.019526,100.035564,100.287195,101.774070,0.729714,0.676238,0.484019,0.217659,calls/second,milliseconds
1779784775,230,101.797189,46.831305,16.006316,40.068854,16.466417,99.505735,100.019526,100.035564,100.287195,101.774070,0.727403,0.676238,0.484019,0.217659,calls/second,milliseconds
1779784776,230,101.797189,46.831305,16.006316,40.068854,16.466417,99.505735,100.019526,100.035564,100.287195,101.774070,0.725106,0.676238,0.484019,0.217659,calls/second,milliseconds
1779784777,235,101.797189,43.673440,15.938812,39.099440,16.417537,98.593680,100.019517,100.035564,100.260712,101.753137,0.738536,0.676238,0.484019,0.217659,calls/second,milliseconds
1779784778,235,101.797189,43.673440,15.938812,39.099440,16.417537,98.593680,100.019517,100.035564,100.260712,101.753137,0.736218,0.676238,0.484019,0.217659,calls/second,milliseconds
1779784779,240,101.797189,41.066840,15.938812,38.045034,16.350351,98.482459,100.019419,100.035564,100.212995,101.753137,0.749530,0.782080,0.509076,0.227533,calls/second,milliseconds
1779784780,240,101.797189,41.066840,15.938812,38.045034,16.350351,98.482459,100.019419,100.035564,100.212995,101.753137,0.747192,0.782080,0.509076,0.227533,calls/second,milliseconds
1779784781,240,101.797189,41.066840,15.938812,38.045034,16.350351,98.482459,100.019419,100.035564,100.212995,101.753137,0.744869,0.782080,0.509076,0.227533,calls/second,milliseconds
1779784782,240,101.797189,41.066840,15.938812,38.045034,16.350351,98.482459,100.019419,100.035564,100.212995,101.753137,0.742562,0.782080,0.509076,0.227533,calls/second,milliseconds
1779784783,240,101.797189,41.066840,15.938812,38.045034,16.350351,98.482459,100.019419,100.035564,100.212995,101.753137,0.740268,0.782080,0.509076,0.227533,calls/second,milliseconds
1779784784,245,101.797189,46.428905,15.938812,39.902522,16.418055,98.583063,100.019419,100.035564,100.035564,101.753137,0.753363,0.799504,0.517190,0.231813,calls/second,milliseconds
1779784785,245,101.797189,46.428905,15.938812,39.902522,16.418055,98.583063,100.019419,100.035564,100.035564,101.753137,0.751049,0.799504,0.517190,0.231813,calls/second,milliseconds
1779784786,245,101.797189,46.428905,15.938812,39.902522,16.418055,98.583063,100.019419,100.035564,100.035564,101.753137,0.748750,0.799504,0.517190,0.231813,calls/second,milliseconds
1779784787,245,101.797189,46.428905,15.938812,39.902522,16.418055,98.583063,100.019419,100.035564,100.035564,101.753137,0.746464,0.799504,0.517190,0.231813,calls/second,milliseconds
1779784788,245,101.797189,46.428905,15.938812,39.902522,16.418055,98.583063,100.019419,100.035564,100.035564,101.753137,0.744193,0.799504,0.517190,0.231813,calls/second,milliseconds
1779784789,245,101.797189,46.428905,15.938812,39.902522,16.418055,98.583063,100.019419,100.035564,100.035564,101.753137,0.741936,0.735579,0.508642,0.230528,calls/second,milliseconds
1779784790,245,101.797189,46.428905,15.938812,39.902522,16.418055,98.583063,100.019419,100.035564,100.035564,101.753137,0.739693,0.735579,0.508642,0.230528,calls/second,milliseconds
1779784791,245,101.797189,46.428905,15.938812,39.902522,16.418055,98.583063,100.019419,100.035564,100.035564,101.753137,0.737462,0.735579,0.508642,0.230528,calls/second,milliseconds
1779784792,245,101.797189,46.428905,15.938812,39.902522,16.418055,98.583063,100.019419,100.035564,100.035564,101.753137,0.735246,0.735579,0.508642,0.230528,calls/second,milliseconds
1779784793,245,101.797189,46.428905,15.938812,39.902522,16.418055,98.583063,100.019419,100.035564,100.035564,101.753137,0.733042,0.735579,0.508642,0.230528,calls/second,milliseconds
1779784794,250,101.797189,43.510350,15.938812,38.926634,16.490546,98.583054,100.002175,100.035564,100.035564,101.732181,0.745766,0.756721,0.516763,0.234791,calls/second,milliseconds
1779784795,250,101.797189,43.510350,15.938812,38.926634,16.490546,98.583054,100.002175,100.035564,100.035564,101.732181,0.743544,0.756721,0.516763,0.234791,calls/second,milliseconds
1779784796,255,101.797189,41.026091,15.938812,37.920417,16.417537,98.540839,100.002175,100.024648,100.035564,101.732181,0.756161,0.756721,0.516763,0.234791,calls/second,milliseconds
1779784797,255,101.797189,41.026091,15.938812,37.920417,16.417537,98.540839,100.002175,100.024648,100.035564,101.732181,0.753923,0.756721,0.516763,0.234791,calls/second,milliseconds
1779784798,255,101.797189,41.026091,15.938812,37.920417,16.417537,98.540839,100.002175,100.024648,100.035564,101.732181,0.751697,0.756721,0.516763,0.234791,calls/second,milliseconds
1779784799,255,101.797189,41.026091,15.938812,37.920417,16.417537,98.540839,100.002175,100.024648,100.035564,101.732181,0.749484,0.776173,0.524751,0.239031,calls/second,milliseconds
1779784800,255,101.797189,41.026091,15.938812,37.920417,16.417537,98.540839,100.002175,100.024648,100.035564,101.732181,0.747285,0.776173,0.524751,0.239031,calls/second,milliseconds
1779784801,260,101.797189,46.185057,15.938812,39.734270,16.494855,98.505754,100.002168,100.024648,100.035564,100.662163,0.759706,0.776173,0.524751,0.239031,calls/second,milliseconds
1779784802,260,101.797189,46.185057,15.938812,39.734270,16.494855,98.505754,100.002168,100.024648,100.035564,100.662163,0.757489,0.776173,0.524751,0.239031,calls/second,milliseconds
1779784803,260,101.797189,46.185057,15.938812,39.734270,16.494855,98.505754,100.002168,100.024648,100.035564,100.662163,0.755286,0.776173,0.524751,0.239031,calls/second,milliseconds
1779784804,260,101.797189,46.185057,15.938812,39.734270,16.494855,98.505754,100.002168,100.024648,100.035564,100.662163,0.753095,0.794069,0.532606,0.243247,calls/second,milliseconds
1779784805,260,101.797189,46.185057,15.938812,39.734270,16.494855,98.505754,100.002168,100.024648,100.035564,100.662163,0.750915,0.794069,0.532606,0.243247,calls/second,milliseconds
1779784806,260,101.797189,46.185057,15.938812,39.734270,16.494855,98.505754,100.002168,100.024648,100.035564,100.662163,0.748750,0.794069,0.532606,0.243247,calls/second,milliseconds
1779784807,260,101.797189,46.185057,15.938812,39.734270,16.494855,98.505754,100.002168,100.024648,100.035564,100.662163,0.746596,0.794069,0.532606,0.243247,calls/second,milliseconds
1779784808,260,101.797189,46.185057,15.938812,39.734270,16.494855,98.505754,100.002168,100.024648,100.035564,100.662163,0.744454,0.794069,0.532606,0.243247,calls/second,milliseconds
1779784809,260,101.797189,46.185057,15.938812,39.734270,16.494855,98.505754,100.002168,100.024648,100.035564,100.662163,0.742324,0.730579,0.523803,0.241899,calls/second,milliseconds
1779784810,260,101.797189,46.185057,15.938812,39.734270,16.494855,98.505754,100.002168,100.024648,100.035564,100.662163,0.740207,0.730579,0.523803,0.241899,calls/second,milliseconds
1779784811,265,101.797189,43.371248,15.938812,38.802681,16.437845,98.504191,100.002168,100.024648,100.035564,100.662163,0.752297,0.730579,0.523803,0.241899,calls/second,milliseconds
1779784812,265,101.797189,43.371248,15.938812,38.802681,16.437845,98.504191,100.002168,100.024648,100.035564,100.662163,0.750164,0.730579,0.523803,0.241899,calls/second,milliseconds
1779784814,270,101.797189,40.956846,15.938812,37.842241,16.397029,98.503596,99.983417,100.019526,100.035564,100.662163,0.762157,0.730579,0.523803,0.241899,calls/second,milliseconds
1779784815,270,101.797189,40.956846,15.938812,37.842241,16.397029,98.503596,99.983417,100.019526,100.035564,100.662163,0.760009,0.832076,0.548202,0.251639,calls/second,milliseconds
1779784816,270,101.797189,40.956846,15.938812,37.842241,16.397029,98.503596,99.983417,100.019526,100.035564,100.662163,0.757873,0.832076,0.548202,0.251639,calls/second,milliseconds
1779784817,270,101.797189,40.956846,15.938812,37.842241,16.397029,98.503596,99.983417,100.019526,100.035564,100.662163,0.755740,0.832076,0.548202,0.251639,calls/second,milliseconds
1779784818,270,101.797189,40.956846,15.938812,37.842241,16.397029,98.503596,99.983417,100.019526,100.035564,100.662163,0.753627,0.832076,0.548202,0.251639,calls/second,milliseconds
1779784819,275,101.797189,46.061727,15.938812,39.745812,16.437845,98.558219,99.983417,100.019526,100.035564,100.662163,0.765443,0.832076,0.548202,0.251639,calls/second,milliseconds
1779784820,275,101.797189,46.061727,15.938812,39.745812,16.437845,98.558219,99.983417,100.019526,100.035564,100.662163,0.763316,0.845502,0.555670,0.255785,calls/second,milliseconds
1779784821,275,101.797189,46.061727,15.938812,39.745812,16.437845,98.558219,99.983417,100.019526,100.035564,100.662163,0.761200,0.845502,0.555670,0.255785,calls/second,milliseconds
1779784822,275,101.797189,46.061727,15.938812,39.745812,16.437845,98.558219,99.983417,100.019526,100.035564,100.662163,0.759096,0.845502,0.555670,0.255785,calls/second,milliseconds
1779784823,275,101.797189,46.061727,15.938812,39.745812,16.437845,98.558219,99.983417,100.019526,100.035564,100.662163,0.757004,0.845502,0.555670,0.255785,calls/second,milliseconds
1779784824,275,101.797189,46.061727,15.938812,39.745812,16.437845,98.558219,99.983417,100.019526,100.035564,100.662163,0.754923,0.845502,0.555670,0.255785,calls/second,milliseconds
1779784825,275,101.797189,46.061727,15.938812,39.745812,16.437845,98.558219,99.983417,100.019526,100.035564,100.662163,0.752854,0.777900,0.546485,0.254368,calls/second,milliseconds
1779784826,275,101.797189,46.061727,15.938812,39.745812,16.437845,98.558219,99.983417,100.019526,100.035564,100.662163,0.750795,0.777900,0.546485,0.254368,calls/second,milliseconds
1779784827,275,101.797189,46.061727,15.938812,39.745812,16.437845,98.558219,99.983417,100.019526,100.035564,100.662163,0.748747,0.777900,0.546485,0.254368,calls/second,milliseconds
1779784828,275,101.797189,46.061727,15.938812,39.745812,16.437845,98.558219,99.983417,100.019526,100.035564,100.662163,0.746711,0.777900,0.546485,0.254368,calls/second,milliseconds
1779784829,280,101.797189,43.319686,15.938812,38.839574,16.397029,98.505754,99.977317,100.019517,100.035564,100.583762,0.758226,0.777900,0.546485,0.254368,calls/second,milliseconds
1779784830,280,101.797189,43.319686,15.938812,38.839574,16.397029,98.505754,99.977317,100.019517,100.035564,100.583762,0.756174,0.795658,0.553981,0.258499,calls/second,milliseconds
1779784831,285,101.797189,40.950445,15.938812,37.908143,16.353100,98.504191,99.962724,100.019517,100.035564,100.583762,0.767601,0.795658,0.553981,0.258499,calls/second,milliseconds
1779784832,285,101.797189,40.950445,15.938812,37.908143,16.353100,98.504191,99.962724,100.019517,100.035564,100.583762,0.765536,0.795658,0.553981,0.258499,calls/second,milliseconds
1779784833,285,101.797189,40.950445,15.938812,37.908143,16.353100,98.504191,99.962724,100.019517,100.035564,100.583762,0.763482,0.795658,0.553981,0.258499,calls/second,milliseconds
1779784834,285,101.797189,40.950445,15.938812,37.908143,16.353100,98.504191,99.962724,100.019517,100.035564,100.583762,0.761440,0.795658,0.553981,0.258499,calls/second,milliseconds
1779784835,285,101.797189,40.950445,15.938812,37.908143,16.353100,98.504191,99.962724,100.019517,100.035564,100.583762,0.759408,0.811996,0.561353,0.262607,calls/second,milliseconds
1779784836,290,101.797189,45.858020,15.938812,39.651652,16.397029,98.486668,99.962724,100.019419,100.035564,100.583762,0.770674,0.811996,0.561353,0.262607,calls/second,milliseconds
1779784837,290,101.797189,45.858020,15.938812,39.651652,16.397029,98.486668,99.962724,100.019419,100.035564,100.583762,0.768628,0.811996,0.561353,0.262607,calls/second,milliseconds
1779784838,290,101.797189,45.858020,15.938812,39.651652,16.397029,98.486668,99.962724,100.019419,100.035564,100.583762,0.766593,0.811996,0.561353,0.262607,calls/second,milliseconds
1779784839,290,101.797189,45.858020,15.938812,39.651652,16.397029,98.486668,99.962724,100.019419,100.035564,100.583762,0.764568,0.811996,0.561353,0.262607,calls/second,milliseconds
1779784840,290,101.797189,45.858020,15.938812,39.651652,16.397029,98.486668,99.962724,100.019419,100.035564,100.583762,0.762555,0.827028,0.568603,0.266692,calls/second,milliseconds
1779784841,290,101.797189,45.858020,15.938812,39.651652,16.397029,98.486668,99.962724,100.019419,100.035564,100.583762,0.760551,0.827028,0.568603,0.266692,calls/second,milliseconds
1779784842,290,101.797189,45.858020,15.938812,39.651652,16.397029,98.486668,99.962724,100.019419,100.035564,100.583762,0.758558,0.827028,0.568603,0.266692,calls/second,milliseconds
1779784843,290,101.797189,45.858020,15.938812,39.651652,16.397029,98.486668,99.962724,100.019419,100.035564,100.583762,0.756576,0.827028,0.568603,0.266692,calls/second,milliseconds
1779784844,290,101.797189,45.858020,15.938812,39.651652,16.397029,98.486668,99.962724,100.019419,100.035564,100.583762,0.754605,0.827028,0.568603,0.266692,calls/second,milliseconds
1779784845,290,101.797189,45.858020,15.938812,39.651652,16.397029,98.486668,99.962724,100.019419,100.035564,100.583762,0.752643,0.760903,0.559205,0.265215,calls/second,milliseconds
1779784846,295,101.797189,43.203560,15.938812,38.747353,16.437845,98.454693,99.725366,100.002175,100.024648,100.583762,0.763634,0.760903,0.559205,0.265215,calls/second,milliseconds
1779784847,295,101.797189,43.203560,15.938812,38.747353,16.437845,98.454693,99.725366,100.002175,100.024648,100.583762,0.761658,0.760903,0.559205,0.265215,calls/second,milliseconds
1779784848,300,101.797189,40.911563,15.938812,37.816383,16.397029,98.427285,99.702755,100.002175,100.024648,100.529054,0.772570,0.760903,0.559205,0.265215,calls/second,milliseconds
1779784849,300,101.797189,40.911563,15.938812,37.816383,16.397029,98.427285,99.702755,100.002175,100.024648,100.529054,0.770582,0.760903,0.559205,0.265215,calls/second,milliseconds
1779784850,300,101.797189,40.911563,15.938812,37.816383,16.397029,98.427285,99.702755,100.002175,100.024648,100.529054,0.768606,0.859975,0.583019,0.274826,calls/second,milliseconds
1779784851,300,101.797189,40.911563,15.938812,37.816383,16.397029,98.427285,99.702755,100.002175,100.024648,100.529054,0.766639,0.859975,0.583019,0.274826,calls/second,milliseconds
1779784852,300,101.797189,40.911563,15.938812,37.816383,16.397029,98.427285,99.702755,100.002175,100.024648,100.529054,0.764680,0.859975,0.583019,0.274826,calls/second,milliseconds
1779784853,305,101.797189,45.745848,15.938812,39.556540,16.437845,98.454693,99.683750,100.002175,100.019526,100.529054,0.775445,0.859975,0.583019,0.274826,calls/second,milliseconds
1779784854,305,101.797189,45.745848,15.938812,39.556540,16.437845,98.454693,99.683750,100.002175,100.019526,100.529054,0.773474,0.859975,0.583019,0.274826,calls/second,milliseconds
1779784855,305,101.797189,45.745848,15.938812,39.556540,16.437845,98.454693,99.683750,100.002175,100.019526,100.529054,0.771515,0.871171,0.589912,0.278843,calls/second,milliseconds
1779784856,305,101.797189,45.745848,15.938812,39.556540,16.437845,98.454693,99.683750,100.002175,100.019526,100.529054,0.769565,0.871171,0.589912,0.278843,calls/second,milliseconds
1779784857,305,101.797189,45.745848,15.938812,39.556540,16.437845,98.454693,99.683750,100.002175,100.019526,100.529054,0.767626,0.871171,0.589912,0.278843,calls/second,milliseconds
1779784858,305,101.797189,45.745848,15.938812,39.556540,16.437845,98.454693,99.683750,100.002175,100.019526,100.529054,0.765696,0.871171,0.589912,0.278843,calls/second,milliseconds
1779784859,305,101.797189,45.745848,15.938812,39.556540,16.437845,98.454693,99.683750,100.002175,100.019526,100.529054,0.763774,0.871171,0.589912,0.278843,calls/second,milliseconds
1779784860,305,101.797189,45.745848,15.938812,39.556540,16.437845,98.454693,99.683750,100.002175,100.019526,100.529054,0.761864,0.801516,0.580161,0.277298,calls/second,milliseconds
1779784861,305,101.797189,45.745848,15.938812,39.556540,16.437845,98.454693,99.683750,100.002175,100.019526,100.529054,0.759963,0.801516,0.580161,0.277298,calls/second,milliseconds
1779784862,305,101.797189,45.745848,15.938812,39.556540,16.437845,98.454693,99.683750,100.002175,100.019526,100.529054,0.758071,0.801516,0.580161,0.277298,calls/second,milliseconds
1779784863,310,101.797189,43.132439,15.938812,38.672134,16.385736,98.429737,99.644602,100.002168,100.019526,100.429535,0.768584,0.801516,0.580161,0.277298,calls/second,milliseconds
1779784864,310,101.797189,43.132439,15.938812,38.672134,16.385736,98.429737,99.644602,100.002168,100.019526,100.429535,0.766680,0.801516,0.580161,0.277298,calls/second,milliseconds
1779784865,315,101.797189,40.883886,15.938812,37.751274,16.374278,98.426373,99.494203,100.002168,100.019526,100.429535,0.777122,0.897342,0.603629,0.286842,calls/second,milliseconds
1779784866,315,101.797189,40.883886,15.938812,37.751274,16.374278,98.426373,99.494203,100.002168,100.019526,100.429535,0.775205,0.897342,0.603629,0.286842,calls/second,milliseconds
1779784867,315,101.797189,40.883886,15.938812,37.751274,16.374278,98.426373,99.494203,100.002168,100.019526,100.429535,0.773299,0.897342,0.603629,0.286842,calls/second,milliseconds
1779784868,315,101.797189,40.883886,15.938812,37.751274,16.374278,98.426373,99.494203,100.002168,100.019526,100.429535,0.771403,0.897342,0.603629,0.286842,calls/second,milliseconds
1779784869,315,101.797189,40.883886,15.938812,37.751274,16.374278,98.426373,99.494203,100.002168,100.019526,100.429535,0.769515,0.897342,0.603629,0.286842,calls/second,milliseconds
1779784870,315,101.797189,40.883886,15.938812,37.751274,16.374278,98.426373,99.494203,100.002168,100.019526,100.429535,0.767638,0.825594,0.593652,0.285253,calls/second,milliseconds
1779784871,315,101.797189,40.883886,15.938812,37.751274,16.374278,98.426373,99.494203,100.002168,100.019526,100.429535,0.765769,0.825594,0.593652,0.285253,calls/second,milliseconds
1779784872,315,101.797189,40.883886,15.938812,37.751274,16.374278,98.426373,99.494203,100.002168,100.019526,100.429535,0.763908,0.825594,0.593652,0.285253,calls/second,milliseconds
1779784873,315,101.797189,40.883886,15.938812,37.751274,16.374278,98.426373,99.494203,100.002168,100.019526,100.429535,0.762057,0.825594,0.593652,0.285253,calls/second,milliseconds
1779784874,315,101.797189,40.883886,15.938812,37.751274,16.374278,98.426373,99.494203,100.002168,100.019526,100.429535,0.760214,0.825594,0.593652,0.285253,calls/second,milliseconds
1779784875,320,101.797189,45.992015,15.938812,39.573202,16.397029,98.394186,99.494203,99.983417,100.019517,100.429535,0.770418,0.839539,0.600368,0.289213,calls/second,milliseconds
1779784876,320,101.797189,45.992015,15.938812,39.573202,16.397029,98.394186,99.494203,99.983417,100.019517,100.429535,0.768565,0.839539,0.600368,0.289213,calls/second,milliseconds
1779784877,320,101.797189,45.992015,15.938812,39.573202,16.397029,98.394186,99.494203,99.983417,100.019517,100.429535,0.766721,0.839539,0.600368,0.289213,calls/second,milliseconds
1779784878,320,101.797189,45.992015,15.938812,39.573202,16.397029,98.394186,99.494203,99.983417,100.019517,100.429535,0.764886,0.839539,0.600368,0.289213,calls/second,milliseconds
1779784879,320,101.797189,45.992015,15.938812,39.573202,16.397029,98.394186,99.494203,99.983417,100.019517,100.429535,0.763060,0.839539,0.600368,0.289213,calls/second,milliseconds
1779784880,320,101.797189,45.992015,15.938812,39.573202,16.397029,98.394186,99.494203,99.983417,100.019517,100.429535,0.761242,0.772413,0.590445,0.287611,calls/second,milliseconds
1779784881,320,101.797189,45.992015,15.938812,39.573202,16.397029,98.394186,99.494203,99.983417,100.019517,100.429535,0.759431,0.772413,0.590445,0.287611,calls/second,milliseconds
1779784882,320,101.797189,45.992015,15.938812,39.573202,16.397029,98.394186,99.494203,99.983417,100.019517,100.429535,0.757631,0.772413,0.590445,0.287611,calls/second,milliseconds
1779784883,320,101.797189,45.992015,15.938812,39.573202,16.397029,98.394186,99.494203,99.983417,100.019517,100.429535,0.755839,0.772413,0.590445,0.287611,calls/second,milliseconds
1779784884,320,101.797189,45.992015,15.938812,39.573202,16.397029,98.394186,99.494203,99.983417,100.019517,100.429535,0.754055,0.772413,0.590445,0.287611,calls/second,milliseconds
1779784885,325,101.797189,43.225969,15.938812,38.646911,16.415478,98.380981,99.482872,99.983417,100.019419,100.427526,0.764034,0.790610,0.597214,0.291558,calls/second,milliseconds
1779784886,325,101.797189,43.225969,15.938812,38.646911,16.415478,98.380981,99.482872,99.983417,100.019419,100.427526,0.762239,0.790610,0.597214,0.291558,calls/second,milliseconds
1779784887,330,101.797189,40.853206,15.938812,37.690833,16.397029,98.367042,99.482872,99.977317,100.019419,100.372952,0.772153,0.790610,0.597214,0.291558,calls/second,milliseconds
1779784888,330,101.797189,40.853206,15.938812,37.690833,16.397029,98.367042,99.482872,99.977317,100.019419,100.372952,0.770347,0.790610,0.597214,0.291558,calls/second,milliseconds
1779784889,330,101.797189,40.853206,15.938812,37.690833,16.397029,98.367042,99.482872,99.977317,100.019419,100.372952,0.768549,0.790610,0.597214,0.291558,calls/second,milliseconds
1779784890,330,101.797189,40.853206,15.938812,37.690833,16.397029,98.367042,99.482872,99.977317,100.019419,100.372952,0.766761,0.807352,0.603872,0.295482,calls/second,milliseconds
1779784891,330,101.797189,40.853206,15.938812,37.690833,16.397029,98.367042,99.482872,99.977317,100.019419,100.372952,0.764980,0.807352,0.603872,0.295482,calls/second,milliseconds
1779784892,330,101.797189,40.853206,15.938812,37.690833,16.397029,98.367042,99.482872,99.977317,100.019419,100.372952,0.763208,0.807352,0.603872,0.295482,calls/second,milliseconds
1779784893,330,101.797189,40.853206,15.938812,37.690833,16.397029,98.367042,99.482872,99.977317,100.019419,100.372952,0.761445,0.807352,0.603872,0.295482,calls/second,milliseconds
1779784894,330,101.797189,40.853206,15.938812,37.690833,16.397029,98.367042,99.482872,99.977317,100.019419,100.372952,0.759689,0.807352,0.603872,0.295482,calls/second,milliseconds
1779784895,330,101.797189,40.853206,15.938812,37.690833,16.397029,98.367042,99.482872,99.977317,100.019419,100.372952,0.757941,0.742800,0.593891,0.293845,calls/second,milliseconds
1779784896,330,101.797189,40.853206,15.938812,37.690833,16.397029,98.367042,99.482872,99.977317,100.019419,100.372952,0.756201,0.742800,0.593891,0.293845,calls/second,milliseconds
1779784897,335,101.797189,46.299214,15.938812,39.738289,16.416842,98.429737,99.597197,99.962724,100.002175,100.372952,0.765901,0.742800,0.593891,0.293845,calls/second,milliseconds
1779784898,335,101.797189,46.299214,15.938812,39.738289,16.416842,98.429737,99.597197,99.962724,100.002175,100.372952,0.764150,0.742800,0.593891,0.293845,calls/second,milliseconds
1779784899,335,101.797189,46.299214,15.938812,39.738289,16.416842,98.429737,99.597197,99.962724,100.002175,100.372952,0.762408,0.742800,0.593891,0.293845,calls/second,milliseconds
1779784900,335,101.797189,46.299214,15.938812,39.738289,16.416842,98.429737,99.597197,99.962724,100.002175,100.372952,0.760673,0.763364,0.600603,0.297758,calls/second,milliseconds
1779784901,335,101.797189,46.299214,15.938812,39.738289,16.416842,98.429737,99.597197,99.962724,100.002175,100.372952,0.758948,0.763364,0.600603,0.297758,calls/second,milliseconds
1779784902,335,101.797189,46.299214,15.938812,39.738289,16.416842,98.429737,99.597197,99.962724,100.002175,100.372952,0.757230,0.763364,0.600603,0.297758,calls/second,milliseconds
1779784903,335,101.797189,46.299214,15.938812,39.738289,16.416842,98.429737,99.597197,99.962724,100.002175,100.372952,0.755519,0.763364,0.600603,0.297758,calls/second,milliseconds
1779784904,335,101.797189,46.299214,15.938812,39.738289,16.416842,98.429737,99.597197,99.962724,100.002175,100.372952,0.753815,0.763364,0.600603,0.297758,calls/second,milliseconds
1779784905,335,101.797189,46.299214,15.938812,39.738289,16.416842,98.429737,99.597197,99.962724,100.002175,100.372952,0.752120,0.702329,0.590676,0.296108,calls/second,milliseconds
1779784906,335,101.797189,46.299214,15.938812,39.738289,16.416842,98.429737,99.597197,99.962724,100.002175,100.372952,0.750433,0.702329,0.590676,0.296108,calls/second,milliseconds
1779784907,340,101.797189,43.373808,15.938812,38.794601,16.384601,98.422932,99.596375,99.738161,100.002175,100.365722,0.759928,0.702329,0.590676,0.296108,calls/second,milliseconds
1779784908,340,101.797189,43.373808,15.938812,38.794601,16.384601,98.422932,99.596375,99.738161,100.002175,100.365722,0.758231,0.702329,0.590676,0.296108,calls/second,milliseconds
1779784909,345,101.797189,40.914102,15.938812,37.793191,16.383923,98.380981,99.596375,99.702762,100.002175,100.287195,0.767667,0.702329,0.590676,0.296108,calls/second,milliseconds
1779784910,345,101.797189,40.914102,15.938812,37.793191,16.383923,98.380981,99.596375,99.702762,100.002175,100.287195,0.765960,0.806085,0.613970,0.305548,calls/second,milliseconds
1779784911,345,101.797189,40.914102,15.938812,37.793191,16.383923,98.380981,99.596375,99.702762,100.002175,100.287195,0.764259,0.806085,0.613970,0.305548,calls/second,milliseconds
1779784912,345,101.797189,40.914102,15.938812,37.793191,16.383923,98.380981,99.596375,99.702762,100.002175,100.287195,0.762568,0.806085,0.613970,0.305548,calls/second,milliseconds
1779784913,345,101.797189,40.914102,15.938812,37.793191,16.383923,98.380981,99.596375,99.702762,100.002175,100.287195,0.760884,0.806085,0.613970,0.305548,calls/second,milliseconds
1779784914,350,101.797189,46.197441,15.938812,39.811755,16.403282,98.469224,100.016084,100.028688,100.028688,100.287195,0.770209,0.806085,0.613970,0.305548,calls/second,milliseconds
1779784915,350,101.797189,46.197441,15.938812,39.811755,16.403282,98.469224,100.016084,100.028688,100.028688,100.287195,0.768514,0.821590,0.620351,0.309395,calls/second,milliseconds
1779784916,350,101.797189,46.197441,15.938812,39.811755,16.403282,98.469224,100.016084,100.028688,100.028688,100.287195,0.766828,0.821590,0.620351,0.309395,calls/second,milliseconds
1779784917,350,101.797189,46.197441,15.938812,39.811755,16.403282,98.469224,100.016084,100.028688,100.028688,100.287195,0.765149,0.821590,0.620351,0.309395,calls/second,milliseconds
1779784918,350,101.797189,46.197441,15.938812,39.811755,16.403282,98.469224,100.016084,100.028688,100.028688,100.287195,0.763478,0.821590,0.620351,0.309395,calls/second,milliseconds
1779784919,350,101.797189,46.197441,15.938812,39.811755,16.403282,98.469224,100.016084,100.028688,100.028688,100.287195,0.761814,0.821590,0.620351,0.309395,calls/second,milliseconds
1779784920,350,101.797189,46.197441,15.938812,39.811755,16.403282,98.469224,100.016084,100.028688,100.028688,100.287195,0.760157,0.755899,0.610097,0.307681,calls/second,milliseconds
1779784921,350,101.797189,46.197441,15.938812,39.811755,16.403282,98.469224,100.016084,100.028688,100.028688,100.287195,0.758501,0.755899,0.610097,0.307681,calls/second,milliseconds
1779784922,350,101.797189,46.197441,15.938812,39.811755,16.403282,98.469224,100.016084,100.028688,100.028688,100.287195,0.756858,0.755899,0.610097,0.307681,calls/second,milliseconds
1779784923,350,101.797189,46.197441,15.938812,39.811755,16.403282,98.469224,100.016084,100.028688,100.028688,100.287195,0.755223,0.755899,0.610097,0.307681,calls/second,milliseconds
1779784924,355,101.797189,43.383585,15.938812,38.885455,16.374278,98.429737,100.016084,100.026478,100.028688,100.260712,0.764360,0.755899,0.610097,0.307681,calls/second,milliseconds
1779784925,355,101.797189,43.383585,15.938812,38.885455,16.374278,98.429737,100.016084,100.026478,100.028688,100.260712,0.762715,0.775416,0.616542,0.311517,calls/second,milliseconds
1779784926,360,101.797189,40.981419,15.938812,37.920285,16.358566,98.394186,100.016084,100.026478,100.028688,100.212995,0.771796,0.775416,0.616542,0.311517,calls/second,milliseconds
1779784927,360,101.797189,40.981419,15.938812,37.920285,16.358566,98.394186,100.016084,100.026478,100.028688,100.212995,0.770142,0.775416,0.616542,0.311517,calls/second,milliseconds
1779784928,360,101.797189,40.981419,15.938812,37.920285,16.358566,98.394186,100.016084,100.026478,100.028688,100.212995,0.768496,0.775416,0.616542,0.311517,calls/second,milliseconds
1779784929,360,101.797189,40.981419,15.938812,37.920285,16.358566,98.394186,100.016084,100.026478,100.028688,100.212995,0.766856,0.775416,0.616542,0.311517,calls/second,milliseconds
1779784930,360,101.797189,40.981419,15.938812,37.920285,16.358566,98.394186,100.016084,100.026478,100.028688,100.212995,0.765223,0.793373,0.622880,0.315331,calls/second,milliseconds
1779784931,365,101.797189,45.980579,15.938812,39.688727,16.377892,98.460345,100.015992,100.026478,100.028688,100.035564,0.774203,0.793373,0.622880,0.315331,calls/second,milliseconds
1779784932,365,101.797189,45.980579,15.938812,39.688727,16.377892,98.460345,100.015992,100.026478,100.028688,100.035564,0.772561,0.793373,0.622880,0.315331,calls/second,milliseconds
1779784933,365,101.797189,45.980579,15.938812,39.688727,16.377892,98.460345,100.015992,100.026478,100.028688,100.035564,0.770927,0.793373,0.622880,0.315331,calls/second,milliseconds
1779784934,365,101.797189,45.980579,15.938812,39.688727,16.377892,98.460345,100.015992,100.026478,100.028688,100.035564,0.769300,0.793373,0.622880,0.315331,calls/second,milliseconds
1779784935,365,101.797189,45.980579,15.938812,39.688727,16.377892,98.460345,100.015992,100.026478,100.028688,100.035564,0.767680,0.809894,0.629113,0.319124,calls/second,milliseconds
1779784936,365,101.797189,45.980579,15.938812,39.688727,16.377892,98.460345,100.015992,100.026478,100.028688,100.035564,0.766066,0.809894,0.629113,0.319124,calls/second,milliseconds
1779784937,365,101.797189,45.980579,15.938812,39.688727,16.377892,98.460345,100.015992,100.026478,100.028688,100.035564,0.764459,0.809894,0.629113,0.319124,calls/second,milliseconds
1779784938,365,101.797189,45.980579,15.938812,39.688727,16.377892,98.460345,100.015992,100.026478,100.028688,100.035564,0.762859,0.809894,0.629113,0.319124,calls/second,milliseconds
1779784939,365,101.797189,45.980579,15.938812,39.688727,16.377892,98.460345,100.015992,100.026478,100.028688,100.035564,0.761266,0.809894,0.629113,0.319124,calls/second,milliseconds
1779784940,365,101.797189,45.980579,15.938812,39.688727,16.377892,98.460345,100.015992,100.026478,100.028688,100.035564,0.759679,0.745138,0.618715,0.317356,calls/second,milliseconds
1779784941,370,101.797189,43.265300,15.938812,38.775911,16.391364,98.429737,100.015992,100.026478,100.028688,100.035564,0.768484,0.745138,0.618715,0.317356,calls/second,milliseconds
1779784942,370,101.797189,43.265300,15.938812,38.775911,16.391364,98.429737,100.015992,100.026478,100.028688,100.035564,0.766888,0.745138,0.618715,0.317356,calls/second,milliseconds
1779784943,375,101.797189,40.934269,15.938812,37.829926,16.359674,98.425927,100.002175,100.026478,100.028688,100.035564,0.775642,0.745138,0.618715,0.317356,calls/second,milliseconds
1779784944,375,101.797189,40.934269,15.938812,37.829926,16.359674,98.425927,100.002175,100.026478,100.028688,100.035564,0.774039,0.745138,0.618715,0.317356,calls/second,milliseconds
1779784945,375,101.797189,40.934269,15.938812,37.829926,16.359674,98.425927,100.002175,100.026478,100.028688,100.035564,0.772442,0.845472,0.641545,0.326678,calls/second,milliseconds
1779784946,375,101.797189,40.934269,15.938812,37.829926,16.359674,98.425927,100.002175,100.026478,100.028688,100.035564,0.770852,0.845472,0.641545,0.326678,calls/second,milliseconds
1779784947,375,101.797189,40.934269,15.938812,37.829926,16.359674,98.425927,100.002175,100.026478,100.028688,100.035564,0.769267,0.845472,0.641545,0.326678,calls/second,milliseconds
1779784948,375,101.797189,40.934269,15.938812,37.829926,16.359674,98.425927,100.002175,100.026478,100.028688,100.035564,0.767689,0.845472,0.641545,0.326678,calls/second,milliseconds
1779784949,375,101.797189,40.934269,15.938812,37.829926,16.359674,98.425927,100.002175,100.026478,100.028688,100.035564,0.766119,0.845472,0.641545,0.326678,calls/second,milliseconds
1779784950,375,101.797189,40.934269,15.938812,37.829926,16.359674,98.425927,100.002175,100.026478,100.028688,100.035564,0.764553,0.777871,0.630941,0.324868,calls/second,milliseconds
1779784951,375,101.797189,40.934269,15.938812,37.829926,16.359674,98.425927,100.002175,100.026478,100.028688,100.035564,0.762995,0.777871,0.630941,0.324868,calls/second,milliseconds
1779784952,375,101.797189,40.934269,15.938812,37.829926,16.359674,98.425927,100.002175,100.026478,100.028688,100.035564,0.761444,0.777871,0.630941,0.324868,calls/second,milliseconds
1779784953,380,101.797189,46.238339,15.938812,39.758994,16.391450,98.463352,99.987504,100.026478,100.028688,100.035564,0.770029,0.777871,0.630941,0.324868,calls/second,milliseconds
1779784954,380,101.797189,46.238339,15.938812,39.758994,16.391450,98.463352,99.987504,100.026478,100.028688,100.035564,0.768470,0.777871,0.630941,0.324868,calls/second,milliseconds
1779784955,380,101.797189,46.238339,15.938812,39.758994,16.391450,98.463352,99.987504,100.026478,100.028688,100.035564,0.766917,0.795632,0.637041,0.328609,calls/second,milliseconds
1779784956,380,101.797189,46.238339,15.938812,39.758994,16.391450,98.463352,99.987504,100.026478,100.028688,100.035564,0.765369,0.795632,0.637041,0.328609,calls/second,milliseconds
1779784957,380,101.797189,46.238339,15.938812,39.758994,16.391450,98.463352,99.987504,100.026478,100.028688,100.035564,0.763828,0.795632,0.637041,0.328609,calls/second,milliseconds
1779784958,380,101.797189,46.238339,15.938812,39.758994,16.391450,98.463352,99.987504,100.026478,100.028688,100.035564,0.762294,0.795632,0.637041,0.328609,calls/second,milliseconds
1779784959,380,101.797189,46.238339,15.938812,39.758994,16.391450,98.463352,99.987504,100.026478,100.028688,100.035564,0.760765,0.795632,0.637041,0.328609,calls/second,milliseconds
1779784960,380,101.797189,46.238339,15.938812,39.758994,16.391450,98.463352,99.987504,100.026478,100.028688,100.035564,0.759243,0.732017,0.626512,0.326788,calls/second,milliseconds
1779784961,380,101.797189,46.238339,15.938812,39.758994,16.391450,98.463352,99.987504,100.026478,100.028688,100.035564,0.757727,0.732017,0.626512,0.326788,calls/second,milliseconds
1779784962,380,101.797189,46.238339,15.938812,39.758994,16.391450,98.463352,99.987504,100.026478,100.028688,100.035564,0.756216,0.732017,0.626512,0.326788,calls/second,milliseconds
1779784963,385,101.797189,43.375488,15.938812,38.814974,16.391364,98.460345,99.987504,100.026478,100.028688,100.035564,0.764642,0.732017,0.626512,0.326788,calls/second,milliseconds
1779784964,385,101.797189,43.375488,15.938812,38.814974,16.391364,98.460345,99.987504,100.026478,100.028688,100.035564,0.763124,0.732017,0.626512,0.326788,calls/second,milliseconds
1779784965,390,101.797189,40.908306,15.867220,37.852672,16.354090,98.427285,99.725366,100.019419,100.026478,100.035564,0.771503,0.833399,0.649214,0.336058,calls/second,milliseconds
1779784966,390,101.797189,40.908306,15.867220,37.852672,16.354090,98.427285,99.725366,100.019419,100.026478,100.035564,0.769978,0.833399,0.649214,0.336058,calls/second,milliseconds
1779784967,390,101.797189,40.908306,15.867220,37.852672,16.354090,98.427285,99.725366,100.019419,100.026478,100.035564,0.768458,0.833399,0.649214,0.336058,calls/second,milliseconds
1779784968,390,101.797189,40.908306,15.867220,37.852672,16.354090,98.427285,99.725366,100.019419,100.026478,100.035564,0.766944,0.833399,0.649214,0.336058,calls/second,milliseconds
1779784969,390,101.797189,40.908306,15.867220,37.852672,16.354090,98.427285,99.725366,100.019419,100.026478,100.035564,0.765437,0.833399,0.649214,0.336058,calls/second,milliseconds
1779784970,395,101.797189,46.054913,15.867220,39.745149,16.391364,98.583054,99.597197,100.016084,100.026478,100.035564,0.773729,0.846720,0.655012,0.339736,calls/second,milliseconds
1779784971,395,101.797189,46.054913,15.867220,39.745149,16.391364,98.583054,99.597197,100.016084,100.026478,100.035564,0.772213,0.846720,0.655012,0.339736,calls/second,milliseconds
1779784972,395,101.797189,46.054913,15.867220,39.745149,16.391364,98.583054,99.597197,100.016084,100.026478,100.035564,0.770705,0.846720,0.655012,0.339736,calls/second,milliseconds
1779784973,395,101.797189,46.054913,15.867220,39.745149,16.391364,98.583054,99.597197,100.016084,100.026478,100.035564,0.769202,0.846720,0.655012,0.339736,calls/second,milliseconds
1779784974,395,101.797189,46.054913,15.867220,39.745149,16.391364,98.583054,99.597197,100.016084,100.026478,100.035564,0.767704,0.846720,0.655012,0.339736,calls/second,milliseconds
1779784975,395,101.797189,46.054913,15.867220,39.745149,16.391364,98.583054,99.597197,100.016084,100.026478,100.035564,0.766213,0.779020,0.644185,0.337854,calls/second,milliseconds
1779784976,395,101.797189,46.054913,15.867220,39.745149,16.391364,98.583054,99.597197,100.016084,100.026478,100.035564,0.764728,0.779020,0.644185,0.337854,calls/second,milliseconds
1779784977,395,101.797189,46.054913,15.867220,39.745149,16.391364,98.583054,99.597197,100.016084,100.026478,100.035564,0.763247,0.779020,0.644185,0.337854,calls/second,milliseconds
1779784978,395,101.797189,46.054913,15.867220,39.745149,16.391364,98.583054,99.597197,100.016084,100.026478,100.035564,0.761772,0.779020,0.644185,0.337854,calls/second,milliseconds
1779784979,395,101.797189,46.054913,15.867220,39.745149,16.391364,98.583054,99.597197,100.016084,100.026478,100.035564,0.760304,0.779020,0.644185,0.337854,calls/second,milliseconds
1779784980,400,101.797189,43.264935,15.867220,38.839608,16.353100,98.463352,99.596375,100.016084,100.026478,100.035564,0.768447,0.796688,0.650066,0.341523,calls/second,milliseconds
1779784981,400,101.797189,43.264935,15.867220,38.839608,16.353100,98.463352,99.596375,100.016084,100.026478,100.035564,0.766971,0.796688,0.650066,0.341523,calls/second,milliseconds
1779784982,405,101.797189,40.909242,15.867220,37.873086,16.352386,98.460253,99.596375,100.016084,100.026478,100.035564,0.775069,0.796688,0.650066,0.341523,calls/second,milliseconds
1779784983,405,101.797189,40.909242,15.867220,37.873086,16.352386,98.460253,99.596375,100.016084,100.026478,100.035564,0.773587,0.796688,0.650066,0.341523,calls/second,milliseconds
1779784984,405,101.797189,40.909242,15.867220,37.873086,16.352386,98.460253,99.596375,100.016084,100.026478,100.035564,0.772110,0.796688,0.650066,0.341523,calls/second,milliseconds
1779784985,405,101.797189,40.909242,15.867220,37.873086,16.352386,98.460253,99.596375,100.016084,100.026478,100.035564,0.770638,0.812944,0.655850,0.345171,calls/second,milliseconds
1779784986,405,101.797189,40.909242,15.867220,37.873086,16.352386,98.460253,99.596375,100.016084,100.026478,100.035564,0.769173,0.812944,0.655850,0.345171,calls/second,milliseconds
1779784987,410,101.797189,45.921451,15.867220,39.712385,16.369699,99.052690,99.594183,100.015992,100.026478,100.035564,0.777190,0.812944,0.655850,0.345171,calls/second,milliseconds
1779784988,410,101.797189,45.921451,15.867220,39.712385,16.369699,99.052690,99.594183,100.015992,100.026478,100.035564,0.775717,0.812944,0.655850,0.345171,calls/second,milliseconds
1779784989,410,101.797189,45.921451,15.867220,39.712385,16.369699,99.052690,99.594183,100.015992,100.026478,100.035564,0.774249,0.812944,0.655850,0.345171,calls/second,milliseconds
1779784990,410,101.797189,45.921451,15.867220,39.712385,16.369699,99.052690,99.594183,100.015992,100.026478,100.035564,0.772787,0.827900,0.661539,0.348798,calls/second,milliseconds
1779784991,410,101.797189,45.921451,15.867220,39.712385,16.369699,99.052690,99.594183,100.015992,100.026478,100.035564,0.771331,0.827900,0.661539,0.348798,calls/second,milliseconds
1779784992,410,101.797189,45.921451,15.867220,39.712385,16.369699,99.052690,99.594183,100.015992,100.026478,100.035564,0.769880,0.827900,0.661539,0.348798,calls/second,milliseconds
1779784993,410,101.797189,45.921451,15.867220,39.712385,16.369699,99.052690,99.594183,100.015992,100.026478,100.035564,0.768435,0.827900,0.661539,0.348798,calls/second,milliseconds
1779784994,410,101.797189,45.921451,15.867220,39.712385,16.369699,99.052690,99.594183,100.015992,100.026478,100.035564,0.766995,0.827900,0.661539,0.348798,calls/second,milliseconds
1779784995,410,101.797189,45.921451,15.867220,39.712385,16.369699,99.052690,99.594183,100.015992,100.026478,100.035564,0.765561,0.761705,0.650604,0.346866,calls/second,milliseconds
1779784996,410,101.797189,45.921451,15.867220,39.712385,16.369699,99.052690,99.594183,100.015992,100.026478,100.035564,0.764132,0.761705,0.650604,0.346866,calls/second,milliseconds
1779784997,415,101.797189,43.215473,15.867220,38.815384,16.346652,98.583054,99.589746,100.015992,100.026478,100.028688,0.772010,0.761705,0.650604,0.346866,calls/second,milliseconds
1779784998,415,101.797189,43.215473,15.867220,38.815384,16.346652,98.583054,99.589746,100.015992,100.026478,100.028688,0.770574,0.761705,0.650604,0.346866,calls/second,milliseconds
1779784999,420,101.797189,40.905640,15.867220,37.872294,16.327506,98.461241,99.494203,100.015992,100.026478,100.028688,0.778410,0.761705,0.650604,0.346866,calls/second,milliseconds
1779785000,420,101.797189,40.905640,15.867220,37.872294,16.327506,98.461241,99.494203,100.015992,100.026478,100.028688,0.776968,0.860714,0.672908,0.356025,calls/second,milliseconds
1779785001,420,101.797189,40.905640,15.867220,37.872294,16.327506,98.461241,99.494203,100.015992,100.026478,100.028688,0.775531,0.860714,0.672908,0.356025,calls/second,milliseconds
1779785002,420,101.797189,40.905640,15.867220,37.872294,16.327506,98.461241,99.494203,100.015992,100.026478,100.028688,0.774100,0.860714,0.672908,0.356025,calls/second,milliseconds
1779785003,420,101.797189,40.905640,15.867220,37.872294,16.327506,98.461241,99.494203,100.015992,100.026478,100.028688,0.772674,0.860714,0.672908,0.356025,calls/second,milliseconds
1779785004,420,101.797189,40.905640,15.867220,37.872294,16.327506,98.461241,99.494203,100.015992,100.026478,100.028688,0.771253,0.860714,0.672908,0.356025,calls/second,milliseconds
1779785005,420,101.797189,40.905640,15.867220,37.872294,16.327506,98.461241,99.494203,100.015992,100.026478,100.028688,0.769837,0.791895,0.661786,0.354052,calls/second,milliseconds
1779785006,420,101.797189,40.905640,15.867220,37.872294,16.327506,98.461241,99.494203,100.015992,100.026478,100.028688,0.768427,0.791895,0.661786,0.354052,calls/second,milliseconds
1779785007,420,101.797189,40.905640,15.867220,37.872294,16.327506,98.461241,99.494203,100.015992,100.026478,100.028688,0.767021,0.791895,0.661786,0.354052,calls/second,milliseconds
1779785008,420,101.797189,40.905640,15.867220,37.872294,16.327506,98.461241,99.494203,100.015992,100.026478,100.028688,0.765620,0.791895,0.661786,0.354052,calls/second,milliseconds
1779785009,425,101.797189,46.208009,15.867220,39.831333,16.352386,99.077251,99.477086,100.002168,100.019517,100.028688,0.773323,0.791895,0.661786,0.354052,calls/second,milliseconds
1779785010,425,101.797189,46.208009,15.867220,39.831333,16.352386,99.077251,99.477086,100.002168,100.019517,100.028688,0.771916,0.808534,0.667376,0.357631,calls/second,milliseconds
1779785011,425,101.797189,46.208009,15.867220,39.831333,16.352386,99.077251,99.477086,100.002168,100.019517,100.028688,0.770515,0.808534,0.667376,0.357631,calls/second,milliseconds
1779785012,425,101.797189,46.208009,15.867220,39.831333,16.352386,99.077251,99.477086,100.002168,100.019517,100.028688,0.769118,0.808534,0.667376,0.357631,calls/second,milliseconds
1779785013,425,101.797189,46.208009,15.867220,39.831333,16.352386,99.077251,99.477086,100.002168,100.019517,100.028688,0.767727,0.808534,0.667376,0.357631,calls/second,milliseconds
1779785014,425,101.797189,46.208009,15.867220,39.831333,16.352386,99.077251,99.477086,100.002168,100.019517,100.028688,0.766341,0.808534,0.667376,0.357631,calls/second,milliseconds
1779785015,425,101.797189,46.208009,15.867220,39.831333,16.352386,99.077251,99.477086,100.002168,100.019517,100.028688,0.764960,0.743887,0.656345,0.355650,calls/second,milliseconds
1779785016,425,101.797189,46.208009,15.867220,39.831333,16.352386,99.077251,99.477086,100.002168,100.019517,100.028688,0.763583,0.743887,0.656345,0.355650,calls/second,milliseconds
1779785017,425,101.797189,46.208009,15.867220,39.831333,16.352386,99.077251,99.477086,100.002168,100.019517,100.028688,0.762212,0.743887,0.656345,0.355650,calls/second,milliseconds
1779785018,425,101.797189,46.208009,15.867220,39.831333,16.352386,99.077251,99.477086,100.002168,100.019517,100.028688,0.760846,0.743887,0.656345,0.355650,calls/second,milliseconds
1779785019,430,101.797189,43.371067,15.867220,38.882910,16.387883,99.052690,99.477086,99.987504,100.016084,100.028688,0.768418,0.743887,0.656345,0.355650,calls/second,milliseconds
1779785020,430,101.797189,43.371067,15.867220,38.882910,16.387883,99.052690,99.477086,99.987504,100.016084,100.028688,0.767044,0.764365,0.662025,0.359219,calls/second,milliseconds
1779785021,435,101.797189,40.941594,15.867220,37.906449,16.352386,98.503596,99.477086,99.987504,100.016084,100.028688,0.774579,0.764365,0.662025,0.359219,calls/second,milliseconds
1779785022,435,101.797189,40.941594,15.867220,37.906449,16.352386,98.503596,99.477086,99.987504,100.016084,100.028688,0.773200,0.764365,0.662025,0.359219,calls/second,milliseconds
1779785023,435,101.797189,40.941594,15.867220,37.906449,16.352386,98.503596,99.477086,99.987504,100.016084,100.028688,0.771820,0.764365,0.662025,0.359219,calls/second,milliseconds
1779785024,435,101.797189,40.941594,15.867220,37.906449,16.352386,98.503596,99.477086,99.987504,100.016084,100.028688,0.770451,0.764365,0.662025,0.359219,calls/second,milliseconds
1779785025,435,101.797189,40.941594,15.867220,37.906449,16.352386,98.503596,99.477086,99.987504,100.016084,100.028688,0.769087,0.783205,0.667612,0.362769,calls/second,milliseconds
1779785026,440,101.797189,46.093352,15.867220,39.826462,16.389187,99.080178,99.589746,99.702755,100.016084,100.028688,0.776553,0.783205,0.667612,0.362769,calls/second,milliseconds
1779785027,440,101.797189,46.093352,15.867220,39.826462,16.389187,99.080178,99.589746,99.702755,100.016084,100.028688,0.775183,0.783205,0.667612,0.362769,calls/second,milliseconds
1779785028,440,101.797189,46.093352,15.867220,39.826462,16.389187,99.080178,99.589746,99.702755,100.016084,100.028688,0.773817,0.783205,0.667612,0.362769,calls/second,milliseconds
1779785029,440,101.797189,46.093352,15.867220,39.826462,16.389187,99.080178,99.589746,99.702755,100.016084,100.028688,0.772457,0.783205,0.667612,0.362769,calls/second,milliseconds
1779785030,440,101.797189,46.093352,15.867220,39.826462,16.389187,99.080178,99.589746,99.702755,100.016084,100.028688,0.771100,0.800539,0.673105,0.366300,calls/second,milliseconds
1779785031,440,101.797189,46.093352,15.867220,39.826462,16.389187,99.080178,99.589746,99.702755,100.016084,100.028688,0.769749,0.800539,0.673105,0.366300,calls/second,milliseconds
1779785032,440,101.797189,46.093352,15.867220,39.826462,16.389187,99.080178,99.589746,99.702755,100.016084,100.028688,0.768403,0.800539,0.673105,0.366300,calls/second,milliseconds
1779785033,440,101.797189,46.093352,15.867220,39.826462,16.389187,99.080178,99.589746,99.702755,100.016084,100.028688,0.767061,0.800539,0.673105,0.366300,calls/second,milliseconds
1779785034,440,101.797189,46.093352,15.867220,39.826462,16.389187,99.080178,99.589746,99.702755,100.016084,100.028688,0.765724,0.800539,0.673105,0.366300,calls/second,milliseconds
1779785035,445,101.797189,43.344914,15.867220,38.900023,16.397346,99.077251,99.575572,99.597197,100.016084,100.028688,0.773079,0.736532,0.661980,0.364270,calls/second,milliseconds
1779785036,445,101.797189,43.344914,15.867220,38.900023,16.397346,99.077251,99.575572,99.597197,100.016084,100.028688,0.771736,0.736532,0.661980,0.364270,calls/second,milliseconds
1779785037,450,101.797189,40.965749,15.867220,37.955986,16.378090,98.972276,99.575572,99.596375,100.015992,100.028688,0.779053,0.736532,0.661980,0.364270,calls/second,milliseconds
1779785038,450,101.797189,40.965749,15.867220,37.955986,16.378090,98.972276,99.575572,99.596375,100.015992,100.028688,0.777705,0.736532,0.661980,0.364270,calls/second,milliseconds
1779785039,450,101.797189,40.965749,15.867220,37.955986,16.378090,98.972276,99.575572,99.596375,100.015992,100.028688,0.776361,0.736532,0.661980,0.364270,calls/second,milliseconds
1779785040,450,101.797189,40.965749,15.867220,37.955986,16.378090,98.972276,99.575572,99.596375,100.015992,100.028688,0.775022,0.837553,0.684096,0.373333,calls/second,milliseconds
1779785041,450,101.797189,40.965749,15.867220,37.955986,16.378090,98.972276,99.575572,99.596375,100.015992,100.028688,0.773688,0.837553,0.684096,0.373333,calls/second,milliseconds
1779785042,450,101.797189,40.965749,15.867220,37.955986,16.378090,98.972276,99.575572,99.596375,100.015992,100.028688,0.772358,0.837553,0.684096,0.373333,calls/second,milliseconds
1779785043,450,101.797189,40.965749,15.867220,37.955986,16.378090,98.972276,99.575572,99.596375,100.015992,100.028688,0.771033,0.837553,0.684096,0.373333,calls/second,milliseconds
1779785044,450,101.797189,40.965749,15.867220,37.955986,16.378090,98.972276,99.575572,99.596375,100.015992,100.028688,0.769712,0.837553,0.684096,0.373333,calls/second,milliseconds
1779785045,450,101.797189,40.965749,15.867220,37.955986,16.378090,98.972276,99.575572,99.596375,100.015992,100.028688,0.768396,0.770586,0.672788,0.371264,calls/second,milliseconds
1779785046,450,101.797189,40.965749,15.867220,37.955986,16.378090,98.972276,99.575572,99.596375,100.015992,100.028688,0.767085,0.770586,0.672788,0.371264,calls/second,milliseconds
1779785047,450,101.797189,40.965749,15.867220,37.955986,16.378090,98.972276,99.575572,99.596375,100.015992,100.028688,0.765777,0.770586,0.672788,0.371264,calls/second,milliseconds
1779785048,455,101.797189,46.252983,15.867220,39.803861,16.400689,98.540104,99.575572,99.594183,100.015992,100.028688,0.772969,0.770586,0.672788,0.371264,calls/second,milliseconds
1779785049,455,101.797189,46.252983,15.867220,39.803861,16.400689,98.540104,99.575572,99.594183,100.015992,100.028688,0.771655,0.770586,0.672788,0.371264,calls/second,milliseconds
1779785050,455,101.797189,46.252983,15.867220,39.803861,16.400689,98.540104,99.575572,99.594183,100.015992,100.028688,0.770347,0.788929,0.678197,0.374748,calls/second,milliseconds
1779785051,455,101.797189,46.252983,15.867220,39.803861,16.400689,98.540104,99.575572,99.594183,100.015992,100.028688,0.769042,0.788929,0.678197,0.374748,calls/second,milliseconds
1779785052,455,101.797189,46.252983,15.867220,39.803861,16.400689,98.540104,99.575572,99.594183,100.015992,100.028688,0.767742,0.788929,0.678197,0.374748,calls/second,milliseconds
1779785053,455,101.797189,46.252983,15.867220,39.803861,16.400689,98.540104,99.575572,99.594183,100.015992,100.028688,0.766447,0.788929,0.678197,0.374748,calls/second,milliseconds
1779785054,455,101.797189,46.252983,15.867220,39.803861,16.400689,98.540104,99.575572,99.594183,100.015992,100.028688,0.765156,0.788929,0.678197,0.374748,calls/second,milliseconds
1779785055,455,101.797189,46.252983,15.867220,39.803861,16.400689,98.540104,99.575572,99.594183,100.015992,100.028688,0.763869,0.725850,0.666987,0.372671,calls/second,milliseconds
1779785056,455,101.797189,46.252983,15.867220,39.803861,16.400689,98.540104,99.575572,99.594183,100.015992,100.028688,0.762587,0.725850,0.666987,0.372671,calls/second,milliseconds
1779785057,460,101.797189,43.373372,15.867220,38.847032,16.413094,98.469224,99.568729,99.590154,100.002175,100.028688,0.769675,0.725850,0.666987,0.372671,calls/second,milliseconds
1779785058,460,101.797189,43.373372,15.867220,38.847032,16.413094,98.469224,99.568729,99.590154,100.002175,100.028688,0.768387,0.725850,0.666987,0.372671,calls/second,milliseconds
1779785059,465,101.797189,40.921711,15.867220,37.855586,16.389187,98.460345,99.568729,99.590154,99.987504,100.028688,0.775441,0.725850,0.666987,0.372671,calls/second,milliseconds
1779785060,465,101.797189,40.921711,15.867220,37.855586,16.389187,98.460345,99.568729,99.590154,99.987504,100.028688,0.774148,0.827725,0.689020,0.381687,calls/second,milliseconds
1779785061,465,101.797189,40.921711,15.867220,37.855586,16.389187,98.460345,99.568729,99.590154,99.987504,100.028688,0.772860,0.827725,0.689020,0.381687,calls/second,milliseconds
1779785062,465,101.797189,40.921711,15.867220,37.855586,16.389187,98.460345,99.568729,99.590154,99.987504,100.028688,0.771575,0.827725,0.689020,0.381687,calls/second,milliseconds
1779785063,465,101.797189,40.921711,15.867220,37.855586,16.389187,98.460345,99.568729,99.590154,99.987504,100.028688,0.770295,0.827725,0.689020,0.381687,calls/second,milliseconds
1779785064,465,101.797189,40.921711,15.867220,37.855586,16.389187,98.460345,99.568729,99.590154,99.987504,100.028688,0.769019,0.827725,0.689020,0.381687,calls/second,milliseconds
1779785065,470,101.797189,46.098902,15.867220,39.757768,16.413094,99.070509,99.564088,99.590154,99.987504,100.028688,0.776003,0.841499,0.694160,0.385113,calls/second,milliseconds
1779785066,470,101.797189,46.098902,15.867220,39.757768,16.413094,99.070509,99.564088,99.590154,99.987504,100.028688,0.774722,0.841499,0.694160,0.385113,calls/second,milliseconds
1779785067,470,101.797189,46.098902,15.867220,39.757768,16.413094,99.070509,99.564088,99.590154,99.987504,100.028688,0.773445,0.841499,0.694160,0.385113,calls/second,milliseconds
1779785068,470,101.797189,46.098902,15.867220,39.757768,16.413094,99.070509,99.564088,99.590154,99.987504,100.028688,0.772173,0.841499,0.694160,0.385113,calls/second,milliseconds
1779785069,470,101.797189,46.098902,15.867220,39.757768,16.413094,99.070509,99.564088,99.590154,99.987504,100.028688,0.770905,0.841499,0.694160,0.385113,calls/second,milliseconds
1779785070,470,101.797189,46.098902,15.867220,39.757768,16.413094,99.070509,99.564088,99.590154,99.987504,100.028688,0.769641,0.774217,0.682686,0.382979,calls/second,milliseconds
1779785071,470,101.797189,46.098902,15.867220,39.757768,16.413094,99.070509,99.564088,99.590154,99.987504,100.028688,0.768380,0.774217,0.682686,0.382979,calls/second,milliseconds
1779785072,470,101.797189,46.098902,15.867220,39.757768,16.413094,99.070509,99.564088,99.590154,99.987504,100.028688,0.767124,0.774217,0.682686,0.382979,calls/second,milliseconds
1779785073,470,101.797189,46.098902,15.867220,39.757768,16.413094,99.070509,99.564088,99.590154,99.987504,100.028688,0.765872,0.774217,0.682686,0.382979,calls/second,milliseconds
1779785074,475,101.797189,43.280184,15.867220,38.856008,16.384601,98.540104,99.564088,99.590154,99.725366,100.028688,0.772758,0.774217,0.682686,0.382979,calls/second,milliseconds
1779785075,475,101.797189,43.280184,15.867220,38.856008,16.384601,98.540104,99.564088,99.590154,99.725366,100.028688,0.771500,0.792269,0.687931,0.386397,calls/second,milliseconds
1779785076,480,101.797189,40.913730,15.867220,37.883173,16.391364,98.466942,99.559462,99.590154,99.597197,100.028688,0.778355,0.792269,0.687931,0.386397,calls/second,milliseconds
1779785077,480,101.797189,40.913730,15.867220,37.883173,16.391364,98.466942,99.559462,99.590154,99.597197,100.028688,0.777093,0.792269,0.687931,0.386397,calls/second,milliseconds
1779785078,480,101.797189,40.913730,15.867220,37.883173,16.391364,98.466942,99.559462,99.590154,99.597197,100.028688,0.775835,0.792269,0.687931,0.386397,calls/second,milliseconds
1779785079,480,101.797189,40.913730,15.867220,37.883173,16.391364,98.466942,99.559462,99.590154,99.597197,100.028688,0.774580,0.792269,0.687931,0.386397,calls/second,milliseconds
1779785080,480,101.797189,40.913730,15.867220,37.883173,16.391364,98.466942,99.559462,99.590154,99.597197,100.028688,0.773330,0.808879,0.693089,0.389797,calls/second,milliseconds
1779785081,480,101.797189,40.913730,15.867220,37.883173,16.391364,98.466942,99.559462,99.590154,99.597197,100.028688,0.772085,0.808879,0.693089,0.389797,calls/second,milliseconds
1779785082,480,101.797189,40.913730,15.867220,37.883173,16.391364,98.466942,99.559462,99.590154,99.597197,100.028688,0.770843,0.808879,0.693089,0.389797,calls/second,milliseconds
1779785083,480,101.797189,40.913730,15.867220,37.883173,16.391364,98.466942,99.559462,99.590154,99.597197,100.028688,0.769605,0.808879,0.693089,0.389797,calls/second,milliseconds
1779785084,480,101.797189,40.913730,15.867220,37.883173,16.391364,98.466942,99.559462,99.590154,99.597197,100.028688,0.768371,0.808879,0.693089,0.389797,calls/second,milliseconds
1779785085,480,101.797189,40.913730,15.867220,37.883173,16.391364,98.466942,99.559462,99.590154,99.597197,100.028688,0.767141,0.744204,0.681634,0.387637,calls/second,milliseconds
1779785086,480,101.797189,40.913730,15.867220,37.883173,16.391364,98.466942,99.559462,99.590154,99.597197,100.028688,0.765915,0.744204,0.681634,0.387637,calls/second,milliseconds
1779785087,485,101.797189,46.231959,15.867220,39.736536,16.402997,98.439580,99.559462,99.590035,99.596375,100.028688,0.772659,0.744204,0.681634,0.387637,calls/second,milliseconds
1779785088,485,101.797189,46.231959,15.867220,39.736536,16.402997,98.439580,99.559462,99.590035,99.596375,100.028688,0.771427,0.744204,0.681634,0.387637,calls/second,milliseconds
1779785089,485,101.797189,46.231959,15.867220,39.736536,16.402997,98.439580,99.559462,99.590035,99.596375,100.028688,0.770200,0.744204,0.681634,0.387637,calls/second,milliseconds
1779785090,485,101.797189,46.231959,15.867220,39.736536,16.402997,98.439580,99.559462,99.590035,99.596375,100.028688,0.768977,0.764657,0.686896,0.391030,calls/second,milliseconds
1779785091,485,101.797189,46.231959,15.867220,39.736536,16.402997,98.439580,99.559462,99.590035,99.596375,100.028688,0.767758,0.764657,0.686896,0.391030,calls/second,milliseconds
1779785092,485,101.797189,46.231959,15.867220,39.736536,16.402997,98.439580,99.559462,99.590035,99.596375,100.028688,0.766543,0.764657,0.686896,0.391030,calls/second,milliseconds
1779785093,485,101.797189,46.231959,15.867220,39.736536,16.402997,98.439580,99.559462,99.590035,99.596375,100.028688,0.765332,0.764657,0.686896,0.391030,calls/second,milliseconds
1779785094,485,101.797189,46.231959,15.867220,39.736536,16.402997,98.439580,99.559462,99.590035,99.596375,100.028688,0.764123,0.764657,0.686896,0.391030,calls/second,milliseconds
1779785095,485,101.797189,46.231959,15.867220,39.736536,16.402997,98.439580,99.559462,99.590035,99.596375,100.028688,0.762919,0.703518,0.675542,0.388864,calls/second,milliseconds
1779785096,490,101.797189,43.281023,15.851425,38.811782,16.389187,98.306443,99.477086,99.575572,99.594183,100.028688,0.769572,0.703518,0.675542,0.388864,calls/second,milliseconds
1779785097,490,101.797189,43.281023,15.851425,38.811782,16.389187,98.306443,99.477086,99.575572,99.594183,100.028688,0.768363,0.703518,0.675542,0.388864,calls/second,milliseconds
1779785098,495,101.797189,40.820988,15.851425,37.810102,16.342389,98.296636,99.434395,99.575572,99.590154,100.028688,0.774986,0.703518,0.675542,0.388864,calls/second,milliseconds
1779785099,495,101.797189,40.820988,15.851425,37.810102,16.342389,98.296636,99.434395,99.575572,99.590154,100.028688,0.773772,0.703518,0.675542,0.388864,calls/second,milliseconds
1779785100,495,101.797189,40.820988,15.851425,37.810102,16.342389,98.296636,99.434395,99.575572,99.590154,100.028688,0.772563,0.807179,0.697434,0.397790,calls/second,milliseconds
1779785101,495,101.797189,40.820988,15.851425,37.810102,16.342389,98.296636,99.434395,99.575572,99.590154,100.028688,0.771357,0.807179,0.697434,0.397790,calls/second,milliseconds
1779785102,495,101.797189,40.820988,15.851425,37.810102,16.342389,98.296636,99.434395,99.575572,99.590154,100.028688,0.770155,0.807179,0.697434,0.397790,calls/second,milliseconds
1779785103,495,101.797189,40.820988,15.851425,37.810102,16.342389,98.296636,99.434395,99.575572,99.590154,100.028688,0.768957,0.807179,0.697434,0.397790,calls/second,milliseconds
1779785104,495,101.797189,40.820988,15.851425,37.810102,16.342389,98.296636,99.434395,99.575572,99.590154,100.028688,0.767762,0.807179,0.697434,0.397790,calls/second,milliseconds
1779785105,495,101.797189,40.820988,15.851425,37.810102,16.342389,98.296636,99.434395,99.575572,99.590154,100.028688,0.766570,0.742641,0.685906,0.395586,calls/second,milliseconds
1779785106,495,101.797189,40.820988,15.851425,37.810102,16.342389,98.296636,99.434395,99.575572,99.590154,100.028688,0.765383,0.742641,0.685906,0.395586,calls/second,milliseconds
1779785107,495,101.797189,40.820988,15.851425,37.810102,16.342389,98.296636,99.434395,99.575572,99.590154,100.028688,0.764200,0.742641,0.685906,0.395586,calls/second,milliseconds
1779785108,495,101.797189,40.820988,15.851425,37.810102,16.342389,98.296636,99.434395,99.575572,99.590154,100.028688,0.763020,0.742641,0.685906,0.395586,calls/second,milliseconds
1779785109,500,101.797189,46.601488,15.851425,40.108408,16.391450,98.540104,101.220568,101.304918,101.309123,101.309123,0.769539,0.742641,0.685906,0.395586,calls/second,milliseconds
1779785110,500,101.797189,46.601488,15.851425,40.108408,16.391450,98.540104,101.220568,101.304918,101.309123,101.309123,0.768355,0.763218,0.691098,0.398934,calls/second,milliseconds
1779785111,500,101.797189,46.601488,15.851425,40.108408,16.391450,98.540104,101.220568,101.304918,101.309123,101.309123,0.767174,0.763218,0.691098,0.398934,calls/second,milliseconds
1779785112,500,101.797189,46.601488,15.851425,40.108408,16.391450,98.540104,101.220568,101.304918,101.309123,101.309123,0.765997,0.763218,0.691098,0.398934,calls/second,milliseconds
1779785113,500,101.797189,46.601488,15.851425,40.108408,16.391450,98.540104,101.220568,101.304918,101.309123,101.309123,0.764823,0.763218,0.691098,0.398934,calls/second,milliseconds
1779785114,500,101.797189,46.601488,15.851425,40.108408,16.391450,98.540104,101.220568,101.304918,101.309123,101.309123,0.763654,0.763218,0.691098,0.398934,calls/second,milliseconds
1779785115,500,101.797189,46.601488,15.851425,40.108408,16.391450,98.540104,101.220568,101.304918,101.309123,101.309123,0.762488,0.702194,0.679675,0.396724,calls/second,milliseconds
1779785116,500,101.797189,46.601488,15.851425,40.108408,16.391450,98.540104,101.220568,101.304918,101.309123,101.309123,0.761325,0.702194,0.679675,0.396724,calls/second,milliseconds
1779785117,500,101.797189,46.601488,15.851425,40.108408,16.391450,98.540104,101.220568,101.304918,101.309123,101.309123,0.760166,0.702194,0.679675,0.396724,calls/second,milliseconds
1779785118,505,101.797189,43.616942,15.851425,39.088355,16.413094,98.439580,101.220568,101.304918,101.309123,101.309123,0.766600,0.702194,0.679675,0.396724,calls/second,milliseconds
1779785119,505,101.797189,43.616942,15.851425,39.088355,16.413094,98.439580,101.220568,101.304918,101.309123,101.309123,0.765436,0.702194,0.679675,0.396724,calls/second,milliseconds
1779785120,510,101.797189,41.073470,15.851425,38.051023,16.403282,98.306443,101.202315,101.304918,101.309123,101.309123,0.771843,0.726006,0.684969,0.400066,calls/second,milliseconds
1779785121,510,101.797189,41.073470,15.851425,38.051023,16.403282,98.306443,101.202315,101.304918,101.309123,101.309123,0.770675,0.726006,0.684969,0.400066,calls/second,milliseconds
1779785122,510,101.797189,41.073470,15.851425,38.051023,16.403282,98.306443,101.202315,101.304918,101.309123,101.309123,0.769510,0.726006,0.684969,0.400066,calls/second,milliseconds
1779785123,510,101.797189,41.073470,15.851425,38.051023,16.403282,98.306443,101.202315,101.304918,101.309123,101.309123,0.768349,0.726006,0.684969,0.400066,calls/second,milliseconds
1779785124,510,101.797189,41.073470,15.851425,38.051023,16.403282,98.306443,101.202315,101.304918,101.309123,101.309123,0.767187,0.726006,0.684969,0.400066,calls/second,milliseconds
1779785125,510,101.797189,41.073470,15.851425,38.051023,16.403282,98.306443,101.202315,101.304918,101.309123,101.309123,0.766034,0.747913,0.690176,0.403390,calls/second,milliseconds
1779785126,510,101.797189,41.073470,15.851425,38.051023,16.403282,98.306443,101.202315,101.304918,101.309123,101.309123,0.764883,0.747913,0.690176,0.403390,calls/second,milliseconds
1779785127,510,101.797189,41.073470,15.851425,38.051023,16.403282,98.306443,101.202315,101.304918,101.309123,101.309123,0.763736,0.747913,0.690176,0.403390,calls/second,milliseconds
1779785128,510,101.797189,41.073470,15.851425,38.051023,16.403282,98.306443,101.202315,101.304918,101.309123,101.309123,0.762592,0.747913,0.690176,0.403390,calls/second,milliseconds
1779785129,510,101.797189,41.073470,15.851425,38.051023,16.403282,98.306443,101.202315,101.304918,101.309123,101.309123,0.761451,0.747913,0.690176,0.403390,calls/second,milliseconds
1779785130,510,101.797189,41.073470,15.851425,38.051023,16.403282,98.306443,101.202315,101.304918,101.309123,101.309123,0.760314,0.688113,0.678769,0.401155,calls/second,milliseconds
1779785131,510,101.797189,41.073470,15.851425,38.051023,16.403282,98.306443,101.202315,101.304918,101.309123,101.309123,0.759181,0.688113,0.678769,0.401155,calls/second,milliseconds
1779785132,510,101.797189,41.073470,15.851425,38.051023,16.403282,98.306443,101.202315,101.304918,101.309123,101.309123,0.758051,0.688113,0.678769,0.401155,calls/second,milliseconds
1779785133,510,101.797189,41.073470,15.851425,38.051023,16.403282,98.306443,101.202315,101.304918,101.309123,101.309123,0.756924,0.688113,0.678769,0.401155,calls/second,milliseconds
1779785134,510,101.797189,41.073470,15.851425,38.051023,16.403282,98.306443,101.202315,101.304918,101.309123,101.309123,0.755801,0.688113,0.678769,0.401155,calls/second,milliseconds
1779785135,510,101.797189,41.073470,15.851425,38.051023,16.403282,98.306443,101.202315,101.304918,101.309123,101.309123,0.754681,0.633095,0.667550,0.398933,calls/second,milliseconds
1779785136,515,101.797189,47.206627,15.851425,40.219642,16.421799,99.188537,101.202315,101.304918,101.309123,101.309123,0.760952,0.633095,0.667550,0.398933,calls/second,milliseconds
1779785137,515,101.797189,47.206627,15.851425,40.219642,16.421799,99.188537,101.202315,101.304918,101.309123,101.309123,0.759827,0.633095,0.667550,0.398933,calls/second,milliseconds
1779785138,515,101.797189,47.206627,15.851425,40.219642,16.421799,99.188537,101.202315,101.304918,101.309123,101.309123,0.758706,0.633095,0.667550,0.398933,calls/second,milliseconds
1779785139,515,101.797189,47.206627,15.851425,40.219642,16.421799,99.188537,101.202315,101.304918,101.309123,101.309123,0.757588,0.633095,0.667550,0.398933,calls/second,milliseconds
1779785140,515,101.797189,47.206627,15.851425,40.219642,16.421799,99.188537,101.202315,101.304918,101.309123,101.309123,0.756474,0.662431,0.673044,0.402263,calls/second,milliseconds
1779785141,515,101.797189,47.206627,15.851425,40.219642,16.421799,99.188537,101.202315,101.304918,101.309123,101.309123,0.755362,0.662431,0.673044,0.402263,calls/second,milliseconds
1779785142,515,101.797189,47.206627,15.851425,40.219642,16.421799,99.188537,101.202315,101.304918,101.309123,101.309123,0.754254,0.662431,0.673044,0.402263,calls/second,milliseconds
1779785143,515,101.797189,47.206627,15.851425,40.219642,16.421799,99.188537,101.202315,101.304918,101.309123,101.309123,0.753149,0.662431,0.673044,0.402263,calls/second,milliseconds
1779785144,515,101.797189,47.206627,15.851425,40.219642,16.421799,99.188537,101.202315,101.304918,101.309123,101.309123,0.752047,0.662431,0.673044,0.402263,calls/second,milliseconds
1779785145,520,101.797189,43.868714,15.851425,39.161486,16.446853,98.972276,101.174023,101.304918,101.309123,101.309123,0.758240,0.609466,0.661920,0.400034,calls/second,milliseconds
1779785146,520,101.797189,43.868714,15.851425,39.161486,16.446853,98.972276,101.174023,101.304918,101.309123,101.309123,0.757133,0.609466,0.661920,0.400034,calls/second,milliseconds
1779785147,525,101.797189,41.112051,15.851425,38.043972,16.446853,98.425927,101.174023,101.304918,101.309123,101.309123,0.763300,0.609466,0.661920,0.400034,calls/second,milliseconds
1779785148,525,101.797189,41.112051,15.851425,38.043972,16.446853,98.425927,101.174023,101.304918,101.309123,101.309123,0.762190,0.609466,0.661920,0.400034,calls/second,milliseconds
1779785149,525,101.797189,41.112051,15.851425,38.043972,16.446853,98.425927,101.174023,101.304918,101.309123,101.309123,0.761083,0.609466,0.661920,0.400034,calls/second,milliseconds
1779785150,525,101.797189,41.112051,15.851425,38.043972,16.446853,98.425927,101.174023,101.304918,101.309123,101.309123,0.759979,0.720647,0.684037,0.408898,calls/second,milliseconds
1779785151,525,101.797189,41.112051,15.851425,38.043972,16.446853,98.425927,101.174023,101.304918,101.309123,101.309123,0.758879,0.720647,0.684037,0.408898,calls/second,milliseconds
1779785152,525,101.797189,41.112051,15.851425,38.043972,16.446853,98.425927,101.174023,101.304918,101.309123,101.309123,0.757782,0.720647,0.684037,0.408898,calls/second,milliseconds
1779785153,525,101.797189,41.112051,15.851425,38.043972,16.446853,98.425927,101.174023,101.304918,101.309123,101.309123,0.756688,0.720647,0.684037,0.408898,calls/second,milliseconds
1779785154,525,101.797189,41.112051,15.851425,38.043972,16.446853,98.425927,101.174023,101.304918,101.309123,101.309123,0.755597,0.720647,0.684037,0.408898,calls/second,milliseconds
1779785155,525,101.797189,41.112051,15.851425,38.043972,16.446853,98.425927,101.174023,101.304918,101.309123,101.309123,0.754510,0.663027,0.672730,0.406633,calls/second,milliseconds
1779785156,525,101.797189,41.112051,15.851425,38.043972,16.446853,98.425927,101.174023,101.304918,101.309123,101.309123,0.753426,0.663027,0.672730,0.406633,calls/second,milliseconds
1779785157,525,101.797189,41.112051,15.851425,38.043972,16.446853,98.425927,101.174023,101.304918,101.309123,101.309123,0.752344,0.663027,0.672730,0.406633,calls/second,milliseconds
1779785158,530,101.797189,47.106866,15.851425,40.043478,16.458435,98.418652,101.174023,101.304918,101.309123,101.309123,0.758420,0.663027,0.672730,0.406633,calls/second,milliseconds
1779785159,530,101.797189,47.106866,15.851425,40.043478,16.458435,98.418652,101.174023,101.304918,101.309123,101.309123,0.757334,0.663027,0.672730,0.406633,calls/second,milliseconds
1779785160,530,101.797189,47.106866,15.851425,40.043478,16.458435,98.418652,101.174023,101.304918,101.309123,101.309123,0.756252,0.689970,0.678140,0.409920,calls/second,milliseconds
1779785161,530,101.797189,47.106866,15.851425,40.043478,16.458435,98.418652,101.174023,101.304918,101.309123,101.309123,0.755173,0.689970,0.678140,0.409920,calls/second,milliseconds
1779785162,530,101.797189,47.106866,15.851425,40.043478,16.458435,98.418652,101.174023,101.304918,101.309123,101.309123,0.754097,0.689970,0.678140,0.409920,calls/second,milliseconds
1779785163,530,101.797189,47.106866,15.851425,40.043478,16.458435,98.418652,101.174023,101.304918,101.309123,101.309123,0.753023,0.689970,0.678140,0.409920,calls/second,milliseconds
1779785164,530,101.797189,47.106866,15.851425,40.043478,16.458435,98.418652,101.174023,101.304918,101.309123,101.309123,0.751953,0.689970,0.678140,0.409920,calls/second,milliseconds
1779785165,530,101.797189,47.106866,15.851425,40.043478,16.458435,98.418652,101.174023,101.304918,101.309123,101.309123,0.750886,0.634803,0.666931,0.407649,calls/second,milliseconds
1779785166,530,101.797189,47.106866,15.851425,40.043478,16.458435,98.418652,101.174023,101.304918,101.309123,101.309123,0.749822,0.634803,0.666931,0.407649,calls/second,milliseconds
1779785167,535,101.797189,43.776032,15.851425,38.999570,16.446853,98.406353,99.628370,101.220568,101.304918,101.309123,0.755825,0.634803,0.666931,0.407649,calls/second,milliseconds
1779785168,535,101.797189,43.776032,15.851425,38.999570,16.446853,98.406353,99.628370,101.220568,101.304918,101.309123,0.754757,0.634803,0.666931,0.407649,calls/second,milliseconds
1779785169,540,101.797189,41.005313,15.851425,37.906568,16.425780,98.405832,99.628370,101.220568,101.304918,101.309123,0.760736,0.634803,0.666931,0.407649,calls/second,milliseconds
1779785170,540,101.797189,41.005313,15.851425,37.906568,16.425780,98.405832,99.628370,101.220568,101.304918,101.309123,0.759664,0.743958,0.688965,0.416471,calls/second,milliseconds
1779785171,540,101.797189,41.005313,15.851425,37.906568,16.425780,98.405832,99.628370,101.220568,101.304918,101.309123,0.758595,0.743958,0.688965,0.416471,calls/second,milliseconds
1779785172,540,101.797189,41.005313,15.851425,37.906568,16.425780,98.405832,99.628370,101.220568,101.304918,101.309123,0.757529,0.743958,0.688965,0.416471,calls/second,milliseconds
1779785173,540,101.797189,41.005313,15.851425,37.906568,16.425780,98.405832,99.628370,101.220568,101.304918,101.309123,0.756465,0.743958,0.688965,0.416471,calls/second,milliseconds
1779785174,540,101.797189,41.005313,15.851425,37.906568,16.425780,98.405832,99.628370,101.220568,101.304918,101.309123,0.755405,0.743958,0.688965,0.416471,calls/second,milliseconds
1779785175,545,101.797189,46.716402,15.851425,39.971522,16.446853,98.536502,99.625621,101.220568,101.304918,101.309123,0.761333,0.764430,0.694106,0.419704,calls/second,milliseconds
1779785176,545,101.797189,46.716402,15.851425,39.971522,16.446853,98.536502,99.625621,101.220568,101.304918,101.309123,0.760269,0.764430,0.694106,0.419704,calls/second,milliseconds
1779785177,545,101.797189,46.716402,15.851425,39.971522,16.446853,98.536502,99.625621,101.220568,101.304918,101.309123,0.759208,0.764430,0.694106,0.419704,calls/second,milliseconds
1779785178,545,101.797189,46.716402,15.851425,39.971522,16.446853,98.536502,99.625621,101.220568,101.304918,101.309123,0.758150,0.764430,0.694106,0.419704,calls/second,milliseconds
1779785179,545,101.797189,46.716402,15.851425,39.971522,16.446853,98.536502,99.625621,101.220568,101.304918,101.309123,0.757095,0.764430,0.694106,0.419704,calls/second,milliseconds
1779785180,545,101.797189,46.716402,15.851425,39.971522,16.446853,98.536502,99.625621,101.220568,101.304918,101.309123,0.756043,0.703310,0.682633,0.417379,calls/second,milliseconds
1779785181,545,101.797189,46.716402,15.851425,39.971522,16.446853,98.536502,99.625621,101.220568,101.304918,101.309123,0.754995,0.703310,0.682633,0.417379,calls/second,milliseconds
1779785182,545,101.797189,46.716402,15.851425,39.971522,16.446853,98.536502,99.625621,101.220568,101.304918,101.309123,0.753948,0.703310,0.682633,0.417379,calls/second,milliseconds
1779785183,545,101.797189,46.716402,15.851425,39.971522,16.446853,98.536502,99.625621,101.220568,101.304918,101.309123,0.752905,0.703310,0.682633,0.417379,calls/second,milliseconds
1779785184,550,101.797189,43.571832,15.822532,39.012191,16.425780,98.418652,99.625621,101.202315,101.304918,101.309123,0.758763,0.703310,0.682633,0.417379,calls/second,milliseconds
1779785185,550,101.797189,43.571832,15.822532,39.012191,16.425780,98.418652,99.625621,101.202315,101.304918,101.309123,0.757717,0.727032,0.687879,0.420606,calls/second,milliseconds
1779785186,555,101.797189,40.949384,15.822532,37.983363,16.401888,98.406353,99.622928,101.202315,101.304918,101.309123,0.763551,0.727032,0.687879,0.420606,calls/second,milliseconds
1779785187,555,101.797189,40.949384,15.822532,37.983363,16.401888,98.406353,99.622928,101.202315,101.304918,101.309123,0.762501,0.727032,0.687879,0.420606,calls/second,milliseconds
1779785188,555,101.797189,40.949384,15.822532,37.983363,16.401888,98.406353,99.622928,101.202315,101.304918,101.309123,0.761453,0.727032,0.687879,0.420606,calls/second,milliseconds
1779785189,555,101.797189,40.949384,15.822532,37.983363,16.401888,98.406353,99.622928,101.202315,101.304918,101.309123,0.760407,0.727032,0.687879,0.420606,calls/second,milliseconds
1779785190,555,101.797189,40.949384,15.822532,37.983363,16.401888,98.406353,99.622928,101.202315,101.304918,101.309123,0.759365,0.748857,0.693038,0.423816,calls/second,milliseconds
1779785191,555,101.797189,40.949384,15.822532,37.983363,16.401888,98.406353,99.622928,101.202315,101.304918,101.309123,0.758325,0.748857,0.693038,0.423816,calls/second,milliseconds
1779785192,555,101.797189,40.949384,15.822532,37.983363,16.401888,98.406353,99.622928,101.202315,101.304918,101.309123,0.757289,0.748857,0.693038,0.423816,calls/second,milliseconds
1779785193,555,101.797189,40.949384,15.822532,37.983363,16.401888,98.406353,99.622928,101.202315,101.304918,101.309123,0.756256,0.748857,0.693038,0.423816,calls/second,milliseconds
1779785194,555,101.797189,40.949384,15.822532,37.983363,16.401888,98.406353,99.622928,101.202315,101.304918,101.309123,0.755226,0.748857,0.693038,0.423816,calls/second,milliseconds
1779785195,555,101.797189,40.949384,15.822532,37.983363,16.401888,98.406353,99.622928,101.202315,101.304918,101.309123,0.754198,0.688982,0.681583,0.421468,calls/second,milliseconds
1779785196,555,101.797189,40.949384,15.822532,37.983363,16.401888,98.406353,99.622928,101.202315,101.304918,101.309123,0.753173,0.688982,0.681583,0.421468,calls/second,milliseconds
1779785197,560,101.797189,46.676684,15.822532,39.952827,16.425780,98.522490,99.622928,101.202315,101.304918,101.309123,0.758926,0.688982,0.681583,0.421468,calls/second,milliseconds
1779785198,560,101.797189,46.676684,15.822532,39.952827,16.425780,98.522490,99.622928,101.202315,101.304918,101.309123,0.757897,0.688982,0.681583,0.421468,calls/second,milliseconds
1779785199,560,101.797189,46.676684,15.822532,39.952827,16.425780,98.522490,99.622928,101.202315,101.304918,101.309123,0.756871,0.688982,0.681583,0.421468,calls/second,milliseconds
1779785200,560,101.797189,46.676684,15.822532,39.952827,16.425780,98.522490,99.622928,101.202315,101.304918,101.309123,0.755848,0.713849,0.686846,0.424674,calls/second,milliseconds
1779785201,560,101.797189,46.676684,15.822532,39.952827,16.425780,98.522490,99.622928,101.202315,101.304918,101.309123,0.754827,0.713849,0.686846,0.424674,calls/second,milliseconds
1779785202,560,101.797189,46.676684,15.822532,39.952827,16.425780,98.522490,99.622928,101.202315,101.304918,101.309123,0.753810,0.713849,0.686846,0.424674,calls/second,milliseconds
1779785203,560,101.797189,46.676684,15.822532,39.952827,16.425780,98.522490,99.622928,101.202315,101.304918,101.309123,0.752795,0.713849,0.686846,0.424674,calls/second,milliseconds
1779785204,560,101.797189,46.676684,15.822532,39.952827,16.425780,98.522490,99.622928,101.202315,101.304918,101.309123,0.751782,0.713849,0.686846,0.424674,calls/second,milliseconds
1779785205,560,101.797189,46.676684,15.822532,39.952827,16.425780,98.522490,99.622928,101.202315,101.304918,101.309123,0.750773,0.656773,0.675493,0.422321,calls/second,milliseconds
1779785206,565,101.797189,43.532765,15.822532,38.941135,16.396442,98.517941,99.613362,101.174023,101.220568,101.309123,0.756460,0.656773,0.675493,0.422321,calls/second,milliseconds
1779785207,565,101.797189,43.532765,15.822532,38.941135,16.396442,98.517941,99.613362,101.174023,101.220568,101.309123,0.755447,0.656773,0.675493,0.422321,calls/second,milliseconds
1779785208,570,101.797189,40.897222,15.822532,37.884433,16.363666,98.418652,99.590154,101.174023,101.220568,101.309123,0.761112,0.656773,0.675493,0.422321,calls/second,milliseconds
1779785209,570,101.797189,40.897222,15.822532,37.884433,16.363666,98.418652,99.590154,101.174023,101.220568,101.309123,0.760096,0.656773,0.675493,0.422321,calls/second,milliseconds
1779785210,570,101.797189,40.897222,15.822532,37.884433,16.363666,98.418652,99.590154,101.174023,101.220568,101.309123,0.759081,0.764172,0.697385,0.431061,calls/second,milliseconds
1779785211,570,101.797189,40.897222,15.822532,37.884433,16.363666,98.418652,99.590154,101.174023,101.220568,101.309123,0.758070,0.764172,0.697385,0.431061,calls/second,milliseconds
1779785212,570,101.797189,40.897222,15.822532,37.884433,16.363666,98.418652,99.590154,101.174023,101.220568,101.309123,0.757062,0.764172,0.697385,0.431061,calls/second,milliseconds
1779785213,570,101.797189,40.897222,15.822532,37.884433,16.363666,98.418652,99.590154,101.174023,101.220568,101.309123,0.756056,0.764172,0.697385,0.431061,calls/second,milliseconds
1779785214,570,101.797189,40.897222,15.822532,37.884433,16.363666,98.418652,99.590154,101.174023,101.220568,101.309123,0.755053,0.764172,0.697385,0.431061,calls/second,milliseconds
1779785215,570,101.797189,40.897222,15.822532,37.884433,16.363666,98.418652,99.590154,101.174023,101.220568,101.309123,0.754052,0.703072,0.685859,0.428673,calls/second,milliseconds
1779785216,570,101.797189,40.897222,15.822532,37.884433,16.363666,98.418652,99.590154,101.174023,101.220568,101.309123,0.753054,0.703072,0.685859,0.428673,calls/second,milliseconds
1779785217,570,101.797189,40.897222,15.822532,37.884433,16.363666,98.418652,99.590154,101.174023,101.220568,101.309123,0.752060,0.703072,0.685859,0.428673,calls/second,milliseconds
1779785218,570,101.797189,40.897222,15.822532,37.884433,16.363666,98.418652,99.590154,101.174023,101.220568,101.309123,0.751066,0.703072,0.685859,0.428673,calls/second,milliseconds
1779785219,575,101.797189,46.787529,15.822532,40.002953,16.401888,98.534697,99.584114,100.016084,101.220568,101.309123,0.756656,0.703072,0.685859,0.428673,calls/second,milliseconds
1779785220,575,101.797189,46.787529,15.822532,40.002953,16.401888,98.534697,99.584114,100.016084,101.220568,101.309123,0.755660,0.726813,0.691051,0.431838,calls/second,milliseconds
1779785221,575,101.797189,46.787529,15.822532,40.002953,16.401888,98.534697,99.584114,100.016084,101.220568,101.309123,0.754667,0.726813,0.691051,0.431838,calls/second,milliseconds
1779785222,575,101.797189,46.787529,15.822532,40.002953,16.401888,98.534697,99.584114,100.016084,101.220568,101.309123,0.753672,0.726813,0.691051,0.431838,calls/second,milliseconds
1779785223,575,101.797189,46.787529,15.822532,40.002953,16.401888,98.534697,99.584114,100.016084,101.220568,101.309123,0.752684,0.726813,0.691051,0.431838,calls/second,milliseconds
1779785224,575,101.797189,46.787529,15.822532,40.002953,16.401888,98.534697,99.584114,100.016084,101.220568,101.309123,0.751698,0.726813,0.691051,0.431838,calls/second,milliseconds
1779785225,575,101.797189,46.787529,15.822532,40.002953,16.401888,98.534697,99.584114,100.016084,101.220568,101.309123,0.750715,0.668700,0.679629,0.429446,calls/second,milliseconds
1779785226,575,101.797189,46.787529,15.822532,40.002953,16.401888,98.534697,99.584114,100.016084,101.220568,101.309123,0.749735,0.668700,0.679629,0.429446,calls/second,milliseconds
1779785227,575,101.797189,46.787529,15.822532,40.002953,16.401888,98.534697,99.584114,100.016084,101.220568,101.309123,0.748757,0.668700,0.679629,0.429446,calls/second,milliseconds
1779785228,580,101.797189,43.546642,15.802556,39.015943,16.363666,98.522490,99.559462,99.628370,101.220568,101.309123,0.754283,0.668700,0.679629,0.429446,calls/second,milliseconds
1779785229,580,101.797189,43.546642,15.802556,39.015943,16.363666,98.522490,99.559462,99.628370,101.220568,101.309123,0.753302,0.668700,0.679629,0.429446,calls/second,milliseconds
1779785230,585,101.797189,40.851930,15.802556,37.961985,16.316555,98.460345,99.483939,99.628370,101.202315,101.309123,0.758809,0.695189,0.684924,0.432607,calls/second,milliseconds
1779785231,585,101.797189,40.851930,15.802556,37.961985,16.316555,98.460345,99.483939,99.628370,101.202315,101.309123,0.757824,0.695189,0.684924,0.432607,calls/second,milliseconds
1779785232,585,101.797189,40.851930,15.802556,37.961985,16.316555,98.460345,99.483939,99.628370,101.202315,101.309123,0.756842,0.695189,0.684924,0.432607,calls/second,milliseconds
1779785233,585,101.797189,40.851930,15.802556,37.961985,16.316555,98.460345,99.483939,99.628370,101.202315,101.309123,0.755862,0.695189,0.684924,0.432607,calls/second,milliseconds
1779785234,585,101.797189,40.851930,15.802556,37.961985,16.316555,98.460345,99.483939,99.628370,101.202315,101.309123,0.754885,0.695189,0.684924,0.432607,calls/second,milliseconds
1779785235,585,101.797189,40.851930,15.802556,37.961985,16.316555,98.460345,99.483939,99.628370,101.202315,101.309123,0.753911,0.719561,0.690132,0.435750,calls/second,milliseconds
1779785236,590,101.797189,46.438827,15.802556,40.015062,16.363666,99.329630,99.614303,99.640937,101.202315,101.309123,0.759374,0.719561,0.690132,0.435750,calls/second,milliseconds
1779785237,590,101.797189,46.438827,15.802556,40.015062,16.363666,99.329630,99.614303,99.640937,101.202315,101.309123,0.758395,0.719561,0.690132,0.435750,calls/second,milliseconds
1779785238,590,101.797189,46.438827,15.802556,40.015062,16.363666,99.329630,99.614303,99.640937,101.202315,101.309123,0.757420,0.719561,0.690132,0.435750,calls/second,milliseconds
1779785239,590,101.797189,46.438827,15.802556,40.015062,16.363666,99.329630,99.614303,99.640937,101.202315,101.309123,0.756448,0.719561,0.690132,0.435750,calls/second,milliseconds
1779785240,590,101.797189,46.438827,15.802556,40.015062,16.363666,99.329630,99.614303,99.640937,101.202315,101.309123,0.755477,0.741983,0.695254,0.438876,calls/second,milliseconds
1779785241,590,101.797189,46.438827,15.802556,40.015062,16.363666,99.329630,99.614303,99.640937,101.202315,101.309123,0.754510,0.741983,0.695254,0.438876,calls/second,milliseconds
1779785242,590,101.797189,46.438827,15.802556,40.015062,16.363666,99.329630,99.614303,99.640937,101.202315,101.309123,0.753544,0.741983,0.695254,0.438876,calls/second,milliseconds
1779785243,590,101.797189,46.438827,15.802556,40.015062,16.363666,99.329630,99.614303,99.640937,101.202315,101.309123,0.752582,0.741983,0.695254,0.438876,calls/second,milliseconds
1779785244,590,101.797189,46.438827,15.802556,40.015062,16.363666,99.329630,99.614303,99.640937,101.202315,101.309123,0.751622,0.741983,0.695254,0.438876,calls/second,milliseconds
1779785245,595,101.797189,43.386475,15.697944,39.067649,16.302556,98.534697,99.614303,99.640937,101.202315,101.309123,0.757026,0.682658,0.683762,0.436445,calls/second,milliseconds
1779785246,595,101.797189,43.386475,15.697944,39.067649,16.302556,98.534697,99.614303,99.640937,101.202315,101.309123,0.756062,0.682658,0.683762,0.436445,calls/second,milliseconds
1779785247,600,101.797189,40.865207,15.697944,38.031573,16.292406,98.522490,99.614303,99.640937,101.174023,101.309123,0.761446,0.682658,0.683762,0.436445,calls/second,milliseconds
1779785248,600,101.797189,40.865207,15.697944,38.031573,16.292406,98.522490,99.614303,99.640937,101.174023,101.309123,0.760479,0.682658,0.683762,0.436445,calls/second,milliseconds
1779785249,600,101.797189,40.865207,15.697944,38.031573,16.292406,98.522490,99.614303,99.640937,101.174023,101.309123,0.759515,0.682658,0.683762,0.436445,calls/second,milliseconds
1779785250,600,101.797189,40.865207,15.697944,38.031573,16.292406,98.522490,99.614303,99.640937,101.174023,101.309123,0.758552,0.787987,0.705517,0.445107,calls/second,milliseconds
1779785251,600,101.797189,40.865207,15.697944,38.031573,16.292406,98.522490,99.614303,99.640937,101.174023,101.309123,0.757593,0.787987,0.705517,0.445107,calls/second,milliseconds
1779785252,600,101.797189,40.865207,15.697944,38.031573,16.292406,98.522490,99.614303,99.640937,101.174023,101.309123,0.756636,0.787987,0.705517,0.445107,calls/second,milliseconds
1779785253,600,101.797189,40.865207,15.697944,38.031573,16.292406,98.522490,99.614303,99.640937,101.174023,101.309123,0.755681,0.787987,0.705517,0.445107,calls/second,milliseconds
1779785254,600,101.797189,40.865207,15.697944,38.031573,16.292406,98.522490,99.614303,99.640937,101.174023,101.309123,0.754730,0.787987,0.705517,0.445107,calls/second,milliseconds
1779785255,600,101.797189,40.865207,15.697944,38.031573,16.292406,98.522490,99.614303,99.640937,101.174023,101.309123,0.753780,0.724983,0.693856,0.442641,calls/second,milliseconds
1779785256,600,101.797189,40.865207,15.697944,38.031573,16.292406,98.522490,99.614303,99.640937,101.174023,101.309123,0.752833,0.724983,0.693856,0.442641,calls/second,milliseconds
1779785257,600,101.797189,40.865207,15.697944,38.031573,16.292406,98.522490,99.614303,99.640937,101.174023,101.309123,0.751888,0.724983,0.693856,0.442641,calls/second,milliseconds
1779785258,600,101.797189,40.865207,15.697944,38.031573,16.292406,98.522490,99.614303,99.640937,101.174023,101.309123,0.750945,0.724983,0.693856,0.442641,calls/second,milliseconds
1779785259,600,101.797189,40.865207,15.697944,38.031573,16.292406,98.522490,99.614303,99.640937,101.174023,101.309123,0.750005,0.724983,0.693856,0.442641,calls/second,milliseconds
1779785260,600,101.797189,40.865207,15.697944,38.031573,16.292406,98.522490,99.614303,99.640937,101.174023,101.309123,0.749067,0.667016,0.682388,0.440189,calls/second,milliseconds
1779785261,600,101.797189,40.865207,15.697944,38.031573,16.292406,98.522490,99.614303,99.640937,101.174023,101.309123,0.748132,0.667016,0.682388,0.440189,calls/second,milliseconds
1779785262,605,101.797189,46.879518,15.697944,40.077920,16.327506,98.538483,99.614257,99.640937,101.174023,101.309123,0.753426,0.667016,0.682388,0.440189,calls/second,milliseconds
1779785263,605,101.797189,46.879518,15.697944,40.077920,16.327506,98.538483,99.614257,99.640937,101.174023,101.309123,0.752486,0.667016,0.682388,0.440189,calls/second,milliseconds
1779785264,605,101.797189,46.879518,15.697944,40.077920,16.327506,98.538483,99.614257,99.640937,101.174023,101.309123,0.751550,0.693640,0.687638,0.443290,calls/second,milliseconds
1779785265,605,101.797189,46.879518,15.697944,40.077920,16.327506,98.538483,99.614257,99.640937,101.174023,101.309123,0.750616,0.693640,0.687638,0.443290,calls/second,milliseconds
1779785266,605,101.797189,46.879518,15.697944,40.077920,16.327506,98.538483,99.614257,99.640937,101.174023,101.309123,0.749685,0.693640,0.687638,0.443290,calls/second,milliseconds
1779785267,605,101.797189,46.879518,15.697944,40.077920,16.327506,98.538483,99.614257,99.640937,101.174023,101.309123,0.748756,0.693640,0.687638,0.443290,calls/second,milliseconds
1779785268,605,101.797189,46.879518,15.697944,40.077920,16.327506,98.538483,99.614257,99.640937,101.174023,101.309123,0.747829,0.693640,0.687638,0.443290,calls/second,milliseconds
1779785269,605,101.797189,46.879518,15.697944,40.077920,16.327506,98.538483,99.614257,99.640937,101.174023,101.309123,0.746904,0.638180,0.676272,0.440835,calls/second,milliseconds
1779785270,605,101.797189,46.879518,15.697944,40.077920,16.327506,98.538483,99.614257,99.640937,101.174023,101.309123,0.745981,0.638180,0.676272,0.440835,calls/second,milliseconds
1779785271,605,101.797189,46.879518,15.697944,40.077920,16.327506,98.538483,99.614257,99.640937,101.174023,101.309123,0.745061,0.638180,0.676272,0.440835,calls/second,milliseconds
1779785272,610,101.797189,43.585505,15.697944,39.015465,16.371734,98.527774,99.614257,99.640937,99.640937,101.309123,0.750294,0.638180,0.676272,0.440835,calls/second,milliseconds
1779785273,610,101.797189,43.585505,15.697944,39.015465,16.371734,98.527774,99.614257,99.640937,99.640937,101.309123,0.749370,0.638180,0.676272,0.440835,calls/second,milliseconds
1779785274,615,101.797189,40.850739,15.697944,37.905641,16.316555,98.517941,99.614203,99.640937,99.640937,101.309123,0.754584,0.747065,0.698151,0.449473,calls/second,milliseconds
1779785275,615,101.797189,40.850739,15.697944,37.905641,16.316555,98.517941,99.614203,99.640937,99.640937,101.309123,0.753658,0.747065,0.698151,0.449473,calls/second,milliseconds
1779785276,615,101.797189,40.850739,15.697944,37.905641,16.316555,98.517941,99.614203,99.640937,99.640937,101.309123,0.752734,0.747065,0.698151,0.449473,calls/second,milliseconds
1779785277,615,101.797189,40.850739,15.697944,37.905641,16.316555,98.517941,99.614203,99.640937,99.640937,101.309123,0.751813,0.747065,0.698151,0.449473,calls/second,milliseconds
1779785278,615,101.797189,40.850739,15.697944,37.905641,16.316555,98.517941,99.614203,99.640937,99.640937,101.309123,0.750893,0.747065,0.698151,0.449473,calls/second,milliseconds
1779785279,620,101.797189,46.534984,15.697944,39.949122,16.377728,98.552716,99.614203,99.628370,99.640937,101.309123,0.756073,0.767288,0.703140,0.452523,calls/second,milliseconds
1779785280,620,101.797189,46.534984,15.697944,39.949122,16.377728,98.552716,99.614203,99.628370,99.640937,101.309123,0.755151,0.767288,0.703140,0.452523,calls/second,milliseconds
1779785281,620,101.797189,46.534984,15.697944,39.949122,16.377728,98.552716,99.614203,99.628370,99.640937,101.309123,0.754231,0.767288,0.703140,0.452523,calls/second,milliseconds
1779785282,620,101.797189,46.534984,15.697944,39.949122,16.377728,98.552716,99.614203,99.628370,99.640937,101.309123,0.753313,0.767288,0.703140,0.452523,calls/second,milliseconds
1779785283,620,101.797189,46.534984,15.697944,39.949122,16.377728,98.552716,99.614203,99.628370,99.640937,101.309123,0.752398,0.767288,0.703140,0.452523,calls/second,milliseconds
1779785284,620,101.797189,46.534984,15.697944,39.949122,16.377728,98.552716,99.614203,99.628370,99.640937,101.309123,0.751485,0.705939,0.691518,0.450016,calls/second,milliseconds
1779785285,620,101.797189,46.534984,15.697944,39.949122,16.377728,98.552716,99.614203,99.628370,99.640937,101.309123,0.750573,0.705939,0.691518,0.450016,calls/second,milliseconds
1779785286,620,101.797189,46.534984,15.697944,39.949122,16.377728,98.552716,99.614203,99.628370,99.640937,101.309123,0.749664,0.705939,0.691518,0.450016,calls/second,milliseconds
1779785287,620,101.797189,46.534984,15.697944,39.949122,16.377728,98.552716,99.614203,99.628370,99.640937,101.309123,0.748757,0.705939,0.691518,0.450016,calls/second,milliseconds
1779785288,620,101.797189,46.534984,15.697944,39.949122,16.377728,98.552716,99.614203,99.628370,99.640937,101.309123,0.747853,0.705939,0.691518,0.450016,calls/second,milliseconds
1779785289,625,101.797189,43.452777,15.697944,38.954562,16.313485,98.538483,99.613362,99.625621,99.640937,101.309123,0.752974,0.729451,0.696617,0.453063,calls/second,milliseconds
1779785290,625,101.797189,43.452777,15.697944,38.954562,16.313485,98.538483,99.613362,99.625621,99.640937,101.309123,0.752067,0.729451,0.696617,0.453063,calls/second,milliseconds
1779785291,630,101.797189,40.878776,15.697944,37.903541,16.328079,98.527774,99.601864,99.622928,99.640937,101.309123,0.757170,0.729451,0.696617,0.453063,calls/second,milliseconds
1779785292,630,101.797189,40.878776,15.697944,37.903541,16.328079,98.527774,99.601864,99.622928,99.640937,101.309123,0.756260,0.729451,0.696617,0.453063,calls/second,milliseconds
1779785293,630,101.797189,40.878776,15.697944,37.903541,16.328079,98.527774,99.601864,99.622928,99.640937,101.309123,0.755351,0.729451,0.696617,0.453063,calls/second,milliseconds
1779785294,630,101.797189,40.878776,15.697944,37.903541,16.328079,98.527774,99.601864,99.622928,99.640937,101.309123,0.754446,0.751083,0.701632,0.456093,calls/second,milliseconds
1779785295,630,101.797189,40.878776,15.697944,37.903541,16.328079,98.527774,99.601864,99.622928,99.640937,101.309123,0.753542,0.751083,0.701632,0.456093,calls/second,milliseconds
1779785296,630,101.797189,40.878776,15.697944,37.903541,16.328079,98.527774,99.601864,99.622928,99.640937,101.309123,0.752640,0.751083,0.701632,0.456093,calls/second,milliseconds
1779785297,630,101.797189,40.878776,15.697944,37.903541,16.328079,98.527774,99.601864,99.622928,99.640937,101.309123,0.751741,0.751083,0.701632,0.456093,calls/second,milliseconds
1779785298,630,101.797189,40.878776,15.697944,37.903541,16.328079,98.527774,99.601864,99.622928,99.640937,101.309123,0.750844,0.751083,0.701632,0.456093,calls/second,milliseconds
1779785299,630,101.797189,40.878776,15.697944,37.903541,16.328079,98.527774,99.601864,99.622928,99.640937,101.309123,0.749949,0.691030,0.690035,0.453566,calls/second,milliseconds
1779785300,630,101.797189,40.878776,15.697944,37.903541,16.328079,98.527774,99.601864,99.622928,99.640937,101.309123,0.749056,0.691030,0.690035,0.453566,calls/second,milliseconds
1779785301,635,101.797189,46.725649,15.697944,40.051643,16.363666,99.135862,99.779313,99.804906,99.804906,101.309123,0.754103,0.691030,0.690035,0.453566,calls/second,milliseconds
1779785302,635,101.797189,46.725649,15.697944,40.051643,16.363666,99.135862,99.779313,99.804906,99.804906,101.309123,0.753207,0.691030,0.690035,0.453566,calls/second,milliseconds
1779785303,635,101.797189,46.725649,15.697944,40.051643,16.363666,99.135862,99.779313,99.804906,99.804906,101.309123,0.752313,0.691030,0.690035,0.453566,calls/second,milliseconds
1779785304,635,101.797189,46.725649,15.697944,40.051643,16.363666,99.135862,99.779313,99.804906,99.804906,101.309123,0.751421,0.715734,0.695158,0.456593,calls/second,milliseconds
1779785305,635,101.797189,46.725649,15.697944,40.051643,16.363666,99.135862,99.779313,99.804906,99.804906,101.309123,0.750532,0.715734,0.695158,0.456593,calls/second,milliseconds
1779785306,635,101.797189,46.725649,15.697944,40.051643,16.363666,99.135862,99.779313,99.804906,99.804906,101.309123,0.749644,0.715734,0.695158,0.456593,calls/second,milliseconds
1779785307,635,101.797189,46.725649,15.697944,40.051643,16.363666,99.135862,99.779313,99.804906,99.804906,101.309123,0.748759,0.715734,0.695158,0.456593,calls/second,milliseconds
1779785308,635,101.797189,46.725649,15.697944,40.051643,16.363666,99.135862,99.779313,99.804906,99.804906,101.309123,0.747876,0.715734,0.695158,0.456593,calls/second,milliseconds
1779785309,635,101.797189,46.725649,15.697944,40.051643,16.363666,99.135862,99.779313,99.804906,99.804906,101.309123,0.746994,0.658507,0.683668,0.454064,calls/second,milliseconds
1779785310,635,101.797189,46.725649,15.697944,40.051643,16.363666,99.135862,99.779313,99.804906,99.804906,101.309123,0.746115,0.658507,0.683668,0.454064,calls/second,milliseconds
1779785311,640,101.797189,43.537421,15.697944,39.068282,16.319312,98.552716,99.779313,99.804906,99.804906,101.304918,0.751106,0.658507,0.683668,0.454064,calls/second,milliseconds
1779785312,640,101.797189,43.537421,15.697944,39.068282,16.319312,98.552716,99.779313,99.804906,99.804906,101.304918,0.750223,0.658507,0.683668,0.454064,calls/second,milliseconds
1779785313,645,101.797189,40.910255,15.697944,38.001071,16.299587,98.538483,99.779313,99.804906,99.804906,101.304918,0.755197,0.658507,0.683668,0.454064,calls/second,milliseconds
1779785314,645,101.797189,40.910255,15.697944,38.001071,16.299587,98.538483,99.779313,99.804906,99.804906,101.304918,0.754312,0.765767,0.705425,0.462628,calls/second,milliseconds
1779785315,645,101.797189,40.910255,15.697944,38.001071,16.299587,98.538483,99.779313,99.804906,99.804906,101.304918,0.753430,0.765767,0.705425,0.462628,calls/second,milliseconds
1779785316,645,101.797189,40.910255,15.697944,38.001071,16.299587,98.538483,99.779313,99.804906,99.804906,101.304918,0.752549,0.765767,0.705425,0.462628,calls/second,milliseconds
1779785317,645,101.797189,40.910255,15.697944,38.001071,16.299587,98.538483,99.779313,99.804906,99.804906,101.304918,0.751671,0.765767,0.705425,0.462628,calls/second,milliseconds
1779785318,650,101.797189,46.333285,15.697944,39.894169,16.319312,98.572785,99.738087,99.780484,99.804906,101.304918,0.756615,0.765767,0.705425,0.462628,calls/second,milliseconds
1779785319,650,101.797189,46.333285,15.697944,39.894169,16.319312,98.572785,99.738087,99.780484,99.804906,101.304918,0.755729,0.784495,0.710294,0.465605,calls/second,milliseconds
1779785320,650,101.797189,46.333285,15.697944,39.894169,16.319312,98.572785,99.738087,99.780484,99.804906,101.304918,0.754851,0.784495,0.710294,0.465605,calls/second,milliseconds
1779785321,650,101.797189,46.333285,15.697944,39.894169,16.319312,98.572785,99.738087,99.780484,99.804906,101.304918,0.753974,0.784495,0.710294,0.465605,calls/second,milliseconds
1779785322,650,101.797189,46.333285,15.697944,39.894169,16.319312,98.572785,99.738087,99.780484,99.804906,101.304918,0.753099,0.784495,0.710294,0.465605,calls/second,milliseconds
1779785323,650,101.797189,46.333285,15.697944,39.894169,16.319312,98.572785,99.738087,99.780484,99.804906,101.304918,0.752226,0.784495,0.710294,0.465605,calls/second,milliseconds
1779785324,650,101.797189,46.333285,15.697944,39.894169,16.319312,98.572785,99.738087,99.780484,99.804906,101.304918,0.751355,0.721770,0.698554,0.463026,calls/second,milliseconds
1779785325,650,101.797189,46.333285,15.697944,39.894169,16.319312,98.572785,99.738087,99.780484,99.804906,101.304918,0.750486,0.721770,0.698554,0.463026,calls/second,milliseconds
1779785326,650,101.797189,46.333285,15.697944,39.894169,16.319312,98.572785,99.738087,99.780484,99.804906,101.304918,0.749619,0.721770,0.698554,0.463026,calls/second,milliseconds
1779785327,650,101.797189,46.333285,15.697944,39.894169,16.319312,98.572785,99.738087,99.780484,99.804906,101.304918,0.748754,0.721770,0.698554,0.463026,calls/second,milliseconds
1779785328,655,101.797189,43.351047,15.697944,38.937827,16.297700,98.549178,99.738087,99.780484,99.804906,101.304918,0.753644,0.721770,0.698554,0.463026,calls/second,milliseconds
1779785329,655,101.797189,43.351047,15.697944,38.937827,16.297700,98.549178,99.738087,99.780484,99.804906,101.304918,0.752777,0.744016,0.703536,0.466001,calls/second,milliseconds
1779785330,660,101.797189,40.855331,15.697944,37.918264,16.282548,98.534697,99.738087,99.780484,99.804906,101.304918,0.757651,0.744016,0.703536,0.466001,calls/second,milliseconds
1779785331,660,101.797189,40.855331,15.697944,37.918264,16.282548,98.534697,99.738087,99.780484,99.804906,101.304918,0.756781,0.744016,0.703536,0.466001,calls/second,milliseconds
1779785332,660,101.797189,40.855331,15.697944,37.918264,16.282548,98.534697,99.738087,99.780484,99.804906,101.304918,0.755912,0.744016,0.703536,0.466001,calls/second,milliseconds
1779785333,660,101.797189,40.855331,15.697944,37.918264,16.282548,98.534697,99.738087,99.780484,99.804906,101.304918,0.755046,0.744016,0.703536,0.466001,calls/second,milliseconds
1779785334,660,101.797189,40.855331,15.697944,37.918264,16.282548,98.534697,99.738087,99.780484,99.804906,101.304918,0.754182,0.764484,0.708436,0.468959,calls/second,milliseconds
1779785335,665,101.797189,46.054296,15.697944,39.749119,16.297700,98.525465,99.716459,99.780484,99.804906,101.304918,0.759027,0.764484,0.708436,0.468959,calls/second,milliseconds
1779785336,665,101.797189,46.054296,15.697944,39.749119,16.297700,98.525465,99.716459,99.780484,99.804906,101.304918,0.758160,0.764484,0.708436,0.468959,calls/second,milliseconds
1779785337,665,101.797189,46.054296,15.697944,39.749119,16.297700,98.525465,99.716459,99.780484,99.804906,101.304918,0.757295,0.764484,0.708436,0.468959,calls/second,milliseconds
1779785338,665,101.797189,46.054296,15.697944,39.749119,16.297700,98.525465,99.716459,99.780484,99.804906,101.304918,0.756433,0.764484,0.708436,0.468959,calls/second,milliseconds
1779785339,665,101.797189,46.054296,15.697944,39.749119,16.297700,98.525465,99.716459,99.780484,99.804906,101.304918,0.755572,0.783314,0.713256,0.471901,calls/second,milliseconds
1779785340,665,101.797189,46.054296,15.697944,39.749119,16.297700,98.525465,99.716459,99.780484,99.804906,101.304918,0.754713,0.783314,0.713256,0.471901,calls/second,milliseconds
1779785341,665,101.797189,46.054296,15.697944,39.749119,16.297700,98.525465,99.716459,99.780484,99.804906,101.304918,0.753856,0.783314,0.713256,0.471901,calls/second,milliseconds
1779785342,665,101.797189,46.054296,15.697944,39.749119,16.297700,98.525465,99.716459,99.780484,99.804906,101.304918,0.753001,0.783314,0.713256,0.471901,calls/second,milliseconds
1779785343,665,101.797189,46.054296,15.697944,39.749119,16.297700,98.525465,99.716459,99.780484,99.804906,101.304918,0.752148,0.783314,0.713256,0.471901,calls/second,milliseconds
1779785344,665,101.797189,46.054296,15.697944,39.749119,16.297700,98.525465,99.716459,99.780484,99.804906,101.304918,0.751297,0.720684,0.701466,0.469287,calls/second,milliseconds
1779785345,670,101.797189,43.206354,15.697944,38.821973,16.282548,98.409943,99.716459,99.780484,99.804906,101.304918,0.756091,0.720684,0.701466,0.469287,calls/second,milliseconds
1779785346,670,101.797189,43.206354,15.697944,38.821973,16.282548,98.409943,99.716459,99.780484,99.804906,101.304918,0.755237,0.720684,0.701466,0.469287,calls/second,milliseconds
1779785347,675,101.797189,40.798927,15.697944,37.841189,16.271264,98.409859,99.640937,99.780484,99.804906,101.220568,0.760015,0.720684,0.701466,0.469287,calls/second,milliseconds
1779785348,675,101.797189,40.798927,15.697944,37.841189,16.271264,98.409859,99.640937,99.780484,99.804906,101.220568,0.759159,0.720684,0.701466,0.469287,calls/second,milliseconds
1779785349,675,101.797189,40.798927,15.697944,37.841189,16.271264,98.409859,99.640937,99.780484,99.804906,101.220568,0.758305,0.822973,0.722929,0.477767,calls/second,milliseconds
1779785350,675,101.797189,40.798927,15.697944,37.841189,16.271264,98.409859,99.640937,99.780484,99.804906,101.220568,0.757453,0.822973,0.722929,0.477767,calls/second,milliseconds
1779785351,675,101.797189,40.798927,15.697944,37.841189,16.271264,98.409859,99.640937,99.780484,99.804906,101.220568,0.756602,0.822973,0.722929,0.477767,calls/second,milliseconds
1779785352,680,101.797189,45.850789,15.697944,39.647500,16.282548,98.411271,99.614303,99.779313,99.804906,101.220568,0.761352,0.822973,0.722929,0.477767,calls/second,milliseconds
1779785353,680,101.797189,45.850789,15.697944,39.647500,16.282548,98.411271,99.614303,99.779313,99.804906,101.220568,0.760499,0.822973,0.722929,0.477767,calls/second,milliseconds
1779785354,680,101.797189,45.850789,15.697944,39.647500,16.282548,98.411271,99.614303,99.779313,99.804906,101.220568,0.759648,0.837127,0.727509,0.480661,calls/second,milliseconds
1779785355,680,101.797189,45.850789,15.697944,39.647500,16.282548,98.411271,99.614303,99.779313,99.804906,101.220568,0.758799,0.837127,0.727509,0.480661,calls/second,milliseconds
1779785356,680,101.797189,45.850789,15.697944,39.647500,16.282548,98.411271,99.614303,99.779313,99.804906,101.220568,0.757951,0.837127,0.727509,0.480661,calls/second,milliseconds
1779785357,680,101.797189,45.850789,15.697944,39.647500,16.282548,98.411271,99.614303,99.779313,99.804906,101.220568,0.757106,0.837127,0.727509,0.480661,calls/second,milliseconds
1779785358,680,101.797189,45.850789,15.697944,39.647500,16.282548,98.411271,99.614303,99.779313,99.804906,101.220568,0.756262,0.837127,0.727509,0.480661,calls/second,milliseconds
1779785359,680,101.797189,45.850789,15.697944,39.647500,16.282548,98.411271,99.614303,99.779313,99.804906,101.220568,0.755421,0.770194,0.715484,0.477998,calls/second,milliseconds
1779785360,680,101.797189,45.850789,15.697944,39.647500,16.282548,98.411271,99.614303,99.779313,99.804906,101.220568,0.754582,0.770194,0.715484,0.477998,calls/second,milliseconds
1779785361,680,101.797189,45.850789,15.697944,39.647500,16.282548,98.411271,99.614303,99.779313,99.804906,101.220568,0.753744,0.770194,0.715484,0.477998,calls/second,milliseconds
1779785362,685,101.797189,43.112107,15.697944,38.732545,16.271264,98.409943,99.614203,99.779313,99.780484,101.220568,0.758444,0.770194,0.715484,0.477998,calls/second,milliseconds
1779785363,685,101.797189,43.112107,15.697944,38.732545,16.271264,98.409943,99.614203,99.779313,99.780484,101.220568,0.757604,0.770194,0.715484,0.477998,calls/second,milliseconds
1779785364,690,101.797189,40.760839,15.697944,37.785452,16.250996,98.409859,99.601864,99.779313,99.780484,101.220568,0.762290,0.868524,0.736715,0.486430,calls/second,milliseconds
1779785365,690,101.797189,40.760839,15.697944,37.785452,16.250996,98.409859,99.601864,99.779313,99.780484,101.220568,0.761448,0.868524,0.736715,0.486430,calls/second,milliseconds
1779785366,690,101.797189,40.760839,15.697944,37.785452,16.250996,98.409859,99.601864,99.779313,99.780484,101.220568,0.760607,0.868524,0.736715,0.486430,calls/second,milliseconds
1779785367,690,101.797189,40.760839,15.697944,37.785452,16.250996,98.409859,99.601864,99.779313,99.780484,101.220568,0.759768,0.868524,0.736715,0.486430,calls/second,milliseconds
1779785368,690,101.797189,40.760839,15.697944,37.785452,16.250996,98.409859,99.601864,99.779313,99.780484,101.220568,0.758931,0.868524,0.736715,0.486430,calls/second,milliseconds
1779785369,695,101.797189,45.790750,15.697944,39.688611,16.271264,98.427330,99.466856,99.779313,99.780484,101.220568,0.763589,0.879036,0.741067,0.489275,calls/second,milliseconds
1779785370,695,101.797189,45.790750,15.697944,39.688611,16.271264,98.427330,99.466856,99.779313,99.780484,101.220568,0.762750,0.879036,0.741067,0.489275,calls/second,milliseconds
1779785371,695,101.797189,45.790750,15.697944,39.688611,16.271264,98.427330,99.466856,99.779313,99.780484,101.220568,0.761913,0.879036,0.741067,0.489275,calls/second,milliseconds
1779785372,695,101.797189,45.790750,15.697944,39.688611,16.271264,98.427330,99.466856,99.779313,99.780484,101.220568,0.761076,0.879036,0.741067,0.489275,calls/second,milliseconds
1779785373,695,101.797189,45.790750,15.697944,39.688611,16.271264,98.427330,99.466856,99.779313,99.780484,101.220568,0.760243,0.879036,0.741067,0.489275,calls/second,milliseconds
1779785374,695,101.797189,45.790750,15.697944,39.688611,16.271264,98.427330,99.466856,99.779313,99.780484,101.220568,0.759411,0.808752,0.728818,0.486564,calls/second,milliseconds
1779785375,695,101.797189,45.790750,15.697944,39.688611,16.271264,98.427330,99.466856,99.779313,99.780484,101.220568,0.758581,0.808752,0.728818,0.486564,calls/second,milliseconds
1779785376,695,101.797189,45.790750,15.697944,39.688611,16.271264,98.427330,99.466856,99.779313,99.780484,101.220568,0.757752,0.808752,0.728818,0.486564,calls/second,milliseconds
1779785377,695,101.797189,45.790750,15.697944,39.688611,16.271264,98.427330,99.466856,99.779313,99.780484,101.220568,0.756925,0.808752,0.728818,0.486564,calls/second,milliseconds
1779785378,695,101.797189,45.790750,15.697944,39.688611,16.271264,98.427330,99.466856,99.779313,99.780484,101.220568,0.756101,0.808752,0.728818,0.486564,calls/second,milliseconds
1779785379,700,101.797189,43.097935,15.697944,38.798449,16.243556,98.411271,99.445763,99.738087,99.780484,101.202315,0.760711,0.824043,0.733301,0.489409,calls/second,milliseconds
1779785380,700,101.797189,43.097935,15.697944,38.798449,16.243556,98.411271,99.445763,99.738087,99.780484,101.202315,0.759884,0.824043,0.733301,0.489409,calls/second,milliseconds
1779785381,705,101.797189,42.290028,15.697944,37.199592,16.271264,98.409940,99.445763,99.738087,99.780484,101.202315,0.764480,0.824043,0.733301,0.489409,calls/second,milliseconds
1779785382,705,101.797189,42.290028,15.697944,37.199592,16.271264,98.409940,99.445763,99.738087,99.780484,101.202315,0.763651,0.824043,0.733301,0.489409,calls/second,milliseconds
1779785383,705,101.797189,42.290028,15.697944,37.199592,16.271264,98.409940,99.445763,99.738087,99.780484,101.202315,0.762823,0.824043,0.733301,0.489409,calls/second,milliseconds
1779785384,705,101.797189,42.290028,15.697944,37.199592,16.271264,98.409940,99.445763,99.738087,99.780484,101.202315,0.761997,0.838112,0.737709,0.492238,calls/second,milliseconds
1779785385,705,101.797189,42.290028,15.697944,37.199592,16.271264,98.409940,99.445763,99.738087,99.780484,101.202315,0.761173,0.838112,0.737709,0.492238,calls/second,milliseconds
1779785386,705,101.797189,42.290028,15.697944,37.199592,16.271264,98.409940,99.445763,99.738087,99.780484,101.202315,0.760351,0.838112,0.737709,0.492238,calls/second,milliseconds
1779785387,705,101.797189,42.290028,15.697944,37.199592,16.271264,98.409940,99.445763,99.738087,99.780484,101.202315,0.759530,0.838112,0.737709,0.492238,calls/second,milliseconds
1779785388,705,101.797189,42.290028,15.697944,37.199592,16.271264,98.409940,99.445763,99.738087,99.780484,101.202315,0.758712,0.838112,0.737709,0.492238,calls/second,milliseconds
1779785389,705,101.797189,42.290028,15.697944,37.199592,16.271264,98.409940,99.445763,99.738087,99.780484,101.202315,0.757895,0.771100,0.725516,0.489511,calls/second,milliseconds
1779785390,705,101.797189,42.290028,15.697944,37.199592,16.271264,98.409940,99.445763,99.738087,99.780484,101.202315,0.757080,0.771100,0.725516,0.489511,calls/second,milliseconds
1779785391,705,101.797189,42.290028,15.697944,37.199592,16.271264,98.409940,99.445763,99.738087,99.780484,101.202315,0.756267,0.771100,0.725516,0.489511,calls/second,milliseconds
1779785392,705,101.797189,42.290028,15.697944,37.199592,16.271264,98.409940,99.445763,99.738087,99.780484,101.202315,0.755455,0.771100,0.725516,0.489511,calls/second,milliseconds
1779785393,705,101.797189,42.290028,15.697944,37.199592,16.271264,98.409940,99.445763,99.738087,99.780484,101.202315,0.754645,0.771100,0.725516,0.489511,calls/second,milliseconds
1779785394,705,101.797189,42.290028,15.697944,37.199592,16.271264,98.409940,99.445763,99.738087,99.780484,101.202315,0.753837,0.709447,0.713524,0.486799,calls/second,milliseconds
1779785395,705,101.797189,42.290028,15.697944,37.199592,16.271264,98.409940,99.445763,99.738087,99.780484,101.202315,0.753031,0.709447,0.713524,0.486799,calls/second,milliseconds
1779785396,705,101.797189,42.290028,15.697944,37.199592,16.271264,98.409940,99.445763,99.738087,99.780484,101.202315,0.752226,0.709447,0.713524,0.486799,calls/second,milliseconds
