t,count,max,mean,min,stddev,p50,p75,p95,p98,p99,p999,mean_rate,m1_rate,m5_rate,m15_rate,rate_unit,duration_unit
1779783559,1,7.000000,7.000000,7.000000,0.000000,7.000000,7.000000,7.000000,7.000000,7.000000,7.000000,2.349202,0.000000,0.000000,0.000000,calls/second,milliseconds
1779783560,1,7.000000,7.000000,7.000000,0.000000,7.000000,7.000000,7.000000,7.000000,7.000000,7.000000,0.698693,0.000000,0.000000,0.000000,calls/second,milliseconds
1779783561,1,7.000000,7.000000,7.000000,0.000000,7.000000,7.000000,7.000000,7.000000,7.000000,7.000000,0.410518,0.000000,0.000000,0.000000,calls/second,milliseconds
1779783562,1,7.000000,7.000000,7.000000,0.000000,7.000000,7.000000,7.000000,7.000000,7.000000,7.000000,0.290661,0.000000,0.000000,0.000000,calls/second,milliseconds
1779783563,1,7.000000,7.000000,7.000000,0.000000,7.000000,7.000000,7.000000,7.000000,7.000000,7.000000,0.224996,0.000000,0.000000,0.000000,calls/second,milliseconds
1779783564,1,7.000000,7.000000,7.000000,0.000000,7.000000,7.000000,7.000000,7.000000,7.000000,7.000000,0.183525,0.200000,0.200000,0.200000,calls/second,milliseconds
1779783565,1,7.000000,7.000000,7.000000,0.000000,7.000000,7.000000,7.000000,7.000000,7.000000,7.000000,0.154968,0.200000,0.200000,0.200000,calls/second,milliseconds
1779783566,1,7.000000,7.000000,7.000000,0.000000,7.000000,7.000000,7.000000,7.000000,7.000000,7.000000,0.134114,0.200000,0.200000,0.200000,calls/second,milliseconds
1779783567,1,7.000000,7.000000,7.000000,0.000000,7.000000,7.000000,7.000000,7.000000,7.000000,7.000000,0.118203,0.200000,0.200000,0.200000,calls/second,milliseconds
1779783568,1,7.000000,7.000000,7.000000,0.000000,7.000000,7.000000,7.000000,7.000000,7.000000,7.000000,0.105671,0.200000,0.200000,0.200000,calls/second,milliseconds
1779783569,1,7.000000,7.000000,7.000000,0.000000,7.000000,7.000000,7.000000,7.000000,7.000000,7.000000,0.095540,0.184009,0.196694,0.198892,calls/second,milliseconds
1779783570,1,7.000000,7.000000,7.000000,0.000000,7.000000,7.000000,7.000000,7.000000,7.000000,7.000000,0.087179,0.184009,0.196694,0.198892,calls/second,milliseconds
1779783571,1,7.000000,7.000000,7.000000,0.000000,7.000000,7.000000,7.000000,7.000000,7.000000,7.000000,0.080167,0.184009,0.196694,0.198892,calls/second,milliseconds
1779783572,1,7.000000,7.000000,7.000000,0.000000,7.000000,7.000000,7.000000,7.000000,7.000000,7.000000,0.074201,0.184009,0.196694,0.198892,calls/second,milliseconds
1779783573,1,7.000000,7.000000,7.000000,0.000000,7.000000,7.000000,7.000000,7.000000,7.000000,7.000000,0.069061,0.184009,0.196694,0.198892,calls/second,milliseconds
1779783574,1,7.000000,7.000000,7.000000,0.000000,7.000000,7.000000,7.000000,7.000000,7.000000,7.000000,0.064588,0.169296,0.193443,0.197790,calls/second,milliseconds
1779783575,1,7.000000,7.000000,7.000000,0.000000,7.000000,7.000000,7.000000,7.000000,7.000000,7.000000,0.060658,0.169296,0.193443,0.197790,calls/second,milliseconds
1779783576,1,7.000000,7.000000,7.000000,0.000000,7.000000,7.000000,7.000000,7.000000,7.000000,7.000000,0.057182,0.169296,0.193443,0.197790,calls/second,milliseconds
1779783577,1,7.000000,7.000000,7.000000,0.000000,7.000000,7.000000,7.000000,7.000000,7.000000,7.000000,0.054081,0.169296,0.193443,0.197790,calls/second,milliseconds
1779783578,1,7.000000,7.000000,7.000000,0.000000,7.000000,7.000000,7.000000,7.000000,7.000000,7.000000,0.051298,0.169296,0.193443,0.197790,calls/second,milliseconds
1779783579,1,7.000000,7.000000,7.000000,0.000000,7.000000,7.000000,7.000000,7.000000,7.000000,7.000000,0.048789,0.155760,0.190246,0.196694,calls/second,milliseconds
1779783580,1,7.000000,7.000000,7.000000,0.000000,7.000000,7.000000,7.000000,7.000000,7.000000,7.000000,0.046513,0.155760,0.190246,0.196694,calls/second,milliseconds
1779783581,1,7.000000,7.000000,7.000000,0.000000,7.000000,7.000000,7.000000,7.000000,7.000000,7.000000,0.044442,0.155760,0.190246,0.196694,calls/second,milliseconds
1779783582,1,7.000000,7.000000,7.000000,0.000000,7.000000,7.000000,7.000000,7.000000,7.000000,7.000000,0.042547,0.155760,0.190246,0.196694,calls/second,milliseconds
1779783583,1,7.000000,7.000000,7.000000,0.000000,7.000000,7.000000,7.000000,7.000000,7.000000,7.000000,0.040806,0.155760,0.190246,0.196694,calls/second,milliseconds
1779783584,1,7.000000,7.000000,7.000000,0.000000,7.000000,7.000000,7.000000,7.000000,7.000000,7.000000,0.039203,0.143306,0.187101,0.195605,calls/second,milliseconds
1779783586,2,7.000000,7.000000,7.000000,0.000000,7.000000,7.000000,7.000000,7.000000,7.000000,7.000000,0.075440,0.143306,0.187101,0.195605,calls/second,milliseconds
1779783587,2,7.000000,7.000000,7.000000,0.000000,7.000000,7.000000,7.000000,7.000000,7.000000,7.000000,0.072692,0.143306,0.187101,0.195605,calls/second,milliseconds
1779783588,2,7.000000,7.000000,7.000000,0.000000,7.000000,7.000000,7.000000,7.000000,7.000000,7.000000,0.070135,0.143306,0.187101,0.195605,calls/second,milliseconds
1779783589,2,7.000000,7.000000,7.000000,0.000000,7.000000,7.000000,7.000000,7.000000,7.000000,7.000000,0.067754,0.143306,0.187101,0.195605,calls/second,milliseconds
1779783590,2,7.000000,7.000000,7.000000,0.000000,7.000000,7.000000,7.000000,7.000000,7.000000,7.000000,0.065528,0.147839,0.187315,0.195629,calls/second,milliseconds
1779783591,2,7.000000,7.000000,7.000000,0.000000,7.000000,7.000000,7.000000,7.000000,7.000000,7.000000,0.063444,0.147839,0.187315,0.195629,calls/second,milliseconds
1779783592,2,7.000000,7.000000,7.000000,0.000000,7.000000,7.000000,7.000000,7.000000,7.000000,7.000000,0.061489,0.147839,0.187315,0.195629,calls/second,milliseconds
1779783593,2,7.000000,7.000000,7.000000,0.000000,7.000000,7.000000,7.000000,7.000000,7.000000,7.000000,0.059650,0.147839,0.187315,0.195629,calls/second,milliseconds
1779783594,2,7.000000,7.000000,7.000000,0.000000,7.000000,7.000000,7.000000,7.000000,7.000000,7.000000,0.057918,0.147839,0.187315,0.195629,calls/second,milliseconds
1779783595,2,7.000000,7.000000,7.000000,0.000000,7.000000,7.000000,7.000000,7.000000,7.000000,7.000000,0.056284,0.136019,0.184219,0.194545,calls/second,milliseconds
1779783596,2,7.000000,7.000000,7.000000,0.000000,7.000000,7.000000,7.000000,7.000000,7.000000,7.000000,0.054740,0.136019,0.184219,0.194545,calls/second,milliseconds
1779783597,2,7.000000,7.000000,7.000000,0.000000,7.000000,7.000000,7.000000,7.000000,7.000000,7.000000,0.053279,0.136019,0.184219,0.194545,calls/second,milliseconds
1779783598,2,7.000000,7.000000,7.000000,0.000000,7.000000,7.000000,7.000000,7.000000,7.000000,7.000000,0.051893,0.136019,0.184219,0.194545,calls/second,milliseconds
1779783599,2,7.000000,7.000000,7.000000,0.000000,7.000000,7.000000,7.000000,7.000000,7.000000,7.000000,0.050577,0.136019,0.184219,0.194545,calls/second,milliseconds
1779783600,2,7.000000,7.000000,7.000000,0.000000,7.000000,7.000000,7.000000,7.000000,7.000000,7.000000,0.049327,0.125143,0.181174,0.193467,calls/second,milliseconds
1779783601,2,7.000000,7.000000,7.000000,0.000000,7.000000,7.000000,7.000000,7.000000,7.000000,7.000000,0.048137,0.125143,0.181174,0.193467,calls/second,milliseconds
1779783602,2,7.000000,7.000000,7.000000,0.000000,7.000000,7.000000,7.000000,7.000000,7.000000,7.000000,0.047003,0.125143,0.181174,0.193467,calls/second,milliseconds
1779783603,2,7.000000,7.000000,7.000000,0.000000,7.000000,7.000000,7.000000,7.000000,7.000000,7.000000,0.045922,0.125143,0.181174,0.193467,calls/second,milliseconds
1779783604,2,7.000000,7.000000,7.000000,0.000000,7.000000,7.000000,7.000000,7.000000,7.000000,7.000000,0.044889,0.125143,0.181174,0.193467,calls/second,milliseconds
1779783605,2,7.000000,7.000000,7.000000,0.000000,7.000000,7.000000,7.000000,7.000000,7.000000,7.000000,0.043901,0.115137,0.178179,0.192395,calls/second,milliseconds
1779783606,2,7.000000,7.000000,7.000000,0.000000,7.000000,7.000000,7.000000,7.000000,7.000000,7.000000,0.042956,0.115137,0.178179,0.192395,calls/second,milliseconds
1779783607,2,7.000000,7.000000,7.000000,0.000000,7.000000,7.000000,7.000000,7.000000,7.000000,7.000000,0.042051,0.115137,0.178179,0.192395,calls/second,milliseconds
1779783608,2,7.000000,7.000000,7.000000,0.000000,7.000000,7.000000,7.000000,7.000000,7.000000,7.000000,0.041184,0.115137,0.178179,0.192395,calls/second,milliseconds
1779783609,2,7.000000,7.000000,7.000000,0.000000,7.000000,7.000000,7.000000,7.000000,7.000000,7.000000,0.040351,0.115137,0.178179,0.192395,calls/second,milliseconds
1779783610,2,7.000000,7.000000,7.000000,0.000000,7.000000,7.000000,7.000000,7.000000,7.000000,7.000000,0.039552,0.105931,0.175234,0.191330,calls/second,milliseconds
1779783611,2,7.000000,7.000000,7.000000,0.000000,7.000000,7.000000,7.000000,7.000000,7.000000,7.000000,0.038783,0.105931,0.175234,0.191330,calls/second,milliseconds
1779783612,2,7.000000,7.000000,7.000000,0.000000,7.000000,7.000000,7.000000,7.000000,7.000000,7.000000,0.038044,0.105931,0.175234,0.191330,calls/second,milliseconds
1779783613,2,7.000000,7.000000,7.000000,0.000000,7.000000,7.000000,7.000000,7.000000,7.000000,7.000000,0.037332,0.105931,0.175234,0.191330,calls/second,milliseconds
1779783614,2,7.000000,7.000000,7.000000,0.000000,7.000000,7.000000,7.000000,7.000000,7.000000,7.000000,0.036647,0.105931,0.175234,0.191330,calls/second,milliseconds
1779783615,2,7.000000,7.000000,7.000000,0.000000,7.000000,7.000000,7.000000,7.000000,7.000000,7.000000,0.035986,0.097462,0.172338,0.190270,calls/second,milliseconds
1779783616,2,7.000000,7.000000,7.000000,0.000000,7.000000,7.000000,7.000000,7.000000,7.000000,7.000000,0.035349,0.097462,0.172338,0.190270,calls/second,milliseconds
1779783617,2,7.000000,7.000000,7.000000,0.000000,7.000000,7.000000,7.000000,7.000000,7.000000,7.000000,0.034733,0.097462,0.172338,0.190270,calls/second,milliseconds
1779783618,2,7.000000,7.000000,7.000000,0.000000,7.000000,7.000000,7.000000,7.000000,7.000000,7.000000,0.034139,0.097462,0.172338,0.190270,calls/second,milliseconds
1779783619,2,7.000000,7.000000,7.000000,0.000000,7.000000,7.000000,7.000000,7.000000,7.000000,7.000000,0.033565,0.097462,0.172338,0.190270,calls/second,milliseconds
1779783620,2,7.000000,7.000000,7.000000,0.000000,7.000000,7.000000,7.000000,7.000000,7.000000,7.000000,0.033010,0.089669,0.169489,0.189215,calls/second,milliseconds
1779783621,2,7.000000,7.000000,7.000000,0.000000,7.000000,7.000000,7.000000,7.000000,7.000000,7.000000,0.032473,0.089669,0.169489,0.189215,calls/second,milliseconds
1779783622,2,7.000000,7.000000,7.000000,0.000000,7.000000,7.000000,7.000000,7.000000,7.000000,7.000000,0.031953,0.089669,0.169489,0.189215,calls/second,milliseconds
1779783623,2,7.000000,7.000000,7.000000,0.000000,7.000000,7.000000,7.000000,7.000000,7.000000,7.000000,0.031450,0.089669,0.169489,0.189215,calls/second,milliseconds
1779783624,2,7.000000,7.000000,7.000000,0.000000,7.000000,7.000000,7.000000,7.000000,7.000000,7.000000,0.030962,0.089669,0.169489,0.189215,calls/second,milliseconds
1779783625,2,7.000000,7.000000,7.000000,0.000000,7.000000,7.000000,7.000000,7.000000,7.000000,7.000000,0.030489,0.082499,0.166688,0.188167,calls/second,milliseconds
1779783626,2,7.000000,7.000000,7.000000,0.000000,7.000000,7.000000,7.000000,7.000000,7.000000,7.000000,0.030031,0.082499,0.166688,0.188167,calls/second,milliseconds
1779783627,2,7.000000,7.000000,7.000000,0.000000,7.000000,7.000000,7.000000,7.000000,7.000000,7.000000,0.029586,0.082499,0.166688,0.188167,calls/second,milliseconds
1779783628,2,7.000000,7.000000,7.000000,0.000000,7.000000,7.000000,7.000000,7.000000,7.000000,7.000000,0.029153,0.082499,0.166688,0.188167,calls/second,milliseconds
1779783629,2,7.000000,7.000000,7.000000,0.000000,7.000000,7.000000,7.000000,7.000000,7.000000,7.000000,0.028734,0.082499,0.166688,0.188167,calls/second,milliseconds
1779783630,2,7.000000,7.000000,7.000000,0.000000,7.000000,7.000000,7.000000,7.000000,7.000000,7.000000,0.028326,0.075903,0.163933,0.187125,calls/second,milliseconds
1779783631,2,7.000000,7.000000,7.000000,0.000000,7.000000,7.000000,7.000000,7.000000,7.000000,7.000000,0.027930,0.075903,0.163933,0.187125,calls/second,milliseconds
1779783632,2,7.000000,7.000000,7.000000,0.000000,7.000000,7.000000,7.000000,7.000000,7.000000,7.000000,0.027544,0.075903,0.163933,0.187125,calls/second,milliseconds
1779783633,2,7.000000,7.000000,7.000000,0.000000,7.000000,7.000000,7.000000,7.000000,7.000000,7.000000,0.027170,0.075903,0.163933,0.187125,calls/second,milliseconds
1779783634,2,7.000000,7.000000,7.000000,0.000000,7.000000,7.000000,7.000000,7.000000,7.000000,7.000000,0.026805,0.075903,0.163933,0.187125,calls/second,milliseconds
1779783635,2,7.000000,7.000000,7.000000,0.000000,7.000000,7.000000,7.000000,7.000000,7.000000,7.000000,0.026450,0.069834,0.161223,0.186088,calls/second,milliseconds
1779783636,2,7.000000,7.000000,7.000000,0.000000,7.000000,7.000000,7.000000,7.000000,7.000000,7.000000,0.026104,0.069834,0.161223,0.186088,calls/second,milliseconds
1779783637,2,7.000000,7.000000,7.000000,0.000000,7.000000,7.000000,7.000000,7.000000,7.000000,7.000000,0.025767,0.069834,0.161223,0.186088,calls/second,milliseconds
1779783638,2,7.000000,7.000000,7.000000,0.000000,7.000000,7.000000,7.000000,7.000000,7.000000,7.000000,0.025439,0.069834,0.161223,0.186088,calls/second,milliseconds
1779783639,2,7.000000,7.000000,7.000000,0.000000,7.000000,7.000000,7.000000,7.000000,7.000000,7.000000,0.025119,0.069834,0.161223,0.186088,calls/second,milliseconds
1779783640,2,7.000000,7.000000,7.000000,0.000000,7.000000,7.000000,7.000000,7.000000,7.000000,7.000000,0.024807,0.064251,0.158558,0.185057,calls/second,milliseconds
1779783641,2,7.000000,7.000000,7.000000,0.000000,7.000000,7.000000,7.000000,7.000000,7.000000,7.000000,0.024502,0.064251,0.158558,0.185057,calls/second,milliseconds
1779783642,2,7.000000,7.000000,7.000000,0.000000,7.000000,7.000000,7.000000,7.000000,7.000000,7.000000,0.024205,0.064251,0.158558,0.185057,calls/second,milliseconds
1779783643,2,7.000000,7.000000,7.000000,0.000000,7.000000,7.000000,7.000000,7.000000,7.000000,7.000000,0.023915,0.064251,0.158558,0.185057,calls/second,milliseconds
1779783644,2,7.000000,7.000000,7.000000,0.000000,7.000000,7.000000,7.000000,7.000000,7.000000,7.000000,0.023632,0.064251,0.158558,0.185057,calls/second,milliseconds
1779783645,2,7.000000,7.000000,7.000000,0.000000,7.000000,7.000000,7.000000,7.000000,7.000000,7.000000,0.023356,0.059113,0.155938,0.184032,calls/second,milliseconds
1779783646,2,7.000000,7.000000,7.000000,0.000000,7.000000,7.000000,7.000000,7.000000,7.000000,7.000000,0.023086,0.059113,0.155938,0.184032,calls/second,milliseconds
1779783647,2,7.000000,7.000000,7.000000,0.000000,7.000000,7.000000,7.000000,7.000000,7.000000,7.000000,0.022822,0.059113,0.155938,0.184032,calls/second,milliseconds
1779783648,2,7.000000,7.000000,7.000000,0.000000,7.000000,7.000000,7.000000,7.000000,7.000000,7.000000,0.022564,0.059113,0.155938,0.184032,calls/second,milliseconds
1779783649,2,7.000000,7.000000,7.000000,0.000000,7.000000,7.000000,7.000000,7.000000,7.000000,7.000000,0.022311,0.059113,0.155938,0.184032,calls/second,milliseconds
1779783650,2,7.000000,7.000000,7.000000,0.000000,7.000000,7.000000,7.000000,7.000000,7.000000,7.000000,0.022065,0.054387,0.153360,0.183012,calls/second,milliseconds
1779783651,2,7.000000,7.000000,7.000000,0.000000,7.000000,7.000000,7.000000,7.000000,7.000000,7.000000,0.021824,0.054387,0.153360,0.183012,calls/second,milliseconds
1779783652,2,7.000000,7.000000,7.000000,0.000000,7.000000,7.000000,7.000000,7.000000,7.000000,7.000000,0.021588,0.054387,0.153360,0.183012,calls/second,milliseconds
1779783653,2,7.000000,7.000000,7.000000,0.000000,7.000000,7.000000,7.000000,7.000000,7.000000,7.000000,0.021357,0.054387,0.153360,0.183012,calls/second,milliseconds
1779783654,2,7.000000,7.000000,7.000000,0.000000,7.000000,7.000000,7.000000,7.000000,7.000000,7.000000,0.021131,0.054387,0.153360,0.183012,calls/second,milliseconds
1779783655,2,7.000000,7.000000,7.000000,0.000000,7.000000,7.000000,7.000000,7.000000,7.000000,7.000000,0.020909,0.050038,0.150825,0.181998,calls/second,milliseconds
1779783656,2,7.000000,7.000000,7.000000,0.000000,7.000000,7.000000,7.000000,7.000000,7.000000,7.000000,0.020693,0.050038,0.150825,0.181998,calls/second,milliseconds
1779783657,2,7.000000,7.000000,7.000000,0.000000,7.000000,7.000000,7.000000,7.000000,7.000000,7.000000,0.020480,0.050038,0.150825,0.181998,calls/second,milliseconds
1779783658,2,7.000000,7.000000,7.000000,0.000000,7.000000,7.000000,7.000000,7.000000,7.000000,7.000000,0.020272,0.050038,0.150825,0.181998,calls/second,milliseconds
1779783659,2,7.000000,7.000000,7.000000,0.000000,7.000000,7.000000,7.000000,7.000000,7.000000,7.000000,0.020068,0.050038,0.150825,0.181998,calls/second,milliseconds
1779783660,2,7.000000,7.000000,7.000000,0.000000,7.000000,7.000000,7.000000,7.000000,7.000000,7.000000,0.019869,0.046038,0.148332,0.180990,calls/second,milliseconds
1779783661,2,7.000000,7.000000,7.000000,0.000000,7.000000,7.000000,7.000000,7.000000,7.000000,7.000000,0.019673,0.046038,0.148332,0.180990,calls/second,milliseconds
1779783662,2,7.000000,7.000000,7.000000,0.000000,7.000000,7.000000,7.000000,7.000000,7.000000,7.000000,0.019481,0.046038,0.148332,0.180990,calls/second,milliseconds
1779783663,2,7.000000,7.000000,7.000000,0.000000,7.000000,7.000000,7.000000,7.000000,7.000000,7.000000,0.019293,0.046038,0.148332,0.180990,calls/second,milliseconds
1779783664,2,7.000000,7.000000,7.000000,0.000000,7.000000,7.000000,7.000000,7.000000,7.000000,7.000000,0.019108,0.046038,0.148332,0.180990,calls/second,milliseconds
1779783665,2,7.000000,7.000000,7.000000,0.000000,7.000000,7.000000,7.000000,7.000000,7.000000,7.000000,0.018927,0.042357,0.145881,0.179987,calls/second,milliseconds
1779783666,2,7.000000,7.000000,7.000000,0.000000,7.000000,7.000000,7.000000,7.000000,7.000000,7.000000,0.018749,0.042357,0.145881,0.179987,calls/second,milliseconds
1779783667,2,7.000000,7.000000,7.000000,0.000000,7.000000,7.000000,7.000000,7.000000,7.000000,7.000000,0.018574,0.042357,0.145881,0.179987,calls/second,milliseconds
1779783668,2,7.000000,7.000000,7.000000,0.000000,7.000000,7.000000,7.000000,7.000000,7.000000,7.000000,0.018403,0.042357,0.145881,0.179987,calls/second,milliseconds
1779783669,2,7.000000,7.000000,7.000000,0.000000,7.000000,7.000000,7.000000,7.000000,7.000000,7.000000,0.018235,0.042357,0.145881,0.179987,calls/second,milliseconds
1779783670,2,7.000000,7.000000,7.000000,0.000000,7.000000,7.000000,7.000000,7.000000,7.000000,7.000000,0.018070,0.038970,0.143470,0.178990,calls/second,milliseconds
1779783671,2,7.000000,7.000000,7.000000,0.000000,7.000000,7.000000,7.000000,7.000000,7.000000,7.000000,0.017908,0.038970,0.143470,0.178990,calls/second,milliseconds
1779783672,2,7.000000,7.000000,7.000000,0.000000,7.000000,7.000000,7.000000,7.000000,7.000000,7.000000,0.017749,0.038970,0.143470,0.178990,calls/second,milliseconds
1779783673,2,7.000000,7.000000,7.000000,0.000000,7.000000,7.000000,7.000000,7.000000,7.000000,7.000000,0.017592,0.038970,0.143470,0.178990,calls/second,milliseconds
1779783674,2,7.000000,7.000000,7.000000,0.000000,7.000000,7.000000,7.000000,7.000000,7.000000,7.000000,0.017439,0.038970,0.143470,0.178990,calls/second,milliseconds
1779783675,2,7.000000,7.000000,7.000000,0.000000,7.000000,7.000000,7.000000,7.000000,7.000000,7.000000,0.017288,0.035854,0.141098,0.177999,calls/second,milliseconds
1779783676,2,7.000000,7.000000,7.000000,0.000000,7.000000,7.000000,7.000000,7.000000,7.000000,7.000000,0.017139,0.035854,0.141098,0.177999,calls/second,milliseconds
1779783677,2,7.000000,7.000000,7.000000,0.000000,7.000000,7.000000,7.000000,7.000000,7.000000,7.000000,0.016993,0.035854,0.141098,0.177999,calls/second,milliseconds
1779783678,2,7.000000,7.000000,7.000000,0.000000,7.000000,7.000000,7.000000,7.000000,7.000000,7.000000,0.016850,0.035854,0.141098,0.177999,calls/second,milliseconds
1779783679,2,7.000000,7.000000,7.000000,0.000000,7.000000,7.000000,7.000000,7.000000,7.000000,7.000000,0.016709,0.035854,0.141098,0.177999,calls/second,milliseconds
1779783680,2,7.000000,7.000000,7.000000,0.000000,7.000000,7.000000,7.000000,7.000000,7.000000,7.000000,0.016570,0.032987,0.138766,0.177012,calls/second,milliseconds
1779783681,2,7.000000,7.000000,7.000000,0.000000,7.000000,7.000000,7.000000,7.000000,7.000000,7.000000,0.016434,0.032987,0.138766,0.177012,calls/second,milliseconds
1779783682,2,7.000000,7.000000,7.000000,0.000000,7.000000,7.000000,7.000000,7.000000,7.000000,7.000000,0.016300,0.032987,0.138766,0.177012,calls/second,milliseconds
1779783683,3,16.000000,13.495390,7.000000,4.033413,16.000000,16.000000,16.000000,16.000000,16.000000,16.000000,0.024248,0.032987,0.138766,0.177012,calls/second,milliseconds
1779783684,3,16.000000,13.495390,7.000000,4.033413,16.000000,16.000000,16.000000,16.000000,16.000000,16.000000,0.024053,0.032987,0.138766,0.177012,calls/second,milliseconds
1779783685,3,16.000000,13.495390,7.000000,4.033413,16.000000,16.000000,16.000000,16.000000,16.000000,16.000000,0.023862,0.046341,0.139778,0.177140,calls/second,milliseconds
1779783686,3,16.000000,13.495390,7.000000,4.033413,16.000000,16.000000,16.000000,16.000000,16.000000,16.000000,0.023673,0.046341,0.139778,0.177140,calls/second,milliseconds
1779783687,3,16.000000,13.495390,7.000000,4.033413,16.000000,16.000000,16.000000,16.000000,16.000000,16.000000,0.023488,0.046341,0.139778,0.177140,calls/second,milliseconds
1779783688,3,16.000000,13.495390,7.000000,4.033413,16.000000,16.000000,16.000000,16.000000,16.000000,16.000000,0.023305,0.046341,0.139778,0.177140,calls/second,milliseconds
1779783689,3,16.000000,13.495390,7.000000,4.033413,16.000000,16.000000,16.000000,16.000000,16.000000,16.000000,0.023125,0.046341,0.139778,0.177140,calls/second,milliseconds
1779783690,3,16.000000,13.495390,7.000000,4.033413,16.000000,16.000000,16.000000,16.000000,16.000000,16.000000,0.022948,0.042636,0.137468,0.176158,calls/second,milliseconds
1779783691,3,16.000000,13.495390,7.000000,4.033413,16.000000,16.000000,16.000000,16.000000,16.000000,16.000000,0.022773,0.042636,0.137468,0.176158,calls/second,milliseconds
1779783692,3,16.000000,13.495390,7.000000,4.033413,16.000000,16.000000,16.000000,16.000000,16.000000,16.000000,0.022601,0.042636,0.137468,0.176158,calls/second,milliseconds
1779783693,3,16.000000,13.495390,7.000000,4.033413,16.000000,16.000000,16.000000,16.000000,16.000000,16.000000,0.022432,0.042636,0.137468,0.176158,calls/second,milliseconds
1779783694,3,16.000000,13.495390,7.000000,4.033413,16.000000,16.000000,16.000000,16.000000,16.000000,16.000000,0.022266,0.042636,0.137468,0.176158,calls/second,milliseconds
1779783695,3,16.000000,13.495390,7.000000,4.033413,16.000000,16.000000,16.000000,16.000000,16.000000,16.000000,0.022101,0.039227,0.135196,0.175182,calls/second,milliseconds
1779783696,3,16.000000,13.495390,7.000000,4.033413,16.000000,16.000000,16.000000,16.000000,16.000000,16.000000,0.021939,0.039227,0.135196,0.175182,calls/second,milliseconds
1779783697,3,16.000000,13.495390,7.000000,4.033413,16.000000,16.000000,16.000000,16.000000,16.000000,16.000000,0.021780,0.039227,0.135196,0.175182,calls/second,milliseconds
1779783698,3,16.000000,13.495390,7.000000,4.033413,16.000000,16.000000,16.000000,16.000000,16.000000,16.000000,0.021623,0.039227,0.135196,0.175182,calls/second,milliseconds
1779783699,3,16.000000,13.495390,7.000000,4.033413,16.000000,16.000000,16.000000,16.000000,16.000000,16.000000,0.021468,0.039227,0.135196,0.175182,calls/second,milliseconds
1779783700,3,16.000000,13.495390,7.000000,4.033413,16.000000,16.000000,16.000000,16.000000,16.000000,16.000000,0.021315,0.036090,0.132961,0.174212,calls/second,milliseconds
1779783701,3,16.000000,13.495390,7.000000,4.033413,16.000000,16.000000,16.000000,16.000000,16.000000,16.000000,0.021164,0.036090,0.132961,0.174212,calls/second,milliseconds
1779783702,3,16.000000,13.495390,7.000000,4.033413,16.000000,16.000000,16.000000,16.000000,16.000000,16.000000,0.021016,0.036090,0.132961,0.174212,calls/second,milliseconds
1779783703,3,16.000000,13.495390,7.000000,4.033413,16.000000,16.000000,16.000000,16.000000,16.000000,16.000000,0.020869,0.036090,0.132961,0.174212,calls/second,milliseconds
1779783704,3,16.000000,13.495390,7.000000,4.033413,16.000000,16.000000,16.000000,16.000000,16.000000,16.000000,0.020725,0.036090,0.132961,0.174212,calls/second,milliseconds
1779783705,3,16.000000,13.495390,7.000000,4.033413,16.000000,16.000000,16.000000,16.000000,16.000000,16.000000,0.020583,0.033205,0.130763,0.173247,calls/second,milliseconds
1779783706,3,16.000000,13.495390,7.000000,4.033413,16.000000,16.000000,16.000000,16.000000,16.000000,16.000000,0.020442,0.033205,0.130763,0.173247,calls/second,milliseconds
1779783707,3,16.000000,13.495390,7.000000,4.033413,16.000000,16.000000,16.000000,16.000000,16.000000,16.000000,0.020304,0.033205,0.130763,0.173247,calls/second,milliseconds
1779783708,3,16.000000,13.495390,7.000000,4.033413,16.000000,16.000000,16.000000,16.000000,16.000000,16.000000,0.020167,0.033205,0.130763,0.173247,calls/second,milliseconds
1779783709,3,16.000000,13.495390,7.000000,4.033413,16.000000,16.000000,16.000000,16.000000,16.000000,16.000000,0.020032,0.033205,0.130763,0.173247,calls/second,milliseconds
1779783710,3,16.000000,13.495390,7.000000,4.033413,16.000000,16.000000,16.000000,16.000000,16.000000,16.000000,0.019899,0.030550,0.128602,0.172287,calls/second,milliseconds
1779783711,3,16.000000,13.495390,7.000000,4.033413,16.000000,16.000000,16.000000,16.000000,16.000000,16.000000,0.019768,0.030550,0.128602,0.172287,calls/second,milliseconds
1779783712,3,16.000000,13.495390,7.000000,4.033413,16.000000,16.000000,16.000000,16.000000,16.000000,16.000000,0.019638,0.030550,0.128602,0.172287,calls/second,milliseconds
1779783713,3,16.000000,13.495390,7.000000,4.033413,16.000000,16.000000,16.000000,16.000000,16.000000,16.000000,0.019510,0.030550,0.128602,0.172287,calls/second,milliseconds
1779783714,3,16.000000,13.495390,7.000000,4.033413,16.000000,16.000000,16.000000,16.000000,16.000000,16.000000,0.019384,0.030550,0.128602,0.172287,calls/second,milliseconds
1779783715,3,16.000000,13.495390,7.000000,4.033413,16.000000,16.000000,16.000000,16.000000,16.000000,16.000000,0.019259,0.028107,0.126477,0.171332,calls/second,milliseconds
1779783716,3,16.000000,13.495390,7.000000,4.033413,16.000000,16.000000,16.000000,16.000000,16.000000,16.000000,0.019136,0.028107,0.126477,0.171332,calls/second,milliseconds
1779783717,3,16.000000,13.495390,7.000000,4.033413,16.000000,16.000000,16.000000,16.000000,16.000000,16.000000,0.019015,0.028107,0.126477,0.171332,calls/second,milliseconds
1779783718,3,16.000000,13.495390,7.000000,4.033413,16.000000,16.000000,16.000000,16.000000,16.000000,16.000000,0.018895,0.028107,0.126477,0.171332,calls/second,milliseconds
1779783719,3,16.000000,13.495390,7.000000,4.033413,16.000000,16.000000,16.000000,16.000000,16.000000,16.000000,0.018776,0.028107,0.126477,0.171332,calls/second,milliseconds
1779783720,3,16.000000,13.495390,7.000000,4.033413,16.000000,16.000000,16.000000,16.000000,16.000000,16.000000,0.018659,0.025860,0.124386,0.170383,calls/second,milliseconds
1779783721,3,16.000000,13.495390,7.000000,4.033413,16.000000,16.000000,16.000000,16.000000,16.000000,16.000000,0.018544,0.025860,0.124386,0.170383,calls/second,milliseconds
1779783722,3,16.000000,13.495390,7.000000,4.033413,16.000000,16.000000,16.000000,16.000000,16.000000,16.000000,0.018430,0.025860,0.124386,0.170383,calls/second,milliseconds
1779783723,3,16.000000,13.495390,7.000000,4.033413,16.000000,16.000000,16.000000,16.000000,16.000000,16.000000,0.018317,0.025860,0.124386,0.170383,calls/second,milliseconds
1779783724,3,16.000000,13.495390,7.000000,4.033413,16.000000,16.000000,16.000000,16.000000,16.000000,16.000000,0.018206,0.025860,0.124386,0.170383,calls/second,milliseconds
1779783725,3,16.000000,13.495390,7.000000,4.033413,16.000000,16.000000,16.000000,16.000000,16.000000,16.000000,0.018096,0.023792,0.122330,0.169439,calls/second,milliseconds
1779783726,3,16.000000,13.495390,7.000000,4.033413,16.000000,16.000000,16.000000,16.000000,16.000000,16.000000,0.017987,0.023792,0.122330,0.169439,calls/second,milliseconds
1779783727,3,16.000000,13.495390,7.000000,4.033413,16.000000,16.000000,16.000000,16.000000,16.000000,16.000000,0.017880,0.023792,0.122330,0.169439,calls/second,milliseconds
1779783728,3,16.000000,13.495390,7.000000,4.033413,16.000000,16.000000,16.000000,16.000000,16.000000,16.000000,0.017774,0.023792,0.122330,0.169439,calls/second,milliseconds
1779783729,3,16.000000,13.495390,7.000000,4.033413,16.000000,16.000000,16.000000,16.000000,16.000000,16.000000,0.017669,0.023792,0.122330,0.169439,calls/second,milliseconds
1779783730,3,16.000000,13.495390,7.000000,4.033413,16.000000,16.000000,16.000000,16.000000,16.000000,16.000000,0.017565,0.021890,0.120308,0.168501,calls/second,milliseconds
1779783731,3,16.000000,13.495390,7.000000,4.033413,16.000000,16.000000,16.000000,16.000000,16.000000,16.000000,0.017463,0.021890,0.120308,0.168501,calls/second,milliseconds
1779783732,3,16.000000,13.495390,7.000000,4.033413,16.000000,16.000000,16.000000,16.000000,16.000000,16.000000,0.017362,0.021890,0.120308,0.168501,calls/second,milliseconds
1779783733,3,16.000000,13.495390,7.000000,4.033413,16.000000,16.000000,16.000000,16.000000,16.000000,16.000000,0.017262,0.021890,0.120308,0.168501,calls/second,milliseconds
1779783734,3,16.000000,13.495390,7.000000,4.033413,16.000000,16.000000,16.000000,16.000000,16.000000,16.000000,0.017163,0.021890,0.120308,0.168501,calls/second,milliseconds
1779783735,3,16.000000,13.495390,7.000000,4.033413,16.000000,16.000000,16.000000,16.000000,16.000000,16.000000,0.017065,0.020140,0.118320,0.167567,calls/second,milliseconds
1779783736,3,16.000000,13.495390,7.000000,4.033413,16.000000,16.000000,16.000000,16.000000,16.000000,16.000000,0.016968,0.020140,0.118320,0.167567,calls/second,milliseconds
1779783737,3,16.000000,13.495390,7.000000,4.033413,16.000000,16.000000,16.000000,16.000000,16.000000,16.000000,0.016873,0.020140,0.118320,0.167567,calls/second,milliseconds
1779783738,3,16.000000,13.495390,7.000000,4.033413,16.000000,16.000000,16.000000,16.000000,16.000000,16.000000,0.016778,0.020140,0.118320,0.167567,calls/second,milliseconds
1779783739,3,16.000000,13.495390,7.000000,4.033413,16.000000,16.000000,16.000000,16.000000,16.000000,16.000000,0.016685,0.020140,0.118320,0.167567,calls/second,milliseconds
1779783740,3,16.000000,13.495390,7.000000,4.033413,16.000000,16.000000,16.000000,16.000000,16.000000,16.000000,0.016592,0.018529,0.116364,0.166639,calls/second,milliseconds
1779783741,3,16.000000,13.495390,7.000000,4.033413,16.000000,16.000000,16.000000,16.000000,16.000000,16.000000,0.016501,0.018529,0.116364,0.166639,calls/second,milliseconds
1779783742,3,16.000000,13.495390,7.000000,4.033413,16.000000,16.000000,16.000000,16.000000,16.000000,16.000000,0.016410,0.018529,0.116364,0.166639,calls/second,milliseconds
1779783743,3,16.000000,13.495390,7.000000,4.033413,16.000000,16.000000,16.000000,16.000000,16.000000,16.000000,0.016321,0.018529,0.116364,0.166639,calls/second,milliseconds
1779783744,3,16.000000,13.495390,7.000000,4.033413,16.000000,16.000000,16.000000,16.000000,16.000000,16.000000,0.016233,0.018529,0.116364,0.166639,calls/second,milliseconds
1779783745,3,16.000000,13.495390,7.000000,4.033413,16.000000,16.000000,16.000000,16.000000,16.000000,16.000000,0.016145,0.017048,0.114441,0.165715,calls/second,milliseconds
1779783746,3,16.000000,13.495390,7.000000,4.033413,16.000000,16.000000,16.000000,16.000000,16.000000,16.000000,0.016059,0.017048,0.114441,0.165715,calls/second,milliseconds
1779783747,3,16.000000,13.495390,7.000000,4.033413,16.000000,16.000000,16.000000,16.000000,16.000000,16.000000,0.015973,0.017048,0.114441,0.165715,calls/second,milliseconds
1779783748,3,16.000000,13.495390,7.000000,4.033413,16.000000,16.000000,16.000000,16.000000,16.000000,16.000000,0.015888,0.017048,0.114441,0.165715,calls/second,milliseconds
1779783749,3,16.000000,13.495390,7.000000,4.033413,16.000000,16.000000,16.000000,16.000000,16.000000,16.000000,0.015804,0.017048,0.114441,0.165715,calls/second,milliseconds
1779783750,3,16.000000,13.495390,7.000000,4.033413,16.000000,16.000000,16.000000,16.000000,16.000000,16.000000,0.015721,0.015685,0.112549,0.164797,calls/second,milliseconds
1779783751,3,16.000000,13.495390,7.000000,4.033413,16.000000,16.000000,16.000000,16.000000,16.000000,16.000000,0.015639,0.015685,0.112549,0.164797,calls/second,milliseconds
1779783752,3,16.000000,13.495390,7.000000,4.033413,16.000000,16.000000,16.000000,16.000000,16.000000,16.000000,0.015558,0.015685,0.112549,0.164797,calls/second,milliseconds
1779783753,3,16.000000,13.495390,7.000000,4.033413,16.000000,16.000000,16.000000,16.000000,16.000000,16.000000,0.015478,0.015685,0.112549,0.164797,calls/second,milliseconds
1779783754,3,16.000000,13.495390,7.000000,4.033413,16.000000,16.000000,16.000000,16.000000,16.000000,16.000000,0.015398,0.015685,0.112549,0.164797,calls/second,milliseconds
1779783755,3,16.000000,13.495390,7.000000,4.033413,16.000000,16.000000,16.000000,16.000000,16.000000,16.000000,0.015319,0.014431,0.110689,0.163884,calls/second,milliseconds
1779783756,3,16.000000,13.495390,7.000000,4.033413,16.000000,16.000000,16.000000,16.000000,16.000000,16.000000,0.015241,0.014431,0.110689,0.163884,calls/second,milliseconds
1779783757,3,16.000000,13.495390,7.000000,4.033413,16.000000,16.000000,16.000000,16.000000,16.000000,16.000000,0.015164,0.014431,0.110689,0.163884,calls/second,milliseconds
1779783758,3,16.000000,13.495390,7.000000,4.033413,16.000000,16.000000,16.000000,16.000000,16.000000,16.000000,0.015088,0.014431,0.110689,0.163884,calls/second,milliseconds
1779783759,3,16.000000,13.495390,7.000000,4.033413,16.000000,16.000000,16.000000,16.000000,16.000000,16.000000,0.015012,0.014431,0.110689,0.163884,calls/second,milliseconds
1779783760,3,16.000000,13.495390,7.000000,4.033413,16.000000,16.000000,16.000000,16.000000,16.000000,16.000000,0.014937,0.013277,0.108859,0.162976,calls/second,milliseconds
1779783761,3,16.000000,13.495390,7.000000,4.033413,16.000000,16.000000,16.000000,16.000000,16.000000,16.000000,0.014863,0.013277,0.108859,0.162976,calls/second,milliseconds
1779783762,3,16.000000,13.495390,7.000000,4.033413,16.000000,16.000000,16.000000,16.000000,16.000000,16.000000,0.014790,0.013277,0.108859,0.162976,calls/second,milliseconds
1779783763,3,16.000000,13.495390,7.000000,4.033413,16.000000,16.000000,16.000000,16.000000,16.000000,16.000000,0.014717,0.013277,0.108859,0.162976,calls/second,milliseconds
1779783764,3,16.000000,13.495390,7.000000,4.033413,16.000000,16.000000,16.000000,16.000000,16.000000,16.000000,0.014645,0.013277,0.108859,0.162976,calls/second,milliseconds
1779783765,3,16.000000,13.495390,7.000000,4.033413,16.000000,16.000000,16.000000,16.000000,16.000000,16.000000,0.014574,0.012215,0.107060,0.162074,calls/second,milliseconds
1779783766,3,16.000000,13.495390,7.000000,4.033413,16.000000,16.000000,16.000000,16.000000,16.000000,16.000000,0.014503,0.012215,0.107060,0.162074,calls/second,milliseconds
1779783767,3,16.000000,13.495390,7.000000,4.033413,16.000000,16.000000,16.000000,16.000000,16.000000,16.000000,0.014434,0.012215,0.107060,0.162074,calls/second,milliseconds
1779783768,3,16.000000,13.495390,7.000000,4.033413,16.000000,16.000000,16.000000,16.000000,16.000000,16.000000,0.014364,0.012215,0.107060,0.162074,calls/second,milliseconds
1779783769,3,16.000000,13.495390,7.000000,4.033413,16.000000,16.000000,16.000000,16.000000,16.000000,16.000000,0.014296,0.012215,0.107060,0.162074,calls/second,milliseconds
1779783770,3,16.000000,13.495390,7.000000,4.033413,16.000000,16.000000,16.000000,16.000000,16.000000,16.000000,0.014228,0.011239,0.105291,0.161176,calls/second,milliseconds
1779783771,3,16.000000,13.495390,7.000000,4.033413,16.000000,16.000000,16.000000,16.000000,16.000000,16.000000,0.014161,0.011239,0.105291,0.161176,calls/second,milliseconds
1779783772,3,16.000000,13.495390,7.000000,4.033413,16.000000,16.000000,16.000000,16.000000,16.000000,16.000000,0.014094,0.011239,0.105291,0.161176,calls/second,milliseconds
1779783773,3,16.000000,13.495390,7.000000,4.033413,16.000000,16.000000,16.000000,16.000000,16.000000,16.000000,0.014028,0.011239,0.105291,0.161176,calls/second,milliseconds
1779783774,3,16.000000,13.495390,7.000000,4.033413,16.000000,16.000000,16.000000,16.000000,16.000000,16.000000,0.013963,0.011239,0.105291,0.161176,calls/second,milliseconds
1779783775,3,16.000000,13.495390,7.000000,4.033413,16.000000,16.000000,16.000000,16.000000,16.000000,16.000000,0.013898,0.010340,0.103550,0.160283,calls/second,milliseconds
1779783776,3,16.000000,13.495390,7.000000,4.033413,16.000000,16.000000,16.000000,16.000000,16.000000,16.000000,0.013834,0.010340,0.103550,0.160283,calls/second,milliseconds
1779783777,3,16.000000,13.495390,7.000000,4.033413,16.000000,16.000000,16.000000,16.000000,16.000000,16.000000,0.013770,0.010340,0.103550,0.160283,calls/second,milliseconds
1779783778,3,16.000000,13.495390,7.000000,4.033413,16.000000,16.000000,16.000000,16.000000,16.000000,16.000000,0.013707,0.010340,0.103550,0.160283,calls/second,milliseconds
1779783779,3,16.000000,13.495390,7.000000,4.033413,16.000000,16.000000,16.000000,16.000000,16.000000,16.000000,0.013645,0.010340,0.103550,0.160283,calls/second,milliseconds
1779783780,3,16.000000,13.495390,7.000000,4.033413,16.000000,16.000000,16.000000,16.000000,16.000000,16.000000,0.013583,0.009513,0.101839,0.159395,calls/second,milliseconds
1779783781,3,16.000000,13.495390,7.000000,4.033413,16.000000,16.000000,16.000000,16.000000,16.000000,16.000000,0.013521,0.009513,0.101839,0.159395,calls/second,milliseconds
1779783782,3,16.000000,13.495390,7.000000,4.033413,16.000000,16.000000,16.000000,16.000000,16.000000,16.000000,0.013461,0.009513,0.101839,0.159395,calls/second,milliseconds
1779783783,3,16.000000,13.495390,7.000000,4.033413,16.000000,16.000000,16.000000,16.000000,16.000000,16.000000,0.013400,0.009513,0.101839,0.159395,calls/second,milliseconds
1779783784,3,16.000000,13.495390,7.000000,4.033413,16.000000,16.000000,16.000000,16.000000,16.000000,16.000000,0.013341,0.009513,0.101839,0.159395,calls/second,milliseconds
1779783785,3,16.000000,13.495390,7.000000,4.033413,16.000000,16.000000,16.000000,16.000000,16.000000,16.000000,0.013282,0.008753,0.100155,0.158512,calls/second,milliseconds
1779783786,3,16.000000,13.495390,7.000000,4.033413,16.000000,16.000000,16.000000,16.000000,16.000000,16.000000,0.013223,0.008753,0.100155,0.158512,calls/second,milliseconds
1779783787,3,16.000000,13.495390,7.000000,4.033413,16.000000,16.000000,16.000000,16.000000,16.000000,16.000000,0.013165,0.008753,0.100155,0.158512,calls/second,milliseconds
1779783788,3,16.000000,13.495390,7.000000,4.033413,16.000000,16.000000,16.000000,16.000000,16.000000,16.000000,0.013107,0.008753,0.100155,0.158512,calls/second,milliseconds
1779783789,3,16.000000,13.495390,7.000000,4.033413,16.000000,16.000000,16.000000,16.000000,16.000000,16.000000,0.013050,0.008753,0.100155,0.158512,calls/second,milliseconds
1779783790,4,16.000000,5.312226,3.000000,4.743986,3.000000,3.000000,16.000000,16.000000,16.000000,16.000000,0.017325,0.024044,0.101806,0.158741,calls/second,milliseconds
1779783791,4,16.000000,5.312226,3.000000,4.743986,3.000000,3.000000,16.000000,16.000000,16.000000,16.000000,0.017250,0.024044,0.101806,0.158741,calls/second,milliseconds
1779783792,4,16.000000,5.312226,3.000000,4.743986,3.000000,3.000000,16.000000,16.000000,16.000000,16.000000,0.017176,0.024044,0.101806,0.158741,calls/second,milliseconds
1779783793,4,16.000000,5.312226,3.000000,4.743986,3.000000,3.000000,16.000000,16.000000,16.000000,16.000000,0.017102,0.024044,0.101806,0.158741,calls/second,milliseconds
1779783794,4,16.000000,5.312226,3.000000,4.743986,3.000000,3.000000,16.000000,16.000000,16.000000,16.000000,0.017029,0.024044,0.101806,0.158741,calls/second,milliseconds
1779783795,4,16.000000,5.312226,3.000000,4.743986,3.000000,3.000000,16.000000,16.000000,16.000000,16.000000,0.016957,0.022122,0.100123,0.157862,calls/second,milliseconds
1779783796,4,16.000000,5.312226,3.000000,4.743986,3.000000,3.000000,16.000000,16.000000,16.000000,16.000000,0.016885,0.022122,0.100123,0.157862,calls/second,milliseconds
1779783797,4,16.000000,5.312226,3.000000,4.743986,3.000000,3.000000,16.000000,16.000000,16.000000,16.000000,0.016814,0.022122,0.100123,0.157862,calls/second,milliseconds
1779783798,4,16.000000,5.312226,3.000000,4.743986,3.000000,3.000000,16.000000,16.000000,16.000000,16.000000,0.016744,0.022122,0.100123,0.157862,calls/second,milliseconds
1779783799,4,16.000000,5.312226,3.000000,4.743986,3.000000,3.000000,16.000000,16.000000,16.000000,16.000000,0.016674,0.022122,0.100123,0.157862,calls/second,milliseconds
1779783800,4,16.000000,5.312226,3.000000,4.743986,3.000000,3.000000,16.000000,16.000000,16.000000,16.000000,0.016604,0.020353,0.098468,0.156987,calls/second,milliseconds
1779783801,4,16.000000,5.312226,3.000000,4.743986,3.000000,3.000000,16.000000,16.000000,16.000000,16.000000,0.016536,0.020353,0.098468,0.156987,calls/second,milliseconds
1779783802,4,16.000000,5.312226,3.000000,4.743986,3.000000,3.000000,16.000000,16.000000,16.000000,16.000000,0.016467,0.020353,0.098468,0.156987,calls/second,milliseconds
1779783803,4,16.000000,5.312226,3.000000,4.743986,3.000000,3.000000,16.000000,16.000000,16.000000,16.000000,0.016400,0.020353,0.098468,0.156987,calls/second,milliseconds
1779783804,4,16.000000,5.312226,3.000000,4.743986,3.000000,3.000000,16.000000,16.000000,16.000000,16.000000,0.016333,0.020353,0.098468,0.156987,calls/second,milliseconds
1779783805,4,16.000000,5.312226,3.000000,4.743986,3.000000,3.000000,16.000000,16.000000,16.000000,16.000000,0.016266,0.018725,0.096841,0.156118,calls/second,milliseconds
1779783806,4,16.000000,5.312226,3.000000,4.743986,3.000000,3.000000,16.000000,16.000000,16.000000,16.000000,0.016200,0.018725,0.096841,0.156118,calls/second,milliseconds
1779783807,4,16.000000,5.312226,3.000000,4.743986,3.000000,3.000000,16.000000,16.000000,16.000000,16.000000,0.016135,0.018725,0.096841,0.156118,calls/second,milliseconds
1779783808,4,16.000000,5.312226,3.000000,4.743986,3.000000,3.000000,16.000000,16.000000,16.000000,16.000000,0.016070,0.018725,0.096841,0.156118,calls/second,milliseconds
1779783809,4,16.000000,5.312226,3.000000,4.743986,3.000000,3.000000,16.000000,16.000000,16.000000,16.000000,0.016005,0.018725,0.096841,0.156118,calls/second,milliseconds
1779783810,4,16.000000,5.312226,3.000000,4.743986,3.000000,3.000000,16.000000,16.000000,16.000000,16.000000,0.015942,0.017228,0.095240,0.155253,calls/second,milliseconds
1779783811,4,16.000000,5.312226,3.000000,4.743986,3.000000,3.000000,16.000000,16.000000,16.000000,16.000000,0.015878,0.017228,0.095240,0.155253,calls/second,milliseconds
1779783812,4,16.000000,5.312226,3.000000,4.743986,3.000000,3.000000,16.000000,16.000000,16.000000,16.000000,0.015815,0.017228,0.095240,0.155253,calls/second,milliseconds
1779783813,4,16.000000,5.312226,3.000000,4.743986,3.000000,3.000000,16.000000,16.000000,16.000000,16.000000,0.015753,0.017228,0.095240,0.155253,calls/second,milliseconds
1779783814,4,16.000000,5.312226,3.000000,4.743986,3.000000,3.000000,16.000000,16.000000,16.000000,16.000000,0.015691,0.017228,0.095240,0.155253,calls/second,milliseconds
1779783815,4,16.000000,5.312226,3.000000,4.743986,3.000000,3.000000,16.000000,16.000000,16.000000,16.000000,0.015630,0.015851,0.093666,0.154393,calls/second,milliseconds
1779783816,4,16.000000,5.312226,3.000000,4.743986,3.000000,3.000000,16.000000,16.000000,16.000000,16.000000,0.015569,0.015851,0.093666,0.154393,calls/second,milliseconds
1779783817,4,16.000000,5.312226,3.000000,4.743986,3.000000,3.000000,16.000000,16.000000,16.000000,16.000000,0.015508,0.015851,0.093666,0.154393,calls/second,milliseconds
1779783818,4,16.000000,5.312226,3.000000,4.743986,3.000000,3.000000,16.000000,16.000000,16.000000,16.000000,0.015448,0.015851,0.093666,0.154393,calls/second,milliseconds
1779783819,4,16.000000,5.312226,3.000000,4.743986,3.000000,3.000000,16.000000,16.000000,16.000000,16.000000,0.015389,0.015851,0.093666,0.154393,calls/second,milliseconds
1779783820,4,16.000000,5.312226,3.000000,4.743986,3.000000,3.000000,16.000000,16.000000,16.000000,16.000000,0.015330,0.014583,0.092118,0.153537,calls/second,milliseconds
1779783821,4,16.000000,5.312226,3.000000,4.743986,3.000000,3.000000,16.000000,16.000000,16.000000,16.000000,0.015271,0.014583,0.092118,0.153537,calls/second,milliseconds
1779783822,4,16.000000,5.312226,3.000000,4.743986,3.000000,3.000000,16.000000,16.000000,16.000000,16.000000,0.015213,0.014583,0.092118,0.153537,calls/second,milliseconds
1779783823,4,16.000000,5.312226,3.000000,4.743986,3.000000,3.000000,16.000000,16.000000,16.000000,16.000000,0.015155,0.014583,0.092118,0.153537,calls/second,milliseconds
1779783824,4,16.000000,5.312226,3.000000,4.743986,3.000000,3.000000,16.000000,16.000000,16.000000,16.000000,0.015098,0.014583,0.092118,0.153537,calls/second,milliseconds
1779783825,4,16.000000,5.312226,3.000000,4.743986,3.000000,3.000000,16.000000,16.000000,16.000000,16.000000,0.015041,0.013417,0.090595,0.152687,calls/second,milliseconds
1779783826,4,16.000000,5.312226,3.000000,4.743986,3.000000,3.000000,16.000000,16.000000,16.000000,16.000000,0.014985,0.013417,0.090595,0.152687,calls/second,milliseconds
1779783827,4,16.000000,5.312226,3.000000,4.743986,3.000000,3.000000,16.000000,16.000000,16.000000,16.000000,0.014929,0.013417,0.090595,0.152687,calls/second,milliseconds
1779783828,4,16.000000,5.312226,3.000000,4.743986,3.000000,3.000000,16.000000,16.000000,16.000000,16.000000,0.014873,0.013417,0.090595,0.152687,calls/second,milliseconds
1779783829,4,16.000000,5.312226,3.000000,4.743986,3.000000,3.000000,16.000000,16.000000,16.000000,16.000000,0.014818,0.013417,0.090595,0.152687,calls/second,milliseconds
1779783830,4,16.000000,5.312226,3.000000,4.743986,3.000000,3.000000,16.000000,16.000000,16.000000,16.000000,0.014763,0.012345,0.089098,0.151841,calls/second,milliseconds
1779783831,4,16.000000,5.312226,3.000000,4.743986,3.000000,3.000000,16.000000,16.000000,16.000000,16.000000,0.014709,0.012345,0.089098,0.151841,calls/second,milliseconds
1779783832,4,16.000000,5.312226,3.000000,4.743986,3.000000,3.000000,16.000000,16.000000,16.000000,16.000000,0.014655,0.012345,0.089098,0.151841,calls/second,milliseconds
1779783833,4,16.000000,5.312226,3.000000,4.743986,3.000000,3.000000,16.000000,16.000000,16.000000,16.000000,0.014601,0.012345,0.089098,0.151841,calls/second,milliseconds
1779783834,4,16.000000,5.312226,3.000000,4.743986,3.000000,3.000000,16.000000,16.000000,16.000000,16.000000,0.014548,0.012345,0.089098,0.151841,calls/second,milliseconds
1779783835,4,16.000000,5.312226,3.000000,4.743986,3.000000,3.000000,16.000000,16.000000,16.000000,16.000000,0.014495,0.011358,0.087625,0.151000,calls/second,milliseconds
1779783836,4,16.000000,5.312226,3.000000,4.743986,3.000000,3.000000,16.000000,16.000000,16.000000,16.000000,0.014443,0.011358,0.087625,0.151000,calls/second,milliseconds
1779783837,4,16.000000,5.312226,3.000000,4.743986,3.000000,3.000000,16.000000,16.000000,16.000000,16.000000,0.014391,0.011358,0.087625,0.151000,calls/second,milliseconds
1779783838,4,16.000000,5.312226,3.000000,4.743986,3.000000,3.000000,16.000000,16.000000,16.000000,16.000000,0.014339,0.011358,0.087625,0.151000,calls/second,milliseconds
1779783839,4,16.000000,5.312226,3.000000,4.743986,3.000000,3.000000,16.000000,16.000000,16.000000,16.000000,0.014288,0.011358,0.087625,0.151000,calls/second,milliseconds
1779783840,4,16.000000,5.312226,3.000000,4.743986,3.000000,3.000000,16.000000,16.000000,16.000000,16.000000,0.014237,0.010449,0.086177,0.150163,calls/second,milliseconds
1779783841,4,16.000000,5.312226,3.000000,4.743986,3.000000,3.000000,16.000000,16.000000,16.000000,16.000000,0.014186,0.010449,0.086177,0.150163,calls/second,milliseconds
1779783842,4,16.000000,5.312226,3.000000,4.743986,3.000000,3.000000,16.000000,16.000000,16.000000,16.000000,0.014136,0.010449,0.086177,0.150163,calls/second,milliseconds
1779783843,4,16.000000,5.312226,3.000000,4.743986,3.000000,3.000000,16.000000,16.000000,16.000000,16.000000,0.014086,0.010449,0.086177,0.150163,calls/second,milliseconds
1779783844,4,16.000000,5.312226,3.000000,4.743986,3.000000,3.000000,16.000000,16.000000,16.000000,16.000000,0.014037,0.010449,0.086177,0.150163,calls/second,milliseconds
1779783845,4,16.000000,5.312226,3.000000,4.743986,3.000000,3.000000,16.000000,16.000000,16.000000,16.000000,0.013988,0.009614,0.084752,0.149331,calls/second,milliseconds
1779783846,4,16.000000,5.312226,3.000000,4.743986,3.000000,3.000000,16.000000,16.000000,16.000000,16.000000,0.013939,0.009614,0.084752,0.149331,calls/second,milliseconds
1779783847,4,16.000000,5.312226,3.000000,4.743986,3.000000,3.000000,16.000000,16.000000,16.000000,16.000000,0.013890,0.009614,0.084752,0.149331,calls/second,milliseconds
1779783848,4,16.000000,5.312226,3.000000,4.743986,3.000000,3.000000,16.000000,16.000000,16.000000,16.000000,0.013842,0.009614,0.084752,0.149331,calls/second,milliseconds
1779783849,4,16.000000,5.312226,3.000000,4.743986,3.000000,3.000000,16.000000,16.000000,16.000000,16.000000,0.013794,0.009614,0.084752,0.149331,calls/second,milliseconds
1779783850,4,16.000000,5.312226,3.000000,4.743986,3.000000,3.000000,16.000000,16.000000,16.000000,16.000000,0.013747,0.008845,0.083351,0.148504,calls/second,milliseconds
1779783851,4,16.000000,5.312226,3.000000,4.743986,3.000000,3.000000,16.000000,16.000000,16.000000,16.000000,0.013700,0.008845,0.083351,0.148504,calls/second,milliseconds
1779783852,4,16.000000,5.312226,3.000000,4.743986,3.000000,3.000000,16.000000,16.000000,16.000000,16.000000,0.013653,0.008845,0.083351,0.148504,calls/second,milliseconds
1779783853,4,16.000000,5.312226,3.000000,4.743986,3.000000,3.000000,16.000000,16.000000,16.000000,16.000000,0.013606,0.008845,0.083351,0.148504,calls/second,milliseconds
1779783854,4,16.000000,5.312226,3.000000,4.743986,3.000000,3.000000,16.000000,16.000000,16.000000,16.000000,0.013560,0.008845,0.083351,0.148504,calls/second,milliseconds
1779783855,4,16.000000,5.312226,3.000000,4.743986,3.000000,3.000000,16.000000,16.000000,16.000000,16.000000,0.013514,0.008138,0.081974,0.147681,calls/second,milliseconds
1779783856,4,16.000000,5.312226,3.000000,4.743986,3.000000,3.000000,16.000000,16.000000,16.000000,16.000000,0.013469,0.008138,0.081974,0.147681,calls/second,milliseconds
1779783857,4,16.000000,5.312226,3.000000,4.743986,3.000000,3.000000,16.000000,16.000000,16.000000,16.000000,0.013423,0.008138,0.081974,0.147681,calls/second,milliseconds
1779783858,4,16.000000,5.312226,3.000000,4.743986,3.000000,3.000000,16.000000,16.000000,16.000000,16.000000,0.013378,0.008138,0.081974,0.147681,calls/second,milliseconds
1779783859,4,16.000000,5.312226,3.000000,4.743986,3.000000,3.000000,16.000000,16.000000,16.000000,16.000000,0.013334,0.008138,0.081974,0.147681,calls/second,milliseconds
1779783860,4,16.000000,5.312226,3.000000,4.743986,3.000000,3.000000,16.000000,16.000000,16.000000,16.000000,0.013289,0.007487,0.080619,0.146863,calls/second,milliseconds
1779783861,4,16.000000,5.312226,3.000000,4.743986,3.000000,3.000000,16.000000,16.000000,16.000000,16.000000,0.013245,0.007487,0.080619,0.146863,calls/second,milliseconds
1779783862,4,16.000000,5.312226,3.000000,4.743986,3.000000,3.000000,16.000000,16.000000,16.000000,16.000000,0.013202,0.007487,0.080619,0.146863,calls/second,milliseconds
1779783863,4,16.000000,5.312226,3.000000,4.743986,3.000000,3.000000,16.000000,16.000000,16.000000,16.000000,0.013158,0.007487,0.080619,0.146863,calls/second,milliseconds
1779783864,4,16.000000,5.312226,3.000000,4.743986,3.000000,3.000000,16.000000,16.000000,16.000000,16.000000,0.013115,0.007487,0.080619,0.146863,calls/second,milliseconds
1779783865,4,16.000000,5.312226,3.000000,4.743986,3.000000,3.000000,16.000000,16.000000,16.000000,16.000000,0.013072,0.006889,0.079286,0.146049,calls/second,milliseconds
1779783866,4,16.000000,5.312226,3.000000,4.743986,3.000000,3.000000,16.000000,16.000000,16.000000,16.000000,0.013029,0.006889,0.079286,0.146049,calls/second,milliseconds
1779783867,4,16.000000,5.312226,3.000000,4.743986,3.000000,3.000000,16.000000,16.000000,16.000000,16.000000,0.012987,0.006889,0.079286,0.146049,calls/second,milliseconds
1779783868,4,16.000000,5.312226,3.000000,4.743986,3.000000,3.000000,16.000000,16.000000,16.000000,16.000000,0.012945,0.006889,0.079286,0.146049,calls/second,milliseconds
1779783869,4,16.000000,5.312226,3.000000,4.743986,3.000000,3.000000,16.000000,16.000000,16.000000,16.000000,0.012903,0.006338,0.077976,0.145240,calls/second,milliseconds
1779783870,4,16.000000,5.312226,3.000000,4.743986,3.000000,3.000000,16.000000,16.000000,16.000000,16.000000,0.012861,0.006338,0.077976,0.145240,calls/second,milliseconds
1779783871,4,16.000000,5.312226,3.000000,4.743986,3.000000,3.000000,16.000000,16.000000,16.000000,16.000000,0.012820,0.006338,0.077976,0.145240,calls/second,milliseconds
1779783872,4,16.000000,5.312226,3.000000,4.743986,3.000000,3.000000,16.000000,16.000000,16.000000,16.000000,0.012779,0.006338,0.077976,0.145240,calls/second,milliseconds
1779783873,4,16.000000,5.312226,3.000000,4.743986,3.000000,3.000000,16.000000,16.000000,16.000000,16.000000,0.012738,0.006338,0.077976,0.145240,calls/second,milliseconds
1779783874,4,16.000000,5.312226,3.000000,4.743986,3.000000,3.000000,16.000000,16.000000,16.000000,16.000000,0.012698,0.005831,0.076687,0.144435,calls/second,milliseconds
1779783875,4,16.000000,5.312226,3.000000,4.743986,3.000000,3.000000,16.000000,16.000000,16.000000,16.000000,0.012658,0.005831,0.076687,0.144435,calls/second,milliseconds
1779783876,4,16.000000,5.312226,3.000000,4.743986,3.000000,3.000000,16.000000,16.000000,16.000000,16.000000,0.012618,0.005831,0.076687,0.144435,calls/second,milliseconds
1779783877,4,16.000000,5.312226,3.000000,4.743986,3.000000,3.000000,16.000000,16.000000,16.000000,16.000000,0.012578,0.005831,0.076687,0.144435,calls/second,milliseconds
1779783878,4,16.000000,5.312226,3.000000,4.743986,3.000000,3.000000,16.000000,16.000000,16.000000,16.000000,0.012539,0.005831,0.076687,0.144435,calls/second,milliseconds
1779783879,4,16.000000,5.312226,3.000000,4.743986,3.000000,3.000000,16.000000,16.000000,16.000000,16.000000,0.012499,0.005365,0.075420,0.143635,calls/second,milliseconds
1779783880,4,16.000000,5.312226,3.000000,4.743986,3.000000,3.000000,16.000000,16.000000,16.000000,16.000000,0.012460,0.005365,0.075420,0.143635,calls/second,milliseconds
1779783881,4,16.000000,5.312226,3.000000,4.743986,3.000000,3.000000,16.000000,16.000000,16.000000,16.000000,0.012422,0.005365,0.075420,0.143635,calls/second,milliseconds
1779783882,4,16.000000,5.312226,3.000000,4.743986,3.000000,3.000000,16.000000,16.000000,16.000000,16.000000,0.012383,0.005365,0.075420,0.143635,calls/second,milliseconds
1779783883,4,16.000000,5.312226,3.000000,4.743986,3.000000,3.000000,16.000000,16.000000,16.000000,16.000000,0.012345,0.005365,0.075420,0.143635,calls/second,milliseconds
1779783884,4,16.000000,5.312226,3.000000,4.743986,3.000000,3.000000,16.000000,16.000000,16.000000,16.000000,0.012307,0.004936,0.074173,0.142839,calls/second,milliseconds
1779783885,4,16.000000,5.312226,3.000000,4.743986,3.000000,3.000000,16.000000,16.000000,16.000000,16.000000,0.012269,0.004936,0.074173,0.142839,calls/second,milliseconds
1779783886,4,16.000000,5.312226,3.000000,4.743986,3.000000,3.000000,16.000000,16.000000,16.000000,16.000000,0.012231,0.004936,0.074173,0.142839,calls/second,milliseconds
1779783887,4,16.000000,5.312226,3.000000,4.743986,3.000000,3.000000,16.000000,16.000000,16.000000,16.000000,0.012194,0.004936,0.074173,0.142839,calls/second,milliseconds
1779783888,4,16.000000,5.312226,3.000000,4.743986,3.000000,3.000000,16.000000,16.000000,16.000000,16.000000,0.012157,0.004936,0.074173,0.142839,calls/second,milliseconds
1779783889,4,16.000000,5.312226,3.000000,4.743986,3.000000,3.000000,16.000000,16.000000,16.000000,16.000000,0.012120,0.004541,0.072947,0.142048,calls/second,milliseconds
1779783890,4,16.000000,5.312226,3.000000,4.743986,3.000000,3.000000,16.000000,16.000000,16.000000,16.000000,0.012083,0.004541,0.072947,0.142048,calls/second,milliseconds
1779783891,4,16.000000,5.312226,3.000000,4.743986,3.000000,3.000000,16.000000,16.000000,16.000000,16.000000,0.012047,0.004541,0.072947,0.142048,calls/second,milliseconds
1779783892,4,16.000000,5.312226,3.000000,4.743986,3.000000,3.000000,16.000000,16.000000,16.000000,16.000000,0.012011,0.004541,0.072947,0.142048,calls/second,milliseconds
1779783893,4,16.000000,5.312226,3.000000,4.743986,3.000000,3.000000,16.000000,16.000000,16.000000,16.000000,0.011975,0.004541,0.072947,0.142048,calls/second,milliseconds
1779783894,4,16.000000,5.312226,3.000000,4.743986,3.000000,3.000000,16.000000,16.000000,16.000000,16.000000,0.011939,0.004178,0.071741,0.141261,calls/second,milliseconds
1779783895,4,16.000000,5.312226,3.000000,4.743986,3.000000,3.000000,16.000000,16.000000,16.000000,16.000000,0.011903,0.004178,0.071741,0.141261,calls/second,milliseconds
1779783896,4,16.000000,5.312226,3.000000,4.743986,3.000000,3.000000,16.000000,16.000000,16.000000,16.000000,0.011868,0.004178,0.071741,0.141261,calls/second,milliseconds
1779783897,4,16.000000,5.312226,3.000000,4.743986,3.000000,3.000000,16.000000,16.000000,16.000000,16.000000,0.011833,0.004178,0.071741,0.141261,calls/second,milliseconds
1779783898,5,16.000000,3.462501,3.000000,2.314547,3.000000,3.000000,3.000000,16.000000,16.000000,16.000000,0.014747,0.004178,0.071741,0.141261,calls/second,milliseconds
1779783899,5,16.000000,3.462501,3.000000,2.314547,3.000000,3.000000,3.000000,16.000000,16.000000,16.000000,0.014704,0.019835,0.073861,0.141587,calls/second,milliseconds
1779783900,5,16.000000,3.462501,3.000000,2.314547,3.000000,3.000000,3.000000,16.000000,16.000000,16.000000,0.014660,0.019835,0.073861,0.141587,calls/second,milliseconds
1779783901,5,16.000000,3.462501,3.000000,2.314547,3.000000,3.000000,3.000000,16.000000,16.000000,16.000000,0.014617,0.019835,0.073861,0.141587,calls/second,milliseconds
1779783902,5,16.000000,3.462501,3.000000,2.314547,3.000000,3.000000,3.000000,16.000000,16.000000,16.000000,0.014575,0.019835,0.073861,0.141587,calls/second,milliseconds
1779783903,5,16.000000,3.462501,3.000000,2.314547,3.000000,3.000000,3.000000,16.000000,16.000000,16.000000,0.014532,0.019835,0.073861,0.141587,calls/second,milliseconds
1779783904,5,16.000000,3.462501,3.000000,2.314547,3.000000,3.000000,3.000000,16.000000,16.000000,16.000000,0.014490,0.018249,0.072640,0.140802,calls/second,milliseconds
1779783905,5,16.000000,3.462501,3.000000,2.314547,3.000000,3.000000,3.000000,16.000000,16.000000,16.000000,0.014448,0.018249,0.072640,0.140802,calls/second,milliseconds
1779783906,5,16.000000,3.462501,3.000000,2.314547,3.000000,3.000000,3.000000,16.000000,16.000000,16.000000,0.014407,0.018249,0.072640,0.140802,calls/second,milliseconds
1779783907,5,16.000000,3.462501,3.000000,2.314547,3.000000,3.000000,3.000000,16.000000,16.000000,16.000000,0.014365,0.018249,0.072640,0.140802,calls/second,milliseconds
1779783908,5,16.000000,3.462501,3.000000,2.314547,3.000000,3.000000,3.000000,16.000000,16.000000,16.000000,0.014324,0.018249,0.072640,0.140802,calls/second,milliseconds
1779783909,5,16.000000,3.462501,3.000000,2.314547,3.000000,3.000000,3.000000,16.000000,16.000000,16.000000,0.014283,0.016790,0.071440,0.140022,calls/second,milliseconds
1779783910,5,16.000000,3.462501,3.000000,2.314547,3.000000,3.000000,3.000000,16.000000,16.000000,16.000000,0.014242,0.016790,0.071440,0.140022,calls/second,milliseconds
1779783911,5,16.000000,3.462501,3.000000,2.314547,3.000000,3.000000,3.000000,16.000000,16.000000,16.000000,0.014202,0.016790,0.071440,0.140022,calls/second,milliseconds
1779783912,5,16.000000,3.462501,3.000000,2.314547,3.000000,3.000000,3.000000,16.000000,16.000000,16.000000,0.014161,0.016790,0.071440,0.140022,calls/second,milliseconds
1779783913,5,16.000000,3.462501,3.000000,2.314547,3.000000,3.000000,3.000000,16.000000,16.000000,16.000000,0.014121,0.016790,0.071440,0.140022,calls/second,milliseconds
1779783914,5,16.000000,3.462501,3.000000,2.314547,3.000000,3.000000,3.000000,16.000000,16.000000,16.000000,0.014081,0.015448,0.070259,0.139246,calls/second,milliseconds
1779783915,5,16.000000,3.462501,3.000000,2.314547,3.000000,3.000000,3.000000,16.000000,16.000000,16.000000,0.014042,0.015448,0.070259,0.139246,calls/second,milliseconds
1779783916,5,16.000000,3.462501,3.000000,2.314547,3.000000,3.000000,3.000000,16.000000,16.000000,16.000000,0.014002,0.015448,0.070259,0.139246,calls/second,milliseconds
1779783917,5,16.000000,3.462501,3.000000,2.314547,3.000000,3.000000,3.000000,16.000000,16.000000,16.000000,0.013963,0.015448,0.070259,0.139246,calls/second,milliseconds
1779783918,5,16.000000,3.462501,3.000000,2.314547,3.000000,3.000000,3.000000,16.000000,16.000000,16.000000,0.013924,0.015448,0.070259,0.139246,calls/second,milliseconds
1779783919,5,16.000000,3.462501,3.000000,2.314547,3.000000,3.000000,3.000000,16.000000,16.000000,16.000000,0.013886,0.014213,0.069098,0.138475,calls/second,milliseconds
1779783920,5,16.000000,3.462501,3.000000,2.314547,3.000000,3.000000,3.000000,16.000000,16.000000,16.000000,0.013847,0.014213,0.069098,0.138475,calls/second,milliseconds
1779783921,5,16.000000,3.462501,3.000000,2.314547,3.000000,3.000000,3.000000,16.000000,16.000000,16.000000,0.013809,0.014213,0.069098,0.138475,calls/second,milliseconds
1779783922,5,16.000000,3.462501,3.000000,2.314547,3.000000,3.000000,3.000000,16.000000,16.000000,16.000000,0.013771,0.014213,0.069098,0.138475,calls/second,milliseconds
1779783923,5,16.000000,3.462501,3.000000,2.314547,3.000000,3.000000,3.000000,16.000000,16.000000,16.000000,0.013733,0.014213,0.069098,0.138475,calls/second,milliseconds
1779783924,5,16.000000,3.462501,3.000000,2.314547,3.000000,3.000000,3.000000,16.000000,16.000000,16.000000,0.013695,0.013076,0.067956,0.137708,calls/second,milliseconds
1779783925,5,16.000000,3.462501,3.000000,2.314547,3.000000,3.000000,3.000000,16.000000,16.000000,16.000000,0.013658,0.013076,0.067956,0.137708,calls/second,milliseconds
1779783926,5,16.000000,3.462501,3.000000,2.314547,3.000000,3.000000,3.000000,16.000000,16.000000,16.000000,0.013620,0.013076,0.067956,0.137708,calls/second,milliseconds
1779783927,5,16.000000,3.462501,3.000000,2.314547,3.000000,3.000000,3.000000,16.000000,16.000000,16.000000,0.013583,0.013076,0.067956,0.137708,calls/second,milliseconds
1779783928,5,16.000000,3.462501,3.000000,2.314547,3.000000,3.000000,3.000000,16.000000,16.000000,16.000000,0.013547,0.013076,0.067956,0.137708,calls/second,milliseconds
1779783929,5,16.000000,3.462501,3.000000,2.314547,3.000000,3.000000,3.000000,16.000000,16.000000,16.000000,0.013510,0.012031,0.066832,0.136945,calls/second,milliseconds
1779783930,5,16.000000,3.462501,3.000000,2.314547,3.000000,3.000000,3.000000,16.000000,16.000000,16.000000,0.013473,0.012031,0.066832,0.136945,calls/second,milliseconds
1779783931,5,16.000000,3.462501,3.000000,2.314547,3.000000,3.000000,3.000000,16.000000,16.000000,16.000000,0.013437,0.012031,0.066832,0.136945,calls/second,milliseconds
1779783932,5,16.000000,3.462501,3.000000,2.314547,3.000000,3.000000,3.000000,16.000000,16.000000,16.000000,0.013401,0.012031,0.066832,0.136945,calls/second,milliseconds
1779783933,5,16.000000,3.462501,3.000000,2.314547,3.000000,3.000000,3.000000,16.000000,16.000000,16.000000,0.013365,0.012031,0.066832,0.136945,calls/second,milliseconds
1779783934,5,16.000000,3.462501,3.000000,2.314547,3.000000,3.000000,3.000000,16.000000,16.000000,16.000000,0.013330,0.011069,0.065728,0.136186,calls/second,milliseconds
1779783935,5,16.000000,3.462501,3.000000,2.314547,3.000000,3.000000,3.000000,16.000000,16.000000,16.000000,0.013294,0.011069,0.065728,0.136186,calls/second,milliseconds
1779783936,5,16.000000,3.462501,3.000000,2.314547,3.000000,3.000000,3.000000,16.000000,16.000000,16.000000,0.013259,0.011069,0.065728,0.136186,calls/second,milliseconds
1779783937,5,16.000000,3.462501,3.000000,2.314547,3.000000,3.000000,3.000000,16.000000,16.000000,16.000000,0.013224,0.011069,0.065728,0.136186,calls/second,milliseconds
1779783938,5,16.000000,3.462501,3.000000,2.314547,3.000000,3.000000,3.000000,16.000000,16.000000,16.000000,0.013189,0.011069,0.065728,0.136186,calls/second,milliseconds
1779783939,5,16.000000,3.462501,3.000000,2.314547,3.000000,3.000000,3.000000,16.000000,16.000000,16.000000,0.013154,0.010184,0.064641,0.135432,calls/second,milliseconds
1779783940,5,16.000000,3.462501,3.000000,2.314547,3.000000,3.000000,3.000000,16.000000,16.000000,16.000000,0.013119,0.010184,0.064641,0.135432,calls/second,milliseconds
1779783941,5,16.000000,3.462501,3.000000,2.314547,3.000000,3.000000,3.000000,16.000000,16.000000,16.000000,0.013085,0.010184,0.064641,0.135432,calls/second,milliseconds
1779783942,5,16.000000,3.462501,3.000000,2.314547,3.000000,3.000000,3.000000,16.000000,16.000000,16.000000,0.013051,0.010184,0.064641,0.135432,calls/second,milliseconds
1779783943,5,16.000000,3.462501,3.000000,2.314547,3.000000,3.000000,3.000000,16.000000,16.000000,16.000000,0.013017,0.010184,0.064641,0.135432,calls/second,milliseconds
1779783944,5,16.000000,3.462501,3.000000,2.314547,3.000000,3.000000,3.000000,16.000000,16.000000,16.000000,0.012983,0.009370,0.063573,0.134681,calls/second,milliseconds
1779783945,5,16.000000,3.462501,3.000000,2.314547,3.000000,3.000000,3.000000,16.000000,16.000000,16.000000,0.012949,0.009370,0.063573,0.134681,calls/second,milliseconds
1779783946,5,16.000000,3.462501,3.000000,2.314547,3.000000,3.000000,3.000000,16.000000,16.000000,16.000000,0.012916,0.009370,0.063573,0.134681,calls/second,milliseconds
1779783947,5,16.000000,3.462501,3.000000,2.314547,3.000000,3.000000,3.000000,16.000000,16.000000,16.000000,0.012882,0.009370,0.063573,0.134681,calls/second,milliseconds
1779783948,5,16.000000,3.462501,3.000000,2.314547,3.000000,3.000000,3.000000,16.000000,16.000000,16.000000,0.012849,0.009370,0.063573,0.134681,calls/second,milliseconds
1779783949,5,16.000000,3.462501,3.000000,2.314547,3.000000,3.000000,3.000000,16.000000,16.000000,16.000000,0.012816,0.008620,0.062522,0.133935,calls/second,milliseconds
1779783950,5,16.000000,3.462501,3.000000,2.314547,3.000000,3.000000,3.000000,16.000000,16.000000,16.000000,0.012784,0.008620,0.062522,0.133935,calls/second,milliseconds
1779783951,5,16.000000,3.462501,3.000000,2.314547,3.000000,3.000000,3.000000,16.000000,16.000000,16.000000,0.012751,0.008620,0.062522,0.133935,calls/second,milliseconds
1779783952,5,16.000000,3.462501,3.000000,2.314547,3.000000,3.000000,3.000000,16.000000,16.000000,16.000000,0.012718,0.008620,0.062522,0.133935,calls/second,milliseconds
1779783953,5,16.000000,3.462501,3.000000,2.314547,3.000000,3.000000,3.000000,16.000000,16.000000,16.000000,0.012686,0.008620,0.062522,0.133935,calls/second,milliseconds
1779783954,5,16.000000,3.462501,3.000000,2.314547,3.000000,3.000000,3.000000,16.000000,16.000000,16.000000,0.012654,0.007931,0.061489,0.133193,calls/second,milliseconds
1779783955,5,16.000000,3.462501,3.000000,2.314547,3.000000,3.000000,3.000000,16.000000,16.000000,16.000000,0.012622,0.007931,0.061489,0.133193,calls/second,milliseconds
1779783956,5,16.000000,3.462501,3.000000,2.314547,3.000000,3.000000,3.000000,16.000000,16.000000,16.000000,0.012590,0.007931,0.061489,0.133193,calls/second,milliseconds
1779783957,5,16.000000,3.462501,3.000000,2.314547,3.000000,3.000000,3.000000,16.000000,16.000000,16.000000,0.012558,0.007931,0.061489,0.133193,calls/second,milliseconds
1779783958,5,16.000000,3.462501,3.000000,2.314547,3.000000,3.000000,3.000000,16.000000,16.000000,16.000000,0.012527,0.007931,0.061489,0.133193,calls/second,milliseconds
1779783959,5,16.000000,3.462501,3.000000,2.314547,3.000000,3.000000,3.000000,16.000000,16.000000,16.000000,0.012496,0.007297,0.060472,0.132455,calls/second,milliseconds
1779783960,5,16.000000,3.462501,3.000000,2.314547,3.000000,3.000000,3.000000,16.000000,16.000000,16.000000,0.012464,0.007297,0.060472,0.132455,calls/second,milliseconds
1779783961,5,16.000000,3.462501,3.000000,2.314547,3.000000,3.000000,3.000000,16.000000,16.000000,16.000000,0.012433,0.007297,0.060472,0.132455,calls/second,milliseconds
1779783962,5,16.000000,3.462501,3.000000,2.314547,3.000000,3.000000,3.000000,16.000000,16.000000,16.000000,0.012402,0.007297,0.060472,0.132455,calls/second,milliseconds
1779783963,5,16.000000,3.462501,3.000000,2.314547,3.000000,3.000000,3.000000,16.000000,16.000000,16.000000,0.012372,0.007297,0.060472,0.132455,calls/second,milliseconds
1779783964,5,16.000000,3.462501,3.000000,2.314547,3.000000,3.000000,3.000000,16.000000,16.000000,16.000000,0.012341,0.006714,0.059473,0.131721,calls/second,milliseconds
1779783965,5,16.000000,3.462501,3.000000,2.314547,3.000000,3.000000,3.000000,16.000000,16.000000,16.000000,0.012311,0.006714,0.059473,0.131721,calls/second,milliseconds
1779783966,5,16.000000,3.462501,3.000000,2.314547,3.000000,3.000000,3.000000,16.000000,16.000000,16.000000,0.012280,0.006714,0.059473,0.131721,calls/second,milliseconds
1779783967,5,16.000000,3.462501,3.000000,2.314547,3.000000,3.000000,3.000000,16.000000,16.000000,16.000000,0.012250,0.006714,0.059473,0.131721,calls/second,milliseconds
1779783968,5,16.000000,3.462501,3.000000,2.314547,3.000000,3.000000,3.000000,16.000000,16.000000,16.000000,0.012220,0.006714,0.059473,0.131721,calls/second,milliseconds
1779783969,5,16.000000,3.462501,3.000000,2.314547,3.000000,3.000000,3.000000,16.000000,16.000000,16.000000,0.012190,0.006177,0.058490,0.130992,calls/second,milliseconds
1779783970,5,16.000000,3.462501,3.000000,2.314547,3.000000,3.000000,3.000000,16.000000,16.000000,16.000000,0.012161,0.006177,0.058490,0.130992,calls/second,milliseconds
1779783971,5,16.000000,3.462501,3.000000,2.314547,3.000000,3.000000,3.000000,16.000000,16.000000,16.000000,0.012131,0.006177,0.058490,0.130992,calls/second,milliseconds
1779783972,5,16.000000,3.462501,3.000000,2.314547,3.000000,3.000000,3.000000,16.000000,16.000000,16.000000,0.012102,0.006177,0.058490,0.130992,calls/second,milliseconds
1779783973,5,16.000000,3.462501,3.000000,2.314547,3.000000,3.000000,3.000000,16.000000,16.000000,16.000000,0.012073,0.006177,0.058490,0.130992,calls/second,milliseconds
1779783974,5,16.000000,3.462501,3.000000,2.314547,3.000000,3.000000,3.000000,16.000000,16.000000,16.000000,0.012043,0.005683,0.057523,0.130266,calls/second,milliseconds
1779783975,5,16.000000,3.462501,3.000000,2.314547,3.000000,3.000000,3.000000,16.000000,16.000000,16.000000,0.012014,0.005683,0.057523,0.130266,calls/second,milliseconds
1779783976,5,16.000000,3.462501,3.000000,2.314547,3.000000,3.000000,3.000000,16.000000,16.000000,16.000000,0.011986,0.005683,0.057523,0.130266,calls/second,milliseconds
1779783977,5,16.000000,3.462501,3.000000,2.314547,3.000000,3.000000,3.000000,16.000000,16.000000,16.000000,0.011957,0.005683,0.057523,0.130266,calls/second,milliseconds
1779783978,5,16.000000,3.462501,3.000000,2.314547,3.000000,3.000000,3.000000,16.000000,16.000000,16.000000,0.011928,0.005683,0.057523,0.130266,calls/second,milliseconds
1779783979,5,16.000000,3.462501,3.000000,2.314547,3.000000,3.000000,3.000000,16.000000,16.000000,16.000000,0.011900,0.005229,0.056572,0.129544,calls/second,milliseconds
1779783980,5,16.000000,3.462501,3.000000,2.314547,3.000000,3.000000,3.000000,16.000000,16.000000,16.000000,0.011872,0.005229,0.056572,0.129544,calls/second,milliseconds
1779783981,5,16.000000,3.462501,3.000000,2.314547,3.000000,3.000000,3.000000,16.000000,16.000000,16.000000,0.011843,0.005229,0.056572,0.129544,calls/second,milliseconds
1779783982,5,16.000000,3.462501,3.000000,2.314547,3.000000,3.000000,3.000000,16.000000,16.000000,16.000000,0.011815,0.005229,0.056572,0.129544,calls/second,milliseconds
1779783983,5,16.000000,3.462501,3.000000,2.314547,3.000000,3.000000,3.000000,16.000000,16.000000,16.000000,0.011788,0.005229,0.056572,0.129544,calls/second,milliseconds
1779783984,5,16.000000,3.462501,3.000000,2.314547,3.000000,3.000000,3.000000,16.000000,16.000000,16.000000,0.011760,0.004810,0.055637,0.128827,calls/second,milliseconds
1779783985,5,16.000000,3.462501,3.000000,2.314547,3.000000,3.000000,3.000000,16.000000,16.000000,16.000000,0.011732,0.004810,0.055637,0.128827,calls/second,milliseconds
1779783986,5,16.000000,3.462501,3.000000,2.314547,3.000000,3.000000,3.000000,16.000000,16.000000,16.000000,0.011705,0.004810,0.055637,0.128827,calls/second,milliseconds
1779783987,5,16.000000,3.462501,3.000000,2.314547,3.000000,3.000000,3.000000,16.000000,16.000000,16.000000,0.011677,0.004810,0.055637,0.128827,calls/second,milliseconds
1779783988,5,16.000000,3.462501,3.000000,2.314547,3.000000,3.000000,3.000000,16.000000,16.000000,16.000000,0.011650,0.004810,0.055637,0.128827,calls/second,milliseconds
1779783989,5,16.000000,3.462501,3.000000,2.314547,3.000000,3.000000,3.000000,16.000000,16.000000,16.000000,0.011623,0.004426,0.054718,0.128113,calls/second,milliseconds
1779783990,5,16.000000,3.462501,3.000000,2.314547,3.000000,3.000000,3.000000,16.000000,16.000000,16.000000,0.011596,0.004426,0.054718,0.128113,calls/second,milliseconds
1779783991,5,16.000000,3.462501,3.000000,2.314547,3.000000,3.000000,3.000000,16.000000,16.000000,16.000000,0.011569,0.004426,0.054718,0.128113,calls/second,milliseconds
1779783992,5,16.000000,3.462501,3.000000,2.314547,3.000000,3.000000,3.000000,16.000000,16.000000,16.000000,0.011542,0.004426,0.054718,0.128113,calls/second,milliseconds
1779783993,5,16.000000,3.462501,3.000000,2.314547,3.000000,3.000000,3.000000,16.000000,16.000000,16.000000,0.011516,0.004426,0.054718,0.128113,calls/second,milliseconds
1779783994,5,16.000000,3.462501,3.000000,2.314547,3.000000,3.000000,3.000000,16.000000,16.000000,16.000000,0.011489,0.004072,0.053813,0.127403,calls/second,milliseconds
1779783995,5,16.000000,3.462501,3.000000,2.314547,3.000000,3.000000,3.000000,16.000000,16.000000,16.000000,0.011463,0.004072,0.053813,0.127403,calls/second,milliseconds
1779783996,5,16.000000,3.462501,3.000000,2.314547,3.000000,3.000000,3.000000,16.000000,16.000000,16.000000,0.011437,0.004072,0.053813,0.127403,calls/second,milliseconds
1779783997,5,16.000000,3.462501,3.000000,2.314547,3.000000,3.000000,3.000000,16.000000,16.000000,16.000000,0.011410,0.004072,0.053813,0.127403,calls/second,milliseconds
1779783998,5,16.000000,3.462501,3.000000,2.314547,3.000000,3.000000,3.000000,16.000000,16.000000,16.000000,0.011384,0.004072,0.053813,0.127403,calls/second,milliseconds
1779783999,5,16.000000,3.462501,3.000000,2.314547,3.000000,3.000000,3.000000,16.000000,16.000000,16.000000,0.011358,0.003746,0.052924,0.126697,calls/second,milliseconds
1779784000,5,16.000000,3.462501,3.000000,2.314547,3.000000,3.000000,3.000000,16.000000,16.000000,16.000000,0.011333,0.003746,0.052924,0.126697,calls/second,milliseconds
1779784001,5,16.000000,3.462501,3.000000,2.314547,3.000000,3.000000,3.000000,16.000000,16.000000,16.000000,0.011307,0.003746,0.052924,0.126697,calls/second,milliseconds
1779784002,5,16.000000,3.462501,3.000000,2.314547,3.000000,3.000000,3.000000,16.000000,16.000000,16.000000,0.011281,0.003746,0.052924,0.126697,calls/second,milliseconds
1779784003,5,16.000000,3.462501,3.000000,2.314547,3.000000,3.000000,3.000000,16.000000,16.000000,16.000000,0.011256,0.003746,0.052924,0.126697,calls/second,milliseconds
1779784004,5,16.000000,3.462501,3.000000,2.314547,3.000000,3.000000,3.000000,16.000000,16.000000,16.000000,0.011231,0.003447,0.052049,0.125995,calls/second,milliseconds
1779784005,5,16.000000,3.462501,3.000000,2.314547,3.000000,3.000000,3.000000,16.000000,16.000000,16.000000,0.011206,0.003447,0.052049,0.125995,calls/second,milliseconds
1779784006,5,16.000000,3.462501,3.000000,2.314547,3.000000,3.000000,3.000000,16.000000,16.000000,16.000000,0.011180,0.003447,0.052049,0.125995,calls/second,milliseconds
1779784007,6,16.000000,3.894679,3.000000,1.046530,4.000000,4.000000,4.000000,4.000000,4.000000,16.000000,0.013386,0.003447,0.052049,0.125995,calls/second,milliseconds
1779784008,6,16.000000,3.894679,3.000000,1.046530,4.000000,4.000000,4.000000,4.000000,4.000000,16.000000,0.013357,0.003447,0.052049,0.125995,calls/second,milliseconds
1779784009,6,16.000000,3.894679,3.000000,1.046530,4.000000,4.000000,4.000000,4.000000,4.000000,16.000000,0.013327,0.019162,0.054495,0.126405,calls/second,milliseconds
1779784010,6,16.000000,3.894679,3.000000,1.046530,4.000000,4.000000,4.000000,4.000000,4.000000,16.000000,0.013297,0.019162,0.054495,0.126405,calls/second,milliseconds
1779784011,6,16.000000,3.894679,3.000000,1.046530,4.000000,4.000000,4.000000,4.000000,4.000000,16.000000,0.013268,0.019162,0.054495,0.126405,calls/second,milliseconds
1779784012,6,16.000000,3.894679,3.000000,1.046530,4.000000,4.000000,4.000000,4.000000,4.000000,16.000000,0.013239,0.019162,0.054495,0.126405,calls/second,milliseconds
1779784013,6,16.000000,3.894679,3.000000,1.046530,4.000000,4.000000,4.000000,4.000000,4.000000,16.000000,0.013209,0.019162,0.054495,0.126405,calls/second,milliseconds
1779784014,6,16.000000,3.894679,3.000000,1.046530,4.000000,4.000000,4.000000,4.000000,4.000000,16.000000,0.013180,0.017630,0.053594,0.125705,calls/second,milliseconds
1779784015,6,16.000000,3.894679,3.000000,1.046530,4.000000,4.000000,4.000000,4.000000,4.000000,16.000000,0.013151,0.017630,0.053594,0.125705,calls/second,milliseconds
1779784016,6,16.000000,3.894679,3.000000,1.046530,4.000000,4.000000,4.000000,4.000000,4.000000,16.000000,0.013123,0.017630,0.053594,0.125705,calls/second,milliseconds
1779784017,6,16.000000,3.894679,3.000000,1.046530,4.000000,4.000000,4.000000,4.000000,4.000000,16.000000,0.013094,0.017630,0.053594,0.125705,calls/second,milliseconds
1779784018,6,16.000000,3.894679,3.000000,1.046530,4.000000,4.000000,4.000000,4.000000,4.000000,16.000000,0.013065,0.017630,0.053594,0.125705,calls/second,milliseconds
1779784019,6,16.000000,3.894679,3.000000,1.046530,4.000000,4.000000,4.000000,4.000000,4.000000,16.000000,0.013037,0.016221,0.052708,0.125009,calls/second,milliseconds
1779784020,6,16.000000,3.894679,3.000000,1.046530,4.000000,4.000000,4.000000,4.000000,4.000000,16.000000,0.013009,0.016221,0.052708,0.125009,calls/second,milliseconds
1779784021,6,16.000000,3.894679,3.000000,1.046530,4.000000,4.000000,4.000000,4.000000,4.000000,16.000000,0.012980,0.016221,0.052708,0.125009,calls/second,milliseconds
1779784022,6,16.000000,3.894679,3.000000,1.046530,4.000000,4.000000,4.000000,4.000000,4.000000,16.000000,0.012952,0.016221,0.052708,0.125009,calls/second,milliseconds
1779784023,6,16.000000,3.894679,3.000000,1.046530,4.000000,4.000000,4.000000,4.000000,4.000000,16.000000,0.012924,0.016221,0.052708,0.125009,calls/second,milliseconds
1779784024,6,16.000000,3.894679,3.000000,1.046530,4.000000,4.000000,4.000000,4.000000,4.000000,16.000000,0.012897,0.014924,0.051837,0.124316,calls/second,milliseconds
1779784025,6,16.000000,3.894679,3.000000,1.046530,4.000000,4.000000,4.000000,4.000000,4.000000,16.000000,0.012869,0.014924,0.051837,0.124316,calls/second,milliseconds
1779784026,6,16.000000,3.894679,3.000000,1.046530,4.000000,4.000000,4.000000,4.000000,4.000000,16.000000,0.012841,0.014924,0.051837,0.124316,calls/second,milliseconds
1779784027,6,16.000000,3.894679,3.000000,1.046530,4.000000,4.000000,4.000000,4.000000,4.000000,16.000000,0.012814,0.014924,0.051837,0.124316,calls/second,milliseconds
1779784028,6,16.000000,3.894679,3.000000,1.046530,4.000000,4.000000,4.000000,4.000000,4.000000,16.000000,0.012786,0.014924,0.051837,0.124316,calls/second,milliseconds
1779784029,6,16.000000,3.894679,3.000000,1.046530,4.000000,4.000000,4.000000,4.000000,4.000000,16.000000,0.012759,0.013730,0.050980,0.123627,calls/second,milliseconds
1779784030,6,16.000000,3.894679,3.000000,1.046530,4.000000,4.000000,4.000000,4.000000,4.000000,16.000000,0.012732,0.013730,0.050980,0.123627,calls/second,milliseconds
1779784031,6,16.000000,3.894679,3.000000,1.046530,4.000000,4.000000,4.000000,4.000000,4.000000,16.000000,0.012705,0.013730,0.050980,0.123627,calls/second,milliseconds
1779784032,6,16.000000,3.894679,3.000000,1.046530,4.000000,4.000000,4.000000,4.000000,4.000000,16.000000,0.012678,0.013730,0.050980,0.123627,calls/second,milliseconds
1779784033,6,16.000000,3.894679,3.000000,1.046530,4.000000,4.000000,4.000000,4.000000,4.000000,16.000000,0.012651,0.013730,0.050980,0.123627,calls/second,milliseconds
1779784034,6,16.000000,3.894679,3.000000,1.046530,4.000000,4.000000,4.000000,4.000000,4.000000,16.000000,0.012625,0.012633,0.050137,0.122942,calls/second,milliseconds
1779784035,6,16.000000,3.894679,3.000000,1.046530,4.000000,4.000000,4.000000,4.000000,4.000000,16.000000,0.012598,0.012633,0.050137,0.122942,calls/second,milliseconds
1779784036,6,16.000000,3.894679,3.000000,1.046530,4.000000,4.000000,4.000000,4.000000,4.000000,16.000000,0.012572,0.012633,0.050137,0.122942,calls/second,milliseconds
1779784037,6,16.000000,3.894679,3.000000,1.046530,4.000000,4.000000,4.000000,4.000000,4.000000,16.000000,0.012545,0.012633,0.050137,0.122942,calls/second,milliseconds
1779784038,6,16.000000,3.894679,3.000000,1.046530,4.000000,4.000000,4.000000,4.000000,4.000000,16.000000,0.012519,0.012633,0.050137,0.122942,calls/second,milliseconds
1779784039,6,16.000000,3.894679,3.000000,1.046530,4.000000,4.000000,4.000000,4.000000,4.000000,16.000000,0.012493,0.011623,0.049309,0.122261,calls/second,milliseconds
1779784040,6,16.000000,3.894679,3.000000,1.046530,4.000000,4.000000,4.000000,4.000000,4.000000,16.000000,0.012467,0.011623,0.049309,0.122261,calls/second,milliseconds
1779784041,6,16.000000,3.894679,3.000000,1.046530,4.000000,4.000000,4.000000,4.000000,4.000000,16.000000,0.012441,0.011623,0.049309,0.122261,calls/second,milliseconds
1779784042,6,16.000000,3.894679,3.000000,1.046530,4.000000,4.000000,4.000000,4.000000,4.000000,16.000000,0.012415,0.011623,0.049309,0.122261,calls/second,milliseconds
1779784043,6,16.000000,3.894679,3.000000,1.046530,4.000000,4.000000,4.000000,4.000000,4.000000,16.000000,0.012390,0.011623,0.049309,0.122261,calls/second,milliseconds
1779784044,6,16.000000,3.894679,3.000000,1.046530,4.000000,4.000000,4.000000,4.000000,4.000000,16.000000,0.012364,0.010693,0.048494,0.121584,calls/second,milliseconds
1779784045,6,16.000000,3.894679,3.000000,1.046530,4.000000,4.000000,4.000000,4.000000,4.000000,16.000000,0.012339,0.010693,0.048494,0.121584,calls/second,milliseconds
1779784046,6,16.000000,3.894679,3.000000,1.046530,4.000000,4.000000,4.000000,4.000000,4.000000,16.000000,0.012313,0.010693,0.048494,0.121584,calls/second,milliseconds
1779784047,6,16.000000,3.894679,3.000000,1.046530,4.000000,4.000000,4.000000,4.000000,4.000000,16.000000,0.012288,0.010693,0.048494,0.121584,calls/second,milliseconds
1779784048,6,16.000000,3.894679,3.000000,1.046530,4.000000,4.000000,4.000000,4.000000,4.000000,16.000000,0.012263,0.010693,0.048494,0.121584,calls/second,milliseconds
1779784049,6,16.000000,3.894679,3.000000,1.046530,4.000000,4.000000,4.000000,4.000000,4.000000,16.000000,0.012238,0.009838,0.047692,0.120910,calls/second,milliseconds
1779784050,6,16.000000,3.894679,3.000000,1.046530,4.000000,4.000000,4.000000,4.000000,4.000000,16.000000,0.012213,0.009838,0.047692,0.120910,calls/second,milliseconds
1779784051,6,16.000000,3.894679,3.000000,1.046530,4.000000,4.000000,4.000000,4.000000,4.000000,16.000000,0.012188,0.009838,0.047692,0.120910,calls/second,milliseconds
1779784052,6,16.000000,3.894679,3.000000,1.046530,4.000000,4.000000,4.000000,4.000000,4.000000,16.000000,0.012163,0.009838,0.047692,0.120910,calls/second,milliseconds
1779784053,6,16.000000,3.894679,3.000000,1.046530,4.000000,4.000000,4.000000,4.000000,4.000000,16.000000,0.012139,0.009838,0.047692,0.120910,calls/second,milliseconds
1779784054,6,16.000000,3.894679,3.000000,1.046530,4.000000,4.000000,4.000000,4.000000,4.000000,16.000000,0.012114,0.009052,0.046904,0.120240,calls/second,milliseconds
1779784055,6,16.000000,3.894679,3.000000,1.046530,4.000000,4.000000,4.000000,4.000000,4.000000,16.000000,0.012090,0.009052,0.046904,0.120240,calls/second,milliseconds
1779784056,6,16.000000,3.894679,3.000000,1.046530,4.000000,4.000000,4.000000,4.000000,4.000000,16.000000,0.012065,0.009052,0.046904,0.120240,calls/second,milliseconds
1779784057,6,16.000000,3.894679,3.000000,1.046530,4.000000,4.000000,4.000000,4.000000,4.000000,16.000000,0.012041,0.009052,0.046904,0.120240,calls/second,milliseconds
1779784058,6,16.000000,3.894679,3.000000,1.046530,4.000000,4.000000,4.000000,4.000000,4.000000,16.000000,0.012017,0.009052,0.046904,0.120240,calls/second,milliseconds
1779784059,6,16.000000,3.894679,3.000000,1.046530,4.000000,4.000000,4.000000,4.000000,4.000000,16.000000,0.011993,0.008328,0.046129,0.119574,calls/second,milliseconds
1779784060,6,16.000000,3.894679,3.000000,1.046530,4.000000,4.000000,4.000000,4.000000,4.000000,16.000000,0.011969,0.008328,0.046129,0.119574,calls/second,milliseconds
1779784061,6,16.000000,3.894679,3.000000,1.046530,4.000000,4.000000,4.000000,4.000000,4.000000,16.000000,0.011945,0.008328,0.046129,0.119574,calls/second,milliseconds
1779784062,6,16.000000,3.894679,3.000000,1.046530,4.000000,4.000000,4.000000,4.000000,4.000000,16.000000,0.011921,0.008328,0.046129,0.119574,calls/second,milliseconds
1779784063,6,16.000000,3.894679,3.000000,1.046530,4.000000,4.000000,4.000000,4.000000,4.000000,16.000000,0.011898,0.008328,0.046129,0.119574,calls/second,milliseconds
1779784064,6,16.000000,3.894679,3.000000,1.046530,4.000000,4.000000,4.000000,4.000000,4.000000,16.000000,0.011874,0.007662,0.045366,0.118912,calls/second,milliseconds
1779784065,6,16.000000,3.894679,3.000000,1.046530,4.000000,4.000000,4.000000,4.000000,4.000000,16.000000,0.011851,0.007662,0.045366,0.118912,calls/second,milliseconds
1779784066,6,16.000000,3.894679,3.000000,1.046530,4.000000,4.000000,4.000000,4.000000,4.000000,16.000000,0.011827,0.007662,0.045366,0.118912,calls/second,milliseconds
1779784067,6,16.000000,3.894679,3.000000,1.046530,4.000000,4.000000,4.000000,4.000000,4.000000,16.000000,0.011804,0.007662,0.045366,0.118912,calls/second,milliseconds
1779784068,6,16.000000,3.894679,3.000000,1.046530,4.000000,4.000000,4.000000,4.000000,4.000000,16.000000,0.011781,0.007662,0.045366,0.118912,calls/second,milliseconds
1779784069,6,16.000000,3.894679,3.000000,1.046530,4.000000,4.000000,4.000000,4.000000,4.000000,16.000000,0.011758,0.007049,0.044616,0.118253,calls/second,milliseconds
1779784070,6,16.000000,3.894679,3.000000,1.046530,4.000000,4.000000,4.000000,4.000000,4.000000,16.000000,0.011735,0.007049,0.044616,0.118253,calls/second,milliseconds
1779784071,6,16.000000,3.894679,3.000000,1.046530,4.000000,4.000000,4.000000,4.000000,4.000000,16.000000,0.011712,0.007049,0.044616,0.118253,calls/second,milliseconds
1779784072,6,16.000000,3.894679,3.000000,1.046530,4.000000,4.000000,4.000000,4.000000,4.000000,16.000000,0.011689,0.007049,0.044616,0.118253,calls/second,milliseconds
1779784073,6,16.000000,3.894679,3.000000,1.046530,4.000000,4.000000,4.000000,4.000000,4.000000,16.000000,0.011666,0.007049,0.044616,0.118253,calls/second,milliseconds
1779784074,6,16.000000,3.894679,3.000000,1.046530,4.000000,4.000000,4.000000,4.000000,4.000000,16.000000,0.011643,0.006486,0.043879,0.117598,calls/second,milliseconds
1779784075,6,16.000000,3.894679,3.000000,1.046530,4.000000,4.000000,4.000000,4.000000,4.000000,16.000000,0.011621,0.006486,0.043879,0.117598,calls/second,milliseconds
1779784076,6,16.000000,3.894679,3.000000,1.046530,4.000000,4.000000,4.000000,4.000000,4.000000,16.000000,0.011598,0.006486,0.043879,0.117598,calls/second,milliseconds
1779784077,6,16.000000,3.894679,3.000000,1.046530,4.000000,4.000000,4.000000,4.000000,4.000000,16.000000,0.011576,0.006486,0.043879,0.117598,calls/second,milliseconds
1779784078,6,16.000000,3.894679,3.000000,1.046530,4.000000,4.000000,4.000000,4.000000,4.000000,16.000000,0.011554,0.006486,0.043879,0.117598,calls/second,milliseconds
1779784079,6,16.000000,3.894679,3.000000,1.046530,4.000000,4.000000,4.000000,4.000000,4.000000,16.000000,0.011531,0.005967,0.043154,0.116946,calls/second,milliseconds
1779784080,6,16.000000,3.894679,3.000000,1.046530,4.000000,4.000000,4.000000,4.000000,4.000000,16.000000,0.011509,0.005967,0.043154,0.116946,calls/second,milliseconds
1779784081,6,16.000000,3.894679,3.000000,1.046530,4.000000,4.000000,4.000000,4.000000,4.000000,16.000000,0.011487,0.005967,0.043154,0.116946,calls/second,milliseconds
1779784082,6,16.000000,3.894679,3.000000,1.046530,4.000000,4.000000,4.000000,4.000000,4.000000,16.000000,0.011465,0.005967,0.043154,0.116946,calls/second,milliseconds
1779784083,6,16.000000,3.894679,3.000000,1.046530,4.000000,4.000000,4.000000,4.000000,4.000000,16.000000,0.011443,0.005967,0.043154,0.116946,calls/second,milliseconds
1779784084,6,16.000000,3.894679,3.000000,1.046530,4.000000,4.000000,4.000000,4.000000,4.000000,16.000000,0.011421,0.005490,0.042440,0.116298,calls/second,milliseconds
1779784085,6,16.000000,3.894679,3.000000,1.046530,4.000000,4.000000,4.000000,4.000000,4.000000,16.000000,0.011400,0.005490,0.042440,0.116298,calls/second,milliseconds
1779784086,6,16.000000,3.894679,3.000000,1.046530,4.000000,4.000000,4.000000,4.000000,4.000000,16.000000,0.011378,0.005490,0.042440,0.116298,calls/second,milliseconds
1779784087,6,16.000000,3.894679,3.000000,1.046530,4.000000,4.000000,4.000000,4.000000,4.000000,16.000000,0.011356,0.005490,0.042440,0.116298,calls/second,milliseconds
1779784088,6,16.000000,3.894679,3.000000,1.046530,4.000000,4.000000,4.000000,4.000000,4.000000,16.000000,0.011335,0.005490,0.042440,0.116298,calls/second,milliseconds
1779784089,6,16.000000,3.894679,3.000000,1.046530,4.000000,4.000000,4.000000,4.000000,4.000000,16.000000,0.011314,0.005051,0.041739,0.115654,calls/second,milliseconds
1779784090,6,16.000000,3.894679,3.000000,1.046530,4.000000,4.000000,4.000000,4.000000,4.000000,16.000000,0.011292,0.005051,0.041739,0.115654,calls/second,milliseconds
1779784091,6,16.000000,3.894679,3.000000,1.046530,4.000000,4.000000,4.000000,4.000000,4.000000,16.000000,0.011271,0.005051,0.041739,0.115654,calls/second,milliseconds
1779784092,6,16.000000,3.894679,3.000000,1.046530,4.000000,4.000000,4.000000,4.000000,4.000000,16.000000,0.011250,0.005051,0.041739,0.115654,calls/second,milliseconds
1779784093,6,16.000000,3.894679,3.000000,1.046530,4.000000,4.000000,4.000000,4.000000,4.000000,16.000000,0.011229,0.005051,0.041739,0.115654,calls/second,milliseconds
1779784094,6,16.000000,3.894679,3.000000,1.046530,4.000000,4.000000,4.000000,4.000000,4.000000,16.000000,0.011208,0.004647,0.041049,0.115013,calls/second,milliseconds
1779784095,6,16.000000,3.894679,3.000000,1.046530,4.000000,4.000000,4.000000,4.000000,4.000000,16.000000,0.011187,0.004647,0.041049,0.115013,calls/second,milliseconds
1779784096,6,16.000000,3.894679,3.000000,1.046530,4.000000,4.000000,4.000000,4.000000,4.000000,16.000000,0.011166,0.004647,0.041049,0.115013,calls/second,milliseconds
1779784097,6,16.000000,3.894679,3.000000,1.046530,4.000000,4.000000,4.000000,4.000000,4.000000,16.000000,0.011145,0.004647,0.041049,0.115013,calls/second,milliseconds
1779784098,6,16.000000,3.894679,3.000000,1.046530,4.000000,4.000000,4.000000,4.000000,4.000000,16.000000,0.011124,0.004647,0.041049,0.115013,calls/second,milliseconds
1779784099,6,16.000000,3.894679,3.000000,1.046530,4.000000,4.000000,4.000000,4.000000,4.000000,16.000000,0.011104,0.004276,0.040371,0.114376,calls/second,milliseconds
1779784100,6,16.000000,3.894679,3.000000,1.046530,4.000000,4.000000,4.000000,4.000000,4.000000,16.000000,0.011083,0.004276,0.040371,0.114376,calls/second,milliseconds
1779784101,6,16.000000,3.894679,3.000000,1.046530,4.000000,4.000000,4.000000,4.000000,4.000000,16.000000,0.011063,0.004276,0.040371,0.114376,calls/second,milliseconds
1779784102,6,16.000000,3.894679,3.000000,1.046530,4.000000,4.000000,4.000000,4.000000,4.000000,16.000000,0.011042,0.004276,0.040371,0.114376,calls/second,milliseconds
1779784103,6,16.000000,3.894679,3.000000,1.046530,4.000000,4.000000,4.000000,4.000000,4.000000,16.000000,0.011022,0.004276,0.040371,0.114376,calls/second,milliseconds
1779784104,6,16.000000,3.894679,3.000000,1.046530,4.000000,4.000000,4.000000,4.000000,4.000000,16.000000,0.011002,0.003934,0.039703,0.113743,calls/second,milliseconds
1779784105,6,16.000000,3.894679,3.000000,1.046530,4.000000,4.000000,4.000000,4.000000,4.000000,16.000000,0.010982,0.003934,0.039703,0.113743,calls/second,milliseconds
1779784106,6,16.000000,3.894679,3.000000,1.046530,4.000000,4.000000,4.000000,4.000000,4.000000,16.000000,0.010962,0.003934,0.039703,0.113743,calls/second,milliseconds
1779784107,6,16.000000,3.894679,3.000000,1.046530,4.000000,4.000000,4.000000,4.000000,4.000000,16.000000,0.010942,0.003934,0.039703,0.113743,calls/second,milliseconds
1779784108,6,16.000000,3.894679,3.000000,1.046530,4.000000,4.000000,4.000000,4.000000,4.000000,16.000000,0.010922,0.003934,0.039703,0.113743,calls/second,milliseconds
1779784109,6,16.000000,3.894679,3.000000,1.046530,4.000000,4.000000,4.000000,4.000000,4.000000,16.000000,0.010902,0.003619,0.039047,0.113112,calls/second,milliseconds
1779784110,6,16.000000,3.894679,3.000000,1.046530,4.000000,4.000000,4.000000,4.000000,4.000000,16.000000,0.010882,0.003619,0.039047,0.113112,calls/second,milliseconds
1779784111,6,16.000000,3.894679,3.000000,1.046530,4.000000,4.000000,4.000000,4.000000,4.000000,16.000000,0.010862,0.003619,0.039047,0.113112,calls/second,milliseconds
1779784112,6,16.000000,3.894679,3.000000,1.046530,4.000000,4.000000,4.000000,4.000000,4.000000,16.000000,0.010843,0.003619,0.039047,0.113112,calls/second,milliseconds
1779784113,6,16.000000,3.894679,3.000000,1.046530,4.000000,4.000000,4.000000,4.000000,4.000000,16.000000,0.010823,0.003619,0.039047,0.113112,calls/second,milliseconds
1779784114,6,16.000000,3.894679,3.000000,1.046530,4.000000,4.000000,4.000000,4.000000,4.000000,16.000000,0.010804,0.003330,0.038402,0.112486,calls/second,milliseconds
1779784115,6,16.000000,3.894679,3.000000,1.046530,4.000000,4.000000,4.000000,4.000000,4.000000,16.000000,0.010784,0.003330,0.038402,0.112486,calls/second,milliseconds
1779784116,7,16.000000,3.174593,3.000000,0.582625,3.000000,3.000000,4.000000,4.000000,4.000000,16.000000,0.012559,0.003330,0.038402,0.112486,calls/second,milliseconds
1779784117,7,16.000000,3.174593,3.000000,0.582625,3.000000,3.000000,4.000000,4.000000,4.000000,16.000000,0.012536,0.003330,0.038402,0.112486,calls/second,milliseconds
1779784118,7,16.000000,3.174593,3.000000,0.582625,3.000000,3.000000,4.000000,4.000000,4.000000,16.000000,0.012514,0.003330,0.038402,0.112486,calls/second,milliseconds
1779784119,7,16.000000,3.174593,3.000000,0.582625,3.000000,3.000000,4.000000,4.000000,4.000000,16.000000,0.012491,0.019055,0.041073,0.112971,calls/second,milliseconds
1779784120,7,16.000000,3.174593,3.000000,0.582625,3.000000,3.000000,4.000000,4.000000,4.000000,16.000000,0.012469,0.019055,0.041073,0.112971,calls/second,milliseconds
1779784121,7,16.000000,3.174593,3.000000,0.582625,3.000000,3.000000,4.000000,4.000000,4.000000,16.000000,0.012447,0.019055,0.041073,0.112971,calls/second,milliseconds
1779784122,7,16.000000,3.174593,3.000000,0.582625,3.000000,3.000000,4.000000,4.000000,4.000000,16.000000,0.012425,0.019055,0.041073,0.112971,calls/second,milliseconds
1779784123,7,16.000000,3.174593,3.000000,0.582625,3.000000,3.000000,4.000000,4.000000,4.000000,16.000000,0.012403,0.019055,0.041073,0.112971,calls/second,milliseconds
1779784124,7,16.000000,3.174593,3.000000,0.582625,3.000000,3.000000,4.000000,4.000000,4.000000,16.000000,0.012381,0.017531,0.040394,0.112345,calls/second,milliseconds
1779784125,7,16.000000,3.174593,3.000000,0.582625,3.000000,3.000000,4.000000,4.000000,4.000000,16.000000,0.012359,0.017531,0.040394,0.112345,calls/second,milliseconds
1779784126,7,16.000000,3.174593,3.000000,0.582625,3.000000,3.000000,4.000000,4.000000,4.000000,16.000000,0.012337,0.017531,0.040394,0.112345,calls/second,milliseconds
1779784127,7,16.000000,3.174593,3.000000,0.582625,3.000000,3.000000,4.000000,4.000000,4.000000,16.000000,0.012315,0.017531,0.040394,0.112345,calls/second,milliseconds
1779784128,7,16.000000,3.174593,3.000000,0.582625,3.000000,3.000000,4.000000,4.000000,4.000000,16.000000,0.012294,0.017531,0.040394,0.112345,calls/second,milliseconds
1779784129,7,16.000000,3.174593,3.000000,0.582625,3.000000,3.000000,4.000000,4.000000,4.000000,16.000000,0.012272,0.016130,0.039726,0.111722,calls/second,milliseconds
1779784130,7,16.000000,3.174593,3.000000,0.582625,3.000000,3.000000,4.000000,4.000000,4.000000,16.000000,0.012251,0.016130,0.039726,0.111722,calls/second,milliseconds
1779784131,7,16.000000,3.174593,3.000000,0.582625,3.000000,3.000000,4.000000,4.000000,4.000000,16.000000,0.012229,0.016130,0.039726,0.111722,calls/second,milliseconds
1779784132,7,16.000000,3.174593,3.000000,0.582625,3.000000,3.000000,4.000000,4.000000,4.000000,16.000000,0.012208,0.016130,0.039726,0.111722,calls/second,milliseconds
1779784133,7,16.000000,3.174593,3.000000,0.582625,3.000000,3.000000,4.000000,4.000000,4.000000,16.000000,0.012186,0.016130,0.039726,0.111722,calls/second,milliseconds
1779784134,7,16.000000,3.174593,3.000000,0.582625,3.000000,3.000000,4.000000,4.000000,4.000000,16.000000,0.012165,0.014840,0.039069,0.111103,calls/second,milliseconds
1779784135,7,16.000000,3.174593,3.000000,0.582625,3.000000,3.000000,4.000000,4.000000,4.000000,16.000000,0.012144,0.014840,0.039069,0.111103,calls/second,milliseconds
1779784136,7,16.000000,3.174593,3.000000,0.582625,3.000000,3.000000,4.000000,4.000000,4.000000,16.000000,0.012123,0.014840,0.039069,0.111103,calls/second,milliseconds
1779784137,7,16.000000,3.174593,3.000000,0.582625,3.000000,3.000000,4.000000,4.000000,4.000000,16.000000,0.012102,0.014840,0.039069,0.111103,calls/second,milliseconds
1779784138,7,16.000000,3.174593,3.000000,0.582625,3.000000,3.000000,4.000000,4.000000,4.000000,16.000000,0.012081,0.014840,0.039069,0.111103,calls/second,milliseconds
1779784139,7,16.000000,3.174593,3.000000,0.582625,3.000000,3.000000,4.000000,4.000000,4.000000,16.000000,0.012060,0.013653,0.038424,0.110488,calls/second,milliseconds
1779784140,7,16.000000,3.174593,3.000000,0.582625,3.000000,3.000000,4.000000,4.000000,4.000000,16.000000,0.012040,0.013653,0.038424,0.110488,calls/second,milliseconds
1779784141,7,16.000000,3.174593,3.000000,0.582625,3.000000,3.000000,4.000000,4.000000,4.000000,16.000000,0.012019,0.013653,0.038424,0.110488,calls/second,milliseconds
1779784142,7,16.000000,3.174593,3.000000,0.582625,3.000000,3.000000,4.000000,4.000000,4.000000,16.000000,0.011998,0.013653,0.038424,0.110488,calls/second,milliseconds
1779784143,7,16.000000,3.174593,3.000000,0.582625,3.000000,3.000000,4.000000,4.000000,4.000000,16.000000,0.011978,0.013653,0.038424,0.110488,calls/second,milliseconds
1779784144,7,16.000000,3.174593,3.000000,0.582625,3.000000,3.000000,4.000000,4.000000,4.000000,16.000000,0.011957,0.012562,0.037789,0.109876,calls/second,milliseconds
1779784145,7,16.000000,3.174593,3.000000,0.582625,3.000000,3.000000,4.000000,4.000000,4.000000,16.000000,0.011937,0.012562,0.037789,0.109876,calls/second,milliseconds
1779784146,7,16.000000,3.174593,3.000000,0.582625,3.000000,3.000000,4.000000,4.000000,4.000000,16.000000,0.011916,0.012562,0.037789,0.109876,calls/second,milliseconds
1779784147,7,16.000000,3.174593,3.000000,0.582625,3.000000,3.000000,4.000000,4.000000,4.000000,16.000000,0.011896,0.012562,0.037789,0.109876,calls/second,milliseconds
1779784148,7,16.000000,3.174593,3.000000,0.582625,3.000000,3.000000,4.000000,4.000000,4.000000,16.000000,0.011876,0.012562,0.037789,0.109876,calls/second,milliseconds
1779784149,7,16.000000,3.174593,3.000000,0.582625,3.000000,3.000000,4.000000,4.000000,4.000000,16.000000,0.011856,0.011557,0.037164,0.109267,calls/second,milliseconds
1779784150,7,16.000000,3.174593,3.000000,0.582625,3.000000,3.000000,4.000000,4.000000,4.000000,16.000000,0.011836,0.011557,0.037164,0.109267,calls/second,milliseconds
1779784151,7,16.000000,3.174593,3.000000,0.582625,3.000000,3.000000,4.000000,4.000000,4.000000,16.000000,0.011816,0.011557,0.037164,0.109267,calls/second,milliseconds
1779784152,7,16.000000,3.174593,3.000000,0.582625,3.000000,3.000000,4.000000,4.000000,4.000000,16.000000,0.011796,0.011557,0.037164,0.109267,calls/second,milliseconds
1779784153,7,16.000000,3.174593,3.000000,0.582625,3.000000,3.000000,4.000000,4.000000,4.000000,16.000000,0.011776,0.011557,0.037164,0.109267,calls/second,milliseconds
1779784154,7,16.000000,3.174593,3.000000,0.582625,3.000000,3.000000,4.000000,4.000000,4.000000,16.000000,0.011756,0.010633,0.036550,0.108662,calls/second,milliseconds
1779784155,7,16.000000,3.174593,3.000000,0.582625,3.000000,3.000000,4.000000,4.000000,4.000000,16.000000,0.011736,0.010633,0.036550,0.108662,calls/second,milliseconds
1779784156,7,16.000000,3.174593,3.000000,0.582625,3.000000,3.000000,4.000000,4.000000,4.000000,16.000000,0.011717,0.010633,0.036550,0.108662,calls/second,milliseconds
1779784157,7,16.000000,3.174593,3.000000,0.582625,3.000000,3.000000,4.000000,4.000000,4.000000,16.000000,0.011697,0.010633,0.036550,0.108662,calls/second,milliseconds
1779784158,7,16.000000,3.174593,3.000000,0.582625,3.000000,3.000000,4.000000,4.000000,4.000000,16.000000,0.011678,0.010633,0.036550,0.108662,calls/second,milliseconds
1779784159,7,16.000000,3.174593,3.000000,0.582625,3.000000,3.000000,4.000000,4.000000,4.000000,16.000000,0.011658,0.009783,0.035946,0.108060,calls/second,milliseconds
1779784160,7,16.000000,3.174593,3.000000,0.582625,3.000000,3.000000,4.000000,4.000000,4.000000,16.000000,0.011639,0.009783,0.035946,0.108060,calls/second,milliseconds
1779784161,7,16.000000,3.174593,3.000000,0.582625,3.000000,3.000000,4.000000,4.000000,4.000000,16.000000,0.011619,0.009783,0.035946,0.108060,calls/second,milliseconds
1779784162,7,16.000000,3.174593,3.000000,0.582625,3.000000,3.000000,4.000000,4.000000,4.000000,16.000000,0.011600,0.009783,0.035946,0.108060,calls/second,milliseconds
1779784163,7,16.000000,3.174593,3.000000,0.582625,3.000000,3.000000,4.000000,4.000000,4.000000,16.000000,0.011581,0.009783,0.035946,0.108060,calls/second,milliseconds
1779784164,7,16.000000,3.174593,3.000000,0.582625,3.000000,3.000000,4.000000,4.000000,4.000000,16.000000,0.011562,0.009001,0.035352,0.107461,calls/second,milliseconds
1779784165,7,16.000000,3.174593,3.000000,0.582625,3.000000,3.000000,4.000000,4.000000,4.000000,16.000000,0.011543,0.009001,0.035352,0.107461,calls/second,milliseconds
1779784166,7,16.000000,3.174593,3.000000,0.582625,3.000000,3.000000,4.000000,4.000000,4.000000,16.000000,0.011523,0.009001,0.035352,0.107461,calls/second,milliseconds
1779784167,7,16.000000,3.174593,3.000000,0.582625,3.000000,3.000000,4.000000,4.000000,4.000000,16.000000,0.011505,0.009001,0.035352,0.107461,calls/second,milliseconds
1779784168,7,16.000000,3.174593,3.000000,0.582625,3.000000,3.000000,4.000000,4.000000,4.000000,16.000000,0.011486,0.009001,0.035352,0.107461,calls/second,milliseconds
1779784169,7,16.000000,3.174593,3.000000,0.582625,3.000000,3.000000,4.000000,4.000000,4.000000,16.000000,0.011467,0.008281,0.034767,0.106866,calls/second,milliseconds
1779784170,7,16.000000,3.174593,3.000000,0.582625,3.000000,3.000000,4.000000,4.000000,4.000000,16.000000,0.011448,0.008281,0.034767,0.106866,calls/second,milliseconds
1779784171,7,16.000000,3.174593,3.000000,0.582625,3.000000,3.000000,4.000000,4.000000,4.000000,16.000000,0.011429,0.008281,0.034767,0.106866,calls/second,milliseconds
1779784172,7,16.000000,3.174593,3.000000,0.582625,3.000000,3.000000,4.000000,4.000000,4.000000,16.000000,0.011411,0.008281,0.034767,0.106866,calls/second,milliseconds
1779784173,7,16.000000,3.174593,3.000000,0.582625,3.000000,3.000000,4.000000,4.000000,4.000000,16.000000,0.011392,0.008281,0.034767,0.106866,calls/second,milliseconds
1779784174,7,16.000000,3.174593,3.000000,0.582625,3.000000,3.000000,4.000000,4.000000,4.000000,16.000000,0.011373,0.007619,0.034193,0.106274,calls/second,milliseconds
1779784175,7,16.000000,3.174593,3.000000,0.582625,3.000000,3.000000,4.000000,4.000000,4.000000,16.000000,0.011355,0.007619,0.034193,0.106274,calls/second,milliseconds
1779784176,7,16.000000,3.174593,3.000000,0.582625,3.000000,3.000000,4.000000,4.000000,4.000000,16.000000,0.011337,0.007619,0.034193,0.106274,calls/second,milliseconds
1779784177,7,16.000000,3.174593,3.000000,0.582625,3.000000,3.000000,4.000000,4.000000,4.000000,16.000000,0.011318,0.007619,0.034193,0.106274,calls/second,milliseconds
1779784178,7,16.000000,3.174593,3.000000,0.582625,3.000000,3.000000,4.000000,4.000000,4.000000,16.000000,0.011300,0.007619,0.034193,0.106274,calls/second,milliseconds
1779784179,7,16.000000,3.174593,3.000000,0.582625,3.000000,3.000000,4.000000,4.000000,4.000000,16.000000,0.011282,0.007010,0.033627,0.105685,calls/second,milliseconds
1779784180,7,16.000000,3.174593,3.000000,0.582625,3.000000,3.000000,4.000000,4.000000,4.000000,16.000000,0.011264,0.007010,0.033627,0.105685,calls/second,milliseconds
1779784181,7,16.000000,3.174593,3.000000,0.582625,3.000000,3.000000,4.000000,4.000000,4.000000,16.000000,0.011245,0.007010,0.033627,0.105685,calls/second,milliseconds
1779784182,7,16.000000,3.174593,3.000000,0.582625,3.000000,3.000000,4.000000,4.000000,4.000000,16.000000,0.011227,0.007010,0.033627,0.105685,calls/second,milliseconds
1779784183,7,16.000000,3.174593,3.000000,0.582625,3.000000,3.000000,4.000000,4.000000,4.000000,16.000000,0.011209,0.007010,0.033627,0.105685,calls/second,milliseconds
1779784184,7,16.000000,3.174593,3.000000,0.582625,3.000000,3.000000,4.000000,4.000000,4.000000,16.000000,0.011191,0.006449,0.033072,0.105099,calls/second,milliseconds
1779784185,7,16.000000,3.174593,3.000000,0.582625,3.000000,3.000000,4.000000,4.000000,4.000000,16.000000,0.011173,0.006449,0.033072,0.105099,calls/second,milliseconds
1779784186,7,16.000000,3.174593,3.000000,0.582625,3.000000,3.000000,4.000000,4.000000,4.000000,16.000000,0.011156,0.006449,0.033072,0.105099,calls/second,milliseconds
1779784187,7,16.000000,3.174593,3.000000,0.582625,3.000000,3.000000,4.000000,4.000000,4.000000,16.000000,0.011138,0.006449,0.033072,0.105099,calls/second,milliseconds
1779784188,7,16.000000,3.174593,3.000000,0.582625,3.000000,3.000000,4.000000,4.000000,4.000000,16.000000,0.011120,0.006449,0.033072,0.105099,calls/second,milliseconds
1779784189,7,16.000000,3.174593,3.000000,0.582625,3.000000,3.000000,4.000000,4.000000,4.000000,16.000000,0.011102,0.005934,0.032525,0.104517,calls/second,milliseconds
1779784190,7,16.000000,3.174593,3.000000,0.582625,3.000000,3.000000,4.000000,4.000000,4.000000,16.000000,0.011085,0.005934,0.032525,0.104517,calls/second,milliseconds
1779784191,7,16.000000,3.174593,3.000000,0.582625,3.000000,3.000000,4.000000,4.000000,4.000000,16.000000,0.011067,0.005934,0.032525,0.104517,calls/second,milliseconds
1779784192,7,16.000000,3.174593,3.000000,0.582625,3.000000,3.000000,4.000000,4.000000,4.000000,16.000000,0.011050,0.005934,0.032525,0.104517,calls/second,milliseconds
1779784193,7,16.000000,3.174593,3.000000,0.582625,3.000000,3.000000,4.000000,4.000000,4.000000,16.000000,0.011032,0.005934,0.032525,0.104517,calls/second,milliseconds
1779784194,7,16.000000,3.174593,3.000000,0.582625,3.000000,3.000000,4.000000,4.000000,4.000000,16.000000,0.011015,0.005459,0.031987,0.103938,calls/second,milliseconds
1779784195,7,16.000000,3.174593,3.000000,0.582625,3.000000,3.000000,4.000000,4.000000,4.000000,16.000000,0.010998,0.005459,0.031987,0.103938,calls/second,milliseconds
1779784196,7,16.000000,3.174593,3.000000,0.582625,3.000000,3.000000,4.000000,4.000000,4.000000,16.000000,0.010980,0.005459,0.031987,0.103938,calls/second,milliseconds
1779784197,7,16.000000,3.174593,3.000000,0.582625,3.000000,3.000000,4.000000,4.000000,4.000000,16.000000,0.010963,0.005459,0.031987,0.103938,calls/second,milliseconds
1779784198,7,16.000000,3.174593,3.000000,0.582625,3.000000,3.000000,4.000000,4.000000,4.000000,16.000000,0.010946,0.005459,0.031987,0.103938,calls/second,milliseconds
1779784199,7,16.000000,3.174593,3.000000,0.582625,3.000000,3.000000,4.000000,4.000000,4.000000,16.000000,0.010929,0.005023,0.031459,0.103362,calls/second,milliseconds
1779784200,7,16.000000,3.174593,3.000000,0.582625,3.000000,3.000000,4.000000,4.000000,4.000000,16.000000,0.010912,0.005023,0.031459,0.103362,calls/second,milliseconds
1779784201,7,16.000000,3.174593,3.000000,0.582625,3.000000,3.000000,4.000000,4.000000,4.000000,16.000000,0.010895,0.005023,0.031459,0.103362,calls/second,milliseconds
1779784202,7,16.000000,3.174593,3.000000,0.582625,3.000000,3.000000,4.000000,4.000000,4.000000,16.000000,0.010878,0.005023,0.031459,0.103362,calls/second,milliseconds
1779784204,7,16.000000,3.174593,3.000000,0.582625,3.000000,3.000000,4.000000,4.000000,4.000000,16.000000,0.010861,0.005023,0.031459,0.103362,calls/second,milliseconds
1779784205,7,16.000000,3.174593,3.000000,0.582625,3.000000,3.000000,4.000000,4.000000,4.000000,16.000000,0.010844,0.004621,0.030939,0.102789,calls/second,milliseconds
1779784206,7,16.000000,3.174593,3.000000,0.582625,3.000000,3.000000,4.000000,4.000000,4.000000,16.000000,0.010827,0.004621,0.030939,0.102789,calls/second,milliseconds
1779784207,7,16.000000,3.174593,3.000000,0.582625,3.000000,3.000000,4.000000,4.000000,4.000000,16.000000,0.010811,0.004621,0.030939,0.102789,calls/second,milliseconds
1779784208,7,16.000000,3.174593,3.000000,0.582625,3.000000,3.000000,4.000000,4.000000,4.000000,16.000000,0.010794,0.004621,0.030939,0.102789,calls/second,milliseconds
1779784209,7,16.000000,3.174593,3.000000,0.582625,3.000000,3.000000,4.000000,4.000000,4.000000,16.000000,0.010777,0.004621,0.030939,0.102789,calls/second,milliseconds
1779784210,7,16.000000,3.174593,3.000000,0.582625,3.000000,3.000000,4.000000,4.000000,4.000000,16.000000,0.010761,0.004252,0.030427,0.102220,calls/second,milliseconds
1779784211,7,16.000000,3.174593,3.000000,0.582625,3.000000,3.000000,4.000000,4.000000,4.000000,16.000000,0.010744,0.004252,0.030427,0.102220,calls/second,milliseconds
1779784212,7,16.000000,3.174593,3.000000,0.582625,3.000000,3.000000,4.000000,4.000000,4.000000,16.000000,0.010728,0.004252,0.030427,0.102220,calls/second,milliseconds
1779784213,7,16.000000,3.174593,3.000000,0.582625,3.000000,3.000000,4.000000,4.000000,4.000000,16.000000,0.010711,0.004252,0.030427,0.102220,calls/second,milliseconds
1779784214,7,16.000000,3.174593,3.000000,0.582625,3.000000,3.000000,4.000000,4.000000,4.000000,16.000000,0.010695,0.004252,0.030427,0.102220,calls/second,milliseconds
1779784215,7,16.000000,3.174593,3.000000,0.582625,3.000000,3.000000,4.000000,4.000000,4.000000,16.000000,0.010678,0.003912,0.029924,0.101654,calls/second,milliseconds
1779784216,7,16.000000,3.174593,3.000000,0.582625,3.000000,3.000000,4.000000,4.000000,4.000000,16.000000,0.010662,0.003912,0.029924,0.101654,calls/second,milliseconds
1779784217,7,16.000000,3.174593,3.000000,0.582625,3.000000,3.000000,4.000000,4.000000,4.000000,16.000000,0.010646,0.003912,0.029924,0.101654,calls/second,milliseconds
1779784218,7,16.000000,3.174593,3.000000,0.582625,3.000000,3.000000,4.000000,4.000000,4.000000,16.000000,0.010630,0.003912,0.029924,0.101654,calls/second,milliseconds
1779784219,7,16.000000,3.174593,3.000000,0.582625,3.000000,3.000000,4.000000,4.000000,4.000000,16.000000,0.010614,0.003912,0.029924,0.101654,calls/second,milliseconds
1779784220,7,16.000000,3.174593,3.000000,0.582625,3.000000,3.000000,4.000000,4.000000,4.000000,16.000000,0.010597,0.003599,0.029430,0.101091,calls/second,milliseconds
1779784221,7,16.000000,3.174593,3.000000,0.582625,3.000000,3.000000,4.000000,4.000000,4.000000,16.000000,0.010581,0.003599,0.029430,0.101091,calls/second,milliseconds
1779784222,7,16.000000,3.174593,3.000000,0.582625,3.000000,3.000000,4.000000,4.000000,4.000000,16.000000,0.010565,0.003599,0.029430,0.101091,calls/second,milliseconds
1779784223,7,16.000000,3.174593,3.000000,0.582625,3.000000,3.000000,4.000000,4.000000,4.000000,16.000000,0.010549,0.003599,0.029430,0.101091,calls/second,milliseconds
1779784224,8,16.000000,3.835131,3.000000,0.420363,4.000000,4.000000,4.000000,4.000000,4.000000,4.000000,0.012038,0.003599,0.029430,0.101091,calls/second,milliseconds
1779784225,8,16.000000,3.835131,3.000000,0.420363,4.000000,4.000000,4.000000,4.000000,4.000000,4.000000,0.012020,0.019302,0.032249,0.101639,calls/second,milliseconds
1779784226,8,16.000000,3.835131,3.000000,0.420363,4.000000,4.000000,4.000000,4.000000,4.000000,4.000000,0.012002,0.019302,0.032249,0.101639,calls/second,milliseconds
1779784227,8,16.000000,3.835131,3.000000,0.420363,4.000000,4.000000,4.000000,4.000000,4.000000,4.000000,0.011984,0.019302,0.032249,0.101639,calls/second,milliseconds
1779784228,8,16.000000,3.835131,3.000000,0.420363,4.000000,4.000000,4.000000,4.000000,4.000000,4.000000,0.011966,0.019302,0.032249,0.101639,calls/second,milliseconds
1779784229,8,16.000000,3.835131,3.000000,0.420363,4.000000,4.000000,4.000000,4.000000,4.000000,4.000000,0.011948,0.019302,0.032249,0.101639,calls/second,milliseconds
1779784230,8,16.000000,3.835131,3.000000,0.420363,4.000000,4.000000,4.000000,4.000000,4.000000,4.000000,0.011931,0.017759,0.031716,0.101075,calls/second,milliseconds
1779784231,8,16.000000,3.835131,3.000000,0.420363,4.000000,4.000000,4.000000,4.000000,4.000000,4.000000,0.011913,0.017759,0.031716,0.101075,calls/second,milliseconds
1779784232,8,16.000000,3.835131,3.000000,0.420363,4.000000,4.000000,4.000000,4.000000,4.000000,4.000000,0.011895,0.017759,0.031716,0.101075,calls/second,milliseconds
1779784233,8,16.000000,3.835131,3.000000,0.420363,4.000000,4.000000,4.000000,4.000000,4.000000,4.000000,0.011877,0.017759,0.031716,0.101075,calls/second,milliseconds
1779784234,8,16.000000,3.835131,3.000000,0.420363,4.000000,4.000000,4.000000,4.000000,4.000000,4.000000,0.011860,0.017759,0.031716,0.101075,calls/second,milliseconds
1779784235,8,16.000000,3.835131,3.000000,0.420363,4.000000,4.000000,4.000000,4.000000,4.000000,4.000000,0.011842,0.016339,0.031192,0.100515,calls/second,milliseconds
1779784236,8,16.000000,3.835131,3.000000,0.420363,4.000000,4.000000,4.000000,4.000000,4.000000,4.000000,0.011825,0.016339,0.031192,0.100515,calls/second,milliseconds
1779784237,8,16.000000,3.835131,3.000000,0.420363,4.000000,4.000000,4.000000,4.000000,4.000000,4.000000,0.011807,0.016339,0.031192,0.100515,calls/second,milliseconds
1779784238,8,16.000000,3.835131,3.000000,0.420363,4.000000,4.000000,4.000000,4.000000,4.000000,4.000000,0.011790,0.016339,0.031192,0.100515,calls/second,milliseconds
1779784239,8,16.000000,3.835131,3.000000,0.420363,4.000000,4.000000,4.000000,4.000000,4.000000,4.000000,0.011772,0.016339,0.031192,0.100515,calls/second,milliseconds
1779784240,8,16.000000,3.835131,3.000000,0.420363,4.000000,4.000000,4.000000,4.000000,4.000000,4.000000,0.011755,0.015033,0.030676,0.099959,calls/second,milliseconds
1779784241,8,16.000000,3.835131,3.000000,0.420363,4.000000,4.000000,4.000000,4.000000,4.000000,4.000000,0.011738,0.015033,0.030676,0.099959,calls/second,milliseconds
1779784242,8,16.000000,3.835131,3.000000,0.420363,4.000000,4.000000,4.000000,4.000000,4.000000,4.000000,0.011721,0.015033,0.030676,0.099959,calls/second,milliseconds
1779784243,8,16.000000,3.835131,3.000000,0.420363,4.000000,4.000000,4.000000,4.000000,4.000000,4.000000,0.011703,0.015033,0.030676,0.099959,calls/second,milliseconds
1779784244,8,16.000000,3.835131,3.000000,0.420363,4.000000,4.000000,4.000000,4.000000,4.000000,4.000000,0.011686,0.015033,0.030676,0.099959,calls/second,milliseconds
1779784245,8,16.000000,3.835131,3.000000,0.420363,4.000000,4.000000,4.000000,4.000000,4.000000,4.000000,0.011669,0.013831,0.030169,0.099405,calls/second,milliseconds
1779784246,8,16.000000,3.835131,3.000000,0.420363,4.000000,4.000000,4.000000,4.000000,4.000000,4.000000,0.011652,0.013831,0.030169,0.099405,calls/second,milliseconds
1779784247,8,16.000000,3.835131,3.000000,0.420363,4.000000,4.000000,4.000000,4.000000,4.000000,4.000000,0.011635,0.013831,0.030169,0.099405,calls/second,milliseconds
1779784248,8,16.000000,3.835131,3.000000,0.420363,4.000000,4.000000,4.000000,4.000000,4.000000,4.000000,0.011618,0.013831,0.030169,0.099405,calls/second,milliseconds
1779784249,8,16.000000,3.835131,3.000000,0.420363,4.000000,4.000000,4.000000,4.000000,4.000000,4.000000,0.011601,0.013831,0.030169,0.099405,calls/second,milliseconds
1779784250,8,16.000000,3.835131,3.000000,0.420363,4.000000,4.000000,4.000000,4.000000,4.000000,4.000000,0.011585,0.012725,0.029671,0.098854,calls/second,milliseconds
1779784251,8,16.000000,3.835131,3.000000,0.420363,4.000000,4.000000,4.000000,4.000000,4.000000,4.000000,0.011568,0.012725,0.029671,0.098854,calls/second,milliseconds
1779784252,8,16.000000,3.835131,3.000000,0.420363,4.000000,4.000000,4.000000,4.000000,4.000000,4.000000,0.011551,0.012725,0.029671,0.098854,calls/second,milliseconds
1779784253,8,16.000000,3.835131,3.000000,0.420363,4.000000,4.000000,4.000000,4.000000,4.000000,4.000000,0.011534,0.012725,0.029671,0.098854,calls/second,milliseconds
1779784254,8,16.000000,3.835131,3.000000,0.420363,4.000000,4.000000,4.000000,4.000000,4.000000,4.000000,0.011518,0.012725,0.029671,0.098854,calls/second,milliseconds
1779784255,8,16.000000,3.835131,3.000000,0.420363,4.000000,4.000000,4.000000,4.000000,4.000000,4.000000,0.011501,0.011707,0.029180,0.098306,calls/second,milliseconds
1779784256,8,16.000000,3.835131,3.000000,0.420363,4.000000,4.000000,4.000000,4.000000,4.000000,4.000000,0.011485,0.011707,0.029180,0.098306,calls/second,milliseconds
1779784257,8,16.000000,3.835131,3.000000,0.420363,4.000000,4.000000,4.000000,4.000000,4.000000,4.000000,0.011468,0.011707,0.029180,0.098306,calls/second,milliseconds
1779784258,8,16.000000,3.835131,3.000000,0.420363,4.000000,4.000000,4.000000,4.000000,4.000000,4.000000,0.011452,0.011707,0.029180,0.098306,calls/second,milliseconds
1779784259,8,16.000000,3.835131,3.000000,0.420363,4.000000,4.000000,4.000000,4.000000,4.000000,4.000000,0.011435,0.011707,0.029180,0.098306,calls/second,milliseconds
1779784260,8,16.000000,3.835131,3.000000,0.420363,4.000000,4.000000,4.000000,4.000000,4.000000,4.000000,0.011419,0.010771,0.028698,0.097762,calls/second,milliseconds
1779784261,8,16.000000,3.835131,3.000000,0.420363,4.000000,4.000000,4.000000,4.000000,4.000000,4.000000,0.011403,0.010771,0.028698,0.097762,calls/second,milliseconds
1779784262,8,16.000000,3.835131,3.000000,0.420363,4.000000,4.000000,4.000000,4.000000,4.000000,4.000000,0.011386,0.010771,0.028698,0.097762,calls/second,milliseconds
1779784263,8,16.000000,3.835131,3.000000,0.420363,4.000000,4.000000,4.000000,4.000000,4.000000,4.000000,0.011370,0.010771,0.028698,0.097762,calls/second,milliseconds
1779784264,8,16.000000,3.835131,3.000000,0.420363,4.000000,4.000000,4.000000,4.000000,4.000000,4.000000,0.011354,0.010771,0.028698,0.097762,calls/second,milliseconds
1779784265,8,16.000000,3.835131,3.000000,0.420363,4.000000,4.000000,4.000000,4.000000,4.000000,4.000000,0.011338,0.009910,0.028224,0.097220,calls/second,milliseconds
1779784266,8,16.000000,3.835131,3.000000,0.420363,4.000000,4.000000,4.000000,4.000000,4.000000,4.000000,0.011322,0.009910,0.028224,0.097220,calls/second,milliseconds
1779784267,8,16.000000,3.835131,3.000000,0.420363,4.000000,4.000000,4.000000,4.000000,4.000000,4.000000,0.011306,0.009910,0.028224,0.097220,calls/second,milliseconds
1779784268,8,16.000000,3.835131,3.000000,0.420363,4.000000,4.000000,4.000000,4.000000,4.000000,4.000000,0.011290,0.009910,0.028224,0.097220,calls/second,milliseconds
1779784269,8,16.000000,3.835131,3.000000,0.420363,4.000000,4.000000,4.000000,4.000000,4.000000,4.000000,0.011274,0.009910,0.028224,0.097220,calls/second,milliseconds
1779784270,8,16.000000,3.835131,3.000000,0.420363,4.000000,4.000000,4.000000,4.000000,4.000000,4.000000,0.011258,0.009118,0.027757,0.096682,calls/second,milliseconds
1779784271,8,16.000000,3.835131,3.000000,0.420363,4.000000,4.000000,4.000000,4.000000,4.000000,4.000000,0.011242,0.009118,0.027757,0.096682,calls/second,milliseconds
1779784272,8,16.000000,3.835131,3.000000,0.420363,4.000000,4.000000,4.000000,4.000000,4.000000,4.000000,0.011226,0.009118,0.027757,0.096682,calls/second,milliseconds
1779784273,8,16.000000,3.835131,3.000000,0.420363,4.000000,4.000000,4.000000,4.000000,4.000000,4.000000,0.011211,0.009118,0.027757,0.096682,calls/second,milliseconds
1779784274,8,16.000000,3.835131,3.000000,0.420363,4.000000,4.000000,4.000000,4.000000,4.000000,4.000000,0.011195,0.009118,0.027757,0.096682,calls/second,milliseconds
1779784275,8,16.000000,3.835131,3.000000,0.420363,4.000000,4.000000,4.000000,4.000000,4.000000,4.000000,0.011179,0.008389,0.027298,0.096146,calls/second,milliseconds
1779784276,8,16.000000,3.835131,3.000000,0.420363,4.000000,4.000000,4.000000,4.000000,4.000000,4.000000,0.011164,0.008389,0.027298,0.096146,calls/second,milliseconds
1779784277,8,16.000000,3.835131,3.000000,0.420363,4.000000,4.000000,4.000000,4.000000,4.000000,4.000000,0.011148,0.008389,0.027298,0.096146,calls/second,milliseconds
1779784278,8,16.000000,3.835131,3.000000,0.420363,4.000000,4.000000,4.000000,4.000000,4.000000,4.000000,0.011133,0.008389,0.027298,0.096146,calls/second,milliseconds
1779784279,8,16.000000,3.835131,3.000000,0.420363,4.000000,4.000000,4.000000,4.000000,4.000000,4.000000,0.011117,0.008389,0.027298,0.096146,calls/second,milliseconds
1779784280,8,16.000000,3.835131,3.000000,0.420363,4.000000,4.000000,4.000000,4.000000,4.000000,4.000000,0.011102,0.007718,0.026847,0.095613,calls/second,milliseconds
1779784281,8,16.000000,3.835131,3.000000,0.420363,4.000000,4.000000,4.000000,4.000000,4.000000,4.000000,0.011086,0.007718,0.026847,0.095613,calls/second,milliseconds
1779784282,8,16.000000,3.835131,3.000000,0.420363,4.000000,4.000000,4.000000,4.000000,4.000000,4.000000,0.011071,0.007718,0.026847,0.095613,calls/second,milliseconds
1779784283,8,16.000000,3.835131,3.000000,0.420363,4.000000,4.000000,4.000000,4.000000,4.000000,4.000000,0.011055,0.007718,0.026847,0.095613,calls/second,milliseconds
1779784284,8,16.000000,3.835131,3.000000,0.420363,4.000000,4.000000,4.000000,4.000000,4.000000,4.000000,0.011040,0.007718,0.026847,0.095613,calls/second,milliseconds
1779784285,8,16.000000,3.835131,3.000000,0.420363,4.000000,4.000000,4.000000,4.000000,4.000000,4.000000,0.011025,0.007101,0.026403,0.095084,calls/second,milliseconds
1779784286,8,16.000000,3.835131,3.000000,0.420363,4.000000,4.000000,4.000000,4.000000,4.000000,4.000000,0.011010,0.007101,0.026403,0.095084,calls/second,milliseconds
1779784287,8,16.000000,3.835131,3.000000,0.420363,4.000000,4.000000,4.000000,4.000000,4.000000,4.000000,0.010995,0.007101,0.026403,0.095084,calls/second,milliseconds
1779784288,8,16.000000,3.835131,3.000000,0.420363,4.000000,4.000000,4.000000,4.000000,4.000000,4.000000,0.010980,0.007101,0.026403,0.095084,calls/second,milliseconds
1779784289,8,16.000000,3.835131,3.000000,0.420363,4.000000,4.000000,4.000000,4.000000,4.000000,4.000000,0.010964,0.007101,0.026403,0.095084,calls/second,milliseconds
1779784290,8,16.000000,3.835131,3.000000,0.420363,4.000000,4.000000,4.000000,4.000000,4.000000,4.000000,0.010949,0.006533,0.025967,0.094557,calls/second,milliseconds
1779784291,8,16.000000,3.835131,3.000000,0.420363,4.000000,4.000000,4.000000,4.000000,4.000000,4.000000,0.010934,0.006533,0.025967,0.094557,calls/second,milliseconds
1779784292,8,16.000000,3.835131,3.000000,0.420363,4.000000,4.000000,4.000000,4.000000,4.000000,4.000000,0.010919,0.006533,0.025967,0.094557,calls/second,milliseconds
1779784293,8,16.000000,3.835131,3.000000,0.420363,4.000000,4.000000,4.000000,4.000000,4.000000,4.000000,0.010905,0.006533,0.025967,0.094557,calls/second,milliseconds
1779784294,8,16.000000,3.835131,3.000000,0.420363,4.000000,4.000000,4.000000,4.000000,4.000000,4.000000,0.010890,0.006533,0.025967,0.094557,calls/second,milliseconds
1779784295,8,16.000000,3.835131,3.000000,0.420363,4.000000,4.000000,4.000000,4.000000,4.000000,4.000000,0.010875,0.006011,0.025538,0.094033,calls/second,milliseconds
1779784296,8,16.000000,3.835131,3.000000,0.420363,4.000000,4.000000,4.000000,4.000000,4.000000,4.000000,0.010860,0.006011,0.025538,0.094033,calls/second,milliseconds
1779784297,8,16.000000,3.835131,3.000000,0.420363,4.000000,4.000000,4.000000,4.000000,4.000000,4.000000,0.010845,0.006011,0.025538,0.094033,calls/second,milliseconds
1779784298,8,16.000000,3.835131,3.000000,0.420363,4.000000,4.000000,4.000000,4.000000,4.000000,4.000000,0.010831,0.006011,0.025538,0.094033,calls/second,milliseconds
1779784299,8,16.000000,3.835131,3.000000,0.420363,4.000000,4.000000,4.000000,4.000000,4.000000,4.000000,0.010816,0.006011,0.025538,0.094033,calls/second,milliseconds
1779784300,8,16.000000,3.835131,3.000000,0.420363,4.000000,4.000000,4.000000,4.000000,4.000000,4.000000,0.010801,0.005530,0.025116,0.093512,calls/second,milliseconds
1779784301,8,16.000000,3.835131,3.000000,0.420363,4.000000,4.000000,4.000000,4.000000,4.000000,4.000000,0.010787,0.005530,0.025116,0.093512,calls/second,milliseconds
1779784302,8,16.000000,3.835131,3.000000,0.420363,4.000000,4.000000,4.000000,4.000000,4.000000,4.000000,0.010772,0.005530,0.025116,0.093512,calls/second,milliseconds
1779784303,8,16.000000,3.835131,3.000000,0.420363,4.000000,4.000000,4.000000,4.000000,4.000000,4.000000,0.010758,0.005530,0.025116,0.093512,calls/second,milliseconds
1779784304,8,16.000000,3.835131,3.000000,0.420363,4.000000,4.000000,4.000000,4.000000,4.000000,4.000000,0.010743,0.005530,0.025116,0.093512,calls/second,milliseconds
1779784305,8,16.000000,3.835131,3.000000,0.420363,4.000000,4.000000,4.000000,4.000000,4.000000,4.000000,0.010729,0.005088,0.024701,0.092994,calls/second,milliseconds
1779784306,8,16.000000,3.835131,3.000000,0.420363,4.000000,4.000000,4.000000,4.000000,4.000000,4.000000,0.010714,0.005088,0.024701,0.092994,calls/second,milliseconds
1779784307,8,16.000000,3.835131,3.000000,0.420363,4.000000,4.000000,4.000000,4.000000,4.000000,4.000000,0.010700,0.005088,0.024701,0.092994,calls/second,milliseconds
1779784308,8,16.000000,3.835131,3.000000,0.420363,4.000000,4.000000,4.000000,4.000000,4.000000,4.000000,0.010686,0.005088,0.024701,0.092994,calls/second,milliseconds
1779784309,8,16.000000,3.835131,3.000000,0.420363,4.000000,4.000000,4.000000,4.000000,4.000000,4.000000,0.010672,0.005088,0.024701,0.092994,calls/second,milliseconds
1779784310,8,16.000000,3.835131,3.000000,0.420363,4.000000,4.000000,4.000000,4.000000,4.000000,4.000000,0.010657,0.004681,0.024292,0.092479,calls/second,milliseconds
1779784311,8,16.000000,3.835131,3.000000,0.420363,4.000000,4.000000,4.000000,4.000000,4.000000,4.000000,0.010643,0.004681,0.024292,0.092479,calls/second,milliseconds
1779784312,8,16.000000,3.835131,3.000000,0.420363,4.000000,4.000000,4.000000,4.000000,4.000000,4.000000,0.010629,0.004681,0.024292,0.092479,calls/second,milliseconds
1779784313,8,16.000000,3.835131,3.000000,0.420363,4.000000,4.000000,4.000000,4.000000,4.000000,4.000000,0.010615,0.004681,0.024292,0.092479,calls/second,milliseconds
1779784314,8,16.000000,3.835131,3.000000,0.420363,4.000000,4.000000,4.000000,4.000000,4.000000,4.000000,0.010601,0.004681,0.024292,0.092479,calls/second,milliseconds
1779784315,8,16.000000,3.835131,3.000000,0.420363,4.000000,4.000000,4.000000,4.000000,4.000000,4.000000,0.010587,0.004307,0.023891,0.091966,calls/second,milliseconds
1779784316,8,16.000000,3.835131,3.000000,0.420363,4.000000,4.000000,4.000000,4.000000,4.000000,4.000000,0.010573,0.004307,0.023891,0.091966,calls/second,milliseconds
1779784317,8,16.000000,3.835131,3.000000,0.420363,4.000000,4.000000,4.000000,4.000000,4.000000,4.000000,0.010559,0.004307,0.023891,0.091966,calls/second,milliseconds
1779784318,8,16.000000,3.835131,3.000000,0.420363,4.000000,4.000000,4.000000,4.000000,4.000000,4.000000,0.010545,0.004307,0.023891,0.091966,calls/second,milliseconds
1779784319,8,16.000000,3.835131,3.000000,0.420363,4.000000,4.000000,4.000000,4.000000,4.000000,4.000000,0.010531,0.004307,0.023891,0.091966,calls/second,milliseconds
1779784320,8,16.000000,3.835131,3.000000,0.420363,4.000000,4.000000,4.000000,4.000000,4.000000,4.000000,0.010517,0.003963,0.023496,0.091457,calls/second,milliseconds
1779784321,8,16.000000,3.835131,3.000000,0.420363,4.000000,4.000000,4.000000,4.000000,4.000000,4.000000,0.010503,0.003963,0.023496,0.091457,calls/second,milliseconds
1779784322,8,16.000000,3.835131,3.000000,0.420363,4.000000,4.000000,4.000000,4.000000,4.000000,4.000000,0.010489,0.003963,0.023496,0.091457,calls/second,milliseconds
1779784323,8,16.000000,3.835131,3.000000,0.420363,4.000000,4.000000,4.000000,4.000000,4.000000,4.000000,0.010476,0.003963,0.023496,0.091457,calls/second,milliseconds
1779784324,8,16.000000,3.835131,3.000000,0.420363,4.000000,4.000000,4.000000,4.000000,4.000000,4.000000,0.010462,0.003963,0.023496,0.091457,calls/second,milliseconds
1779784325,8,16.000000,3.835131,3.000000,0.420363,4.000000,4.000000,4.000000,4.000000,4.000000,4.000000,0.010448,0.003646,0.023107,0.090950,calls/second,milliseconds
1779784326,8,16.000000,3.835131,3.000000,0.420363,4.000000,4.000000,4.000000,4.000000,4.000000,4.000000,0.010435,0.003646,0.023107,0.090950,calls/second,milliseconds
1779784327,8,16.000000,3.835131,3.000000,0.420363,4.000000,4.000000,4.000000,4.000000,4.000000,4.000000,0.010421,0.003646,0.023107,0.090950,calls/second,milliseconds
1779784328,8,16.000000,3.835131,3.000000,0.420363,4.000000,4.000000,4.000000,4.000000,4.000000,4.000000,0.010407,0.003646,0.023107,0.090950,calls/second,milliseconds
1779784329,8,16.000000,3.835131,3.000000,0.420363,4.000000,4.000000,4.000000,4.000000,4.000000,4.000000,0.010394,0.003646,0.023107,0.090950,calls/second,milliseconds
1779784330,8,16.000000,3.835131,3.000000,0.420363,4.000000,4.000000,4.000000,4.000000,4.000000,4.000000,0.010380,0.003354,0.022726,0.090446,calls/second,milliseconds
1779784331,9,16.000000,3.167577,3.000000,0.383828,3.000000,3.000000,4.000000,4.000000,4.000000,4.000000,0.011663,0.003354,0.022726,0.090446,calls/second,milliseconds
1779784332,9,16.000000,3.167577,3.000000,0.383828,3.000000,3.000000,4.000000,4.000000,4.000000,4.000000,0.011648,0.003354,0.022726,0.090446,calls/second,milliseconds
1779784333,9,16.000000,3.167577,3.000000,0.383828,3.000000,3.000000,4.000000,4.000000,4.000000,4.000000,0.011633,0.003354,0.022726,0.090446,calls/second,milliseconds
1779784334,9,16.000000,3.167577,3.000000,0.383828,3.000000,3.000000,4.000000,4.000000,4.000000,4.000000,0.011617,0.003354,0.022726,0.090446,calls/second,milliseconds
1779784335,9,16.000000,3.167577,3.000000,0.383828,3.000000,3.000000,4.000000,4.000000,4.000000,4.000000,0.011602,0.019077,0.025656,0.091053,calls/second,milliseconds
1779784336,9,16.000000,3.167577,3.000000,0.383828,3.000000,3.000000,4.000000,4.000000,4.000000,4.000000,0.011588,0.019077,0.025656,0.091053,calls/second,milliseconds
1779784337,9,16.000000,3.167577,3.000000,0.383828,3.000000,3.000000,4.000000,4.000000,4.000000,4.000000,0.011573,0.019077,0.025656,0.091053,calls/second,milliseconds
1779784338,9,16.000000,3.167577,3.000000,0.383828,3.000000,3.000000,4.000000,4.000000,4.000000,4.000000,0.011558,0.019077,0.025656,0.091053,calls/second,milliseconds
1779784339,9,16.000000,3.167577,3.000000,0.383828,3.000000,3.000000,4.000000,4.000000,4.000000,4.000000,0.011543,0.019077,0.025656,0.091053,calls/second,milliseconds
1779784340,9,16.000000,3.167577,3.000000,0.383828,3.000000,3.000000,4.000000,4.000000,4.000000,4.000000,0.011528,0.017552,0.025232,0.090549,calls/second,milliseconds
1779784341,9,16.000000,3.167577,3.000000,0.383828,3.000000,3.000000,4.000000,4.000000,4.000000,4.000000,0.011513,0.017552,0.025232,0.090549,calls/second,milliseconds
1779784342,9,16.000000,3.167577,3.000000,0.383828,3.000000,3.000000,4.000000,4.000000,4.000000,4.000000,0.011499,0.017552,0.025232,0.090549,calls/second,milliseconds
1779784343,9,16.000000,3.167577,3.000000,0.383828,3.000000,3.000000,4.000000,4.000000,4.000000,4.000000,0.011484,0.017552,0.025232,0.090549,calls/second,milliseconds
1779784344,9,16.000000,3.167577,3.000000,0.383828,3.000000,3.000000,4.000000,4.000000,4.000000,4.000000,0.011469,0.017552,0.025232,0.090549,calls/second,milliseconds
1779784345,9,16.000000,3.167577,3.000000,0.383828,3.000000,3.000000,4.000000,4.000000,4.000000,4.000000,0.011455,0.016148,0.024815,0.090047,calls/second,milliseconds
1779784346,9,16.000000,3.167577,3.000000,0.383828,3.000000,3.000000,4.000000,4.000000,4.000000,4.000000,0.011440,0.016148,0.024815,0.090047,calls/second,milliseconds
1779784347,9,16.000000,3.167577,3.000000,0.383828,3.000000,3.000000,4.000000,4.000000,4.000000,4.000000,0.011425,0.016148,0.024815,0.090047,calls/second,milliseconds
1779784348,9,16.000000,3.167577,3.000000,0.383828,3.000000,3.000000,4.000000,4.000000,4.000000,4.000000,0.011411,0.016148,0.024815,0.090047,calls/second,milliseconds
1779784349,9,16.000000,3.167577,3.000000,0.383828,3.000000,3.000000,4.000000,4.000000,4.000000,4.000000,0.011396,0.016148,0.024815,0.090047,calls/second,milliseconds
1779784350,9,16.000000,3.167577,3.000000,0.383828,3.000000,3.000000,4.000000,4.000000,4.000000,4.000000,0.011382,0.014857,0.024404,0.089548,calls/second,milliseconds
1779784351,9,16.000000,3.167577,3.000000,0.383828,3.000000,3.000000,4.000000,4.000000,4.000000,4.000000,0.011368,0.014857,0.024404,0.089548,calls/second,milliseconds
1779784352,9,16.000000,3.167577,3.000000,0.383828,3.000000,3.000000,4.000000,4.000000,4.000000,4.000000,0.011353,0.014857,0.024404,0.089548,calls/second,milliseconds
1779784353,9,16.000000,3.167577,3.000000,0.383828,3.000000,3.000000,4.000000,4.000000,4.000000,4.000000,0.011339,0.014857,0.024404,0.089548,calls/second,milliseconds
1779784354,9,16.000000,3.167577,3.000000,0.383828,3.000000,3.000000,4.000000,4.000000,4.000000,4.000000,0.011325,0.014857,0.024404,0.089548,calls/second,milliseconds
1779784355,9,16.000000,3.167577,3.000000,0.383828,3.000000,3.000000,4.000000,4.000000,4.000000,4.000000,0.011310,0.013669,0.024001,0.089052,calls/second,milliseconds
1779784356,9,16.000000,3.167577,3.000000,0.383828,3.000000,3.000000,4.000000,4.000000,4.000000,4.000000,0.011296,0.013669,0.024001,0.089052,calls/second,milliseconds
1779784357,9,16.000000,3.167577,3.000000,0.383828,3.000000,3.000000,4.000000,4.000000,4.000000,4.000000,0.011282,0.013669,0.024001,0.089052,calls/second,milliseconds
1779784358,9,16.000000,3.167577,3.000000,0.383828,3.000000,3.000000,4.000000,4.000000,4.000000,4.000000,0.011268,0.013669,0.024001,0.089052,calls/second,milliseconds
1779784359,9,16.000000,3.167577,3.000000,0.383828,3.000000,3.000000,4.000000,4.000000,4.000000,4.000000,0.011254,0.013669,0.024001,0.089052,calls/second,milliseconds
1779784360,9,16.000000,3.167577,3.000000,0.383828,3.000000,3.000000,4.000000,4.000000,4.000000,4.000000,0.011240,0.012576,0.023604,0.088559,calls/second,milliseconds
1779784361,9,16.000000,3.167577,3.000000,0.383828,3.000000,3.000000,4.000000,4.000000,4.000000,4.000000,0.011226,0.012576,0.023604,0.088559,calls/second,milliseconds
1779784362,9,16.000000,3.167577,3.000000,0.383828,3.000000,3.000000,4.000000,4.000000,4.000000,4.000000,0.011212,0.012576,0.023604,0.088559,calls/second,milliseconds
1779784363,9,16.000000,3.167577,3.000000,0.383828,3.000000,3.000000,4.000000,4.000000,4.000000,4.000000,0.011198,0.012576,0.023604,0.088559,calls/second,milliseconds
1779784364,9,16.000000,3.167577,3.000000,0.383828,3.000000,3.000000,4.000000,4.000000,4.000000,4.000000,0.011184,0.012576,0.023604,0.088559,calls/second,milliseconds
1779784365,9,16.000000,3.167577,3.000000,0.383828,3.000000,3.000000,4.000000,4.000000,4.000000,4.000000,0.011170,0.011571,0.023214,0.088068,calls/second,milliseconds
1779784366,9,16.000000,3.167577,3.000000,0.383828,3.000000,3.000000,4.000000,4.000000,4.000000,4.000000,0.011156,0.011571,0.023214,0.088068,calls/second,milliseconds
1779784367,9,16.000000,3.167577,3.000000,0.383828,3.000000,3.000000,4.000000,4.000000,4.000000,4.000000,0.011142,0.011571,0.023214,0.088068,calls/second,milliseconds
1779784368,9,16.000000,3.167577,3.000000,0.383828,3.000000,3.000000,4.000000,4.000000,4.000000,4.000000,0.011128,0.011571,0.023214,0.088068,calls/second,milliseconds
1779784369,9,16.000000,3.167577,3.000000,0.383828,3.000000,3.000000,4.000000,4.000000,4.000000,4.000000,0.011115,0.011571,0.023214,0.088068,calls/second,milliseconds
1779784370,9,16.000000,3.167577,3.000000,0.383828,3.000000,3.000000,4.000000,4.000000,4.000000,4.000000,0.011101,0.010646,0.022830,0.087580,calls/second,milliseconds
1779784371,9,16.000000,3.167577,3.000000,0.383828,3.000000,3.000000,4.000000,4.000000,4.000000,4.000000,0.011087,0.010646,0.022830,0.087580,calls/second,milliseconds
1779784372,9,16.000000,3.167577,3.000000,0.383828,3.000000,3.000000,4.000000,4.000000,4.000000,4.000000,0.011073,0.010646,0.022830,0.087580,calls/second,milliseconds
1779784373,9,16.000000,3.167577,3.000000,0.383828,3.000000,3.000000,4.000000,4.000000,4.000000,4.000000,0.011060,0.010646,0.022830,0.087580,calls/second,milliseconds
1779784374,9,16.000000,3.167577,3.000000,0.383828,3.000000,3.000000,4.000000,4.000000,4.000000,4.000000,0.011046,0.010646,0.022830,0.087580,calls/second,milliseconds
1779784375,9,16.000000,3.167577,3.000000,0.383828,3.000000,3.000000,4.000000,4.000000,4.000000,4.000000,0.011033,0.009795,0.022453,0.087095,calls/second,milliseconds
1779784376,9,16.000000,3.167577,3.000000,0.383828,3.000000,3.000000,4.000000,4.000000,4.000000,4.000000,0.011019,0.009795,0.022453,0.087095,calls/second,milliseconds
1779784377,9,16.000000,3.167577,3.000000,0.383828,3.000000,3.000000,4.000000,4.000000,4.000000,4.000000,0.011006,0.009795,0.022453,0.087095,calls/second,milliseconds
1779784378,9,16.000000,3.167577,3.000000,0.383828,3.000000,3.000000,4.000000,4.000000,4.000000,4.000000,0.010992,0.009795,0.022453,0.087095,calls/second,milliseconds
1779784379,9,16.000000,3.167577,3.000000,0.383828,3.000000,3.000000,4.000000,4.000000,4.000000,4.000000,0.010979,0.009795,0.022453,0.087095,calls/second,milliseconds
1779784380,9,16.000000,3.167577,3.000000,0.383828,3.000000,3.000000,4.000000,4.000000,4.000000,4.000000,0.010965,0.009011,0.022082,0.086612,calls/second,milliseconds
1779784381,9,16.000000,3.167577,3.000000,0.383828,3.000000,3.000000,4.000000,4.000000,4.000000,4.000000,0.010952,0.009011,0.022082,0.086612,calls/second,milliseconds
1779784382,9,16.000000,3.167577,3.000000,0.383828,3.000000,3.000000,4.000000,4.000000,4.000000,4.000000,0.010939,0.009011,0.022082,0.086612,calls/second,milliseconds
1779784383,9,16.000000,3.167577,3.000000,0.383828,3.000000,3.000000,4.000000,4.000000,4.000000,4.000000,0.010925,0.009011,0.022082,0.086612,calls/second,milliseconds
1779784384,9,16.000000,3.167577,3.000000,0.383828,3.000000,3.000000,4.000000,4.000000,4.000000,4.000000,0.010912,0.009011,0.022082,0.086612,calls/second,milliseconds
1779784385,9,16.000000,3.167577,3.000000,0.383828,3.000000,3.000000,4.000000,4.000000,4.000000,4.000000,0.010899,0.008291,0.021717,0.086133,calls/second,milliseconds
1779784386,9,16.000000,3.167577,3.000000,0.383828,3.000000,3.000000,4.000000,4.000000,4.000000,4.000000,0.010886,0.008291,0.021717,0.086133,calls/second,milliseconds
1779784387,9,16.000000,3.167577,3.000000,0.383828,3.000000,3.000000,4.000000,4.000000,4.000000,4.000000,0.010873,0.008291,0.021717,0.086133,calls/second,milliseconds
1779784388,9,16.000000,3.167577,3.000000,0.383828,3.000000,3.000000,4.000000,4.000000,4.000000,4.000000,0.010859,0.008291,0.021717,0.086133,calls/second,milliseconds
1779784389,9,16.000000,3.167577,3.000000,0.383828,3.000000,3.000000,4.000000,4.000000,4.000000,4.000000,0.010846,0.008291,0.021717,0.086133,calls/second,milliseconds
1779784390,9,16.000000,3.167577,3.000000,0.383828,3.000000,3.000000,4.000000,4.000000,4.000000,4.000000,0.010833,0.007628,0.021358,0.085655,calls/second,milliseconds
1779784391,9,16.000000,3.167577,3.000000,0.383828,3.000000,3.000000,4.000000,4.000000,4.000000,4.000000,0.010820,0.007628,0.021358,0.085655,calls/second,milliseconds
1779784392,9,16.000000,3.167577,3.000000,0.383828,3.000000,3.000000,4.000000,4.000000,4.000000,4.000000,0.010807,0.007628,0.021358,0.085655,calls/second,milliseconds
1779784393,9,16.000000,3.167577,3.000000,0.383828,3.000000,3.000000,4.000000,4.000000,4.000000,4.000000,0.010794,0.007628,0.021358,0.085655,calls/second,milliseconds
1779784394,9,16.000000,3.167577,3.000000,0.383828,3.000000,3.000000,4.000000,4.000000,4.000000,4.000000,0.010781,0.007628,0.021358,0.085655,calls/second,milliseconds
1779784395,9,16.000000,3.167577,3.000000,0.383828,3.000000,3.000000,4.000000,4.000000,4.000000,4.000000,0.010768,0.007018,0.021005,0.085181,calls/second,milliseconds
1779784396,9,16.000000,3.167577,3.000000,0.383828,3.000000,3.000000,4.000000,4.000000,4.000000,4.000000,0.010755,0.007018,0.021005,0.085181,calls/second,milliseconds
1779784397,9,16.000000,3.167577,3.000000,0.383828,3.000000,3.000000,4.000000,4.000000,4.000000,4.000000,0.010743,0.007018,0.021005,0.085181,calls/second,milliseconds
1779784398,9,16.000000,3.167577,3.000000,0.383828,3.000000,3.000000,4.000000,4.000000,4.000000,4.000000,0.010730,0.007018,0.021005,0.085181,calls/second,milliseconds
1779784399,9,16.000000,3.167577,3.000000,0.383828,3.000000,3.000000,4.000000,4.000000,4.000000,4.000000,0.010717,0.007018,0.021005,0.085181,calls/second,milliseconds
1779784400,9,16.000000,3.167577,3.000000,0.383828,3.000000,3.000000,4.000000,4.000000,4.000000,4.000000,0.010704,0.006457,0.020658,0.084709,calls/second,milliseconds
1779784401,9,16.000000,3.167577,3.000000,0.383828,3.000000,3.000000,4.000000,4.000000,4.000000,4.000000,0.010691,0.006457,0.020658,0.084709,calls/second,milliseconds
1779784402,9,16.000000,3.167577,3.000000,0.383828,3.000000,3.000000,4.000000,4.000000,4.000000,4.000000,0.010679,0.006457,0.020658,0.084709,calls/second,milliseconds
1779784403,9,16.000000,3.167577,3.000000,0.383828,3.000000,3.000000,4.000000,4.000000,4.000000,4.000000,0.010666,0.006457,0.020658,0.084709,calls/second,milliseconds
1779784404,9,16.000000,3.167577,3.000000,0.383828,3.000000,3.000000,4.000000,4.000000,4.000000,4.000000,0.010653,0.006457,0.020658,0.084709,calls/second,milliseconds
1779784405,9,16.000000,3.167577,3.000000,0.383828,3.000000,3.000000,4.000000,4.000000,4.000000,4.000000,0.010641,0.005941,0.020316,0.084240,calls/second,milliseconds
1779784406,9,16.000000,3.167577,3.000000,0.383828,3.000000,3.000000,4.000000,4.000000,4.000000,4.000000,0.010628,0.005941,0.020316,0.084240,calls/second,milliseconds
1779784407,9,16.000000,3.167577,3.000000,0.383828,3.000000,3.000000,4.000000,4.000000,4.000000,4.000000,0.010616,0.005941,0.020316,0.084240,calls/second,milliseconds
1779784408,9,16.000000,3.167577,3.000000,0.383828,3.000000,3.000000,4.000000,4.000000,4.000000,4.000000,0.010603,0.005941,0.020316,0.084240,calls/second,milliseconds
1779784409,9,16.000000,3.167577,3.000000,0.383828,3.000000,3.000000,4.000000,4.000000,4.000000,4.000000,0.010591,0.005941,0.020316,0.084240,calls/second,milliseconds
1779784410,9,16.000000,3.167577,3.000000,0.383828,3.000000,3.000000,4.000000,4.000000,4.000000,4.000000,0.010578,0.005466,0.019981,0.083773,calls/second,milliseconds
1779784411,9,16.000000,3.167577,3.000000,0.383828,3.000000,3.000000,4.000000,4.000000,4.000000,4.000000,0.010566,0.005466,0.019981,0.083773,calls/second,milliseconds
1779784412,9,16.000000,3.167577,3.000000,0.383828,3.000000,3.000000,4.000000,4.000000,4.000000,4.000000,0.010553,0.005466,0.019981,0.083773,calls/second,milliseconds
1779784413,9,16.000000,3.167577,3.000000,0.383828,3.000000,3.000000,4.000000,4.000000,4.000000,4.000000,0.010541,0.005466,0.019981,0.083773,calls/second,milliseconds
1779784414,9,16.000000,3.167577,3.000000,0.383828,3.000000,3.000000,4.000000,4.000000,4.000000,4.000000,0.010529,0.005466,0.019981,0.083773,calls/second,milliseconds
1779784415,9,16.000000,3.167577,3.000000,0.383828,3.000000,3.000000,4.000000,4.000000,4.000000,4.000000,0.010516,0.005029,0.019650,0.083309,calls/second,milliseconds
1779784416,9,16.000000,3.167577,3.000000,0.383828,3.000000,3.000000,4.000000,4.000000,4.000000,4.000000,0.010504,0.005029,0.019650,0.083309,calls/second,milliseconds
1779784417,9,16.000000,3.167577,3.000000,0.383828,3.000000,3.000000,4.000000,4.000000,4.000000,4.000000,0.010492,0.005029,0.019650,0.083309,calls/second,milliseconds
1779784418,9,16.000000,3.167577,3.000000,0.383828,3.000000,3.000000,4.000000,4.000000,4.000000,4.000000,0.010480,0.005029,0.019650,0.083309,calls/second,milliseconds
1779784419,9,16.000000,3.167577,3.000000,0.383828,3.000000,3.000000,4.000000,4.000000,4.000000,4.000000,0.010467,0.005029,0.019650,0.083309,calls/second,milliseconds
1779784420,9,16.000000,3.167577,3.000000,0.383828,3.000000,3.000000,4.000000,4.000000,4.000000,4.000000,0.010455,0.004627,0.019326,0.082847,calls/second,milliseconds
1779784421,9,16.000000,3.167577,3.000000,0.383828,3.000000,3.000000,4.000000,4.000000,4.000000,4.000000,0.010443,0.004627,0.019326,0.082847,calls/second,milliseconds
1779784422,9,16.000000,3.167577,3.000000,0.383828,3.000000,3.000000,4.000000,4.000000,4.000000,4.000000,0.010431,0.004627,0.019326,0.082847,calls/second,milliseconds
1779784423,9,16.000000,3.167577,3.000000,0.383828,3.000000,3.000000,4.000000,4.000000,4.000000,4.000000,0.010419,0.004627,0.019326,0.082847,calls/second,milliseconds
1779784424,9,16.000000,3.167577,3.000000,0.383828,3.000000,3.000000,4.000000,4.000000,4.000000,4.000000,0.010407,0.004627,0.019326,0.082847,calls/second,milliseconds
1779784425,9,16.000000,3.167577,3.000000,0.383828,3.000000,3.000000,4.000000,4.000000,4.000000,4.000000,0.010395,0.004257,0.019006,0.082388,calls/second,milliseconds
1779784426,9,16.000000,3.167577,3.000000,0.383828,3.000000,3.000000,4.000000,4.000000,4.000000,4.000000,0.010383,0.004257,0.019006,0.082388,calls/second,milliseconds
1779784427,9,16.000000,3.167577,3.000000,0.383828,3.000000,3.000000,4.000000,4.000000,4.000000,4.000000,0.010371,0.004257,0.019006,0.082388,calls/second,milliseconds
1779784428,9,16.000000,3.167577,3.000000,0.383828,3.000000,3.000000,4.000000,4.000000,4.000000,4.000000,0.010359,0.004257,0.019006,0.082388,calls/second,milliseconds
1779784429,9,16.000000,3.167577,3.000000,0.383828,3.000000,3.000000,4.000000,4.000000,4.000000,4.000000,0.010347,0.004257,0.019006,0.082388,calls/second,milliseconds
1779784430,9,16.000000,3.167577,3.000000,0.383828,3.000000,3.000000,4.000000,4.000000,4.000000,4.000000,0.010335,0.003916,0.018692,0.081932,calls/second,milliseconds
1779784431,9,16.000000,3.167577,3.000000,0.383828,3.000000,3.000000,4.000000,4.000000,4.000000,4.000000,0.010323,0.003916,0.018692,0.081932,calls/second,milliseconds
1779784432,9,16.000000,3.167577,3.000000,0.383828,3.000000,3.000000,4.000000,4.000000,4.000000,4.000000,0.010311,0.003916,0.018692,0.081932,calls/second,milliseconds
1779784433,9,16.000000,3.167577,3.000000,0.383828,3.000000,3.000000,4.000000,4.000000,4.000000,4.000000,0.010299,0.003916,0.018692,0.081932,calls/second,milliseconds
1779784434,9,16.000000,3.167577,3.000000,0.383828,3.000000,3.000000,4.000000,4.000000,4.000000,4.000000,0.010288,0.003916,0.018692,0.081932,calls/second,milliseconds
1779784435,9,16.000000,3.167577,3.000000,0.383828,3.000000,3.000000,4.000000,4.000000,4.000000,4.000000,0.010276,0.003603,0.018383,0.081478,calls/second,milliseconds
1779784436,9,16.000000,3.167577,3.000000,0.383828,3.000000,3.000000,4.000000,4.000000,4.000000,4.000000,0.010264,0.003603,0.018383,0.081478,calls/second,milliseconds
1779784437,10,16.000000,3.034062,3.000000,0.185723,3.000000,3.000000,3.000000,4.000000,4.000000,4.000000,0.011392,0.003603,0.018383,0.081478,calls/second,milliseconds
1779784438,10,16.000000,3.034062,3.000000,0.185723,3.000000,3.000000,3.000000,4.000000,4.000000,4.000000,0.011379,0.003603,0.018383,0.081478,calls/second,milliseconds
1779784439,10,16.000000,3.034062,3.000000,0.185723,3.000000,3.000000,3.000000,4.000000,4.000000,4.000000,0.011366,0.003603,0.018383,0.081478,calls/second,milliseconds
1779784440,10,16.000000,3.034062,3.000000,0.185723,3.000000,3.000000,3.000000,4.000000,4.000000,4.000000,0.011353,0.019306,0.021385,0.082135,calls/second,milliseconds
1779784441,10,16.000000,3.034062,3.000000,0.185723,3.000000,3.000000,3.000000,4.000000,4.000000,4.000000,0.011340,0.019306,0.021385,0.082135,calls/second,milliseconds
1779784442,10,16.000000,3.034062,3.000000,0.185723,3.000000,3.000000,3.000000,4.000000,4.000000,4.000000,0.011327,0.019306,0.021385,0.082135,calls/second,milliseconds
1779784443,10,16.000000,3.034062,3.000000,0.185723,3.000000,3.000000,3.000000,4.000000,4.000000,4.000000,0.011314,0.019306,0.021385,0.082135,calls/second,milliseconds
1779784444,10,16.000000,3.034062,3.000000,0.185723,3.000000,3.000000,3.000000,4.000000,4.000000,4.000000,0.011301,0.019306,0.021385,0.082135,calls/second,milliseconds
1779784445,10,16.000000,3.034062,3.000000,0.185723,3.000000,3.000000,3.000000,4.000000,4.000000,4.000000,0.011289,0.017763,0.021031,0.081680,calls/second,milliseconds
1779784446,10,16.000000,3.034062,3.000000,0.185723,3.000000,3.000000,3.000000,4.000000,4.000000,4.000000,0.011276,0.017763,0.021031,0.081680,calls/second,milliseconds
1779784447,10,16.000000,3.034062,3.000000,0.185723,3.000000,3.000000,3.000000,4.000000,4.000000,4.000000,0.011263,0.017763,0.021031,0.081680,calls/second,milliseconds
1779784448,10,16.000000,3.034062,3.000000,0.185723,3.000000,3.000000,3.000000,4.000000,4.000000,4.000000,0.011250,0.017763,0.021031,0.081680,calls/second,milliseconds
1779784449,10,16.000000,3.034062,3.000000,0.185723,3.000000,3.000000,3.000000,4.000000,4.000000,4.000000,0.011238,0.017763,0.021031,0.081680,calls/second,milliseconds
1779784450,10,16.000000,3.034062,3.000000,0.185723,3.000000,3.000000,3.000000,4.000000,4.000000,4.000000,0.011225,0.016342,0.020684,0.081227,calls/second,milliseconds
1779784451,10,16.000000,3.034062,3.000000,0.185723,3.000000,3.000000,3.000000,4.000000,4.000000,4.000000,0.011212,0.016342,0.020684,0.081227,calls/second,milliseconds
1779784452,10,16.000000,3.034062,3.000000,0.185723,3.000000,3.000000,3.000000,4.000000,4.000000,4.000000,0.011200,0.016342,0.020684,0.081227,calls/second,milliseconds
1779784453,10,16.000000,3.034062,3.000000,0.185723,3.000000,3.000000,3.000000,4.000000,4.000000,4.000000,0.011187,0.016342,0.020684,0.081227,calls/second,milliseconds
1779784454,10,16.000000,3.034062,3.000000,0.185723,3.000000,3.000000,3.000000,4.000000,4.000000,4.000000,0.011175,0.016342,0.020684,0.081227,calls/second,milliseconds
1779784455,10,16.000000,3.034062,3.000000,0.185723,3.000000,3.000000,3.000000,4.000000,4.000000,4.000000,0.011162,0.015036,0.020342,0.080777,calls/second,milliseconds
1779784456,10,16.000000,3.034062,3.000000,0.185723,3.000000,3.000000,3.000000,4.000000,4.000000,4.000000,0.011150,0.015036,0.020342,0.080777,calls/second,milliseconds
1779784457,10,16.000000,3.034062,3.000000,0.185723,3.000000,3.000000,3.000000,4.000000,4.000000,4.000000,0.011137,0.015036,0.020342,0.080777,calls/second,milliseconds
1779784458,10,16.000000,3.034062,3.000000,0.185723,3.000000,3.000000,3.000000,4.000000,4.000000,4.000000,0.011125,0.015036,0.020342,0.080777,calls/second,milliseconds
1779784459,10,16.000000,3.034062,3.000000,0.185723,3.000000,3.000000,3.000000,4.000000,4.000000,4.000000,0.011113,0.015036,0.020342,0.080777,calls/second,milliseconds
1779784460,10,16.000000,3.034062,3.000000,0.185723,3.000000,3.000000,3.000000,4.000000,4.000000,4.000000,0.011100,0.013834,0.020006,0.080330,calls/second,milliseconds
1779784461,10,16.000000,3.034062,3.000000,0.185723,3.000000,3.000000,3.000000,4.000000,4.000000,4.000000,0.011088,0.013834,0.020006,0.080330,calls/second,milliseconds
1779784462,10,16.000000,3.034062,3.000000,0.185723,3.000000,3.000000,3.000000,4.000000,4.000000,4.000000,0.011076,0.013834,0.020006,0.080330,calls/second,milliseconds
1779784463,10,16.000000,3.034062,3.000000,0.185723,3.000000,3.000000,3.000000,4.000000,4.000000,4.000000,0.011063,0.013834,0.020006,0.080330,calls/second,milliseconds
1779784464,10,16.000000,3.034062,3.000000,0.185723,3.000000,3.000000,3.000000,4.000000,4.000000,4.000000,0.011051,0.013834,0.020006,0.080330,calls/second,milliseconds
1779784465,10,16.000000,3.034062,3.000000,0.185723,3.000000,3.000000,3.000000,4.000000,4.000000,4.000000,0.011039,0.012727,0.019675,0.079884,calls/second,milliseconds
1779784466,10,16.000000,3.034062,3.000000,0.185723,3.000000,3.000000,3.000000,4.000000,4.000000,4.000000,0.011027,0.012727,0.019675,0.079884,calls/second,milliseconds
1779784467,10,16.000000,3.034062,3.000000,0.185723,3.000000,3.000000,3.000000,4.000000,4.000000,4.000000,0.011015,0.012727,0.019675,0.079884,calls/second,milliseconds
1779784468,10,16.000000,3.034062,3.000000,0.185723,3.000000,3.000000,3.000000,4.000000,4.000000,4.000000,0.011002,0.012727,0.019675,0.079884,calls/second,milliseconds
1779784469,10,16.000000,3.034062,3.000000,0.185723,3.000000,3.000000,3.000000,4.000000,4.000000,4.000000,0.010990,0.012727,0.019675,0.079884,calls/second,milliseconds
1779784470,10,16.000000,3.034062,3.000000,0.185723,3.000000,3.000000,3.000000,4.000000,4.000000,4.000000,0.010978,0.011710,0.019350,0.079442,calls/second,milliseconds
1779784471,10,16.000000,3.034062,3.000000,0.185723,3.000000,3.000000,3.000000,4.000000,4.000000,4.000000,0.010966,0.011710,0.019350,0.079442,calls/second,milliseconds
1779784472,10,16.000000,3.034062,3.000000,0.185723,3.000000,3.000000,3.000000,4.000000,4.000000,4.000000,0.010954,0.011710,0.019350,0.079442,calls/second,milliseconds
1779784473,10,16.000000,3.034062,3.000000,0.185723,3.000000,3.000000,3.000000,4.000000,4.000000,4.000000,0.010942,0.011710,0.019350,0.079442,calls/second,milliseconds
1779784474,10,16.000000,3.034062,3.000000,0.185723,3.000000,3.000000,3.000000,4.000000,4.000000,4.000000,0.010930,0.011710,0.019350,0.079442,calls/second,milliseconds
1779784475,10,16.000000,3.034062,3.000000,0.185723,3.000000,3.000000,3.000000,4.000000,4.000000,4.000000,0.010918,0.010774,0.019030,0.079002,calls/second,milliseconds
1779784476,10,16.000000,3.034062,3.000000,0.185723,3.000000,3.000000,3.000000,4.000000,4.000000,4.000000,0.010906,0.010774,0.019030,0.079002,calls/second,milliseconds
1779784477,10,16.000000,3.034062,3.000000,0.185723,3.000000,3.000000,3.000000,4.000000,4.000000,4.000000,0.010894,0.010774,0.019030,0.079002,calls/second,milliseconds
1779784478,10,16.000000,3.034062,3.000000,0.185723,3.000000,3.000000,3.000000,4.000000,4.000000,4.000000,0.010883,0.010774,0.019030,0.079002,calls/second,milliseconds
1779784479,10,16.000000,3.034062,3.000000,0.185723,3.000000,3.000000,3.000000,4.000000,4.000000,4.000000,0.010871,0.010774,0.019030,0.079002,calls/second,milliseconds
1779784480,10,16.000000,3.034062,3.000000,0.185723,3.000000,3.000000,3.000000,4.000000,4.000000,4.000000,0.010859,0.009912,0.018716,0.078564,calls/second,milliseconds
1779784481,10,16.000000,3.034062,3.000000,0.185723,3.000000,3.000000,3.000000,4.000000,4.000000,4.000000,0.010847,0.009912,0.018716,0.078564,calls/second,milliseconds
1779784482,10,16.000000,3.034062,3.000000,0.185723,3.000000,3.000000,3.000000,4.000000,4.000000,4.000000,0.010835,0.009912,0.018716,0.078564,calls/second,milliseconds
1779784483,10,16.000000,3.034062,3.000000,0.185723,3.000000,3.000000,3.000000,4.000000,4.000000,4.000000,0.010824,0.009912,0.018716,0.078564,calls/second,milliseconds
1779784484,10,16.000000,3.034062,3.000000,0.185723,3.000000,3.000000,3.000000,4.000000,4.000000,4.000000,0.010812,0.009912,0.018716,0.078564,calls/second,milliseconds
1779784485,10,16.000000,3.034062,3.000000,0.185723,3.000000,3.000000,3.000000,4.000000,4.000000,4.000000,0.010800,0.009120,0.018406,0.078129,calls/second,milliseconds
1779784486,10,16.000000,3.034062,3.000000,0.185723,3.000000,3.000000,3.000000,4.000000,4.000000,4.000000,0.010788,0.009120,0.018406,0.078129,calls/second,milliseconds
1779784487,10,16.000000,3.034062,3.000000,0.185723,3.000000,3.000000,3.000000,4.000000,4.000000,4.000000,0.010777,0.009120,0.018406,0.078129,calls/second,milliseconds
1779784488,10,16.000000,3.034062,3.000000,0.185723,3.000000,3.000000,3.000000,4.000000,4.000000,4.000000,0.010765,0.009120,0.018406,0.078129,calls/second,milliseconds
1779784489,10,16.000000,3.034062,3.000000,0.185723,3.000000,3.000000,3.000000,4.000000,4.000000,4.000000,0.010754,0.009120,0.018406,0.078129,calls/second,milliseconds
