t,count,max,mean,min,stddev,p50,p75,p95,p98,p99,p999,mean_rate,m1_rate,m5_rate,m15_rate,rate_unit,duration_unit
1779197061,1,5.000000,5.000000,5.000000,0.000000,5.000000,5.000000,5.000000,5.000000,5.000000,5.000000,1.994741,0.000000,0.000000,0.000000,calls/second,milliseconds
1779197062,2,5.000000,4.496250,4.000000,0.499986,4.000000,5.000000,5.000000,5.000000,5.000000,5.000000,1.327113,0.000000,0.000000,0.000000,calls/second,milliseconds
1779197063,2,5.000000,4.496250,4.000000,0.499986,4.000000,5.000000,5.000000,5.000000,5.000000,5.000000,0.796112,0.000000,0.000000,0.000000,calls/second,milliseconds
1779197064,2,5.000000,4.496250,4.000000,0.499986,4.000000,5.000000,5.000000,5.000000,5.000000,5.000000,0.568707,0.000000,0.000000,0.000000,calls/second,milliseconds
1779197065,2,5.000000,4.496250,4.000000,0.499986,4.000000,5.000000,5.000000,5.000000,5.000000,5.000000,0.442164,0.000000,0.000000,0.000000,calls/second,milliseconds
1779197066,2,5.000000,4.496250,4.000000,0.499986,4.000000,5.000000,5.000000,5.000000,5.000000,5.000000,0.361818,0.400000,0.400000,0.400000,calls/second,milliseconds
1779197067,2,5.000000,4.496250,4.000000,0.499986,4.000000,5.000000,5.000000,5.000000,5.000000,5.000000,0.306210,0.400000,0.400000,0.400000,calls/second,milliseconds
1779197068,2,5.000000,4.496250,4.000000,0.499986,4.000000,5.000000,5.000000,5.000000,5.000000,5.000000,0.265403,0.400000,0.400000,0.400000,calls/second,milliseconds
1779197069,2,5.000000,4.496250,4.000000,0.499986,4.000000,5.000000,5.000000,5.000000,5.000000,5.000000,0.234210,0.400000,0.400000,0.400000,calls/second,milliseconds
1779197070,2,5.000000,4.496250,4.000000,0.499986,4.000000,5.000000,5.000000,5.000000,5.000000,5.000000,0.209589,0.400000,0.400000,0.400000,calls/second,milliseconds
1779197071,2,5.000000,4.496250,4.000000,0.499986,4.000000,5.000000,5.000000,5.000000,5.000000,5.000000,0.189646,0.368018,0.393389,0.397784,calls/second,milliseconds
1779197072,2,5.000000,4.496250,4.000000,0.499986,4.000000,5.000000,5.000000,5.000000,5.000000,5.000000,0.173176,0.368018,0.393389,0.397784,calls/second,milliseconds
1779197073,2,5.000000,4.496250,4.000000,0.499986,4.000000,5.000000,5.000000,5.000000,5.000000,5.000000,0.159336,0.368018,0.393389,0.397784,calls/second,milliseconds
1779197074,2,5.000000,4.496250,4.000000,0.499986,4.000000,5.000000,5.000000,5.000000,5.000000,5.000000,0.147552,0.368018,0.393389,0.397784,calls/second,milliseconds
1779197075,2,5.000000,4.496250,4.000000,0.499986,4.000000,5.000000,5.000000,5.000000,5.000000,5.000000,0.137392,0.368018,0.393389,0.397784,calls/second,milliseconds
1779197076,2,5.000000,4.496250,4.000000,0.499986,4.000000,5.000000,5.000000,5.000000,5.000000,5.000000,0.128540,0.338593,0.386886,0.395580,calls/second,milliseconds
1779197077,2,5.000000,4.496250,4.000000,0.499986,4.000000,5.000000,5.000000,5.000000,5.000000,5.000000,0.120759,0.338593,0.386886,0.395580,calls/second,milliseconds
1779197078,2,5.000000,4.496250,4.000000,0.499986,4.000000,5.000000,5.000000,5.000000,5.000000,5.000000,0.113865,0.338593,0.386886,0.395580,calls/second,milliseconds
1779197079,2,5.000000,4.496250,4.000000,0.499986,4.000000,5.000000,5.000000,5.000000,5.000000,5.000000,0.107717,0.338593,0.386886,0.395580,calls/second,milliseconds
1779197080,2,5.000000,4.496250,4.000000,0.499986,4.000000,5.000000,5.000000,5.000000,5.000000,5.000000,0.102198,0.338593,0.386886,0.395580,calls/second,milliseconds
1779197081,2,5.000000,4.496250,4.000000,0.499986,4.000000,5.000000,5.000000,5.000000,5.000000,5.000000,0.097213,0.311520,0.380492,0.393389,calls/second,milliseconds
1779197082,2,5.000000,4.496250,4.000000,0.499986,4.000000,5.000000,5.000000,5.000000,5.000000,5.000000,0.092694,0.311520,0.380492,0.393389,calls/second,milliseconds
1779197083,2,5.000000,4.496250,4.000000,0.499986,4.000000,5.000000,5.000000,5.000000,5.000000,5.000000,0.088579,0.311520,0.380492,0.393389,calls/second,milliseconds
1779197084,2,5.000000,4.496250,4.000000,0.499986,4.000000,5.000000,5.000000,5.000000,5.000000,5.000000,0.084811,0.311520,0.380492,0.393389,calls/second,milliseconds
1779197085,2,5.000000,4.496250,4.000000,0.499986,4.000000,5.000000,5.000000,5.000000,5.000000,5.000000,0.081351,0.311520,0.380492,0.393389,calls/second,milliseconds
1779197086,2,5.000000,4.496250,4.000000,0.499986,4.000000,5.000000,5.000000,5.000000,5.000000,5.000000,0.078163,0.286613,0.374203,0.391209,calls/second,milliseconds
1779197087,2,5.000000,4.496250,4.000000,0.499986,4.000000,5.000000,5.000000,5.000000,5.000000,5.000000,0.075216,0.286613,0.374203,0.391209,calls/second,milliseconds
1779197088,2,5.000000,4.496250,4.000000,0.499986,4.000000,5.000000,5.000000,5.000000,5.000000,5.000000,0.072483,0.286613,0.374203,0.391209,calls/second,milliseconds
1779197089,2,5.000000,4.496250,4.000000,0.499986,4.000000,5.000000,5.000000,5.000000,5.000000,5.000000,0.069942,0.286613,0.374203,0.391209,calls/second,milliseconds
1779197091,2,5.000000,4.496250,4.000000,0.499986,4.000000,5.000000,5.000000,5.000000,5.000000,5.000000,0.067573,0.286613,0.374203,0.391209,calls/second,milliseconds
1779197092,2,5.000000,4.496250,4.000000,0.499986,4.000000,5.000000,5.000000,5.000000,5.000000,5.000000,0.065360,0.263696,0.368018,0.389042,calls/second,milliseconds
1779197093,2,5.000000,4.496250,4.000000,0.499986,4.000000,5.000000,5.000000,5.000000,5.000000,5.000000,0.063287,0.263696,0.368018,0.389042,calls/second,milliseconds
1779197094,2,5.000000,4.496250,4.000000,0.499986,4.000000,5.000000,5.000000,5.000000,5.000000,5.000000,0.061341,0.263696,0.368018,0.389042,calls/second,milliseconds
1779197095,2,5.000000,4.496250,4.000000,0.499986,4.000000,5.000000,5.000000,5.000000,5.000000,5.000000,0.059512,0.263696,0.368018,0.389042,calls/second,milliseconds
1779197096,2,5.000000,4.496250,4.000000,0.499986,4.000000,5.000000,5.000000,5.000000,5.000000,5.000000,0.057788,0.263696,0.368018,0.389042,calls/second,milliseconds
1779197097,2,5.000000,4.496250,4.000000,0.499986,4.000000,5.000000,5.000000,5.000000,5.000000,5.000000,0.056162,0.242612,0.361935,0.386886,calls/second,milliseconds
1779197098,2,5.000000,4.496250,4.000000,0.499986,4.000000,5.000000,5.000000,5.000000,5.000000,5.000000,0.054624,0.242612,0.361935,0.386886,calls/second,milliseconds
1779197099,2,5.000000,4.496250,4.000000,0.499986,4.000000,5.000000,5.000000,5.000000,5.000000,5.000000,0.053169,0.242612,0.361935,0.386886,calls/second,milliseconds
1779197100,2,5.000000,4.496250,4.000000,0.499986,4.000000,5.000000,5.000000,5.000000,5.000000,5.000000,0.051788,0.242612,0.361935,0.386886,calls/second,milliseconds
1779197101,2,5.000000,4.496250,4.000000,0.499986,4.000000,5.000000,5.000000,5.000000,5.000000,5.000000,0.050478,0.242612,0.361935,0.386886,calls/second,milliseconds
1779197102,2,5.000000,4.496250,4.000000,0.499986,4.000000,5.000000,5.000000,5.000000,5.000000,5.000000,0.049232,0.223214,0.355953,0.384743,calls/second,milliseconds
1779197103,2,5.000000,4.496250,4.000000,0.499986,4.000000,5.000000,5.000000,5.000000,5.000000,5.000000,0.048046,0.223214,0.355953,0.384743,calls/second,milliseconds
1779197104,2,5.000000,4.496250,4.000000,0.499986,4.000000,5.000000,5.000000,5.000000,5.000000,5.000000,0.046917,0.223214,0.355953,0.384743,calls/second,milliseconds
1779197105,2,5.000000,4.496250,4.000000,0.499986,4.000000,5.000000,5.000000,5.000000,5.000000,5.000000,0.045839,0.223214,0.355953,0.384743,calls/second,milliseconds
1779197106,2,5.000000,4.496250,4.000000,0.499986,4.000000,5.000000,5.000000,5.000000,5.000000,5.000000,0.044810,0.223214,0.355953,0.384743,calls/second,milliseconds
1779197107,2,5.000000,4.496250,4.000000,0.499986,4.000000,5.000000,5.000000,5.000000,5.000000,5.000000,0.043826,0.205367,0.350069,0.382611,calls/second,milliseconds
1779197108,2,5.000000,4.496250,4.000000,0.499986,4.000000,5.000000,5.000000,5.000000,5.000000,5.000000,0.042885,0.205367,0.350069,0.382611,calls/second,milliseconds
1779197109,2,5.000000,4.496250,4.000000,0.499986,4.000000,5.000000,5.000000,5.000000,5.000000,5.000000,0.041982,0.205367,0.350069,0.382611,calls/second,milliseconds
1779197110,2,5.000000,4.496250,4.000000,0.499986,4.000000,5.000000,5.000000,5.000000,5.000000,5.000000,0.041118,0.205367,0.350069,0.382611,calls/second,milliseconds
1779197111,2,5.000000,4.496250,4.000000,0.499986,4.000000,5.000000,5.000000,5.000000,5.000000,5.000000,0.040274,0.205367,0.350069,0.382611,calls/second,milliseconds
1779197112,2,5.000000,4.496250,4.000000,0.499986,4.000000,5.000000,5.000000,5.000000,5.000000,5.000000,0.039477,0.188947,0.344283,0.380492,calls/second,milliseconds
1779197113,2,5.000000,4.496250,4.000000,0.499986,4.000000,5.000000,5.000000,5.000000,5.000000,5.000000,0.038712,0.188947,0.344283,0.380492,calls/second,milliseconds
1779197114,2,5.000000,4.496250,4.000000,0.499986,4.000000,5.000000,5.000000,5.000000,5.000000,5.000000,0.037975,0.188947,0.344283,0.380492,calls/second,milliseconds
1779197115,2,5.000000,4.496250,4.000000,0.499986,4.000000,5.000000,5.000000,5.000000,5.000000,5.000000,0.037266,0.188947,0.344283,0.380492,calls/second,milliseconds
1779197116,2,5.000000,4.496250,4.000000,0.499986,4.000000,5.000000,5.000000,5.000000,5.000000,5.000000,0.036583,0.188947,0.344283,0.380492,calls/second,milliseconds
1779197117,2,5.000000,4.496250,4.000000,0.499986,4.000000,5.000000,5.000000,5.000000,5.000000,5.000000,0.035925,0.173839,0.338593,0.378384,calls/second,milliseconds
1779197118,2,5.000000,4.496250,4.000000,0.499986,4.000000,5.000000,5.000000,5.000000,5.000000,5.000000,0.035290,0.173839,0.338593,0.378384,calls/second,milliseconds
1779197119,2,5.000000,4.496250,4.000000,0.499986,4.000000,5.000000,5.000000,5.000000,5.000000,5.000000,0.034677,0.173839,0.338593,0.378384,calls/second,milliseconds
1779197120,2,5.000000,4.496250,4.000000,0.499986,4.000000,5.000000,5.000000,5.000000,5.000000,5.000000,0.034085,0.173839,0.338593,0.378384,calls/second,milliseconds
1779197121,2,5.000000,4.496250,4.000000,0.499986,4.000000,5.000000,5.000000,5.000000,5.000000,5.000000,0.033512,0.173839,0.338593,0.378384,calls/second,milliseconds
1779197122,2,5.000000,4.496250,4.000000,0.499986,4.000000,5.000000,5.000000,5.000000,5.000000,5.000000,0.032959,0.159940,0.332996,0.376287,calls/second,milliseconds
1779197123,2,5.000000,4.496250,4.000000,0.499986,4.000000,5.000000,5.000000,5.000000,5.000000,5.000000,0.032424,0.159940,0.332996,0.376287,calls/second,milliseconds
1779197124,2,5.000000,4.496250,4.000000,0.499986,4.000000,5.000000,5.000000,5.000000,5.000000,5.000000,0.031905,0.159940,0.332996,0.376287,calls/second,milliseconds
1779197125,2,5.000000,4.496250,4.000000,0.499986,4.000000,5.000000,5.000000,5.000000,5.000000,5.000000,0.031403,0.159940,0.332996,0.376287,calls/second,milliseconds
1779197126,2,5.000000,4.496250,4.000000,0.499986,4.000000,5.000000,5.000000,5.000000,5.000000,5.000000,0.030917,0.159940,0.332996,0.376287,calls/second,milliseconds
1779197127,2,5.000000,4.496250,4.000000,0.499986,4.000000,5.000000,5.000000,5.000000,5.000000,5.000000,0.030446,0.147152,0.327492,0.374203,calls/second,milliseconds
1779197128,2,5.000000,4.496250,4.000000,0.499986,4.000000,5.000000,5.000000,5.000000,5.000000,5.000000,0.029988,0.147152,0.327492,0.374203,calls/second,milliseconds
1779197129,2,5.000000,4.496250,4.000000,0.499986,4.000000,5.000000,5.000000,5.000000,5.000000,5.000000,0.029544,0.147152,0.327492,0.374203,calls/second,milliseconds
1779197130,2,5.000000,4.496250,4.000000,0.499986,4.000000,5.000000,5.000000,5.000000,5.000000,5.000000,0.029114,0.147152,0.327492,0.374203,calls/second,milliseconds
1779197131,2,5.000000,4.496250,4.000000,0.499986,4.000000,5.000000,5.000000,5.000000,5.000000,5.000000,0.028695,0.147152,0.327492,0.374203,calls/second,milliseconds
1779197132,2,5.000000,4.496250,4.000000,0.499986,4.000000,5.000000,5.000000,5.000000,5.000000,5.000000,0.028288,0.135386,0.322079,0.372130,calls/second,milliseconds
1779197133,2,5.000000,4.496250,4.000000,0.499986,4.000000,5.000000,5.000000,5.000000,5.000000,5.000000,0.027893,0.135386,0.322079,0.372130,calls/second,milliseconds
1779197134,2,5.000000,4.496250,4.000000,0.499986,4.000000,5.000000,5.000000,5.000000,5.000000,5.000000,0.027509,0.135386,0.322079,0.372130,calls/second,milliseconds
1779197135,2,5.000000,4.496250,4.000000,0.499986,4.000000,5.000000,5.000000,5.000000,5.000000,5.000000,0.027135,0.135386,0.322079,0.372130,calls/second,milliseconds
1779197136,2,5.000000,4.496250,4.000000,0.499986,4.000000,5.000000,5.000000,5.000000,5.000000,5.000000,0.026771,0.135386,0.322079,0.372130,calls/second,milliseconds
1779197137,2,5.000000,4.496250,4.000000,0.499986,4.000000,5.000000,5.000000,5.000000,5.000000,5.000000,0.026417,0.124561,0.316756,0.370068,calls/second,milliseconds
1779197138,2,5.000000,4.496250,4.000000,0.499986,4.000000,5.000000,5.000000,5.000000,5.000000,5.000000,0.026072,0.124561,0.316756,0.370068,calls/second,milliseconds
1779197139,2,5.000000,4.496250,4.000000,0.499986,4.000000,5.000000,5.000000,5.000000,5.000000,5.000000,0.025736,0.124561,0.316756,0.370068,calls/second,milliseconds
1779197140,2,5.000000,4.496250,4.000000,0.499986,4.000000,5.000000,5.000000,5.000000,5.000000,5.000000,0.025408,0.124561,0.316756,0.370068,calls/second,milliseconds
1779197141,2,5.000000,4.496250,4.000000,0.499986,4.000000,5.000000,5.000000,5.000000,5.000000,5.000000,0.025089,0.124561,0.316756,0.370068,calls/second,milliseconds
1779197142,2,5.000000,4.496250,4.000000,0.499986,4.000000,5.000000,5.000000,5.000000,5.000000,5.000000,0.024777,0.114602,0.311520,0.368018,calls/second,milliseconds
1779197143,2,5.000000,4.496250,4.000000,0.499986,4.000000,5.000000,5.000000,5.000000,5.000000,5.000000,0.024474,0.114602,0.311520,0.368018,calls/second,milliseconds
1779197144,2,5.000000,4.496250,4.000000,0.499986,4.000000,5.000000,5.000000,5.000000,5.000000,5.000000,0.024177,0.114602,0.311520,0.368018,calls/second,milliseconds
1779197145,2,5.000000,4.496250,4.000000,0.499986,4.000000,5.000000,5.000000,5.000000,5.000000,5.000000,0.023888,0.114602,0.311520,0.368018,calls/second,milliseconds
1779197146,2,5.000000,4.496250,4.000000,0.499986,4.000000,5.000000,5.000000,5.000000,5.000000,5.000000,0.023605,0.114602,0.311520,0.368018,calls/second,milliseconds
1779197147,2,5.000000,4.496250,4.000000,0.499986,4.000000,5.000000,5.000000,5.000000,5.000000,5.000000,0.023330,0.105439,0.306371,0.365979,calls/second,milliseconds
1779197148,2,5.000000,4.496250,4.000000,0.499986,4.000000,5.000000,5.000000,5.000000,5.000000,5.000000,0.023060,0.105439,0.306371,0.365979,calls/second,milliseconds
1779197149,2,5.000000,4.496250,4.000000,0.499986,4.000000,5.000000,5.000000,5.000000,5.000000,5.000000,0.022797,0.105439,0.306371,0.365979,calls/second,milliseconds
1779197150,2,5.000000,4.496250,4.000000,0.499986,4.000000,5.000000,5.000000,5.000000,5.000000,5.000000,0.022540,0.105439,0.306371,0.365979,calls/second,milliseconds
1779197151,2,5.000000,4.496250,4.000000,0.499986,4.000000,5.000000,5.000000,5.000000,5.000000,5.000000,0.022288,0.105439,0.306371,0.365979,calls/second,milliseconds
1779197152,2,5.000000,4.496250,4.000000,0.499986,4.000000,5.000000,5.000000,5.000000,5.000000,5.000000,0.022042,0.097008,0.301307,0.363951,calls/second,milliseconds
1779197153,2,5.000000,4.496250,4.000000,0.499986,4.000000,5.000000,5.000000,5.000000,5.000000,5.000000,0.021801,0.097008,0.301307,0.363951,calls/second,milliseconds
1779197154,2,5.000000,4.496250,4.000000,0.499986,4.000000,5.000000,5.000000,5.000000,5.000000,5.000000,0.021566,0.097008,0.301307,0.363951,calls/second,milliseconds
1779197155,2,5.000000,4.496250,4.000000,0.499986,4.000000,5.000000,5.000000,5.000000,5.000000,5.000000,0.021335,0.097008,0.301307,0.363951,calls/second,milliseconds
1779197156,2,5.000000,4.496250,4.000000,0.499986,4.000000,5.000000,5.000000,5.000000,5.000000,5.000000,0.021110,0.097008,0.301307,0.363951,calls/second,milliseconds
1779197157,2,5.000000,4.496250,4.000000,0.499986,4.000000,5.000000,5.000000,5.000000,5.000000,5.000000,0.020889,0.089252,0.296327,0.361935,calls/second,milliseconds
1779197158,2,5.000000,4.496250,4.000000,0.499986,4.000000,5.000000,5.000000,5.000000,5.000000,5.000000,0.020672,0.089252,0.296327,0.361935,calls/second,milliseconds
1779197159,2,5.000000,4.496250,4.000000,0.499986,4.000000,5.000000,5.000000,5.000000,5.000000,5.000000,0.020460,0.089252,0.296327,0.361935,calls/second,milliseconds
1779197160,2,5.000000,4.496250,4.000000,0.499986,4.000000,5.000000,5.000000,5.000000,5.000000,5.000000,0.020253,0.089252,0.296327,0.361935,calls/second,milliseconds
1779197161,2,5.000000,4.496250,4.000000,0.499986,4.000000,5.000000,5.000000,5.000000,5.000000,5.000000,0.020050,0.089252,0.296327,0.361935,calls/second,milliseconds
1779197162,2,5.000000,4.496250,4.000000,0.499986,4.000000,5.000000,5.000000,5.000000,5.000000,5.000000,0.019850,0.082116,0.291429,0.359930,calls/second,milliseconds
1779197163,2,5.000000,4.496250,4.000000,0.499986,4.000000,5.000000,5.000000,5.000000,5.000000,5.000000,0.019655,0.082116,0.291429,0.359930,calls/second,milliseconds
1779197164,2,5.000000,4.496250,4.000000,0.499986,4.000000,5.000000,5.000000,5.000000,5.000000,5.000000,0.019463,0.082116,0.291429,0.359930,calls/second,milliseconds
1779197165,2,5.000000,4.496250,4.000000,0.499986,4.000000,5.000000,5.000000,5.000000,5.000000,5.000000,0.019275,0.082116,0.291429,0.359930,calls/second,milliseconds
1779197166,2,5.000000,4.496250,4.000000,0.499986,4.000000,5.000000,5.000000,5.000000,5.000000,5.000000,0.019091,0.082116,0.291429,0.359930,calls/second,milliseconds
1779197167,2,5.000000,4.496250,4.000000,0.499986,4.000000,5.000000,5.000000,5.000000,5.000000,5.000000,0.018910,0.075550,0.286613,0.357936,calls/second,milliseconds
1779197168,2,5.000000,4.496250,4.000000,0.499986,4.000000,5.000000,5.000000,5.000000,5.000000,5.000000,0.018733,0.075550,0.286613,0.357936,calls/second,milliseconds
1779197169,2,5.000000,4.496250,4.000000,0.499986,4.000000,5.000000,5.000000,5.000000,5.000000,5.000000,0.018558,0.075550,0.286613,0.357936,calls/second,milliseconds
1779197170,2,5.000000,4.496250,4.000000,0.499986,4.000000,5.000000,5.000000,5.000000,5.000000,5.000000,0.018388,0.075550,0.286613,0.357936,calls/second,milliseconds
1779197171,2,5.000000,4.496250,4.000000,0.499986,4.000000,5.000000,5.000000,5.000000,5.000000,5.000000,0.018220,0.075550,0.286613,0.357936,calls/second,milliseconds
1779197172,2,5.000000,4.496250,4.000000,0.499986,4.000000,5.000000,5.000000,5.000000,5.000000,5.000000,0.018055,0.069510,0.281875,0.355953,calls/second,milliseconds
1779197173,2,5.000000,4.496250,4.000000,0.499986,4.000000,5.000000,5.000000,5.000000,5.000000,5.000000,0.017893,0.069510,0.281875,0.355953,calls/second,milliseconds
1779197174,2,5.000000,4.496250,4.000000,0.499986,4.000000,5.000000,5.000000,5.000000,5.000000,5.000000,0.017734,0.069510,0.281875,0.355953,calls/second,milliseconds
1779197175,2,5.000000,4.496250,4.000000,0.499986,4.000000,5.000000,5.000000,5.000000,5.000000,5.000000,0.017578,0.069510,0.281875,0.355953,calls/second,milliseconds
1779197176,2,5.000000,4.496250,4.000000,0.499986,4.000000,5.000000,5.000000,5.000000,5.000000,5.000000,0.017425,0.069510,0.281875,0.355953,calls/second,milliseconds
1779197177,2,5.000000,4.496250,4.000000,0.499986,4.000000,5.000000,5.000000,5.000000,5.000000,5.000000,0.017274,0.063952,0.277216,0.353981,calls/second,milliseconds
1779197178,2,5.000000,4.496250,4.000000,0.499986,4.000000,5.000000,5.000000,5.000000,5.000000,5.000000,0.017126,0.063952,0.277216,0.353981,calls/second,milliseconds
1779197179,2,5.000000,4.496250,4.000000,0.499986,4.000000,5.000000,5.000000,5.000000,5.000000,5.000000,0.016980,0.063952,0.277216,0.353981,calls/second,milliseconds
1779197180,2,5.000000,4.496250,4.000000,0.499986,4.000000,5.000000,5.000000,5.000000,5.000000,5.000000,0.016837,0.063952,0.277216,0.353981,calls/second,milliseconds
1779197181,2,5.000000,4.496250,4.000000,0.499986,4.000000,5.000000,5.000000,5.000000,5.000000,5.000000,0.016696,0.063952,0.277216,0.353981,calls/second,milliseconds
1779197182,2,5.000000,4.496250,4.000000,0.499986,4.000000,5.000000,5.000000,5.000000,5.000000,5.000000,0.016558,0.058839,0.272634,0.352020,calls/second,milliseconds
1779197183,2,5.000000,4.496250,4.000000,0.499986,4.000000,5.000000,5.000000,5.000000,5.000000,5.000000,0.016422,0.058839,0.272634,0.352020,calls/second,milliseconds
1779197184,2,5.000000,4.496250,4.000000,0.499986,4.000000,5.000000,5.000000,5.000000,5.000000,5.000000,0.016288,0.058839,0.272634,0.352020,calls/second,milliseconds
1779197185,2,5.000000,4.496250,4.000000,0.499986,4.000000,5.000000,5.000000,5.000000,5.000000,5.000000,0.016156,0.058839,0.272634,0.352020,calls/second,milliseconds
1779197186,2,5.000000,4.496250,4.000000,0.499986,4.000000,5.000000,5.000000,5.000000,5.000000,5.000000,0.016026,0.058839,0.272634,0.352020,calls/second,milliseconds
1779197187,2,5.000000,4.496250,4.000000,0.499986,4.000000,5.000000,5.000000,5.000000,5.000000,5.000000,0.015898,0.054134,0.268128,0.350069,calls/second,milliseconds
1779197188,2,5.000000,4.496250,4.000000,0.499986,4.000000,5.000000,5.000000,5.000000,5.000000,5.000000,0.015773,0.054134,0.268128,0.350069,calls/second,milliseconds
1779197189,2,5.000000,4.496250,4.000000,0.499986,4.000000,5.000000,5.000000,5.000000,5.000000,5.000000,0.015649,0.054134,0.268128,0.350069,calls/second,milliseconds
1779197190,2,5.000000,4.496250,4.000000,0.499986,4.000000,5.000000,5.000000,5.000000,5.000000,5.000000,0.015527,0.054134,0.268128,0.350069,calls/second,milliseconds
1779197191,2,5.000000,4.496250,4.000000,0.499986,4.000000,5.000000,5.000000,5.000000,5.000000,5.000000,0.015408,0.054134,0.268128,0.350069,calls/second,milliseconds
1779197192,2,5.000000,4.496250,4.000000,0.499986,4.000000,5.000000,5.000000,5.000000,5.000000,5.000000,0.015290,0.049806,0.263696,0.348130,calls/second,milliseconds
1779197193,2,5.000000,4.496250,4.000000,0.499986,4.000000,5.000000,5.000000,5.000000,5.000000,5.000000,0.015173,0.049806,0.263696,0.348130,calls/second,milliseconds
1779197194,2,5.000000,4.496250,4.000000,0.499986,4.000000,5.000000,5.000000,5.000000,5.000000,5.000000,0.015059,0.049806,0.263696,0.348130,calls/second,milliseconds
1779197195,2,5.000000,4.496250,4.000000,0.499986,4.000000,5.000000,5.000000,5.000000,5.000000,5.000000,0.014946,0.049806,0.263696,0.348130,calls/second,milliseconds
1779197196,2,5.000000,4.496250,4.000000,0.499986,4.000000,5.000000,5.000000,5.000000,5.000000,5.000000,0.014835,0.049806,0.263696,0.348130,calls/second,milliseconds
1779197197,2,5.000000,4.496250,4.000000,0.499986,4.000000,5.000000,5.000000,5.000000,5.000000,5.000000,0.014726,0.045824,0.259338,0.346201,calls/second,milliseconds
1779197198,2,5.000000,4.496250,4.000000,0.499986,4.000000,5.000000,5.000000,5.000000,5.000000,5.000000,0.014618,0.045824,0.259338,0.346201,calls/second,milliseconds
1779197199,2,5.000000,4.496250,4.000000,0.499986,4.000000,5.000000,5.000000,5.000000,5.000000,5.000000,0.014512,0.045824,0.259338,0.346201,calls/second,milliseconds
1779197200,2,5.000000,4.496250,4.000000,0.499986,4.000000,5.000000,5.000000,5.000000,5.000000,5.000000,0.014407,0.045824,0.259338,0.346201,calls/second,milliseconds
1779197201,2,5.000000,4.496250,4.000000,0.499986,4.000000,5.000000,5.000000,5.000000,5.000000,5.000000,0.014304,0.045824,0.259338,0.346201,calls/second,milliseconds
1779197202,2,5.000000,4.496250,4.000000,0.499986,4.000000,5.000000,5.000000,5.000000,5.000000,5.000000,0.014202,0.042160,0.255051,0.344283,calls/second,milliseconds
1779197203,2,5.000000,4.496250,4.000000,0.499986,4.000000,5.000000,5.000000,5.000000,5.000000,5.000000,0.014102,0.042160,0.255051,0.344283,calls/second,milliseconds
1779197204,2,5.000000,4.496250,4.000000,0.499986,4.000000,5.000000,5.000000,5.000000,5.000000,5.000000,0.014003,0.042160,0.255051,0.344283,calls/second,milliseconds
1779197205,2,5.000000,4.496250,4.000000,0.499986,4.000000,5.000000,5.000000,5.000000,5.000000,5.000000,0.013905,0.042160,0.255051,0.344283,calls/second,milliseconds
1779197206,2,5.000000,4.496250,4.000000,0.499986,4.000000,5.000000,5.000000,5.000000,5.000000,5.000000,0.013809,0.042160,0.255051,0.344283,calls/second,milliseconds
1779197207,2,5.000000,4.496250,4.000000,0.499986,4.000000,5.000000,5.000000,5.000000,5.000000,5.000000,0.013714,0.038789,0.250836,0.342376,calls/second,milliseconds
1779197208,2,5.000000,4.496250,4.000000,0.499986,4.000000,5.000000,5.000000,5.000000,5.000000,5.000000,0.013621,0.038789,0.250836,0.342376,calls/second,milliseconds
1779197209,2,5.000000,4.496250,4.000000,0.499986,4.000000,5.000000,5.000000,5.000000,5.000000,5.000000,0.013529,0.038789,0.250836,0.342376,calls/second,milliseconds
1779197210,2,5.000000,4.496250,4.000000,0.499986,4.000000,5.000000,5.000000,5.000000,5.000000,5.000000,0.013437,0.038789,0.250836,0.342376,calls/second,milliseconds
1779197211,2,5.000000,4.496250,4.000000,0.499986,4.000000,5.000000,5.000000,5.000000,5.000000,5.000000,0.013348,0.038789,0.250836,0.342376,calls/second,milliseconds
1779197212,2,5.000000,4.496250,4.000000,0.499986,4.000000,5.000000,5.000000,5.000000,5.000000,5.000000,0.013259,0.035687,0.246690,0.340479,calls/second,milliseconds
1779197213,2,5.000000,4.496250,4.000000,0.499986,4.000000,5.000000,5.000000,5.000000,5.000000,5.000000,0.013172,0.035687,0.246690,0.340479,calls/second,milliseconds
1779197214,2,5.000000,4.496250,4.000000,0.499986,4.000000,5.000000,5.000000,5.000000,5.000000,5.000000,0.013085,0.035687,0.246690,0.340479,calls/second,milliseconds
1779197215,2,5.000000,4.496250,4.000000,0.499986,4.000000,5.000000,5.000000,5.000000,5.000000,5.000000,0.013000,0.035687,0.246690,0.340479,calls/second,milliseconds
1779197216,2,5.000000,4.496250,4.000000,0.499986,4.000000,5.000000,5.000000,5.000000,5.000000,5.000000,0.012916,0.035687,0.246690,0.340479,calls/second,milliseconds
1779197217,2,5.000000,4.496250,4.000000,0.499986,4.000000,5.000000,5.000000,5.000000,5.000000,5.000000,0.012833,0.032834,0.242612,0.338593,calls/second,milliseconds
1779197218,2,5.000000,4.496250,4.000000,0.499986,4.000000,5.000000,5.000000,5.000000,5.000000,5.000000,0.012750,0.032834,0.242612,0.338593,calls/second,milliseconds
1779197219,2,5.000000,4.496250,4.000000,0.499986,4.000000,5.000000,5.000000,5.000000,5.000000,5.000000,0.012669,0.032834,0.242612,0.338593,calls/second,milliseconds
1779197220,2,5.000000,4.496250,4.000000,0.499986,4.000000,5.000000,5.000000,5.000000,5.000000,5.000000,0.012590,0.032834,0.242612,0.338593,calls/second,milliseconds
1779197221,2,5.000000,4.496250,4.000000,0.499986,4.000000,5.000000,5.000000,5.000000,5.000000,5.000000,0.012511,0.032834,0.242612,0.338593,calls/second,milliseconds
1779197222,2,5.000000,4.496250,4.000000,0.499986,4.000000,5.000000,5.000000,5.000000,5.000000,5.000000,0.012433,0.030209,0.238602,0.336717,calls/second,milliseconds
1779197223,2,5.000000,4.496250,4.000000,0.499986,4.000000,5.000000,5.000000,5.000000,5.000000,5.000000,0.012356,0.030209,0.238602,0.336717,calls/second,milliseconds
1779197224,2,5.000000,4.496250,4.000000,0.499986,4.000000,5.000000,5.000000,5.000000,5.000000,5.000000,0.012280,0.030209,0.238602,0.336717,calls/second,milliseconds
1779197225,2,5.000000,4.496250,4.000000,0.499986,4.000000,5.000000,5.000000,5.000000,5.000000,5.000000,0.012205,0.030209,0.238602,0.336717,calls/second,milliseconds
1779197226,2,5.000000,4.496250,4.000000,0.499986,4.000000,5.000000,5.000000,5.000000,5.000000,5.000000,0.012131,0.030209,0.238602,0.336717,calls/second,milliseconds
1779197227,2,5.000000,4.496250,4.000000,0.499986,4.000000,5.000000,5.000000,5.000000,5.000000,5.000000,0.012057,0.027793,0.234658,0.334851,calls/second,milliseconds
1779197228,2,5.000000,4.496250,4.000000,0.499986,4.000000,5.000000,5.000000,5.000000,5.000000,5.000000,0.011985,0.027793,0.234658,0.334851,calls/second,milliseconds
1779197229,2,5.000000,4.496250,4.000000,0.499986,4.000000,5.000000,5.000000,5.000000,5.000000,5.000000,0.011914,0.027793,0.234658,0.334851,calls/second,milliseconds
1779197230,2,5.000000,4.496250,4.000000,0.499986,4.000000,5.000000,5.000000,5.000000,5.000000,5.000000,0.011843,0.027793,0.234658,0.334851,calls/second,milliseconds
1779197231,2,5.000000,4.496250,4.000000,0.499986,4.000000,5.000000,5.000000,5.000000,5.000000,5.000000,0.011773,0.027793,0.234658,0.334851,calls/second,milliseconds
1779197232,2,5.000000,4.496250,4.000000,0.499986,4.000000,5.000000,5.000000,5.000000,5.000000,5.000000,0.011704,0.025571,0.230780,0.332996,calls/second,milliseconds
1779197233,2,5.000000,4.496250,4.000000,0.499986,4.000000,5.000000,5.000000,5.000000,5.000000,5.000000,0.011636,0.025571,0.230780,0.332996,calls/second,milliseconds
1779197234,2,5.000000,4.496250,4.000000,0.499986,4.000000,5.000000,5.000000,5.000000,5.000000,5.000000,0.011569,0.025571,0.230780,0.332996,calls/second,milliseconds
1779197235,2,5.000000,4.496250,4.000000,0.499986,4.000000,5.000000,5.000000,5.000000,5.000000,5.000000,0.011502,0.025571,0.230780,0.332996,calls/second,milliseconds
1779197236,2,5.000000,4.496250,4.000000,0.499986,4.000000,5.000000,5.000000,5.000000,5.000000,5.000000,0.011436,0.025571,0.230780,0.332996,calls/second,milliseconds
1779197237,2,5.000000,4.496250,4.000000,0.499986,4.000000,5.000000,5.000000,5.000000,5.000000,5.000000,0.011371,0.023527,0.226965,0.331151,calls/second,milliseconds
1779197238,2,5.000000,4.496250,4.000000,0.499986,4.000000,5.000000,5.000000,5.000000,5.000000,5.000000,0.011307,0.023527,0.226965,0.331151,calls/second,milliseconds
1779197239,2,5.000000,4.496250,4.000000,0.499986,4.000000,5.000000,5.000000,5.000000,5.000000,5.000000,0.011243,0.023527,0.226965,0.331151,calls/second,milliseconds
1779197240,2,5.000000,4.496250,4.000000,0.499986,4.000000,5.000000,5.000000,5.000000,5.000000,5.000000,0.011180,0.023527,0.226965,0.331151,calls/second,milliseconds
1779197241,2,5.000000,4.496250,4.000000,0.499986,4.000000,5.000000,5.000000,5.000000,5.000000,5.000000,0.011118,0.023527,0.226965,0.331151,calls/second,milliseconds
1779197242,2,5.000000,4.496250,4.000000,0.499986,4.000000,5.000000,5.000000,5.000000,5.000000,5.000000,0.011056,0.021646,0.223214,0.329317,calls/second,milliseconds
1779197243,2,5.000000,4.496250,4.000000,0.499986,4.000000,5.000000,5.000000,5.000000,5.000000,5.000000,0.010995,0.021646,0.223214,0.329317,calls/second,milliseconds
1779197244,2,5.000000,4.496250,4.000000,0.499986,4.000000,5.000000,5.000000,5.000000,5.000000,5.000000,0.010935,0.021646,0.223214,0.329317,calls/second,milliseconds
1779197245,2,5.000000,4.496250,4.000000,0.499986,4.000000,5.000000,5.000000,5.000000,5.000000,5.000000,0.010876,0.021646,0.223214,0.329317,calls/second,milliseconds
1779197246,2,5.000000,4.496250,4.000000,0.499986,4.000000,5.000000,5.000000,5.000000,5.000000,5.000000,0.010817,0.021646,0.223214,0.329317,calls/second,milliseconds
1779197247,2,5.000000,4.496250,4.000000,0.499986,4.000000,5.000000,5.000000,5.000000,5.000000,5.000000,0.010758,0.019915,0.219525,0.327492,calls/second,milliseconds
1779197248,2,5.000000,4.496250,4.000000,0.499986,4.000000,5.000000,5.000000,5.000000,5.000000,5.000000,0.010701,0.019915,0.219525,0.327492,calls/second,milliseconds
1779197249,2,5.000000,4.496250,4.000000,0.499986,4.000000,5.000000,5.000000,5.000000,5.000000,5.000000,0.010644,0.019915,0.219525,0.327492,calls/second,milliseconds
1779197250,2,5.000000,4.496250,4.000000,0.499986,4.000000,5.000000,5.000000,5.000000,5.000000,5.000000,0.010587,0.019915,0.219525,0.327492,calls/second,milliseconds
1779197251,2,5.000000,4.496250,4.000000,0.499986,4.000000,5.000000,5.000000,5.000000,5.000000,5.000000,0.010531,0.019915,0.219525,0.327492,calls/second,milliseconds
1779197252,2,5.000000,4.496250,4.000000,0.499986,4.000000,5.000000,5.000000,5.000000,5.000000,5.000000,0.010476,0.018323,0.215896,0.325678,calls/second,milliseconds
1779197253,2,5.000000,4.496250,4.000000,0.499986,4.000000,5.000000,5.000000,5.000000,5.000000,5.000000,0.010421,0.018323,0.215896,0.325678,calls/second,milliseconds
1779197254,2,5.000000,4.496250,4.000000,0.499986,4.000000,5.000000,5.000000,5.000000,5.000000,5.000000,0.010367,0.018323,0.215896,0.325678,calls/second,milliseconds
1779197255,2,5.000000,4.496250,4.000000,0.499986,4.000000,5.000000,5.000000,5.000000,5.000000,5.000000,0.010314,0.018323,0.215896,0.325678,calls/second,milliseconds
1779197256,2,5.000000,4.496250,4.000000,0.499986,4.000000,5.000000,5.000000,5.000000,5.000000,5.000000,0.010261,0.018323,0.215896,0.325678,calls/second,milliseconds
1779197257,2,5.000000,4.496250,4.000000,0.499986,4.000000,5.000000,5.000000,5.000000,5.000000,5.000000,0.010208,0.016858,0.212328,0.323874,calls/second,milliseconds
1779197258,2,5.000000,4.496250,4.000000,0.499986,4.000000,5.000000,5.000000,5.000000,5.000000,5.000000,0.010157,0.016858,0.212328,0.323874,calls/second,milliseconds
1779197259,2,5.000000,4.496250,4.000000,0.499986,4.000000,5.000000,5.000000,5.000000,5.000000,5.000000,0.010105,0.016858,0.212328,0.323874,calls/second,milliseconds
1779197260,2,5.000000,4.496250,4.000000,0.499986,4.000000,5.000000,5.000000,5.000000,5.000000,5.000000,0.010054,0.016858,0.212328,0.323874,calls/second,milliseconds
1779197261,2,5.000000,4.496250,4.000000,0.499986,4.000000,5.000000,5.000000,5.000000,5.000000,5.000000,0.010004,0.016858,0.212328,0.323874,calls/second,milliseconds
1779197262,2,5.000000,4.496250,4.000000,0.499986,4.000000,5.000000,5.000000,5.000000,5.000000,5.000000,0.009954,0.015510,0.208818,0.322079,calls/second,milliseconds
1779197263,2,5.000000,4.496250,4.000000,0.499986,4.000000,5.000000,5.000000,5.000000,5.000000,5.000000,0.009905,0.015510,0.208818,0.322079,calls/second,milliseconds
1779197264,2,5.000000,4.496250,4.000000,0.499986,4.000000,5.000000,5.000000,5.000000,5.000000,5.000000,0.009856,0.015510,0.208818,0.322079,calls/second,milliseconds
1779197265,2,5.000000,4.496250,4.000000,0.499986,4.000000,5.000000,5.000000,5.000000,5.000000,5.000000,0.009807,0.015510,0.208818,0.322079,calls/second,milliseconds
1779197266,2,5.000000,4.496250,4.000000,0.499986,4.000000,5.000000,5.000000,5.000000,5.000000,5.000000,0.009759,0.015510,0.208818,0.322079,calls/second,milliseconds
1779197267,2,5.000000,4.496250,4.000000,0.499986,4.000000,5.000000,5.000000,5.000000,5.000000,5.000000,0.009712,0.014270,0.205367,0.320295,calls/second,milliseconds
1779197268,2,5.000000,4.496250,4.000000,0.499986,4.000000,5.000000,5.000000,5.000000,5.000000,5.000000,0.009665,0.014270,0.205367,0.320295,calls/second,milliseconds
1779197269,2,5.000000,4.496250,4.000000,0.499986,4.000000,5.000000,5.000000,5.000000,5.000000,5.000000,0.009618,0.014270,0.205367,0.320295,calls/second,milliseconds
1779197270,2,5.000000,4.496250,4.000000,0.499986,4.000000,5.000000,5.000000,5.000000,5.000000,5.000000,0.009572,0.014270,0.205367,0.320295,calls/second,milliseconds
1779197271,2,5.000000,4.496250,4.000000,0.499986,4.000000,5.000000,5.000000,5.000000,5.000000,5.000000,0.009527,0.014270,0.205367,0.320295,calls/second,milliseconds
1779197272,2,5.000000,4.496250,4.000000,0.499986,4.000000,5.000000,5.000000,5.000000,5.000000,5.000000,0.009481,0.013129,0.201972,0.318520,calls/second,milliseconds
1779197273,2,5.000000,4.496250,4.000000,0.499986,4.000000,5.000000,5.000000,5.000000,5.000000,5.000000,0.009436,0.013129,0.201972,0.318520,calls/second,milliseconds
1779197274,2,5.000000,4.496250,4.000000,0.499986,4.000000,5.000000,5.000000,5.000000,5.000000,5.000000,0.009392,0.013129,0.201972,0.318520,calls/second,milliseconds
1779197275,2,5.000000,4.496250,4.000000,0.499986,4.000000,5.000000,5.000000,5.000000,5.000000,5.000000,0.009348,0.013129,0.201972,0.318520,calls/second,milliseconds
1779197276,2,5.000000,4.496250,4.000000,0.499986,4.000000,5.000000,5.000000,5.000000,5.000000,5.000000,0.009305,0.013129,0.201972,0.318520,calls/second,milliseconds
1779197277,2,5.000000,4.496250,4.000000,0.499986,4.000000,5.000000,5.000000,5.000000,5.000000,5.000000,0.009261,0.012079,0.198634,0.316756,calls/second,milliseconds
1779197278,2,5.000000,4.496250,4.000000,0.499986,4.000000,5.000000,5.000000,5.000000,5.000000,5.000000,0.009219,0.012079,0.198634,0.316756,calls/second,milliseconds
1779197279,2,5.000000,4.496250,4.000000,0.499986,4.000000,5.000000,5.000000,5.000000,5.000000,5.000000,0.009176,0.012079,0.198634,0.316756,calls/second,milliseconds
1779197280,2,5.000000,4.496250,4.000000,0.499986,4.000000,5.000000,5.000000,5.000000,5.000000,5.000000,0.009134,0.012079,0.198634,0.316756,calls/second,milliseconds
1779197281,2,5.000000,4.496250,4.000000,0.499986,4.000000,5.000000,5.000000,5.000000,5.000000,5.000000,0.009093,0.012079,0.198634,0.316756,calls/second,milliseconds
1779197282,2,5.000000,4.496250,4.000000,0.499986,4.000000,5.000000,5.000000,5.000000,5.000000,5.000000,0.009052,0.011113,0.195351,0.315001,calls/second,milliseconds
1779197283,2,5.000000,4.496250,4.000000,0.499986,4.000000,5.000000,5.000000,5.000000,5.000000,5.000000,0.009011,0.011113,0.195351,0.315001,calls/second,milliseconds
1779197284,2,5.000000,4.496250,4.000000,0.499986,4.000000,5.000000,5.000000,5.000000,5.000000,5.000000,0.008970,0.011113,0.195351,0.315001,calls/second,milliseconds
1779197285,2,5.000000,4.496250,4.000000,0.499986,4.000000,5.000000,5.000000,5.000000,5.000000,5.000000,0.008930,0.011113,0.195351,0.315001,calls/second,milliseconds
1779197286,2,5.000000,4.496250,4.000000,0.499986,4.000000,5.000000,5.000000,5.000000,5.000000,5.000000,0.008890,0.011113,0.195351,0.315001,calls/second,milliseconds
1779197287,2,5.000000,4.496250,4.000000,0.499986,4.000000,5.000000,5.000000,5.000000,5.000000,5.000000,0.008851,0.010225,0.192122,0.313256,calls/second,milliseconds
1779197288,2,5.000000,4.496250,4.000000,0.499986,4.000000,5.000000,5.000000,5.000000,5.000000,5.000000,0.008812,0.010225,0.192122,0.313256,calls/second,milliseconds
1779197289,2,5.000000,4.496250,4.000000,0.499986,4.000000,5.000000,5.000000,5.000000,5.000000,5.000000,0.008773,0.010225,0.192122,0.313256,calls/second,milliseconds
1779197290,2,5.000000,4.496250,4.000000,0.499986,4.000000,5.000000,5.000000,5.000000,5.000000,5.000000,0.008735,0.010225,0.192122,0.313256,calls/second,milliseconds
1779197291,2,5.000000,4.496250,4.000000,0.499986,4.000000,5.000000,5.000000,5.000000,5.000000,5.000000,0.008697,0.010225,0.192122,0.313256,calls/second,milliseconds
1779197292,2,5.000000,4.496250,4.000000,0.499986,4.000000,5.000000,5.000000,5.000000,5.000000,5.000000,0.008659,0.009407,0.188947,0.311520,calls/second,milliseconds
1779197293,2,5.000000,4.496250,4.000000,0.499986,4.000000,5.000000,5.000000,5.000000,5.000000,5.000000,0.008622,0.009407,0.188947,0.311520,calls/second,milliseconds
1779197294,2,5.000000,4.496250,4.000000,0.499986,4.000000,5.000000,5.000000,5.000000,5.000000,5.000000,0.008585,0.009407,0.188947,0.311520,calls/second,milliseconds
1779197295,2,5.000000,4.496250,4.000000,0.499986,4.000000,5.000000,5.000000,5.000000,5.000000,5.000000,0.008548,0.009407,0.188947,0.311520,calls/second,milliseconds
1779197296,2,5.000000,4.496250,4.000000,0.499986,4.000000,5.000000,5.000000,5.000000,5.000000,5.000000,0.008511,0.009407,0.188947,0.311520,calls/second,milliseconds
1779197297,2,5.000000,4.496250,4.000000,0.499986,4.000000,5.000000,5.000000,5.000000,5.000000,5.000000,0.008475,0.008655,0.185824,0.309794,calls/second,milliseconds
1779197298,2,5.000000,4.496250,4.000000,0.499986,4.000000,5.000000,5.000000,5.000000,5.000000,5.000000,0.008439,0.008655,0.185824,0.309794,calls/second,milliseconds
1779197299,2,5.000000,4.496250,4.000000,0.499986,4.000000,5.000000,5.000000,5.000000,5.000000,5.000000,0.008404,0.008655,0.185824,0.309794,calls/second,milliseconds
1779197300,2,5.000000,4.496250,4.000000,0.499986,4.000000,5.000000,5.000000,5.000000,5.000000,5.000000,0.008369,0.008655,0.185824,0.309794,calls/second,milliseconds
1779197301,2,5.000000,4.496250,4.000000,0.499986,4.000000,5.000000,5.000000,5.000000,5.000000,5.000000,0.008334,0.008655,0.185824,0.309794,calls/second,milliseconds
1779197302,2,5.000000,4.496250,4.000000,0.499986,4.000000,5.000000,5.000000,5.000000,5.000000,5.000000,0.008299,0.007963,0.182752,0.308078,calls/second,milliseconds
1779197303,2,5.000000,4.496250,4.000000,0.499986,4.000000,5.000000,5.000000,5.000000,5.000000,5.000000,0.008265,0.007963,0.182752,0.308078,calls/second,milliseconds
1779197304,2,5.000000,4.496250,4.000000,0.499986,4.000000,5.000000,5.000000,5.000000,5.000000,5.000000,0.008231,0.007963,0.182752,0.308078,calls/second,milliseconds
1779197305,2,5.000000,4.496250,4.000000,0.499986,4.000000,5.000000,5.000000,5.000000,5.000000,5.000000,0.008197,0.007963,0.182752,0.308078,calls/second,milliseconds
1779197306,2,5.000000,4.496250,4.000000,0.499986,4.000000,5.000000,5.000000,5.000000,5.000000,5.000000,0.008163,0.007963,0.182752,0.308078,calls/second,milliseconds
1779197307,2,5.000000,4.496250,4.000000,0.499986,4.000000,5.000000,5.000000,5.000000,5.000000,5.000000,0.008130,0.007326,0.179732,0.306371,calls/second,milliseconds
1779197308,2,5.000000,4.496250,4.000000,0.499986,4.000000,5.000000,5.000000,5.000000,5.000000,5.000000,0.008097,0.007326,0.179732,0.306371,calls/second,milliseconds
1779197309,2,5.000000,4.496250,4.000000,0.499986,4.000000,5.000000,5.000000,5.000000,5.000000,5.000000,0.008065,0.007326,0.179732,0.306371,calls/second,milliseconds
1779197310,2,5.000000,4.496250,4.000000,0.499986,4.000000,5.000000,5.000000,5.000000,5.000000,5.000000,0.008032,0.007326,0.179732,0.306371,calls/second,milliseconds
1779197311,2,5.000000,4.496250,4.000000,0.499986,4.000000,5.000000,5.000000,5.000000,5.000000,5.000000,0.008000,0.006740,0.176761,0.304674,calls/second,milliseconds
1779197312,2,5.000000,4.496250,4.000000,0.499986,4.000000,5.000000,5.000000,5.000000,5.000000,5.000000,0.007968,0.006740,0.176761,0.304674,calls/second,milliseconds
1779197313,2,5.000000,4.496250,4.000000,0.499986,4.000000,5.000000,5.000000,5.000000,5.000000,5.000000,0.007936,0.006740,0.176761,0.304674,calls/second,milliseconds
1779197314,2,5.000000,4.496250,4.000000,0.499986,4.000000,5.000000,5.000000,5.000000,5.000000,5.000000,0.007905,0.006740,0.176761,0.304674,calls/second,milliseconds
1779197315,2,5.000000,4.496250,4.000000,0.499986,4.000000,5.000000,5.000000,5.000000,5.000000,5.000000,0.007874,0.006740,0.176761,0.304674,calls/second,milliseconds
1779197316,2,5.000000,4.496250,4.000000,0.499986,4.000000,5.000000,5.000000,5.000000,5.000000,5.000000,0.007843,0.006202,0.173839,0.302986,calls/second,milliseconds
1779197317,2,5.000000,4.496250,4.000000,0.499986,4.000000,5.000000,5.000000,5.000000,5.000000,5.000000,0.007812,0.006202,0.173839,0.302986,calls/second,milliseconds
1779197318,2,5.000000,4.496250,4.000000,0.499986,4.000000,5.000000,5.000000,5.000000,5.000000,5.000000,0.007782,0.006202,0.173839,0.302986,calls/second,milliseconds
1779197319,2,5.000000,4.496250,4.000000,0.499986,4.000000,5.000000,5.000000,5.000000,5.000000,5.000000,0.007752,0.006202,0.173839,0.302986,calls/second,milliseconds
1779197320,2,5.000000,4.496250,4.000000,0.499986,4.000000,5.000000,5.000000,5.000000,5.000000,5.000000,0.007722,0.006202,0.173839,0.302986,calls/second,milliseconds
1779197321,2,5.000000,4.496250,4.000000,0.499986,4.000000,5.000000,5.000000,5.000000,5.000000,5.000000,0.007692,0.005706,0.170966,0.301307,calls/second,milliseconds
1779197322,2,5.000000,4.496250,4.000000,0.499986,4.000000,5.000000,5.000000,5.000000,5.000000,5.000000,0.007662,0.005706,0.170966,0.301307,calls/second,milliseconds
1779197323,2,5.000000,4.496250,4.000000,0.499986,4.000000,5.000000,5.000000,5.000000,5.000000,5.000000,0.007633,0.005706,0.170966,0.301307,calls/second,milliseconds
1779197324,2,5.000000,4.496250,4.000000,0.499986,4.000000,5.000000,5.000000,5.000000,5.000000,5.000000,0.007604,0.005706,0.170966,0.301307,calls/second,milliseconds
1779197325,2,5.000000,4.496250,4.000000,0.499986,4.000000,5.000000,5.000000,5.000000,5.000000,5.000000,0.007575,0.005706,0.170966,0.301307,calls/second,milliseconds
1779197326,2,5.000000,4.496250,4.000000,0.499986,4.000000,5.000000,5.000000,5.000000,5.000000,5.000000,0.007546,0.005249,0.168140,0.299638,calls/second,milliseconds
1779197327,2,5.000000,4.496250,4.000000,0.499986,4.000000,5.000000,5.000000,5.000000,5.000000,5.000000,0.007518,0.005249,0.168140,0.299638,calls/second,milliseconds
1779197328,2,5.000000,4.496250,4.000000,0.499986,4.000000,5.000000,5.000000,5.000000,5.000000,5.000000,0.007490,0.005249,0.168140,0.299638,calls/second,milliseconds
1779197329,2,5.000000,4.496250,4.000000,0.499986,4.000000,5.000000,5.000000,5.000000,5.000000,5.000000,0.007462,0.005249,0.168140,0.299638,calls/second,milliseconds
1779197330,2,5.000000,4.496250,4.000000,0.499986,4.000000,5.000000,5.000000,5.000000,5.000000,5.000000,0.007434,0.005249,0.168140,0.299638,calls/second,milliseconds
1779197331,2,5.000000,4.496250,4.000000,0.499986,4.000000,5.000000,5.000000,5.000000,5.000000,5.000000,0.007407,0.004830,0.165361,0.297978,calls/second,milliseconds
1779197332,2,5.000000,4.496250,4.000000,0.499986,4.000000,5.000000,5.000000,5.000000,5.000000,5.000000,0.007379,0.004830,0.165361,0.297978,calls/second,milliseconds
1779197333,2,5.000000,4.496250,4.000000,0.499986,4.000000,5.000000,5.000000,5.000000,5.000000,5.000000,0.007352,0.004830,0.165361,0.297978,calls/second,milliseconds
1779197334,2,5.000000,4.496250,4.000000,0.499986,4.000000,5.000000,5.000000,5.000000,5.000000,5.000000,0.007325,0.004830,0.165361,0.297978,calls/second,milliseconds
1779197335,2,5.000000,4.496250,4.000000,0.499986,4.000000,5.000000,5.000000,5.000000,5.000000,5.000000,0.007298,0.004830,0.165361,0.297978,calls/second,milliseconds
1779197336,2,5.000000,4.496250,4.000000,0.499986,4.000000,5.000000,5.000000,5.000000,5.000000,5.000000,0.007271,0.004444,0.162628,0.296327,calls/second,milliseconds
1779197337,2,5.000000,4.496250,4.000000,0.499986,4.000000,5.000000,5.000000,5.000000,5.000000,5.000000,0.007245,0.004444,0.162628,0.296327,calls/second,milliseconds
1779197338,2,5.000000,4.496250,4.000000,0.499986,4.000000,5.000000,5.000000,5.000000,5.000000,5.000000,0.007219,0.004444,0.162628,0.296327,calls/second,milliseconds
1779197339,2,5.000000,4.496250,4.000000,0.499986,4.000000,5.000000,5.000000,5.000000,5.000000,5.000000,0.007193,0.004444,0.162628,0.296327,calls/second,milliseconds
1779197340,2,5.000000,4.496250,4.000000,0.499986,4.000000,5.000000,5.000000,5.000000,5.000000,5.000000,0.007167,0.004444,0.162628,0.296327,calls/second,milliseconds
1779197341,2,5.000000,4.496250,4.000000,0.499986,4.000000,5.000000,5.000000,5.000000,5.000000,5.000000,0.007141,0.004088,0.159940,0.294686,calls/second,milliseconds
1779197342,2,5.000000,4.496250,4.000000,0.499986,4.000000,5.000000,5.000000,5.000000,5.000000,5.000000,0.007116,0.004088,0.159940,0.294686,calls/second,milliseconds
1779197343,2,5.000000,4.496250,4.000000,0.499986,4.000000,5.000000,5.000000,5.000000,5.000000,5.000000,0.007091,0.004088,0.159940,0.294686,calls/second,milliseconds
1779197344,2,5.000000,4.496250,4.000000,0.499986,4.000000,5.000000,5.000000,5.000000,5.000000,5.000000,0.007066,0.004088,0.159940,0.294686,calls/second,milliseconds
1779197345,2,5.000000,4.496250,4.000000,0.499986,4.000000,5.000000,5.000000,5.000000,5.000000,5.000000,0.007041,0.004088,0.159940,0.294686,calls/second,milliseconds
1779197346,2,5.000000,4.496250,4.000000,0.499986,4.000000,5.000000,5.000000,5.000000,5.000000,5.000000,0.007016,0.003761,0.157296,0.293053,calls/second,milliseconds
1779197347,2,5.000000,4.496250,4.000000,0.499986,4.000000,5.000000,5.000000,5.000000,5.000000,5.000000,0.006991,0.003761,0.157296,0.293053,calls/second,milliseconds
1779197348,2,5.000000,4.496250,4.000000,0.499986,4.000000,5.000000,5.000000,5.000000,5.000000,5.000000,0.006967,0.003761,0.157296,0.293053,calls/second,milliseconds
1779197349,2,5.000000,4.496250,4.000000,0.499986,4.000000,5.000000,5.000000,5.000000,5.000000,5.000000,0.006943,0.003761,0.157296,0.293053,calls/second,milliseconds
1779197350,2,5.000000,4.496250,4.000000,0.499986,4.000000,5.000000,5.000000,5.000000,5.000000,5.000000,0.006919,0.003761,0.157296,0.293053,calls/second,milliseconds
1779197351,2,5.000000,4.496250,4.000000,0.499986,4.000000,5.000000,5.000000,5.000000,5.000000,5.000000,0.006895,0.003461,0.154696,0.291429,calls/second,milliseconds
1779197352,2,5.000000,4.496250,4.000000,0.499986,4.000000,5.000000,5.000000,5.000000,5.000000,5.000000,0.006871,0.003461,0.154696,0.291429,calls/second,milliseconds
1779197353,2,5.000000,4.496250,4.000000,0.499986,4.000000,5.000000,5.000000,5.000000,5.000000,5.000000,0.006848,0.003461,0.154696,0.291429,calls/second,milliseconds
1779197354,2,5.000000,4.496250,4.000000,0.499986,4.000000,5.000000,5.000000,5.000000,5.000000,5.000000,0.006824,0.003461,0.154696,0.291429,calls/second,milliseconds
1779197355,2,5.000000,4.496250,4.000000,0.499986,4.000000,5.000000,5.000000,5.000000,5.000000,5.000000,0.006801,0.003461,0.154696,0.291429,calls/second,milliseconds
1779197356,2,5.000000,4.496250,4.000000,0.499986,4.000000,5.000000,5.000000,5.000000,5.000000,5.000000,0.006778,0.003184,0.152140,0.289815,calls/second,milliseconds
1779197357,2,5.000000,4.496250,4.000000,0.499986,4.000000,5.000000,5.000000,5.000000,5.000000,5.000000,0.006755,0.003184,0.152140,0.289815,calls/second,milliseconds
1779197358,2,5.000000,4.496250,4.000000,0.499986,4.000000,5.000000,5.000000,5.000000,5.000000,5.000000,0.006732,0.003184,0.152140,0.289815,calls/second,milliseconds
1779197359,2,5.000000,4.496250,4.000000,0.499986,4.000000,5.000000,5.000000,5.000000,5.000000,5.000000,0.006709,0.003184,0.152140,0.289815,calls/second,milliseconds
1779197360,2,5.000000,4.496250,4.000000,0.499986,4.000000,5.000000,5.000000,5.000000,5.000000,5.000000,0.006687,0.003184,0.152140,0.289815,calls/second,milliseconds
1779197361,2,5.000000,4.496250,4.000000,0.499986,4.000000,5.000000,5.000000,5.000000,5.000000,5.000000,0.006665,0.002929,0.149625,0.288209,calls/second,milliseconds
1779197362,2,5.000000,4.496250,4.000000,0.499986,4.000000,5.000000,5.000000,5.000000,5.000000,5.000000,0.006643,0.002929,0.149625,0.288209,calls/second,milliseconds
1779197363,2,5.000000,4.496250,4.000000,0.499986,4.000000,5.000000,5.000000,5.000000,5.000000,5.000000,0.006621,0.002929,0.149625,0.288209,calls/second,milliseconds
1779197364,2,5.000000,4.496250,4.000000,0.499986,4.000000,5.000000,5.000000,5.000000,5.000000,5.000000,0.006599,0.002929,0.149625,0.288209,calls/second,milliseconds
1779197365,2,5.000000,4.496250,4.000000,0.499986,4.000000,5.000000,5.000000,5.000000,5.000000,5.000000,0.006577,0.002929,0.149625,0.288209,calls/second,milliseconds
1779197366,2,5.000000,4.496250,4.000000,0.499986,4.000000,5.000000,5.000000,5.000000,5.000000,5.000000,0.006555,0.002695,0.147152,0.286613,calls/second,milliseconds
1779197367,2,5.000000,4.496250,4.000000,0.499986,4.000000,5.000000,5.000000,5.000000,5.000000,5.000000,0.006534,0.002695,0.147152,0.286613,calls/second,milliseconds
1779197368,2,5.000000,4.496250,4.000000,0.499986,4.000000,5.000000,5.000000,5.000000,5.000000,5.000000,0.006513,0.002695,0.147152,0.286613,calls/second,milliseconds
1779197369,2,5.000000,4.496250,4.000000,0.499986,4.000000,5.000000,5.000000,5.000000,5.000000,5.000000,0.006491,0.002695,0.147152,0.286613,calls/second,milliseconds
1779197370,2,5.000000,4.496250,4.000000,0.499986,4.000000,5.000000,5.000000,5.000000,5.000000,5.000000,0.006470,0.002695,0.147152,0.286613,calls/second,milliseconds
1779197371,2,5.000000,4.496250,4.000000,0.499986,4.000000,5.000000,5.000000,5.000000,5.000000,5.000000,0.006449,0.002480,0.144720,0.285025,calls/second,milliseconds
1779197372,2,5.000000,4.496250,4.000000,0.499986,4.000000,5.000000,5.000000,5.000000,5.000000,5.000000,0.006429,0.002480,0.144720,0.285025,calls/second,milliseconds
1779197373,2,5.000000,4.496250,4.000000,0.499986,4.000000,5.000000,5.000000,5.000000,5.000000,5.000000,0.006408,0.002480,0.144720,0.285025,calls/second,milliseconds
1779197374,2,5.000000,4.496250,4.000000,0.499986,4.000000,5.000000,5.000000,5.000000,5.000000,5.000000,0.006388,0.002480,0.144720,0.285025,calls/second,milliseconds
1779197375,2,5.000000,4.496250,4.000000,0.499986,4.000000,5.000000,5.000000,5.000000,5.000000,5.000000,0.006367,0.002480,0.144720,0.285025,calls/second,milliseconds
1779197376,2,5.000000,4.496250,4.000000,0.499986,4.000000,5.000000,5.000000,5.000000,5.000000,5.000000,0.006347,0.002281,0.142328,0.283446,calls/second,milliseconds
1779197377,2,5.000000,4.496250,4.000000,0.499986,4.000000,5.000000,5.000000,5.000000,5.000000,5.000000,0.006327,0.002281,0.142328,0.283446,calls/second,milliseconds
1779197378,2,5.000000,4.496250,4.000000,0.499986,4.000000,5.000000,5.000000,5.000000,5.000000,5.000000,0.006307,0.002281,0.142328,0.283446,calls/second,milliseconds
1779197379,2,5.000000,4.496250,4.000000,0.499986,4.000000,5.000000,5.000000,5.000000,5.000000,5.000000,0.006287,0.002281,0.142328,0.283446,calls/second,milliseconds
1779197380,2,5.000000,4.496250,4.000000,0.499986,4.000000,5.000000,5.000000,5.000000,5.000000,5.000000,0.006267,0.002281,0.142328,0.283446,calls/second,milliseconds
1779197381,2,5.000000,4.496250,4.000000,0.499986,4.000000,5.000000,5.000000,5.000000,5.000000,5.000000,0.006248,0.002099,0.139975,0.281875,calls/second,milliseconds
1779197382,2,5.000000,4.496250,4.000000,0.499986,4.000000,5.000000,5.000000,5.000000,5.000000,5.000000,0.006228,0.002099,0.139975,0.281875,calls/second,milliseconds
1779197383,2,5.000000,4.496250,4.000000,0.499986,4.000000,5.000000,5.000000,5.000000,5.000000,5.000000,0.006209,0.002099,0.139975,0.281875,calls/second,milliseconds
1779197384,2,5.000000,4.496250,4.000000,0.499986,4.000000,5.000000,5.000000,5.000000,5.000000,5.000000,0.006190,0.002099,0.139975,0.281875,calls/second,milliseconds
1779197385,2,5.000000,4.496250,4.000000,0.499986,4.000000,5.000000,5.000000,5.000000,5.000000,5.000000,0.006170,0.002099,0.139975,0.281875,calls/second,milliseconds
1779197386,2,5.000000,4.496250,4.000000,0.499986,4.000000,5.000000,5.000000,5.000000,5.000000,5.000000,0.006151,0.001931,0.137662,0.280314,calls/second,milliseconds
1779197387,2,5.000000,4.496250,4.000000,0.499986,4.000000,5.000000,5.000000,5.000000,5.000000,5.000000,0.006133,0.001931,0.137662,0.280314,calls/second,milliseconds
1779197388,2,5.000000,4.496250,4.000000,0.499986,4.000000,5.000000,5.000000,5.000000,5.000000,5.000000,0.006114,0.001931,0.137662,0.280314,calls/second,milliseconds
1779197389,2,5.000000,4.496250,4.000000,0.499986,4.000000,5.000000,5.000000,5.000000,5.000000,5.000000,0.006095,0.001931,0.137662,0.280314,calls/second,milliseconds
1779197390,2,5.000000,4.496250,4.000000,0.499986,4.000000,5.000000,5.000000,5.000000,5.000000,5.000000,0.006077,0.001931,0.137662,0.280314,calls/second,milliseconds
1779197391,2,5.000000,4.496250,4.000000,0.499986,4.000000,5.000000,5.000000,5.000000,5.000000,5.000000,0.006058,0.001777,0.135386,0.278761,calls/second,milliseconds
1779197392,2,5.000000,4.496250,4.000000,0.499986,4.000000,5.000000,5.000000,5.000000,5.000000,5.000000,0.006040,0.001777,0.135386,0.278761,calls/second,milliseconds
1779197393,2,5.000000,4.496250,4.000000,0.499986,4.000000,5.000000,5.000000,5.000000,5.000000,5.000000,0.006022,0.001777,0.135386,0.278761,calls/second,milliseconds
1779197394,2,5.000000,4.496250,4.000000,0.499986,4.000000,5.000000,5.000000,5.000000,5.000000,5.000000,0.006004,0.001777,0.135386,0.278761,calls/second,milliseconds
1779197395,2,5.000000,4.496250,4.000000,0.499986,4.000000,5.000000,5.000000,5.000000,5.000000,5.000000,0.005986,0.001777,0.135386,0.278761,calls/second,milliseconds
1779197396,2,5.000000,4.496250,4.000000,0.499986,4.000000,5.000000,5.000000,5.000000,5.000000,5.000000,0.005968,0.001635,0.133148,0.277216,calls/second,milliseconds
1779197397,2,5.000000,4.496250,4.000000,0.499986,4.000000,5.000000,5.000000,5.000000,5.000000,5.000000,0.005950,0.001635,0.133148,0.277216,calls/second,milliseconds
1779197398,2,5.000000,4.496250,4.000000,0.499986,4.000000,5.000000,5.000000,5.000000,5.000000,5.000000,0.005932,0.001635,0.133148,0.277216,calls/second,milliseconds
1779197399,2,5.000000,4.496250,4.000000,0.499986,4.000000,5.000000,5.000000,5.000000,5.000000,5.000000,0.005915,0.001635,0.133148,0.277216,calls/second,milliseconds
1779197400,2,5.000000,4.496250,4.000000,0.499986,4.000000,5.000000,5.000000,5.000000,5.000000,5.000000,0.005897,0.001635,0.133148,0.277216,calls/second,milliseconds
1779197401,2,5.000000,4.496250,4.000000,0.499986,4.000000,5.000000,5.000000,5.000000,5.000000,5.000000,0.005880,0.001504,0.130948,0.275680,calls/second,milliseconds
1779197402,2,5.000000,4.496250,4.000000,0.499986,4.000000,5.000000,5.000000,5.000000,5.000000,5.000000,0.005863,0.001504,0.130948,0.275680,calls/second,milliseconds
1779197403,2,5.000000,4.496250,4.000000,0.499986,4.000000,5.000000,5.000000,5.000000,5.000000,5.000000,0.005845,0.001504,0.130948,0.275680,calls/second,milliseconds
1779197404,2,5.000000,4.496250,4.000000,0.499986,4.000000,5.000000,5.000000,5.000000,5.000000,5.000000,0.005828,0.001504,0.130948,0.275680,calls/second,milliseconds
1779197405,2,5.000000,4.496250,4.000000,0.499986,4.000000,5.000000,5.000000,5.000000,5.000000,5.000000,0.005811,0.001504,0.130948,0.275680,calls/second,milliseconds
1779197406,2,5.000000,4.496250,4.000000,0.499986,4.000000,5.000000,5.000000,5.000000,5.000000,5.000000,0.005795,0.001384,0.128783,0.274153,calls/second,milliseconds
1779197407,2,5.000000,4.496250,4.000000,0.499986,4.000000,5.000000,5.000000,5.000000,5.000000,5.000000,0.005778,0.001384,0.128783,0.274153,calls/second,milliseconds
1779197408,2,5.000000,4.496250,4.000000,0.499986,4.000000,5.000000,5.000000,5.000000,5.000000,5.000000,0.005761,0.001384,0.128783,0.274153,calls/second,milliseconds
1779197409,2,5.000000,4.496250,4.000000,0.499986,4.000000,5.000000,5.000000,5.000000,5.000000,5.000000,0.005745,0.001384,0.128783,0.274153,calls/second,milliseconds
1779197410,2,5.000000,4.496250,4.000000,0.499986,4.000000,5.000000,5.000000,5.000000,5.000000,5.000000,0.005728,0.001384,0.128783,0.274153,calls/second,milliseconds
1779197411,2,5.000000,4.496250,4.000000,0.499986,4.000000,5.000000,5.000000,5.000000,5.000000,5.000000,0.005712,0.001273,0.126655,0.272634,calls/second,milliseconds
1779197412,2,5.000000,4.496250,4.000000,0.499986,4.000000,5.000000,5.000000,5.000000,5.000000,5.000000,0.005695,0.001273,0.126655,0.272634,calls/second,milliseconds
1779197413,2,5.000000,4.496250,4.000000,0.499986,4.000000,5.000000,5.000000,5.000000,5.000000,5.000000,0.005679,0.001273,0.126655,0.272634,calls/second,milliseconds
1779197414,2,5.000000,4.496250,4.000000,0.499986,4.000000,5.000000,5.000000,5.000000,5.000000,5.000000,0.005663,0.001273,0.126655,0.272634,calls/second,milliseconds
1779197415,2,5.000000,4.496250,4.000000,0.499986,4.000000,5.000000,5.000000,5.000000,5.000000,5.000000,0.005647,0.001273,0.126655,0.272634,calls/second,milliseconds
1779197416,2,5.000000,4.496250,4.000000,0.499986,4.000000,5.000000,5.000000,5.000000,5.000000,5.000000,0.005631,0.001171,0.124561,0.271124,calls/second,milliseconds
1779197417,2,5.000000,4.496250,4.000000,0.499986,4.000000,5.000000,5.000000,5.000000,5.000000,5.000000,0.005615,0.001171,0.124561,0.271124,calls/second,milliseconds
1779197418,2,5.000000,4.496250,4.000000,0.499986,4.000000,5.000000,5.000000,5.000000,5.000000,5.000000,0.005600,0.001171,0.124561,0.271124,calls/second,milliseconds
1779197419,2,5.000000,4.496250,4.000000,0.499986,4.000000,5.000000,5.000000,5.000000,5.000000,5.000000,0.005584,0.001171,0.124561,0.271124,calls/second,milliseconds
1779197420,2,5.000000,4.496250,4.000000,0.499986,4.000000,5.000000,5.000000,5.000000,5.000000,5.000000,0.005568,0.001171,0.124561,0.271124,calls/second,milliseconds
1779197421,2,5.000000,4.496250,4.000000,0.499986,4.000000,5.000000,5.000000,5.000000,5.000000,5.000000,0.005553,0.001078,0.122502,0.269622,calls/second,milliseconds
1779197422,2,5.000000,4.496250,4.000000,0.499986,4.000000,5.000000,5.000000,5.000000,5.000000,5.000000,0.005537,0.001078,0.122502,0.269622,calls/second,milliseconds
1779197423,2,5.000000,4.496250,4.000000,0.499986,4.000000,5.000000,5.000000,5.000000,5.000000,5.000000,0.005522,0.001078,0.122502,0.269622,calls/second,milliseconds
1779197424,2,5.000000,4.496250,4.000000,0.499986,4.000000,5.000000,5.000000,5.000000,5.000000,5.000000,0.005507,0.001078,0.122502,0.269622,calls/second,milliseconds
1779197425,2,5.000000,4.496250,4.000000,0.499986,4.000000,5.000000,5.000000,5.000000,5.000000,5.000000,0.005492,0.001078,0.122502,0.269622,calls/second,milliseconds
1779197426,2,5.000000,4.496250,4.000000,0.499986,4.000000,5.000000,5.000000,5.000000,5.000000,5.000000,0.005477,0.000992,0.120478,0.268128,calls/second,milliseconds
1779197427,2,5.000000,4.496250,4.000000,0.499986,4.000000,5.000000,5.000000,5.000000,5.000000,5.000000,0.005462,0.000992,0.120478,0.268128,calls/second,milliseconds
1779197428,2,5.000000,4.496250,4.000000,0.499986,4.000000,5.000000,5.000000,5.000000,5.000000,5.000000,0.005447,0.000992,0.120478,0.268128,calls/second,milliseconds
1779197429,2,5.000000,4.496250,4.000000,0.499986,4.000000,5.000000,5.000000,5.000000,5.000000,5.000000,0.005432,0.000992,0.120478,0.268128,calls/second,milliseconds
1779197430,2,5.000000,4.496250,4.000000,0.499986,4.000000,5.000000,5.000000,5.000000,5.000000,5.000000,0.005417,0.000992,0.120478,0.268128,calls/second,milliseconds
1779197431,2,5.000000,4.496250,4.000000,0.499986,4.000000,5.000000,5.000000,5.000000,5.000000,5.000000,0.005403,0.000912,0.118486,0.266643,calls/second,milliseconds
1779197432,2,5.000000,4.496250,4.000000,0.499986,4.000000,5.000000,5.000000,5.000000,5.000000,5.000000,0.005388,0.000912,0.118486,0.266643,calls/second,milliseconds
1779197433,2,5.000000,4.496250,4.000000,0.499986,4.000000,5.000000,5.000000,5.000000,5.000000,5.000000,0.005374,0.000912,0.118486,0.266643,calls/second,milliseconds
1779197434,2,5.000000,4.496250,4.000000,0.499986,4.000000,5.000000,5.000000,5.000000,5.000000,5.000000,0.005359,0.000912,0.118486,0.266643,calls/second,milliseconds
1779197435,2,5.000000,4.496250,4.000000,0.499986,4.000000,5.000000,5.000000,5.000000,5.000000,5.000000,0.005345,0.000912,0.118486,0.266643,calls/second,milliseconds
1779197436,2,5.000000,4.496250,4.000000,0.499986,4.000000,5.000000,5.000000,5.000000,5.000000,5.000000,0.005331,0.000839,0.116528,0.265165,calls/second,milliseconds
1779197437,2,5.000000,4.496250,4.000000,0.499986,4.000000,5.000000,5.000000,5.000000,5.000000,5.000000,0.005316,0.000839,0.116528,0.265165,calls/second,milliseconds
1779197438,2,5.000000,4.496250,4.000000,0.499986,4.000000,5.000000,5.000000,5.000000,5.000000,5.000000,0.005302,0.000839,0.116528,0.265165,calls/second,milliseconds
1779197439,2,5.000000,4.496250,4.000000,0.499986,4.000000,5.000000,5.000000,5.000000,5.000000,5.000000,0.005288,0.000839,0.116528,0.265165,calls/second,milliseconds
1779197440,2,5.000000,4.496250,4.000000,0.499986,4.000000,5.000000,5.000000,5.000000,5.000000,5.000000,0.005274,0.000839,0.116528,0.265165,calls/second,milliseconds
1779197441,2,5.000000,4.496250,4.000000,0.499986,4.000000,5.000000,5.000000,5.000000,5.000000,5.000000,0.005260,0.000772,0.114602,0.263696,calls/second,milliseconds
1779197442,2,5.000000,4.496250,4.000000,0.499986,4.000000,5.000000,5.000000,5.000000,5.000000,5.000000,0.005246,0.000772,0.114602,0.263696,calls/second,milliseconds
1779197443,2,5.000000,4.496250,4.000000,0.499986,4.000000,5.000000,5.000000,5.000000,5.000000,5.000000,0.005233,0.000772,0.114602,0.263696,calls/second,milliseconds
1779197444,2,5.000000,4.496250,4.000000,0.499986,4.000000,5.000000,5.000000,5.000000,5.000000,5.000000,0.005219,0.000772,0.114602,0.263696,calls/second,milliseconds
1779197445,2,5.000000,4.496250,4.000000,0.499986,4.000000,5.000000,5.000000,5.000000,5.000000,5.000000,0.005205,0.000772,0.114602,0.263696,calls/second,milliseconds
1779197446,2,5.000000,4.496250,4.000000,0.499986,4.000000,5.000000,5.000000,5.000000,5.000000,5.000000,0.005192,0.000710,0.112708,0.262235,calls/second,milliseconds
1779197447,2,5.000000,4.496250,4.000000,0.499986,4.000000,5.000000,5.000000,5.000000,5.000000,5.000000,0.005178,0.000710,0.112708,0.262235,calls/second,milliseconds
1779197448,2,5.000000,4.496250,4.000000,0.499986,4.000000,5.000000,5.000000,5.000000,5.000000,5.000000,0.005165,0.000710,0.112708,0.262235,calls/second,milliseconds
1779197449,2,5.000000,4.496250,4.000000,0.499986,4.000000,5.000000,5.000000,5.000000,5.000000,5.000000,0.005152,0.000710,0.112708,0.262235,calls/second,milliseconds
1779197450,2,5.000000,4.496250,4.000000,0.499986,4.000000,5.000000,5.000000,5.000000,5.000000,5.000000,0.005138,0.000710,0.112708,0.262235,calls/second,milliseconds
1779197451,2,5.000000,4.496250,4.000000,0.499986,4.000000,5.000000,5.000000,5.000000,5.000000,5.000000,0.005125,0.000654,0.110845,0.260783,calls/second,milliseconds
1779197452,2,5.000000,4.496250,4.000000,0.499986,4.000000,5.000000,5.000000,5.000000,5.000000,5.000000,0.005112,0.000654,0.110845,0.260783,calls/second,milliseconds
1779197453,2,5.000000,4.496250,4.000000,0.499986,4.000000,5.000000,5.000000,5.000000,5.000000,5.000000,0.005099,0.000654,0.110845,0.260783,calls/second,milliseconds
1779197454,2,5.000000,4.496250,4.000000,0.499986,4.000000,5.000000,5.000000,5.000000,5.000000,5.000000,0.005086,0.000654,0.110845,0.260783,calls/second,milliseconds
1779197455,2,5.000000,4.496250,4.000000,0.499986,4.000000,5.000000,5.000000,5.000000,5.000000,5.000000,0.005073,0.000654,0.110845,0.260783,calls/second,milliseconds
1779197456,2,5.000000,4.496250,4.000000,0.499986,4.000000,5.000000,5.000000,5.000000,5.000000,5.000000,0.005060,0.000601,0.109013,0.259338,calls/second,milliseconds
1779197457,2,5.000000,4.496250,4.000000,0.499986,4.000000,5.000000,5.000000,5.000000,5.000000,5.000000,0.005047,0.000601,0.109013,0.259338,calls/second,milliseconds
1779197458,2,5.000000,4.496250,4.000000,0.499986,4.000000,5.000000,5.000000,5.000000,5.000000,5.000000,0.005035,0.000601,0.109013,0.259338,calls/second,milliseconds
1779197459,2,5.000000,4.496250,4.000000,0.499986,4.000000,5.000000,5.000000,5.000000,5.000000,5.000000,0.005022,0.000601,0.109013,0.259338,calls/second,milliseconds
1779197460,2,5.000000,4.496250,4.000000,0.499986,4.000000,5.000000,5.000000,5.000000,5.000000,5.000000,0.005009,0.000601,0.109013,0.259338,calls/second,milliseconds
1779197461,2,5.000000,4.496250,4.000000,0.499986,4.000000,5.000000,5.000000,5.000000,5.000000,5.000000,0.004997,0.000553,0.107211,0.257901,calls/second,milliseconds
1779197462,2,5.000000,4.496250,4.000000,0.499986,4.000000,5.000000,5.000000,5.000000,5.000000,5.000000,0.004984,0.000553,0.107211,0.257901,calls/second,milliseconds
1779197463,2,5.000000,4.496250,4.000000,0.499986,4.000000,5.000000,5.000000,5.000000,5.000000,5.000000,0.004972,0.000553,0.107211,0.257901,calls/second,milliseconds
1779197464,2,5.000000,4.496250,4.000000,0.499986,4.000000,5.000000,5.000000,5.000000,5.000000,5.000000,0.004960,0.000553,0.107211,0.257901,calls/second,milliseconds
1779197465,2,5.000000,4.496250,4.000000,0.499986,4.000000,5.000000,5.000000,5.000000,5.000000,5.000000,0.004947,0.000553,0.107211,0.257901,calls/second,milliseconds
1779197466,2,5.000000,4.496250,4.000000,0.499986,4.000000,5.000000,5.000000,5.000000,5.000000,5.000000,0.004935,0.000509,0.105439,0.256472,calls/second,milliseconds
1779197467,2,5.000000,4.496250,4.000000,0.499986,4.000000,5.000000,5.000000,5.000000,5.000000,5.000000,0.004923,0.000509,0.105439,0.256472,calls/second,milliseconds
1779197468,2,5.000000,4.496250,4.000000,0.499986,4.000000,5.000000,5.000000,5.000000,5.000000,5.000000,0.004911,0.000509,0.105439,0.256472,calls/second,milliseconds
1779197469,2,5.000000,4.496250,4.000000,0.499986,4.000000,5.000000,5.000000,5.000000,5.000000,5.000000,0.004899,0.000509,0.105439,0.256472,calls/second,milliseconds
1779197470,2,5.000000,4.496250,4.000000,0.499986,4.000000,5.000000,5.000000,5.000000,5.000000,5.000000,0.004887,0.000509,0.105439,0.256472,calls/second,milliseconds
1779197471,2,5.000000,4.496250,4.000000,0.499986,4.000000,5.000000,5.000000,5.000000,5.000000,5.000000,0.004875,0.000468,0.103696,0.255051,calls/second,milliseconds
1779197472,2,5.000000,4.496250,4.000000,0.499986,4.000000,5.000000,5.000000,5.000000,5.000000,5.000000,0.004863,0.000468,0.103696,0.255051,calls/second,milliseconds
1779197473,2,5.000000,4.496250,4.000000,0.499986,4.000000,5.000000,5.000000,5.000000,5.000000,5.000000,0.004851,0.000468,0.103696,0.255051,calls/second,milliseconds
1779197474,2,5.000000,4.496250,4.000000,0.499986,4.000000,5.000000,5.000000,5.000000,5.000000,5.000000,0.004839,0.000468,0.103696,0.255051,calls/second,milliseconds
1779197475,2,5.000000,4.496250,4.000000,0.499986,4.000000,5.000000,5.000000,5.000000,5.000000,5.000000,0.004828,0.000468,0.103696,0.255051,calls/second,milliseconds
1779197476,2,5.000000,4.496250,4.000000,0.499986,4.000000,5.000000,5.000000,5.000000,5.000000,5.000000,0.004816,0.000431,0.101982,0.253638,calls/second,milliseconds
1779197477,2,5.000000,4.496250,4.000000,0.499986,4.000000,5.000000,5.000000,5.000000,5.000000,5.000000,0.004805,0.000431,0.101982,0.253638,calls/second,milliseconds
1779197478,2,5.000000,4.496250,4.000000,0.499986,4.000000,5.000000,5.000000,5.000000,5.000000,5.000000,0.004793,0.000431,0.101982,0.253638,calls/second,milliseconds
1779197479,2,5.000000,4.496250,4.000000,0.499986,4.000000,5.000000,5.000000,5.000000,5.000000,5.000000,0.004782,0.000431,0.101982,0.253638,calls/second,milliseconds
1779197480,2,5.000000,4.496250,4.000000,0.499986,4.000000,5.000000,5.000000,5.000000,5.000000,5.000000,0.004770,0.000431,0.101982,0.253638,calls/second,milliseconds
1779197481,2,5.000000,4.496250,4.000000,0.499986,4.000000,5.000000,5.000000,5.000000,5.000000,5.000000,0.004759,0.000396,0.100297,0.252233,calls/second,milliseconds
1779197482,2,5.000000,4.496250,4.000000,0.499986,4.000000,5.000000,5.000000,5.000000,5.000000,5.000000,0.004747,0.000396,0.100297,0.252233,calls/second,milliseconds
1779197483,2,5.000000,4.496250,4.000000,0.499986,4.000000,5.000000,5.000000,5.000000,5.000000,5.000000,0.004736,0.000396,0.100297,0.252233,calls/second,milliseconds
1779197484,2,5.000000,4.496250,4.000000,0.499986,4.000000,5.000000,5.000000,5.000000,5.000000,5.000000,0.004725,0.000396,0.100297,0.252233,calls/second,milliseconds
1779197485,2,5.000000,4.496250,4.000000,0.499986,4.000000,5.000000,5.000000,5.000000,5.000000,5.000000,0.004714,0.000396,0.100297,0.252233,calls/second,milliseconds
1779197486,2,5.000000,4.496250,4.000000,0.499986,4.000000,5.000000,5.000000,5.000000,5.000000,5.000000,0.004703,0.000365,0.098639,0.250836,calls/second,milliseconds
1779197487,2,5.000000,4.496250,4.000000,0.499986,4.000000,5.000000,5.000000,5.000000,5.000000,5.000000,0.004692,0.000365,0.098639,0.250836,calls/second,milliseconds
1779197488,2,5.000000,4.496250,4.000000,0.499986,4.000000,5.000000,5.000000,5.000000,5.000000,5.000000,0.004681,0.000365,0.098639,0.250836,calls/second,milliseconds
1779197489,2,5.000000,4.496250,4.000000,0.499986,4.000000,5.000000,5.000000,5.000000,5.000000,5.000000,0.004670,0.000365,0.098639,0.250836,calls/second,milliseconds
1779197490,2,5.000000,4.496250,4.000000,0.499986,4.000000,5.000000,5.000000,5.000000,5.000000,5.000000,0.004659,0.000365,0.098639,0.250836,calls/second,milliseconds
1779197491,2,5.000000,4.496250,4.000000,0.499986,4.000000,5.000000,5.000000,5.000000,5.000000,5.000000,0.004648,0.000336,0.097008,0.249446,calls/second,milliseconds
1779197492,2,5.000000,4.496250,4.000000,0.499986,4.000000,5.000000,5.000000,5.000000,5.000000,5.000000,0.004637,0.000336,0.097008,0.249446,calls/second,milliseconds
1779197493,2,5.000000,4.496250,4.000000,0.499986,4.000000,5.000000,5.000000,5.000000,5.000000,5.000000,0.004627,0.000336,0.097008,0.249446,calls/second,milliseconds
1779197494,2,5.000000,4.496250,4.000000,0.499986,4.000000,5.000000,5.000000,5.000000,5.000000,5.000000,0.004616,0.000336,0.097008,0.249446,calls/second,milliseconds
1779197495,2,5.000000,4.496250,4.000000,0.499986,4.000000,5.000000,5.000000,5.000000,5.000000,5.000000,0.004605,0.000336,0.097008,0.249446,calls/second,milliseconds
1779197496,2,5.000000,4.496250,4.000000,0.499986,4.000000,5.000000,5.000000,5.000000,5.000000,5.000000,0.004595,0.000309,0.095405,0.248064,calls/second,milliseconds
1779197497,2,5.000000,4.496250,4.000000,0.499986,4.000000,5.000000,5.000000,5.000000,5.000000,5.000000,0.004584,0.000309,0.095405,0.248064,calls/second,milliseconds
1779197498,2,5.000000,4.496250,4.000000,0.499986,4.000000,5.000000,5.000000,5.000000,5.000000,5.000000,0.004574,0.000309,0.095405,0.248064,calls/second,milliseconds
1779197499,2,5.000000,4.496250,4.000000,0.499986,4.000000,5.000000,5.000000,5.000000,5.000000,5.000000,0.004563,0.000309,0.095405,0.248064,calls/second,milliseconds
1779197500,2,5.000000,4.496250,4.000000,0.499986,4.000000,5.000000,5.000000,5.000000,5.000000,5.000000,0.004553,0.000309,0.095405,0.248064,calls/second,milliseconds
1779197501,2,5.000000,4.496250,4.000000,0.499986,4.000000,5.000000,5.000000,5.000000,5.000000,5.000000,0.004542,0.000284,0.093828,0.246690,calls/second,milliseconds
1779197502,2,5.000000,4.496250,4.000000,0.499986,4.000000,5.000000,5.000000,5.000000,5.000000,5.000000,0.004532,0.000284,0.093828,0.246690,calls/second,milliseconds
1779197503,2,5.000000,4.496250,4.000000,0.499986,4.000000,5.000000,5.000000,5.000000,5.000000,5.000000,0.004522,0.000284,0.093828,0.246690,calls/second,milliseconds
1779197504,2,5.000000,4.496250,4.000000,0.499986,4.000000,5.000000,5.000000,5.000000,5.000000,5.000000,0.004512,0.000284,0.093828,0.246690,calls/second,milliseconds
1779197505,2,5.000000,4.496250,4.000000,0.499986,4.000000,5.000000,5.000000,5.000000,5.000000,5.000000,0.004501,0.000284,0.093828,0.246690,calls/second,milliseconds
1779197506,2,5.000000,4.496250,4.000000,0.499986,4.000000,5.000000,5.000000,5.000000,5.000000,5.000000,0.004491,0.000261,0.092277,0.245323,calls/second,milliseconds
1779197507,2,5.000000,4.496250,4.000000,0.499986,4.000000,5.000000,5.000000,5.000000,5.000000,5.000000,0.004481,0.000261,0.092277,0.245323,calls/second,milliseconds
1779197508,2,5.000000,4.496250,4.000000,0.499986,4.000000,5.000000,5.000000,5.000000,5.000000,5.000000,0.004471,0.000261,0.092277,0.245323,calls/second,milliseconds
1779197509,2,5.000000,4.496250,4.000000,0.499986,4.000000,5.000000,5.000000,5.000000,5.000000,5.000000,0.004461,0.000261,0.092277,0.245323,calls/second,milliseconds
1779197510,2,5.000000,4.496250,4.000000,0.499986,4.000000,5.000000,5.000000,5.000000,5.000000,5.000000,0.004451,0.000261,0.092277,0.245323,calls/second,milliseconds
1779197511,2,5.000000,4.496250,4.000000,0.499986,4.000000,5.000000,5.000000,5.000000,5.000000,5.000000,0.004441,0.000240,0.090752,0.243964,calls/second,milliseconds
1779197512,2,5.000000,4.496250,4.000000,0.499986,4.000000,5.000000,5.000000,5.000000,5.000000,5.000000,0.004431,0.000240,0.090752,0.243964,calls/second,milliseconds
1779197513,2,5.000000,4.496250,4.000000,0.499986,4.000000,5.000000,5.000000,5.000000,5.000000,5.000000,0.004422,0.000240,0.090752,0.243964,calls/second,milliseconds
1779197514,2,5.000000,4.496250,4.000000,0.499986,4.000000,5.000000,5.000000,5.000000,5.000000,5.000000,0.004412,0.000240,0.090752,0.243964,calls/second,milliseconds
1779197515,2,5.000000,4.496250,4.000000,0.499986,4.000000,5.000000,5.000000,5.000000,5.000000,5.000000,0.004402,0.000240,0.090752,0.243964,calls/second,milliseconds
1779197516,2,5.000000,4.496250,4.000000,0.499986,4.000000,5.000000,5.000000,5.000000,5.000000,5.000000,0.004392,0.000221,0.089252,0.242612,calls/second,milliseconds
1779197517,2,5.000000,4.496250,4.000000,0.499986,4.000000,5.000000,5.000000,5.000000,5.000000,5.000000,0.004383,0.000221,0.089252,0.242612,calls/second,milliseconds
1779197518,2,5.000000,4.496250,4.000000,0.499986,4.000000,5.000000,5.000000,5.000000,5.000000,5.000000,0.004373,0.000221,0.089252,0.242612,calls/second,milliseconds
1779197519,2,5.000000,4.496250,4.000000,0.499986,4.000000,5.000000,5.000000,5.000000,5.000000,5.000000,0.004364,0.000221,0.089252,0.242612,calls/second,milliseconds
1779197520,2,5.000000,4.496250,4.000000,0.499986,4.000000,5.000000,5.000000,5.000000,5.000000,5.000000,0.004354,0.000221,0.089252,0.242612,calls/second,milliseconds
1779197521,2,5.000000,4.496250,4.000000,0.499986,4.000000,5.000000,5.000000,5.000000,5.000000,5.000000,0.004345,0.000204,0.087777,0.241268,calls/second,milliseconds
1779197522,2,5.000000,4.496250,4.000000,0.499986,4.000000,5.000000,5.000000,5.000000,5.000000,5.000000,0.004335,0.000204,0.087777,0.241268,calls/second,milliseconds
1779197523,2,5.000000,4.496250,4.000000,0.499986,4.000000,5.000000,5.000000,5.000000,5.000000,5.000000,0.004326,0.000204,0.087777,0.241268,calls/second,milliseconds
1779197524,2,5.000000,4.496250,4.000000,0.499986,4.000000,5.000000,5.000000,5.000000,5.000000,5.000000,0.004317,0.000204,0.087777,0.241268,calls/second,milliseconds
1779197525,2,5.000000,4.496250,4.000000,0.499986,4.000000,5.000000,5.000000,5.000000,5.000000,5.000000,0.004307,0.000204,0.087777,0.241268,calls/second,milliseconds
1779197526,2,5.000000,4.496250,4.000000,0.499986,4.000000,5.000000,5.000000,5.000000,5.000000,5.000000,0.004298,0.000187,0.086326,0.239931,calls/second,milliseconds
1779197527,2,5.000000,4.496250,4.000000,0.499986,4.000000,5.000000,5.000000,5.000000,5.000000,5.000000,0.004289,0.000187,0.086326,0.239931,calls/second,milliseconds
1779197528,2,5.000000,4.496250,4.000000,0.499986,4.000000,5.000000,5.000000,5.000000,5.000000,5.000000,0.004280,0.000187,0.086326,0.239931,calls/second,milliseconds
1779197529,2,5.000000,4.496250,4.000000,0.499986,4.000000,5.000000,5.000000,5.000000,5.000000,5.000000,0.004270,0.000187,0.086326,0.239931,calls/second,milliseconds
1779197530,2,5.000000,4.496250,4.000000,0.499986,4.000000,5.000000,5.000000,5.000000,5.000000,5.000000,0.004261,0.000187,0.086326,0.239931,calls/second,milliseconds
1779197531,2,5.000000,4.496250,4.000000,0.499986,4.000000,5.000000,5.000000,5.000000,5.000000,5.000000,0.004252,0.000172,0.084899,0.238602,calls/second,milliseconds
1779197532,2,5.000000,4.496250,4.000000,0.499986,4.000000,5.000000,5.000000,5.000000,5.000000,5.000000,0.004243,0.000172,0.084899,0.238602,calls/second,milliseconds
1779197533,2,5.000000,4.496250,4.000000,0.499986,4.000000,5.000000,5.000000,5.000000,5.000000,5.000000,0.004234,0.000172,0.084899,0.238602,calls/second,milliseconds
1779197534,2,5.000000,4.496250,4.000000,0.499986,4.000000,5.000000,5.000000,5.000000,5.000000,5.000000,0.004225,0.000172,0.084899,0.238602,calls/second,milliseconds
1779197535,2,5.000000,4.496250,4.000000,0.499986,4.000000,5.000000,5.000000,5.000000,5.000000,5.000000,0.004216,0.000172,0.084899,0.238602,calls/second,milliseconds
1779197536,2,5.000000,4.496250,4.000000,0.499986,4.000000,5.000000,5.000000,5.000000,5.000000,5.000000,0.004207,0.000159,0.083496,0.237280,calls/second,milliseconds
1779197537,2,5.000000,4.496250,4.000000,0.499986,4.000000,5.000000,5.000000,5.000000,5.000000,5.000000,0.004199,0.000159,0.083496,0.237280,calls/second,milliseconds
1779197538,2,5.000000,4.496250,4.000000,0.499986,4.000000,5.000000,5.000000,5.000000,5.000000,5.000000,0.004190,0.000159,0.083496,0.237280,calls/second,milliseconds
1779197539,2,5.000000,4.496250,4.000000,0.499986,4.000000,5.000000,5.000000,5.000000,5.000000,5.000000,0.004181,0.000159,0.083496,0.237280,calls/second,milliseconds
1779197540,2,5.000000,4.496250,4.000000,0.499986,4.000000,5.000000,5.000000,5.000000,5.000000,5.000000,0.004172,0.000159,0.083496,0.237280,calls/second,milliseconds
1779197541,2,5.000000,4.496250,4.000000,0.499986,4.000000,5.000000,5.000000,5.000000,5.000000,5.000000,0.004164,0.000146,0.082116,0.235966,calls/second,milliseconds
1779197542,2,5.000000,4.496250,4.000000,0.499986,4.000000,5.000000,5.000000,5.000000,5.000000,5.000000,0.004155,0.000146,0.082116,0.235966,calls/second,milliseconds
1779197543,2,5.000000,4.496250,4.000000,0.499986,4.000000,5.000000,5.000000,5.000000,5.000000,5.000000,0.004146,0.000146,0.082116,0.235966,calls/second,milliseconds
1779197544,2,5.000000,4.496250,4.000000,0.499986,4.000000,5.000000,5.000000,5.000000,5.000000,5.000000,0.004138,0.000146,0.082116,0.235966,calls/second,milliseconds
1779197545,2,5.000000,4.496250,4.000000,0.499986,4.000000,5.000000,5.000000,5.000000,5.000000,5.000000,0.004129,0.000146,0.082116,0.235966,calls/second,milliseconds
1779197546,2,5.000000,4.496250,4.000000,0.499986,4.000000,5.000000,5.000000,5.000000,5.000000,5.000000,0.004121,0.000134,0.080759,0.234658,calls/second,milliseconds
1779197547,2,5.000000,4.496250,4.000000,0.499986,4.000000,5.000000,5.000000,5.000000,5.000000,5.000000,0.004112,0.000134,0.080759,0.234658,calls/second,milliseconds
1779197548,2,5.000000,4.496250,4.000000,0.499986,4.000000,5.000000,5.000000,5.000000,5.000000,5.000000,0.004104,0.000134,0.080759,0.234658,calls/second,milliseconds
1779197549,2,5.000000,4.496250,4.000000,0.499986,4.000000,5.000000,5.000000,5.000000,5.000000,5.000000,0.004095,0.000134,0.080759,0.234658,calls/second,milliseconds
1779197550,2,5.000000,4.496250,4.000000,0.499986,4.000000,5.000000,5.000000,5.000000,5.000000,5.000000,0.004087,0.000134,0.080759,0.234658,calls/second,milliseconds
1779197551,2,5.000000,4.496250,4.000000,0.499986,4.000000,5.000000,5.000000,5.000000,5.000000,5.000000,0.004079,0.000123,0.079424,0.233358,calls/second,milliseconds
1779197552,2,5.000000,4.496250,4.000000,0.499986,4.000000,5.000000,5.000000,5.000000,5.000000,5.000000,0.004070,0.000123,0.079424,0.233358,calls/second,milliseconds
1779197553,2,5.000000,4.496250,4.000000,0.499986,4.000000,5.000000,5.000000,5.000000,5.000000,5.000000,0.004062,0.000123,0.079424,0.233358,calls/second,milliseconds
1779197554,2,5.000000,4.496250,4.000000,0.499986,4.000000,5.000000,5.000000,5.000000,5.000000,5.000000,0.004054,0.000123,0.079424,0.233358,calls/second,milliseconds
1779197555,2,5.000000,4.496250,4.000000,0.499986,4.000000,5.000000,5.000000,5.000000,5.000000,5.000000,0.004045,0.000123,0.079424,0.233358,calls/second,milliseconds
1779197556,2,5.000000,4.496250,4.000000,0.499986,4.000000,5.000000,5.000000,5.000000,5.000000,5.000000,0.004037,0.000114,0.078111,0.232066,calls/second,milliseconds
1779197557,2,5.000000,4.496250,4.000000,0.499986,4.000000,5.000000,5.000000,5.000000,5.000000,5.000000,0.004029,0.000114,0.078111,0.232066,calls/second,milliseconds
1779197558,2,5.000000,4.496250,4.000000,0.499986,4.000000,5.000000,5.000000,5.000000,5.000000,5.000000,0.004021,0.000114,0.078111,0.232066,calls/second,milliseconds
1779197559,2,5.000000,4.496250,4.000000,0.499986,4.000000,5.000000,5.000000,5.000000,5.000000,5.000000,0.004013,0.000114,0.078111,0.232066,calls/second,milliseconds
1779197560,2,5.000000,4.496250,4.000000,0.499986,4.000000,5.000000,5.000000,5.000000,5.000000,5.000000,0.004005,0.000114,0.078111,0.232066,calls/second,milliseconds
1779197561,2,5.000000,4.496250,4.000000,0.499986,4.000000,5.000000,5.000000,5.000000,5.000000,5.000000,0.003997,0.000105,0.076820,0.230780,calls/second,milliseconds
1779197562,2,5.000000,4.496250,4.000000,0.499986,4.000000,5.000000,5.000000,5.000000,5.000000,5.000000,0.003989,0.000105,0.076820,0.230780,calls/second,milliseconds
1779197563,2,5.000000,4.496250,4.000000,0.499986,4.000000,5.000000,5.000000,5.000000,5.000000,5.000000,0.003981,0.000105,0.076820,0.230780,calls/second,milliseconds
1779197564,2,5.000000,4.496250,4.000000,0.499986,4.000000,5.000000,5.000000,5.000000,5.000000,5.000000,0.003973,0.000105,0.076820,0.230780,calls/second,milliseconds
1779197565,2,5.000000,4.496250,4.000000,0.499986,4.000000,5.000000,5.000000,5.000000,5.000000,5.000000,0.003965,0.000105,0.076820,0.230780,calls/second,milliseconds
1779197566,2,5.000000,4.496250,4.000000,0.499986,4.000000,5.000000,5.000000,5.000000,5.000000,5.000000,0.003957,0.000096,0.075550,0.229501,calls/second,milliseconds
1779197567,2,5.000000,4.496250,4.000000,0.499986,4.000000,5.000000,5.000000,5.000000,5.000000,5.000000,0.003949,0.000096,0.075550,0.229501,calls/second,milliseconds
1779197568,2,5.000000,4.496250,4.000000,0.499986,4.000000,5.000000,5.000000,5.000000,5.000000,5.000000,0.003942,0.000096,0.075550,0.229501,calls/second,milliseconds
1779197569,2,5.000000,4.496250,4.000000,0.499986,4.000000,5.000000,5.000000,5.000000,5.000000,5.000000,0.003934,0.000096,0.075550,0.229501,calls/second,milliseconds
1779197570,2,5.000000,4.496250,4.000000,0.499986,4.000000,5.000000,5.000000,5.000000,5.000000,5.000000,0.003926,0.000096,0.075550,0.229501,calls/second,milliseconds
1779197571,2,5.000000,4.496250,4.000000,0.499986,4.000000,5.000000,5.000000,5.000000,5.000000,5.000000,0.003918,0.000088,0.074302,0.228230,calls/second,milliseconds
1779197572,2,5.000000,4.496250,4.000000,0.499986,4.000000,5.000000,5.000000,5.000000,5.000000,5.000000,0.003911,0.000088,0.074302,0.228230,calls/second,milliseconds
1779197573,2,5.000000,4.496250,4.000000,0.499986,4.000000,5.000000,5.000000,5.000000,5.000000,5.000000,0.003903,0.000088,0.074302,0.228230,calls/second,milliseconds
1779197574,2,5.000000,4.496250,4.000000,0.499986,4.000000,5.000000,5.000000,5.000000,5.000000,5.000000,0.003895,0.000088,0.074302,0.228230,calls/second,milliseconds
1779197575,2,5.000000,4.496250,4.000000,0.499986,4.000000,5.000000,5.000000,5.000000,5.000000,5.000000,0.003888,0.000088,0.074302,0.228230,calls/second,milliseconds
1779197576,2,5.000000,4.496250,4.000000,0.499986,4.000000,5.000000,5.000000,5.000000,5.000000,5.000000,0.003880,0.000081,0.073073,0.226965,calls/second,milliseconds
1779197577,2,5.000000,4.496250,4.000000,0.499986,4.000000,5.000000,5.000000,5.000000,5.000000,5.000000,0.003873,0.000081,0.073073,0.226965,calls/second,milliseconds
1779197578,2,5.000000,4.496250,4.000000,0.499986,4.000000,5.000000,5.000000,5.000000,5.000000,5.000000,0.003865,0.000081,0.073073,0.226965,calls/second,milliseconds
1779197579,2,5.000000,4.496250,4.000000,0.499986,4.000000,5.000000,5.000000,5.000000,5.000000,5.000000,0.003858,0.000081,0.073073,0.226965,calls/second,milliseconds
1779197580,2,5.000000,4.496250,4.000000,0.499986,4.000000,5.000000,5.000000,5.000000,5.000000,5.000000,0.003850,0.000081,0.073073,0.226965,calls/second,milliseconds
1779197581,2,5.000000,4.496250,4.000000,0.499986,4.000000,5.000000,5.000000,5.000000,5.000000,5.000000,0.003843,0.000075,0.071866,0.225708,calls/second,milliseconds
1779197582,2,5.000000,4.496250,4.000000,0.499986,4.000000,5.000000,5.000000,5.000000,5.000000,5.000000,0.003836,0.000075,0.071866,0.225708,calls/second,milliseconds
1779197583,2,5.000000,4.496250,4.000000,0.499986,4.000000,5.000000,5.000000,5.000000,5.000000,5.000000,0.003828,0.000075,0.071866,0.225708,calls/second,milliseconds
1779197584,2,5.000000,4.496250,4.000000,0.499986,4.000000,5.000000,5.000000,5.000000,5.000000,5.000000,0.003821,0.000075,0.071866,0.225708,calls/second,milliseconds
1779197585,2,5.000000,4.496250,4.000000,0.499986,4.000000,5.000000,5.000000,5.000000,5.000000,5.000000,0.003814,0.000075,0.071866,0.225708,calls/second,milliseconds
1779197586,2,5.000000,4.496250,4.000000,0.499986,4.000000,5.000000,5.000000,5.000000,5.000000,5.000000,0.003806,0.000069,0.070678,0.224458,calls/second,milliseconds
1779197587,2,5.000000,4.496250,4.000000,0.499986,4.000000,5.000000,5.000000,5.000000,5.000000,5.000000,0.003799,0.000069,0.070678,0.224458,calls/second,milliseconds
1779197588,2,5.000000,4.496250,4.000000,0.499986,4.000000,5.000000,5.000000,5.000000,5.000000,5.000000,0.003792,0.000069,0.070678,0.224458,calls/second,milliseconds
1779197589,2,5.000000,4.496250,4.000000,0.499986,4.000000,5.000000,5.000000,5.000000,5.000000,5.000000,0.003785,0.000069,0.070678,0.224458,calls/second,milliseconds
1779197590,2,5.000000,4.496250,4.000000,0.499986,4.000000,5.000000,5.000000,5.000000,5.000000,5.000000,0.003778,0.000069,0.070678,0.224458,calls/second,milliseconds
1779197591,2,5.000000,4.496250,4.000000,0.499986,4.000000,5.000000,5.000000,5.000000,5.000000,5.000000,0.003770,0.000063,0.069510,0.223214,calls/second,milliseconds
1779197592,2,5.000000,4.496250,4.000000,0.499986,4.000000,5.000000,5.000000,5.000000,5.000000,5.000000,0.003763,0.000063,0.069510,0.223214,calls/second,milliseconds
1779197593,2,5.000000,4.496250,4.000000,0.499986,4.000000,5.000000,5.000000,5.000000,5.000000,5.000000,0.003756,0.000063,0.069510,0.223214,calls/second,milliseconds
1779197594,2,5.000000,4.496250,4.000000,0.499986,4.000000,5.000000,5.000000,5.000000,5.000000,5.000000,0.003749,0.000063,0.069510,0.223214,calls/second,milliseconds
1779197595,2,5.000000,4.496250,4.000000,0.499986,4.000000,5.000000,5.000000,5.000000,5.000000,5.000000,0.003742,0.000063,0.069510,0.223214,calls/second,milliseconds
1779197596,2,5.000000,4.496250,4.000000,0.499986,4.000000,5.000000,5.000000,5.000000,5.000000,5.000000,0.003735,0.000058,0.068361,0.221977,calls/second,milliseconds
1779197597,2,5.000000,4.496250,4.000000,0.499986,4.000000,5.000000,5.000000,5.000000,5.000000,5.000000,0.003728,0.000058,0.068361,0.221977,calls/second,milliseconds
1779197598,2,5.000000,4.496250,4.000000,0.499986,4.000000,5.000000,5.000000,5.000000,5.000000,5.000000,0.003721,0.000058,0.068361,0.221977,calls/second,milliseconds
1779197599,2,5.000000,4.496250,4.000000,0.499986,4.000000,5.000000,5.000000,5.000000,5.000000,5.000000,0.003714,0.000058,0.068361,0.221977,calls/second,milliseconds
1779197600,2,5.000000,4.496250,4.000000,0.499986,4.000000,5.000000,5.000000,5.000000,5.000000,5.000000,0.003707,0.000058,0.068361,0.221977,calls/second,milliseconds
1779197601,2,5.000000,4.496250,4.000000,0.499986,4.000000,5.000000,5.000000,5.000000,5.000000,5.000000,0.003701,0.000054,0.067231,0.220748,calls/second,milliseconds
1779197602,2,5.000000,4.496250,4.000000,0.499986,4.000000,5.000000,5.000000,5.000000,5.000000,5.000000,0.003694,0.000054,0.067231,0.220748,calls/second,milliseconds
1779197603,2,5.000000,4.496250,4.000000,0.499986,4.000000,5.000000,5.000000,5.000000,5.000000,5.000000,0.003687,0.000054,0.067231,0.220748,calls/second,milliseconds
1779197604,2,5.000000,4.496250,4.000000,0.499986,4.000000,5.000000,5.000000,5.000000,5.000000,5.000000,0.003680,0.000054,0.067231,0.220748,calls/second,milliseconds
1779197605,2,5.000000,4.496250,4.000000,0.499986,4.000000,5.000000,5.000000,5.000000,5.000000,5.000000,0.003673,0.000054,0.067231,0.220748,calls/second,milliseconds
1779197606,2,5.000000,4.496250,4.000000,0.499986,4.000000,5.000000,5.000000,5.000000,5.000000,5.000000,0.003667,0.000049,0.066120,0.219525,calls/second,milliseconds
1779197607,2,5.000000,4.496250,4.000000,0.499986,4.000000,5.000000,5.000000,5.000000,5.000000,5.000000,0.003660,0.000049,0.066120,0.219525,calls/second,milliseconds
1779197608,2,5.000000,4.496250,4.000000,0.499986,4.000000,5.000000,5.000000,5.000000,5.000000,5.000000,0.003653,0.000049,0.066120,0.219525,calls/second,milliseconds
1779197609,2,5.000000,4.496250,4.000000,0.499986,4.000000,5.000000,5.000000,5.000000,5.000000,5.000000,0.003647,0.000049,0.066120,0.219525,calls/second,milliseconds
1779197610,2,5.000000,4.496250,4.000000,0.499986,4.000000,5.000000,5.000000,5.000000,5.000000,5.000000,0.003640,0.000049,0.066120,0.219525,calls/second,milliseconds
1779197611,2,5.000000,4.496250,4.000000,0.499986,4.000000,5.000000,5.000000,5.000000,5.000000,5.000000,0.003633,0.000045,0.065027,0.218308,calls/second,milliseconds
1779197612,2,5.000000,4.496250,4.000000,0.499986,4.000000,5.000000,5.000000,5.000000,5.000000,5.000000,0.003627,0.000045,0.065027,0.218308,calls/second,milliseconds
1779197613,2,5.000000,4.496250,4.000000,0.499986,4.000000,5.000000,5.000000,5.000000,5.000000,5.000000,0.003620,0.000045,0.065027,0.218308,calls/second,milliseconds
1779197614,2,5.000000,4.496250,4.000000,0.499986,4.000000,5.000000,5.000000,5.000000,5.000000,5.000000,0.003614,0.000045,0.065027,0.218308,calls/second,milliseconds
1779197615,2,5.000000,4.496250,4.000000,0.499986,4.000000,5.000000,5.000000,5.000000,5.000000,5.000000,0.003607,0.000045,0.065027,0.218308,calls/second,milliseconds
1779197616,2,5.000000,4.496250,4.000000,0.499986,4.000000,5.000000,5.000000,5.000000,5.000000,5.000000,0.003601,0.000042,0.063952,0.217099,calls/second,milliseconds
1779197617,2,5.000000,4.496250,4.000000,0.499986,4.000000,5.000000,5.000000,5.000000,5.000000,5.000000,0.003594,0.000042,0.063952,0.217099,calls/second,milliseconds
1779197618,2,5.000000,4.496250,4.000000,0.499986,4.000000,5.000000,5.000000,5.000000,5.000000,5.000000,0.003588,0.000042,0.063952,0.217099,calls/second,milliseconds
1779197619,2,5.000000,4.496250,4.000000,0.499986,4.000000,5.000000,5.000000,5.000000,5.000000,5.000000,0.003581,0.000042,0.063952,0.217099,calls/second,milliseconds
1779197620,2,5.000000,4.496250,4.000000,0.499986,4.000000,5.000000,5.000000,5.000000,5.000000,5.000000,0.003575,0.000042,0.063952,0.217099,calls/second,milliseconds
1779197621,2,5.000000,4.496250,4.000000,0.499986,4.000000,5.000000,5.000000,5.000000,5.000000,5.000000,0.003568,0.000038,0.062895,0.215896,calls/second,milliseconds
1779197622,2,5.000000,4.496250,4.000000,0.499986,4.000000,5.000000,5.000000,5.000000,5.000000,5.000000,0.003562,0.000038,0.062895,0.215896,calls/second,milliseconds
1779197623,2,5.000000,4.496250,4.000000,0.499986,4.000000,5.000000,5.000000,5.000000,5.000000,5.000000,0.003556,0.000038,0.062895,0.215896,calls/second,milliseconds
1779197624,2,5.000000,4.496250,4.000000,0.499986,4.000000,5.000000,5.000000,5.000000,5.000000,5.000000,0.003549,0.000038,0.062895,0.215896,calls/second,milliseconds
1779197625,2,5.000000,4.496250,4.000000,0.499986,4.000000,5.000000,5.000000,5.000000,5.000000,5.000000,0.003543,0.000038,0.062895,0.215896,calls/second,milliseconds
1779197626,2,5.000000,4.496250,4.000000,0.499986,4.000000,5.000000,5.000000,5.000000,5.000000,5.000000,0.003537,0.000035,0.061855,0.214700,calls/second,milliseconds
1779197627,2,5.000000,4.496250,4.000000,0.499986,4.000000,5.000000,5.000000,5.000000,5.000000,5.000000,0.003531,0.000035,0.061855,0.214700,calls/second,milliseconds
1779197628,2,5.000000,4.496250,4.000000,0.499986,4.000000,5.000000,5.000000,5.000000,5.000000,5.000000,0.003524,0.000035,0.061855,0.214700,calls/second,milliseconds
1779197629,2,5.000000,4.496250,4.000000,0.499986,4.000000,5.000000,5.000000,5.000000,5.000000,5.000000,0.003518,0.000035,0.061855,0.214700,calls/second,milliseconds
1779197630,2,5.000000,4.496250,4.000000,0.499986,4.000000,5.000000,5.000000,5.000000,5.000000,5.000000,0.003512,0.000035,0.061855,0.214700,calls/second,milliseconds
1779197631,2,5.000000,4.496250,4.000000,0.499986,4.000000,5.000000,5.000000,5.000000,5.000000,5.000000,0.003506,0.000033,0.060833,0.213511,calls/second,milliseconds
1779197632,2,5.000000,4.496250,4.000000,0.499986,4.000000,5.000000,5.000000,5.000000,5.000000,5.000000,0.003500,0.000033,0.060833,0.213511,calls/second,milliseconds
1779197633,2,5.000000,4.496250,4.000000,0.499986,4.000000,5.000000,5.000000,5.000000,5.000000,5.000000,0.003493,0.000033,0.060833,0.213511,calls/second,milliseconds
1779197634,2,5.000000,4.496250,4.000000,0.499986,4.000000,5.000000,5.000000,5.000000,5.000000,5.000000,0.003487,0.000033,0.060833,0.213511,calls/second,milliseconds
1779197635,2,5.000000,4.496250,4.000000,0.499986,4.000000,5.000000,5.000000,5.000000,5.000000,5.000000,0.003481,0.000033,0.060833,0.213511,calls/second,milliseconds
1779197636,2,5.000000,4.496250,4.000000,0.499986,4.000000,5.000000,5.000000,5.000000,5.000000,5.000000,0.003475,0.000030,0.059827,0.212328,calls/second,milliseconds
1779197637,2,5.000000,4.496250,4.000000,0.499986,4.000000,5.000000,5.000000,5.000000,5.000000,5.000000,0.003469,0.000030,0.059827,0.212328,calls/second,milliseconds
1779197638,2,5.000000,4.496250,4.000000,0.499986,4.000000,5.000000,5.000000,5.000000,5.000000,5.000000,0.003463,0.000030,0.059827,0.212328,calls/second,milliseconds
1779197639,2,5.000000,4.496250,4.000000,0.499986,4.000000,5.000000,5.000000,5.000000,5.000000,5.000000,0.003457,0.000030,0.059827,0.212328,calls/second,milliseconds
1779197640,2,5.000000,4.496250,4.000000,0.499986,4.000000,5.000000,5.000000,5.000000,5.000000,5.000000,0.003451,0.000030,0.059827,0.212328,calls/second,milliseconds
1779197641,2,5.000000,4.496250,4.000000,0.499986,4.000000,5.000000,5.000000,5.000000,5.000000,5.000000,0.003445,0.000028,0.058839,0.211151,calls/second,milliseconds
1779197642,2,5.000000,4.496250,4.000000,0.499986,4.000000,5.000000,5.000000,5.000000,5.000000,5.000000,0.003439,0.000028,0.058839,0.211151,calls/second,milliseconds
1779197643,2,5.000000,4.496250,4.000000,0.499986,4.000000,5.000000,5.000000,5.000000,5.000000,5.000000,0.003433,0.000028,0.058839,0.211151,calls/second,milliseconds
1779197644,2,5.000000,4.496250,4.000000,0.499986,4.000000,5.000000,5.000000,5.000000,5.000000,5.000000,0.003428,0.000028,0.058839,0.211151,calls/second,milliseconds
1779197645,2,5.000000,4.496250,4.000000,0.499986,4.000000,5.000000,5.000000,5.000000,5.000000,5.000000,0.003422,0.000028,0.058839,0.211151,calls/second,milliseconds
1779197646,2,5.000000,4.496250,4.000000,0.499986,4.000000,5.000000,5.000000,5.000000,5.000000,5.000000,0.003416,0.000025,0.057866,0.209982,calls/second,milliseconds
1779197647,2,5.000000,4.496250,4.000000,0.499986,4.000000,5.000000,5.000000,5.000000,5.000000,5.000000,0.003410,0.000025,0.057866,0.209982,calls/second,milliseconds
1779197648,2,5.000000,4.496250,4.000000,0.499986,4.000000,5.000000,5.000000,5.000000,5.000000,5.000000,0.003404,0.000025,0.057866,0.209982,calls/second,milliseconds
1779197649,2,5.000000,4.496250,4.000000,0.499986,4.000000,5.000000,5.000000,5.000000,5.000000,5.000000,0.003398,0.000025,0.057866,0.209982,calls/second,milliseconds
1779197650,2,5.000000,4.496250,4.000000,0.499986,4.000000,5.000000,5.000000,5.000000,5.000000,5.000000,0.003393,0.000025,0.057866,0.209982,calls/second,milliseconds
1779197651,2,5.000000,4.496250,4.000000,0.499986,4.000000,5.000000,5.000000,5.000000,5.000000,5.000000,0.003387,0.000023,0.056910,0.208818,calls/second,milliseconds
1779197652,2,5.000000,4.496250,4.000000,0.499986,4.000000,5.000000,5.000000,5.000000,5.000000,5.000000,0.003381,0.000023,0.056910,0.208818,calls/second,milliseconds
1779197653,2,5.000000,4.496250,4.000000,0.499986,4.000000,5.000000,5.000000,5.000000,5.000000,5.000000,0.003375,0.000023,0.056910,0.208818,calls/second,milliseconds
1779197654,2,5.000000,4.496250,4.000000,0.499986,4.000000,5.000000,5.000000,5.000000,5.000000,5.000000,0.003370,0.000023,0.056910,0.208818,calls/second,milliseconds
1779197655,2,5.000000,4.496250,4.000000,0.499986,4.000000,5.000000,5.000000,5.000000,5.000000,5.000000,0.003364,0.000023,0.056910,0.208818,calls/second,milliseconds
1779197656,2,5.000000,4.496250,4.000000,0.499986,4.000000,5.000000,5.000000,5.000000,5.000000,5.000000,0.003358,0.000021,0.055969,0.207661,calls/second,milliseconds
1779197657,2,5.000000,4.496250,4.000000,0.499986,4.000000,5.000000,5.000000,5.000000,5.000000,5.000000,0.003353,0.000021,0.055969,0.207661,calls/second,milliseconds
1779197658,2,5.000000,4.496250,4.000000,0.499986,4.000000,5.000000,5.000000,5.000000,5.000000,5.000000,0.003347,0.000021,0.055969,0.207661,calls/second,milliseconds
1779197659,2,5.000000,4.496250,4.000000,0.499986,4.000000,5.000000,5.000000,5.000000,5.000000,5.000000,0.003342,0.000021,0.055969,0.207661,calls/second,milliseconds
1779197660,2,5.000000,4.496250,4.000000,0.499986,4.000000,5.000000,5.000000,5.000000,5.000000,5.000000,0.003336,0.000021,0.055969,0.207661,calls/second,milliseconds
1779197661,2,5.000000,4.496250,4.000000,0.499986,4.000000,5.000000,5.000000,5.000000,5.000000,5.000000,0.003330,0.000020,0.055044,0.206511,calls/second,milliseconds
1779197662,2,5.000000,4.496250,4.000000,0.499986,4.000000,5.000000,5.000000,5.000000,5.000000,5.000000,0.003325,0.000020,0.055044,0.206511,calls/second,milliseconds
1779197663,2,5.000000,4.496250,4.000000,0.499986,4.000000,5.000000,5.000000,5.000000,5.000000,5.000000,0.003319,0.000020,0.055044,0.206511,calls/second,milliseconds
1779197664,2,5.000000,4.496250,4.000000,0.499986,4.000000,5.000000,5.000000,5.000000,5.000000,5.000000,0.003314,0.000020,0.055044,0.206511,calls/second,milliseconds
1779197665,2,5.000000,4.496250,4.000000,0.499986,4.000000,5.000000,5.000000,5.000000,5.000000,5.000000,0.003308,0.000020,0.055044,0.206511,calls/second,milliseconds
1779197666,2,5.000000,4.496250,4.000000,0.499986,4.000000,5.000000,5.000000,5.000000,5.000000,5.000000,0.003303,0.000018,0.054134,0.205367,calls/second,milliseconds
1779197667,2,5.000000,4.496250,4.000000,0.499986,4.000000,5.000000,5.000000,5.000000,5.000000,5.000000,0.003297,0.000018,0.054134,0.205367,calls/second,milliseconds
1779197668,2,5.000000,4.496250,4.000000,0.499986,4.000000,5.000000,5.000000,5.000000,5.000000,5.000000,0.003292,0.000018,0.054134,0.205367,calls/second,milliseconds
1779197669,2,5.000000,4.496250,4.000000,0.499986,4.000000,5.000000,5.000000,5.000000,5.000000,5.000000,0.003287,0.000018,0.054134,0.205367,calls/second,milliseconds
1779197670,2,5.000000,4.496250,4.000000,0.499986,4.000000,5.000000,5.000000,5.000000,5.000000,5.000000,0.003281,0.000018,0.054134,0.205367,calls/second,milliseconds
1779197671,2,5.000000,4.496250,4.000000,0.499986,4.000000,5.000000,5.000000,5.000000,5.000000,5.000000,0.003276,0.000017,0.053239,0.204229,calls/second,milliseconds
1779197672,2,5.000000,4.496250,4.000000,0.499986,4.000000,5.000000,5.000000,5.000000,5.000000,5.000000,0.003270,0.000017,0.053239,0.204229,calls/second,milliseconds
1779197673,2,5.000000,4.496250,4.000000,0.499986,4.000000,5.000000,5.000000,5.000000,5.000000,5.000000,0.003265,0.000017,0.053239,0.204229,calls/second,milliseconds
1779197674,2,5.000000,4.496250,4.000000,0.499986,4.000000,5.000000,5.000000,5.000000,5.000000,5.000000,0.003260,0.000017,0.053239,0.204229,calls/second,milliseconds
1779197675,2,5.000000,4.496250,4.000000,0.499986,4.000000,5.000000,5.000000,5.000000,5.000000,5.000000,0.003254,0.000017,0.053239,0.204229,calls/second,milliseconds
1779197676,2,5.000000,4.496250,4.000000,0.499986,4.000000,5.000000,5.000000,5.000000,5.000000,5.000000,0.003249,0.000015,0.052359,0.203098,calls/second,milliseconds
1779197677,2,5.000000,4.496250,4.000000,0.499986,4.000000,5.000000,5.000000,5.000000,5.000000,5.000000,0.003244,0.000015,0.052359,0.203098,calls/second,milliseconds
1779197678,2,5.000000,4.496250,4.000000,0.499986,4.000000,5.000000,5.000000,5.000000,5.000000,5.000000,0.003239,0.000015,0.052359,0.203098,calls/second,milliseconds
1779197679,2,5.000000,4.496250,4.000000,0.499986,4.000000,5.000000,5.000000,5.000000,5.000000,5.000000,0.003233,0.000015,0.052359,0.203098,calls/second,milliseconds
1779197680,2,5.000000,4.496250,4.000000,0.499986,4.000000,5.000000,5.000000,5.000000,5.000000,5.000000,0.003228,0.000015,0.052359,0.203098,calls/second,milliseconds
1779197681,2,5.000000,4.496250,4.000000,0.499986,4.000000,5.000000,5.000000,5.000000,5.000000,5.000000,0.003223,0.000014,0.051494,0.201972,calls/second,milliseconds
1779197682,2,5.000000,4.496250,4.000000,0.499986,4.000000,5.000000,5.000000,5.000000,5.000000,5.000000,0.003218,0.000014,0.051494,0.201972,calls/second,milliseconds
1779197683,2,5.000000,4.496250,4.000000,0.499986,4.000000,5.000000,5.000000,5.000000,5.000000,5.000000,0.003212,0.000014,0.051494,0.201972,calls/second,milliseconds
1779197684,2,5.000000,4.496250,4.000000,0.499986,4.000000,5.000000,5.000000,5.000000,5.000000,5.000000,0.003207,0.000014,0.051494,0.201972,calls/second,milliseconds
1779197685,2,5.000000,4.496250,4.000000,0.499986,4.000000,5.000000,5.000000,5.000000,5.000000,5.000000,0.003202,0.000014,0.051494,0.201972,calls/second,milliseconds
1779197686,2,5.000000,4.496250,4.000000,0.499986,4.000000,5.000000,5.000000,5.000000,5.000000,5.000000,0.003197,0.000013,0.050643,0.200853,calls/second,milliseconds
1779197687,2,5.000000,4.496250,4.000000,0.499986,4.000000,5.000000,5.000000,5.000000,5.000000,5.000000,0.003192,0.000013,0.050643,0.200853,calls/second,milliseconds
1779197688,2,5.000000,4.496250,4.000000,0.499986,4.000000,5.000000,5.000000,5.000000,5.000000,5.000000,0.003187,0.000013,0.050643,0.200853,calls/second,milliseconds
1779197689,2,5.000000,4.496250,4.000000,0.499986,4.000000,5.000000,5.000000,5.000000,5.000000,5.000000,0.003182,0.000013,0.050643,0.200853,calls/second,milliseconds
1779197690,2,5.000000,4.496250,4.000000,0.499986,4.000000,5.000000,5.000000,5.000000,5.000000,5.000000,0.003177,0.000013,0.050643,0.200853,calls/second,milliseconds
1779197691,2,5.000000,4.496250,4.000000,0.499986,4.000000,5.000000,5.000000,5.000000,5.000000,5.000000,0.003172,0.000012,0.049806,0.199741,calls/second,milliseconds
1779197692,2,5.000000,4.496250,4.000000,0.499986,4.000000,5.000000,5.000000,5.000000,5.000000,5.000000,0.003167,0.000012,0.049806,0.199741,calls/second,milliseconds
1779197693,2,5.000000,4.496250,4.000000,0.499986,4.000000,5.000000,5.000000,5.000000,5.000000,5.000000,0.003162,0.000012,0.049806,0.199741,calls/second,milliseconds
1779197694,2,5.000000,4.496250,4.000000,0.499986,4.000000,5.000000,5.000000,5.000000,5.000000,5.000000,0.003157,0.000012,0.049806,0.199741,calls/second,milliseconds
1779197695,2,5.000000,4.496250,4.000000,0.499986,4.000000,5.000000,5.000000,5.000000,5.000000,5.000000,0.003152,0.000012,0.049806,0.199741,calls/second,milliseconds
1779197696,2,5.000000,4.496250,4.000000,0.499986,4.000000,5.000000,5.000000,5.000000,5.000000,5.000000,0.003147,0.000011,0.048983,0.198634,calls/second,milliseconds
1779197697,2,5.000000,4.496250,4.000000,0.499986,4.000000,5.000000,5.000000,5.000000,5.000000,5.000000,0.003142,0.000011,0.048983,0.198634,calls/second,milliseconds
1779197699,2,5.000000,4.496250,4.000000,0.499986,4.000000,5.000000,5.000000,5.000000,5.000000,5.000000,0.003137,0.000011,0.048983,0.198634,calls/second,milliseconds
1779197700,2,5.000000,4.496250,4.000000,0.499986,4.000000,5.000000,5.000000,5.000000,5.000000,5.000000,0.003132,0.000011,0.048983,0.198634,calls/second,milliseconds
1779197701,2,5.000000,4.496250,4.000000,0.499986,4.000000,5.000000,5.000000,5.000000,5.000000,5.000000,0.003127,0.000011,0.048983,0.198634,calls/second,milliseconds
1779197702,2,5.000000,4.496250,4.000000,0.499986,4.000000,5.000000,5.000000,5.000000,5.000000,5.000000,0.003122,0.000010,0.048173,0.197534,calls/second,milliseconds
1779197703,2,5.000000,4.496250,4.000000,0.499986,4.000000,5.000000,5.000000,5.000000,5.000000,5.000000,0.003117,0.000010,0.048173,0.197534,calls/second,milliseconds
1779197704,2,5.000000,4.496250,4.000000,0.499986,4.000000,5.000000,5.000000,5.000000,5.000000,5.000000,0.003112,0.000010,0.048173,0.197534,calls/second,milliseconds
1779197705,2,5.000000,4.496250,4.000000,0.499986,4.000000,5.000000,5.000000,5.000000,5.000000,5.000000,0.003107,0.000010,0.048173,0.197534,calls/second,milliseconds
1779197706,2,5.000000,4.496250,4.000000,0.499986,4.000000,5.000000,5.000000,5.000000,5.000000,5.000000,0.003103,0.000010,0.048173,0.197534,calls/second,milliseconds
1779197707,2,5.000000,4.496250,4.000000,0.499986,4.000000,5.000000,5.000000,5.000000,5.000000,5.000000,0.003098,0.000009,0.047377,0.196439,calls/second,milliseconds
1779197708,2,5.000000,4.496250,4.000000,0.499986,4.000000,5.000000,5.000000,5.000000,5.000000,5.000000,0.003093,0.000009,0.047377,0.196439,calls/second,milliseconds
1779197709,2,5.000000,4.496250,4.000000,0.499986,4.000000,5.000000,5.000000,5.000000,5.000000,5.000000,0.003088,0.000009,0.047377,0.196439,calls/second,milliseconds
1779197710,2,5.000000,4.496250,4.000000,0.499986,4.000000,5.000000,5.000000,5.000000,5.000000,5.000000,0.003084,0.000009,0.047377,0.196439,calls/second,milliseconds
1779197711,2,5.000000,4.496250,4.000000,0.499986,4.000000,5.000000,5.000000,5.000000,5.000000,5.000000,0.003079,0.000009,0.047377,0.196439,calls/second,milliseconds
1779197712,2,5.000000,4.496250,4.000000,0.499986,4.000000,5.000000,5.000000,5.000000,5.000000,5.000000,0.003074,0.000009,0.046594,0.195351,calls/second,milliseconds
1779197713,2,5.000000,4.496250,4.000000,0.499986,4.000000,5.000000,5.000000,5.000000,5.000000,5.000000,0.003069,0.000009,0.046594,0.195351,calls/second,milliseconds
1779197714,2,5.000000,4.496250,4.000000,0.499986,4.000000,5.000000,5.000000,5.000000,5.000000,5.000000,0.003065,0.000009,0.046594,0.195351,calls/second,milliseconds
1779197715,2,5.000000,4.496250,4.000000,0.499986,4.000000,5.000000,5.000000,5.000000,5.000000,5.000000,0.003060,0.000009,0.046594,0.195351,calls/second,milliseconds
1779197716,2,5.000000,4.496250,4.000000,0.499986,4.000000,5.000000,5.000000,5.000000,5.000000,5.000000,0.003055,0.000009,0.046594,0.195351,calls/second,milliseconds
1779197717,2,5.000000,4.496250,4.000000,0.499986,4.000000,5.000000,5.000000,5.000000,5.000000,5.000000,0.003051,0.000008,0.045824,0.194269,calls/second,milliseconds
1779197718,2,5.000000,4.496250,4.000000,0.499986,4.000000,5.000000,5.000000,5.000000,5.000000,5.000000,0.003046,0.000008,0.045824,0.194269,calls/second,milliseconds
1779197719,2,5.000000,4.496250,4.000000,0.499986,4.000000,5.000000,5.000000,5.000000,5.000000,5.000000,0.003041,0.000008,0.045824,0.194269,calls/second,milliseconds
1779197720,2,5.000000,4.496250,4.000000,0.499986,4.000000,5.000000,5.000000,5.000000,5.000000,5.000000,0.003037,0.000008,0.045824,0.194269,calls/second,milliseconds
1779197721,2,5.000000,4.496250,4.000000,0.499986,4.000000,5.000000,5.000000,5.000000,5.000000,5.000000,0.003032,0.000008,0.045824,0.194269,calls/second,milliseconds
1779197722,2,5.000000,4.496250,4.000000,0.499986,4.000000,5.000000,5.000000,5.000000,5.000000,5.000000,0.003027,0.000007,0.045066,0.193192,calls/second,milliseconds
1779197723,2,5.000000,4.496250,4.000000,0.499986,4.000000,5.000000,5.000000,5.000000,5.000000,5.000000,0.003023,0.000007,0.045066,0.193192,calls/second,milliseconds
1779197724,2,5.000000,4.496250,4.000000,0.499986,4.000000,5.000000,5.000000,5.000000,5.000000,5.000000,0.003018,0.000007,0.045066,0.193192,calls/second,milliseconds
1779197725,2,5.000000,4.496250,4.000000,0.499986,4.000000,5.000000,5.000000,5.000000,5.000000,5.000000,0.003014,0.000007,0.045066,0.193192,calls/second,milliseconds
1779197726,2,5.000000,4.496250,4.000000,0.499986,4.000000,5.000000,5.000000,5.000000,5.000000,5.000000,0.003009,0.000007,0.045066,0.193192,calls/second,milliseconds
1779197727,2,5.000000,4.496250,4.000000,0.499986,4.000000,5.000000,5.000000,5.000000,5.000000,5.000000,0.003005,0.000007,0.044321,0.192122,calls/second,milliseconds
1779197728,2,5.000000,4.496250,4.000000,0.499986,4.000000,5.000000,5.000000,5.000000,5.000000,5.000000,0.003000,0.000007,0.044321,0.192122,calls/second,milliseconds
1779197729,2,5.000000,4.496250,4.000000,0.499986,4.000000,5.000000,5.000000,5.000000,5.000000,5.000000,0.002996,0.000007,0.044321,0.192122,calls/second,milliseconds
1779197730,2,5.000000,4.496250,4.000000,0.499986,4.000000,5.000000,5.000000,5.000000,5.000000,5.000000,0.002991,0.000007,0.044321,0.192122,calls/second,milliseconds
1779197731,2,5.000000,4.496250,4.000000,0.499986,4.000000,5.000000,5.000000,5.000000,5.000000,5.000000,0.002987,0.000007,0.044321,0.192122,calls/second,milliseconds
1779197732,2,5.000000,4.496250,4.000000,0.499986,4.000000,5.000000,5.000000,5.000000,5.000000,5.000000,0.002982,0.000006,0.043589,0.191058,calls/second,milliseconds
1779197733,2,5.000000,4.496250,4.000000,0.499986,4.000000,5.000000,5.000000,5.000000,5.000000,5.000000,0.002978,0.000006,0.043589,0.191058,calls/second,milliseconds
1779197734,2,5.000000,4.496250,4.000000,0.499986,4.000000,5.000000,5.000000,5.000000,5.000000,5.000000,0.002973,0.000006,0.043589,0.191058,calls/second,milliseconds
1779197735,2,5.000000,4.496250,4.000000,0.499986,4.000000,5.000000,5.000000,5.000000,5.000000,5.000000,0.002969,0.000006,0.043589,0.191058,calls/second,milliseconds
1779197736,2,5.000000,4.496250,4.000000,0.499986,4.000000,5.000000,5.000000,5.000000,5.000000,5.000000,0.002965,0.000006,0.043589,0.191058,calls/second,milliseconds
1779197737,2,5.000000,4.496250,4.000000,0.499986,4.000000,5.000000,5.000000,5.000000,5.000000,5.000000,0.002960,0.000006,0.042868,0.189999,calls/second,milliseconds
1779197738,2,5.000000,4.496250,4.000000,0.499986,4.000000,5.000000,5.000000,5.000000,5.000000,5.000000,0.002956,0.000006,0.042868,0.189999,calls/second,milliseconds
1779197739,2,5.000000,4.496250,4.000000,0.499986,4.000000,5.000000,5.000000,5.000000,5.000000,5.000000,0.002951,0.000006,0.042868,0.189999,calls/second,milliseconds
1779197740,2,5.000000,4.496250,4.000000,0.499986,4.000000,5.000000,5.000000,5.000000,5.000000,5.000000,0.002947,0.000006,0.042868,0.189999,calls/second,milliseconds
1779197741,2,5.000000,4.496250,4.000000,0.499986,4.000000,5.000000,5.000000,5.000000,5.000000,5.000000,0.002943,0.000006,0.042868,0.189999,calls/second,milliseconds
1779197742,2,5.000000,4.496250,4.000000,0.499986,4.000000,5.000000,5.000000,5.000000,5.000000,5.000000,0.002938,0.000005,0.042160,0.188947,calls/second,milliseconds
1779197743,2,5.000000,4.496250,4.000000,0.499986,4.000000,5.000000,5.000000,5.000000,5.000000,5.000000,0.002934,0.000005,0.042160,0.188947,calls/second,milliseconds
1779197744,2,5.000000,4.496250,4.000000,0.499986,4.000000,5.000000,5.000000,5.000000,5.000000,5.000000,0.002930,0.000005,0.042160,0.188947,calls/second,milliseconds
1779197745,2,5.000000,4.496250,4.000000,0.499986,4.000000,5.000000,5.000000,5.000000,5.000000,5.000000,0.002925,0.000005,0.042160,0.188947,calls/second,milliseconds
1779197746,2,5.000000,4.496250,4.000000,0.499986,4.000000,5.000000,5.000000,5.000000,5.000000,5.000000,0.002921,0.000005,0.042160,0.188947,calls/second,milliseconds
1779197747,2,5.000000,4.496250,4.000000,0.499986,4.000000,5.000000,5.000000,5.000000,5.000000,5.000000,0.002917,0.000005,0.041463,0.187900,calls/second,milliseconds
1779197748,2,5.000000,4.496250,4.000000,0.499986,4.000000,5.000000,5.000000,5.000000,5.000000,5.000000,0.002913,0.000005,0.041463,0.187900,calls/second,milliseconds
1779197749,2,5.000000,4.496250,4.000000,0.499986,4.000000,5.000000,5.000000,5.000000,5.000000,5.000000,0.002908,0.000005,0.041463,0.187900,calls/second,milliseconds
1779197750,2,5.000000,4.496250,4.000000,0.499986,4.000000,5.000000,5.000000,5.000000,5.000000,5.000000,0.002904,0.000005,0.041463,0.187900,calls/second,milliseconds
1779197751,2,5.000000,4.496250,4.000000,0.499986,4.000000,5.000000,5.000000,5.000000,5.000000,5.000000,0.002900,0.000005,0.041463,0.187900,calls/second,milliseconds
1779197752,2,5.000000,4.496250,4.000000,0.499986,4.000000,5.000000,5.000000,5.000000,5.000000,5.000000,0.002896,0.000004,0.040778,0.186859,calls/second,milliseconds
1779197753,2,5.000000,4.496250,4.000000,0.499986,4.000000,5.000000,5.000000,5.000000,5.000000,5.000000,0.002892,0.000004,0.040778,0.186859,calls/second,milliseconds
1779197754,2,5.000000,4.496250,4.000000,0.499986,4.000000,5.000000,5.000000,5.000000,5.000000,5.000000,0.002887,0.000004,0.040778,0.186859,calls/second,milliseconds
1779197755,2,5.000000,4.496250,4.000000,0.499986,4.000000,5.000000,5.000000,5.000000,5.000000,5.000000,0.002883,0.000004,0.040778,0.186859,calls/second,milliseconds
1779197756,2,5.000000,4.496250,4.000000,0.499986,4.000000,5.000000,5.000000,5.000000,5.000000,5.000000,0.002879,0.000004,0.040778,0.186859,calls/second,milliseconds
1779197757,2,5.000000,4.496250,4.000000,0.499986,4.000000,5.000000,5.000000,5.000000,5.000000,5.000000,0.002875,0.000004,0.040104,0.185824,calls/second,milliseconds
1779197758,2,5.000000,4.496250,4.000000,0.499986,4.000000,5.000000,5.000000,5.000000,5.000000,5.000000,0.002871,0.000004,0.040104,0.185824,calls/second,milliseconds
1779197759,2,5.000000,4.496250,4.000000,0.499986,4.000000,5.000000,5.000000,5.000000,5.000000,5.000000,0.002867,0.000004,0.040104,0.185824,calls/second,milliseconds
1779197760,2,5.000000,4.496250,4.000000,0.499986,4.000000,5.000000,5.000000,5.000000,5.000000,5.000000,0.002863,0.000004,0.040104,0.185824,calls/second,milliseconds
1779197761,2,5.000000,4.496250,4.000000,0.499986,4.000000,5.000000,5.000000,5.000000,5.000000,5.000000,0.002858,0.000004,0.040104,0.185824,calls/second,milliseconds
1779197762,2,5.000000,4.496250,4.000000,0.499986,4.000000,5.000000,5.000000,5.000000,5.000000,5.000000,0.002854,0.000004,0.039441,0.184794,calls/second,milliseconds
1779197763,2,5.000000,4.496250,4.000000,0.499986,4.000000,5.000000,5.000000,5.000000,5.000000,5.000000,0.002850,0.000004,0.039441,0.184794,calls/second,milliseconds
1779197764,2,5.000000,4.496250,4.000000,0.499986,4.000000,5.000000,5.000000,5.000000,5.000000,5.000000,0.002846,0.000004,0.039441,0.184794,calls/second,milliseconds
1779197765,2,5.000000,4.496250,4.000000,0.499986,4.000000,5.000000,5.000000,5.000000,5.000000,5.000000,0.002842,0.000004,0.039441,0.184794,calls/second,milliseconds
1779197766,2,5.000000,4.496250,4.000000,0.499986,4.000000,5.000000,5.000000,5.000000,5.000000,5.000000,0.002838,0.000004,0.039441,0.184794,calls/second,milliseconds
1779197767,2,5.000000,4.496250,4.000000,0.499986,4.000000,5.000000,5.000000,5.000000,5.000000,5.000000,0.002834,0.000003,0.038789,0.183770,calls/second,milliseconds
1779197768,2,5.000000,4.496250,4.000000,0.499986,4.000000,5.000000,5.000000,5.000000,5.000000,5.000000,0.002830,0.000003,0.038789,0.183770,calls/second,milliseconds
1779197769,2,5.000000,4.496250,4.000000,0.499986,4.000000,5.000000,5.000000,5.000000,5.000000,5.000000,0.002826,0.000003,0.038789,0.183770,calls/second,milliseconds
1779197770,2,5.000000,4.496250,4.000000,0.499986,4.000000,5.000000,5.000000,5.000000,5.000000,5.000000,0.002822,0.000003,0.038789,0.183770,calls/second,milliseconds
1779197771,2,5.000000,4.496250,4.000000,0.499986,4.000000,5.000000,5.000000,5.000000,5.000000,5.000000,0.002818,0.000003,0.038789,0.183770,calls/second,milliseconds
1779197772,2,5.000000,4.496250,4.000000,0.499986,4.000000,5.000000,5.000000,5.000000,5.000000,5.000000,0.002814,0.000003,0.038148,0.182752,calls/second,milliseconds
1779197773,2,5.000000,4.496250,4.000000,0.499986,4.000000,5.000000,5.000000,5.000000,5.000000,5.000000,0.002810,0.000003,0.038148,0.182752,calls/second,milliseconds
1779197774,2,5.000000,4.496250,4.000000,0.499986,4.000000,5.000000,5.000000,5.000000,5.000000,5.000000,0.002806,0.000003,0.038148,0.182752,calls/second,milliseconds
1779197775,2,5.000000,4.496250,4.000000,0.499986,4.000000,5.000000,5.000000,5.000000,5.000000,5.000000,0.002802,0.000003,0.038148,0.182752,calls/second,milliseconds
1779197776,2,5.000000,4.496250,4.000000,0.499986,4.000000,5.000000,5.000000,5.000000,5.000000,5.000000,0.002798,0.000003,0.038148,0.182752,calls/second,milliseconds
1779197777,2,5.000000,4.496250,4.000000,0.499986,4.000000,5.000000,5.000000,5.000000,5.000000,5.000000,0.002794,0.000003,0.037517,0.181740,calls/second,milliseconds
1779197778,2,5.000000,4.496250,4.000000,0.499986,4.000000,5.000000,5.000000,5.000000,5.000000,5.000000,0.002791,0.000003,0.037517,0.181740,calls/second,milliseconds
1779197779,2,5.000000,4.496250,4.000000,0.499986,4.000000,5.000000,5.000000,5.000000,5.000000,5.000000,0.002787,0.000003,0.037517,0.181740,calls/second,milliseconds
1779197780,2,5.000000,4.496250,4.000000,0.499986,4.000000,5.000000,5.000000,5.000000,5.000000,5.000000,0.002783,0.000003,0.037517,0.181740,calls/second,milliseconds
1779197781,2,5.000000,4.496250,4.000000,0.499986,4.000000,5.000000,5.000000,5.000000,5.000000,5.000000,0.002779,0.000003,0.037517,0.181740,calls/second,milliseconds
1779197782,2,5.000000,4.496250,4.000000,0.499986,4.000000,5.000000,5.000000,5.000000,5.000000,5.000000,0.002775,0.000003,0.036897,0.180733,calls/second,milliseconds
1779197783,2,5.000000,4.496250,4.000000,0.499986,4.000000,5.000000,5.000000,5.000000,5.000000,5.000000,0.002771,0.000003,0.036897,0.180733,calls/second,milliseconds
1779197784,2,5.000000,4.496250,4.000000,0.499986,4.000000,5.000000,5.000000,5.000000,5.000000,5.000000,0.002767,0.000003,0.036897,0.180733,calls/second,milliseconds
1779197785,2,5.000000,4.496250,4.000000,0.499986,4.000000,5.000000,5.000000,5.000000,5.000000,5.000000,0.002763,0.000003,0.036897,0.180733,calls/second,milliseconds
1779197786,2,5.000000,4.496250,4.000000,0.499986,4.000000,5.000000,5.000000,5.000000,5.000000,5.000000,0.002760,0.000003,0.036897,0.180733,calls/second,milliseconds
1779197787,2,5.000000,4.496250,4.000000,0.499986,4.000000,5.000000,5.000000,5.000000,5.000000,5.000000,0.002756,0.000002,0.036287,0.179732,calls/second,milliseconds
1779197788,2,5.000000,4.496250,4.000000,0.499986,4.000000,5.000000,5.000000,5.000000,5.000000,5.000000,0.002752,0.000002,0.036287,0.179732,calls/second,milliseconds
1779197789,2,5.000000,4.496250,4.000000,0.499986,4.000000,5.000000,5.000000,5.000000,5.000000,5.000000,0.002748,0.000002,0.036287,0.179732,calls/second,milliseconds
1779197790,2,5.000000,4.496250,4.000000,0.499986,4.000000,5.000000,5.000000,5.000000,5.000000,5.000000,0.002745,0.000002,0.036287,0.179732,calls/second,milliseconds
1779197791,2,5.000000,4.496250,4.000000,0.499986,4.000000,5.000000,5.000000,5.000000,5.000000,5.000000,0.002741,0.000002,0.036287,0.179732,calls/second,milliseconds
1779197792,2,5.000000,4.496250,4.000000,0.499986,4.000000,5.000000,5.000000,5.000000,5.000000,5.000000,0.002737,0.000002,0.035687,0.178736,calls/second,milliseconds
1779197793,2,5.000000,4.496250,4.000000,0.499986,4.000000,5.000000,5.000000,5.000000,5.000000,5.000000,0.002733,0.000002,0.035687,0.178736,calls/second,milliseconds
1779197794,2,5.000000,4.496250,4.000000,0.499986,4.000000,5.000000,5.000000,5.000000,5.000000,5.000000,0.002730,0.000002,0.035687,0.178736,calls/second,milliseconds
1779197795,2,5.000000,4.496250,4.000000,0.499986,4.000000,5.000000,5.000000,5.000000,5.000000,5.000000,0.002726,0.000002,0.035687,0.178736,calls/second,milliseconds
1779197796,2,5.000000,4.496250,4.000000,0.499986,4.000000,5.000000,5.000000,5.000000,5.000000,5.000000,0.002722,0.000002,0.035687,0.178736,calls/second,milliseconds
1779197797,2,5.000000,4.496250,4.000000,0.499986,4.000000,5.000000,5.000000,5.000000,5.000000,5.000000,0.002718,0.000002,0.035098,0.177746,calls/second,milliseconds
1779197798,2,5.000000,4.496250,4.000000,0.499986,4.000000,5.000000,5.000000,5.000000,5.000000,5.000000,0.002715,0.000002,0.035098,0.177746,calls/second,milliseconds
1779197799,2,5.000000,4.496250,4.000000,0.499986,4.000000,5.000000,5.000000,5.000000,5.000000,5.000000,0.002711,0.000002,0.035098,0.177746,calls/second,milliseconds
1779197800,2,5.000000,4.496250,4.000000,0.499986,4.000000,5.000000,5.000000,5.000000,5.000000,5.000000,0.002707,0.000002,0.035098,0.177746,calls/second,milliseconds
1779197801,2,5.000000,4.496250,4.000000,0.499986,4.000000,5.000000,5.000000,5.000000,5.000000,5.000000,0.002704,0.000002,0.035098,0.177746,calls/second,milliseconds
1779197802,2,5.000000,4.496250,4.000000,0.499986,4.000000,5.000000,5.000000,5.000000,5.000000,5.000000,0.002700,0.000002,0.034517,0.176761,calls/second,milliseconds
1779197803,2,5.000000,4.496250,4.000000,0.499986,4.000000,5.000000,5.000000,5.000000,5.000000,5.000000,0.002696,0.000002,0.034517,0.176761,calls/second,milliseconds
1779197804,2,5.000000,4.496250,4.000000,0.499986,4.000000,5.000000,5.000000,5.000000,5.000000,5.000000,0.002693,0.000002,0.034517,0.176761,calls/second,milliseconds
1779197805,2,5.000000,4.496250,4.000000,0.499986,4.000000,5.000000,5.000000,5.000000,5.000000,5.000000,0.002689,0.000002,0.034517,0.176761,calls/second,milliseconds
1779197806,2,5.000000,4.496250,4.000000,0.499986,4.000000,5.000000,5.000000,5.000000,5.000000,5.000000,0.002685,0.000002,0.034517,0.176761,calls/second,milliseconds
1779197807,2,5.000000,4.496250,4.000000,0.499986,4.000000,5.000000,5.000000,5.000000,5.000000,5.000000,0.002682,0.000002,0.033947,0.175782,calls/second,milliseconds
1779197808,2,5.000000,4.496250,4.000000,0.499986,4.000000,5.000000,5.000000,5.000000,5.000000,5.000000,0.002678,0.000002,0.033947,0.175782,calls/second,milliseconds
1779197809,2,5.000000,4.496250,4.000000,0.499986,4.000000,5.000000,5.000000,5.000000,5.000000,5.000000,0.002675,0.000002,0.033947,0.175782,calls/second,milliseconds
1779197810,2,5.000000,4.496250,4.000000,0.499986,4.000000,5.000000,5.000000,5.000000,5.000000,5.000000,0.002671,0.000002,0.033947,0.175782,calls/second,milliseconds
1779197811,2,5.000000,4.496250,4.000000,0.499986,4.000000,5.000000,5.000000,5.000000,5.000000,5.000000,0.002668,0.000002,0.033947,0.175782,calls/second,milliseconds
1779197812,2,5.000000,4.496250,4.000000,0.499986,4.000000,5.000000,5.000000,5.000000,5.000000,5.000000,0.002664,0.000002,0.033386,0.174808,calls/second,milliseconds
1779197813,2,5.000000,4.496250,4.000000,0.499986,4.000000,5.000000,5.000000,5.000000,5.000000,5.000000,0.002660,0.000002,0.033386,0.174808,calls/second,milliseconds
1779197814,2,5.000000,4.496250,4.000000,0.499986,4.000000,5.000000,5.000000,5.000000,5.000000,5.000000,0.002657,0.000002,0.033386,0.174808,calls/second,milliseconds
1779197815,2,5.000000,4.496250,4.000000,0.499986,4.000000,5.000000,5.000000,5.000000,5.000000,5.000000,0.002653,0.000002,0.033386,0.174808,calls/second,milliseconds
1779197816,2,5.000000,4.496250,4.000000,0.499986,4.000000,5.000000,5.000000,5.000000,5.000000,5.000000,0.002650,0.000002,0.033386,0.174808,calls/second,milliseconds
1779197817,2,5.000000,4.496250,4.000000,0.499986,4.000000,5.000000,5.000000,5.000000,5.000000,5.000000,0.002646,0.000001,0.032834,0.173839,calls/second,milliseconds
1779197818,2,5.000000,4.496250,4.000000,0.499986,4.000000,5.000000,5.000000,5.000000,5.000000,5.000000,0.002643,0.000001,0.032834,0.173839,calls/second,milliseconds
1779197819,2,5.000000,4.496250,4.000000,0.499986,4.000000,5.000000,5.000000,5.000000,5.000000,5.000000,0.002639,0.000001,0.032834,0.173839,calls/second,milliseconds
1779197820,2,5.000000,4.496250,4.000000,0.499986,4.000000,5.000000,5.000000,5.000000,5.000000,5.000000,0.002636,0.000001,0.032834,0.173839,calls/second,milliseconds
1779197821,2,5.000000,4.496250,4.000000,0.499986,4.000000,5.000000,5.000000,5.000000,5.000000,5.000000,0.002632,0.000001,0.032834,0.173839,calls/second,milliseconds
1779197822,2,5.000000,4.496250,4.000000,0.499986,4.000000,5.000000,5.000000,5.000000,5.000000,5.000000,0.002629,0.000001,0.032291,0.172876,calls/second,milliseconds
1779197823,2,5.000000,4.496250,4.000000,0.499986,4.000000,5.000000,5.000000,5.000000,5.000000,5.000000,0.002625,0.000001,0.032291,0.172876,calls/second,milliseconds
1779197824,2,5.000000,4.496250,4.000000,0.499986,4.000000,5.000000,5.000000,5.000000,5.000000,5.000000,0.002622,0.000001,0.032291,0.172876,calls/second,milliseconds
1779197825,2,5.000000,4.496250,4.000000,0.499986,4.000000,5.000000,5.000000,5.000000,5.000000,5.000000,0.002619,0.000001,0.032291,0.172876,calls/second,milliseconds
1779197826,2,5.000000,4.496250,4.000000,0.499986,4.000000,5.000000,5.000000,5.000000,5.000000,5.000000,0.002615,0.000001,0.032291,0.172876,calls/second,milliseconds
1779197827,2,5.000000,4.496250,4.000000,0.499986,4.000000,5.000000,5.000000,5.000000,5.000000,5.000000,0.002612,0.000001,0.031758,0.171918,calls/second,milliseconds
1779197828,2,5.000000,4.496250,4.000000,0.499986,4.000000,5.000000,5.000000,5.000000,5.000000,5.000000,0.002608,0.000001,0.031758,0.171918,calls/second,milliseconds
1779197829,2,5.000000,4.496250,4.000000,0.499986,4.000000,5.000000,5.000000,5.000000,5.000000,5.000000,0.002605,0.000001,0.031758,0.171918,calls/second,milliseconds
1779197830,2,5.000000,4.496250,4.000000,0.499986,4.000000,5.000000,5.000000,5.000000,5.000000,5.000000,0.002601,0.000001,0.031758,0.171918,calls/second,milliseconds
1779197831,2,5.000000,4.496250,4.000000,0.499986,4.000000,5.000000,5.000000,5.000000,5.000000,5.000000,0.002598,0.000001,0.031758,0.171918,calls/second,milliseconds
1779197832,2,5.000000,4.496250,4.000000,0.499986,4.000000,5.000000,5.000000,5.000000,5.000000,5.000000,0.002595,0.000001,0.031233,0.170966,calls/second,milliseconds
1779197833,2,5.000000,4.496250,4.000000,0.499986,4.000000,5.000000,5.000000,5.000000,5.000000,5.000000,0.002591,0.000001,0.031233,0.170966,calls/second,milliseconds
1779197834,2,5.000000,4.496250,4.000000,0.499986,4.000000,5.000000,5.000000,5.000000,5.000000,5.000000,0.002588,0.000001,0.031233,0.170966,calls/second,milliseconds
1779197835,2,5.000000,4.496250,4.000000,0.499986,4.000000,5.000000,5.000000,5.000000,5.000000,5.000000,0.002585,0.000001,0.031233,0.170966,calls/second,milliseconds
1779197836,2,5.000000,4.496250,4.000000,0.499986,4.000000,5.000000,5.000000,5.000000,5.000000,5.000000,0.002581,0.000001,0.031233,0.170966,calls/second,milliseconds
1779197837,2,5.000000,4.496250,4.000000,0.499986,4.000000,5.000000,5.000000,5.000000,5.000000,5.000000,0.002578,0.000001,0.030716,0.170019,calls/second,milliseconds
1779197838,2,5.000000,4.496250,4.000000,0.499986,4.000000,5.000000,5.000000,5.000000,5.000000,5.000000,0.002575,0.000001,0.030716,0.170019,calls/second,milliseconds
1779197839,2,5.000000,4.496250,4.000000,0.499986,4.000000,5.000000,5.000000,5.000000,5.000000,5.000000,0.002571,0.000001,0.030716,0.170019,calls/second,milliseconds
1779197840,2,5.000000,4.496250,4.000000,0.499986,4.000000,5.000000,5.000000,5.000000,5.000000,5.000000,0.002568,0.000001,0.030716,0.170019,calls/second,milliseconds
1779197841,2,5.000000,4.496250,4.000000,0.499986,4.000000,5.000000,5.000000,5.000000,5.000000,5.000000,0.002565,0.000001,0.030716,0.170019,calls/second,milliseconds
1779197842,2,5.000000,4.496250,4.000000,0.499986,4.000000,5.000000,5.000000,5.000000,5.000000,5.000000,0.002561,0.000001,0.030209,0.169077,calls/second,milliseconds
1779197843,2,5.000000,4.496250,4.000000,0.499986,4.000000,5.000000,5.000000,5.000000,5.000000,5.000000,0.002558,0.000001,0.030209,0.169077,calls/second,milliseconds
1779197844,2,5.000000,4.496250,4.000000,0.499986,4.000000,5.000000,5.000000,5.000000,5.000000,5.000000,0.002555,0.000001,0.030209,0.169077,calls/second,milliseconds
1779197845,2,5.000000,4.496250,4.000000,0.499986,4.000000,5.000000,5.000000,5.000000,5.000000,5.000000,0.002552,0.000001,0.030209,0.169077,calls/second,milliseconds
1779197846,2,5.000000,4.496250,4.000000,0.499986,4.000000,5.000000,5.000000,5.000000,5.000000,5.000000,0.002548,0.000001,0.030209,0.169077,calls/second,milliseconds
1779197847,2,5.000000,4.496250,4.000000,0.499986,4.000000,5.000000,5.000000,5.000000,5.000000,5.000000,0.002545,0.000001,0.029709,0.168140,calls/second,milliseconds
1779197848,2,5.000000,4.496250,4.000000,0.499986,4.000000,5.000000,5.000000,5.000000,5.000000,5.000000,0.002542,0.000001,0.029709,0.168140,calls/second,milliseconds
1779197849,2,5.000000,4.496250,4.000000,0.499986,4.000000,5.000000,5.000000,5.000000,5.000000,5.000000,0.002539,0.000001,0.029709,0.168140,calls/second,milliseconds
1779197850,2,5.000000,4.496250,4.000000,0.499986,4.000000,5.000000,5.000000,5.000000,5.000000,5.000000,0.002535,0.000001,0.029709,0.168140,calls/second,milliseconds
1779197851,2,5.000000,4.496250,4.000000,0.499986,4.000000,5.000000,5.000000,5.000000,5.000000,5.000000,0.002532,0.000001,0.029709,0.168140,calls/second,milliseconds
1779197852,2,5.000000,4.496250,4.000000,0.499986,4.000000,5.000000,5.000000,5.000000,5.000000,5.000000,0.002529,0.000001,0.029218,0.167209,calls/second,milliseconds
1779197853,2,5.000000,4.496250,4.000000,0.499986,4.000000,5.000000,5.000000,5.000000,5.000000,5.000000,0.002526,0.000001,0.029218,0.167209,calls/second,milliseconds
1779197854,2,5.000000,4.496250,4.000000,0.499986,4.000000,5.000000,5.000000,5.000000,5.000000,5.000000,0.002523,0.000001,0.029218,0.167209,calls/second,milliseconds
1779197855,2,5.000000,4.496250,4.000000,0.499986,4.000000,5.000000,5.000000,5.000000,5.000000,5.000000,0.002519,0.000001,0.029218,0.167209,calls/second,milliseconds
1779197856,2,5.000000,4.496250,4.000000,0.499986,4.000000,5.000000,5.000000,5.000000,5.000000,5.000000,0.002516,0.000001,0.029218,0.167209,calls/second,milliseconds
1779197857,2,5.000000,4.496250,4.000000,0.499986,4.000000,5.000000,5.000000,5.000000,5.000000,5.000000,0.002513,0.000001,0.028735,0.166282,calls/second,milliseconds
1779197858,2,5.000000,4.496250,4.000000,0.499986,4.000000,5.000000,5.000000,5.000000,5.000000,5.000000,0.002510,0.000001,0.028735,0.166282,calls/second,milliseconds
1779197859,2,5.000000,4.496250,4.000000,0.499986,4.000000,5.000000,5.000000,5.000000,5.000000,5.000000,0.002507,0.000001,0.028735,0.166282,calls/second,milliseconds
1779197860,2,5.000000,4.496250,4.000000,0.499986,4.000000,5.000000,5.000000,5.000000,5.000000,5.000000,0.002504,0.000001,0.028735,0.166282,calls/second,milliseconds
1779197861,2,5.000000,4.496250,4.000000,0.499986,4.000000,5.000000,5.000000,5.000000,5.000000,5.000000,0.002501,0.000001,0.028735,0.166282,calls/second,milliseconds
1779197862,2,5.000000,4.496250,4.000000,0.499986,4.000000,5.000000,5.000000,5.000000,5.000000,5.000000,0.002497,0.000001,0.028260,0.165361,calls/second,milliseconds
1779197863,2,5.000000,4.496250,4.000000,0.499986,4.000000,5.000000,5.000000,5.000000,5.000000,5.000000,0.002494,0.000001,0.028260,0.165361,calls/second,milliseconds
1779197864,2,5.000000,4.496250,4.000000,0.499986,4.000000,5.000000,5.000000,5.000000,5.000000,5.000000,0.002491,0.000001,0.028260,0.165361,calls/second,milliseconds
1779197865,2,5.000000,4.496250,4.000000,0.499986,4.000000,5.000000,5.000000,5.000000,5.000000,5.000000,0.002488,0.000001,0.028260,0.165361,calls/second,milliseconds
1779197866,2,5.000000,4.496250,4.000000,0.499986,4.000000,5.000000,5.000000,5.000000,5.000000,5.000000,0.002485,0.000001,0.028260,0.165361,calls/second,milliseconds
1779197867,2,5.000000,4.496250,4.000000,0.499986,4.000000,5.000000,5.000000,5.000000,5.000000,5.000000,0.002482,0.000001,0.027793,0.164445,calls/second,milliseconds
1779197868,2,5.000000,4.496250,4.000000,0.499986,4.000000,5.000000,5.000000,5.000000,5.000000,5.000000,0.002479,0.000001,0.027793,0.164445,calls/second,milliseconds
1779197869,2,5.000000,4.496250,4.000000,0.499986,4.000000,5.000000,5.000000,5.000000,5.000000,5.000000,0.002476,0.000001,0.027793,0.164445,calls/second,milliseconds
1779197870,2,5.000000,4.496250,4.000000,0.499986,4.000000,5.000000,5.000000,5.000000,5.000000,5.000000,0.002473,0.000001,0.027793,0.164445,calls/second,milliseconds
1779197871,2,5.000000,4.496250,4.000000,0.499986,4.000000,5.000000,5.000000,5.000000,5.000000,5.000000,0.002470,0.000001,0.027793,0.164445,calls/second,milliseconds
1779197872,2,5.000000,4.496250,4.000000,0.499986,4.000000,5.000000,5.000000,5.000000,5.000000,5.000000,0.002467,0.000001,0.027334,0.163534,calls/second,milliseconds
1779197873,2,5.000000,4.496250,4.000000,0.499986,4.000000,5.000000,5.000000,5.000000,5.000000,5.000000,0.002463,0.000001,0.027334,0.163534,calls/second,milliseconds
1779197874,2,5.000000,4.496250,4.000000,0.499986,4.000000,5.000000,5.000000,5.000000,5.000000,5.000000,0.002460,0.000001,0.027334,0.163534,calls/second,milliseconds
1779197875,2,5.000000,4.496250,4.000000,0.499986,4.000000,5.000000,5.000000,5.000000,5.000000,5.000000,0.002457,0.000001,0.027334,0.163534,calls/second,milliseconds
1779197876,2,5.000000,4.496250,4.000000,0.499986,4.000000,5.000000,5.000000,5.000000,5.000000,5.000000,0.002454,0.000001,0.027334,0.163534,calls/second,milliseconds
1779197877,2,5.000000,4.496250,4.000000,0.499986,4.000000,5.000000,5.000000,5.000000,5.000000,5.000000,0.002451,0.000001,0.026882,0.162628,calls/second,milliseconds
1779197878,2,5.000000,4.496250,4.000000,0.499986,4.000000,5.000000,5.000000,5.000000,5.000000,5.000000,0.002448,0.000001,0.026882,0.162628,calls/second,milliseconds
1779197879,2,5.000000,4.496250,4.000000,0.499986,4.000000,5.000000,5.000000,5.000000,5.000000,5.000000,0.002445,0.000001,0.026882,0.162628,calls/second,milliseconds
1779197880,2,5.000000,4.496250,4.000000,0.499986,4.000000,5.000000,5.000000,5.000000,5.000000,5.000000,0.002442,0.000001,0.026882,0.162628,calls/second,milliseconds
1779197881,2,5.000000,4.496250,4.000000,0.499986,4.000000,5.000000,5.000000,5.000000,5.000000,5.000000,0.002439,0.000001,0.026882,0.162628,calls/second,milliseconds
1779197882,2,5.000000,4.496250,4.000000,0.499986,4.000000,5.000000,5.000000,5.000000,5.000000,5.000000,0.002436,0.000001,0.026438,0.161727,calls/second,milliseconds
1779197883,2,5.000000,4.496250,4.000000,0.499986,4.000000,5.000000,5.000000,5.000000,5.000000,5.000000,0.002433,0.000001,0.026438,0.161727,calls/second,milliseconds
1779197884,2,5.000000,4.496250,4.000000,0.499986,4.000000,5.000000,5.000000,5.000000,5.000000,5.000000,0.002431,0.000001,0.026438,0.161727,calls/second,milliseconds
1779197885,2,5.000000,4.496250,4.000000,0.499986,4.000000,5.000000,5.000000,5.000000,5.000000,5.000000,0.002428,0.000001,0.026438,0.161727,calls/second,milliseconds
1779197886,2,5.000000,4.496250,4.000000,0.499986,4.000000,5.000000,5.000000,5.000000,5.000000,5.000000,0.002425,0.000001,0.026438,0.161727,calls/second,milliseconds
1779197887,2,5.000000,4.496250,4.000000,0.499986,4.000000,5.000000,5.000000,5.000000,5.000000,5.000000,0.002422,0.000000,0.026001,0.160831,calls/second,milliseconds
1779197888,2,5.000000,4.496250,4.000000,0.499986,4.000000,5.000000,5.000000,5.000000,5.000000,5.000000,0.002419,0.000000,0.026001,0.160831,calls/second,milliseconds
1779197889,2,5.000000,4.496250,4.000000,0.499986,4.000000,5.000000,5.000000,5.000000,5.000000,5.000000,0.002416,0.000000,0.026001,0.160831,calls/second,milliseconds
1779197890,2,5.000000,4.496250,4.000000,0.499986,4.000000,5.000000,5.000000,5.000000,5.000000,5.000000,0.002413,0.000000,0.026001,0.160831,calls/second,milliseconds
1779197891,2,5.000000,4.496250,4.000000,0.499986,4.000000,5.000000,5.000000,5.000000,5.000000,5.000000,0.002410,0.000000,0.026001,0.160831,calls/second,milliseconds
1779197892,2,5.000000,4.496250,4.000000,0.499986,4.000000,5.000000,5.000000,5.000000,5.000000,5.000000,0.002407,0.000000,0.025571,0.159940,calls/second,milliseconds
1779197893,2,5.000000,4.496250,4.000000,0.499986,4.000000,5.000000,5.000000,5.000000,5.000000,5.000000,0.002404,0.000000,0.025571,0.159940,calls/second,milliseconds
1779197894,2,5.000000,4.496250,4.000000,0.499986,4.000000,5.000000,5.000000,5.000000,5.000000,5.000000,0.002401,0.000000,0.025571,0.159940,calls/second,milliseconds
1779197895,2,5.000000,4.496250,4.000000,0.499986,4.000000,5.000000,5.000000,5.000000,5.000000,5.000000,0.002398,0.000000,0.025571,0.159940,calls/second,milliseconds
1779197896,2,5.000000,4.496250,4.000000,0.499986,4.000000,5.000000,5.000000,5.000000,5.000000,5.000000,0.002396,0.000000,0.025571,0.159940,calls/second,milliseconds
1779197897,2,5.000000,4.496250,4.000000,0.499986,4.000000,5.000000,5.000000,5.000000,5.000000,5.000000,0.002393,0.000000,0.025148,0.159054,calls/second,milliseconds
1779197898,2,5.000000,4.496250,4.000000,0.499986,4.000000,5.000000,5.000000,5.000000,5.000000,5.000000,0.002390,0.000000,0.025148,0.159054,calls/second,milliseconds
1779197899,2,5.000000,4.496250,4.000000,0.499986,4.000000,5.000000,5.000000,5.000000,5.000000,5.000000,0.002387,0.000000,0.025148,0.159054,calls/second,milliseconds
1779197900,2,5.000000,4.496250,4.000000,0.499986,4.000000,5.000000,5.000000,5.000000,5.000000,5.000000,0.002384,0.000000,0.025148,0.159054,calls/second,milliseconds
1779197901,2,5.000000,4.496250,4.000000,0.499986,4.000000,5.000000,5.000000,5.000000,5.000000,5.000000,0.002381,0.000000,0.025148,0.159054,calls/second,milliseconds
1779197902,2,5.000000,4.496250,4.000000,0.499986,4.000000,5.000000,5.000000,5.000000,5.000000,5.000000,0.002378,0.000000,0.024733,0.158173,calls/second,milliseconds
1779197903,2,5.000000,4.496250,4.000000,0.499986,4.000000,5.000000,5.000000,5.000000,5.000000,5.000000,0.002376,0.000000,0.024733,0.158173,calls/second,milliseconds
1779197904,2,5.000000,4.496250,4.000000,0.499986,4.000000,5.000000,5.000000,5.000000,5.000000,5.000000,0.002373,0.000000,0.024733,0.158173,calls/second,milliseconds
1779197905,2,5.000000,4.496250,4.000000,0.499986,4.000000,5.000000,5.000000,5.000000,5.000000,5.000000,0.002370,0.000000,0.024733,0.158173,calls/second,milliseconds
1779197906,2,5.000000,4.496250,4.000000,0.499986,4.000000,5.000000,5.000000,5.000000,5.000000,5.000000,0.002367,0.000000,0.024733,0.158173,calls/second,milliseconds
1779197907,2,5.000000,4.496250,4.000000,0.499986,4.000000,5.000000,5.000000,5.000000,5.000000,5.000000,0.002364,0.000000,0.024324,0.157296,calls/second,milliseconds
1779197908,2,5.000000,4.496250,4.000000,0.499986,4.000000,5.000000,5.000000,5.000000,5.000000,5.000000,0.002362,0.000000,0.024324,0.157296,calls/second,milliseconds
1779197909,2,5.000000,4.496250,4.000000,0.499986,4.000000,5.000000,5.000000,5.000000,5.000000,5.000000,0.002359,0.000000,0.024324,0.157296,calls/second,milliseconds
1779197910,2,5.000000,4.496250,4.000000,0.499986,4.000000,5.000000,5.000000,5.000000,5.000000,5.000000,0.002356,0.000000,0.024324,0.157296,calls/second,milliseconds
1779197911,2,5.000000,4.496250,4.000000,0.499986,4.000000,5.000000,5.000000,5.000000,5.000000,5.000000,0.002353,0.000000,0.024324,0.157296,calls/second,milliseconds
1779197912,2,5.000000,4.496250,4.000000,0.499986,4.000000,5.000000,5.000000,5.000000,5.000000,5.000000,0.002350,0.000000,0.023922,0.156425,calls/second,milliseconds
1779197913,2,5.000000,4.496250,4.000000,0.499986,4.000000,5.000000,5.000000,5.000000,5.000000,5.000000,0.002348,0.000000,0.023922,0.156425,calls/second,milliseconds
1779197914,2,5.000000,4.496250,4.000000,0.499986,4.000000,5.000000,5.000000,5.000000,5.000000,5.000000,0.002345,0.000000,0.023922,0.156425,calls/second,milliseconds
1779197915,2,5.000000,4.496250,4.000000,0.499986,4.000000,5.000000,5.000000,5.000000,5.000000,5.000000,0.002342,0.000000,0.023922,0.156425,calls/second,milliseconds
1779197916,2,5.000000,4.496250,4.000000,0.499986,4.000000,5.000000,5.000000,5.000000,5.000000,5.000000,0.002339,0.000000,0.023922,0.156425,calls/second,milliseconds
1779197917,2,5.000000,4.496250,4.000000,0.499986,4.000000,5.000000,5.000000,5.000000,5.000000,5.000000,0.002337,0.000000,0.023527,0.155558,calls/second,milliseconds
1779197918,2,5.000000,4.496250,4.000000,0.499986,4.000000,5.000000,5.000000,5.000000,5.000000,5.000000,0.002334,0.000000,0.023527,0.155558,calls/second,milliseconds
1779197919,2,5.000000,4.496250,4.000000,0.499986,4.000000,5.000000,5.000000,5.000000,5.000000,5.000000,0.002331,0.000000,0.023527,0.155558,calls/second,milliseconds
1779197920,2,5.000000,4.496250,4.000000,0.499986,4.000000,5.000000,5.000000,5.000000,5.000000,5.000000,0.002328,0.000000,0.023527,0.155558,calls/second,milliseconds
1779197921,2,5.000000,4.496250,4.000000,0.499986,4.000000,5.000000,5.000000,5.000000,5.000000,5.000000,0.002326,0.000000,0.023527,0.155558,calls/second,milliseconds
1779197922,2,5.000000,4.496250,4.000000,0.499986,4.000000,5.000000,5.000000,5.000000,5.000000,5.000000,0.002323,0.000000,0.023138,0.154696,calls/second,milliseconds
1779197923,2,5.000000,4.496250,4.000000,0.499986,4.000000,5.000000,5.000000,5.000000,5.000000,5.000000,0.002320,0.000000,0.023138,0.154696,calls/second,milliseconds
1779197924,2,5.000000,4.496250,4.000000,0.499986,4.000000,5.000000,5.000000,5.000000,5.000000,5.000000,0.002318,0.000000,0.023138,0.154696,calls/second,milliseconds
1779197925,2,5.000000,4.496250,4.000000,0.499986,4.000000,5.000000,5.000000,5.000000,5.000000,5.000000,0.002315,0.000000,0.023138,0.154696,calls/second,milliseconds
1779197926,2,5.000000,4.496250,4.000000,0.499986,4.000000,5.000000,5.000000,5.000000,5.000000,5.000000,0.002312,0.000000,0.023138,0.154696,calls/second,milliseconds
1779197927,2,5.000000,4.496250,4.000000,0.499986,4.000000,5.000000,5.000000,5.000000,5.000000,5.000000,0.002310,0.000000,0.022755,0.153839,calls/second,milliseconds
1779197928,2,5.000000,4.496250,4.000000,0.499986,4.000000,5.000000,5.000000,5.000000,5.000000,5.000000,0.002307,0.000000,0.022755,0.153839,calls/second,milliseconds
1779197929,2,5.000000,4.496250,4.000000,0.499986,4.000000,5.000000,5.000000,5.000000,5.000000,5.000000,0.002304,0.000000,0.022755,0.153839,calls/second,milliseconds
1779197930,2,5.000000,4.496250,4.000000,0.499986,4.000000,5.000000,5.000000,5.000000,5.000000,5.000000,0.002302,0.000000,0.022755,0.153839,calls/second,milliseconds
1779197931,2,5.000000,4.496250,4.000000,0.499986,4.000000,5.000000,5.000000,5.000000,5.000000,5.000000,0.002299,0.000000,0.022755,0.153839,calls/second,milliseconds
1779197932,2,5.000000,4.496250,4.000000,0.499986,4.000000,5.000000,5.000000,5.000000,5.000000,5.000000,0.002296,0.000000,0.022379,0.152987,calls/second,milliseconds
1779197933,2,5.000000,4.496250,4.000000,0.499986,4.000000,5.000000,5.000000,5.000000,5.000000,5.000000,0.002294,0.000000,0.022379,0.152987,calls/second,milliseconds
1779197934,2,5.000000,4.496250,4.000000,0.499986,4.000000,5.000000,5.000000,5.000000,5.000000,5.000000,0.002291,0.000000,0.022379,0.152987,calls/second,milliseconds
1779197935,2,5.000000,4.496250,4.000000,0.499986,4.000000,5.000000,5.000000,5.000000,5.000000,5.000000,0.002288,0.000000,0.022379,0.152987,calls/second,milliseconds
1779197936,2,5.000000,4.496250,4.000000,0.499986,4.000000,5.000000,5.000000,5.000000,5.000000,5.000000,0.002286,0.000000,0.022379,0.152987,calls/second,milliseconds
1779197937,2,5.000000,4.496250,4.000000,0.499986,4.000000,5.000000,5.000000,5.000000,5.000000,5.000000,0.002283,0.000000,0.022009,0.152140,calls/second,milliseconds
1779197938,2,5.000000,4.496250,4.000000,0.499986,4.000000,5.000000,5.000000,5.000000,5.000000,5.000000,0.002281,0.000000,0.022009,0.152140,calls/second,milliseconds
1779197939,2,5.000000,4.496250,4.000000,0.499986,4.000000,5.000000,5.000000,5.000000,5.000000,5.000000,0.002278,0.000000,0.022009,0.152140,calls/second,milliseconds
1779197940,2,5.000000,4.496250,4.000000,0.499986,4.000000,5.000000,5.000000,5.000000,5.000000,5.000000,0.002275,0.000000,0.022009,0.152140,calls/second,milliseconds
1779197941,2,5.000000,4.496250,4.000000,0.499986,4.000000,5.000000,5.000000,5.000000,5.000000,5.000000,0.002273,0.000000,0.022009,0.152140,calls/second,milliseconds
1779197942,2,5.000000,4.496250,4.000000,0.499986,4.000000,5.000000,5.000000,5.000000,5.000000,5.000000,0.002270,0.000000,0.021646,0.151297,calls/second,milliseconds
1779197943,2,5.000000,4.496250,4.000000,0.499986,4.000000,5.000000,5.000000,5.000000,5.000000,5.000000,0.002268,0.000000,0.021646,0.151297,calls/second,milliseconds
1779197944,2,5.000000,4.496250,4.000000,0.499986,4.000000,5.000000,5.000000,5.000000,5.000000,5.000000,0.002265,0.000000,0.021646,0.151297,calls/second,milliseconds
1779197945,2,5.000000,4.496250,4.000000,0.499986,4.000000,5.000000,5.000000,5.000000,5.000000,5.000000,0.002263,0.000000,0.021646,0.151297,calls/second,milliseconds
1779197946,2,5.000000,4.496250,4.000000,0.499986,4.000000,5.000000,5.000000,5.000000,5.000000,5.000000,0.002260,0.000000,0.021646,0.151297,calls/second,milliseconds
1779197947,2,5.000000,4.496250,4.000000,0.499986,4.000000,5.000000,5.000000,5.000000,5.000000,5.000000,0.002257,0.000000,0.021288,0.150458,calls/second,milliseconds
1779197948,2,5.000000,4.496250,4.000000,0.499986,4.000000,5.000000,5.000000,5.000000,5.000000,5.000000,0.002255,0.000000,0.021288,0.150458,calls/second,milliseconds
1779197949,2,5.000000,4.496250,4.000000,0.499986,4.000000,5.000000,5.000000,5.000000,5.000000,5.000000,0.002252,0.000000,0.021288,0.150458,calls/second,milliseconds
1779197950,2,5.000000,4.496250,4.000000,0.499986,4.000000,5.000000,5.000000,5.000000,5.000000,5.000000,0.002250,0.000000,0.021288,0.150458,calls/second,milliseconds
1779197951,2,5.000000,4.496250,4.000000,0.499986,4.000000,5.000000,5.000000,5.000000,5.000000,5.000000,0.002247,0.000000,0.021288,0.150458,calls/second,milliseconds
1779197952,2,5.000000,4.496250,4.000000,0.499986,4.000000,5.000000,5.000000,5.000000,5.000000,5.000000,0.002245,0.000000,0.020936,0.149625,calls/second,milliseconds
1779197953,2,5.000000,4.496250,4.000000,0.499986,4.000000,5.000000,5.000000,5.000000,5.000000,5.000000,0.002242,0.000000,0.020936,0.149625,calls/second,milliseconds
1779197954,2,5.000000,4.496250,4.000000,0.499986,4.000000,5.000000,5.000000,5.000000,5.000000,5.000000,0.002240,0.000000,0.020936,0.149625,calls/second,milliseconds
1779197955,2,5.000000,4.496250,4.000000,0.499986,4.000000,5.000000,5.000000,5.000000,5.000000,5.000000,0.002237,0.000000,0.020936,0.149625,calls/second,milliseconds
1779197956,2,5.000000,4.496250,4.000000,0.499986,4.000000,5.000000,5.000000,5.000000,5.000000,5.000000,0.002235,0.000000,0.020936,0.149625,calls/second,milliseconds
1779197957,2,5.000000,4.496250,4.000000,0.499986,4.000000,5.000000,5.000000,5.000000,5.000000,5.000000,0.002232,0.000000,0.020590,0.148796,calls/second,milliseconds
1779197958,2,5.000000,4.496250,4.000000,0.499986,4.000000,5.000000,5.000000,5.000000,5.000000,5.000000,0.002230,0.000000,0.020590,0.148796,calls/second,milliseconds
1779197959,2,5.000000,4.496250,4.000000,0.499986,4.000000,5.000000,5.000000,5.000000,5.000000,5.000000,0.002227,0.000000,0.020590,0.148796,calls/second,milliseconds
1779197960,2,5.000000,4.496250,4.000000,0.499986,4.000000,5.000000,5.000000,5.000000,5.000000,5.000000,0.002225,0.000000,0.020590,0.148796,calls/second,milliseconds
1779197961,2,5.000000,4.496250,4.000000,0.499986,4.000000,5.000000,5.000000,5.000000,5.000000,5.000000,0.002222,0.000000,0.020590,0.148796,calls/second,milliseconds
1779197962,2,5.000000,4.496250,4.000000,0.499986,4.000000,5.000000,5.000000,5.000000,5.000000,5.000000,0.002220,0.000000,0.020250,0.147972,calls/second,milliseconds
1779197963,2,5.000000,4.496250,4.000000,0.499986,4.000000,5.000000,5.000000,5.000000,5.000000,5.000000,0.002217,0.000000,0.020250,0.147972,calls/second,milliseconds
1779197964,2,5.000000,4.496250,4.000000,0.499986,4.000000,5.000000,5.000000,5.000000,5.000000,5.000000,0.002215,0.000000,0.020250,0.147972,calls/second,milliseconds
1779197965,2,5.000000,4.496250,4.000000,0.499986,4.000000,5.000000,5.000000,5.000000,5.000000,5.000000,0.002212,0.000000,0.020250,0.147972,calls/second,milliseconds
1779197966,2,5.000000,4.496250,4.000000,0.499986,4.000000,5.000000,5.000000,5.000000,5.000000,5.000000,0.002210,0.000000,0.020250,0.147972,calls/second,milliseconds
1779197967,2,5.000000,4.496250,4.000000,0.499986,4.000000,5.000000,5.000000,5.000000,5.000000,5.000000,0.002208,0.000000,0.019915,0.147152,calls/second,milliseconds
1779197968,2,5.000000,4.496250,4.000000,0.499986,4.000000,5.000000,5.000000,5.000000,5.000000,5.000000,0.002205,0.000000,0.019915,0.147152,calls/second,milliseconds
1779197969,2,5.000000,4.496250,4.000000,0.499986,4.000000,5.000000,5.000000,5.000000,5.000000,5.000000,0.002203,0.000000,0.019915,0.147152,calls/second,milliseconds
1779197970,2,5.000000,4.496250,4.000000,0.499986,4.000000,5.000000,5.000000,5.000000,5.000000,5.000000,0.002200,0.000000,0.019915,0.147152,calls/second,milliseconds
1779197971,2,5.000000,4.496250,4.000000,0.499986,4.000000,5.000000,5.000000,5.000000,5.000000,5.000000,0.002198,0.000000,0.019915,0.147152,calls/second,milliseconds
1779197972,2,5.000000,4.496250,4.000000,0.499986,4.000000,5.000000,5.000000,5.000000,5.000000,5.000000,0.002195,0.000000,0.019586,0.146337,calls/second,milliseconds
1779197973,2,5.000000,4.496250,4.000000,0.499986,4.000000,5.000000,5.000000,5.000000,5.000000,5.000000,0.002193,0.000000,0.019586,0.146337,calls/second,milliseconds
1779197974,2,5.000000,4.496250,4.000000,0.499986,4.000000,5.000000,5.000000,5.000000,5.000000,5.000000,0.002191,0.000000,0.019586,0.146337,calls/second,milliseconds
1779197975,2,5.000000,4.496250,4.000000,0.499986,4.000000,5.000000,5.000000,5.000000,5.000000,5.000000,0.002188,0.000000,0.019586,0.146337,calls/second,milliseconds
1779197976,2,5.000000,4.496250,4.000000,0.499986,4.000000,5.000000,5.000000,5.000000,5.000000,5.000000,0.002186,0.000000,0.019262,0.145526,calls/second,milliseconds
1779197977,2,5.000000,4.496250,4.000000,0.499986,4.000000,5.000000,5.000000,5.000000,5.000000,5.000000,0.002183,0.000000,0.019262,0.145526,calls/second,milliseconds
1779197978,2,5.000000,4.496250,4.000000,0.499986,4.000000,5.000000,5.000000,5.000000,5.000000,5.000000,0.002181,0.000000,0.019262,0.145526,calls/second,milliseconds
1779197979,2,5.000000,4.496250,4.000000,0.499986,4.000000,5.000000,5.000000,5.000000,5.000000,5.000000,0.002179,0.000000,0.019262,0.145526,calls/second,milliseconds
1779197980,2,5.000000,4.496250,4.000000,0.499986,4.000000,5.000000,5.000000,5.000000,5.000000,5.000000,0.002176,0.000000,0.019262,0.145526,calls/second,milliseconds
1779197981,2,5.000000,4.496250,4.000000,0.499986,4.000000,5.000000,5.000000,5.000000,5.000000,5.000000,0.002174,0.000000,0.018944,0.144720,calls/second,milliseconds
1779197982,2,5.000000,4.496250,4.000000,0.499986,4.000000,5.000000,5.000000,5.000000,5.000000,5.000000,0.002172,0.000000,0.018944,0.144720,calls/second,milliseconds
1779197983,2,5.000000,4.496250,4.000000,0.499986,4.000000,5.000000,5.000000,5.000000,5.000000,5.000000,0.002169,0.000000,0.018944,0.144720,calls/second,milliseconds
1779197984,2,5.000000,4.496250,4.000000,0.499986,4.000000,5.000000,5.000000,5.000000,5.000000,5.000000,0.002167,0.000000,0.018944,0.144720,calls/second,milliseconds
1779197985,2,5.000000,4.496250,4.000000,0.499986,4.000000,5.000000,5.000000,5.000000,5.000000,5.000000,0.002164,0.000000,0.018944,0.144720,calls/second,milliseconds
1779197986,2,5.000000,4.496250,4.000000,0.499986,4.000000,5.000000,5.000000,5.000000,5.000000,5.000000,0.002162,0.000000,0.018630,0.143918,calls/second,milliseconds
1779197987,2,5.000000,4.496250,4.000000,0.499986,4.000000,5.000000,5.000000,5.000000,5.000000,5.000000,0.002160,0.000000,0.018630,0.143918,calls/second,milliseconds
1779197988,2,5.000000,4.496250,4.000000,0.499986,4.000000,5.000000,5.000000,5.000000,5.000000,5.000000,0.002157,0.000000,0.018630,0.143918,calls/second,milliseconds
1779197989,2,5.000000,4.496250,4.000000,0.499986,4.000000,5.000000,5.000000,5.000000,5.000000,5.000000,0.002155,0.000000,0.018630,0.143918,calls/second,milliseconds
1779197990,2,5.000000,4.496250,4.000000,0.499986,4.000000,5.000000,5.000000,5.000000,5.000000,5.000000,0.002153,0.000000,0.018630,0.143918,calls/second,milliseconds
1779197991,2,5.000000,4.496250,4.000000,0.499986,4.000000,5.000000,5.000000,5.000000,5.000000,5.000000,0.002150,0.000000,0.018323,0.143120,calls/second,milliseconds
1779197992,2,5.000000,4.496250,4.000000,0.499986,4.000000,5.000000,5.000000,5.000000,5.000000,5.000000,0.002148,0.000000,0.018323,0.143120,calls/second,milliseconds
1779197993,2,5.000000,4.496250,4.000000,0.499986,4.000000,5.000000,5.000000,5.000000,5.000000,5.000000,0.002146,0.000000,0.018323,0.143120,calls/second,milliseconds
1779197994,2,5.000000,4.496250,4.000000,0.499986,4.000000,5.000000,5.000000,5.000000,5.000000,5.000000,0.002144,0.000000,0.018323,0.143120,calls/second,milliseconds
1779197995,2,5.000000,4.496250,4.000000,0.499986,4.000000,5.000000,5.000000,5.000000,5.000000,5.000000,0.002141,0.000000,0.018323,0.143120,calls/second,milliseconds
1779197996,2,5.000000,4.496250,4.000000,0.499986,4.000000,5.000000,5.000000,5.000000,5.000000,5.000000,0.002139,0.000000,0.018020,0.142328,calls/second,milliseconds
1779197997,2,5.000000,4.496250,4.000000,0.499986,4.000000,5.000000,5.000000,5.000000,5.000000,5.000000,0.002137,0.000000,0.018020,0.142328,calls/second,milliseconds
1779197998,2,5.000000,4.496250,4.000000,0.499986,4.000000,5.000000,5.000000,5.000000,5.000000,5.000000,0.002134,0.000000,0.018020,0.142328,calls/second,milliseconds
1779197999,2,5.000000,4.496250,4.000000,0.499986,4.000000,5.000000,5.000000,5.000000,5.000000,5.000000,0.002132,0.000000,0.018020,0.142328,calls/second,milliseconds
1779198000,2,5.000000,4.496250,4.000000,0.499986,4.000000,5.000000,5.000000,5.000000,5.000000,5.000000,0.002130,0.000000,0.018020,0.142328,calls/second,milliseconds
