t,count,max,mean,min,stddev,p50,p75,p95,p98,p99,p999,mean_rate,m1_rate,m5_rate,m15_rate,rate_unit,duration_unit
1779199326,1,10.000000,10.000000,10.000000,0.000000,10.000000,10.000000,10.000000,10.000000,10.000000,10.000000,1.893265,0.000000,0.000000,0.000000,calls/second,milliseconds
1779199327,3,10.000000,9.330008,9.000000,0.470216,9.000000,10.000000,10.000000,10.000000,10.000000,10.000000,1.955687,0.000000,0.000000,0.000000,calls/second,milliseconds
1779199328,4,10.000000,8.992500,8.000000,0.707087,9.000000,9.000000,10.000000,10.000000,10.000000,10.000000,1.574970,0.000000,0.000000,0.000000,calls/second,milliseconds
1779199329,4,10.000000,8.992500,8.000000,0.707087,9.000000,9.000000,10.000000,10.000000,10.000000,10.000000,1.128611,0.000000,0.000000,0.000000,calls/second,milliseconds
1779199330,4,10.000000,8.992500,8.000000,0.707087,9.000000,9.000000,10.000000,10.000000,10.000000,10.000000,0.879384,0.000000,0.000000,0.000000,calls/second,milliseconds
1779199331,4,10.000000,8.992500,8.000000,0.707087,9.000000,9.000000,10.000000,10.000000,10.000000,10.000000,0.720254,0.800000,0.800000,0.800000,calls/second,milliseconds
1779199332,4,10.000000,8.992500,8.000000,0.707087,9.000000,9.000000,10.000000,10.000000,10.000000,10.000000,0.610043,0.800000,0.800000,0.800000,calls/second,milliseconds
1779199333,4,10.000000,8.992500,8.000000,0.707087,9.000000,9.000000,10.000000,10.000000,10.000000,10.000000,0.529043,0.800000,0.800000,0.800000,calls/second,milliseconds
1779199334,4,10.000000,8.992500,8.000000,0.707087,9.000000,9.000000,10.000000,10.000000,10.000000,10.000000,0.467046,0.800000,0.800000,0.800000,calls/second,milliseconds
1779199335,4,10.000000,8.992500,8.000000,0.707087,9.000000,9.000000,10.000000,10.000000,10.000000,10.000000,0.418060,0.800000,0.800000,0.800000,calls/second,milliseconds
1779199336,4,10.000000,8.992500,8.000000,0.707087,9.000000,9.000000,10.000000,10.000000,10.000000,10.000000,0.378366,0.736036,0.786777,0.795568,calls/second,milliseconds
1779199337,4,10.000000,8.992500,8.000000,0.707087,9.000000,9.000000,10.000000,10.000000,10.000000,10.000000,0.345558,0.736036,0.786777,0.795568,calls/second,milliseconds
1779199338,4,10.000000,8.992500,8.000000,0.707087,9.000000,9.000000,10.000000,10.000000,10.000000,10.000000,0.318003,0.736036,0.786777,0.795568,calls/second,milliseconds
1779199339,4,10.000000,8.992500,8.000000,0.707087,9.000000,9.000000,10.000000,10.000000,10.000000,10.000000,0.294526,0.736036,0.786777,0.795568,calls/second,milliseconds
1779199340,4,10.000000,8.992500,8.000000,0.707087,9.000000,9.000000,10.000000,10.000000,10.000000,10.000000,0.274283,0.736036,0.786777,0.795568,calls/second,milliseconds
1779199341,4,10.000000,8.992500,8.000000,0.707087,9.000000,9.000000,10.000000,10.000000,10.000000,10.000000,0.256639,0.677185,0.773773,0.791160,calls/second,milliseconds
1779199342,4,10.000000,8.992500,8.000000,0.707087,9.000000,9.000000,10.000000,10.000000,10.000000,10.000000,0.241129,0.677185,0.773773,0.791160,calls/second,milliseconds
1779199343,4,10.000000,8.992500,8.000000,0.707087,9.000000,9.000000,10.000000,10.000000,10.000000,10.000000,0.227391,0.677185,0.773773,0.791160,calls/second,milliseconds
1779199344,4,10.000000,8.992500,8.000000,0.707087,9.000000,9.000000,10.000000,10.000000,10.000000,10.000000,0.215132,0.677185,0.773773,0.791160,calls/second,milliseconds
1779199345,4,10.000000,8.992500,8.000000,0.707087,9.000000,9.000000,10.000000,10.000000,10.000000,10.000000,0.204128,0.677185,0.773773,0.791160,calls/second,milliseconds
1779199346,4,10.000000,8.992500,8.000000,0.707087,9.000000,9.000000,10.000000,10.000000,10.000000,10.000000,0.194187,0.623041,0.760984,0.786777,calls/second,milliseconds
1779199347,4,10.000000,8.992500,8.000000,0.707087,9.000000,9.000000,10.000000,10.000000,10.000000,10.000000,0.185175,0.623041,0.760984,0.786777,calls/second,milliseconds
1779199348,4,10.000000,8.992500,8.000000,0.707087,9.000000,9.000000,10.000000,10.000000,10.000000,10.000000,0.176963,0.623041,0.760984,0.786777,calls/second,milliseconds
1779199349,4,10.000000,8.992500,8.000000,0.707087,9.000000,9.000000,10.000000,10.000000,10.000000,10.000000,0.169449,0.623041,0.760984,0.786777,calls/second,milliseconds
1779199350,4,10.000000,8.992500,8.000000,0.707087,9.000000,9.000000,10.000000,10.000000,10.000000,10.000000,0.162542,0.623041,0.760984,0.786777,calls/second,milliseconds
1779199351,4,10.000000,8.992500,8.000000,0.707087,9.000000,9.000000,10.000000,10.000000,10.000000,10.000000,0.156179,0.573225,0.748406,0.782418,calls/second,milliseconds
1779199352,4,10.000000,8.992500,8.000000,0.707087,9.000000,9.000000,10.000000,10.000000,10.000000,10.000000,0.150295,0.573225,0.748406,0.782418,calls/second,milliseconds
1779199353,4,10.000000,8.992500,8.000000,0.707087,9.000000,9.000000,10.000000,10.000000,10.000000,10.000000,0.144840,0.573225,0.748406,0.782418,calls/second,milliseconds
1779199354,4,10.000000,8.992500,8.000000,0.707087,9.000000,9.000000,10.000000,10.000000,10.000000,10.000000,0.139767,0.573225,0.748406,0.782418,calls/second,milliseconds
1779199355,4,10.000000,8.992500,8.000000,0.707087,9.000000,9.000000,10.000000,10.000000,10.000000,10.000000,0.135039,0.573225,0.748406,0.782418,calls/second,milliseconds
1779199356,4,10.000000,8.992500,8.000000,0.707087,9.000000,9.000000,10.000000,10.000000,10.000000,10.000000,0.130619,0.527393,0.736036,0.778084,calls/second,milliseconds
1779199357,4,10.000000,8.992500,8.000000,0.707087,9.000000,9.000000,10.000000,10.000000,10.000000,10.000000,0.126479,0.527393,0.736036,0.778084,calls/second,milliseconds
1779199358,4,10.000000,8.992500,8.000000,0.707087,9.000000,9.000000,10.000000,10.000000,10.000000,10.000000,0.122594,0.527393,0.736036,0.778084,calls/second,milliseconds
1779199359,4,10.000000,8.992500,8.000000,0.707087,9.000000,9.000000,10.000000,10.000000,10.000000,10.000000,0.118939,0.527393,0.736036,0.778084,calls/second,milliseconds
1779199360,4,10.000000,8.992500,8.000000,0.707087,9.000000,9.000000,10.000000,10.000000,10.000000,10.000000,0.115497,0.527393,0.736036,0.778084,calls/second,milliseconds
1779199361,4,10.000000,8.992500,8.000000,0.707087,9.000000,9.000000,10.000000,10.000000,10.000000,10.000000,0.112249,0.485225,0.723870,0.773773,calls/second,milliseconds
1779199362,4,10.000000,8.992500,8.000000,0.707087,9.000000,9.000000,10.000000,10.000000,10.000000,10.000000,0.109177,0.485225,0.723870,0.773773,calls/second,milliseconds
1779199363,4,10.000000,8.992500,8.000000,0.707087,9.000000,9.000000,10.000000,10.000000,10.000000,10.000000,0.106269,0.485225,0.723870,0.773773,calls/second,milliseconds
1779199364,4,10.000000,8.992500,8.000000,0.707087,9.000000,9.000000,10.000000,10.000000,10.000000,10.000000,0.103512,0.485225,0.723870,0.773773,calls/second,milliseconds
1779199365,4,10.000000,8.992500,8.000000,0.707087,9.000000,9.000000,10.000000,10.000000,10.000000,10.000000,0.100896,0.485225,0.723870,0.773773,calls/second,milliseconds
1779199366,4,10.000000,8.992500,8.000000,0.707087,9.000000,9.000000,10.000000,10.000000,10.000000,10.000000,0.098408,0.446428,0.711905,0.769486,calls/second,milliseconds
1779199367,4,10.000000,8.992500,8.000000,0.707087,9.000000,9.000000,10.000000,10.000000,10.000000,10.000000,0.096039,0.446428,0.711905,0.769486,calls/second,milliseconds
1779199368,4,10.000000,8.992500,8.000000,0.707087,9.000000,9.000000,10.000000,10.000000,10.000000,10.000000,0.093782,0.446428,0.711905,0.769486,calls/second,milliseconds
1779199369,4,10.000000,8.992500,8.000000,0.707087,9.000000,9.000000,10.000000,10.000000,10.000000,10.000000,0.091629,0.446428,0.711905,0.769486,calls/second,milliseconds
1779199370,4,10.000000,8.992500,8.000000,0.707087,9.000000,9.000000,10.000000,10.000000,10.000000,10.000000,0.089573,0.446428,0.711905,0.769486,calls/second,milliseconds
1779199371,4,10.000000,8.992500,8.000000,0.707087,9.000000,9.000000,10.000000,10.000000,10.000000,10.000000,0.087606,0.410734,0.700139,0.765223,calls/second,milliseconds
1779199372,4,10.000000,8.992500,8.000000,0.707087,9.000000,9.000000,10.000000,10.000000,10.000000,10.000000,0.085725,0.410734,0.700139,0.765223,calls/second,milliseconds
1779199373,5,12.000000,9.992860,8.000000,1.530207,9.000000,12.000000,12.000000,12.000000,12.000000,12.000000,0.104877,0.410734,0.700139,0.765223,calls/second,milliseconds
1779199374,5,12.000000,9.992860,8.000000,1.530207,9.000000,12.000000,12.000000,12.000000,12.000000,12.000000,0.102717,0.410734,0.700139,0.765223,calls/second,milliseconds
1779199375,5,12.000000,9.992860,8.000000,1.530207,9.000000,12.000000,12.000000,12.000000,12.000000,12.000000,0.100645,0.410734,0.700139,0.765223,calls/second,milliseconds
1779199376,5,12.000000,9.992860,8.000000,1.530207,9.000000,12.000000,12.000000,12.000000,12.000000,12.000000,0.098656,0.393884,0.691872,0.762092,calls/second,milliseconds
1779199377,5,12.000000,9.992860,8.000000,1.530207,9.000000,12.000000,12.000000,12.000000,12.000000,12.000000,0.096743,0.393884,0.691872,0.762092,calls/second,milliseconds
1779199378,5,12.000000,9.992860,8.000000,1.530207,9.000000,12.000000,12.000000,12.000000,12.000000,12.000000,0.094904,0.393884,0.691872,0.762092,calls/second,milliseconds
1779199379,5,12.000000,9.992860,8.000000,1.530207,9.000000,12.000000,12.000000,12.000000,12.000000,12.000000,0.093132,0.393884,0.691872,0.762092,calls/second,milliseconds
1779199380,5,12.000000,9.992860,8.000000,1.530207,9.000000,12.000000,12.000000,12.000000,12.000000,12.000000,0.091427,0.393884,0.691872,0.762092,calls/second,milliseconds
1779199381,5,12.000000,9.992860,8.000000,1.530207,9.000000,12.000000,12.000000,12.000000,12.000000,12.000000,0.089782,0.362391,0.680436,0.757869,calls/second,milliseconds
1779199382,5,12.000000,9.992860,8.000000,1.530207,9.000000,12.000000,12.000000,12.000000,12.000000,12.000000,0.088195,0.362391,0.680436,0.757869,calls/second,milliseconds
1779199383,5,12.000000,9.992860,8.000000,1.530207,9.000000,12.000000,12.000000,12.000000,12.000000,12.000000,0.086663,0.362391,0.680436,0.757869,calls/second,milliseconds
1779199384,5,12.000000,9.992860,8.000000,1.530207,9.000000,12.000000,12.000000,12.000000,12.000000,12.000000,0.085183,0.362391,0.680436,0.757869,calls/second,milliseconds
1779199385,5,12.000000,9.992860,8.000000,1.530207,9.000000,12.000000,12.000000,12.000000,12.000000,12.000000,0.083753,0.362391,0.680436,0.757869,calls/second,milliseconds
1779199386,5,12.000000,9.992860,8.000000,1.530207,9.000000,12.000000,12.000000,12.000000,12.000000,12.000000,0.082371,0.333416,0.669190,0.753671,calls/second,milliseconds
1779199387,5,12.000000,9.992860,8.000000,1.530207,9.000000,12.000000,12.000000,12.000000,12.000000,12.000000,0.081034,0.333416,0.669190,0.753671,calls/second,milliseconds
1779199388,5,12.000000,9.992860,8.000000,1.530207,9.000000,12.000000,12.000000,12.000000,12.000000,12.000000,0.079739,0.333416,0.669190,0.753671,calls/second,milliseconds
1779199389,5,12.000000,9.992860,8.000000,1.530207,9.000000,12.000000,12.000000,12.000000,12.000000,12.000000,0.078485,0.333416,0.669190,0.753671,calls/second,milliseconds
1779199390,5,12.000000,9.992860,8.000000,1.530207,9.000000,12.000000,12.000000,12.000000,12.000000,12.000000,0.077270,0.333416,0.669190,0.753671,calls/second,milliseconds
1779199391,5,12.000000,9.992860,8.000000,1.530207,9.000000,12.000000,12.000000,12.000000,12.000000,12.000000,0.076092,0.306757,0.658129,0.749495,calls/second,milliseconds
1779199392,5,12.000000,9.992860,8.000000,1.530207,9.000000,12.000000,12.000000,12.000000,12.000000,12.000000,0.074950,0.306757,0.658129,0.749495,calls/second,milliseconds
1779199393,5,12.000000,9.992860,8.000000,1.530207,9.000000,12.000000,12.000000,12.000000,12.000000,12.000000,0.073841,0.306757,0.658129,0.749495,calls/second,milliseconds
1779199394,5,12.000000,9.992860,8.000000,1.530207,9.000000,12.000000,12.000000,12.000000,12.000000,12.000000,0.072764,0.306757,0.658129,0.749495,calls/second,milliseconds
1779199395,5,12.000000,9.992860,8.000000,1.530207,9.000000,12.000000,12.000000,12.000000,12.000000,12.000000,0.071718,0.306757,0.658129,0.749495,calls/second,milliseconds
1779199396,5,12.000000,9.992860,8.000000,1.530207,9.000000,12.000000,12.000000,12.000000,12.000000,12.000000,0.070703,0.282230,0.647251,0.745343,calls/second,milliseconds
1779199397,5,12.000000,9.992860,8.000000,1.530207,9.000000,12.000000,12.000000,12.000000,12.000000,12.000000,0.069716,0.282230,0.647251,0.745343,calls/second,milliseconds
1779199398,5,12.000000,9.992860,8.000000,1.530207,9.000000,12.000000,12.000000,12.000000,12.000000,12.000000,0.068755,0.282230,0.647251,0.745343,calls/second,milliseconds
1779199399,5,12.000000,9.992860,8.000000,1.530207,9.000000,12.000000,12.000000,12.000000,12.000000,12.000000,0.067821,0.282230,0.647251,0.745343,calls/second,milliseconds
1779199400,5,12.000000,9.992860,8.000000,1.530207,9.000000,12.000000,12.000000,12.000000,12.000000,12.000000,0.066911,0.282230,0.647251,0.745343,calls/second,milliseconds
1779199401,5,12.000000,9.992860,8.000000,1.530207,9.000000,12.000000,12.000000,12.000000,12.000000,12.000000,0.066026,0.259665,0.636553,0.741214,calls/second,milliseconds
1779199402,5,12.000000,9.992860,8.000000,1.530207,9.000000,12.000000,12.000000,12.000000,12.000000,12.000000,0.065164,0.259665,0.636553,0.741214,calls/second,milliseconds
1779199403,5,12.000000,9.992860,8.000000,1.530207,9.000000,12.000000,12.000000,12.000000,12.000000,12.000000,0.064325,0.259665,0.636553,0.741214,calls/second,milliseconds
1779199404,5,12.000000,9.992860,8.000000,1.530207,9.000000,12.000000,12.000000,12.000000,12.000000,12.000000,0.063506,0.259665,0.636553,0.741214,calls/second,milliseconds
1779199405,5,12.000000,9.992860,8.000000,1.530207,9.000000,12.000000,12.000000,12.000000,12.000000,12.000000,0.062709,0.259665,0.636553,0.741214,calls/second,milliseconds
1779199406,5,12.000000,9.992860,8.000000,1.530207,9.000000,12.000000,12.000000,12.000000,12.000000,12.000000,0.061931,0.238903,0.626032,0.737107,calls/second,milliseconds
1779199407,5,12.000000,9.992860,8.000000,1.530207,9.000000,12.000000,12.000000,12.000000,12.000000,12.000000,0.061172,0.238903,0.626032,0.737107,calls/second,milliseconds
1779199408,5,12.000000,9.992860,8.000000,1.530207,9.000000,12.000000,12.000000,12.000000,12.000000,12.000000,0.060431,0.238903,0.626032,0.737107,calls/second,milliseconds
1779199409,5,12.000000,9.992860,8.000000,1.530207,9.000000,12.000000,12.000000,12.000000,12.000000,12.000000,0.059708,0.238903,0.626032,0.737107,calls/second,milliseconds
1779199410,5,12.000000,9.992860,8.000000,1.530207,9.000000,12.000000,12.000000,12.000000,12.000000,12.000000,0.059002,0.238903,0.626032,0.737107,calls/second,milliseconds
1779199411,5,12.000000,9.992860,8.000000,1.530207,9.000000,12.000000,12.000000,12.000000,12.000000,12.000000,0.058313,0.219801,0.615684,0.733024,calls/second,milliseconds
1779199412,5,12.000000,9.992860,8.000000,1.530207,9.000000,12.000000,12.000000,12.000000,12.000000,12.000000,0.057640,0.219801,0.615684,0.733024,calls/second,milliseconds
1779199413,5,12.000000,9.992860,8.000000,1.530207,9.000000,12.000000,12.000000,12.000000,12.000000,12.000000,0.056981,0.219801,0.615684,0.733024,calls/second,milliseconds
1779199414,5,12.000000,9.992860,8.000000,1.530207,9.000000,12.000000,12.000000,12.000000,12.000000,12.000000,0.056338,0.219801,0.615684,0.733024,calls/second,milliseconds
1779199415,5,12.000000,9.992860,8.000000,1.530207,9.000000,12.000000,12.000000,12.000000,12.000000,12.000000,0.055710,0.219801,0.615684,0.733024,calls/second,milliseconds
1779199416,5,12.000000,9.992860,8.000000,1.530207,9.000000,12.000000,12.000000,12.000000,12.000000,12.000000,0.055095,0.202227,0.605508,0.728962,calls/second,milliseconds
1779199417,5,12.000000,9.992860,8.000000,1.530207,9.000000,12.000000,12.000000,12.000000,12.000000,12.000000,0.054493,0.202227,0.605508,0.728962,calls/second,milliseconds
1779199418,5,12.000000,9.992860,8.000000,1.530207,9.000000,12.000000,12.000000,12.000000,12.000000,12.000000,0.053905,0.202227,0.605508,0.728962,calls/second,milliseconds
1779199419,5,12.000000,9.992860,8.000000,1.530207,9.000000,12.000000,12.000000,12.000000,12.000000,12.000000,0.053329,0.202227,0.605508,0.728962,calls/second,milliseconds
1779199420,5,12.000000,9.992860,8.000000,1.530207,9.000000,12.000000,12.000000,12.000000,12.000000,12.000000,0.052765,0.202227,0.605508,0.728962,calls/second,milliseconds
1779199421,5,12.000000,9.992860,8.000000,1.530207,9.000000,12.000000,12.000000,12.000000,12.000000,12.000000,0.052213,0.186058,0.595500,0.724924,calls/second,milliseconds
1779199422,5,12.000000,9.992860,8.000000,1.530207,9.000000,12.000000,12.000000,12.000000,12.000000,12.000000,0.051672,0.186058,0.595500,0.724924,calls/second,milliseconds
1779199423,5,12.000000,9.992860,8.000000,1.530207,9.000000,12.000000,12.000000,12.000000,12.000000,12.000000,0.051143,0.186058,0.595500,0.724924,calls/second,milliseconds
1779199424,5,12.000000,9.992860,8.000000,1.530207,9.000000,12.000000,12.000000,12.000000,12.000000,12.000000,0.050624,0.186058,0.595500,0.724924,calls/second,milliseconds
1779199425,5,12.000000,9.992860,8.000000,1.530207,9.000000,12.000000,12.000000,12.000000,12.000000,12.000000,0.050116,0.186058,0.595500,0.724924,calls/second,milliseconds
1779199426,5,12.000000,9.992860,8.000000,1.530207,9.000000,12.000000,12.000000,12.000000,12.000000,12.000000,0.049618,0.171181,0.585657,0.720908,calls/second,milliseconds
1779199427,5,12.000000,9.992860,8.000000,1.530207,9.000000,12.000000,12.000000,12.000000,12.000000,12.000000,0.049130,0.171181,0.585657,0.720908,calls/second,milliseconds
1779199428,5,12.000000,9.992860,8.000000,1.530207,9.000000,12.000000,12.000000,12.000000,12.000000,12.000000,0.048651,0.171181,0.585657,0.720908,calls/second,milliseconds
1779199429,5,12.000000,9.992860,8.000000,1.530207,9.000000,12.000000,12.000000,12.000000,12.000000,12.000000,0.048181,0.171181,0.585657,0.720908,calls/second,milliseconds
1779199430,5,12.000000,9.992860,8.000000,1.530207,9.000000,12.000000,12.000000,12.000000,12.000000,12.000000,0.047720,0.171181,0.585657,0.720908,calls/second,milliseconds
1779199431,5,12.000000,9.992860,8.000000,1.530207,9.000000,12.000000,12.000000,12.000000,12.000000,12.000000,0.047268,0.157495,0.575977,0.716914,calls/second,milliseconds
1779199432,5,12.000000,9.992860,8.000000,1.530207,9.000000,12.000000,12.000000,12.000000,12.000000,12.000000,0.046825,0.157495,0.575977,0.716914,calls/second,milliseconds
1779199433,5,12.000000,9.992860,8.000000,1.530207,9.000000,12.000000,12.000000,12.000000,12.000000,12.000000,0.046390,0.157495,0.575977,0.716914,calls/second,milliseconds
1779199434,5,12.000000,9.992860,8.000000,1.530207,9.000000,12.000000,12.000000,12.000000,12.000000,12.000000,0.045963,0.157495,0.575977,0.716914,calls/second,milliseconds
1779199435,5,12.000000,9.992860,8.000000,1.530207,9.000000,12.000000,12.000000,12.000000,12.000000,12.000000,0.045543,0.157495,0.575977,0.716914,calls/second,milliseconds
1779199436,5,12.000000,9.992860,8.000000,1.530207,9.000000,12.000000,12.000000,12.000000,12.000000,12.000000,0.045132,0.144902,0.566457,0.712942,calls/second,milliseconds
1779199437,5,12.000000,9.992860,8.000000,1.530207,9.000000,12.000000,12.000000,12.000000,12.000000,12.000000,0.044727,0.144902,0.566457,0.712942,calls/second,milliseconds
1779199438,5,12.000000,9.992860,8.000000,1.530207,9.000000,12.000000,12.000000,12.000000,12.000000,12.000000,0.044330,0.144902,0.566457,0.712942,calls/second,milliseconds
1779199439,5,12.000000,9.992860,8.000000,1.530207,9.000000,12.000000,12.000000,12.000000,12.000000,12.000000,0.043940,0.144902,0.566457,0.712942,calls/second,milliseconds
1779199440,5,12.000000,9.992860,8.000000,1.530207,9.000000,12.000000,12.000000,12.000000,12.000000,12.000000,0.043556,0.144902,0.566457,0.712942,calls/second,milliseconds
1779199441,5,12.000000,9.992860,8.000000,1.530207,9.000000,12.000000,12.000000,12.000000,12.000000,12.000000,0.043180,0.133316,0.557094,0.708992,calls/second,milliseconds
1779199442,5,12.000000,9.992860,8.000000,1.530207,9.000000,12.000000,12.000000,12.000000,12.000000,12.000000,0.042809,0.133316,0.557094,0.708992,calls/second,milliseconds
1779199443,5,12.000000,9.992860,8.000000,1.530207,9.000000,12.000000,12.000000,12.000000,12.000000,12.000000,0.042445,0.133316,0.557094,0.708992,calls/second,milliseconds
1779199444,5,12.000000,9.992860,8.000000,1.530207,9.000000,12.000000,12.000000,12.000000,12.000000,12.000000,0.042087,0.133316,0.557094,0.708992,calls/second,milliseconds
1779199445,5,12.000000,9.992860,8.000000,1.530207,9.000000,12.000000,12.000000,12.000000,12.000000,12.000000,0.041735,0.133316,0.557094,0.708992,calls/second,milliseconds
1779199446,5,12.000000,9.992860,8.000000,1.530207,9.000000,12.000000,12.000000,12.000000,12.000000,12.000000,0.041389,0.122657,0.547886,0.705064,calls/second,milliseconds
1779199447,5,12.000000,9.992860,8.000000,1.530207,9.000000,12.000000,12.000000,12.000000,12.000000,12.000000,0.041049,0.122657,0.547886,0.705064,calls/second,milliseconds
1779199448,5,12.000000,9.992860,8.000000,1.530207,9.000000,12.000000,12.000000,12.000000,12.000000,12.000000,0.040714,0.122657,0.547886,0.705064,calls/second,milliseconds
1779199449,5,12.000000,9.992860,8.000000,1.530207,9.000000,12.000000,12.000000,12.000000,12.000000,12.000000,0.040385,0.122657,0.547886,0.705064,calls/second,milliseconds
1779199450,5,12.000000,9.992860,8.000000,1.530207,9.000000,12.000000,12.000000,12.000000,12.000000,12.000000,0.040061,0.122657,0.547886,0.705064,calls/second,milliseconds
1779199451,5,12.000000,9.992860,8.000000,1.530207,9.000000,12.000000,12.000000,12.000000,12.000000,12.000000,0.039742,0.112850,0.538831,0.701158,calls/second,milliseconds
1779199452,5,12.000000,9.992860,8.000000,1.530207,9.000000,12.000000,12.000000,12.000000,12.000000,12.000000,0.039427,0.112850,0.538831,0.701158,calls/second,milliseconds
1779199453,5,12.000000,9.992860,8.000000,1.530207,9.000000,12.000000,12.000000,12.000000,12.000000,12.000000,0.039118,0.112850,0.538831,0.701158,calls/second,milliseconds
1779199454,5,12.000000,9.992860,8.000000,1.530207,9.000000,12.000000,12.000000,12.000000,12.000000,12.000000,0.038814,0.112850,0.538831,0.701158,calls/second,milliseconds
1779199455,5,12.000000,9.992860,8.000000,1.530207,9.000000,12.000000,12.000000,12.000000,12.000000,12.000000,0.038515,0.112850,0.538831,0.701158,calls/second,milliseconds
1779199456,5,12.000000,9.992860,8.000000,1.530207,9.000000,12.000000,12.000000,12.000000,12.000000,12.000000,0.038220,0.103827,0.529924,0.697274,calls/second,milliseconds
1779199457,5,12.000000,9.992860,8.000000,1.530207,9.000000,12.000000,12.000000,12.000000,12.000000,12.000000,0.037929,0.103827,0.529924,0.697274,calls/second,milliseconds
1779199458,5,12.000000,9.992860,8.000000,1.530207,9.000000,12.000000,12.000000,12.000000,12.000000,12.000000,0.037643,0.103827,0.529924,0.697274,calls/second,milliseconds
1779199459,5,12.000000,9.992860,8.000000,1.530207,9.000000,12.000000,12.000000,12.000000,12.000000,12.000000,0.037361,0.103827,0.529924,0.697274,calls/second,milliseconds
1779199460,5,12.000000,9.992860,8.000000,1.530207,9.000000,12.000000,12.000000,12.000000,12.000000,12.000000,0.037084,0.103827,0.529924,0.697274,calls/second,milliseconds
1779199461,5,12.000000,9.992860,8.000000,1.530207,9.000000,12.000000,12.000000,12.000000,12.000000,12.000000,0.036810,0.095525,0.521166,0.693411,calls/second,milliseconds
1779199462,5,12.000000,9.992860,8.000000,1.530207,9.000000,12.000000,12.000000,12.000000,12.000000,12.000000,0.036541,0.095525,0.521166,0.693411,calls/second,milliseconds
1779199463,5,12.000000,9.992860,8.000000,1.530207,9.000000,12.000000,12.000000,12.000000,12.000000,12.000000,0.036275,0.095525,0.521166,0.693411,calls/second,milliseconds
1779199464,5,12.000000,9.992860,8.000000,1.530207,9.000000,12.000000,12.000000,12.000000,12.000000,12.000000,0.036013,0.095525,0.521166,0.693411,calls/second,milliseconds
1779199465,5,12.000000,9.992860,8.000000,1.530207,9.000000,12.000000,12.000000,12.000000,12.000000,12.000000,0.035756,0.095525,0.521166,0.693411,calls/second,milliseconds
1779199466,5,12.000000,9.992860,8.000000,1.530207,9.000000,12.000000,12.000000,12.000000,12.000000,12.000000,0.035501,0.087887,0.512551,0.689569,calls/second,milliseconds
1779199467,5,12.000000,9.992860,8.000000,1.530207,9.000000,12.000000,12.000000,12.000000,12.000000,12.000000,0.035250,0.087887,0.512551,0.689569,calls/second,milliseconds
1779199468,5,12.000000,9.992860,8.000000,1.530207,9.000000,12.000000,12.000000,12.000000,12.000000,12.000000,0.035003,0.087887,0.512551,0.689569,calls/second,milliseconds
1779199469,5,12.000000,9.992860,8.000000,1.530207,9.000000,12.000000,12.000000,12.000000,12.000000,12.000000,0.034760,0.087887,0.512551,0.689569,calls/second,milliseconds
1779199470,5,12.000000,9.992860,8.000000,1.530207,9.000000,12.000000,12.000000,12.000000,12.000000,12.000000,0.034519,0.087887,0.512551,0.689569,calls/second,milliseconds
1779199471,5,12.000000,9.992860,8.000000,1.530207,9.000000,12.000000,12.000000,12.000000,12.000000,12.000000,0.034282,0.080860,0.504080,0.685749,calls/second,milliseconds
1779199472,5,12.000000,9.992860,8.000000,1.530207,9.000000,12.000000,12.000000,12.000000,12.000000,12.000000,0.034048,0.080860,0.504080,0.685749,calls/second,milliseconds
1779199473,5,12.000000,9.992860,8.000000,1.530207,9.000000,12.000000,12.000000,12.000000,12.000000,12.000000,0.033818,0.080860,0.504080,0.685749,calls/second,milliseconds
1779199474,5,12.000000,9.992860,8.000000,1.530207,9.000000,12.000000,12.000000,12.000000,12.000000,12.000000,0.033590,0.080860,0.504080,0.685749,calls/second,milliseconds
1779199475,5,12.000000,9.992860,8.000000,1.530207,9.000000,12.000000,12.000000,12.000000,12.000000,12.000000,0.033366,0.080860,0.504080,0.685749,calls/second,milliseconds
1779199476,5,12.000000,9.992860,8.000000,1.530207,9.000000,12.000000,12.000000,12.000000,12.000000,12.000000,0.033144,0.074395,0.495748,0.681949,calls/second,milliseconds
1779199477,5,12.000000,9.992860,8.000000,1.530207,9.000000,12.000000,12.000000,12.000000,12.000000,12.000000,0.032926,0.074395,0.495748,0.681949,calls/second,milliseconds
1779199478,5,12.000000,9.992860,8.000000,1.530207,9.000000,12.000000,12.000000,12.000000,12.000000,12.000000,0.032710,0.074395,0.495748,0.681949,calls/second,milliseconds
1779199479,5,12.000000,9.992860,8.000000,1.530207,9.000000,12.000000,12.000000,12.000000,12.000000,12.000000,0.032497,0.074395,0.495748,0.681949,calls/second,milliseconds
1779199480,5,12.000000,9.992860,8.000000,1.530207,9.000000,12.000000,12.000000,12.000000,12.000000,12.000000,0.032287,0.074395,0.495748,0.681949,calls/second,milliseconds
1779199481,5,12.000000,9.992860,8.000000,1.530207,9.000000,12.000000,12.000000,12.000000,12.000000,12.000000,0.032080,0.068447,0.487554,0.678171,calls/second,milliseconds
1779199482,6,12.000000,8.736414,8.000000,1.338104,8.000000,9.000000,12.000000,12.000000,12.000000,12.000000,0.038248,0.068447,0.487554,0.678171,calls/second,milliseconds
1779199483,6,12.000000,8.736414,8.000000,1.338104,8.000000,9.000000,12.000000,12.000000,12.000000,12.000000,0.038005,0.068447,0.487554,0.678171,calls/second,milliseconds
1779199484,6,12.000000,8.736414,8.000000,1.338104,8.000000,9.000000,12.000000,12.000000,12.000000,12.000000,0.037766,0.068447,0.487554,0.678171,calls/second,milliseconds
1779199485,6,12.000000,8.736414,8.000000,1.338104,8.000000,9.000000,12.000000,12.000000,12.000000,12.000000,0.037529,0.068447,0.487554,0.678171,calls/second,milliseconds
1779199486,6,12.000000,8.736414,8.000000,1.338104,8.000000,9.000000,12.000000,12.000000,12.000000,12.000000,0.037295,0.078965,0.482801,0.675522,calls/second,milliseconds
1779199487,6,12.000000,8.736414,8.000000,1.338104,8.000000,9.000000,12.000000,12.000000,12.000000,12.000000,0.037065,0.078965,0.482801,0.675522,calls/second,milliseconds
1779199488,6,12.000000,8.736414,8.000000,1.338104,8.000000,9.000000,12.000000,12.000000,12.000000,12.000000,0.036837,0.078965,0.482801,0.675522,calls/second,milliseconds
1779199489,6,12.000000,8.736414,8.000000,1.338104,8.000000,9.000000,12.000000,12.000000,12.000000,12.000000,0.036612,0.078965,0.482801,0.675522,calls/second,milliseconds
1779199490,6,12.000000,8.736414,8.000000,1.338104,8.000000,9.000000,12.000000,12.000000,12.000000,12.000000,0.036389,0.078965,0.482801,0.675522,calls/second,milliseconds
1779199491,6,12.000000,8.736414,8.000000,1.338104,8.000000,9.000000,12.000000,12.000000,12.000000,12.000000,0.036170,0.072652,0.474821,0.671780,calls/second,milliseconds
1779199492,6,12.000000,8.736414,8.000000,1.338104,8.000000,9.000000,12.000000,12.000000,12.000000,12.000000,0.035953,0.072652,0.474821,0.671780,calls/second,milliseconds
1779199493,6,12.000000,8.736414,8.000000,1.338104,8.000000,9.000000,12.000000,12.000000,12.000000,12.000000,0.035738,0.072652,0.474821,0.671780,calls/second,milliseconds
1779199494,6,12.000000,8.736414,8.000000,1.338104,8.000000,9.000000,12.000000,12.000000,12.000000,12.000000,0.035526,0.072652,0.474821,0.671780,calls/second,milliseconds
1779199495,6,12.000000,8.736414,8.000000,1.338104,8.000000,9.000000,12.000000,12.000000,12.000000,12.000000,0.035317,0.072652,0.474821,0.671780,calls/second,milliseconds
1779199496,6,12.000000,8.736414,8.000000,1.338104,8.000000,9.000000,12.000000,12.000000,12.000000,12.000000,0.035110,0.066843,0.466973,0.668058,calls/second,milliseconds
1779199497,6,12.000000,8.736414,8.000000,1.338104,8.000000,9.000000,12.000000,12.000000,12.000000,12.000000,0.034905,0.066843,0.466973,0.668058,calls/second,milliseconds
1779199498,6,12.000000,8.736414,8.000000,1.338104,8.000000,9.000000,12.000000,12.000000,12.000000,12.000000,0.034703,0.066843,0.466973,0.668058,calls/second,milliseconds
1779199499,6,12.000000,8.736414,8.000000,1.338104,8.000000,9.000000,12.000000,12.000000,12.000000,12.000000,0.034503,0.066843,0.466973,0.668058,calls/second,milliseconds
1779199500,6,12.000000,8.736414,8.000000,1.338104,8.000000,9.000000,12.000000,12.000000,12.000000,12.000000,0.034306,0.066843,0.466973,0.668058,calls/second,milliseconds
1779199501,6,12.000000,8.736414,8.000000,1.338104,8.000000,9.000000,12.000000,12.000000,12.000000,12.000000,0.034110,0.061498,0.459255,0.664357,calls/second,milliseconds
1779199502,6,12.000000,8.736414,8.000000,1.338104,8.000000,9.000000,12.000000,12.000000,12.000000,12.000000,0.033917,0.061498,0.459255,0.664357,calls/second,milliseconds
1779199503,6,12.000000,8.736414,8.000000,1.338104,8.000000,9.000000,12.000000,12.000000,12.000000,12.000000,0.033726,0.061498,0.459255,0.664357,calls/second,milliseconds
1779199504,6,12.000000,8.736414,8.000000,1.338104,8.000000,9.000000,12.000000,12.000000,12.000000,12.000000,0.033537,0.061498,0.459255,0.664357,calls/second,milliseconds
1779199505,6,12.000000,8.736414,8.000000,1.338104,8.000000,9.000000,12.000000,12.000000,12.000000,12.000000,0.033351,0.061498,0.459255,0.664357,calls/second,milliseconds
1779199506,6,12.000000,8.736414,8.000000,1.338104,8.000000,9.000000,12.000000,12.000000,12.000000,12.000000,0.033166,0.056581,0.451664,0.660676,calls/second,milliseconds
1779199507,6,12.000000,8.736414,8.000000,1.338104,8.000000,9.000000,12.000000,12.000000,12.000000,12.000000,0.032983,0.056581,0.451664,0.660676,calls/second,milliseconds
1779199508,6,12.000000,8.736414,8.000000,1.338104,8.000000,9.000000,12.000000,12.000000,12.000000,12.000000,0.032803,0.056581,0.451664,0.660676,calls/second,milliseconds
1779199509,6,12.000000,8.736414,8.000000,1.338104,8.000000,9.000000,12.000000,12.000000,12.000000,12.000000,0.032624,0.056581,0.451664,0.660676,calls/second,milliseconds
1779199510,6,12.000000,8.736414,8.000000,1.338104,8.000000,9.000000,12.000000,12.000000,12.000000,12.000000,0.032447,0.056581,0.451664,0.660676,calls/second,milliseconds
1779199511,6,12.000000,8.736414,8.000000,1.338104,8.000000,9.000000,12.000000,12.000000,12.000000,12.000000,0.032273,0.052057,0.444199,0.657016,calls/second,milliseconds
1779199512,6,12.000000,8.736414,8.000000,1.338104,8.000000,9.000000,12.000000,12.000000,12.000000,12.000000,0.032100,0.052057,0.444199,0.657016,calls/second,milliseconds
1779199513,6,12.000000,8.736414,8.000000,1.338104,8.000000,9.000000,12.000000,12.000000,12.000000,12.000000,0.031929,0.052057,0.444199,0.657016,calls/second,milliseconds
1779199514,6,12.000000,8.736414,8.000000,1.338104,8.000000,9.000000,12.000000,12.000000,12.000000,12.000000,0.031759,0.052057,0.444199,0.657016,calls/second,milliseconds
1779199515,6,12.000000,8.736414,8.000000,1.338104,8.000000,9.000000,12.000000,12.000000,12.000000,12.000000,0.031592,0.052057,0.444199,0.657016,calls/second,milliseconds
1779199516,6,12.000000,8.736414,8.000000,1.338104,8.000000,9.000000,12.000000,12.000000,12.000000,12.000000,0.031426,0.047895,0.436857,0.653376,calls/second,milliseconds
1779199517,6,12.000000,8.736414,8.000000,1.338104,8.000000,9.000000,12.000000,12.000000,12.000000,12.000000,0.031262,0.047895,0.436857,0.653376,calls/second,milliseconds
1779199518,6,12.000000,8.736414,8.000000,1.338104,8.000000,9.000000,12.000000,12.000000,12.000000,12.000000,0.031100,0.047895,0.436857,0.653376,calls/second,milliseconds
1779199519,6,12.000000,8.736414,8.000000,1.338104,8.000000,9.000000,12.000000,12.000000,12.000000,12.000000,0.030939,0.047895,0.436857,0.653376,calls/second,milliseconds
1779199520,6,12.000000,8.736414,8.000000,1.338104,8.000000,9.000000,12.000000,12.000000,12.000000,12.000000,0.030780,0.047895,0.436857,0.653376,calls/second,milliseconds
1779199521,6,12.000000,8.736414,8.000000,1.338104,8.000000,9.000000,12.000000,12.000000,12.000000,12.000000,0.030623,0.044065,0.429636,0.649756,calls/second,milliseconds
1779199522,6,12.000000,8.736414,8.000000,1.338104,8.000000,9.000000,12.000000,12.000000,12.000000,12.000000,0.030467,0.044065,0.429636,0.649756,calls/second,milliseconds
1779199523,6,12.000000,8.736414,8.000000,1.338104,8.000000,9.000000,12.000000,12.000000,12.000000,12.000000,0.030313,0.044065,0.429636,0.649756,calls/second,milliseconds
1779199524,6,12.000000,8.736414,8.000000,1.338104,8.000000,9.000000,12.000000,12.000000,12.000000,12.000000,0.030160,0.044065,0.429636,0.649756,calls/second,milliseconds
1779199525,6,12.000000,8.736414,8.000000,1.338104,8.000000,9.000000,12.000000,12.000000,12.000000,12.000000,0.030009,0.044065,0.429636,0.649756,calls/second,milliseconds
1779199526,6,12.000000,8.736414,8.000000,1.338104,8.000000,9.000000,12.000000,12.000000,12.000000,12.000000,0.029860,0.040542,0.422535,0.646156,calls/second,milliseconds
1779199527,6,12.000000,8.736414,8.000000,1.338104,8.000000,9.000000,12.000000,12.000000,12.000000,12.000000,0.029712,0.040542,0.422535,0.646156,calls/second,milliseconds
1779199528,6,12.000000,8.736414,8.000000,1.338104,8.000000,9.000000,12.000000,12.000000,12.000000,12.000000,0.029565,0.040542,0.422535,0.646156,calls/second,milliseconds
1779199529,6,12.000000,8.736414,8.000000,1.338104,8.000000,9.000000,12.000000,12.000000,12.000000,12.000000,0.029420,0.040542,0.422535,0.646156,calls/second,milliseconds
1779199530,6,12.000000,8.736414,8.000000,1.338104,8.000000,9.000000,12.000000,12.000000,12.000000,12.000000,0.029276,0.040542,0.422535,0.646156,calls/second,milliseconds
1779199531,6,12.000000,8.736414,8.000000,1.338104,8.000000,9.000000,12.000000,12.000000,12.000000,12.000000,0.029134,0.037301,0.415551,0.642577,calls/second,milliseconds
1779199532,6,12.000000,8.736414,8.000000,1.338104,8.000000,9.000000,12.000000,12.000000,12.000000,12.000000,0.028993,0.037301,0.415551,0.642577,calls/second,milliseconds
1779199533,6,12.000000,8.736414,8.000000,1.338104,8.000000,9.000000,12.000000,12.000000,12.000000,12.000000,0.028853,0.037301,0.415551,0.642577,calls/second,milliseconds
1779199534,6,12.000000,8.736414,8.000000,1.338104,8.000000,9.000000,12.000000,12.000000,12.000000,12.000000,0.028715,0.037301,0.415551,0.642577,calls/second,milliseconds
1779199535,6,12.000000,8.736414,8.000000,1.338104,8.000000,9.000000,12.000000,12.000000,12.000000,12.000000,0.028578,0.037301,0.415551,0.642577,calls/second,milliseconds
1779199536,6,12.000000,8.736414,8.000000,1.338104,8.000000,9.000000,12.000000,12.000000,12.000000,12.000000,0.028442,0.034318,0.408682,0.639017,calls/second,milliseconds
1779199537,6,12.000000,8.736414,8.000000,1.338104,8.000000,9.000000,12.000000,12.000000,12.000000,12.000000,0.028308,0.034318,0.408682,0.639017,calls/second,milliseconds
1779199538,6,12.000000,8.736414,8.000000,1.338104,8.000000,9.000000,12.000000,12.000000,12.000000,12.000000,0.028175,0.034318,0.408682,0.639017,calls/second,milliseconds
1779199540,6,12.000000,8.736414,8.000000,1.338104,8.000000,9.000000,12.000000,12.000000,12.000000,12.000000,0.028043,0.034318,0.408682,0.639017,calls/second,milliseconds
1779199541,6,12.000000,8.736414,8.000000,1.338104,8.000000,9.000000,12.000000,12.000000,12.000000,12.000000,0.027912,0.034318,0.408682,0.639017,calls/second,milliseconds
1779199542,6,12.000000,8.736414,8.000000,1.338104,8.000000,9.000000,12.000000,12.000000,12.000000,12.000000,0.027783,0.031574,0.401927,0.635476,calls/second,milliseconds
1779199543,6,12.000000,8.736414,8.000000,1.338104,8.000000,9.000000,12.000000,12.000000,12.000000,12.000000,0.027654,0.031574,0.401927,0.635476,calls/second,milliseconds
1779199544,6,12.000000,8.736414,8.000000,1.338104,8.000000,9.000000,12.000000,12.000000,12.000000,12.000000,0.027527,0.031574,0.401927,0.635476,calls/second,milliseconds
1779199545,6,12.000000,8.736414,8.000000,1.338104,8.000000,9.000000,12.000000,12.000000,12.000000,12.000000,0.027402,0.031574,0.401927,0.635476,calls/second,milliseconds
1779199546,6,12.000000,8.736414,8.000000,1.338104,8.000000,9.000000,12.000000,12.000000,12.000000,12.000000,0.027277,0.031574,0.401927,0.635476,calls/second,milliseconds
1779199547,6,12.000000,8.736414,8.000000,1.338104,8.000000,9.000000,12.000000,12.000000,12.000000,12.000000,0.027153,0.029050,0.395284,0.631956,calls/second,milliseconds
1779199548,6,12.000000,8.736414,8.000000,1.338104,8.000000,9.000000,12.000000,12.000000,12.000000,12.000000,0.027031,0.029050,0.395284,0.631956,calls/second,milliseconds
1779199549,6,12.000000,8.736414,8.000000,1.338104,8.000000,9.000000,12.000000,12.000000,12.000000,12.000000,0.026909,0.029050,0.395284,0.631956,calls/second,milliseconds
1779199550,6,12.000000,8.736414,8.000000,1.338104,8.000000,9.000000,12.000000,12.000000,12.000000,12.000000,0.026789,0.029050,0.395284,0.631956,calls/second,milliseconds
1779199551,6,12.000000,8.736414,8.000000,1.338104,8.000000,9.000000,12.000000,12.000000,12.000000,12.000000,0.026669,0.029050,0.395284,0.631956,calls/second,milliseconds
1779199552,6,12.000000,8.736414,8.000000,1.338104,8.000000,9.000000,12.000000,12.000000,12.000000,12.000000,0.026551,0.026727,0.388751,0.628455,calls/second,milliseconds
1779199553,6,12.000000,8.736414,8.000000,1.338104,8.000000,9.000000,12.000000,12.000000,12.000000,12.000000,0.026434,0.026727,0.388751,0.628455,calls/second,milliseconds
1779199554,6,12.000000,8.736414,8.000000,1.338104,8.000000,9.000000,12.000000,12.000000,12.000000,12.000000,0.026318,0.026727,0.388751,0.628455,calls/second,milliseconds
1779199555,6,12.000000,8.736414,8.000000,1.338104,8.000000,9.000000,12.000000,12.000000,12.000000,12.000000,0.026203,0.026727,0.388751,0.628455,calls/second,milliseconds
1779199556,6,12.000000,8.736414,8.000000,1.338104,8.000000,9.000000,12.000000,12.000000,12.000000,12.000000,0.026089,0.026727,0.388751,0.628455,calls/second,milliseconds
1779199557,6,12.000000,8.736414,8.000000,1.338104,8.000000,9.000000,12.000000,12.000000,12.000000,12.000000,0.025976,0.024590,0.382325,0.624973,calls/second,milliseconds
1779199558,6,12.000000,8.736414,8.000000,1.338104,8.000000,9.000000,12.000000,12.000000,12.000000,12.000000,0.025863,0.024590,0.382325,0.624973,calls/second,milliseconds
1779199559,6,12.000000,8.736414,8.000000,1.338104,8.000000,9.000000,12.000000,12.000000,12.000000,12.000000,0.025752,0.024590,0.382325,0.624973,calls/second,milliseconds
1779199560,6,12.000000,8.736414,8.000000,1.338104,8.000000,9.000000,12.000000,12.000000,12.000000,12.000000,0.025642,0.024590,0.382325,0.624973,calls/second,milliseconds
1779199561,6,12.000000,8.736414,8.000000,1.338104,8.000000,9.000000,12.000000,12.000000,12.000000,12.000000,0.025533,0.024590,0.382325,0.624973,calls/second,milliseconds
1779199562,6,12.000000,8.736414,8.000000,1.338104,8.000000,9.000000,12.000000,12.000000,12.000000,12.000000,0.025424,0.022624,0.376006,0.621510,calls/second,milliseconds
1779199563,6,12.000000,8.736414,8.000000,1.338104,8.000000,9.000000,12.000000,12.000000,12.000000,12.000000,0.025317,0.022624,0.376006,0.621510,calls/second,milliseconds
1779199564,6,12.000000,8.736414,8.000000,1.338104,8.000000,9.000000,12.000000,12.000000,12.000000,12.000000,0.025210,0.022624,0.376006,0.621510,calls/second,milliseconds
1779199565,6,12.000000,8.736414,8.000000,1.338104,8.000000,9.000000,12.000000,12.000000,12.000000,12.000000,0.025105,0.022624,0.376006,0.621510,calls/second,milliseconds
1779199566,6,12.000000,8.736414,8.000000,1.338104,8.000000,9.000000,12.000000,12.000000,12.000000,12.000000,0.025000,0.022624,0.376006,0.621510,calls/second,milliseconds
1779199567,6,12.000000,8.736414,8.000000,1.338104,8.000000,9.000000,12.000000,12.000000,12.000000,12.000000,0.024896,0.020815,0.369791,0.618067,calls/second,milliseconds
1779199568,6,12.000000,8.736414,8.000000,1.338104,8.000000,9.000000,12.000000,12.000000,12.000000,12.000000,0.024793,0.020815,0.369791,0.618067,calls/second,milliseconds
1779199569,6,12.000000,8.736414,8.000000,1.338104,8.000000,9.000000,12.000000,12.000000,12.000000,12.000000,0.024691,0.020815,0.369791,0.618067,calls/second,milliseconds
1779199570,6,12.000000,8.736414,8.000000,1.338104,8.000000,9.000000,12.000000,12.000000,12.000000,12.000000,0.024590,0.020815,0.369791,0.618067,calls/second,milliseconds
1779199571,6,12.000000,8.736414,8.000000,1.338104,8.000000,9.000000,12.000000,12.000000,12.000000,12.000000,0.024489,0.019151,0.363679,0.614643,calls/second,milliseconds
1779199572,6,12.000000,8.736414,8.000000,1.338104,8.000000,9.000000,12.000000,12.000000,12.000000,12.000000,0.024389,0.019151,0.363679,0.614643,calls/second,milliseconds
1779199573,6,12.000000,8.736414,8.000000,1.338104,8.000000,9.000000,12.000000,12.000000,12.000000,12.000000,0.024291,0.019151,0.363679,0.614643,calls/second,milliseconds
1779199574,6,12.000000,8.736414,8.000000,1.338104,8.000000,9.000000,12.000000,12.000000,12.000000,12.000000,0.024192,0.019151,0.363679,0.614643,calls/second,milliseconds
1779199575,6,12.000000,8.736414,8.000000,1.338104,8.000000,9.000000,12.000000,12.000000,12.000000,12.000000,0.024095,0.019151,0.363679,0.614643,calls/second,milliseconds
1779199576,6,12.000000,8.736414,8.000000,1.338104,8.000000,9.000000,12.000000,12.000000,12.000000,12.000000,0.023999,0.017620,0.357668,0.611238,calls/second,milliseconds
1779199577,6,12.000000,8.736414,8.000000,1.338104,8.000000,9.000000,12.000000,12.000000,12.000000,12.000000,0.023903,0.017620,0.357668,0.611238,calls/second,milliseconds
1779199578,6,12.000000,8.736414,8.000000,1.338104,8.000000,9.000000,12.000000,12.000000,12.000000,12.000000,0.023808,0.017620,0.357668,0.611238,calls/second,milliseconds
1779199579,6,12.000000,8.736414,8.000000,1.338104,8.000000,9.000000,12.000000,12.000000,12.000000,12.000000,0.023714,0.017620,0.357668,0.611238,calls/second,milliseconds
1779199580,6,12.000000,8.736414,8.000000,1.338104,8.000000,9.000000,12.000000,12.000000,12.000000,12.000000,0.023620,0.017620,0.357668,0.611238,calls/second,milliseconds
1779199581,6,12.000000,8.736414,8.000000,1.338104,8.000000,9.000000,12.000000,12.000000,12.000000,12.000000,0.023527,0.016211,0.351756,0.607851,calls/second,milliseconds
1779199582,6,12.000000,8.736414,8.000000,1.338104,8.000000,9.000000,12.000000,12.000000,12.000000,12.000000,0.023435,0.016211,0.351756,0.607851,calls/second,milliseconds
1779199583,6,12.000000,8.736414,8.000000,1.338104,8.000000,9.000000,12.000000,12.000000,12.000000,12.000000,0.023344,0.016211,0.351756,0.607851,calls/second,milliseconds
1779199584,6,12.000000,8.736414,8.000000,1.338104,8.000000,9.000000,12.000000,12.000000,12.000000,12.000000,0.023253,0.016211,0.351756,0.607851,calls/second,milliseconds
1779199585,6,12.000000,8.736414,8.000000,1.338104,8.000000,9.000000,12.000000,12.000000,12.000000,12.000000,0.023163,0.016211,0.351756,0.607851,calls/second,milliseconds
1779199586,6,12.000000,8.736414,8.000000,1.338104,8.000000,9.000000,12.000000,12.000000,12.000000,12.000000,0.023074,0.014915,0.345942,0.604484,calls/second,milliseconds
1779199587,6,12.000000,8.736414,8.000000,1.338104,8.000000,9.000000,12.000000,12.000000,12.000000,12.000000,0.022986,0.014915,0.345942,0.604484,calls/second,milliseconds
1779199588,6,12.000000,8.736414,8.000000,1.338104,8.000000,9.000000,12.000000,12.000000,12.000000,12.000000,0.022898,0.014915,0.345942,0.604484,calls/second,milliseconds
1779199589,6,12.000000,8.736414,8.000000,1.338104,8.000000,9.000000,12.000000,12.000000,12.000000,12.000000,0.022811,0.014915,0.345942,0.604484,calls/second,milliseconds
1779199590,6,12.000000,8.736414,8.000000,1.338104,8.000000,9.000000,12.000000,12.000000,12.000000,12.000000,0.022724,0.014915,0.345942,0.604484,calls/second,milliseconds
1779199591,6,12.000000,8.736414,8.000000,1.338104,8.000000,9.000000,12.000000,12.000000,12.000000,12.000000,0.022638,0.013722,0.340224,0.601135,calls/second,milliseconds
1779199592,6,12.000000,8.736414,8.000000,1.338104,8.000000,9.000000,12.000000,12.000000,12.000000,12.000000,0.022553,0.013722,0.340224,0.601135,calls/second,milliseconds
1779199593,6,12.000000,8.736414,8.000000,1.338104,8.000000,9.000000,12.000000,12.000000,12.000000,12.000000,0.022469,0.013722,0.340224,0.601135,calls/second,milliseconds
1779199594,6,12.000000,8.736414,8.000000,1.338104,8.000000,9.000000,12.000000,12.000000,12.000000,12.000000,0.022385,0.013722,0.340224,0.601135,calls/second,milliseconds
1779199595,6,12.000000,8.736414,8.000000,1.338104,8.000000,9.000000,12.000000,12.000000,12.000000,12.000000,0.022301,0.013722,0.340224,0.601135,calls/second,milliseconds
1779199596,6,12.000000,8.736414,8.000000,1.338104,8.000000,9.000000,12.000000,12.000000,12.000000,12.000000,0.022219,0.012625,0.334601,0.597805,calls/second,milliseconds
1779199597,6,12.000000,8.736414,8.000000,1.338104,8.000000,9.000000,12.000000,12.000000,12.000000,12.000000,0.022137,0.012625,0.334601,0.597805,calls/second,milliseconds
1779199598,7,12.000000,9.724830,8.000000,0.813574,10.000000,10.000000,10.000000,12.000000,12.000000,12.000000,0.025730,0.012625,0.334601,0.597805,calls/second,milliseconds
1779199599,7,12.000000,9.724830,8.000000,0.813574,10.000000,10.000000,10.000000,12.000000,12.000000,12.000000,0.025636,0.012625,0.334601,0.597805,calls/second,milliseconds
1779199600,7,12.000000,9.724830,8.000000,0.813574,10.000000,10.000000,10.000000,12.000000,12.000000,12.000000,0.025542,0.012625,0.334601,0.597805,calls/second,milliseconds
1779199601,7,12.000000,9.724830,8.000000,0.813574,10.000000,10.000000,10.000000,12.000000,12.000000,12.000000,0.025449,0.027607,0.332376,0.595601,calls/second,milliseconds
1779199602,7,12.000000,9.724830,8.000000,0.813574,10.000000,10.000000,10.000000,12.000000,12.000000,12.000000,0.025356,0.027607,0.332376,0.595601,calls/second,milliseconds
1779199603,7,12.000000,9.724830,8.000000,0.813574,10.000000,10.000000,10.000000,12.000000,12.000000,12.000000,0.025265,0.027607,0.332376,0.595601,calls/second,milliseconds
1779199604,7,12.000000,9.724830,8.000000,0.813574,10.000000,10.000000,10.000000,12.000000,12.000000,12.000000,0.025174,0.027607,0.332376,0.595601,calls/second,milliseconds
1779199605,7,12.000000,9.724830,8.000000,0.813574,10.000000,10.000000,10.000000,12.000000,12.000000,12.000000,0.025083,0.027607,0.332376,0.595601,calls/second,milliseconds
1779199606,7,12.000000,9.724830,8.000000,0.813574,10.000000,10.000000,10.000000,12.000000,12.000000,12.000000,0.024994,0.025399,0.326882,0.592301,calls/second,milliseconds
1779199607,7,12.000000,9.724830,8.000000,0.813574,10.000000,10.000000,10.000000,12.000000,12.000000,12.000000,0.024905,0.025399,0.326882,0.592301,calls/second,milliseconds
1779199608,7,12.000000,9.724830,8.000000,0.813574,10.000000,10.000000,10.000000,12.000000,12.000000,12.000000,0.024816,0.025399,0.326882,0.592301,calls/second,milliseconds
1779199609,7,12.000000,9.724830,8.000000,0.813574,10.000000,10.000000,10.000000,12.000000,12.000000,12.000000,0.024728,0.025399,0.326882,0.592301,calls/second,milliseconds
1779199610,7,12.000000,9.724830,8.000000,0.813574,10.000000,10.000000,10.000000,12.000000,12.000000,12.000000,0.024641,0.025399,0.326882,0.592301,calls/second,milliseconds
1779199611,7,12.000000,9.724830,8.000000,0.813574,10.000000,10.000000,10.000000,12.000000,12.000000,12.000000,0.024555,0.023369,0.321479,0.589020,calls/second,milliseconds
1779199612,7,12.000000,9.724830,8.000000,0.813574,10.000000,10.000000,10.000000,12.000000,12.000000,12.000000,0.024469,0.023369,0.321479,0.589020,calls/second,milliseconds
1779199613,7,12.000000,9.724830,8.000000,0.813574,10.000000,10.000000,10.000000,12.000000,12.000000,12.000000,0.024383,0.023369,0.321479,0.589020,calls/second,milliseconds
1779199614,7,12.000000,9.724830,8.000000,0.813574,10.000000,10.000000,10.000000,12.000000,12.000000,12.000000,0.024299,0.023369,0.321479,0.589020,calls/second,milliseconds
1779199615,7,12.000000,9.724830,8.000000,0.813574,10.000000,10.000000,10.000000,12.000000,12.000000,12.000000,0.024214,0.023369,0.321479,0.589020,calls/second,milliseconds
1779199616,7,12.000000,9.724830,8.000000,0.813574,10.000000,10.000000,10.000000,12.000000,12.000000,12.000000,0.024131,0.021500,0.316166,0.585756,calls/second,milliseconds
1779199617,7,12.000000,9.724830,8.000000,0.813574,10.000000,10.000000,10.000000,12.000000,12.000000,12.000000,0.024048,0.021500,0.316166,0.585756,calls/second,milliseconds
1779199618,7,12.000000,9.724830,8.000000,0.813574,10.000000,10.000000,10.000000,12.000000,12.000000,12.000000,0.023965,0.021500,0.316166,0.585756,calls/second,milliseconds
1779199619,7,12.000000,9.724830,8.000000,0.813574,10.000000,10.000000,10.000000,12.000000,12.000000,12.000000,0.023884,0.021500,0.316166,0.585756,calls/second,milliseconds
1779199620,7,12.000000,9.724830,8.000000,0.813574,10.000000,10.000000,10.000000,12.000000,12.000000,12.000000,0.023802,0.021500,0.316166,0.585756,calls/second,milliseconds
1779199621,7,12.000000,9.724830,8.000000,0.813574,10.000000,10.000000,10.000000,12.000000,12.000000,12.000000,0.023721,0.019781,0.310940,0.582511,calls/second,milliseconds
1779199622,7,12.000000,9.724830,8.000000,0.813574,10.000000,10.000000,10.000000,12.000000,12.000000,12.000000,0.023641,0.019781,0.310940,0.582511,calls/second,milliseconds
1779199623,7,12.000000,9.724830,8.000000,0.813574,10.000000,10.000000,10.000000,12.000000,12.000000,12.000000,0.023561,0.019781,0.310940,0.582511,calls/second,milliseconds
1779199624,7,12.000000,9.724830,8.000000,0.813574,10.000000,10.000000,10.000000,12.000000,12.000000,12.000000,0.023482,0.019781,0.310940,0.582511,calls/second,milliseconds
1779199625,7,12.000000,9.724830,8.000000,0.813574,10.000000,10.000000,10.000000,12.000000,12.000000,12.000000,0.023404,0.019781,0.310940,0.582511,calls/second,milliseconds
1779199626,7,12.000000,9.724830,8.000000,0.813574,10.000000,10.000000,10.000000,12.000000,12.000000,12.000000,0.023326,0.018199,0.305801,0.579284,calls/second,milliseconds
1779199627,7,12.000000,9.724830,8.000000,0.813574,10.000000,10.000000,10.000000,12.000000,12.000000,12.000000,0.023248,0.018199,0.305801,0.579284,calls/second,milliseconds
1779199628,7,12.000000,9.724830,8.000000,0.813574,10.000000,10.000000,10.000000,12.000000,12.000000,12.000000,0.023171,0.018199,0.305801,0.579284,calls/second,milliseconds
1779199629,7,12.000000,9.724830,8.000000,0.813574,10.000000,10.000000,10.000000,12.000000,12.000000,12.000000,0.023094,0.018199,0.305801,0.579284,calls/second,milliseconds
1779199630,7,12.000000,9.724830,8.000000,0.813574,10.000000,10.000000,10.000000,12.000000,12.000000,12.000000,0.023018,0.018199,0.305801,0.579284,calls/second,milliseconds
1779199631,7,12.000000,9.724830,8.000000,0.813574,10.000000,10.000000,10.000000,12.000000,12.000000,12.000000,0.022943,0.016744,0.300746,0.576075,calls/second,milliseconds
1779199632,7,12.000000,9.724830,8.000000,0.813574,10.000000,10.000000,10.000000,12.000000,12.000000,12.000000,0.022868,0.016744,0.300746,0.576075,calls/second,milliseconds
1779199633,7,12.000000,9.724830,8.000000,0.813574,10.000000,10.000000,10.000000,12.000000,12.000000,12.000000,0.022793,0.016744,0.300746,0.576075,calls/second,milliseconds
1779199634,7,12.000000,9.724830,8.000000,0.813574,10.000000,10.000000,10.000000,12.000000,12.000000,12.000000,0.022719,0.016744,0.300746,0.576075,calls/second,milliseconds
1779199635,7,12.000000,9.724830,8.000000,0.813574,10.000000,10.000000,10.000000,12.000000,12.000000,12.000000,0.022646,0.016744,0.300746,0.576075,calls/second,milliseconds
1779199636,7,12.000000,9.724830,8.000000,0.813574,10.000000,10.000000,10.000000,12.000000,12.000000,12.000000,0.022572,0.015405,0.295775,0.572883,calls/second,milliseconds
1779199637,7,12.000000,9.724830,8.000000,0.813574,10.000000,10.000000,10.000000,12.000000,12.000000,12.000000,0.022500,0.015405,0.295775,0.572883,calls/second,milliseconds
1779199638,7,12.000000,9.724830,8.000000,0.813574,10.000000,10.000000,10.000000,12.000000,12.000000,12.000000,0.022428,0.015405,0.295775,0.572883,calls/second,milliseconds
1779199639,7,12.000000,9.724830,8.000000,0.813574,10.000000,10.000000,10.000000,12.000000,12.000000,12.000000,0.022356,0.015405,0.295775,0.572883,calls/second,milliseconds
1779199640,7,12.000000,9.724830,8.000000,0.813574,10.000000,10.000000,10.000000,12.000000,12.000000,12.000000,0.022285,0.015405,0.295775,0.572883,calls/second,milliseconds
1779199641,7,12.000000,9.724830,8.000000,0.813574,10.000000,10.000000,10.000000,12.000000,12.000000,12.000000,0.022214,0.014174,0.290887,0.569709,calls/second,milliseconds
1779199642,7,12.000000,9.724830,8.000000,0.813574,10.000000,10.000000,10.000000,12.000000,12.000000,12.000000,0.022143,0.014174,0.290887,0.569709,calls/second,milliseconds
1779199643,7,12.000000,9.724830,8.000000,0.813574,10.000000,10.000000,10.000000,12.000000,12.000000,12.000000,0.022073,0.014174,0.290887,0.569709,calls/second,milliseconds
1779199644,7,12.000000,9.724830,8.000000,0.813574,10.000000,10.000000,10.000000,12.000000,12.000000,12.000000,0.022004,0.014174,0.290887,0.569709,calls/second,milliseconds
1779199645,7,12.000000,9.724830,8.000000,0.813574,10.000000,10.000000,10.000000,12.000000,12.000000,12.000000,0.021935,0.014174,0.290887,0.569709,calls/second,milliseconds
1779199646,7,12.000000,9.724830,8.000000,0.813574,10.000000,10.000000,10.000000,12.000000,12.000000,12.000000,0.021866,0.013040,0.286079,0.566553,calls/second,milliseconds
1779199647,7,12.000000,9.724830,8.000000,0.813574,10.000000,10.000000,10.000000,12.000000,12.000000,12.000000,0.021798,0.013040,0.286079,0.566553,calls/second,milliseconds
1779199648,7,12.000000,9.724830,8.000000,0.813574,10.000000,10.000000,10.000000,12.000000,12.000000,12.000000,0.021730,0.013040,0.286079,0.566553,calls/second,milliseconds
1779199649,7,12.000000,9.724830,8.000000,0.813574,10.000000,10.000000,10.000000,12.000000,12.000000,12.000000,0.021663,0.013040,0.286079,0.566553,calls/second,milliseconds
1779199650,7,12.000000,9.724830,8.000000,0.813574,10.000000,10.000000,10.000000,12.000000,12.000000,12.000000,0.021596,0.013040,0.286079,0.566553,calls/second,milliseconds
1779199651,7,12.000000,9.724830,8.000000,0.813574,10.000000,10.000000,10.000000,12.000000,12.000000,12.000000,0.021529,0.011998,0.281350,0.563414,calls/second,milliseconds
1779199652,7,12.000000,9.724830,8.000000,0.813574,10.000000,10.000000,10.000000,12.000000,12.000000,12.000000,0.021463,0.011998,0.281350,0.563414,calls/second,milliseconds
1779199653,7,12.000000,9.724830,8.000000,0.813574,10.000000,10.000000,10.000000,12.000000,12.000000,12.000000,0.021398,0.011998,0.281350,0.563414,calls/second,milliseconds
1779199654,7,12.000000,9.724830,8.000000,0.813574,10.000000,10.000000,10.000000,12.000000,12.000000,12.000000,0.021332,0.011998,0.281350,0.563414,calls/second,milliseconds
1779199655,7,12.000000,9.724830,8.000000,0.813574,10.000000,10.000000,10.000000,12.000000,12.000000,12.000000,0.021267,0.011998,0.281350,0.563414,calls/second,milliseconds
1779199656,7,12.000000,9.724830,8.000000,0.813574,10.000000,10.000000,10.000000,12.000000,12.000000,12.000000,0.021203,0.011038,0.276700,0.560293,calls/second,milliseconds
1779199657,7,12.000000,9.724830,8.000000,0.813574,10.000000,10.000000,10.000000,12.000000,12.000000,12.000000,0.021139,0.011038,0.276700,0.560293,calls/second,milliseconds
1779199658,7,12.000000,9.724830,8.000000,0.813574,10.000000,10.000000,10.000000,12.000000,12.000000,12.000000,0.021075,0.011038,0.276700,0.560293,calls/second,milliseconds
1779199659,7,12.000000,9.724830,8.000000,0.813574,10.000000,10.000000,10.000000,12.000000,12.000000,12.000000,0.021012,0.011038,0.276700,0.560293,calls/second,milliseconds
1779199660,7,12.000000,9.724830,8.000000,0.813574,10.000000,10.000000,10.000000,12.000000,12.000000,12.000000,0.020949,0.011038,0.276700,0.560293,calls/second,milliseconds
1779199661,7,12.000000,9.724830,8.000000,0.813574,10.000000,10.000000,10.000000,12.000000,12.000000,12.000000,0.020886,0.010156,0.272127,0.557189,calls/second,milliseconds
1779199662,7,12.000000,9.724830,8.000000,0.813574,10.000000,10.000000,10.000000,12.000000,12.000000,12.000000,0.020824,0.010156,0.272127,0.557189,calls/second,milliseconds
1779199663,7,12.000000,9.724830,8.000000,0.813574,10.000000,10.000000,10.000000,12.000000,12.000000,12.000000,0.020762,0.010156,0.272127,0.557189,calls/second,milliseconds
1779199664,7,12.000000,9.724830,8.000000,0.813574,10.000000,10.000000,10.000000,12.000000,12.000000,12.000000,0.020701,0.010156,0.272127,0.557189,calls/second,milliseconds
1779199665,7,12.000000,9.724830,8.000000,0.813574,10.000000,10.000000,10.000000,12.000000,12.000000,12.000000,0.020639,0.010156,0.272127,0.557189,calls/second,milliseconds
1779199666,7,12.000000,9.724830,8.000000,0.813574,10.000000,10.000000,10.000000,12.000000,12.000000,12.000000,0.020579,0.009344,0.267629,0.554102,calls/second,milliseconds
1779199667,7,12.000000,9.724830,8.000000,0.813574,10.000000,10.000000,10.000000,12.000000,12.000000,12.000000,0.020518,0.009344,0.267629,0.554102,calls/second,milliseconds
1779199668,7,12.000000,9.724830,8.000000,0.813574,10.000000,10.000000,10.000000,12.000000,12.000000,12.000000,0.020458,0.009344,0.267629,0.554102,calls/second,milliseconds
1779199669,7,12.000000,9.724830,8.000000,0.813574,10.000000,10.000000,10.000000,12.000000,12.000000,12.000000,0.020398,0.009344,0.267629,0.554102,calls/second,milliseconds
1779199670,7,12.000000,9.724830,8.000000,0.813574,10.000000,10.000000,10.000000,12.000000,12.000000,12.000000,0.020339,0.009344,0.267629,0.554102,calls/second,milliseconds
1779199671,7,12.000000,9.724830,8.000000,0.813574,10.000000,10.000000,10.000000,12.000000,12.000000,12.000000,0.020280,0.008597,0.263205,0.551032,calls/second,milliseconds
1779199672,7,12.000000,9.724830,8.000000,0.813574,10.000000,10.000000,10.000000,12.000000,12.000000,12.000000,0.020221,0.008597,0.263205,0.551032,calls/second,milliseconds
1779199673,7,12.000000,9.724830,8.000000,0.813574,10.000000,10.000000,10.000000,12.000000,12.000000,12.000000,0.020163,0.008597,0.263205,0.551032,calls/second,milliseconds
1779199674,7,12.000000,9.724830,8.000000,0.813574,10.000000,10.000000,10.000000,12.000000,12.000000,12.000000,0.020105,0.008597,0.263205,0.551032,calls/second,milliseconds
1779199675,7,12.000000,9.724830,8.000000,0.813574,10.000000,10.000000,10.000000,12.000000,12.000000,12.000000,0.020047,0.008597,0.263205,0.551032,calls/second,milliseconds
1779199676,7,12.000000,9.724830,8.000000,0.813574,10.000000,10.000000,10.000000,12.000000,12.000000,12.000000,0.019990,0.007909,0.258855,0.547979,calls/second,milliseconds
1779199677,7,12.000000,9.724830,8.000000,0.813574,10.000000,10.000000,10.000000,12.000000,12.000000,12.000000,0.019933,0.007909,0.258855,0.547979,calls/second,milliseconds
1779199678,7,12.000000,9.724830,8.000000,0.813574,10.000000,10.000000,10.000000,12.000000,12.000000,12.000000,0.019876,0.007909,0.258855,0.547979,calls/second,milliseconds
1779199679,7,12.000000,9.724830,8.000000,0.813574,10.000000,10.000000,10.000000,12.000000,12.000000,12.000000,0.019820,0.007909,0.258855,0.547979,calls/second,milliseconds
1779199680,7,12.000000,9.724830,8.000000,0.813574,10.000000,10.000000,10.000000,12.000000,12.000000,12.000000,0.019764,0.007909,0.258855,0.547979,calls/second,milliseconds
1779199681,7,12.000000,9.724830,8.000000,0.813574,10.000000,10.000000,10.000000,12.000000,12.000000,12.000000,0.019708,0.007277,0.254576,0.544943,calls/second,milliseconds
1779199682,7,12.000000,9.724830,8.000000,0.813574,10.000000,10.000000,10.000000,12.000000,12.000000,12.000000,0.019653,0.007277,0.254576,0.544943,calls/second,milliseconds
1779199683,7,12.000000,9.724830,8.000000,0.813574,10.000000,10.000000,10.000000,12.000000,12.000000,12.000000,0.019598,0.007277,0.254576,0.544943,calls/second,milliseconds
1779199684,7,12.000000,9.724830,8.000000,0.813574,10.000000,10.000000,10.000000,12.000000,12.000000,12.000000,0.019543,0.007277,0.254576,0.544943,calls/second,milliseconds
1779199685,7,12.000000,9.724830,8.000000,0.813574,10.000000,10.000000,10.000000,12.000000,12.000000,12.000000,0.019488,0.007277,0.254576,0.544943,calls/second,milliseconds
1779199686,7,12.000000,9.724830,8.000000,0.813574,10.000000,10.000000,10.000000,12.000000,12.000000,12.000000,0.019434,0.006695,0.250368,0.541924,calls/second,milliseconds
1779199687,7,12.000000,9.724830,8.000000,0.813574,10.000000,10.000000,10.000000,12.000000,12.000000,12.000000,0.019380,0.006695,0.250368,0.541924,calls/second,milliseconds
1779199688,7,12.000000,9.724830,8.000000,0.813574,10.000000,10.000000,10.000000,12.000000,12.000000,12.000000,0.019327,0.006695,0.250368,0.541924,calls/second,milliseconds
1779199689,7,12.000000,9.724830,8.000000,0.813574,10.000000,10.000000,10.000000,12.000000,12.000000,12.000000,0.019273,0.006695,0.250368,0.541924,calls/second,milliseconds
1779199690,7,12.000000,9.724830,8.000000,0.813574,10.000000,10.000000,10.000000,12.000000,12.000000,12.000000,0.019220,0.006695,0.250368,0.541924,calls/second,milliseconds
1779199691,7,12.000000,9.724830,8.000000,0.813574,10.000000,10.000000,10.000000,12.000000,12.000000,12.000000,0.019168,0.006160,0.246230,0.538922,calls/second,milliseconds
1779199692,7,12.000000,9.724830,8.000000,0.813574,10.000000,10.000000,10.000000,12.000000,12.000000,12.000000,0.019115,0.006160,0.246230,0.538922,calls/second,milliseconds
1779199693,7,12.000000,9.724830,8.000000,0.813574,10.000000,10.000000,10.000000,12.000000,12.000000,12.000000,0.019063,0.006160,0.246230,0.538922,calls/second,milliseconds
1779199694,7,12.000000,9.724830,8.000000,0.813574,10.000000,10.000000,10.000000,12.000000,12.000000,12.000000,0.019011,0.006160,0.246230,0.538922,calls/second,milliseconds
1779199695,7,12.000000,9.724830,8.000000,0.813574,10.000000,10.000000,10.000000,12.000000,12.000000,12.000000,0.018960,0.006160,0.246230,0.538922,calls/second,milliseconds
1779199696,7,12.000000,9.724830,8.000000,0.813574,10.000000,10.000000,10.000000,12.000000,12.000000,12.000000,0.018908,0.005667,0.242160,0.535936,calls/second,milliseconds
1779199697,7,12.000000,9.724830,8.000000,0.813574,10.000000,10.000000,10.000000,12.000000,12.000000,12.000000,0.018857,0.005667,0.242160,0.535936,calls/second,milliseconds
1779199698,7,12.000000,9.724830,8.000000,0.813574,10.000000,10.000000,10.000000,12.000000,12.000000,12.000000,0.018807,0.005667,0.242160,0.535936,calls/second,milliseconds
1779199699,7,12.000000,9.724830,8.000000,0.813574,10.000000,10.000000,10.000000,12.000000,12.000000,12.000000,0.018756,0.005667,0.242160,0.535936,calls/second,milliseconds
1779199700,7,12.000000,9.724830,8.000000,0.813574,10.000000,10.000000,10.000000,12.000000,12.000000,12.000000,0.018706,0.005667,0.242160,0.535936,calls/second,milliseconds
1779199701,7,12.000000,9.724830,8.000000,0.813574,10.000000,10.000000,10.000000,12.000000,12.000000,12.000000,0.018656,0.005214,0.238158,0.532967,calls/second,milliseconds
1779199702,7,12.000000,9.724830,8.000000,0.813574,10.000000,10.000000,10.000000,12.000000,12.000000,12.000000,0.018606,0.005214,0.238158,0.532967,calls/second,milliseconds
1779199703,7,12.000000,9.724830,8.000000,0.813574,10.000000,10.000000,10.000000,12.000000,12.000000,12.000000,0.018557,0.005214,0.238158,0.532967,calls/second,milliseconds
1779199704,7,12.000000,9.724830,8.000000,0.813574,10.000000,10.000000,10.000000,12.000000,12.000000,12.000000,0.018508,0.005214,0.238158,0.532967,calls/second,milliseconds
1779199705,7,12.000000,9.724830,8.000000,0.813574,10.000000,10.000000,10.000000,12.000000,12.000000,12.000000,0.018459,0.005214,0.238158,0.532967,calls/second,milliseconds
1779199706,7,12.000000,9.724830,8.000000,0.813574,10.000000,10.000000,10.000000,12.000000,12.000000,12.000000,0.018410,0.004797,0.234221,0.530014,calls/second,milliseconds
1779199707,7,12.000000,9.724830,8.000000,0.813574,10.000000,10.000000,10.000000,12.000000,12.000000,12.000000,0.018362,0.004797,0.234221,0.530014,calls/second,milliseconds
1779199708,7,12.000000,9.724830,8.000000,0.813574,10.000000,10.000000,10.000000,12.000000,12.000000,12.000000,0.018314,0.004797,0.234221,0.530014,calls/second,milliseconds
1779199709,7,12.000000,9.724830,8.000000,0.813574,10.000000,10.000000,10.000000,12.000000,12.000000,12.000000,0.018266,0.004797,0.234221,0.530014,calls/second,milliseconds
1779199710,7,12.000000,9.724830,8.000000,0.813574,10.000000,10.000000,10.000000,12.000000,12.000000,12.000000,0.018218,0.004797,0.234221,0.530014,calls/second,milliseconds
1779199711,7,12.000000,9.724830,8.000000,0.813574,10.000000,10.000000,10.000000,12.000000,12.000000,12.000000,0.018171,0.004414,0.230350,0.527078,calls/second,milliseconds
1779199712,7,12.000000,9.724830,8.000000,0.813574,10.000000,10.000000,10.000000,12.000000,12.000000,12.000000,0.018124,0.004414,0.230350,0.527078,calls/second,milliseconds
1779199713,8,12.000000,6.691026,6.000000,1.489709,6.000000,6.000000,10.000000,10.000000,10.000000,12.000000,0.020659,0.004414,0.230350,0.527078,calls/second,milliseconds
1779199714,8,12.000000,6.691026,6.000000,1.489709,6.000000,6.000000,10.000000,10.000000,10.000000,12.000000,0.020606,0.004414,0.230350,0.527078,calls/second,milliseconds
1779199715,8,12.000000,6.691026,6.000000,1.489709,6.000000,6.000000,10.000000,10.000000,10.000000,12.000000,0.020553,0.004414,0.230350,0.527078,calls/second,milliseconds
1779199716,8,12.000000,6.691026,6.000000,1.489709,6.000000,6.000000,10.000000,10.000000,10.000000,12.000000,0.020500,0.020052,0.229848,0.525266,calls/second,milliseconds
1779199717,8,12.000000,6.691026,6.000000,1.489709,6.000000,6.000000,10.000000,10.000000,10.000000,12.000000,0.020448,0.020052,0.229848,0.525266,calls/second,milliseconds
1779199718,8,12.000000,6.691026,6.000000,1.489709,6.000000,6.000000,10.000000,10.000000,10.000000,12.000000,0.020395,0.020052,0.229848,0.525266,calls/second,milliseconds
1779199719,8,12.000000,6.691026,6.000000,1.489709,6.000000,6.000000,10.000000,10.000000,10.000000,12.000000,0.020344,0.020052,0.229848,0.525266,calls/second,milliseconds
1779199720,8,12.000000,6.691026,6.000000,1.489709,6.000000,6.000000,10.000000,10.000000,10.000000,12.000000,0.020292,0.020052,0.229848,0.525266,calls/second,milliseconds
1779199721,8,12.000000,6.691026,6.000000,1.489709,6.000000,6.000000,10.000000,10.000000,10.000000,12.000000,0.020240,0.018449,0.226049,0.522356,calls/second,milliseconds
1779199722,8,12.000000,6.691026,6.000000,1.489709,6.000000,6.000000,10.000000,10.000000,10.000000,12.000000,0.020189,0.018449,0.226049,0.522356,calls/second,milliseconds
1779199723,8,12.000000,6.691026,6.000000,1.489709,6.000000,6.000000,10.000000,10.000000,10.000000,12.000000,0.020138,0.018449,0.226049,0.522356,calls/second,milliseconds
1779199724,8,12.000000,6.691026,6.000000,1.489709,6.000000,6.000000,10.000000,10.000000,10.000000,12.000000,0.020088,0.018449,0.226049,0.522356,calls/second,milliseconds
1779199725,8,12.000000,6.691026,6.000000,1.489709,6.000000,6.000000,10.000000,10.000000,10.000000,12.000000,0.020037,0.018449,0.226049,0.522356,calls/second,milliseconds
1779199726,8,12.000000,6.691026,6.000000,1.489709,6.000000,6.000000,10.000000,10.000000,10.000000,12.000000,0.019987,0.016974,0.222313,0.519462,calls/second,milliseconds
1779199727,8,12.000000,6.691026,6.000000,1.489709,6.000000,6.000000,10.000000,10.000000,10.000000,12.000000,0.019937,0.016974,0.222313,0.519462,calls/second,milliseconds
1779199728,8,12.000000,6.691026,6.000000,1.489709,6.000000,6.000000,10.000000,10.000000,10.000000,12.000000,0.019888,0.016974,0.222313,0.519462,calls/second,milliseconds
1779199729,8,12.000000,6.691026,6.000000,1.489709,6.000000,6.000000,10.000000,10.000000,10.000000,12.000000,0.019838,0.016974,0.222313,0.519462,calls/second,milliseconds
1779199730,8,12.000000,6.691026,6.000000,1.489709,6.000000,6.000000,10.000000,10.000000,10.000000,12.000000,0.019789,0.016974,0.222313,0.519462,calls/second,milliseconds
1779199731,8,12.000000,6.691026,6.000000,1.489709,6.000000,6.000000,10.000000,10.000000,10.000000,12.000000,0.019740,0.015616,0.218639,0.516584,calls/second,milliseconds
1779199732,8,12.000000,6.691026,6.000000,1.489709,6.000000,6.000000,10.000000,10.000000,10.000000,12.000000,0.019692,0.015616,0.218639,0.516584,calls/second,milliseconds
1779199733,8,12.000000,6.691026,6.000000,1.489709,6.000000,6.000000,10.000000,10.000000,10.000000,12.000000,0.019643,0.015616,0.218639,0.516584,calls/second,milliseconds
1779199734,8,12.000000,6.691026,6.000000,1.489709,6.000000,6.000000,10.000000,10.000000,10.000000,12.000000,0.019595,0.015616,0.218639,0.516584,calls/second,milliseconds
1779199735,8,12.000000,6.691026,6.000000,1.489709,6.000000,6.000000,10.000000,10.000000,10.000000,12.000000,0.019547,0.015616,0.218639,0.516584,calls/second,milliseconds
1779199736,8,12.000000,6.691026,6.000000,1.489709,6.000000,6.000000,10.000000,10.000000,10.000000,12.000000,0.019499,0.014368,0.215025,0.513722,calls/second,milliseconds
1779199737,8,12.000000,6.691026,6.000000,1.489709,6.000000,6.000000,10.000000,10.000000,10.000000,12.000000,0.019452,0.014368,0.215025,0.513722,calls/second,milliseconds
1779199738,8,12.000000,6.691026,6.000000,1.489709,6.000000,6.000000,10.000000,10.000000,10.000000,12.000000,0.019405,0.014368,0.215025,0.513722,calls/second,milliseconds
1779199739,8,12.000000,6.691026,6.000000,1.489709,6.000000,6.000000,10.000000,10.000000,10.000000,12.000000,0.019358,0.014368,0.215025,0.513722,calls/second,milliseconds
1779199740,8,12.000000,6.691026,6.000000,1.489709,6.000000,6.000000,10.000000,10.000000,10.000000,12.000000,0.019311,0.014368,0.215025,0.513722,calls/second,milliseconds
1779199741,8,12.000000,6.691026,6.000000,1.489709,6.000000,6.000000,10.000000,10.000000,10.000000,12.000000,0.019264,0.013219,0.211471,0.510876,calls/second,milliseconds
1779199742,8,12.000000,6.691026,6.000000,1.489709,6.000000,6.000000,10.000000,10.000000,10.000000,12.000000,0.019218,0.013219,0.211471,0.510876,calls/second,milliseconds
1779199743,8,12.000000,6.691026,6.000000,1.489709,6.000000,6.000000,10.000000,10.000000,10.000000,12.000000,0.019172,0.013219,0.211471,0.510876,calls/second,milliseconds
1779199744,8,12.000000,6.691026,6.000000,1.489709,6.000000,6.000000,10.000000,10.000000,10.000000,12.000000,0.019126,0.013219,0.211471,0.510876,calls/second,milliseconds
1779199745,8,12.000000,6.691026,6.000000,1.489709,6.000000,6.000000,10.000000,10.000000,10.000000,12.000000,0.019080,0.013219,0.211471,0.510876,calls/second,milliseconds
1779199746,8,12.000000,6.691026,6.000000,1.489709,6.000000,6.000000,10.000000,10.000000,10.000000,12.000000,0.019035,0.012162,0.207975,0.508045,calls/second,milliseconds
1779199747,8,12.000000,6.691026,6.000000,1.489709,6.000000,6.000000,10.000000,10.000000,10.000000,12.000000,0.018989,0.012162,0.207975,0.508045,calls/second,milliseconds
1779199748,8,12.000000,6.691026,6.000000,1.489709,6.000000,6.000000,10.000000,10.000000,10.000000,12.000000,0.018944,0.012162,0.207975,0.508045,calls/second,milliseconds
1779199749,8,12.000000,6.691026,6.000000,1.489709,6.000000,6.000000,10.000000,10.000000,10.000000,12.000000,0.018900,0.012162,0.207975,0.508045,calls/second,milliseconds
1779199750,8,12.000000,6.691026,6.000000,1.489709,6.000000,6.000000,10.000000,10.000000,10.000000,12.000000,0.018855,0.012162,0.207975,0.508045,calls/second,milliseconds
1779199751,8,12.000000,6.691026,6.000000,1.489709,6.000000,6.000000,10.000000,10.000000,10.000000,12.000000,0.018811,0.011190,0.204538,0.505231,calls/second,milliseconds
1779199752,8,12.000000,6.691026,6.000000,1.489709,6.000000,6.000000,10.000000,10.000000,10.000000,12.000000,0.018766,0.011190,0.204538,0.505231,calls/second,milliseconds
1779199753,8,12.000000,6.691026,6.000000,1.489709,6.000000,6.000000,10.000000,10.000000,10.000000,12.000000,0.018722,0.011190,0.204538,0.505231,calls/second,milliseconds
1779199754,8,12.000000,6.691026,6.000000,1.489709,6.000000,6.000000,10.000000,10.000000,10.000000,12.000000,0.018679,0.011190,0.204538,0.505231,calls/second,milliseconds
1779199755,8,12.000000,6.691026,6.000000,1.489709,6.000000,6.000000,10.000000,10.000000,10.000000,12.000000,0.018635,0.011190,0.204538,0.505231,calls/second,milliseconds
1779199756,8,12.000000,6.691026,6.000000,1.489709,6.000000,6.000000,10.000000,10.000000,10.000000,12.000000,0.018592,0.010295,0.201157,0.502432,calls/second,milliseconds
1779199757,8,12.000000,6.691026,6.000000,1.489709,6.000000,6.000000,10.000000,10.000000,10.000000,12.000000,0.018548,0.010295,0.201157,0.502432,calls/second,milliseconds
1779199758,8,12.000000,6.691026,6.000000,1.489709,6.000000,6.000000,10.000000,10.000000,10.000000,12.000000,0.018505,0.010295,0.201157,0.502432,calls/second,milliseconds
1779199759,8,12.000000,6.691026,6.000000,1.489709,6.000000,6.000000,10.000000,10.000000,10.000000,12.000000,0.018463,0.010295,0.201157,0.502432,calls/second,milliseconds
1779199760,8,12.000000,6.691026,6.000000,1.489709,6.000000,6.000000,10.000000,10.000000,10.000000,12.000000,0.018420,0.010295,0.201157,0.502432,calls/second,milliseconds
1779199761,8,12.000000,6.691026,6.000000,1.489709,6.000000,6.000000,10.000000,10.000000,10.000000,12.000000,0.018378,0.009472,0.197832,0.499648,calls/second,milliseconds
1779199762,8,12.000000,6.691026,6.000000,1.489709,6.000000,6.000000,10.000000,10.000000,10.000000,12.000000,0.018336,0.009472,0.197832,0.499648,calls/second,milliseconds
1779199763,8,12.000000,6.691026,6.000000,1.489709,6.000000,6.000000,10.000000,10.000000,10.000000,12.000000,0.018294,0.009472,0.197832,0.499648,calls/second,milliseconds
1779199764,8,12.000000,6.691026,6.000000,1.489709,6.000000,6.000000,10.000000,10.000000,10.000000,12.000000,0.018252,0.009472,0.197832,0.499648,calls/second,milliseconds
1779199765,8,12.000000,6.691026,6.000000,1.489709,6.000000,6.000000,10.000000,10.000000,10.000000,12.000000,0.018210,0.009472,0.197832,0.499648,calls/second,milliseconds
1779199766,8,12.000000,6.691026,6.000000,1.489709,6.000000,6.000000,10.000000,10.000000,10.000000,12.000000,0.018169,0.008715,0.194563,0.496880,calls/second,milliseconds
1779199767,8,12.000000,6.691026,6.000000,1.489709,6.000000,6.000000,10.000000,10.000000,10.000000,12.000000,0.018128,0.008715,0.194563,0.496880,calls/second,milliseconds
1779199768,8,12.000000,6.691026,6.000000,1.489709,6.000000,6.000000,10.000000,10.000000,10.000000,12.000000,0.018087,0.008715,0.194563,0.496880,calls/second,milliseconds
1779199769,8,12.000000,6.691026,6.000000,1.489709,6.000000,6.000000,10.000000,10.000000,10.000000,12.000000,0.018046,0.008715,0.194563,0.496880,calls/second,milliseconds
1779199770,8,12.000000,6.691026,6.000000,1.489709,6.000000,6.000000,10.000000,10.000000,10.000000,12.000000,0.018005,0.008715,0.194563,0.496880,calls/second,milliseconds
1779199771,8,12.000000,6.691026,6.000000,1.489709,6.000000,6.000000,10.000000,10.000000,10.000000,12.000000,0.017965,0.008018,0.191347,0.494127,calls/second,milliseconds
1779199772,8,12.000000,6.691026,6.000000,1.489709,6.000000,6.000000,10.000000,10.000000,10.000000,12.000000,0.017924,0.008018,0.191347,0.494127,calls/second,milliseconds
1779199773,8,12.000000,6.691026,6.000000,1.489709,6.000000,6.000000,10.000000,10.000000,10.000000,12.000000,0.017884,0.008018,0.191347,0.494127,calls/second,milliseconds
1779199774,8,12.000000,6.691026,6.000000,1.489709,6.000000,6.000000,10.000000,10.000000,10.000000,12.000000,0.017844,0.008018,0.191347,0.494127,calls/second,milliseconds
1779199775,8,12.000000,6.691026,6.000000,1.489709,6.000000,6.000000,10.000000,10.000000,10.000000,12.000000,0.017804,0.008018,0.191347,0.494127,calls/second,milliseconds
1779199776,8,12.000000,6.691026,6.000000,1.489709,6.000000,6.000000,10.000000,10.000000,10.000000,12.000000,0.017765,0.007377,0.188184,0.491390,calls/second,milliseconds
1779199777,8,12.000000,6.691026,6.000000,1.489709,6.000000,6.000000,10.000000,10.000000,10.000000,12.000000,0.017725,0.007377,0.188184,0.491390,calls/second,milliseconds
1779199778,8,12.000000,6.691026,6.000000,1.489709,6.000000,6.000000,10.000000,10.000000,10.000000,12.000000,0.017686,0.007377,0.188184,0.491390,calls/second,milliseconds
1779199779,8,12.000000,6.691026,6.000000,1.489709,6.000000,6.000000,10.000000,10.000000,10.000000,12.000000,0.017647,0.007377,0.188184,0.491390,calls/second,milliseconds
1779199780,8,12.000000,6.691026,6.000000,1.489709,6.000000,6.000000,10.000000,10.000000,10.000000,12.000000,0.017608,0.007377,0.188184,0.491390,calls/second,milliseconds
1779199781,8,12.000000,6.691026,6.000000,1.489709,6.000000,6.000000,10.000000,10.000000,10.000000,12.000000,0.017569,0.006787,0.185074,0.488667,calls/second,milliseconds
1779199782,8,12.000000,6.691026,6.000000,1.489709,6.000000,6.000000,10.000000,10.000000,10.000000,12.000000,0.017531,0.006787,0.185074,0.488667,calls/second,milliseconds
1779199783,8,12.000000,6.691026,6.000000,1.489709,6.000000,6.000000,10.000000,10.000000,10.000000,12.000000,0.017492,0.006787,0.185074,0.488667,calls/second,milliseconds
1779199784,8,12.000000,6.691026,6.000000,1.489709,6.000000,6.000000,10.000000,10.000000,10.000000,12.000000,0.017454,0.006787,0.185074,0.488667,calls/second,milliseconds
1779199785,8,12.000000,6.691026,6.000000,1.489709,6.000000,6.000000,10.000000,10.000000,10.000000,12.000000,0.017416,0.006787,0.185074,0.488667,calls/second,milliseconds
1779199786,8,12.000000,6.691026,6.000000,1.489709,6.000000,6.000000,10.000000,10.000000,10.000000,12.000000,0.017378,0.006244,0.182015,0.485960,calls/second,milliseconds
1779199787,8,12.000000,6.691026,6.000000,1.489709,6.000000,6.000000,10.000000,10.000000,10.000000,12.000000,0.017341,0.006244,0.182015,0.485960,calls/second,milliseconds
1779199788,8,12.000000,6.691026,6.000000,1.489709,6.000000,6.000000,10.000000,10.000000,10.000000,12.000000,0.017303,0.006244,0.182015,0.485960,calls/second,milliseconds
1779199789,8,12.000000,6.691026,6.000000,1.489709,6.000000,6.000000,10.000000,10.000000,10.000000,12.000000,0.017266,0.006244,0.182015,0.485960,calls/second,milliseconds
1779199790,8,12.000000,6.691026,6.000000,1.489709,6.000000,6.000000,10.000000,10.000000,10.000000,12.000000,0.017228,0.006244,0.182015,0.485960,calls/second,milliseconds
1779199791,8,12.000000,6.691026,6.000000,1.489709,6.000000,6.000000,10.000000,10.000000,10.000000,12.000000,0.017191,0.005745,0.179006,0.483268,calls/second,milliseconds
1779199792,8,12.000000,6.691026,6.000000,1.489709,6.000000,6.000000,10.000000,10.000000,10.000000,12.000000,0.017154,0.005745,0.179006,0.483268,calls/second,milliseconds
1779199793,8,12.000000,6.691026,6.000000,1.489709,6.000000,6.000000,10.000000,10.000000,10.000000,12.000000,0.017118,0.005745,0.179006,0.483268,calls/second,milliseconds
1779199794,8,12.000000,6.691026,6.000000,1.489709,6.000000,6.000000,10.000000,10.000000,10.000000,12.000000,0.017081,0.005745,0.179006,0.483268,calls/second,milliseconds
1779199795,8,12.000000,6.691026,6.000000,1.489709,6.000000,6.000000,10.000000,10.000000,10.000000,12.000000,0.017045,0.005745,0.179006,0.483268,calls/second,milliseconds
1779199796,8,12.000000,6.691026,6.000000,1.489709,6.000000,6.000000,10.000000,10.000000,10.000000,12.000000,0.017008,0.005286,0.176047,0.480590,calls/second,milliseconds
1779199797,8,12.000000,6.691026,6.000000,1.489709,6.000000,6.000000,10.000000,10.000000,10.000000,12.000000,0.016972,0.005286,0.176047,0.480590,calls/second,milliseconds
1779199798,8,12.000000,6.691026,6.000000,1.489709,6.000000,6.000000,10.000000,10.000000,10.000000,12.000000,0.016936,0.005286,0.176047,0.480590,calls/second,milliseconds
1779199799,8,12.000000,6.691026,6.000000,1.489709,6.000000,6.000000,10.000000,10.000000,10.000000,12.000000,0.016900,0.005286,0.176047,0.480590,calls/second,milliseconds
1779199800,8,12.000000,6.691026,6.000000,1.489709,6.000000,6.000000,10.000000,10.000000,10.000000,12.000000,0.016865,0.005286,0.176047,0.480590,calls/second,milliseconds
1779199801,8,12.000000,6.691026,6.000000,1.489709,6.000000,6.000000,10.000000,10.000000,10.000000,12.000000,0.016829,0.004863,0.173138,0.477928,calls/second,milliseconds
1779199802,8,12.000000,6.691026,6.000000,1.489709,6.000000,6.000000,10.000000,10.000000,10.000000,12.000000,0.016794,0.004863,0.173138,0.477928,calls/second,milliseconds
1779199803,8,12.000000,6.691026,6.000000,1.489709,6.000000,6.000000,10.000000,10.000000,10.000000,12.000000,0.016758,0.004863,0.173138,0.477928,calls/second,milliseconds
1779199804,8,12.000000,6.691026,6.000000,1.489709,6.000000,6.000000,10.000000,10.000000,10.000000,12.000000,0.016723,0.004863,0.173138,0.477928,calls/second,milliseconds
1779199805,8,12.000000,6.691026,6.000000,1.489709,6.000000,6.000000,10.000000,10.000000,10.000000,12.000000,0.016688,0.004863,0.173138,0.477928,calls/second,milliseconds
1779199806,8,12.000000,6.691026,6.000000,1.489709,6.000000,6.000000,10.000000,10.000000,10.000000,12.000000,0.016654,0.004474,0.170276,0.475280,calls/second,milliseconds
1779199807,8,12.000000,6.691026,6.000000,1.489709,6.000000,6.000000,10.000000,10.000000,10.000000,12.000000,0.016619,0.004474,0.170276,0.475280,calls/second,milliseconds
1779199808,8,12.000000,6.691026,6.000000,1.489709,6.000000,6.000000,10.000000,10.000000,10.000000,12.000000,0.016585,0.004474,0.170276,0.475280,calls/second,milliseconds
1779199809,8,12.000000,6.691026,6.000000,1.489709,6.000000,6.000000,10.000000,10.000000,10.000000,12.000000,0.016550,0.004474,0.170276,0.475280,calls/second,milliseconds
1779199810,8,12.000000,6.691026,6.000000,1.489709,6.000000,6.000000,10.000000,10.000000,10.000000,12.000000,0.016516,0.004474,0.170276,0.475280,calls/second,milliseconds
1779199811,8,12.000000,6.691026,6.000000,1.489709,6.000000,6.000000,10.000000,10.000000,10.000000,12.000000,0.016482,0.004116,0.167462,0.472647,calls/second,milliseconds
1779199812,8,12.000000,6.691026,6.000000,1.489709,6.000000,6.000000,10.000000,10.000000,10.000000,12.000000,0.016448,0.004116,0.167462,0.472647,calls/second,milliseconds
1779199813,8,12.000000,6.691026,6.000000,1.489709,6.000000,6.000000,10.000000,10.000000,10.000000,12.000000,0.016414,0.004116,0.167462,0.472647,calls/second,milliseconds
1779199814,8,12.000000,6.691026,6.000000,1.489709,6.000000,6.000000,10.000000,10.000000,10.000000,12.000000,0.016380,0.004116,0.167462,0.472647,calls/second,milliseconds
1779199815,8,12.000000,6.691026,6.000000,1.489709,6.000000,6.000000,10.000000,10.000000,10.000000,12.000000,0.016347,0.004116,0.167462,0.472647,calls/second,milliseconds
1779199816,8,12.000000,6.691026,6.000000,1.489709,6.000000,6.000000,10.000000,10.000000,10.000000,12.000000,0.016314,0.003787,0.164694,0.470028,calls/second,milliseconds
1779199817,8,12.000000,6.691026,6.000000,1.489709,6.000000,6.000000,10.000000,10.000000,10.000000,12.000000,0.016280,0.003787,0.164694,0.470028,calls/second,milliseconds
1779199818,8,12.000000,6.691026,6.000000,1.489709,6.000000,6.000000,10.000000,10.000000,10.000000,12.000000,0.016247,0.003787,0.164694,0.470028,calls/second,milliseconds
1779199819,8,12.000000,6.691026,6.000000,1.489709,6.000000,6.000000,10.000000,10.000000,10.000000,12.000000,0.016214,0.003787,0.164694,0.470028,calls/second,milliseconds
1779199820,8,12.000000,6.691026,6.000000,1.489709,6.000000,6.000000,10.000000,10.000000,10.000000,12.000000,0.016181,0.003787,0.164694,0.470028,calls/second,milliseconds
1779199821,8,12.000000,6.691026,6.000000,1.489709,6.000000,6.000000,10.000000,10.000000,10.000000,12.000000,0.016149,0.003485,0.161971,0.467424,calls/second,milliseconds
1779199822,8,12.000000,6.691026,6.000000,1.489709,6.000000,6.000000,10.000000,10.000000,10.000000,12.000000,0.016116,0.003485,0.161971,0.467424,calls/second,milliseconds
1779199823,8,12.000000,6.691026,6.000000,1.489709,6.000000,6.000000,10.000000,10.000000,10.000000,12.000000,0.016084,0.003485,0.161971,0.467424,calls/second,milliseconds
1779199824,8,12.000000,6.691026,6.000000,1.489709,6.000000,6.000000,10.000000,10.000000,10.000000,12.000000,0.016051,0.003485,0.161971,0.467424,calls/second,milliseconds
1779199825,8,12.000000,6.691026,6.000000,1.489709,6.000000,6.000000,10.000000,10.000000,10.000000,12.000000,0.016019,0.003485,0.161971,0.467424,calls/second,milliseconds
1779199826,8,12.000000,6.691026,6.000000,1.489709,6.000000,6.000000,10.000000,10.000000,10.000000,12.000000,0.015987,0.003206,0.159294,0.464835,calls/second,milliseconds
1779199827,8,12.000000,6.691026,6.000000,1.489709,6.000000,6.000000,10.000000,10.000000,10.000000,12.000000,0.015955,0.003206,0.159294,0.464835,calls/second,milliseconds
1779199828,8,12.000000,6.691026,6.000000,1.489709,6.000000,6.000000,10.000000,10.000000,10.000000,12.000000,0.015923,0.003206,0.159294,0.464835,calls/second,milliseconds
1779199829,9,12.000000,9.406067,6.000000,1.418057,10.000000,10.000000,10.000000,10.000000,10.000000,10.000000,0.017878,0.003206,0.159294,0.464835,calls/second,milliseconds
1779199830,9,12.000000,9.406067,6.000000,1.418057,10.000000,10.000000,10.000000,10.000000,10.000000,10.000000,0.017842,0.003206,0.159294,0.464835,calls/second,milliseconds
1779199831,9,12.000000,9.406067,6.000000,1.418057,10.000000,10.000000,10.000000,10.000000,10.000000,10.000000,0.017807,0.018941,0.159967,0.463368,calls/second,milliseconds
1779199832,9,12.000000,9.406067,6.000000,1.418057,10.000000,10.000000,10.000000,10.000000,10.000000,10.000000,0.017772,0.018941,0.159967,0.463368,calls/second,milliseconds
1779199833,9,12.000000,9.406067,6.000000,1.418057,10.000000,10.000000,10.000000,10.000000,10.000000,10.000000,0.017737,0.018941,0.159967,0.463368,calls/second,milliseconds
1779199834,9,12.000000,9.406067,6.000000,1.418057,10.000000,10.000000,10.000000,10.000000,10.000000,10.000000,0.017702,0.018941,0.159967,0.463368,calls/second,milliseconds
1779199835,9,12.000000,9.406067,6.000000,1.418057,10.000000,10.000000,10.000000,10.000000,10.000000,10.000000,0.017667,0.018941,0.159967,0.463368,calls/second,milliseconds
1779199836,9,12.000000,9.406067,6.000000,1.418057,10.000000,10.000000,10.000000,10.000000,10.000000,10.000000,0.017632,0.017426,0.157323,0.460800,calls/second,milliseconds
1779199837,9,12.000000,9.406067,6.000000,1.418057,10.000000,10.000000,10.000000,10.000000,10.000000,10.000000,0.017598,0.017426,0.157323,0.460800,calls/second,milliseconds
1779199838,9,12.000000,9.406067,6.000000,1.418057,10.000000,10.000000,10.000000,10.000000,10.000000,10.000000,0.017563,0.017426,0.157323,0.460800,calls/second,milliseconds
1779199839,9,12.000000,9.406067,6.000000,1.418057,10.000000,10.000000,10.000000,10.000000,10.000000,10.000000,0.017529,0.017426,0.157323,0.460800,calls/second,milliseconds
1779199840,9,12.000000,9.406067,6.000000,1.418057,10.000000,10.000000,10.000000,10.000000,10.000000,10.000000,0.017495,0.017426,0.157323,0.460800,calls/second,milliseconds
1779199841,9,12.000000,9.406067,6.000000,1.418057,10.000000,10.000000,10.000000,10.000000,10.000000,10.000000,0.017461,0.016033,0.154723,0.458248,calls/second,milliseconds
1779199842,9,12.000000,9.406067,6.000000,1.418057,10.000000,10.000000,10.000000,10.000000,10.000000,10.000000,0.017427,0.016033,0.154723,0.458248,calls/second,milliseconds
1779199843,9,12.000000,9.406067,6.000000,1.418057,10.000000,10.000000,10.000000,10.000000,10.000000,10.000000,0.017393,0.016033,0.154723,0.458248,calls/second,milliseconds
1779199844,9,12.000000,9.406067,6.000000,1.418057,10.000000,10.000000,10.000000,10.000000,10.000000,10.000000,0.017360,0.016033,0.154723,0.458248,calls/second,milliseconds
1779199845,9,12.000000,9.406067,6.000000,1.418057,10.000000,10.000000,10.000000,10.000000,10.000000,10.000000,0.017326,0.016033,0.154723,0.458248,calls/second,milliseconds
1779199846,9,12.000000,9.406067,6.000000,1.418057,10.000000,10.000000,10.000000,10.000000,10.000000,10.000000,0.017293,0.014751,0.152165,0.455709,calls/second,milliseconds
1779199847,9,12.000000,9.406067,6.000000,1.418057,10.000000,10.000000,10.000000,10.000000,10.000000,10.000000,0.017260,0.014751,0.152165,0.455709,calls/second,milliseconds
1779199848,9,12.000000,9.406067,6.000000,1.418057,10.000000,10.000000,10.000000,10.000000,10.000000,10.000000,0.017227,0.014751,0.152165,0.455709,calls/second,milliseconds
1779199849,9,12.000000,9.406067,6.000000,1.418057,10.000000,10.000000,10.000000,10.000000,10.000000,10.000000,0.017194,0.014751,0.152165,0.455709,calls/second,milliseconds
1779199850,9,12.000000,9.406067,6.000000,1.418057,10.000000,10.000000,10.000000,10.000000,10.000000,10.000000,0.017161,0.014751,0.152165,0.455709,calls/second,milliseconds
1779199851,9,12.000000,9.406067,6.000000,1.418057,10.000000,10.000000,10.000000,10.000000,10.000000,10.000000,0.017128,0.013572,0.149650,0.453184,calls/second,milliseconds
1779199852,9,12.000000,9.406067,6.000000,1.418057,10.000000,10.000000,10.000000,10.000000,10.000000,10.000000,0.017096,0.013572,0.149650,0.453184,calls/second,milliseconds
1779199853,9,12.000000,9.406067,6.000000,1.418057,10.000000,10.000000,10.000000,10.000000,10.000000,10.000000,0.017063,0.013572,0.149650,0.453184,calls/second,milliseconds
1779199854,9,12.000000,9.406067,6.000000,1.418057,10.000000,10.000000,10.000000,10.000000,10.000000,10.000000,0.017031,0.013572,0.149650,0.453184,calls/second,milliseconds
1779199855,9,12.000000,9.406067,6.000000,1.418057,10.000000,10.000000,10.000000,10.000000,10.000000,10.000000,0.016999,0.013572,0.149650,0.453184,calls/second,milliseconds
1779199856,9,12.000000,9.406067,6.000000,1.418057,10.000000,10.000000,10.000000,10.000000,10.000000,10.000000,0.016966,0.012486,0.147177,0.450673,calls/second,milliseconds
1779199857,9,12.000000,9.406067,6.000000,1.418057,10.000000,10.000000,10.000000,10.000000,10.000000,10.000000,0.016935,0.012486,0.147177,0.450673,calls/second,milliseconds
1779199858,9,12.000000,9.406067,6.000000,1.418057,10.000000,10.000000,10.000000,10.000000,10.000000,10.000000,0.016903,0.012486,0.147177,0.450673,calls/second,milliseconds
1779199859,9,12.000000,9.406067,6.000000,1.418057,10.000000,10.000000,10.000000,10.000000,10.000000,10.000000,0.016871,0.012486,0.147177,0.450673,calls/second,milliseconds
1779199860,9,12.000000,9.406067,6.000000,1.418057,10.000000,10.000000,10.000000,10.000000,10.000000,10.000000,0.016839,0.012486,0.147177,0.450673,calls/second,milliseconds
1779199861,9,12.000000,9.406067,6.000000,1.418057,10.000000,10.000000,10.000000,10.000000,10.000000,10.000000,0.016808,0.011488,0.144744,0.448177,calls/second,milliseconds
1779199862,9,12.000000,9.406067,6.000000,1.418057,10.000000,10.000000,10.000000,10.000000,10.000000,10.000000,0.016776,0.011488,0.144744,0.448177,calls/second,milliseconds
1779199863,9,12.000000,9.406067,6.000000,1.418057,10.000000,10.000000,10.000000,10.000000,10.000000,10.000000,0.016745,0.011488,0.144744,0.448177,calls/second,milliseconds
1779199864,9,12.000000,9.406067,6.000000,1.418057,10.000000,10.000000,10.000000,10.000000,10.000000,10.000000,0.016714,0.011488,0.144744,0.448177,calls/second,milliseconds
1779199865,9,12.000000,9.406067,6.000000,1.418057,10.000000,10.000000,10.000000,10.000000,10.000000,10.000000,0.016683,0.011488,0.144744,0.448177,calls/second,milliseconds
1779199866,9,12.000000,9.406067,6.000000,1.418057,10.000000,10.000000,10.000000,10.000000,10.000000,10.000000,0.016652,0.010570,0.142352,0.445694,calls/second,milliseconds
1779199867,9,12.000000,9.406067,6.000000,1.418057,10.000000,10.000000,10.000000,10.000000,10.000000,10.000000,0.016621,0.010570,0.142352,0.445694,calls/second,milliseconds
1779199868,9,12.000000,9.406067,6.000000,1.418057,10.000000,10.000000,10.000000,10.000000,10.000000,10.000000,0.016591,0.010570,0.142352,0.445694,calls/second,milliseconds
1779199869,9,12.000000,9.406067,6.000000,1.418057,10.000000,10.000000,10.000000,10.000000,10.000000,10.000000,0.016560,0.010570,0.142352,0.445694,calls/second,milliseconds
1779199870,9,12.000000,9.406067,6.000000,1.418057,10.000000,10.000000,10.000000,10.000000,10.000000,10.000000,0.016530,0.010570,0.142352,0.445694,calls/second,milliseconds
1779199871,9,12.000000,9.406067,6.000000,1.418057,10.000000,10.000000,10.000000,10.000000,10.000000,10.000000,0.016499,0.009724,0.139999,0.443224,calls/second,milliseconds
1779199872,9,12.000000,9.406067,6.000000,1.418057,10.000000,10.000000,10.000000,10.000000,10.000000,10.000000,0.016469,0.009724,0.139999,0.443224,calls/second,milliseconds
1779199873,9,12.000000,9.406067,6.000000,1.418057,10.000000,10.000000,10.000000,10.000000,10.000000,10.000000,0.016439,0.009724,0.139999,0.443224,calls/second,milliseconds
1779199874,9,12.000000,9.406067,6.000000,1.418057,10.000000,10.000000,10.000000,10.000000,10.000000,10.000000,0.016409,0.009724,0.139999,0.443224,calls/second,milliseconds
1779199875,9,12.000000,9.406067,6.000000,1.418057,10.000000,10.000000,10.000000,10.000000,10.000000,10.000000,0.016379,0.009724,0.139999,0.443224,calls/second,milliseconds
1779199876,9,12.000000,9.406067,6.000000,1.418057,10.000000,10.000000,10.000000,10.000000,10.000000,10.000000,0.016349,0.008947,0.137685,0.440769,calls/second,milliseconds
1779199877,9,12.000000,9.406067,6.000000,1.418057,10.000000,10.000000,10.000000,10.000000,10.000000,10.000000,0.016319,0.008947,0.137685,0.440769,calls/second,milliseconds
1779199878,9,12.000000,9.406067,6.000000,1.418057,10.000000,10.000000,10.000000,10.000000,10.000000,10.000000,0.016290,0.008947,0.137685,0.440769,calls/second,milliseconds
1779199879,9,12.000000,9.406067,6.000000,1.418057,10.000000,10.000000,10.000000,10.000000,10.000000,10.000000,0.016260,0.008947,0.137685,0.440769,calls/second,milliseconds
1779199880,9,12.000000,9.406067,6.000000,1.418057,10.000000,10.000000,10.000000,10.000000,10.000000,10.000000,0.016231,0.008947,0.137685,0.440769,calls/second,milliseconds
1779199881,9,12.000000,9.406067,6.000000,1.418057,10.000000,10.000000,10.000000,10.000000,10.000000,10.000000,0.016202,0.008232,0.135409,0.438327,calls/second,milliseconds
1779199882,9,12.000000,9.406067,6.000000,1.418057,10.000000,10.000000,10.000000,10.000000,10.000000,10.000000,0.016173,0.008232,0.135409,0.438327,calls/second,milliseconds
1779199883,9,12.000000,9.406067,6.000000,1.418057,10.000000,10.000000,10.000000,10.000000,10.000000,10.000000,0.016144,0.008232,0.135409,0.438327,calls/second,milliseconds
1779199884,9,12.000000,9.406067,6.000000,1.418057,10.000000,10.000000,10.000000,10.000000,10.000000,10.000000,0.016115,0.008232,0.135409,0.438327,calls/second,milliseconds
1779199885,9,12.000000,9.406067,6.000000,1.418057,10.000000,10.000000,10.000000,10.000000,10.000000,10.000000,0.016086,0.008232,0.135409,0.438327,calls/second,milliseconds
1779199886,9,12.000000,9.406067,6.000000,1.418057,10.000000,10.000000,10.000000,10.000000,10.000000,10.000000,0.016057,0.007573,0.133171,0.435899,calls/second,milliseconds
1779199887,9,12.000000,9.406067,6.000000,1.418057,10.000000,10.000000,10.000000,10.000000,10.000000,10.000000,0.016028,0.007573,0.133171,0.435899,calls/second,milliseconds
1779199888,9,12.000000,9.406067,6.000000,1.418057,10.000000,10.000000,10.000000,10.000000,10.000000,10.000000,0.016000,0.007573,0.133171,0.435899,calls/second,milliseconds
1779199889,9,12.000000,9.406067,6.000000,1.418057,10.000000,10.000000,10.000000,10.000000,10.000000,10.000000,0.015971,0.007573,0.133171,0.435899,calls/second,milliseconds
1779199890,9,12.000000,9.406067,6.000000,1.418057,10.000000,10.000000,10.000000,10.000000,10.000000,10.000000,0.015943,0.007573,0.133171,0.435899,calls/second,milliseconds
1779199891,9,12.000000,9.406067,6.000000,1.418057,10.000000,10.000000,10.000000,10.000000,10.000000,10.000000,0.015915,0.006968,0.130970,0.433484,calls/second,milliseconds
1779199892,9,12.000000,9.406067,6.000000,1.418057,10.000000,10.000000,10.000000,10.000000,10.000000,10.000000,0.015887,0.006968,0.130970,0.433484,calls/second,milliseconds
1779199893,9,12.000000,9.406067,6.000000,1.418057,10.000000,10.000000,10.000000,10.000000,10.000000,10.000000,0.015859,0.006968,0.130970,0.433484,calls/second,milliseconds
1779199894,9,12.000000,9.406067,6.000000,1.418057,10.000000,10.000000,10.000000,10.000000,10.000000,10.000000,0.015831,0.006968,0.130970,0.433484,calls/second,milliseconds
1779199895,9,12.000000,9.406067,6.000000,1.418057,10.000000,10.000000,10.000000,10.000000,10.000000,10.000000,0.015803,0.006968,0.130970,0.433484,calls/second,milliseconds
1779199896,9,12.000000,9.406067,6.000000,1.418057,10.000000,10.000000,10.000000,10.000000,10.000000,10.000000,0.015775,0.006411,0.128805,0.431082,calls/second,milliseconds
1779199897,9,12.000000,9.406067,6.000000,1.418057,10.000000,10.000000,10.000000,10.000000,10.000000,10.000000,0.015748,0.006411,0.128805,0.431082,calls/second,milliseconds
1779199898,9,12.000000,9.406067,6.000000,1.418057,10.000000,10.000000,10.000000,10.000000,10.000000,10.000000,0.015720,0.006411,0.128805,0.431082,calls/second,milliseconds
1779199899,9,12.000000,9.406067,6.000000,1.418057,10.000000,10.000000,10.000000,10.000000,10.000000,10.000000,0.015693,0.006411,0.128805,0.431082,calls/second,milliseconds
1779199900,9,12.000000,9.406067,6.000000,1.418057,10.000000,10.000000,10.000000,10.000000,10.000000,10.000000,0.015665,0.006411,0.128805,0.431082,calls/second,milliseconds
1779199901,9,12.000000,9.406067,6.000000,1.418057,10.000000,10.000000,10.000000,10.000000,10.000000,10.000000,0.015638,0.005898,0.126676,0.428694,calls/second,milliseconds
1779199902,9,12.000000,9.406067,6.000000,1.418057,10.000000,10.000000,10.000000,10.000000,10.000000,10.000000,0.015611,0.005898,0.126676,0.428694,calls/second,milliseconds
1779199903,9,12.000000,9.406067,6.000000,1.418057,10.000000,10.000000,10.000000,10.000000,10.000000,10.000000,0.015584,0.005898,0.126676,0.428694,calls/second,milliseconds
1779199904,9,12.000000,9.406067,6.000000,1.418057,10.000000,10.000000,10.000000,10.000000,10.000000,10.000000,0.015557,0.005898,0.126676,0.428694,calls/second,milliseconds
1779199905,9,12.000000,9.406067,6.000000,1.418057,10.000000,10.000000,10.000000,10.000000,10.000000,10.000000,0.015530,0.005898,0.126676,0.428694,calls/second,milliseconds
1779199906,9,12.000000,9.406067,6.000000,1.418057,10.000000,10.000000,10.000000,10.000000,10.000000,10.000000,0.015503,0.005427,0.124583,0.426319,calls/second,milliseconds
1779199907,9,12.000000,9.406067,6.000000,1.418057,10.000000,10.000000,10.000000,10.000000,10.000000,10.000000,0.015476,0.005427,0.124583,0.426319,calls/second,milliseconds
1779199908,9,12.000000,9.406067,6.000000,1.418057,10.000000,10.000000,10.000000,10.000000,10.000000,10.000000,0.015450,0.005427,0.124583,0.426319,calls/second,milliseconds
1779199909,9,12.000000,9.406067,6.000000,1.418057,10.000000,10.000000,10.000000,10.000000,10.000000,10.000000,0.015423,0.005427,0.124583,0.426319,calls/second,milliseconds
1779199910,9,12.000000,9.406067,6.000000,1.418057,10.000000,10.000000,10.000000,10.000000,10.000000,10.000000,0.015397,0.005427,0.124583,0.426319,calls/second,milliseconds
1779199911,9,12.000000,9.406067,6.000000,1.418057,10.000000,10.000000,10.000000,10.000000,10.000000,10.000000,0.015371,0.004993,0.122523,0.423957,calls/second,milliseconds
1779199912,9,12.000000,9.406067,6.000000,1.418057,10.000000,10.000000,10.000000,10.000000,10.000000,10.000000,0.015344,0.004993,0.122523,0.423957,calls/second,milliseconds
1779199913,9,12.000000,9.406067,6.000000,1.418057,10.000000,10.000000,10.000000,10.000000,10.000000,10.000000,0.015318,0.004993,0.122523,0.423957,calls/second,milliseconds
1779199914,9,12.000000,9.406067,6.000000,1.418057,10.000000,10.000000,10.000000,10.000000,10.000000,10.000000,0.015292,0.004993,0.122523,0.423957,calls/second,milliseconds
1779199915,9,12.000000,9.406067,6.000000,1.418057,10.000000,10.000000,10.000000,10.000000,10.000000,10.000000,0.015266,0.004993,0.122523,0.423957,calls/second,milliseconds
1779199916,9,12.000000,9.406067,6.000000,1.418057,10.000000,10.000000,10.000000,10.000000,10.000000,10.000000,0.015240,0.004594,0.120498,0.421608,calls/second,milliseconds
1779199917,9,12.000000,9.406067,6.000000,1.418057,10.000000,10.000000,10.000000,10.000000,10.000000,10.000000,0.015214,0.004594,0.120498,0.421608,calls/second,milliseconds
1779199918,9,12.000000,9.406067,6.000000,1.418057,10.000000,10.000000,10.000000,10.000000,10.000000,10.000000,0.015189,0.004594,0.120498,0.421608,calls/second,milliseconds
1779199919,9,12.000000,9.406067,6.000000,1.418057,10.000000,10.000000,10.000000,10.000000,10.000000,10.000000,0.015163,0.004594,0.120498,0.421608,calls/second,milliseconds
1779199920,9,12.000000,9.406067,6.000000,1.418057,10.000000,10.000000,10.000000,10.000000,10.000000,10.000000,0.015138,0.004594,0.120498,0.421608,calls/second,milliseconds
1779199921,9,12.000000,9.406067,6.000000,1.418057,10.000000,10.000000,10.000000,10.000000,10.000000,10.000000,0.015112,0.004226,0.118507,0.419272,calls/second,milliseconds
1779199922,9,12.000000,9.406067,6.000000,1.418057,10.000000,10.000000,10.000000,10.000000,10.000000,10.000000,0.015087,0.004226,0.118507,0.419272,calls/second,milliseconds
1779199923,9,12.000000,9.406067,6.000000,1.418057,10.000000,10.000000,10.000000,10.000000,10.000000,10.000000,0.015061,0.004226,0.118507,0.419272,calls/second,milliseconds
1779199924,9,12.000000,9.406067,6.000000,1.418057,10.000000,10.000000,10.000000,10.000000,10.000000,10.000000,0.015036,0.004226,0.118507,0.419272,calls/second,milliseconds
1779199925,9,12.000000,9.406067,6.000000,1.418057,10.000000,10.000000,10.000000,10.000000,10.000000,10.000000,0.015011,0.004226,0.118507,0.419272,calls/second,milliseconds
1779199926,9,12.000000,9.406067,6.000000,1.418057,10.000000,10.000000,10.000000,10.000000,10.000000,10.000000,0.014986,0.003888,0.116548,0.416950,calls/second,milliseconds
1779199927,9,12.000000,9.406067,6.000000,1.418057,10.000000,10.000000,10.000000,10.000000,10.000000,10.000000,0.014961,0.003888,0.116548,0.416950,calls/second,milliseconds
1779199928,9,12.000000,9.406067,6.000000,1.418057,10.000000,10.000000,10.000000,10.000000,10.000000,10.000000,0.014936,0.003888,0.116548,0.416950,calls/second,milliseconds
1779199929,9,12.000000,9.406067,6.000000,1.418057,10.000000,10.000000,10.000000,10.000000,10.000000,10.000000,0.014911,0.003888,0.116548,0.416950,calls/second,milliseconds
1779199930,9,12.000000,9.406067,6.000000,1.418057,10.000000,10.000000,10.000000,10.000000,10.000000,10.000000,0.014887,0.003888,0.116548,0.416950,calls/second,milliseconds
1779199931,9,12.000000,9.406067,6.000000,1.418057,10.000000,10.000000,10.000000,10.000000,10.000000,10.000000,0.014862,0.003577,0.114621,0.414640,calls/second,milliseconds
1779199932,9,12.000000,9.406067,6.000000,1.418057,10.000000,10.000000,10.000000,10.000000,10.000000,10.000000,0.014838,0.003577,0.114621,0.414640,calls/second,milliseconds
1779199933,9,12.000000,9.406067,6.000000,1.418057,10.000000,10.000000,10.000000,10.000000,10.000000,10.000000,0.014813,0.003577,0.114621,0.414640,calls/second,milliseconds
1779199934,9,12.000000,9.406067,6.000000,1.418057,10.000000,10.000000,10.000000,10.000000,10.000000,10.000000,0.014789,0.003577,0.114621,0.414640,calls/second,milliseconds
1779199935,9,12.000000,9.406067,6.000000,1.418057,10.000000,10.000000,10.000000,10.000000,10.000000,10.000000,0.014764,0.003577,0.114621,0.414640,calls/second,milliseconds
1779199936,9,12.000000,9.406067,6.000000,1.418057,10.000000,10.000000,10.000000,10.000000,10.000000,10.000000,0.014740,0.003291,0.112727,0.412342,calls/second,milliseconds
1779199937,9,12.000000,9.406067,6.000000,1.418057,10.000000,10.000000,10.000000,10.000000,10.000000,10.000000,0.014716,0.003291,0.112727,0.412342,calls/second,milliseconds
1779199938,9,12.000000,9.406067,6.000000,1.418057,10.000000,10.000000,10.000000,10.000000,10.000000,10.000000,0.014692,0.003291,0.112727,0.412342,calls/second,milliseconds
1779199939,9,12.000000,9.406067,6.000000,1.418057,10.000000,10.000000,10.000000,10.000000,10.000000,10.000000,0.014668,0.003291,0.112727,0.412342,calls/second,milliseconds
1779199940,9,12.000000,9.406067,6.000000,1.418057,10.000000,10.000000,10.000000,10.000000,10.000000,10.000000,0.014644,0.003291,0.112727,0.412342,calls/second,milliseconds
1779199941,9,12.000000,9.406067,6.000000,1.418057,10.000000,10.000000,10.000000,10.000000,10.000000,10.000000,0.014620,0.003028,0.110864,0.410058,calls/second,milliseconds
1779199942,9,12.000000,9.406067,6.000000,1.418057,10.000000,10.000000,10.000000,10.000000,10.000000,10.000000,0.014597,0.003028,0.110864,0.410058,calls/second,milliseconds
1779199943,9,12.000000,9.406067,6.000000,1.418057,10.000000,10.000000,10.000000,10.000000,10.000000,10.000000,0.014573,0.003028,0.110864,0.410058,calls/second,milliseconds
1779199944,10,12.000000,8.250854,6.000000,0.805325,8.000000,8.000000,10.000000,10.000000,10.000000,10.000000,0.016166,0.003028,0.110864,0.410058,calls/second,milliseconds
1779199945,10,12.000000,8.250854,6.000000,0.805325,8.000000,8.000000,10.000000,10.000000,10.000000,10.000000,0.016140,0.003028,0.110864,0.410058,calls/second,milliseconds
1779199946,10,12.000000,8.250854,6.000000,0.805325,8.000000,8.000000,10.000000,10.000000,10.000000,10.000000,0.016114,0.018777,0.112337,0.408894,calls/second,milliseconds
1779199947,10,12.000000,8.250854,6.000000,0.805325,8.000000,8.000000,10.000000,10.000000,10.000000,10.000000,0.016088,0.018777,0.112337,0.408894,calls/second,milliseconds
1779199948,10,12.000000,8.250854,6.000000,0.805325,8.000000,8.000000,10.000000,10.000000,10.000000,10.000000,0.016062,0.018777,0.112337,0.408894,calls/second,milliseconds
1779199949,10,12.000000,8.250854,6.000000,0.805325,8.000000,8.000000,10.000000,10.000000,10.000000,10.000000,0.016036,0.018777,0.112337,0.408894,calls/second,milliseconds
1779199950,10,12.000000,8.250854,6.000000,0.805325,8.000000,8.000000,10.000000,10.000000,10.000000,10.000000,0.016010,0.018777,0.112337,0.408894,calls/second,milliseconds
1779199951,10,12.000000,8.250854,6.000000,0.805325,8.000000,8.000000,10.000000,10.000000,10.000000,10.000000,0.015985,0.017276,0.110480,0.406629,calls/second,milliseconds
1779199952,10,12.000000,8.250854,6.000000,0.805325,8.000000,8.000000,10.000000,10.000000,10.000000,10.000000,0.015959,0.017276,0.110480,0.406629,calls/second,milliseconds
1779199953,10,12.000000,8.250854,6.000000,0.805325,8.000000,8.000000,10.000000,10.000000,10.000000,10.000000,0.015934,0.017276,0.110480,0.406629,calls/second,milliseconds
1779199954,10,12.000000,8.250854,6.000000,0.805325,8.000000,8.000000,10.000000,10.000000,10.000000,10.000000,0.015908,0.017276,0.110480,0.406629,calls/second,milliseconds
1779199955,10,12.000000,8.250854,6.000000,0.805325,8.000000,8.000000,10.000000,10.000000,10.000000,10.000000,0.015883,0.017276,0.110480,0.406629,calls/second,milliseconds
1779199956,10,12.000000,8.250854,6.000000,0.805325,8.000000,8.000000,10.000000,10.000000,10.000000,10.000000,0.015858,0.015895,0.108654,0.404376,calls/second,milliseconds
1779199957,10,12.000000,8.250854,6.000000,0.805325,8.000000,8.000000,10.000000,10.000000,10.000000,10.000000,0.015833,0.015895,0.108654,0.404376,calls/second,milliseconds
1779199958,10,12.000000,8.250854,6.000000,0.805325,8.000000,8.000000,10.000000,10.000000,10.000000,10.000000,0.015807,0.015895,0.108654,0.404376,calls/second,milliseconds
1779199959,10,12.000000,8.250854,6.000000,0.805325,8.000000,8.000000,10.000000,10.000000,10.000000,10.000000,0.015782,0.015895,0.108654,0.404376,calls/second,milliseconds
1779199960,10,12.000000,8.250854,6.000000,0.805325,8.000000,8.000000,10.000000,10.000000,10.000000,10.000000,0.015758,0.015895,0.108654,0.404376,calls/second,milliseconds
1779199961,10,12.000000,8.250854,6.000000,0.805325,8.000000,8.000000,10.000000,10.000000,10.000000,10.000000,0.015733,0.014624,0.106858,0.402136,calls/second,milliseconds
1779199962,10,12.000000,8.250854,6.000000,0.805325,8.000000,8.000000,10.000000,10.000000,10.000000,10.000000,0.015708,0.014624,0.106858,0.402136,calls/second,milliseconds
1779199963,10,12.000000,8.250854,6.000000,0.805325,8.000000,8.000000,10.000000,10.000000,10.000000,10.000000,0.015683,0.014624,0.106858,0.402136,calls/second,milliseconds
1779199964,10,12.000000,8.250854,6.000000,0.805325,8.000000,8.000000,10.000000,10.000000,10.000000,10.000000,0.015659,0.014624,0.106858,0.402136,calls/second,milliseconds
1779199965,10,12.000000,8.250854,6.000000,0.805325,8.000000,8.000000,10.000000,10.000000,10.000000,10.000000,0.015634,0.014624,0.106858,0.402136,calls/second,milliseconds
1779199966,10,12.000000,8.250854,6.000000,0.805325,8.000000,8.000000,10.000000,10.000000,10.000000,10.000000,0.015610,0.013454,0.105092,0.399908,calls/second,milliseconds
1779199967,10,12.000000,8.250854,6.000000,0.805325,8.000000,8.000000,10.000000,10.000000,10.000000,10.000000,0.015585,0.013454,0.105092,0.399908,calls/second,milliseconds
1779199968,10,12.000000,8.250854,6.000000,0.805325,8.000000,8.000000,10.000000,10.000000,10.000000,10.000000,0.015561,0.013454,0.105092,0.399908,calls/second,milliseconds
1779199969,10,12.000000,8.250854,6.000000,0.805325,8.000000,8.000000,10.000000,10.000000,10.000000,10.000000,0.015537,0.013454,0.105092,0.399908,calls/second,milliseconds
1779199970,10,12.000000,8.250854,6.000000,0.805325,8.000000,8.000000,10.000000,10.000000,10.000000,10.000000,0.015513,0.013454,0.105092,0.399908,calls/second,milliseconds
1779199971,10,12.000000,8.250854,6.000000,0.805325,8.000000,8.000000,10.000000,10.000000,10.000000,10.000000,0.015489,0.012379,0.103355,0.397692,calls/second,milliseconds
1779199972,10,12.000000,8.250854,6.000000,0.805325,8.000000,8.000000,10.000000,10.000000,10.000000,10.000000,0.015465,0.012379,0.103355,0.397692,calls/second,milliseconds
1779199973,10,12.000000,8.250854,6.000000,0.805325,8.000000,8.000000,10.000000,10.000000,10.000000,10.000000,0.015441,0.012379,0.103355,0.397692,calls/second,milliseconds
1779199974,10,12.000000,8.250854,6.000000,0.805325,8.000000,8.000000,10.000000,10.000000,10.000000,10.000000,0.015417,0.012379,0.103355,0.397692,calls/second,milliseconds
1779199975,10,12.000000,8.250854,6.000000,0.805325,8.000000,8.000000,10.000000,10.000000,10.000000,10.000000,0.015393,0.012379,0.103355,0.397692,calls/second,milliseconds
1779199976,10,12.000000,8.250854,6.000000,0.805325,8.000000,8.000000,10.000000,10.000000,10.000000,10.000000,0.015369,0.011389,0.101647,0.395489,calls/second,milliseconds
1779199977,10,12.000000,8.250854,6.000000,0.805325,8.000000,8.000000,10.000000,10.000000,10.000000,10.000000,0.015346,0.011389,0.101647,0.395489,calls/second,milliseconds
1779199978,10,12.000000,8.250854,6.000000,0.805325,8.000000,8.000000,10.000000,10.000000,10.000000,10.000000,0.015322,0.011389,0.101647,0.395489,calls/second,milliseconds
1779199979,10,12.000000,8.250854,6.000000,0.805325,8.000000,8.000000,10.000000,10.000000,10.000000,10.000000,0.015299,0.011389,0.101647,0.395489,calls/second,milliseconds
1779199980,10,12.000000,8.250854,6.000000,0.805325,8.000000,8.000000,10.000000,10.000000,10.000000,10.000000,0.015275,0.011389,0.101647,0.395489,calls/second,milliseconds
1779199981,10,12.000000,8.250854,6.000000,0.805325,8.000000,8.000000,10.000000,10.000000,10.000000,10.000000,0.015252,0.010478,0.099967,0.393298,calls/second,milliseconds
1779199982,10,12.000000,8.250854,6.000000,0.805325,8.000000,8.000000,10.000000,10.000000,10.000000,10.000000,0.015229,0.010478,0.099967,0.393298,calls/second,milliseconds
1779199983,10,12.000000,8.250854,6.000000,0.805325,8.000000,8.000000,10.000000,10.000000,10.000000,10.000000,0.015206,0.010478,0.099967,0.393298,calls/second,milliseconds
1779199984,10,12.000000,8.250854,6.000000,0.805325,8.000000,8.000000,10.000000,10.000000,10.000000,10.000000,0.015183,0.010478,0.099967,0.393298,calls/second,milliseconds
1779199985,10,12.000000,8.250854,6.000000,0.805325,8.000000,8.000000,10.000000,10.000000,10.000000,10.000000,0.015159,0.010478,0.099967,0.393298,calls/second,milliseconds
1779199986,10,12.000000,8.250854,6.000000,0.805325,8.000000,8.000000,10.000000,10.000000,10.000000,10.000000,0.015137,0.009641,0.098314,0.391119,calls/second,milliseconds
1779199987,10,12.000000,8.250854,6.000000,0.805325,8.000000,8.000000,10.000000,10.000000,10.000000,10.000000,0.015114,0.009641,0.098314,0.391119,calls/second,milliseconds
1779199988,10,12.000000,8.250854,6.000000,0.805325,8.000000,8.000000,10.000000,10.000000,10.000000,10.000000,0.015091,0.009641,0.098314,0.391119,calls/second,milliseconds
1779199989,10,12.000000,8.250854,6.000000,0.805325,8.000000,8.000000,10.000000,10.000000,10.000000,10.000000,0.015068,0.009641,0.098314,0.391119,calls/second,milliseconds
1779199990,10,12.000000,8.250854,6.000000,0.805325,8.000000,8.000000,10.000000,10.000000,10.000000,10.000000,0.015045,0.009641,0.098314,0.391119,calls/second,milliseconds
1779199991,10,12.000000,8.250854,6.000000,0.805325,8.000000,8.000000,10.000000,10.000000,10.000000,10.000000,0.015023,0.008870,0.096689,0.388952,calls/second,milliseconds
1779199992,10,12.000000,8.250854,6.000000,0.805325,8.000000,8.000000,10.000000,10.000000,10.000000,10.000000,0.015000,0.008870,0.096689,0.388952,calls/second,milliseconds
1779199993,10,12.000000,8.250854,6.000000,0.805325,8.000000,8.000000,10.000000,10.000000,10.000000,10.000000,0.014978,0.008870,0.096689,0.388952,calls/second,milliseconds
1779199994,10,12.000000,8.250854,6.000000,0.805325,8.000000,8.000000,10.000000,10.000000,10.000000,10.000000,0.014955,0.008870,0.096689,0.388952,calls/second,milliseconds
1779199995,10,12.000000,8.250854,6.000000,0.805325,8.000000,8.000000,10.000000,10.000000,10.000000,10.000000,0.014933,0.008870,0.096689,0.388952,calls/second,milliseconds
1779199996,10,12.000000,8.250854,6.000000,0.805325,8.000000,8.000000,10.000000,10.000000,10.000000,10.000000,0.014910,0.008161,0.095091,0.386797,calls/second,milliseconds
1779199997,10,12.000000,8.250854,6.000000,0.805325,8.000000,8.000000,10.000000,10.000000,10.000000,10.000000,0.014888,0.008161,0.095091,0.386797,calls/second,milliseconds
1779199998,10,12.000000,8.250854,6.000000,0.805325,8.000000,8.000000,10.000000,10.000000,10.000000,10.000000,0.014866,0.008161,0.095091,0.386797,calls/second,milliseconds
1779199999,10,12.000000,8.250854,6.000000,0.805325,8.000000,8.000000,10.000000,10.000000,10.000000,10.000000,0.014844,0.008161,0.095091,0.386797,calls/second,milliseconds
1779200000,10,12.000000,8.250854,6.000000,0.805325,8.000000,8.000000,10.000000,10.000000,10.000000,10.000000,0.014822,0.008161,0.095091,0.386797,calls/second,milliseconds
1779200001,10,12.000000,8.250854,6.000000,0.805325,8.000000,8.000000,10.000000,10.000000,10.000000,10.000000,0.014800,0.007508,0.093520,0.384654,calls/second,milliseconds
1779200002,10,12.000000,8.250854,6.000000,0.805325,8.000000,8.000000,10.000000,10.000000,10.000000,10.000000,0.014778,0.007508,0.093520,0.384654,calls/second,milliseconds
1779200003,10,12.000000,8.250854,6.000000,0.805325,8.000000,8.000000,10.000000,10.000000,10.000000,10.000000,0.014756,0.007508,0.093520,0.384654,calls/second,milliseconds
1779200004,10,12.000000,8.250854,6.000000,0.805325,8.000000,8.000000,10.000000,10.000000,10.000000,10.000000,0.014734,0.007508,0.093520,0.384654,calls/second,milliseconds
1779200005,10,12.000000,8.250854,6.000000,0.805325,8.000000,8.000000,10.000000,10.000000,10.000000,10.000000,0.014713,0.007508,0.093520,0.384654,calls/second,milliseconds
1779200006,10,12.000000,8.250854,6.000000,0.805325,8.000000,8.000000,10.000000,10.000000,10.000000,10.000000,0.014691,0.006908,0.091974,0.382523,calls/second,milliseconds
1779200007,10,12.000000,8.250854,6.000000,0.805325,8.000000,8.000000,10.000000,10.000000,10.000000,10.000000,0.014670,0.006908,0.091974,0.382523,calls/second,milliseconds
1779200008,10,12.000000,8.250854,6.000000,0.805325,8.000000,8.000000,10.000000,10.000000,10.000000,10.000000,0.014648,0.006908,0.091974,0.382523,calls/second,milliseconds
1779200009,10,12.000000,8.250854,6.000000,0.805325,8.000000,8.000000,10.000000,10.000000,10.000000,10.000000,0.014627,0.006908,0.091974,0.382523,calls/second,milliseconds
1779200010,10,12.000000,8.250854,6.000000,0.805325,8.000000,8.000000,10.000000,10.000000,10.000000,10.000000,0.014605,0.006908,0.091974,0.382523,calls/second,milliseconds
1779200011,10,12.000000,8.250854,6.000000,0.805325,8.000000,8.000000,10.000000,10.000000,10.000000,10.000000,0.014584,0.006355,0.090454,0.380404,calls/second,milliseconds
1779200012,10,12.000000,8.250854,6.000000,0.805325,8.000000,8.000000,10.000000,10.000000,10.000000,10.000000,0.014563,0.006355,0.090454,0.380404,calls/second,milliseconds
1779200013,10,12.000000,8.250854,6.000000,0.805325,8.000000,8.000000,10.000000,10.000000,10.000000,10.000000,0.014541,0.006355,0.090454,0.380404,calls/second,milliseconds
1779200014,10,12.000000,8.250854,6.000000,0.805325,8.000000,8.000000,10.000000,10.000000,10.000000,10.000000,0.014520,0.006355,0.090454,0.380404,calls/second,milliseconds
1779200015,10,12.000000,8.250854,6.000000,0.805325,8.000000,8.000000,10.000000,10.000000,10.000000,10.000000,0.014499,0.006355,0.090454,0.380404,calls/second,milliseconds
1779200016,10,12.000000,8.250854,6.000000,0.805325,8.000000,8.000000,10.000000,10.000000,10.000000,10.000000,0.014478,0.005847,0.088959,0.378297,calls/second,milliseconds
1779200017,10,12.000000,8.250854,6.000000,0.805325,8.000000,8.000000,10.000000,10.000000,10.000000,10.000000,0.014457,0.005847,0.088959,0.378297,calls/second,milliseconds
1779200018,10,12.000000,8.250854,6.000000,0.805325,8.000000,8.000000,10.000000,10.000000,10.000000,10.000000,0.014436,0.005847,0.088959,0.378297,calls/second,milliseconds
1779200019,10,12.000000,8.250854,6.000000,0.805325,8.000000,8.000000,10.000000,10.000000,10.000000,10.000000,0.014415,0.005847,0.088959,0.378297,calls/second,milliseconds
1779200020,10,12.000000,8.250854,6.000000,0.805325,8.000000,8.000000,10.000000,10.000000,10.000000,10.000000,0.014395,0.005847,0.088959,0.378297,calls/second,milliseconds
1779200021,10,12.000000,8.250854,6.000000,0.805325,8.000000,8.000000,10.000000,10.000000,10.000000,10.000000,0.014374,0.005380,0.087488,0.376201,calls/second,milliseconds
1779200022,10,12.000000,8.250854,6.000000,0.805325,8.000000,8.000000,10.000000,10.000000,10.000000,10.000000,0.014353,0.005380,0.087488,0.376201,calls/second,milliseconds
1779200023,10,12.000000,8.250854,6.000000,0.805325,8.000000,8.000000,10.000000,10.000000,10.000000,10.000000,0.014333,0.005380,0.087488,0.376201,calls/second,milliseconds
1779200024,10,12.000000,8.250854,6.000000,0.805325,8.000000,8.000000,10.000000,10.000000,10.000000,10.000000,0.014312,0.005380,0.087488,0.376201,calls/second,milliseconds
1779200025,10,12.000000,8.250854,6.000000,0.805325,8.000000,8.000000,10.000000,10.000000,10.000000,10.000000,0.014292,0.005380,0.087488,0.376201,calls/second,milliseconds
1779200026,10,12.000000,8.250854,6.000000,0.805325,8.000000,8.000000,10.000000,10.000000,10.000000,10.000000,0.014271,0.004950,0.086042,0.374117,calls/second,milliseconds
1779200027,10,12.000000,8.250854,6.000000,0.805325,8.000000,8.000000,10.000000,10.000000,10.000000,10.000000,0.014251,0.004950,0.086042,0.374117,calls/second,milliseconds
1779200028,10,12.000000,8.250854,6.000000,0.805325,8.000000,8.000000,10.000000,10.000000,10.000000,10.000000,0.014231,0.004950,0.086042,0.374117,calls/second,milliseconds
1779200029,10,12.000000,8.250854,6.000000,0.805325,8.000000,8.000000,10.000000,10.000000,10.000000,10.000000,0.014210,0.004950,0.086042,0.374117,calls/second,milliseconds
1779200030,10,12.000000,8.250854,6.000000,0.805325,8.000000,8.000000,10.000000,10.000000,10.000000,10.000000,0.014190,0.004950,0.086042,0.374117,calls/second,milliseconds
1779200031,10,12.000000,8.250854,6.000000,0.805325,8.000000,8.000000,10.000000,10.000000,10.000000,10.000000,0.014170,0.004554,0.084620,0.372044,calls/second,milliseconds
1779200032,10,12.000000,8.250854,6.000000,0.805325,8.000000,8.000000,10.000000,10.000000,10.000000,10.000000,0.014150,0.004554,0.084620,0.372044,calls/second,milliseconds
1779200033,10,12.000000,8.250854,6.000000,0.805325,8.000000,8.000000,10.000000,10.000000,10.000000,10.000000,0.014130,0.004554,0.084620,0.372044,calls/second,milliseconds
1779200034,10,12.000000,8.250854,6.000000,0.805325,8.000000,8.000000,10.000000,10.000000,10.000000,10.000000,0.014110,0.004554,0.084620,0.372044,calls/second,milliseconds
1779200035,10,12.000000,8.250854,6.000000,0.805325,8.000000,8.000000,10.000000,10.000000,10.000000,10.000000,0.014090,0.004554,0.084620,0.372044,calls/second,milliseconds
1779200036,10,12.000000,8.250854,6.000000,0.805325,8.000000,8.000000,10.000000,10.000000,10.000000,10.000000,0.014070,0.004190,0.083221,0.369983,calls/second,milliseconds
1779200037,10,12.000000,8.250854,6.000000,0.805325,8.000000,8.000000,10.000000,10.000000,10.000000,10.000000,0.014050,0.004190,0.083221,0.369983,calls/second,milliseconds
1779200038,10,12.000000,8.250854,6.000000,0.805325,8.000000,8.000000,10.000000,10.000000,10.000000,10.000000,0.014031,0.004190,0.083221,0.369983,calls/second,milliseconds
1779200039,10,12.000000,8.250854,6.000000,0.805325,8.000000,8.000000,10.000000,10.000000,10.000000,10.000000,0.014011,0.004190,0.083221,0.369983,calls/second,milliseconds
1779200040,10,12.000000,8.250854,6.000000,0.805325,8.000000,8.000000,10.000000,10.000000,10.000000,10.000000,0.013991,0.004190,0.083221,0.369983,calls/second,milliseconds
1779200041,10,12.000000,8.250854,6.000000,0.805325,8.000000,8.000000,10.000000,10.000000,10.000000,10.000000,0.013972,0.003855,0.081846,0.367933,calls/second,milliseconds
1779200042,10,12.000000,8.250854,6.000000,0.805325,8.000000,8.000000,10.000000,10.000000,10.000000,10.000000,0.013952,0.003855,0.081846,0.367933,calls/second,milliseconds
1779200043,10,12.000000,8.250854,6.000000,0.805325,8.000000,8.000000,10.000000,10.000000,10.000000,10.000000,0.013933,0.003855,0.081846,0.367933,calls/second,milliseconds
1779200044,10,12.000000,8.250854,6.000000,0.805325,8.000000,8.000000,10.000000,10.000000,10.000000,10.000000,0.013913,0.003855,0.081846,0.367933,calls/second,milliseconds
1779200045,10,12.000000,8.250854,6.000000,0.805325,8.000000,8.000000,10.000000,10.000000,10.000000,10.000000,0.013894,0.003855,0.081846,0.367933,calls/second,milliseconds
1779200046,10,12.000000,8.250854,6.000000,0.805325,8.000000,8.000000,10.000000,10.000000,10.000000,10.000000,0.013875,0.003547,0.080493,0.365895,calls/second,milliseconds
1779200047,10,12.000000,8.250854,6.000000,0.805325,8.000000,8.000000,10.000000,10.000000,10.000000,10.000000,0.013855,0.003547,0.080493,0.365895,calls/second,milliseconds
1779200048,10,12.000000,8.250854,6.000000,0.805325,8.000000,8.000000,10.000000,10.000000,10.000000,10.000000,0.013836,0.003547,0.080493,0.365895,calls/second,milliseconds
1779200049,10,12.000000,8.250854,6.000000,0.805325,8.000000,8.000000,10.000000,10.000000,10.000000,10.000000,0.013817,0.003547,0.080493,0.365895,calls/second,milliseconds
1779200050,10,12.000000,8.250854,6.000000,0.805325,8.000000,8.000000,10.000000,10.000000,10.000000,10.000000,0.013798,0.003547,0.080493,0.365895,calls/second,milliseconds
1779200051,10,12.000000,8.250854,6.000000,0.805325,8.000000,8.000000,10.000000,10.000000,10.000000,10.000000,0.013779,0.003263,0.079163,0.363867,calls/second,milliseconds
1779200052,10,12.000000,8.250854,6.000000,0.805325,8.000000,8.000000,10.000000,10.000000,10.000000,10.000000,0.013760,0.003263,0.079163,0.363867,calls/second,milliseconds
1779200053,10,12.000000,8.250854,6.000000,0.805325,8.000000,8.000000,10.000000,10.000000,10.000000,10.000000,0.013741,0.003263,0.079163,0.363867,calls/second,milliseconds
1779200054,10,12.000000,8.250854,6.000000,0.805325,8.000000,8.000000,10.000000,10.000000,10.000000,10.000000,0.013722,0.003263,0.079163,0.363867,calls/second,milliseconds
1779200055,10,12.000000,8.250854,6.000000,0.805325,8.000000,8.000000,10.000000,10.000000,10.000000,10.000000,0.013703,0.003263,0.079163,0.363867,calls/second,milliseconds
1779200056,10,12.000000,8.250854,6.000000,0.805325,8.000000,8.000000,10.000000,10.000000,10.000000,10.000000,0.013685,0.003002,0.077854,0.361852,calls/second,milliseconds
1779200057,11,12.000000,7.225682,6.000000,0.590234,7.000000,7.000000,8.000000,10.000000,10.000000,10.000000,0.015032,0.003002,0.077854,0.361852,calls/second,milliseconds
1779200058,11,12.000000,7.225682,6.000000,0.590234,7.000000,7.000000,8.000000,10.000000,10.000000,10.000000,0.015012,0.003002,0.077854,0.361852,calls/second,milliseconds
1779200059,11,12.000000,7.225682,6.000000,0.590234,7.000000,7.000000,8.000000,10.000000,10.000000,10.000000,0.014991,0.003002,0.077854,0.361852,calls/second,milliseconds
1779200060,11,12.000000,7.225682,6.000000,0.590234,7.000000,7.000000,8.000000,10.000000,10.000000,10.000000,0.014971,0.003002,0.077854,0.361852,calls/second,milliseconds
1779200061,11,12.000000,7.225682,6.000000,0.590234,7.000000,7.000000,8.000000,10.000000,10.000000,10.000000,0.014950,0.018753,0.079873,0.360955,calls/second,milliseconds
1779200062,11,12.000000,7.225682,6.000000,0.590234,7.000000,7.000000,8.000000,10.000000,10.000000,10.000000,0.014930,0.018753,0.079873,0.360955,calls/second,milliseconds
1779200063,11,12.000000,7.225682,6.000000,0.590234,7.000000,7.000000,8.000000,10.000000,10.000000,10.000000,0.014910,0.018753,0.079873,0.360955,calls/second,milliseconds
1779200064,11,12.000000,7.225682,6.000000,0.590234,7.000000,7.000000,8.000000,10.000000,10.000000,10.000000,0.014890,0.018753,0.079873,0.360955,calls/second,milliseconds
1779200065,11,12.000000,7.225682,6.000000,0.590234,7.000000,7.000000,8.000000,10.000000,10.000000,10.000000,0.014869,0.018753,0.079873,0.360955,calls/second,milliseconds
1779200066,11,12.000000,7.225682,6.000000,0.590234,7.000000,7.000000,8.000000,10.000000,10.000000,10.000000,0.014849,0.017254,0.078553,0.358955,calls/second,milliseconds
1779200067,11,12.000000,7.225682,6.000000,0.590234,7.000000,7.000000,8.000000,10.000000,10.000000,10.000000,0.014829,0.017254,0.078553,0.358955,calls/second,milliseconds
1779200068,11,12.000000,7.225682,6.000000,0.590234,7.000000,7.000000,8.000000,10.000000,10.000000,10.000000,0.014809,0.017254,0.078553,0.358955,calls/second,milliseconds
1779200069,11,12.000000,7.225682,6.000000,0.590234,7.000000,7.000000,8.000000,10.000000,10.000000,10.000000,0.014789,0.017254,0.078553,0.358955,calls/second,milliseconds
1779200070,11,12.000000,7.225682,6.000000,0.590234,7.000000,7.000000,8.000000,10.000000,10.000000,10.000000,0.014769,0.017254,0.078553,0.358955,calls/second,milliseconds
1779200071,11,12.000000,7.225682,6.000000,0.590234,7.000000,7.000000,8.000000,10.000000,10.000000,10.000000,0.014750,0.015874,0.077254,0.356967,calls/second,milliseconds
1779200072,11,12.000000,7.225682,6.000000,0.590234,7.000000,7.000000,8.000000,10.000000,10.000000,10.000000,0.014730,0.015874,0.077254,0.356967,calls/second,milliseconds
1779200073,11,12.000000,7.225682,6.000000,0.590234,7.000000,7.000000,8.000000,10.000000,10.000000,10.000000,0.014710,0.015874,0.077254,0.356967,calls/second,milliseconds
1779200074,11,12.000000,7.225682,6.000000,0.590234,7.000000,7.000000,8.000000,10.000000,10.000000,10.000000,0.014690,0.015874,0.077254,0.356967,calls/second,milliseconds
1779200075,11,12.000000,7.225682,6.000000,0.590234,7.000000,7.000000,8.000000,10.000000,10.000000,10.000000,0.014671,0.015874,0.077254,0.356967,calls/second,milliseconds
1779200076,11,12.000000,7.225682,6.000000,0.590234,7.000000,7.000000,8.000000,10.000000,10.000000,10.000000,0.014651,0.014605,0.075978,0.354989,calls/second,milliseconds
1779200077,11,12.000000,7.225682,6.000000,0.590234,7.000000,7.000000,8.000000,10.000000,10.000000,10.000000,0.014632,0.014605,0.075978,0.354989,calls/second,milliseconds
1779200078,11,12.000000,7.225682,6.000000,0.590234,7.000000,7.000000,8.000000,10.000000,10.000000,10.000000,0.014612,0.014605,0.075978,0.354989,calls/second,milliseconds
1779200079,11,12.000000,7.225682,6.000000,0.590234,7.000000,7.000000,8.000000,10.000000,10.000000,10.000000,0.014593,0.014605,0.075978,0.354989,calls/second,milliseconds
1779200080,11,12.000000,7.225682,6.000000,0.590234,7.000000,7.000000,8.000000,10.000000,10.000000,10.000000,0.014574,0.014605,0.075978,0.354989,calls/second,milliseconds
1779200081,11,12.000000,7.225682,6.000000,0.590234,7.000000,7.000000,8.000000,10.000000,10.000000,10.000000,0.014554,0.013437,0.074722,0.353022,calls/second,milliseconds
1779200082,11,12.000000,7.225682,6.000000,0.590234,7.000000,7.000000,8.000000,10.000000,10.000000,10.000000,0.014535,0.013437,0.074722,0.353022,calls/second,milliseconds
1779200083,11,12.000000,7.225682,6.000000,0.590234,7.000000,7.000000,8.000000,10.000000,10.000000,10.000000,0.014516,0.013437,0.074722,0.353022,calls/second,milliseconds
1779200084,11,12.000000,7.225682,6.000000,0.590234,7.000000,7.000000,8.000000,10.000000,10.000000,10.000000,0.014497,0.013437,0.074722,0.353022,calls/second,milliseconds
1779200085,11,12.000000,7.225682,6.000000,0.590234,7.000000,7.000000,8.000000,10.000000,10.000000,10.000000,0.014477,0.013437,0.074722,0.353022,calls/second,milliseconds
1779200086,11,12.000000,7.225682,6.000000,0.590234,7.000000,7.000000,8.000000,10.000000,10.000000,10.000000,0.014458,0.012363,0.073487,0.351066,calls/second,milliseconds
1779200087,11,12.000000,7.225682,6.000000,0.590234,7.000000,7.000000,8.000000,10.000000,10.000000,10.000000,0.014439,0.012363,0.073487,0.351066,calls/second,milliseconds
1779200088,11,12.000000,7.225682,6.000000,0.590234,7.000000,7.000000,8.000000,10.000000,10.000000,10.000000,0.014420,0.012363,0.073487,0.351066,calls/second,milliseconds
1779200089,11,12.000000,7.225682,6.000000,0.590234,7.000000,7.000000,8.000000,10.000000,10.000000,10.000000,0.014402,0.012363,0.073487,0.351066,calls/second,milliseconds
1779200090,11,12.000000,7.225682,6.000000,0.590234,7.000000,7.000000,8.000000,10.000000,10.000000,10.000000,0.014383,0.012363,0.073487,0.351066,calls/second,milliseconds
1779200091,11,12.000000,7.225682,6.000000,0.590234,7.000000,7.000000,8.000000,10.000000,10.000000,10.000000,0.014364,0.011374,0.072272,0.349121,calls/second,milliseconds
1779200092,11,12.000000,7.225682,6.000000,0.590234,7.000000,7.000000,8.000000,10.000000,10.000000,10.000000,0.014345,0.011374,0.072272,0.349121,calls/second,milliseconds
1779200093,11,12.000000,7.225682,6.000000,0.590234,7.000000,7.000000,8.000000,10.000000,10.000000,10.000000,0.014326,0.011374,0.072272,0.349121,calls/second,milliseconds
1779200094,11,12.000000,7.225682,6.000000,0.590234,7.000000,7.000000,8.000000,10.000000,10.000000,10.000000,0.014308,0.011374,0.072272,0.349121,calls/second,milliseconds
1779200095,11,12.000000,7.225682,6.000000,0.590234,7.000000,7.000000,8.000000,10.000000,10.000000,10.000000,0.014289,0.011374,0.072272,0.349121,calls/second,milliseconds
1779200096,11,12.000000,7.225682,6.000000,0.590234,7.000000,7.000000,8.000000,10.000000,10.000000,10.000000,0.014271,0.010465,0.071078,0.347187,calls/second,milliseconds
1779200097,11,12.000000,7.225682,6.000000,0.590234,7.000000,7.000000,8.000000,10.000000,10.000000,10.000000,0.014252,0.010465,0.071078,0.347187,calls/second,milliseconds
1779200098,11,12.000000,7.225682,6.000000,0.590234,7.000000,7.000000,8.000000,10.000000,10.000000,10.000000,0.014234,0.010465,0.071078,0.347187,calls/second,milliseconds
1779200099,11,12.000000,7.225682,6.000000,0.590234,7.000000,7.000000,8.000000,10.000000,10.000000,10.000000,0.014215,0.010465,0.071078,0.347187,calls/second,milliseconds
1779200100,11,12.000000,7.225682,6.000000,0.590234,7.000000,7.000000,8.000000,10.000000,10.000000,10.000000,0.014197,0.010465,0.071078,0.347187,calls/second,milliseconds
1779200101,11,12.000000,7.225682,6.000000,0.590234,7.000000,7.000000,8.000000,10.000000,10.000000,10.000000,0.014178,0.009628,0.069903,0.345264,calls/second,milliseconds
1779200102,11,12.000000,7.225682,6.000000,0.590234,7.000000,7.000000,8.000000,10.000000,10.000000,10.000000,0.014160,0.009628,0.069903,0.345264,calls/second,milliseconds
1779200103,11,12.000000,7.225682,6.000000,0.590234,7.000000,7.000000,8.000000,10.000000,10.000000,10.000000,0.014142,0.009628,0.069903,0.345264,calls/second,milliseconds
1779200104,11,12.000000,7.225682,6.000000,0.590234,7.000000,7.000000,8.000000,10.000000,10.000000,10.000000,0.014124,0.009628,0.069903,0.345264,calls/second,milliseconds
1779200105,11,12.000000,7.225682,6.000000,0.590234,7.000000,7.000000,8.000000,10.000000,10.000000,10.000000,0.014106,0.009628,0.069903,0.345264,calls/second,milliseconds
1779200106,11,12.000000,7.225682,6.000000,0.590234,7.000000,7.000000,8.000000,10.000000,10.000000,10.000000,0.014088,0.008858,0.068747,0.343351,calls/second,milliseconds
1779200107,11,12.000000,7.225682,6.000000,0.590234,7.000000,7.000000,8.000000,10.000000,10.000000,10.000000,0.014070,0.008858,0.068747,0.343351,calls/second,milliseconds
1779200108,11,12.000000,7.225682,6.000000,0.590234,7.000000,7.000000,8.000000,10.000000,10.000000,10.000000,0.014052,0.008858,0.068747,0.343351,calls/second,milliseconds
1779200109,11,12.000000,7.225682,6.000000,0.590234,7.000000,7.000000,8.000000,10.000000,10.000000,10.000000,0.014034,0.008858,0.068747,0.343351,calls/second,milliseconds
1779200110,11,12.000000,7.225682,6.000000,0.590234,7.000000,7.000000,8.000000,10.000000,10.000000,10.000000,0.014016,0.008858,0.068747,0.343351,calls/second,milliseconds
1779200111,11,12.000000,7.225682,6.000000,0.590234,7.000000,7.000000,8.000000,10.000000,10.000000,10.000000,0.013998,0.008150,0.067611,0.341449,calls/second,milliseconds
1779200112,11,12.000000,7.225682,6.000000,0.590234,7.000000,7.000000,8.000000,10.000000,10.000000,10.000000,0.013980,0.008150,0.067611,0.341449,calls/second,milliseconds
1779200113,11,12.000000,7.225682,6.000000,0.590234,7.000000,7.000000,8.000000,10.000000,10.000000,10.000000,0.013962,0.008150,0.067611,0.341449,calls/second,milliseconds
1779200114,11,12.000000,7.225682,6.000000,0.590234,7.000000,7.000000,8.000000,10.000000,10.000000,10.000000,0.013944,0.008150,0.067611,0.341449,calls/second,milliseconds
1779200115,11,12.000000,7.225682,6.000000,0.590234,7.000000,7.000000,8.000000,10.000000,10.000000,10.000000,0.013927,0.008150,0.067611,0.341449,calls/second,milliseconds
1779200116,11,12.000000,7.225682,6.000000,0.590234,7.000000,7.000000,8.000000,10.000000,10.000000,10.000000,0.013909,0.007498,0.066494,0.339557,calls/second,milliseconds
1779200117,11,12.000000,7.225682,6.000000,0.590234,7.000000,7.000000,8.000000,10.000000,10.000000,10.000000,0.013892,0.007498,0.066494,0.339557,calls/second,milliseconds
1779200118,11,12.000000,7.225682,6.000000,0.590234,7.000000,7.000000,8.000000,10.000000,10.000000,10.000000,0.013874,0.007498,0.066494,0.339557,calls/second,milliseconds
1779200119,11,12.000000,7.225682,6.000000,0.590234,7.000000,7.000000,8.000000,10.000000,10.000000,10.000000,0.013857,0.007498,0.066494,0.339557,calls/second,milliseconds
1779200120,11,12.000000,7.225682,6.000000,0.590234,7.000000,7.000000,8.000000,10.000000,10.000000,10.000000,0.013839,0.007498,0.066494,0.339557,calls/second,milliseconds
1779200121,11,12.000000,7.225682,6.000000,0.590234,7.000000,7.000000,8.000000,10.000000,10.000000,10.000000,0.013822,0.006899,0.065394,0.337676,calls/second,milliseconds
1779200122,11,12.000000,7.225682,6.000000,0.590234,7.000000,7.000000,8.000000,10.000000,10.000000,10.000000,0.013804,0.006899,0.065394,0.337676,calls/second,milliseconds
1779200123,11,12.000000,7.225682,6.000000,0.590234,7.000000,7.000000,8.000000,10.000000,10.000000,10.000000,0.013787,0.006899,0.065394,0.337676,calls/second,milliseconds
1779200124,11,12.000000,7.225682,6.000000,0.590234,7.000000,7.000000,8.000000,10.000000,10.000000,10.000000,0.013770,0.006899,0.065394,0.337676,calls/second,milliseconds
1779200125,11,12.000000,7.225682,6.000000,0.590234,7.000000,7.000000,8.000000,10.000000,10.000000,10.000000,0.013752,0.006899,0.065394,0.337676,calls/second,milliseconds
1779200126,11,12.000000,7.225682,6.000000,0.590234,7.000000,7.000000,8.000000,10.000000,10.000000,10.000000,0.013735,0.006347,0.064314,0.335805,calls/second,milliseconds
1779200127,11,12.000000,7.225682,6.000000,0.590234,7.000000,7.000000,8.000000,10.000000,10.000000,10.000000,0.013718,0.006347,0.064314,0.335805,calls/second,milliseconds
1779200128,11,12.000000,7.225682,6.000000,0.590234,7.000000,7.000000,8.000000,10.000000,10.000000,10.000000,0.013701,0.006347,0.064314,0.335805,calls/second,milliseconds
1779200129,11,12.000000,7.225682,6.000000,0.590234,7.000000,7.000000,8.000000,10.000000,10.000000,10.000000,0.013684,0.006347,0.064314,0.335805,calls/second,milliseconds
1779200130,11,12.000000,7.225682,6.000000,0.590234,7.000000,7.000000,8.000000,10.000000,10.000000,10.000000,0.013667,0.006347,0.064314,0.335805,calls/second,milliseconds
1779200131,11,12.000000,7.225682,6.000000,0.590234,7.000000,7.000000,8.000000,10.000000,10.000000,10.000000,0.013650,0.005840,0.063251,0.333945,calls/second,milliseconds
1779200132,11,12.000000,7.225682,6.000000,0.590234,7.000000,7.000000,8.000000,10.000000,10.000000,10.000000,0.013633,0.005840,0.063251,0.333945,calls/second,milliseconds
1779200133,11,12.000000,7.225682,6.000000,0.590234,7.000000,7.000000,8.000000,10.000000,10.000000,10.000000,0.013616,0.005840,0.063251,0.333945,calls/second,milliseconds
1779200134,11,12.000000,7.225682,6.000000,0.590234,7.000000,7.000000,8.000000,10.000000,10.000000,10.000000,0.013599,0.005840,0.063251,0.333945,calls/second,milliseconds
1779200135,11,12.000000,7.225682,6.000000,0.590234,7.000000,7.000000,8.000000,10.000000,10.000000,10.000000,0.013582,0.005840,0.063251,0.333945,calls/second,milliseconds
1779200136,11,12.000000,7.225682,6.000000,0.590234,7.000000,7.000000,8.000000,10.000000,10.000000,10.000000,0.013566,0.005373,0.062205,0.332095,calls/second,milliseconds
1779200137,11,12.000000,7.225682,6.000000,0.590234,7.000000,7.000000,8.000000,10.000000,10.000000,10.000000,0.013549,0.005373,0.062205,0.332095,calls/second,milliseconds
1779200138,11,12.000000,7.225682,6.000000,0.590234,7.000000,7.000000,8.000000,10.000000,10.000000,10.000000,0.013532,0.005373,0.062205,0.332095,calls/second,milliseconds
1779200139,11,12.000000,7.225682,6.000000,0.590234,7.000000,7.000000,8.000000,10.000000,10.000000,10.000000,0.013516,0.005373,0.062205,0.332095,calls/second,milliseconds
1779200140,11,12.000000,7.225682,6.000000,0.590234,7.000000,7.000000,8.000000,10.000000,10.000000,10.000000,0.013499,0.005373,0.062205,0.332095,calls/second,milliseconds
1779200141,11,12.000000,7.225682,6.000000,0.590234,7.000000,7.000000,8.000000,10.000000,10.000000,10.000000,0.013482,0.004943,0.061177,0.330255,calls/second,milliseconds
1779200142,11,12.000000,7.225682,6.000000,0.590234,7.000000,7.000000,8.000000,10.000000,10.000000,10.000000,0.013466,0.004943,0.061177,0.330255,calls/second,milliseconds
1779200143,11,12.000000,7.225682,6.000000,0.590234,7.000000,7.000000,8.000000,10.000000,10.000000,10.000000,0.013449,0.004943,0.061177,0.330255,calls/second,milliseconds
1779200144,11,12.000000,7.225682,6.000000,0.590234,7.000000,7.000000,8.000000,10.000000,10.000000,10.000000,0.013433,0.004943,0.061177,0.330255,calls/second,milliseconds
1779200145,11,12.000000,7.225682,6.000000,0.590234,7.000000,7.000000,8.000000,10.000000,10.000000,10.000000,0.013416,0.004943,0.061177,0.330255,calls/second,milliseconds
1779200146,11,12.000000,7.225682,6.000000,0.590234,7.000000,7.000000,8.000000,10.000000,10.000000,10.000000,0.013400,0.004548,0.060166,0.328425,calls/second,milliseconds
1779200147,11,12.000000,7.225682,6.000000,0.590234,7.000000,7.000000,8.000000,10.000000,10.000000,10.000000,0.013384,0.004548,0.060166,0.328425,calls/second,milliseconds
1779200148,11,12.000000,7.225682,6.000000,0.590234,7.000000,7.000000,8.000000,10.000000,10.000000,10.000000,0.013368,0.004548,0.060166,0.328425,calls/second,milliseconds
1779200149,11,12.000000,7.225682,6.000000,0.590234,7.000000,7.000000,8.000000,10.000000,10.000000,10.000000,0.013351,0.004548,0.060166,0.328425,calls/second,milliseconds
1779200150,11,12.000000,7.225682,6.000000,0.590234,7.000000,7.000000,8.000000,10.000000,10.000000,10.000000,0.013335,0.004548,0.060166,0.328425,calls/second,milliseconds
1779200151,11,12.000000,7.225682,6.000000,0.590234,7.000000,7.000000,8.000000,10.000000,10.000000,10.000000,0.013319,0.004184,0.059171,0.326606,calls/second,milliseconds
1779200152,11,12.000000,7.225682,6.000000,0.590234,7.000000,7.000000,8.000000,10.000000,10.000000,10.000000,0.013303,0.004184,0.059171,0.326606,calls/second,milliseconds
1779200153,11,12.000000,7.225682,6.000000,0.590234,7.000000,7.000000,8.000000,10.000000,10.000000,10.000000,0.013287,0.004184,0.059171,0.326606,calls/second,milliseconds
1779200154,11,12.000000,7.225682,6.000000,0.590234,7.000000,7.000000,8.000000,10.000000,10.000000,10.000000,0.013271,0.004184,0.059171,0.326606,calls/second,milliseconds
1779200155,11,12.000000,7.225682,6.000000,0.590234,7.000000,7.000000,8.000000,10.000000,10.000000,10.000000,0.013255,0.004184,0.059171,0.326606,calls/second,milliseconds
1779200156,11,12.000000,7.225682,6.000000,0.590234,7.000000,7.000000,8.000000,10.000000,10.000000,10.000000,0.013239,0.003850,0.058193,0.324796,calls/second,milliseconds
1779200157,11,12.000000,7.225682,6.000000,0.590234,7.000000,7.000000,8.000000,10.000000,10.000000,10.000000,0.013223,0.003850,0.058193,0.324796,calls/second,milliseconds
1779200158,11,12.000000,7.225682,6.000000,0.590234,7.000000,7.000000,8.000000,10.000000,10.000000,10.000000,0.013207,0.003850,0.058193,0.324796,calls/second,milliseconds
1779200159,11,12.000000,7.225682,6.000000,0.590234,7.000000,7.000000,8.000000,10.000000,10.000000,10.000000,0.013191,0.003850,0.058193,0.324796,calls/second,milliseconds
1779200160,11,12.000000,7.225682,6.000000,0.590234,7.000000,7.000000,8.000000,10.000000,10.000000,10.000000,0.013175,0.003850,0.058193,0.324796,calls/second,milliseconds
1779200161,11,12.000000,7.225682,6.000000,0.590234,7.000000,7.000000,8.000000,10.000000,10.000000,10.000000,0.013159,0.003542,0.057232,0.322997,calls/second,milliseconds
1779200162,11,12.000000,7.225682,6.000000,0.590234,7.000000,7.000000,8.000000,10.000000,10.000000,10.000000,0.013144,0.003542,0.057232,0.322997,calls/second,milliseconds
1779200163,11,12.000000,7.225682,6.000000,0.590234,7.000000,7.000000,8.000000,10.000000,10.000000,10.000000,0.013128,0.003542,0.057232,0.322997,calls/second,milliseconds
1779200164,11,12.000000,7.225682,6.000000,0.590234,7.000000,7.000000,8.000000,10.000000,10.000000,10.000000,0.013112,0.003542,0.057232,0.322997,calls/second,milliseconds
1779200165,11,12.000000,7.225682,6.000000,0.590234,7.000000,7.000000,8.000000,10.000000,10.000000,10.000000,0.013097,0.003542,0.057232,0.322997,calls/second,milliseconds
1779200166,11,12.000000,7.225682,6.000000,0.590234,7.000000,7.000000,8.000000,10.000000,10.000000,10.000000,0.013081,0.003259,0.056286,0.321207,calls/second,milliseconds
1779200167,11,12.000000,7.225682,6.000000,0.590234,7.000000,7.000000,8.000000,10.000000,10.000000,10.000000,0.013065,0.003259,0.056286,0.321207,calls/second,milliseconds
1779200168,11,12.000000,7.225682,6.000000,0.590234,7.000000,7.000000,8.000000,10.000000,10.000000,10.000000,0.013050,0.003259,0.056286,0.321207,calls/second,milliseconds
1779200169,11,12.000000,7.225682,6.000000,0.590234,7.000000,7.000000,8.000000,10.000000,10.000000,10.000000,0.013034,0.003259,0.056286,0.321207,calls/second,milliseconds
1779200170,11,12.000000,7.225682,6.000000,0.590234,7.000000,7.000000,8.000000,10.000000,10.000000,10.000000,0.013019,0.003259,0.056286,0.321207,calls/second,milliseconds
1779200171,12,12.000000,7.040800,6.000000,0.265565,7.000000,7.000000,7.000000,8.000000,8.000000,10.000000,0.014186,0.002998,0.055355,0.319428,calls/second,milliseconds
1779200172,12,12.000000,7.040800,6.000000,0.265565,7.000000,7.000000,7.000000,8.000000,8.000000,10.000000,0.014169,0.002998,0.055355,0.319428,calls/second,milliseconds
1779200173,12,12.000000,7.040800,6.000000,0.265565,7.000000,7.000000,7.000000,8.000000,8.000000,10.000000,0.014152,0.002998,0.055355,0.319428,calls/second,milliseconds
1779200174,12,12.000000,7.040800,6.000000,0.265565,7.000000,7.000000,7.000000,8.000000,8.000000,10.000000,0.014135,0.002998,0.055355,0.319428,calls/second,milliseconds
1779200175,12,12.000000,7.040800,6.000000,0.265565,7.000000,7.000000,7.000000,8.000000,8.000000,10.000000,0.014119,0.002998,0.055355,0.319428,calls/second,milliseconds
1779200176,12,12.000000,7.040800,6.000000,0.265565,7.000000,7.000000,7.000000,8.000000,8.000000,10.000000,0.014102,0.018750,0.057746,0.318766,calls/second,milliseconds
1779200177,12,12.000000,7.040800,6.000000,0.265565,7.000000,7.000000,7.000000,8.000000,8.000000,10.000000,0.014086,0.018750,0.057746,0.318766,calls/second,milliseconds
1779200178,12,12.000000,7.040800,6.000000,0.265565,7.000000,7.000000,7.000000,8.000000,8.000000,10.000000,0.014069,0.018750,0.057746,0.318766,calls/second,milliseconds
1779200179,12,12.000000,7.040800,6.000000,0.265565,7.000000,7.000000,7.000000,8.000000,8.000000,10.000000,0.014052,0.018750,0.057746,0.318766,calls/second,milliseconds
1779200180,12,12.000000,7.040800,6.000000,0.265565,7.000000,7.000000,7.000000,8.000000,8.000000,10.000000,0.014036,0.018750,0.057746,0.318766,calls/second,milliseconds
1779200181,12,12.000000,7.040800,6.000000,0.265565,7.000000,7.000000,7.000000,8.000000,8.000000,10.000000,0.014020,0.017251,0.056792,0.317000,calls/second,milliseconds
1779200182,12,12.000000,7.040800,6.000000,0.265565,7.000000,7.000000,7.000000,8.000000,8.000000,10.000000,0.014003,0.017251,0.056792,0.317000,calls/second,milliseconds
1779200183,12,12.000000,7.040800,6.000000,0.265565,7.000000,7.000000,7.000000,8.000000,8.000000,10.000000,0.013987,0.017251,0.056792,0.317000,calls/second,milliseconds
1779200184,12,12.000000,7.040800,6.000000,0.265565,7.000000,7.000000,7.000000,8.000000,8.000000,10.000000,0.013971,0.017251,0.056792,0.317000,calls/second,milliseconds
1779200185,12,12.000000,7.040800,6.000000,0.265565,7.000000,7.000000,7.000000,8.000000,8.000000,10.000000,0.013954,0.017251,0.056792,0.317000,calls/second,milliseconds
1779200186,12,12.000000,7.040800,6.000000,0.265565,7.000000,7.000000,7.000000,8.000000,8.000000,10.000000,0.013938,0.015871,0.055853,0.315244,calls/second,milliseconds
1779200187,12,12.000000,7.040800,6.000000,0.265565,7.000000,7.000000,7.000000,8.000000,8.000000,10.000000,0.013922,0.015871,0.055853,0.315244,calls/second,milliseconds
1779200188,12,12.000000,7.040800,6.000000,0.265565,7.000000,7.000000,7.000000,8.000000,8.000000,10.000000,0.013906,0.015871,0.055853,0.315244,calls/second,milliseconds
1779200190,12,12.000000,7.040800,6.000000,0.265565,7.000000,7.000000,7.000000,8.000000,8.000000,10.000000,0.013890,0.015871,0.055853,0.315244,calls/second,milliseconds
1779200191,12,12.000000,7.040800,6.000000,0.265565,7.000000,7.000000,7.000000,8.000000,8.000000,10.000000,0.013873,0.015871,0.055853,0.315244,calls/second,milliseconds
1779200192,12,12.000000,7.040800,6.000000,0.265565,7.000000,7.000000,7.000000,8.000000,8.000000,10.000000,0.013857,0.014602,0.054930,0.313497,calls/second,milliseconds
1779200193,12,12.000000,7.040800,6.000000,0.265565,7.000000,7.000000,7.000000,8.000000,8.000000,10.000000,0.013841,0.014602,0.054930,0.313497,calls/second,milliseconds
1779200194,12,12.000000,7.040800,6.000000,0.265565,7.000000,7.000000,7.000000,8.000000,8.000000,10.000000,0.013825,0.014602,0.054930,0.313497,calls/second,milliseconds
1779200195,12,12.000000,7.040800,6.000000,0.265565,7.000000,7.000000,7.000000,8.000000,8.000000,10.000000,0.013810,0.014602,0.054930,0.313497,calls/second,milliseconds
1779200196,12,12.000000,7.040800,6.000000,0.265565,7.000000,7.000000,7.000000,8.000000,8.000000,10.000000,0.013794,0.014602,0.054930,0.313497,calls/second,milliseconds
1779200197,12,12.000000,7.040800,6.000000,0.265565,7.000000,7.000000,7.000000,8.000000,8.000000,10.000000,0.013778,0.013435,0.054022,0.311760,calls/second,milliseconds
1779200198,12,12.000000,7.040800,6.000000,0.265565,7.000000,7.000000,7.000000,8.000000,8.000000,10.000000,0.013762,0.013435,0.054022,0.311760,calls/second,milliseconds
1779200199,12,12.000000,7.040800,6.000000,0.265565,7.000000,7.000000,7.000000,8.000000,8.000000,10.000000,0.013746,0.013435,0.054022,0.311760,calls/second,milliseconds
1779200200,12,12.000000,7.040800,6.000000,0.265565,7.000000,7.000000,7.000000,8.000000,8.000000,10.000000,0.013730,0.013435,0.054022,0.311760,calls/second,milliseconds
1779200201,12,12.000000,7.040800,6.000000,0.265565,7.000000,7.000000,7.000000,8.000000,8.000000,10.000000,0.013715,0.013435,0.054022,0.311760,calls/second,milliseconds
1779200202,12,12.000000,7.040800,6.000000,0.265565,7.000000,7.000000,7.000000,8.000000,8.000000,10.000000,0.013699,0.012361,0.053129,0.310033,calls/second,milliseconds
1779200203,12,12.000000,7.040800,6.000000,0.265565,7.000000,7.000000,7.000000,8.000000,8.000000,10.000000,0.013683,0.012361,0.053129,0.310033,calls/second,milliseconds
1779200204,12,12.000000,7.040800,6.000000,0.265565,7.000000,7.000000,7.000000,8.000000,8.000000,10.000000,0.013668,0.012361,0.053129,0.310033,calls/second,milliseconds
1779200205,12,12.000000,7.040800,6.000000,0.265565,7.000000,7.000000,7.000000,8.000000,8.000000,10.000000,0.013652,0.012361,0.053129,0.310033,calls/second,milliseconds
1779200206,12,12.000000,7.040800,6.000000,0.265565,7.000000,7.000000,7.000000,8.000000,8.000000,10.000000,0.013637,0.012361,0.053129,0.310033,calls/second,milliseconds
1779200207,12,12.000000,7.040800,6.000000,0.265565,7.000000,7.000000,7.000000,8.000000,8.000000,10.000000,0.013621,0.011372,0.052251,0.308316,calls/second,milliseconds
1779200208,12,12.000000,7.040800,6.000000,0.265565,7.000000,7.000000,7.000000,8.000000,8.000000,10.000000,0.013606,0.011372,0.052251,0.308316,calls/second,milliseconds
1779200209,12,12.000000,7.040800,6.000000,0.265565,7.000000,7.000000,7.000000,8.000000,8.000000,10.000000,0.013590,0.011372,0.052251,0.308316,calls/second,milliseconds
1779200210,12,12.000000,7.040800,6.000000,0.265565,7.000000,7.000000,7.000000,8.000000,8.000000,10.000000,0.013575,0.011372,0.052251,0.308316,calls/second,milliseconds
1779200211,12,12.000000,7.040800,6.000000,0.265565,7.000000,7.000000,7.000000,8.000000,8.000000,10.000000,0.013560,0.011372,0.052251,0.308316,calls/second,milliseconds
1779200212,12,12.000000,7.040800,6.000000,0.265565,7.000000,7.000000,7.000000,8.000000,8.000000,10.000000,0.013544,0.010463,0.051387,0.306608,calls/second,milliseconds
1779200213,12,12.000000,7.040800,6.000000,0.265565,7.000000,7.000000,7.000000,8.000000,8.000000,10.000000,0.013529,0.010463,0.051387,0.306608,calls/second,milliseconds
1779200214,12,12.000000,7.040800,6.000000,0.265565,7.000000,7.000000,7.000000,8.000000,8.000000,10.000000,0.013514,0.010463,0.051387,0.306608,calls/second,milliseconds
1779200215,12,12.000000,7.040800,6.000000,0.265565,7.000000,7.000000,7.000000,8.000000,8.000000,10.000000,0.013498,0.010463,0.051387,0.306608,calls/second,milliseconds
1779200216,12,12.000000,7.040800,6.000000,0.265565,7.000000,7.000000,7.000000,8.000000,8.000000,10.000000,0.013483,0.010463,0.051387,0.306608,calls/second,milliseconds
1779200217,12,12.000000,7.040800,6.000000,0.265565,7.000000,7.000000,7.000000,8.000000,8.000000,10.000000,0.013468,0.009626,0.050538,0.304909,calls/second,milliseconds
1779200218,12,12.000000,7.040800,6.000000,0.265565,7.000000,7.000000,7.000000,8.000000,8.000000,10.000000,0.013453,0.009626,0.050538,0.304909,calls/second,milliseconds
1779200219,12,12.000000,7.040800,6.000000,0.265565,7.000000,7.000000,7.000000,8.000000,8.000000,10.000000,0.013438,0.009626,0.050538,0.304909,calls/second,milliseconds
1779200220,12,12.000000,7.040800,6.000000,0.265565,7.000000,7.000000,7.000000,8.000000,8.000000,10.000000,0.013423,0.009626,0.050538,0.304909,calls/second,milliseconds
1779200221,12,12.000000,7.040800,6.000000,0.265565,7.000000,7.000000,7.000000,8.000000,8.000000,10.000000,0.013408,0.008857,0.049702,0.303220,calls/second,milliseconds
1779200222,12,12.000000,7.040800,6.000000,0.265565,7.000000,7.000000,7.000000,8.000000,8.000000,10.000000,0.013393,0.008857,0.049702,0.303220,calls/second,milliseconds
1779200223,12,12.000000,7.040800,6.000000,0.265565,7.000000,7.000000,7.000000,8.000000,8.000000,10.000000,0.013378,0.008857,0.049702,0.303220,calls/second,milliseconds
1779200224,12,12.000000,7.040800,6.000000,0.265565,7.000000,7.000000,7.000000,8.000000,8.000000,10.000000,0.013363,0.008857,0.049702,0.303220,calls/second,milliseconds
1779200225,12,12.000000,7.040800,6.000000,0.265565,7.000000,7.000000,7.000000,8.000000,8.000000,10.000000,0.013348,0.008857,0.049702,0.303220,calls/second,milliseconds
1779200226,12,12.000000,7.040800,6.000000,0.265565,7.000000,7.000000,7.000000,8.000000,8.000000,10.000000,0.013333,0.008149,0.048881,0.301540,calls/second,milliseconds
1779200227,12,12.000000,7.040800,6.000000,0.265565,7.000000,7.000000,7.000000,8.000000,8.000000,10.000000,0.013318,0.008149,0.048881,0.301540,calls/second,milliseconds
1779200228,12,12.000000,7.040800,6.000000,0.265565,7.000000,7.000000,7.000000,8.000000,8.000000,10.000000,0.013304,0.008149,0.048881,0.301540,calls/second,milliseconds
1779200229,12,12.000000,7.040800,6.000000,0.265565,7.000000,7.000000,7.000000,8.000000,8.000000,10.000000,0.013289,0.008149,0.048881,0.301540,calls/second,milliseconds
1779200230,12,12.000000,7.040800,6.000000,0.265565,7.000000,7.000000,7.000000,8.000000,8.000000,10.000000,0.013274,0.008149,0.048881,0.301540,calls/second,milliseconds
1779200231,12,12.000000,7.040800,6.000000,0.265565,7.000000,7.000000,7.000000,8.000000,8.000000,10.000000,0.013259,0.007497,0.048073,0.299869,calls/second,milliseconds
1779200232,12,12.000000,7.040800,6.000000,0.265565,7.000000,7.000000,7.000000,8.000000,8.000000,10.000000,0.013245,0.007497,0.048073,0.299869,calls/second,milliseconds
1779200233,12,12.000000,7.040800,6.000000,0.265565,7.000000,7.000000,7.000000,8.000000,8.000000,10.000000,0.013230,0.007497,0.048073,0.299869,calls/second,milliseconds
1779200234,12,12.000000,7.040800,6.000000,0.265565,7.000000,7.000000,7.000000,8.000000,8.000000,10.000000,0.013216,0.007497,0.048073,0.299869,calls/second,milliseconds
1779200235,12,12.000000,7.040800,6.000000,0.265565,7.000000,7.000000,7.000000,8.000000,8.000000,10.000000,0.013201,0.007497,0.048073,0.299869,calls/second,milliseconds
1779200236,12,12.000000,7.040800,6.000000,0.265565,7.000000,7.000000,7.000000,8.000000,8.000000,10.000000,0.013186,0.006898,0.047278,0.298208,calls/second,milliseconds
1779200237,12,12.000000,7.040800,6.000000,0.265565,7.000000,7.000000,7.000000,8.000000,8.000000,10.000000,0.013172,0.006898,0.047278,0.298208,calls/second,milliseconds
1779200238,12,12.000000,7.040800,6.000000,0.265565,7.000000,7.000000,7.000000,8.000000,8.000000,10.000000,0.013158,0.006898,0.047278,0.298208,calls/second,milliseconds
1779200239,12,12.000000,7.040800,6.000000,0.265565,7.000000,7.000000,7.000000,8.000000,8.000000,10.000000,0.013143,0.006898,0.047278,0.298208,calls/second,milliseconds
1779200240,12,12.000000,7.040800,6.000000,0.265565,7.000000,7.000000,7.000000,8.000000,8.000000,10.000000,0.013129,0.006898,0.047278,0.298208,calls/second,milliseconds
1779200241,12,12.000000,7.040800,6.000000,0.265565,7.000000,7.000000,7.000000,8.000000,8.000000,10.000000,0.013114,0.006346,0.046497,0.296556,calls/second,milliseconds
1779200242,12,12.000000,7.040800,6.000000,0.265565,7.000000,7.000000,7.000000,8.000000,8.000000,10.000000,0.013100,0.006346,0.046497,0.296556,calls/second,milliseconds
1779200243,12,12.000000,7.040800,6.000000,0.265565,7.000000,7.000000,7.000000,8.000000,8.000000,10.000000,0.013086,0.006346,0.046497,0.296556,calls/second,milliseconds
1779200244,12,12.000000,7.040800,6.000000,0.265565,7.000000,7.000000,7.000000,8.000000,8.000000,10.000000,0.013071,0.006346,0.046497,0.296556,calls/second,milliseconds
1779200245,12,12.000000,7.040800,6.000000,0.265565,7.000000,7.000000,7.000000,8.000000,8.000000,10.000000,0.013057,0.006346,0.046497,0.296556,calls/second,milliseconds
1779200246,12,12.000000,7.040800,6.000000,0.265565,7.000000,7.000000,7.000000,8.000000,8.000000,10.000000,0.013043,0.005839,0.045728,0.294913,calls/second,milliseconds
1779200247,12,12.000000,7.040800,6.000000,0.265565,7.000000,7.000000,7.000000,8.000000,8.000000,10.000000,0.013029,0.005839,0.045728,0.294913,calls/second,milliseconds
1779200248,12,12.000000,7.040800,6.000000,0.265565,7.000000,7.000000,7.000000,8.000000,8.000000,10.000000,0.013015,0.005839,0.045728,0.294913,calls/second,milliseconds
1779200249,12,12.000000,7.040800,6.000000,0.265565,7.000000,7.000000,7.000000,8.000000,8.000000,10.000000,0.013001,0.005839,0.045728,0.294913,calls/second,milliseconds
1779200250,12,12.000000,7.040800,6.000000,0.265565,7.000000,7.000000,7.000000,8.000000,8.000000,10.000000,0.012986,0.005839,0.045728,0.294913,calls/second,milliseconds
1779200251,12,12.000000,7.040800,6.000000,0.265565,7.000000,7.000000,7.000000,8.000000,8.000000,10.000000,0.012972,0.005372,0.044973,0.293279,calls/second,milliseconds
1779200252,12,12.000000,7.040800,6.000000,0.265565,7.000000,7.000000,7.000000,8.000000,8.000000,10.000000,0.012958,0.005372,0.044973,0.293279,calls/second,milliseconds
1779200253,12,12.000000,7.040800,6.000000,0.265565,7.000000,7.000000,7.000000,8.000000,8.000000,10.000000,0.012944,0.005372,0.044973,0.293279,calls/second,milliseconds
1779200254,12,12.000000,7.040800,6.000000,0.265565,7.000000,7.000000,7.000000,8.000000,8.000000,10.000000,0.012930,0.005372,0.044973,0.293279,calls/second,milliseconds
1779200255,12,12.000000,7.040800,6.000000,0.265565,7.000000,7.000000,7.000000,8.000000,8.000000,10.000000,0.012916,0.005372,0.044973,0.293279,calls/second,milliseconds
1779200256,12,12.000000,7.040800,6.000000,0.265565,7.000000,7.000000,7.000000,8.000000,8.000000,10.000000,0.012903,0.004942,0.044229,0.291654,calls/second,milliseconds
1779200257,12,12.000000,7.040800,6.000000,0.265565,7.000000,7.000000,7.000000,8.000000,8.000000,10.000000,0.012889,0.004942,0.044229,0.291654,calls/second,milliseconds
1779200258,12,12.000000,7.040800,6.000000,0.265565,7.000000,7.000000,7.000000,8.000000,8.000000,10.000000,0.012875,0.004942,0.044229,0.291654,calls/second,milliseconds
1779200259,12,12.000000,7.040800,6.000000,0.265565,7.000000,7.000000,7.000000,8.000000,8.000000,10.000000,0.012861,0.004942,0.044229,0.291654,calls/second,milliseconds
1779200260,12,12.000000,7.040800,6.000000,0.265565,7.000000,7.000000,7.000000,8.000000,8.000000,10.000000,0.012847,0.004942,0.044229,0.291654,calls/second,milliseconds
1779200261,12,12.000000,7.040800,6.000000,0.265565,7.000000,7.000000,7.000000,8.000000,8.000000,10.000000,0.012833,0.004547,0.043498,0.290038,calls/second,milliseconds
1779200262,12,12.000000,7.040800,6.000000,0.265565,7.000000,7.000000,7.000000,8.000000,8.000000,10.000000,0.012820,0.004547,0.043498,0.290038,calls/second,milliseconds
1779200263,12,12.000000,7.040800,6.000000,0.265565,7.000000,7.000000,7.000000,8.000000,8.000000,10.000000,0.012806,0.004547,0.043498,0.290038,calls/second,milliseconds
1779200264,12,12.000000,7.040800,6.000000,0.265565,7.000000,7.000000,7.000000,8.000000,8.000000,10.000000,0.012792,0.004547,0.043498,0.290038,calls/second,milliseconds
1779200265,12,12.000000,7.040800,6.000000,0.265565,7.000000,7.000000,7.000000,8.000000,8.000000,10.000000,0.012779,0.004547,0.043498,0.290038,calls/second,milliseconds
1779200266,12,12.000000,7.040800,6.000000,0.265565,7.000000,7.000000,7.000000,8.000000,8.000000,10.000000,0.012765,0.004184,0.042779,0.288431,calls/second,milliseconds
