t,count,max,mean,min,stddev,p50,p75,p95,p98,p99,p999,mean_rate,m1_rate,m5_rate,m15_rate,rate_unit,duration_unit
1780303018,1,10.000000,10.000000,10.000000,0.000000,10.000000,10.000000,10.000000,10.000000,10.000000,10.000000,1.791848,0.000000,0.000000,0.000000,calls/second,milliseconds
1780303019,4,10.000000,8.494396,7.000000,1.116348,8.000000,9.000000,10.000000,10.000000,10.000000,10.000000,2.557878,0.000000,0.000000,0.000000,calls/second,milliseconds
1780303020,4,10.000000,8.494396,7.000000,1.116348,8.000000,9.000000,10.000000,10.000000,10.000000,10.000000,1.556674,0.000000,0.000000,0.000000,calls/second,milliseconds
1780303021,4,10.000000,8.494396,7.000000,1.116348,8.000000,9.000000,10.000000,10.000000,10.000000,10.000000,1.118811,0.000000,0.000000,0.000000,calls/second,milliseconds
1780303022,4,10.000000,8.494396,7.000000,1.116348,8.000000,9.000000,10.000000,10.000000,10.000000,10.000000,0.873215,0.000000,0.000000,0.000000,calls/second,milliseconds
1780303023,4,10.000000,8.494396,7.000000,1.116348,8.000000,9.000000,10.000000,10.000000,10.000000,10.000000,0.716059,0.800000,0.800000,0.800000,calls/second,milliseconds
1780303024,4,10.000000,8.494396,7.000000,1.116348,8.000000,9.000000,10.000000,10.000000,10.000000,10.000000,0.606931,0.800000,0.800000,0.800000,calls/second,milliseconds
1780303025,4,10.000000,8.494396,7.000000,1.116348,8.000000,9.000000,10.000000,10.000000,10.000000,10.000000,0.526616,0.800000,0.800000,0.800000,calls/second,milliseconds
1780303026,4,10.000000,8.494396,7.000000,1.116348,8.000000,9.000000,10.000000,10.000000,10.000000,10.000000,0.465117,0.800000,0.800000,0.800000,calls/second,milliseconds
1780303027,4,10.000000,8.494396,7.000000,1.116348,8.000000,9.000000,10.000000,10.000000,10.000000,10.000000,0.416480,0.800000,0.800000,0.800000,calls/second,milliseconds
1780303028,4,10.000000,8.494396,7.000000,1.116348,8.000000,9.000000,10.000000,10.000000,10.000000,10.000000,0.377062,0.736036,0.786777,0.795568,calls/second,milliseconds
1780303029,4,10.000000,8.494396,7.000000,1.116348,8.000000,9.000000,10.000000,10.000000,10.000000,10.000000,0.344468,0.736036,0.786777,0.795568,calls/second,milliseconds
1780303030,4,10.000000,8.494396,7.000000,1.116348,8.000000,9.000000,10.000000,10.000000,10.000000,10.000000,0.317100,0.736036,0.786777,0.795568,calls/second,milliseconds
1780303031,4,10.000000,8.494396,7.000000,1.116348,8.000000,9.000000,10.000000,10.000000,10.000000,10.000000,0.293746,0.736036,0.786777,0.795568,calls/second,milliseconds
1780303032,4,10.000000,8.494396,7.000000,1.116348,8.000000,9.000000,10.000000,10.000000,10.000000,10.000000,0.273608,0.736036,0.786777,0.795568,calls/second,milliseconds
1780303033,4,10.000000,8.494396,7.000000,1.116348,8.000000,9.000000,10.000000,10.000000,10.000000,10.000000,0.256050,0.677185,0.773773,0.791160,calls/second,milliseconds
1780303034,4,10.000000,8.494396,7.000000,1.116348,8.000000,9.000000,10.000000,10.000000,10.000000,10.000000,0.240612,0.677185,0.773773,0.791160,calls/second,milliseconds
1780303035,4,10.000000,8.494396,7.000000,1.116348,8.000000,9.000000,10.000000,10.000000,10.000000,10.000000,0.226928,0.677185,0.773773,0.791160,calls/second,milliseconds
1780303036,4,10.000000,8.494396,7.000000,1.116348,8.000000,9.000000,10.000000,10.000000,10.000000,10.000000,0.214707,0.677185,0.773773,0.791160,calls/second,milliseconds
1780303037,4,10.000000,8.494396,7.000000,1.116348,8.000000,9.000000,10.000000,10.000000,10.000000,10.000000,0.203744,0.677185,0.773773,0.791160,calls/second,milliseconds
1780303038,4,10.000000,8.494396,7.000000,1.116348,8.000000,9.000000,10.000000,10.000000,10.000000,10.000000,0.193842,0.623041,0.760984,0.786777,calls/second,milliseconds
1780303039,4,10.000000,8.494396,7.000000,1.116348,8.000000,9.000000,10.000000,10.000000,10.000000,10.000000,0.184859,0.623041,0.760984,0.786777,calls/second,milliseconds
1780303040,4,10.000000,8.494396,7.000000,1.116348,8.000000,9.000000,10.000000,10.000000,10.000000,10.000000,0.176675,0.623041,0.760984,0.786777,calls/second,milliseconds
1780303041,4,10.000000,8.494396,7.000000,1.116348,8.000000,9.000000,10.000000,10.000000,10.000000,10.000000,0.169181,0.623041,0.760984,0.786777,calls/second,milliseconds
1780303042,4,10.000000,8.494396,7.000000,1.116348,8.000000,9.000000,10.000000,10.000000,10.000000,10.000000,0.162301,0.623041,0.760984,0.786777,calls/second,milliseconds
1780303043,4,10.000000,8.494396,7.000000,1.116348,8.000000,9.000000,10.000000,10.000000,10.000000,10.000000,0.155955,0.573225,0.748406,0.782418,calls/second,milliseconds
1780303044,4,10.000000,8.494396,7.000000,1.116348,8.000000,9.000000,10.000000,10.000000,10.000000,10.000000,0.150090,0.573225,0.748406,0.782418,calls/second,milliseconds
1780303046,4,10.000000,8.494396,7.000000,1.116348,8.000000,9.000000,10.000000,10.000000,10.000000,10.000000,0.144649,0.573225,0.748406,0.782418,calls/second,milliseconds
1780303047,4,10.000000,8.494396,7.000000,1.116348,8.000000,9.000000,10.000000,10.000000,10.000000,10.000000,0.139589,0.573225,0.748406,0.782418,calls/second,milliseconds
1780303048,4,10.000000,8.494396,7.000000,1.116348,8.000000,9.000000,10.000000,10.000000,10.000000,10.000000,0.134871,0.573225,0.748406,0.782418,calls/second,milliseconds
1780303049,4,10.000000,8.494396,7.000000,1.116348,8.000000,9.000000,10.000000,10.000000,10.000000,10.000000,0.130460,0.527393,0.736036,0.778084,calls/second,milliseconds
1780303050,4,10.000000,8.494396,7.000000,1.116348,8.000000,9.000000,10.000000,10.000000,10.000000,10.000000,0.126330,0.527393,0.736036,0.778084,calls/second,milliseconds
1780303051,4,10.000000,8.494396,7.000000,1.116348,8.000000,9.000000,10.000000,10.000000,10.000000,10.000000,0.122454,0.527393,0.736036,0.778084,calls/second,milliseconds
1780303052,4,10.000000,8.494396,7.000000,1.116348,8.000000,9.000000,10.000000,10.000000,10.000000,10.000000,0.118809,0.527393,0.736036,0.778084,calls/second,milliseconds
1780303053,4,10.000000,8.494396,7.000000,1.116348,8.000000,9.000000,10.000000,10.000000,10.000000,10.000000,0.115374,0.527393,0.736036,0.778084,calls/second,milliseconds
1780303054,4,10.000000,8.494396,7.000000,1.116348,8.000000,9.000000,10.000000,10.000000,10.000000,10.000000,0.112132,0.485225,0.723870,0.773773,calls/second,milliseconds
1780303055,4,10.000000,8.494396,7.000000,1.116348,8.000000,9.000000,10.000000,10.000000,10.000000,10.000000,0.109066,0.485225,0.723870,0.773773,calls/second,milliseconds
1780303056,4,10.000000,8.494396,7.000000,1.116348,8.000000,9.000000,10.000000,10.000000,10.000000,10.000000,0.106165,0.485225,0.723870,0.773773,calls/second,milliseconds
1780303057,4,10.000000,8.494396,7.000000,1.116348,8.000000,9.000000,10.000000,10.000000,10.000000,10.000000,0.103414,0.485225,0.723870,0.773773,calls/second,milliseconds
1780303058,4,10.000000,8.494396,7.000000,1.116348,8.000000,9.000000,10.000000,10.000000,10.000000,10.000000,0.100802,0.485225,0.723870,0.773773,calls/second,milliseconds
1780303059,4,10.000000,8.494396,7.000000,1.116348,8.000000,9.000000,10.000000,10.000000,10.000000,10.000000,0.098318,0.446428,0.711905,0.769486,calls/second,milliseconds
1780303060,4,10.000000,8.494396,7.000000,1.116348,8.000000,9.000000,10.000000,10.000000,10.000000,10.000000,0.095954,0.446428,0.711905,0.769486,calls/second,milliseconds
1780303061,4,10.000000,8.494396,7.000000,1.116348,8.000000,9.000000,10.000000,10.000000,10.000000,10.000000,0.093701,0.446428,0.711905,0.769486,calls/second,milliseconds
1780303062,4,10.000000,8.494396,7.000000,1.116348,8.000000,9.000000,10.000000,10.000000,10.000000,10.000000,0.091553,0.446428,0.711905,0.769486,calls/second,milliseconds
1780303063,4,10.000000,8.494396,7.000000,1.116348,8.000000,9.000000,10.000000,10.000000,10.000000,10.000000,0.089500,0.446428,0.711905,0.769486,calls/second,milliseconds
1780303064,4,10.000000,8.494396,7.000000,1.116348,8.000000,9.000000,10.000000,10.000000,10.000000,10.000000,0.087537,0.410734,0.700139,0.765223,calls/second,milliseconds
1780303065,4,10.000000,8.494396,7.000000,1.116348,8.000000,9.000000,10.000000,10.000000,10.000000,10.000000,0.085658,0.410734,0.700139,0.765223,calls/second,milliseconds
1780303066,4,10.000000,8.494396,7.000000,1.116348,8.000000,9.000000,10.000000,10.000000,10.000000,10.000000,0.083859,0.410734,0.700139,0.765223,calls/second,milliseconds
1780303067,4,10.000000,8.494396,7.000000,1.116348,8.000000,9.000000,10.000000,10.000000,10.000000,10.000000,0.082133,0.410734,0.700139,0.765223,calls/second,milliseconds
1780303068,4,10.000000,8.494396,7.000000,1.116348,8.000000,9.000000,10.000000,10.000000,10.000000,10.000000,0.080478,0.410734,0.700139,0.765223,calls/second,milliseconds
1780303069,4,10.000000,8.494396,7.000000,1.116348,8.000000,9.000000,10.000000,10.000000,10.000000,10.000000,0.078888,0.377893,0.688566,0.760984,calls/second,milliseconds
1780303070,4,10.000000,8.494396,7.000000,1.116348,8.000000,9.000000,10.000000,10.000000,10.000000,10.000000,0.077359,0.377893,0.688566,0.760984,calls/second,milliseconds
1780303071,4,10.000000,8.494396,7.000000,1.116348,8.000000,9.000000,10.000000,10.000000,10.000000,10.000000,0.075888,0.377893,0.688566,0.760984,calls/second,milliseconds
1780303072,4,10.000000,8.494396,7.000000,1.116348,8.000000,9.000000,10.000000,10.000000,10.000000,10.000000,0.074472,0.377893,0.688566,0.760984,calls/second,milliseconds
1780303073,4,10.000000,8.494396,7.000000,1.116348,8.000000,9.000000,10.000000,10.000000,10.000000,10.000000,0.073108,0.377893,0.688566,0.760984,calls/second,milliseconds
1780303074,4,10.000000,8.494396,7.000000,1.116348,8.000000,9.000000,10.000000,10.000000,10.000000,10.000000,0.071794,0.347679,0.677185,0.756768,calls/second,milliseconds
1780303075,4,10.000000,8.494396,7.000000,1.116348,8.000000,9.000000,10.000000,10.000000,10.000000,10.000000,0.070525,0.347679,0.677185,0.756768,calls/second,milliseconds
1780303076,4,10.000000,8.494396,7.000000,1.116348,8.000000,9.000000,10.000000,10.000000,10.000000,10.000000,0.069301,0.347679,0.677185,0.756768,calls/second,milliseconds
1780303077,4,10.000000,8.494396,7.000000,1.116348,8.000000,9.000000,10.000000,10.000000,10.000000,10.000000,0.068119,0.347679,0.677185,0.756768,calls/second,milliseconds
1780303078,4,10.000000,8.494396,7.000000,1.116348,8.000000,9.000000,10.000000,10.000000,10.000000,10.000000,0.066976,0.347679,0.677185,0.756768,calls/second,milliseconds
1780303079,4,10.000000,8.494396,7.000000,1.116348,8.000000,9.000000,10.000000,10.000000,10.000000,10.000000,0.065872,0.319880,0.665992,0.752575,calls/second,milliseconds
1780303080,4,10.000000,8.494396,7.000000,1.116348,8.000000,9.000000,10.000000,10.000000,10.000000,10.000000,0.064802,0.319880,0.665992,0.752575,calls/second,milliseconds
1780303081,4,10.000000,8.494396,7.000000,1.116348,8.000000,9.000000,10.000000,10.000000,10.000000,10.000000,0.063768,0.319880,0.665992,0.752575,calls/second,milliseconds
1780303082,4,10.000000,8.494396,7.000000,1.116348,8.000000,9.000000,10.000000,10.000000,10.000000,10.000000,0.062765,0.319880,0.665992,0.752575,calls/second,milliseconds
1780303083,4,10.000000,8.494396,7.000000,1.116348,8.000000,9.000000,10.000000,10.000000,10.000000,10.000000,0.061794,0.319880,0.665992,0.752575,calls/second,milliseconds
1780303084,4,10.000000,8.494396,7.000000,1.116348,8.000000,9.000000,10.000000,10.000000,10.000000,10.000000,0.060852,0.294304,0.654985,0.748406,calls/second,milliseconds
1780303085,4,10.000000,8.494396,7.000000,1.116348,8.000000,9.000000,10.000000,10.000000,10.000000,10.000000,0.059938,0.294304,0.654985,0.748406,calls/second,milliseconds
1780303086,4,10.000000,8.494396,7.000000,1.116348,8.000000,9.000000,10.000000,10.000000,10.000000,10.000000,0.059052,0.294304,0.654985,0.748406,calls/second,milliseconds
1780303087,5,11.000000,9.513461,7.000000,1.501417,10.000000,11.000000,11.000000,11.000000,11.000000,11.000000,0.072739,0.294304,0.654985,0.748406,calls/second,milliseconds
1780303088,5,11.000000,9.513461,7.000000,1.501417,10.000000,11.000000,11.000000,11.000000,11.000000,11.000000,0.071694,0.294304,0.654985,0.748406,calls/second,milliseconds
1780303089,5,11.000000,9.513461,7.000000,1.501417,10.000000,11.000000,11.000000,11.000000,11.000000,11.000000,0.070679,0.286763,0.647464,0.745367,calls/second,milliseconds
1780303090,5,11.000000,9.513461,7.000000,1.501417,10.000000,11.000000,11.000000,11.000000,11.000000,11.000000,0.069692,0.286763,0.647464,0.745367,calls/second,milliseconds
1780303091,5,11.000000,9.513461,7.000000,1.501417,10.000000,11.000000,11.000000,11.000000,11.000000,11.000000,0.068733,0.286763,0.647464,0.745367,calls/second,milliseconds
1780303092,5,11.000000,9.513461,7.000000,1.501417,10.000000,11.000000,11.000000,11.000000,11.000000,11.000000,0.067799,0.286763,0.647464,0.745367,calls/second,milliseconds
1780303093,5,11.000000,9.513461,7.000000,1.501417,10.000000,11.000000,11.000000,11.000000,11.000000,11.000000,0.066890,0.286763,0.647464,0.745367,calls/second,milliseconds
1780303094,5,11.000000,9.513461,7.000000,1.501417,10.000000,11.000000,11.000000,11.000000,11.000000,11.000000,0.066006,0.263835,0.636763,0.741238,calls/second,milliseconds
1780303095,5,11.000000,9.513461,7.000000,1.501417,10.000000,11.000000,11.000000,11.000000,11.000000,11.000000,0.065145,0.263835,0.636763,0.741238,calls/second,milliseconds
1780303096,5,11.000000,9.513461,7.000000,1.501417,10.000000,11.000000,11.000000,11.000000,11.000000,11.000000,0.064305,0.263835,0.636763,0.741238,calls/second,milliseconds
1780303097,5,11.000000,9.513461,7.000000,1.501417,10.000000,11.000000,11.000000,11.000000,11.000000,11.000000,0.063487,0.263835,0.636763,0.741238,calls/second,milliseconds
1780303098,5,11.000000,9.513461,7.000000,1.501417,10.000000,11.000000,11.000000,11.000000,11.000000,11.000000,0.062690,0.263835,0.636763,0.741238,calls/second,milliseconds
1780303099,5,11.000000,9.513461,7.000000,1.501417,10.000000,11.000000,11.000000,11.000000,11.000000,11.000000,0.061912,0.242740,0.626238,0.737131,calls/second,milliseconds
1780303100,5,11.000000,9.513461,7.000000,1.501417,10.000000,11.000000,11.000000,11.000000,11.000000,11.000000,0.061153,0.242740,0.626238,0.737131,calls/second,milliseconds
1780303101,5,11.000000,9.513461,7.000000,1.501417,10.000000,11.000000,11.000000,11.000000,11.000000,11.000000,0.060413,0.242740,0.626238,0.737131,calls/second,milliseconds
1780303102,5,11.000000,9.513461,7.000000,1.501417,10.000000,11.000000,11.000000,11.000000,11.000000,11.000000,0.059691,0.242740,0.626238,0.737131,calls/second,milliseconds
1780303103,5,11.000000,9.513461,7.000000,1.501417,10.000000,11.000000,11.000000,11.000000,11.000000,11.000000,0.058986,0.242740,0.626238,0.737131,calls/second,milliseconds
1780303104,5,11.000000,9.513461,7.000000,1.501417,10.000000,11.000000,11.000000,11.000000,11.000000,11.000000,0.058296,0.223332,0.615887,0.733047,calls/second,milliseconds
1780303105,5,11.000000,9.513461,7.000000,1.501417,10.000000,11.000000,11.000000,11.000000,11.000000,11.000000,0.057623,0.223332,0.615887,0.733047,calls/second,milliseconds
1780303106,5,11.000000,9.513461,7.000000,1.501417,10.000000,11.000000,11.000000,11.000000,11.000000,11.000000,0.056966,0.223332,0.615887,0.733047,calls/second,milliseconds
1780303107,5,11.000000,9.513461,7.000000,1.501417,10.000000,11.000000,11.000000,11.000000,11.000000,11.000000,0.056323,0.223332,0.615887,0.733047,calls/second,milliseconds
1780303108,5,11.000000,9.513461,7.000000,1.501417,10.000000,11.000000,11.000000,11.000000,11.000000,11.000000,0.055695,0.223332,0.615887,0.733047,calls/second,milliseconds
1780303109,5,11.000000,9.513461,7.000000,1.501417,10.000000,11.000000,11.000000,11.000000,11.000000,11.000000,0.055080,0.205475,0.605707,0.728986,calls/second,milliseconds
1780303110,5,11.000000,9.513461,7.000000,1.501417,10.000000,11.000000,11.000000,11.000000,11.000000,11.000000,0.054479,0.205475,0.605707,0.728986,calls/second,milliseconds
1780303111,5,11.000000,9.513461,7.000000,1.501417,10.000000,11.000000,11.000000,11.000000,11.000000,11.000000,0.053890,0.205475,0.605707,0.728986,calls/second,milliseconds
1780303112,5,11.000000,9.513461,7.000000,1.501417,10.000000,11.000000,11.000000,11.000000,11.000000,11.000000,0.053315,0.205475,0.605707,0.728986,calls/second,milliseconds
1780303113,5,11.000000,9.513461,7.000000,1.501417,10.000000,11.000000,11.000000,11.000000,11.000000,11.000000,0.052752,0.205475,0.605707,0.728986,calls/second,milliseconds
1780303114,5,11.000000,9.513461,7.000000,1.501417,10.000000,11.000000,11.000000,11.000000,11.000000,11.000000,0.052200,0.189046,0.595696,0.724948,calls/second,milliseconds
1780303115,5,11.000000,9.513461,7.000000,1.501417,10.000000,11.000000,11.000000,11.000000,11.000000,11.000000,0.051660,0.189046,0.595696,0.724948,calls/second,milliseconds
1780303116,5,11.000000,9.513461,7.000000,1.501417,10.000000,11.000000,11.000000,11.000000,11.000000,11.000000,0.051130,0.189046,0.595696,0.724948,calls/second,milliseconds
1780303117,5,11.000000,9.513461,7.000000,1.501417,10.000000,11.000000,11.000000,11.000000,11.000000,11.000000,0.050612,0.189046,0.595696,0.724948,calls/second,milliseconds
1780303118,5,11.000000,9.513461,7.000000,1.501417,10.000000,11.000000,11.000000,11.000000,11.000000,11.000000,0.050104,0.189046,0.595696,0.724948,calls/second,milliseconds
1780303119,5,11.000000,9.513461,7.000000,1.501417,10.000000,11.000000,11.000000,11.000000,11.000000,11.000000,0.049606,0.173931,0.585850,0.720931,calls/second,milliseconds
1780303120,5,11.000000,9.513461,7.000000,1.501417,10.000000,11.000000,11.000000,11.000000,11.000000,11.000000,0.049117,0.173931,0.585850,0.720931,calls/second,milliseconds
1780303121,5,11.000000,9.513461,7.000000,1.501417,10.000000,11.000000,11.000000,11.000000,11.000000,11.000000,0.048639,0.173931,0.585850,0.720931,calls/second,milliseconds
1780303122,5,11.000000,9.513461,7.000000,1.501417,10.000000,11.000000,11.000000,11.000000,11.000000,11.000000,0.048169,0.173931,0.585850,0.720931,calls/second,milliseconds
1780303123,5,11.000000,9.513461,7.000000,1.501417,10.000000,11.000000,11.000000,11.000000,11.000000,11.000000,0.047709,0.173931,0.585850,0.720931,calls/second,milliseconds
1780303124,5,11.000000,9.513461,7.000000,1.501417,10.000000,11.000000,11.000000,11.000000,11.000000,11.000000,0.047257,0.160024,0.576167,0.716937,calls/second,milliseconds
1780303125,5,11.000000,9.513461,7.000000,1.501417,10.000000,11.000000,11.000000,11.000000,11.000000,11.000000,0.046814,0.160024,0.576167,0.716937,calls/second,milliseconds
1780303126,5,11.000000,9.513461,7.000000,1.501417,10.000000,11.000000,11.000000,11.000000,11.000000,11.000000,0.046379,0.160024,0.576167,0.716937,calls/second,milliseconds
1780303127,5,11.000000,9.513461,7.000000,1.501417,10.000000,11.000000,11.000000,11.000000,11.000000,11.000000,0.045952,0.160024,0.576167,0.716937,calls/second,milliseconds
1780303128,5,11.000000,9.513461,7.000000,1.501417,10.000000,11.000000,11.000000,11.000000,11.000000,11.000000,0.045533,0.160024,0.576167,0.716937,calls/second,milliseconds
1780303129,5,11.000000,9.513461,7.000000,1.501417,10.000000,11.000000,11.000000,11.000000,11.000000,11.000000,0.045121,0.147229,0.566644,0.712965,calls/second,milliseconds
1780303130,5,11.000000,9.513461,7.000000,1.501417,10.000000,11.000000,11.000000,11.000000,11.000000,11.000000,0.044717,0.147229,0.566644,0.712965,calls/second,milliseconds
1780303131,5,11.000000,9.513461,7.000000,1.501417,10.000000,11.000000,11.000000,11.000000,11.000000,11.000000,0.044320,0.147229,0.566644,0.712965,calls/second,milliseconds
1780303132,5,11.000000,9.513461,7.000000,1.501417,10.000000,11.000000,11.000000,11.000000,11.000000,11.000000,0.043930,0.147229,0.566644,0.712965,calls/second,milliseconds
1780303133,5,11.000000,9.513461,7.000000,1.501417,10.000000,11.000000,11.000000,11.000000,11.000000,11.000000,0.043547,0.147229,0.566644,0.712965,calls/second,milliseconds
1780303134,5,11.000000,9.513461,7.000000,1.501417,10.000000,11.000000,11.000000,11.000000,11.000000,11.000000,0.043170,0.135457,0.557278,0.709015,calls/second,milliseconds
1780303135,5,11.000000,9.513461,7.000000,1.501417,10.000000,11.000000,11.000000,11.000000,11.000000,11.000000,0.042800,0.135457,0.557278,0.709015,calls/second,milliseconds
1780303136,5,11.000000,9.513461,7.000000,1.501417,10.000000,11.000000,11.000000,11.000000,11.000000,11.000000,0.042436,0.135457,0.557278,0.709015,calls/second,milliseconds
1780303137,5,11.000000,9.513461,7.000000,1.501417,10.000000,11.000000,11.000000,11.000000,11.000000,11.000000,0.042078,0.135457,0.557278,0.709015,calls/second,milliseconds
1780303138,5,11.000000,9.513461,7.000000,1.501417,10.000000,11.000000,11.000000,11.000000,11.000000,11.000000,0.041727,0.135457,0.557278,0.709015,calls/second,milliseconds
1780303139,5,11.000000,9.513461,7.000000,1.501417,10.000000,11.000000,11.000000,11.000000,11.000000,11.000000,0.041381,0.124627,0.548067,0.705087,calls/second,milliseconds
1780303140,5,11.000000,9.513461,7.000000,1.501417,10.000000,11.000000,11.000000,11.000000,11.000000,11.000000,0.041041,0.124627,0.548067,0.705087,calls/second,milliseconds
1780303141,5,11.000000,9.513461,7.000000,1.501417,10.000000,11.000000,11.000000,11.000000,11.000000,11.000000,0.040706,0.124627,0.548067,0.705087,calls/second,milliseconds
1780303142,5,11.000000,9.513461,7.000000,1.501417,10.000000,11.000000,11.000000,11.000000,11.000000,11.000000,0.040377,0.124627,0.548067,0.705087,calls/second,milliseconds
1780303143,5,11.000000,9.513461,7.000000,1.501417,10.000000,11.000000,11.000000,11.000000,11.000000,11.000000,0.040053,0.124627,0.548067,0.705087,calls/second,milliseconds
1780303144,5,11.000000,9.513461,7.000000,1.501417,10.000000,11.000000,11.000000,11.000000,11.000000,11.000000,0.039734,0.114662,0.539008,0.701181,calls/second,milliseconds
1780303145,5,11.000000,9.513461,7.000000,1.501417,10.000000,11.000000,11.000000,11.000000,11.000000,11.000000,0.039420,0.114662,0.539008,0.701181,calls/second,milliseconds
1780303146,5,11.000000,9.513461,7.000000,1.501417,10.000000,11.000000,11.000000,11.000000,11.000000,11.000000,0.039111,0.114662,0.539008,0.701181,calls/second,milliseconds
1780303147,5,11.000000,9.513461,7.000000,1.501417,10.000000,11.000000,11.000000,11.000000,11.000000,11.000000,0.038807,0.114662,0.539008,0.701181,calls/second,milliseconds
1780303148,5,11.000000,9.513461,7.000000,1.501417,10.000000,11.000000,11.000000,11.000000,11.000000,11.000000,0.038508,0.114662,0.539008,0.701181,calls/second,milliseconds
1780303149,5,11.000000,9.513461,7.000000,1.501417,10.000000,11.000000,11.000000,11.000000,11.000000,11.000000,0.038213,0.105494,0.530099,0.697296,calls/second,milliseconds
1780303150,5,11.000000,9.513461,7.000000,1.501417,10.000000,11.000000,11.000000,11.000000,11.000000,11.000000,0.037922,0.105494,0.530099,0.697296,calls/second,milliseconds
1780303151,5,11.000000,9.513461,7.000000,1.501417,10.000000,11.000000,11.000000,11.000000,11.000000,11.000000,0.037636,0.105494,0.530099,0.697296,calls/second,milliseconds
1780303152,5,11.000000,9.513461,7.000000,1.501417,10.000000,11.000000,11.000000,11.000000,11.000000,11.000000,0.037355,0.105494,0.530099,0.697296,calls/second,milliseconds
1780303153,5,11.000000,9.513461,7.000000,1.501417,10.000000,11.000000,11.000000,11.000000,11.000000,11.000000,0.037077,0.105494,0.530099,0.697296,calls/second,milliseconds
1780303154,5,11.000000,9.513461,7.000000,1.501417,10.000000,11.000000,11.000000,11.000000,11.000000,11.000000,0.036804,0.097060,0.521337,0.693433,calls/second,milliseconds
1780303155,5,11.000000,9.513461,7.000000,1.501417,10.000000,11.000000,11.000000,11.000000,11.000000,11.000000,0.036535,0.097060,0.521337,0.693433,calls/second,milliseconds
1780303156,5,11.000000,9.513461,7.000000,1.501417,10.000000,11.000000,11.000000,11.000000,11.000000,11.000000,0.036269,0.097060,0.521337,0.693433,calls/second,milliseconds
1780303157,5,11.000000,9.513461,7.000000,1.501417,10.000000,11.000000,11.000000,11.000000,11.000000,11.000000,0.036007,0.097060,0.521337,0.693433,calls/second,milliseconds
1780303158,5,11.000000,9.513461,7.000000,1.501417,10.000000,11.000000,11.000000,11.000000,11.000000,11.000000,0.035750,0.097060,0.521337,0.693433,calls/second,milliseconds
1780303159,5,11.000000,9.513461,7.000000,1.501417,10.000000,11.000000,11.000000,11.000000,11.000000,11.000000,0.035496,0.089299,0.512720,0.689591,calls/second,milliseconds
1780303160,5,11.000000,9.513461,7.000000,1.501417,10.000000,11.000000,11.000000,11.000000,11.000000,11.000000,0.035245,0.089299,0.512720,0.689591,calls/second,milliseconds
1780303161,5,11.000000,9.513461,7.000000,1.501417,10.000000,11.000000,11.000000,11.000000,11.000000,11.000000,0.034998,0.089299,0.512720,0.689591,calls/second,milliseconds
1780303162,5,11.000000,9.513461,7.000000,1.501417,10.000000,11.000000,11.000000,11.000000,11.000000,11.000000,0.034754,0.089299,0.512720,0.689591,calls/second,milliseconds
1780303163,5,11.000000,9.513461,7.000000,1.501417,10.000000,11.000000,11.000000,11.000000,11.000000,11.000000,0.034514,0.089299,0.512720,0.689591,calls/second,milliseconds
1780303164,5,11.000000,9.513461,7.000000,1.501417,10.000000,11.000000,11.000000,11.000000,11.000000,11.000000,0.034277,0.082159,0.504246,0.685771,calls/second,milliseconds
1780303165,5,11.000000,9.513461,7.000000,1.501417,10.000000,11.000000,11.000000,11.000000,11.000000,11.000000,0.034043,0.082159,0.504246,0.685771,calls/second,milliseconds
1780303166,5,11.000000,9.513461,7.000000,1.501417,10.000000,11.000000,11.000000,11.000000,11.000000,11.000000,0.033813,0.082159,0.504246,0.685771,calls/second,milliseconds
1780303167,5,11.000000,9.513461,7.000000,1.501417,10.000000,11.000000,11.000000,11.000000,11.000000,11.000000,0.033585,0.082159,0.504246,0.685771,calls/second,milliseconds
1780303168,5,11.000000,9.513461,7.000000,1.501417,10.000000,11.000000,11.000000,11.000000,11.000000,11.000000,0.033361,0.082159,0.504246,0.685771,calls/second,milliseconds
1780303169,5,11.000000,9.513461,7.000000,1.501417,10.000000,11.000000,11.000000,11.000000,11.000000,11.000000,0.033139,0.075590,0.495911,0.681972,calls/second,milliseconds
1780303170,5,11.000000,9.513461,7.000000,1.501417,10.000000,11.000000,11.000000,11.000000,11.000000,11.000000,0.032921,0.075590,0.495911,0.681972,calls/second,milliseconds
1780303171,5,11.000000,9.513461,7.000000,1.501417,10.000000,11.000000,11.000000,11.000000,11.000000,11.000000,0.032705,0.075590,0.495911,0.681972,calls/second,milliseconds
1780303172,5,11.000000,9.513461,7.000000,1.501417,10.000000,11.000000,11.000000,11.000000,11.000000,11.000000,0.032492,0.075590,0.495911,0.681972,calls/second,milliseconds
1780303173,5,11.000000,9.513461,7.000000,1.501417,10.000000,11.000000,11.000000,11.000000,11.000000,11.000000,0.032282,0.075590,0.495911,0.681972,calls/second,milliseconds
1780303174,5,11.000000,9.513461,7.000000,1.501417,10.000000,11.000000,11.000000,11.000000,11.000000,11.000000,0.032075,0.069546,0.487715,0.678194,calls/second,milliseconds
1780303175,5,11.000000,9.513461,7.000000,1.501417,10.000000,11.000000,11.000000,11.000000,11.000000,11.000000,0.031870,0.069546,0.487715,0.678194,calls/second,milliseconds
1780303176,5,11.000000,9.513461,7.000000,1.501417,10.000000,11.000000,11.000000,11.000000,11.000000,11.000000,0.031668,0.069546,0.487715,0.678194,calls/second,milliseconds
1780303177,5,11.000000,9.513461,7.000000,1.501417,10.000000,11.000000,11.000000,11.000000,11.000000,11.000000,0.031468,0.069546,0.487715,0.678194,calls/second,milliseconds
1780303178,5,11.000000,9.513461,7.000000,1.501417,10.000000,11.000000,11.000000,11.000000,11.000000,11.000000,0.031271,0.069546,0.487715,0.678194,calls/second,milliseconds
1780303179,5,11.000000,9.513461,7.000000,1.501417,10.000000,11.000000,11.000000,11.000000,11.000000,11.000000,0.031076,0.063986,0.479653,0.674436,calls/second,milliseconds
1780303180,5,11.000000,9.513461,7.000000,1.501417,10.000000,11.000000,11.000000,11.000000,11.000000,11.000000,0.030884,0.063986,0.479653,0.674436,calls/second,milliseconds
1780303181,5,11.000000,9.513461,7.000000,1.501417,10.000000,11.000000,11.000000,11.000000,11.000000,11.000000,0.030694,0.063986,0.479653,0.674436,calls/second,milliseconds
1780303182,5,11.000000,9.513461,7.000000,1.501417,10.000000,11.000000,11.000000,11.000000,11.000000,11.000000,0.030507,0.063986,0.479653,0.674436,calls/second,milliseconds
1780303183,5,11.000000,9.513461,7.000000,1.501417,10.000000,11.000000,11.000000,11.000000,11.000000,11.000000,0.030321,0.063986,0.479653,0.674436,calls/second,milliseconds
1780303184,5,11.000000,9.513461,7.000000,1.501417,10.000000,11.000000,11.000000,11.000000,11.000000,11.000000,0.030138,0.058870,0.471725,0.670700,calls/second,milliseconds
1780303185,5,11.000000,9.513461,7.000000,1.501417,10.000000,11.000000,11.000000,11.000000,11.000000,11.000000,0.029957,0.058870,0.471725,0.670700,calls/second,milliseconds
1780303186,5,11.000000,9.513461,7.000000,1.501417,10.000000,11.000000,11.000000,11.000000,11.000000,11.000000,0.029779,0.058870,0.471725,0.670700,calls/second,milliseconds
1780303187,5,11.000000,9.513461,7.000000,1.501417,10.000000,11.000000,11.000000,11.000000,11.000000,11.000000,0.029602,0.058870,0.471725,0.670700,calls/second,milliseconds
1780303188,5,11.000000,9.513461,7.000000,1.501417,10.000000,11.000000,11.000000,11.000000,11.000000,11.000000,0.029428,0.058870,0.471725,0.670700,calls/second,milliseconds
1780303189,5,11.000000,9.513461,7.000000,1.501417,10.000000,11.000000,11.000000,11.000000,11.000000,11.000000,0.029255,0.054163,0.463928,0.666984,calls/second,milliseconds
1780303190,5,11.000000,9.513461,7.000000,1.501417,10.000000,11.000000,11.000000,11.000000,11.000000,11.000000,0.029085,0.054163,0.463928,0.666984,calls/second,milliseconds
1780303191,5,11.000000,9.513461,7.000000,1.501417,10.000000,11.000000,11.000000,11.000000,11.000000,11.000000,0.028916,0.054163,0.463928,0.666984,calls/second,milliseconds
1780303192,5,11.000000,9.513461,7.000000,1.501417,10.000000,11.000000,11.000000,11.000000,11.000000,11.000000,0.028750,0.054163,0.463928,0.666984,calls/second,milliseconds
1780303193,5,11.000000,9.513461,7.000000,1.501417,10.000000,11.000000,11.000000,11.000000,11.000000,11.000000,0.028584,0.054163,0.463928,0.666984,calls/second,milliseconds
1780303194,6,11.000000,8.500389,7.000000,1.119037,8.000000,8.000000,11.000000,11.000000,11.000000,11.000000,0.034105,0.065823,0.459566,0.664397,calls/second,milliseconds
1780303195,6,11.000000,8.500389,7.000000,1.119037,8.000000,8.000000,11.000000,11.000000,11.000000,11.000000,0.033912,0.065823,0.459566,0.664397,calls/second,milliseconds
1780303196,6,11.000000,8.500389,7.000000,1.119037,8.000000,8.000000,11.000000,11.000000,11.000000,11.000000,0.033721,0.065823,0.459566,0.664397,calls/second,milliseconds
1780303197,6,11.000000,8.500389,7.000000,1.119037,8.000000,8.000000,11.000000,11.000000,11.000000,11.000000,0.033532,0.065823,0.459566,0.664397,calls/second,milliseconds
1780303198,6,11.000000,8.500389,7.000000,1.119037,8.000000,8.000000,11.000000,11.000000,11.000000,11.000000,0.033346,0.065823,0.459566,0.664397,calls/second,milliseconds
1780303199,6,11.000000,8.500389,7.000000,1.119037,8.000000,8.000000,11.000000,11.000000,11.000000,11.000000,0.033161,0.060560,0.451970,0.660716,calls/second,milliseconds
1780303200,6,11.000000,8.500389,7.000000,1.119037,8.000000,8.000000,11.000000,11.000000,11.000000,11.000000,0.032979,0.060560,0.451970,0.660716,calls/second,milliseconds
1780303201,6,11.000000,8.500389,7.000000,1.119037,8.000000,8.000000,11.000000,11.000000,11.000000,11.000000,0.032798,0.060560,0.451970,0.660716,calls/second,milliseconds
1780303202,6,11.000000,8.500389,7.000000,1.119037,8.000000,8.000000,11.000000,11.000000,11.000000,11.000000,0.032620,0.060560,0.451970,0.660716,calls/second,milliseconds
1780303203,6,11.000000,8.500389,7.000000,1.119037,8.000000,8.000000,11.000000,11.000000,11.000000,11.000000,0.032443,0.060560,0.451970,0.660716,calls/second,milliseconds
1780303204,6,11.000000,8.500389,7.000000,1.119037,8.000000,8.000000,11.000000,11.000000,11.000000,11.000000,0.032268,0.055718,0.444500,0.657056,calls/second,milliseconds
1780303205,6,11.000000,8.500389,7.000000,1.119037,8.000000,8.000000,11.000000,11.000000,11.000000,11.000000,0.032095,0.055718,0.444500,0.657056,calls/second,milliseconds
1780303206,6,11.000000,8.500389,7.000000,1.119037,8.000000,8.000000,11.000000,11.000000,11.000000,11.000000,0.031924,0.055718,0.444500,0.657056,calls/second,milliseconds
1780303207,6,11.000000,8.500389,7.000000,1.119037,8.000000,8.000000,11.000000,11.000000,11.000000,11.000000,0.031755,0.055718,0.444500,0.657056,calls/second,milliseconds
1780303208,6,11.000000,8.500389,7.000000,1.119037,8.000000,8.000000,11.000000,11.000000,11.000000,11.000000,0.031587,0.055718,0.444500,0.657056,calls/second,milliseconds
1780303209,6,11.000000,8.500389,7.000000,1.119037,8.000000,8.000000,11.000000,11.000000,11.000000,11.000000,0.031422,0.051263,0.437153,0.653415,calls/second,milliseconds
1780303210,6,11.000000,8.500389,7.000000,1.119037,8.000000,8.000000,11.000000,11.000000,11.000000,11.000000,0.031258,0.051263,0.437153,0.653415,calls/second,milliseconds
1780303211,6,11.000000,8.500389,7.000000,1.119037,8.000000,8.000000,11.000000,11.000000,11.000000,11.000000,0.031096,0.051263,0.437153,0.653415,calls/second,milliseconds
1780303212,6,11.000000,8.500389,7.000000,1.119037,8.000000,8.000000,11.000000,11.000000,11.000000,11.000000,0.030935,0.051263,0.437153,0.653415,calls/second,milliseconds
1780303213,6,11.000000,8.500389,7.000000,1.119037,8.000000,8.000000,11.000000,11.000000,11.000000,11.000000,0.030776,0.051263,0.437153,0.653415,calls/second,milliseconds
1780303214,6,11.000000,8.500389,7.000000,1.119037,8.000000,8.000000,11.000000,11.000000,11.000000,11.000000,0.030619,0.047164,0.429927,0.649795,calls/second,milliseconds
1780303215,6,11.000000,8.500389,7.000000,1.119037,8.000000,8.000000,11.000000,11.000000,11.000000,11.000000,0.030463,0.047164,0.429927,0.649795,calls/second,milliseconds
1780303216,6,11.000000,8.500389,7.000000,1.119037,8.000000,8.000000,11.000000,11.000000,11.000000,11.000000,0.030309,0.047164,0.429927,0.649795,calls/second,milliseconds
1780303217,6,11.000000,8.500389,7.000000,1.119037,8.000000,8.000000,11.000000,11.000000,11.000000,11.000000,0.030156,0.047164,0.429927,0.649795,calls/second,milliseconds
1780303218,6,11.000000,8.500389,7.000000,1.119037,8.000000,8.000000,11.000000,11.000000,11.000000,11.000000,0.030005,0.047164,0.429927,0.649795,calls/second,milliseconds
1780303219,6,11.000000,8.500389,7.000000,1.119037,8.000000,8.000000,11.000000,11.000000,11.000000,11.000000,0.029856,0.043393,0.422821,0.646195,calls/second,milliseconds
1780303220,6,11.000000,8.500389,7.000000,1.119037,8.000000,8.000000,11.000000,11.000000,11.000000,11.000000,0.029708,0.043393,0.422821,0.646195,calls/second,milliseconds
1780303221,6,11.000000,8.500389,7.000000,1.119037,8.000000,8.000000,11.000000,11.000000,11.000000,11.000000,0.029561,0.043393,0.422821,0.646195,calls/second,milliseconds
1780303222,6,11.000000,8.500389,7.000000,1.119037,8.000000,8.000000,11.000000,11.000000,11.000000,11.000000,0.029416,0.043393,0.422821,0.646195,calls/second,milliseconds
1780303223,6,11.000000,8.500389,7.000000,1.119037,8.000000,8.000000,11.000000,11.000000,11.000000,11.000000,0.029272,0.043393,0.422821,0.646195,calls/second,milliseconds
1780303224,6,11.000000,8.500389,7.000000,1.119037,8.000000,8.000000,11.000000,11.000000,11.000000,11.000000,0.029130,0.039924,0.415833,0.642615,calls/second,milliseconds
1780303225,6,11.000000,8.500389,7.000000,1.119037,8.000000,8.000000,11.000000,11.000000,11.000000,11.000000,0.028989,0.039924,0.415833,0.642615,calls/second,milliseconds
1780303226,6,11.000000,8.500389,7.000000,1.119037,8.000000,8.000000,11.000000,11.000000,11.000000,11.000000,0.028849,0.039924,0.415833,0.642615,calls/second,milliseconds
1780303227,6,11.000000,8.500389,7.000000,1.119037,8.000000,8.000000,11.000000,11.000000,11.000000,11.000000,0.028711,0.039924,0.415833,0.642615,calls/second,milliseconds
1780303228,6,11.000000,8.500389,7.000000,1.119037,8.000000,8.000000,11.000000,11.000000,11.000000,11.000000,0.028574,0.039924,0.415833,0.642615,calls/second,milliseconds
1780303229,6,11.000000,8.500389,7.000000,1.119037,8.000000,8.000000,11.000000,11.000000,11.000000,11.000000,0.028438,0.036732,0.408960,0.639055,calls/second,milliseconds
1780303230,6,11.000000,8.500389,7.000000,1.119037,8.000000,8.000000,11.000000,11.000000,11.000000,11.000000,0.028304,0.036732,0.408960,0.639055,calls/second,milliseconds
1780303231,6,11.000000,8.500389,7.000000,1.119037,8.000000,8.000000,11.000000,11.000000,11.000000,11.000000,0.028171,0.036732,0.408960,0.639055,calls/second,milliseconds
1780303232,6,11.000000,8.500389,7.000000,1.119037,8.000000,8.000000,11.000000,11.000000,11.000000,11.000000,0.028039,0.036732,0.408960,0.639055,calls/second,milliseconds
1780303233,6,11.000000,8.500389,7.000000,1.119037,8.000000,8.000000,11.000000,11.000000,11.000000,11.000000,0.027909,0.036732,0.408960,0.639055,calls/second,milliseconds
1780303234,6,11.000000,8.500389,7.000000,1.119037,8.000000,8.000000,11.000000,11.000000,11.000000,11.000000,0.027779,0.033795,0.402200,0.635515,calls/second,milliseconds
1780303235,6,11.000000,8.500389,7.000000,1.119037,8.000000,8.000000,11.000000,11.000000,11.000000,11.000000,0.027651,0.033795,0.402200,0.635515,calls/second,milliseconds
1780303236,6,11.000000,8.500389,7.000000,1.119037,8.000000,8.000000,11.000000,11.000000,11.000000,11.000000,0.027524,0.033795,0.402200,0.635515,calls/second,milliseconds
1780303237,6,11.000000,8.500389,7.000000,1.119037,8.000000,8.000000,11.000000,11.000000,11.000000,11.000000,0.027398,0.033795,0.402200,0.635515,calls/second,milliseconds
1780303238,6,11.000000,8.500389,7.000000,1.119037,8.000000,8.000000,11.000000,11.000000,11.000000,11.000000,0.027273,0.033795,0.402200,0.635515,calls/second,milliseconds
1780303239,6,11.000000,8.500389,7.000000,1.119037,8.000000,8.000000,11.000000,11.000000,11.000000,11.000000,0.027150,0.031093,0.395552,0.631994,calls/second,milliseconds
1780303240,6,11.000000,8.500389,7.000000,1.119037,8.000000,8.000000,11.000000,11.000000,11.000000,11.000000,0.027027,0.031093,0.395552,0.631994,calls/second,milliseconds
1780303241,6,11.000000,8.500389,7.000000,1.119037,8.000000,8.000000,11.000000,11.000000,11.000000,11.000000,0.026906,0.031093,0.395552,0.631994,calls/second,milliseconds
1780303242,6,11.000000,8.500389,7.000000,1.119037,8.000000,8.000000,11.000000,11.000000,11.000000,11.000000,0.026785,0.031093,0.395552,0.631994,calls/second,milliseconds
1780303243,6,11.000000,8.500389,7.000000,1.119037,8.000000,8.000000,11.000000,11.000000,11.000000,11.000000,0.026666,0.028607,0.389014,0.628492,calls/second,milliseconds
1780303244,6,11.000000,8.500389,7.000000,1.119037,8.000000,8.000000,11.000000,11.000000,11.000000,11.000000,0.026548,0.028607,0.389014,0.628492,calls/second,milliseconds
1780303245,6,11.000000,8.500389,7.000000,1.119037,8.000000,8.000000,11.000000,11.000000,11.000000,11.000000,0.026431,0.028607,0.389014,0.628492,calls/second,milliseconds
1780303246,6,11.000000,8.500389,7.000000,1.119037,8.000000,8.000000,11.000000,11.000000,11.000000,11.000000,0.026315,0.028607,0.389014,0.628492,calls/second,milliseconds
1780303247,6,11.000000,8.500389,7.000000,1.119037,8.000000,8.000000,11.000000,11.000000,11.000000,11.000000,0.026200,0.028607,0.389014,0.628492,calls/second,milliseconds
1780303248,6,11.000000,8.500389,7.000000,1.119037,8.000000,8.000000,11.000000,11.000000,11.000000,11.000000,0.026086,0.026319,0.382584,0.625011,calls/second,milliseconds
1780303249,6,11.000000,8.500389,7.000000,1.119037,8.000000,8.000000,11.000000,11.000000,11.000000,11.000000,0.025973,0.026319,0.382584,0.625011,calls/second,milliseconds
1780303250,6,11.000000,8.500389,7.000000,1.119037,8.000000,8.000000,11.000000,11.000000,11.000000,11.000000,0.025861,0.026319,0.382584,0.625011,calls/second,milliseconds
1780303251,6,11.000000,8.500389,7.000000,1.119037,8.000000,8.000000,11.000000,11.000000,11.000000,11.000000,0.025749,0.026319,0.382584,0.625011,calls/second,milliseconds
1780303252,6,11.000000,8.500389,7.000000,1.119037,8.000000,8.000000,11.000000,11.000000,11.000000,11.000000,0.025639,0.026319,0.382584,0.625011,calls/second,milliseconds
1780303253,6,11.000000,8.500389,7.000000,1.119037,8.000000,8.000000,11.000000,11.000000,11.000000,11.000000,0.025530,0.024215,0.376261,0.621548,calls/second,milliseconds
1780303254,6,11.000000,8.500389,7.000000,1.119037,8.000000,8.000000,11.000000,11.000000,11.000000,11.000000,0.025422,0.024215,0.376261,0.621548,calls/second,milliseconds
1780303255,6,11.000000,8.500389,7.000000,1.119037,8.000000,8.000000,11.000000,11.000000,11.000000,11.000000,0.025314,0.024215,0.376261,0.621548,calls/second,milliseconds
1780303256,6,11.000000,8.500389,7.000000,1.119037,8.000000,8.000000,11.000000,11.000000,11.000000,11.000000,0.025208,0.024215,0.376261,0.621548,calls/second,milliseconds
1780303257,6,11.000000,8.500389,7.000000,1.119037,8.000000,8.000000,11.000000,11.000000,11.000000,11.000000,0.025102,0.024215,0.376261,0.621548,calls/second,milliseconds
1780303258,6,11.000000,8.500389,7.000000,1.119037,8.000000,8.000000,11.000000,11.000000,11.000000,11.000000,0.024997,0.022279,0.370042,0.618104,calls/second,milliseconds
1780303259,6,11.000000,8.500389,7.000000,1.119037,8.000000,8.000000,11.000000,11.000000,11.000000,11.000000,0.024893,0.022279,0.370042,0.618104,calls/second,milliseconds
1780303260,6,11.000000,8.500389,7.000000,1.119037,8.000000,8.000000,11.000000,11.000000,11.000000,11.000000,0.024790,0.022279,0.370042,0.618104,calls/second,milliseconds
1780303261,6,11.000000,8.500389,7.000000,1.119037,8.000000,8.000000,11.000000,11.000000,11.000000,11.000000,0.024688,0.022279,0.370042,0.618104,calls/second,milliseconds
1780303262,6,11.000000,8.500389,7.000000,1.119037,8.000000,8.000000,11.000000,11.000000,11.000000,11.000000,0.024587,0.022279,0.370042,0.618104,calls/second,milliseconds
1780303263,6,11.000000,8.500389,7.000000,1.119037,8.000000,8.000000,11.000000,11.000000,11.000000,11.000000,0.024487,0.020498,0.363926,0.614680,calls/second,milliseconds
1780303264,6,11.000000,8.500389,7.000000,1.119037,8.000000,8.000000,11.000000,11.000000,11.000000,11.000000,0.024387,0.020498,0.363926,0.614680,calls/second,milliseconds
1780303265,6,11.000000,8.500389,7.000000,1.119037,8.000000,8.000000,11.000000,11.000000,11.000000,11.000000,0.024288,0.020498,0.363926,0.614680,calls/second,milliseconds
1780303266,6,11.000000,8.500389,7.000000,1.119037,8.000000,8.000000,11.000000,11.000000,11.000000,11.000000,0.024190,0.020498,0.363926,0.614680,calls/second,milliseconds
1780303267,6,11.000000,8.500389,7.000000,1.119037,8.000000,8.000000,11.000000,11.000000,11.000000,11.000000,0.024093,0.020498,0.363926,0.614680,calls/second,milliseconds
1780303268,6,11.000000,8.500389,7.000000,1.119037,8.000000,8.000000,11.000000,11.000000,11.000000,11.000000,0.023996,0.018859,0.357910,0.611275,calls/second,milliseconds
1780303269,6,11.000000,8.500389,7.000000,1.119037,8.000000,8.000000,11.000000,11.000000,11.000000,11.000000,0.023900,0.018859,0.357910,0.611275,calls/second,milliseconds
1780303270,6,11.000000,8.500389,7.000000,1.119037,8.000000,8.000000,11.000000,11.000000,11.000000,11.000000,0.023806,0.018859,0.357910,0.611275,calls/second,milliseconds
1780303271,6,11.000000,8.500389,7.000000,1.119037,8.000000,8.000000,11.000000,11.000000,11.000000,11.000000,0.023711,0.018859,0.357910,0.611275,calls/second,milliseconds
1780303272,6,11.000000,8.500389,7.000000,1.119037,8.000000,8.000000,11.000000,11.000000,11.000000,11.000000,0.023618,0.018859,0.357910,0.611275,calls/second,milliseconds
1780303273,6,11.000000,8.500389,7.000000,1.119037,8.000000,8.000000,11.000000,11.000000,11.000000,11.000000,0.023525,0.017351,0.351995,0.607888,calls/second,milliseconds
1780303274,6,11.000000,8.500389,7.000000,1.119037,8.000000,8.000000,11.000000,11.000000,11.000000,11.000000,0.023433,0.017351,0.351995,0.607888,calls/second,milliseconds
1780303275,6,11.000000,8.500389,7.000000,1.119037,8.000000,8.000000,11.000000,11.000000,11.000000,11.000000,0.023342,0.017351,0.351995,0.607888,calls/second,milliseconds
1780303276,6,11.000000,8.500389,7.000000,1.119037,8.000000,8.000000,11.000000,11.000000,11.000000,11.000000,0.023251,0.017351,0.351995,0.607888,calls/second,milliseconds
1780303277,6,11.000000,8.500389,7.000000,1.119037,8.000000,8.000000,11.000000,11.000000,11.000000,11.000000,0.023161,0.017351,0.351995,0.607888,calls/second,milliseconds
1780303278,6,11.000000,8.500389,7.000000,1.119037,8.000000,8.000000,11.000000,11.000000,11.000000,11.000000,0.023072,0.015963,0.346177,0.604520,calls/second,milliseconds
1780303279,6,11.000000,8.500389,7.000000,1.119037,8.000000,8.000000,11.000000,11.000000,11.000000,11.000000,0.022984,0.015963,0.346177,0.604520,calls/second,milliseconds
1780303280,6,11.000000,8.500389,7.000000,1.119037,8.000000,8.000000,11.000000,11.000000,11.000000,11.000000,0.022896,0.015963,0.346177,0.604520,calls/second,milliseconds
1780303281,6,11.000000,8.500389,7.000000,1.119037,8.000000,8.000000,11.000000,11.000000,11.000000,11.000000,0.022809,0.015963,0.346177,0.604520,calls/second,milliseconds
1780303282,6,11.000000,8.500389,7.000000,1.119037,8.000000,8.000000,11.000000,11.000000,11.000000,11.000000,0.022722,0.015963,0.346177,0.604520,calls/second,milliseconds
1780303283,6,11.000000,8.500389,7.000000,1.119037,8.000000,8.000000,11.000000,11.000000,11.000000,11.000000,0.022636,0.014687,0.340455,0.601171,calls/second,milliseconds
1780303284,6,11.000000,8.500389,7.000000,1.119037,8.000000,8.000000,11.000000,11.000000,11.000000,11.000000,0.022551,0.014687,0.340455,0.601171,calls/second,milliseconds
1780303285,6,11.000000,8.500389,7.000000,1.119037,8.000000,8.000000,11.000000,11.000000,11.000000,11.000000,0.022466,0.014687,0.340455,0.601171,calls/second,milliseconds
1780303286,6,11.000000,8.500389,7.000000,1.119037,8.000000,8.000000,11.000000,11.000000,11.000000,11.000000,0.022382,0.014687,0.340455,0.601171,calls/second,milliseconds
1780303287,6,11.000000,8.500389,7.000000,1.119037,8.000000,8.000000,11.000000,11.000000,11.000000,11.000000,0.022299,0.014687,0.340455,0.601171,calls/second,milliseconds
1780303288,6,11.000000,8.500389,7.000000,1.119037,8.000000,8.000000,11.000000,11.000000,11.000000,11.000000,0.022216,0.013513,0.334828,0.597841,calls/second,milliseconds
1780303289,6,11.000000,8.500389,7.000000,1.119037,8.000000,8.000000,11.000000,11.000000,11.000000,11.000000,0.022134,0.013513,0.334828,0.597841,calls/second,milliseconds
1780303290,6,11.000000,8.500389,7.000000,1.119037,8.000000,8.000000,11.000000,11.000000,11.000000,11.000000,0.022053,0.013513,0.334828,0.597841,calls/second,milliseconds
1780303291,6,11.000000,8.500389,7.000000,1.119037,8.000000,8.000000,11.000000,11.000000,11.000000,11.000000,0.021972,0.013513,0.334828,0.597841,calls/second,milliseconds
1780303292,6,11.000000,8.500389,7.000000,1.119037,8.000000,8.000000,11.000000,11.000000,11.000000,11.000000,0.021892,0.013513,0.334828,0.597841,calls/second,milliseconds
1780303293,6,11.000000,8.500389,7.000000,1.119037,8.000000,8.000000,11.000000,11.000000,11.000000,11.000000,0.021812,0.012432,0.329294,0.594528,calls/second,milliseconds
1780303294,6,11.000000,8.500389,7.000000,1.119037,8.000000,8.000000,11.000000,11.000000,11.000000,11.000000,0.021733,0.012432,0.329294,0.594528,calls/second,milliseconds
1780303295,6,11.000000,8.500389,7.000000,1.119037,8.000000,8.000000,11.000000,11.000000,11.000000,11.000000,0.021654,0.012432,0.329294,0.594528,calls/second,milliseconds
1780303296,6,11.000000,8.500389,7.000000,1.119037,8.000000,8.000000,11.000000,11.000000,11.000000,11.000000,0.021576,0.012432,0.329294,0.594528,calls/second,milliseconds
1780303297,6,11.000000,8.500389,7.000000,1.119037,8.000000,8.000000,11.000000,11.000000,11.000000,11.000000,0.021499,0.012432,0.329294,0.594528,calls/second,milliseconds
1780303298,6,11.000000,8.500389,7.000000,1.119037,8.000000,8.000000,11.000000,11.000000,11.000000,11.000000,0.021422,0.011438,0.323851,0.591235,calls/second,milliseconds
1780303299,6,11.000000,8.500389,7.000000,1.119037,8.000000,8.000000,11.000000,11.000000,11.000000,11.000000,0.021346,0.011438,0.323851,0.591235,calls/second,milliseconds
1780303300,6,11.000000,8.500389,7.000000,1.119037,8.000000,8.000000,11.000000,11.000000,11.000000,11.000000,0.021270,0.011438,0.323851,0.591235,calls/second,milliseconds
1780303301,6,11.000000,8.500389,7.000000,1.119037,8.000000,8.000000,11.000000,11.000000,11.000000,11.000000,0.021195,0.011438,0.323851,0.591235,calls/second,milliseconds
1780303302,6,11.000000,8.500389,7.000000,1.119037,8.000000,8.000000,11.000000,11.000000,11.000000,11.000000,0.021120,0.011438,0.323851,0.591235,calls/second,milliseconds
1780303303,6,11.000000,8.500389,7.000000,1.119037,8.000000,8.000000,11.000000,11.000000,11.000000,11.000000,0.021046,0.010524,0.318498,0.587959,calls/second,milliseconds
1780303304,7,11.000000,7.330621,7.000000,0.814058,7.000000,7.000000,9.000000,11.000000,11.000000,11.000000,0.024467,0.010524,0.318498,0.587959,calls/second,milliseconds
1780303305,7,11.000000,7.330621,7.000000,0.814058,7.000000,7.000000,9.000000,11.000000,11.000000,11.000000,0.024381,0.010524,0.318498,0.587959,calls/second,milliseconds
1780303306,7,11.000000,7.330621,7.000000,0.814058,7.000000,7.000000,9.000000,11.000000,11.000000,11.000000,0.024297,0.010524,0.318498,0.587959,calls/second,milliseconds
1780303307,7,11.000000,7.330621,7.000000,0.814058,7.000000,7.000000,9.000000,11.000000,11.000000,11.000000,0.024212,0.010524,0.318498,0.587959,calls/second,milliseconds
1780303308,7,11.000000,7.330621,7.000000,0.814058,7.000000,7.000000,9.000000,11.000000,11.000000,11.000000,0.024129,0.025673,0.316539,0.585810,calls/second,milliseconds
1780303309,7,11.000000,7.330621,7.000000,0.814058,7.000000,7.000000,9.000000,11.000000,11.000000,11.000000,0.024046,0.025673,0.316539,0.585810,calls/second,milliseconds
1780303310,7,11.000000,7.330621,7.000000,0.814058,7.000000,7.000000,9.000000,11.000000,11.000000,11.000000,0.023963,0.025673,0.316539,0.585810,calls/second,milliseconds
1780303311,7,11.000000,7.330621,7.000000,0.814058,7.000000,7.000000,9.000000,11.000000,11.000000,11.000000,0.023882,0.025673,0.316539,0.585810,calls/second,milliseconds
1780303312,7,11.000000,7.330621,7.000000,0.814058,7.000000,7.000000,9.000000,11.000000,11.000000,11.000000,0.023800,0.025673,0.316539,0.585810,calls/second,milliseconds
1780303313,7,11.000000,7.330621,7.000000,0.814058,7.000000,7.000000,9.000000,11.000000,11.000000,11.000000,0.023719,0.023621,0.311307,0.582564,calls/second,milliseconds
1780303314,7,11.000000,7.330621,7.000000,0.814058,7.000000,7.000000,9.000000,11.000000,11.000000,11.000000,0.023639,0.023621,0.311307,0.582564,calls/second,milliseconds
1780303315,7,11.000000,7.330621,7.000000,0.814058,7.000000,7.000000,9.000000,11.000000,11.000000,11.000000,0.023560,0.023621,0.311307,0.582564,calls/second,milliseconds
1780303316,7,11.000000,7.330621,7.000000,0.814058,7.000000,7.000000,9.000000,11.000000,11.000000,11.000000,0.023480,0.023621,0.311307,0.582564,calls/second,milliseconds
1780303317,7,11.000000,7.330621,7.000000,0.814058,7.000000,7.000000,9.000000,11.000000,11.000000,11.000000,0.023402,0.023621,0.311307,0.582564,calls/second,milliseconds
1780303318,7,11.000000,7.330621,7.000000,0.814058,7.000000,7.000000,9.000000,11.000000,11.000000,11.000000,0.023324,0.021732,0.306162,0.579337,calls/second,milliseconds
1780303319,7,11.000000,7.330621,7.000000,0.814058,7.000000,7.000000,9.000000,11.000000,11.000000,11.000000,0.023246,0.021732,0.306162,0.579337,calls/second,milliseconds
1780303320,7,11.000000,7.330621,7.000000,0.814058,7.000000,7.000000,9.000000,11.000000,11.000000,11.000000,0.023169,0.021732,0.306162,0.579337,calls/second,milliseconds
1780303321,7,11.000000,7.330621,7.000000,0.814058,7.000000,7.000000,9.000000,11.000000,11.000000,11.000000,0.023092,0.021732,0.306162,0.579337,calls/second,milliseconds
1780303322,7,11.000000,7.330621,7.000000,0.814058,7.000000,7.000000,9.000000,11.000000,11.000000,11.000000,0.023016,0.021732,0.306162,0.579337,calls/second,milliseconds
1780303323,7,11.000000,7.330621,7.000000,0.814058,7.000000,7.000000,9.000000,11.000000,11.000000,11.000000,0.022941,0.019995,0.301102,0.576127,calls/second,milliseconds
1780303324,7,11.000000,7.330621,7.000000,0.814058,7.000000,7.000000,9.000000,11.000000,11.000000,11.000000,0.022866,0.019995,0.301102,0.576127,calls/second,milliseconds
1780303325,7,11.000000,7.330621,7.000000,0.814058,7.000000,7.000000,9.000000,11.000000,11.000000,11.000000,0.022791,0.019995,0.301102,0.576127,calls/second,milliseconds
1780303326,7,11.000000,7.330621,7.000000,0.814058,7.000000,7.000000,9.000000,11.000000,11.000000,11.000000,0.022717,0.019995,0.301102,0.576127,calls/second,milliseconds
1780303327,7,11.000000,7.330621,7.000000,0.814058,7.000000,7.000000,9.000000,11.000000,11.000000,11.000000,0.022644,0.019995,0.301102,0.576127,calls/second,milliseconds
1780303328,7,11.000000,7.330621,7.000000,0.814058,7.000000,7.000000,9.000000,11.000000,11.000000,11.000000,0.022570,0.018396,0.296125,0.572935,calls/second,milliseconds
1780303329,7,11.000000,7.330621,7.000000,0.814058,7.000000,7.000000,9.000000,11.000000,11.000000,11.000000,0.022498,0.018396,0.296125,0.572935,calls/second,milliseconds
1780303330,7,11.000000,7.330621,7.000000,0.814058,7.000000,7.000000,9.000000,11.000000,11.000000,11.000000,0.022426,0.018396,0.296125,0.572935,calls/second,milliseconds
1780303331,7,11.000000,7.330621,7.000000,0.814058,7.000000,7.000000,9.000000,11.000000,11.000000,11.000000,0.022354,0.018396,0.296125,0.572935,calls/second,milliseconds
1780303332,7,11.000000,7.330621,7.000000,0.814058,7.000000,7.000000,9.000000,11.000000,11.000000,11.000000,0.022283,0.018396,0.296125,0.572935,calls/second,milliseconds
1780303333,7,11.000000,7.330621,7.000000,0.814058,7.000000,7.000000,9.000000,11.000000,11.000000,11.000000,0.022212,0.016925,0.291230,0.569761,calls/second,milliseconds
1780303334,7,11.000000,7.330621,7.000000,0.814058,7.000000,7.000000,9.000000,11.000000,11.000000,11.000000,0.022142,0.016925,0.291230,0.569761,calls/second,milliseconds
1780303335,7,11.000000,7.330621,7.000000,0.814058,7.000000,7.000000,9.000000,11.000000,11.000000,11.000000,0.022072,0.016925,0.291230,0.569761,calls/second,milliseconds
1780303336,7,11.000000,7.330621,7.000000,0.814058,7.000000,7.000000,9.000000,11.000000,11.000000,11.000000,0.022002,0.016925,0.291230,0.569761,calls/second,milliseconds
1780303337,7,11.000000,7.330621,7.000000,0.814058,7.000000,7.000000,9.000000,11.000000,11.000000,11.000000,0.021933,0.016925,0.291230,0.569761,calls/second,milliseconds
1780303338,7,11.000000,7.330621,7.000000,0.814058,7.000000,7.000000,9.000000,11.000000,11.000000,11.000000,0.021864,0.015572,0.286417,0.566605,calls/second,milliseconds
1780303339,7,11.000000,7.330621,7.000000,0.814058,7.000000,7.000000,9.000000,11.000000,11.000000,11.000000,0.021796,0.015572,0.286417,0.566605,calls/second,milliseconds
1780303340,7,11.000000,7.330621,7.000000,0.814058,7.000000,7.000000,9.000000,11.000000,11.000000,11.000000,0.021729,0.015572,0.286417,0.566605,calls/second,milliseconds
1780303341,7,11.000000,7.330621,7.000000,0.814058,7.000000,7.000000,9.000000,11.000000,11.000000,11.000000,0.021661,0.015572,0.286417,0.566605,calls/second,milliseconds
1780303342,7,11.000000,7.330621,7.000000,0.814058,7.000000,7.000000,9.000000,11.000000,11.000000,11.000000,0.021594,0.015572,0.286417,0.566605,calls/second,milliseconds
1780303343,7,11.000000,7.330621,7.000000,0.814058,7.000000,7.000000,9.000000,11.000000,11.000000,11.000000,0.021528,0.014327,0.281683,0.563466,calls/second,milliseconds
1780303344,7,11.000000,7.330621,7.000000,0.814058,7.000000,7.000000,9.000000,11.000000,11.000000,11.000000,0.021462,0.014327,0.281683,0.563466,calls/second,milliseconds
1780303345,7,11.000000,7.330621,7.000000,0.814058,7.000000,7.000000,9.000000,11.000000,11.000000,11.000000,0.021396,0.014327,0.281683,0.563466,calls/second,milliseconds
1780303346,7,11.000000,7.330621,7.000000,0.814058,7.000000,7.000000,9.000000,11.000000,11.000000,11.000000,0.021331,0.014327,0.281683,0.563466,calls/second,milliseconds
1780303347,7,11.000000,7.330621,7.000000,0.814058,7.000000,7.000000,9.000000,11.000000,11.000000,11.000000,0.021266,0.014327,0.281683,0.563466,calls/second,milliseconds
1780303348,7,11.000000,7.330621,7.000000,0.814058,7.000000,7.000000,9.000000,11.000000,11.000000,11.000000,0.021201,0.013181,0.277027,0.560344,calls/second,milliseconds
1780303349,7,11.000000,7.330621,7.000000,0.814058,7.000000,7.000000,9.000000,11.000000,11.000000,11.000000,0.021137,0.013181,0.277027,0.560344,calls/second,milliseconds
1780303350,7,11.000000,7.330621,7.000000,0.814058,7.000000,7.000000,9.000000,11.000000,11.000000,11.000000,0.021073,0.013181,0.277027,0.560344,calls/second,milliseconds
1780303351,7,11.000000,7.330621,7.000000,0.814058,7.000000,7.000000,9.000000,11.000000,11.000000,11.000000,0.021010,0.013181,0.277027,0.560344,calls/second,milliseconds
1780303352,7,11.000000,7.330621,7.000000,0.814058,7.000000,7.000000,9.000000,11.000000,11.000000,11.000000,0.020947,0.013181,0.277027,0.560344,calls/second,milliseconds
1780303353,7,11.000000,7.330621,7.000000,0.814058,7.000000,7.000000,9.000000,11.000000,11.000000,11.000000,0.020884,0.012127,0.272448,0.557239,calls/second,milliseconds
1780303354,7,11.000000,7.330621,7.000000,0.814058,7.000000,7.000000,9.000000,11.000000,11.000000,11.000000,0.020822,0.012127,0.272448,0.557239,calls/second,milliseconds
1780303355,7,11.000000,7.330621,7.000000,0.814058,7.000000,7.000000,9.000000,11.000000,11.000000,11.000000,0.020760,0.012127,0.272448,0.557239,calls/second,milliseconds
1780303356,7,11.000000,7.330621,7.000000,0.814058,7.000000,7.000000,9.000000,11.000000,11.000000,11.000000,0.020699,0.012127,0.272448,0.557239,calls/second,milliseconds
1780303357,7,11.000000,7.330621,7.000000,0.814058,7.000000,7.000000,9.000000,11.000000,11.000000,11.000000,0.020638,0.012127,0.272448,0.557239,calls/second,milliseconds
1780303358,7,11.000000,7.330621,7.000000,0.814058,7.000000,7.000000,9.000000,11.000000,11.000000,11.000000,0.020577,0.011158,0.267945,0.554152,calls/second,milliseconds
1780303359,7,11.000000,7.330621,7.000000,0.814058,7.000000,7.000000,9.000000,11.000000,11.000000,11.000000,0.020517,0.011158,0.267945,0.554152,calls/second,milliseconds
1780303360,7,11.000000,7.330621,7.000000,0.814058,7.000000,7.000000,9.000000,11.000000,11.000000,11.000000,0.020457,0.011158,0.267945,0.554152,calls/second,milliseconds
1780303361,7,11.000000,7.330621,7.000000,0.814058,7.000000,7.000000,9.000000,11.000000,11.000000,11.000000,0.020397,0.011158,0.267945,0.554152,calls/second,milliseconds
1780303362,7,11.000000,7.330621,7.000000,0.814058,7.000000,7.000000,9.000000,11.000000,11.000000,11.000000,0.020337,0.011158,0.267945,0.554152,calls/second,milliseconds
1780303363,7,11.000000,7.330621,7.000000,0.814058,7.000000,7.000000,9.000000,11.000000,11.000000,11.000000,0.020278,0.010266,0.263516,0.551082,calls/second,milliseconds
1780303364,7,11.000000,7.330621,7.000000,0.814058,7.000000,7.000000,9.000000,11.000000,11.000000,11.000000,0.020220,0.010266,0.263516,0.551082,calls/second,milliseconds
1780303365,7,11.000000,7.330621,7.000000,0.814058,7.000000,7.000000,9.000000,11.000000,11.000000,11.000000,0.020161,0.010266,0.263516,0.551082,calls/second,milliseconds
1780303366,7,11.000000,7.330621,7.000000,0.814058,7.000000,7.000000,9.000000,11.000000,11.000000,11.000000,0.020103,0.010266,0.263516,0.551082,calls/second,milliseconds
1780303367,7,11.000000,7.330621,7.000000,0.814058,7.000000,7.000000,9.000000,11.000000,11.000000,11.000000,0.020046,0.010266,0.263516,0.551082,calls/second,milliseconds
1780303368,7,11.000000,7.330621,7.000000,0.814058,7.000000,7.000000,9.000000,11.000000,11.000000,11.000000,0.019988,0.009445,0.259161,0.548029,calls/second,milliseconds
1780303369,7,11.000000,7.330621,7.000000,0.814058,7.000000,7.000000,9.000000,11.000000,11.000000,11.000000,0.019931,0.009445,0.259161,0.548029,calls/second,milliseconds
1780303370,7,11.000000,7.330621,7.000000,0.814058,7.000000,7.000000,9.000000,11.000000,11.000000,11.000000,0.019875,0.009445,0.259161,0.548029,calls/second,milliseconds
1780303371,7,11.000000,7.330621,7.000000,0.814058,7.000000,7.000000,9.000000,11.000000,11.000000,11.000000,0.019818,0.009445,0.259161,0.548029,calls/second,milliseconds
1780303372,7,11.000000,7.330621,7.000000,0.814058,7.000000,7.000000,9.000000,11.000000,11.000000,11.000000,0.019762,0.009445,0.259161,0.548029,calls/second,milliseconds
1780303373,7,11.000000,7.330621,7.000000,0.814058,7.000000,7.000000,9.000000,11.000000,11.000000,11.000000,0.019707,0.008690,0.254877,0.544993,calls/second,milliseconds
1780303374,7,11.000000,7.330621,7.000000,0.814058,7.000000,7.000000,9.000000,11.000000,11.000000,11.000000,0.019651,0.008690,0.254877,0.544993,calls/second,milliseconds
1780303375,7,11.000000,7.330621,7.000000,0.814058,7.000000,7.000000,9.000000,11.000000,11.000000,11.000000,0.019596,0.008690,0.254877,0.544993,calls/second,milliseconds
1780303376,7,11.000000,7.330621,7.000000,0.814058,7.000000,7.000000,9.000000,11.000000,11.000000,11.000000,0.019541,0.008690,0.254877,0.544993,calls/second,milliseconds
1780303377,7,11.000000,7.330621,7.000000,0.814058,7.000000,7.000000,9.000000,11.000000,11.000000,11.000000,0.019487,0.008690,0.254877,0.544993,calls/second,milliseconds
1780303378,7,11.000000,7.330621,7.000000,0.814058,7.000000,7.000000,9.000000,11.000000,11.000000,11.000000,0.019433,0.007995,0.250664,0.541974,calls/second,milliseconds
1780303379,7,11.000000,7.330621,7.000000,0.814058,7.000000,7.000000,9.000000,11.000000,11.000000,11.000000,0.019379,0.007995,0.250664,0.541974,calls/second,milliseconds
1780303380,7,11.000000,7.330621,7.000000,0.814058,7.000000,7.000000,9.000000,11.000000,11.000000,11.000000,0.019325,0.007995,0.250664,0.541974,calls/second,milliseconds
1780303381,7,11.000000,7.330621,7.000000,0.814058,7.000000,7.000000,9.000000,11.000000,11.000000,11.000000,0.019272,0.007995,0.250664,0.541974,calls/second,milliseconds
1780303382,7,11.000000,7.330621,7.000000,0.814058,7.000000,7.000000,9.000000,11.000000,11.000000,11.000000,0.019219,0.007995,0.250664,0.541974,calls/second,milliseconds
1780303383,7,11.000000,7.330621,7.000000,0.814058,7.000000,7.000000,9.000000,11.000000,11.000000,11.000000,0.019166,0.007356,0.246521,0.538971,calls/second,milliseconds
1780303384,7,11.000000,7.330621,7.000000,0.814058,7.000000,7.000000,9.000000,11.000000,11.000000,11.000000,0.019114,0.007356,0.246521,0.538971,calls/second,milliseconds
1780303385,7,11.000000,7.330621,7.000000,0.814058,7.000000,7.000000,9.000000,11.000000,11.000000,11.000000,0.019062,0.007356,0.246521,0.538971,calls/second,milliseconds
1780303386,7,11.000000,7.330621,7.000000,0.814058,7.000000,7.000000,9.000000,11.000000,11.000000,11.000000,0.019010,0.007356,0.246521,0.538971,calls/second,milliseconds
1780303387,7,11.000000,7.330621,7.000000,0.814058,7.000000,7.000000,9.000000,11.000000,11.000000,11.000000,0.018958,0.007356,0.246521,0.538971,calls/second,milliseconds
1780303388,7,11.000000,7.330621,7.000000,0.814058,7.000000,7.000000,9.000000,11.000000,11.000000,11.000000,0.018907,0.006767,0.242446,0.535985,calls/second,milliseconds
1780303389,7,11.000000,7.330621,7.000000,0.814058,7.000000,7.000000,9.000000,11.000000,11.000000,11.000000,0.018856,0.006767,0.242446,0.535985,calls/second,milliseconds
1780303390,7,11.000000,7.330621,7.000000,0.814058,7.000000,7.000000,9.000000,11.000000,11.000000,11.000000,0.018805,0.006767,0.242446,0.535985,calls/second,milliseconds
1780303391,7,11.000000,7.330621,7.000000,0.814058,7.000000,7.000000,9.000000,11.000000,11.000000,11.000000,0.018755,0.006767,0.242446,0.535985,calls/second,milliseconds
1780303392,7,11.000000,7.330621,7.000000,0.814058,7.000000,7.000000,9.000000,11.000000,11.000000,11.000000,0.018705,0.006767,0.242446,0.535985,calls/second,milliseconds
1780303393,7,11.000000,7.330621,7.000000,0.814058,7.000000,7.000000,9.000000,11.000000,11.000000,11.000000,0.018655,0.006226,0.238439,0.533016,calls/second,milliseconds
1780303394,7,11.000000,7.330621,7.000000,0.814058,7.000000,7.000000,9.000000,11.000000,11.000000,11.000000,0.018605,0.006226,0.238439,0.533016,calls/second,milliseconds
1780303395,7,11.000000,7.330621,7.000000,0.814058,7.000000,7.000000,9.000000,11.000000,11.000000,11.000000,0.018556,0.006226,0.238439,0.533016,calls/second,milliseconds
1780303396,7,11.000000,7.330621,7.000000,0.814058,7.000000,7.000000,9.000000,11.000000,11.000000,11.000000,0.018506,0.006226,0.238439,0.533016,calls/second,milliseconds
1780303397,7,11.000000,7.330621,7.000000,0.814058,7.000000,7.000000,9.000000,11.000000,11.000000,11.000000,0.018458,0.006226,0.238439,0.533016,calls/second,milliseconds
1780303398,7,11.000000,7.330621,7.000000,0.814058,7.000000,7.000000,9.000000,11.000000,11.000000,11.000000,0.018409,0.005729,0.234498,0.530063,calls/second,milliseconds
1780303399,7,11.000000,7.330621,7.000000,0.814058,7.000000,7.000000,9.000000,11.000000,11.000000,11.000000,0.018361,0.005729,0.234498,0.530063,calls/second,milliseconds
1780303400,7,11.000000,7.330621,7.000000,0.814058,7.000000,7.000000,9.000000,11.000000,11.000000,11.000000,0.018312,0.005729,0.234498,0.530063,calls/second,milliseconds
1780303401,7,11.000000,7.330621,7.000000,0.814058,7.000000,7.000000,9.000000,11.000000,11.000000,11.000000,0.018265,0.005729,0.234498,0.530063,calls/second,milliseconds
1780303402,7,11.000000,7.330621,7.000000,0.814058,7.000000,7.000000,9.000000,11.000000,11.000000,11.000000,0.018217,0.005729,0.234498,0.530063,calls/second,milliseconds
1780303403,7,11.000000,7.330621,7.000000,0.814058,7.000000,7.000000,9.000000,11.000000,11.000000,11.000000,0.018170,0.005270,0.230622,0.527126,calls/second,milliseconds
1780303404,7,11.000000,7.330621,7.000000,0.814058,7.000000,7.000000,9.000000,11.000000,11.000000,11.000000,0.018123,0.005270,0.230622,0.527126,calls/second,milliseconds
1780303405,7,11.000000,7.330621,7.000000,0.814058,7.000000,7.000000,9.000000,11.000000,11.000000,11.000000,0.018076,0.005270,0.230622,0.527126,calls/second,milliseconds
1780303406,7,11.000000,7.330621,7.000000,0.814058,7.000000,7.000000,9.000000,11.000000,11.000000,11.000000,0.018029,0.005270,0.230622,0.527126,calls/second,milliseconds
1780303407,7,11.000000,7.330621,7.000000,0.814058,7.000000,7.000000,9.000000,11.000000,11.000000,11.000000,0.017983,0.005270,0.230622,0.527126,calls/second,milliseconds
1780303408,7,11.000000,7.330621,7.000000,0.814058,7.000000,7.000000,9.000000,11.000000,11.000000,11.000000,0.017937,0.004849,0.226810,0.524206,calls/second,milliseconds
1780303409,7,11.000000,7.330621,7.000000,0.814058,7.000000,7.000000,9.000000,11.000000,11.000000,11.000000,0.017891,0.004849,0.226810,0.524206,calls/second,milliseconds
1780303410,7,11.000000,7.330621,7.000000,0.814058,7.000000,7.000000,9.000000,11.000000,11.000000,11.000000,0.017845,0.004849,0.226810,0.524206,calls/second,milliseconds
1780303411,7,11.000000,7.330621,7.000000,0.814058,7.000000,7.000000,9.000000,11.000000,11.000000,11.000000,0.017800,0.004849,0.226810,0.524206,calls/second,milliseconds
1780303412,7,11.000000,7.330621,7.000000,0.814058,7.000000,7.000000,9.000000,11.000000,11.000000,11.000000,0.017754,0.004849,0.226810,0.524206,calls/second,milliseconds
1780303413,7,11.000000,7.330621,7.000000,0.814058,7.000000,7.000000,9.000000,11.000000,11.000000,11.000000,0.017709,0.004461,0.223062,0.521301,calls/second,milliseconds
1780303414,7,11.000000,7.330621,7.000000,0.814058,7.000000,7.000000,9.000000,11.000000,11.000000,11.000000,0.017665,0.004461,0.223062,0.521301,calls/second,milliseconds
1780303415,8,11.000000,7.064563,7.000000,0.382865,7.000000,7.000000,7.000000,8.000000,8.000000,11.000000,0.020137,0.004461,0.223062,0.521301,calls/second,milliseconds
1780303416,8,11.000000,7.064563,7.000000,0.382865,7.000000,7.000000,7.000000,8.000000,8.000000,11.000000,0.020086,0.004461,0.223062,0.521301,calls/second,milliseconds
1780303417,8,11.000000,7.064563,7.000000,0.382865,7.000000,7.000000,7.000000,8.000000,8.000000,11.000000,0.020036,0.004461,0.223062,0.521301,calls/second,milliseconds
1780303418,8,11.000000,7.064563,7.000000,0.382865,7.000000,7.000000,7.000000,8.000000,8.000000,11.000000,0.019986,0.020096,0.222680,0.519521,calls/second,milliseconds
1780303419,8,11.000000,7.064563,7.000000,0.382865,7.000000,7.000000,7.000000,8.000000,8.000000,11.000000,0.019936,0.020096,0.222680,0.519521,calls/second,milliseconds
1780303420,8,11.000000,7.064563,7.000000,0.382865,7.000000,7.000000,7.000000,8.000000,8.000000,11.000000,0.019886,0.020096,0.222680,0.519521,calls/second,milliseconds
1780303421,8,11.000000,7.064563,7.000000,0.382865,7.000000,7.000000,7.000000,8.000000,8.000000,11.000000,0.019837,0.020096,0.222680,0.519521,calls/second,milliseconds
1780303422,8,11.000000,7.064563,7.000000,0.382865,7.000000,7.000000,7.000000,8.000000,8.000000,11.000000,0.019788,0.020096,0.222680,0.519521,calls/second,milliseconds
1780303423,8,11.000000,7.064563,7.000000,0.382865,7.000000,7.000000,7.000000,8.000000,8.000000,11.000000,0.019739,0.018489,0.219000,0.516643,calls/second,milliseconds
1780303424,8,11.000000,7.064563,7.000000,0.382865,7.000000,7.000000,7.000000,8.000000,8.000000,11.000000,0.019690,0.018489,0.219000,0.516643,calls/second,milliseconds
1780303425,8,11.000000,7.064563,7.000000,0.382865,7.000000,7.000000,7.000000,8.000000,8.000000,11.000000,0.019642,0.018489,0.219000,0.516643,calls/second,milliseconds
1780303426,8,11.000000,7.064563,7.000000,0.382865,7.000000,7.000000,7.000000,8.000000,8.000000,11.000000,0.019593,0.018489,0.219000,0.516643,calls/second,milliseconds
1780303427,8,11.000000,7.064563,7.000000,0.382865,7.000000,7.000000,7.000000,8.000000,8.000000,11.000000,0.019545,0.018489,0.219000,0.516643,calls/second,milliseconds
1780303428,8,11.000000,7.064563,7.000000,0.382865,7.000000,7.000000,7.000000,8.000000,8.000000,11.000000,0.019498,0.017011,0.215380,0.513781,calls/second,milliseconds
1780303429,8,11.000000,7.064563,7.000000,0.382865,7.000000,7.000000,7.000000,8.000000,8.000000,11.000000,0.019450,0.017011,0.215380,0.513781,calls/second,milliseconds
1780303430,8,11.000000,7.064563,7.000000,0.382865,7.000000,7.000000,7.000000,8.000000,8.000000,11.000000,0.019403,0.017011,0.215380,0.513781,calls/second,milliseconds
1780303431,8,11.000000,7.064563,7.000000,0.382865,7.000000,7.000000,7.000000,8.000000,8.000000,11.000000,0.019356,0.017011,0.215380,0.513781,calls/second,milliseconds
1780303432,8,11.000000,7.064563,7.000000,0.382865,7.000000,7.000000,7.000000,8.000000,8.000000,11.000000,0.019309,0.017011,0.215380,0.513781,calls/second,milliseconds
1780303433,8,11.000000,7.064563,7.000000,0.382865,7.000000,7.000000,7.000000,8.000000,8.000000,11.000000,0.019263,0.015651,0.211820,0.510934,calls/second,milliseconds
1780303434,8,11.000000,7.064563,7.000000,0.382865,7.000000,7.000000,7.000000,8.000000,8.000000,11.000000,0.019216,0.015651,0.211820,0.510934,calls/second,milliseconds
1780303435,8,11.000000,7.064563,7.000000,0.382865,7.000000,7.000000,7.000000,8.000000,8.000000,11.000000,0.019170,0.015651,0.211820,0.510934,calls/second,milliseconds
1780303436,8,11.000000,7.064563,7.000000,0.382865,7.000000,7.000000,7.000000,8.000000,8.000000,11.000000,0.019124,0.015651,0.211820,0.510934,calls/second,milliseconds
1780303437,8,11.000000,7.064563,7.000000,0.382865,7.000000,7.000000,7.000000,8.000000,8.000000,11.000000,0.019079,0.015651,0.211820,0.510934,calls/second,milliseconds
1780303438,8,11.000000,7.064563,7.000000,0.382865,7.000000,7.000000,7.000000,8.000000,8.000000,11.000000,0.019033,0.014399,0.208319,0.508104,calls/second,milliseconds
1780303439,8,11.000000,7.064563,7.000000,0.382865,7.000000,7.000000,7.000000,8.000000,8.000000,11.000000,0.018988,0.014399,0.208319,0.508104,calls/second,milliseconds
1780303440,8,11.000000,7.064563,7.000000,0.382865,7.000000,7.000000,7.000000,8.000000,8.000000,11.000000,0.018943,0.014399,0.208319,0.508104,calls/second,milliseconds
1780303441,8,11.000000,7.064563,7.000000,0.382865,7.000000,7.000000,7.000000,8.000000,8.000000,11.000000,0.018898,0.014399,0.208319,0.508104,calls/second,milliseconds
1780303442,8,11.000000,7.064563,7.000000,0.382865,7.000000,7.000000,7.000000,8.000000,8.000000,11.000000,0.018853,0.014399,0.208319,0.508104,calls/second,milliseconds
1780303443,8,11.000000,7.064563,7.000000,0.382865,7.000000,7.000000,7.000000,8.000000,8.000000,11.000000,0.018809,0.013248,0.204876,0.505289,calls/second,milliseconds
1780303444,8,11.000000,7.064563,7.000000,0.382865,7.000000,7.000000,7.000000,8.000000,8.000000,11.000000,0.018765,0.013248,0.204876,0.505289,calls/second,milliseconds
1780303445,8,11.000000,7.064563,7.000000,0.382865,7.000000,7.000000,7.000000,8.000000,8.000000,11.000000,0.018721,0.013248,0.204876,0.505289,calls/second,milliseconds
1780303446,8,11.000000,7.064563,7.000000,0.382865,7.000000,7.000000,7.000000,8.000000,8.000000,11.000000,0.018677,0.013248,0.204876,0.505289,calls/second,milliseconds
1780303447,8,11.000000,7.064563,7.000000,0.382865,7.000000,7.000000,7.000000,8.000000,8.000000,11.000000,0.018633,0.013248,0.204876,0.505289,calls/second,milliseconds
1780303448,8,11.000000,7.064563,7.000000,0.382865,7.000000,7.000000,7.000000,8.000000,8.000000,11.000000,0.018590,0.012189,0.201490,0.502489,calls/second,milliseconds
1780303449,8,11.000000,7.064563,7.000000,0.382865,7.000000,7.000000,7.000000,8.000000,8.000000,11.000000,0.018547,0.012189,0.201490,0.502489,calls/second,milliseconds
1780303450,8,11.000000,7.064563,7.000000,0.382865,7.000000,7.000000,7.000000,8.000000,8.000000,11.000000,0.018504,0.012189,0.201490,0.502489,calls/second,milliseconds
1780303451,8,11.000000,7.064563,7.000000,0.382865,7.000000,7.000000,7.000000,8.000000,8.000000,11.000000,0.018461,0.012189,0.201490,0.502489,calls/second,milliseconds
1780303452,8,11.000000,7.064563,7.000000,0.382865,7.000000,7.000000,7.000000,8.000000,8.000000,11.000000,0.018419,0.012189,0.201490,0.502489,calls/second,milliseconds
1780303453,8,11.000000,7.064563,7.000000,0.382865,7.000000,7.000000,7.000000,8.000000,8.000000,11.000000,0.018376,0.011214,0.198159,0.499706,calls/second,milliseconds
1780303454,8,11.000000,7.064563,7.000000,0.382865,7.000000,7.000000,7.000000,8.000000,8.000000,11.000000,0.018334,0.011214,0.198159,0.499706,calls/second,milliseconds
1780303455,8,11.000000,7.064563,7.000000,0.382865,7.000000,7.000000,7.000000,8.000000,8.000000,11.000000,0.018292,0.011214,0.198159,0.499706,calls/second,milliseconds
1780303456,8,11.000000,7.064563,7.000000,0.382865,7.000000,7.000000,7.000000,8.000000,8.000000,11.000000,0.018250,0.011214,0.198159,0.499706,calls/second,milliseconds
1780303457,8,11.000000,7.064563,7.000000,0.382865,7.000000,7.000000,7.000000,8.000000,8.000000,11.000000,0.018209,0.011214,0.198159,0.499706,calls/second,milliseconds
1780303458,8,11.000000,7.064563,7.000000,0.382865,7.000000,7.000000,7.000000,8.000000,8.000000,11.000000,0.018167,0.010318,0.194884,0.496937,calls/second,milliseconds
1780303459,8,11.000000,7.064563,7.000000,0.382865,7.000000,7.000000,7.000000,8.000000,8.000000,11.000000,0.018126,0.010318,0.194884,0.496937,calls/second,milliseconds
1780303460,8,11.000000,7.064563,7.000000,0.382865,7.000000,7.000000,7.000000,8.000000,8.000000,11.000000,0.018085,0.010318,0.194884,0.496937,calls/second,milliseconds
1780303461,8,11.000000,7.064563,7.000000,0.382865,7.000000,7.000000,7.000000,8.000000,8.000000,11.000000,0.018044,0.010318,0.194884,0.496937,calls/second,milliseconds
1780303462,8,11.000000,7.064563,7.000000,0.382865,7.000000,7.000000,7.000000,8.000000,8.000000,11.000000,0.018004,0.010318,0.194884,0.496937,calls/second,milliseconds
1780303463,8,11.000000,7.064563,7.000000,0.382865,7.000000,7.000000,7.000000,8.000000,8.000000,11.000000,0.017963,0.009493,0.191663,0.494184,calls/second,milliseconds
1780303464,8,11.000000,7.064563,7.000000,0.382865,7.000000,7.000000,7.000000,8.000000,8.000000,11.000000,0.017923,0.009493,0.191663,0.494184,calls/second,milliseconds
1780303465,8,11.000000,7.064563,7.000000,0.382865,7.000000,7.000000,7.000000,8.000000,8.000000,11.000000,0.017883,0.009493,0.191663,0.494184,calls/second,milliseconds
1780303466,8,11.000000,7.064563,7.000000,0.382865,7.000000,7.000000,7.000000,8.000000,8.000000,11.000000,0.017843,0.009493,0.191663,0.494184,calls/second,milliseconds
1780303467,8,11.000000,7.064563,7.000000,0.382865,7.000000,7.000000,7.000000,8.000000,8.000000,11.000000,0.017803,0.009493,0.191663,0.494184,calls/second,milliseconds
1780303468,8,11.000000,7.064563,7.000000,0.382865,7.000000,7.000000,7.000000,8.000000,8.000000,11.000000,0.017763,0.008734,0.188495,0.491446,calls/second,milliseconds
1780303469,8,11.000000,7.064563,7.000000,0.382865,7.000000,7.000000,7.000000,8.000000,8.000000,11.000000,0.017724,0.008734,0.188495,0.491446,calls/second,milliseconds
1780303470,8,11.000000,7.064563,7.000000,0.382865,7.000000,7.000000,7.000000,8.000000,8.000000,11.000000,0.017685,0.008734,0.188495,0.491446,calls/second,milliseconds
1780303471,8,11.000000,7.064563,7.000000,0.382865,7.000000,7.000000,7.000000,8.000000,8.000000,11.000000,0.017646,0.008734,0.188495,0.491446,calls/second,milliseconds
1780303472,8,11.000000,7.064563,7.000000,0.382865,7.000000,7.000000,7.000000,8.000000,8.000000,11.000000,0.017607,0.008734,0.188495,0.491446,calls/second,milliseconds
1780303473,8,11.000000,7.064563,7.000000,0.382865,7.000000,7.000000,7.000000,8.000000,8.000000,11.000000,0.017568,0.008035,0.185379,0.488723,calls/second,milliseconds
1780303474,8,11.000000,7.064563,7.000000,0.382865,7.000000,7.000000,7.000000,8.000000,8.000000,11.000000,0.017530,0.008035,0.185379,0.488723,calls/second,milliseconds
1780303475,8,11.000000,7.064563,7.000000,0.382865,7.000000,7.000000,7.000000,8.000000,8.000000,11.000000,0.017491,0.008035,0.185379,0.488723,calls/second,milliseconds
1780303476,8,11.000000,7.064563,7.000000,0.382865,7.000000,7.000000,7.000000,8.000000,8.000000,11.000000,0.017453,0.008035,0.185379,0.488723,calls/second,milliseconds
1780303477,8,11.000000,7.064563,7.000000,0.382865,7.000000,7.000000,7.000000,8.000000,8.000000,11.000000,0.017415,0.008035,0.185379,0.488723,calls/second,milliseconds
1780303478,8,11.000000,7.064563,7.000000,0.382865,7.000000,7.000000,7.000000,8.000000,8.000000,11.000000,0.017377,0.007393,0.182315,0.486016,calls/second,milliseconds
1780303479,8,11.000000,7.064563,7.000000,0.382865,7.000000,7.000000,7.000000,8.000000,8.000000,11.000000,0.017339,0.007393,0.182315,0.486016,calls/second,milliseconds
1780303480,8,11.000000,7.064563,7.000000,0.382865,7.000000,7.000000,7.000000,8.000000,8.000000,11.000000,0.017302,0.007393,0.182315,0.486016,calls/second,milliseconds
1780303481,8,11.000000,7.064563,7.000000,0.382865,7.000000,7.000000,7.000000,8.000000,8.000000,11.000000,0.017264,0.007393,0.182315,0.486016,calls/second,milliseconds
1780303482,8,11.000000,7.064563,7.000000,0.382865,7.000000,7.000000,7.000000,8.000000,8.000000,11.000000,0.017227,0.007393,0.182315,0.486016,calls/second,milliseconds
1780303483,8,11.000000,7.064563,7.000000,0.382865,7.000000,7.000000,7.000000,8.000000,8.000000,11.000000,0.017190,0.006802,0.179302,0.483323,calls/second,milliseconds
1780303484,8,11.000000,7.064563,7.000000,0.382865,7.000000,7.000000,7.000000,8.000000,8.000000,11.000000,0.017153,0.006802,0.179302,0.483323,calls/second,milliseconds
1780303485,8,11.000000,7.064563,7.000000,0.382865,7.000000,7.000000,7.000000,8.000000,8.000000,11.000000,0.017116,0.006802,0.179302,0.483323,calls/second,milliseconds
1780303486,8,11.000000,7.064563,7.000000,0.382865,7.000000,7.000000,7.000000,8.000000,8.000000,11.000000,0.017080,0.006802,0.179302,0.483323,calls/second,milliseconds
1780303487,8,11.000000,7.064563,7.000000,0.382865,7.000000,7.000000,7.000000,8.000000,8.000000,11.000000,0.017043,0.006802,0.179302,0.483323,calls/second,milliseconds
1780303488,8,11.000000,7.064563,7.000000,0.382865,7.000000,7.000000,7.000000,8.000000,8.000000,11.000000,0.017007,0.006258,0.176338,0.480646,calls/second,milliseconds
1780303489,8,11.000000,7.064563,7.000000,0.382865,7.000000,7.000000,7.000000,8.000000,8.000000,11.000000,0.016971,0.006258,0.176338,0.480646,calls/second,milliseconds
1780303490,8,11.000000,7.064563,7.000000,0.382865,7.000000,7.000000,7.000000,8.000000,8.000000,11.000000,0.016935,0.006258,0.176338,0.480646,calls/second,milliseconds
1780303491,8,11.000000,7.064563,7.000000,0.382865,7.000000,7.000000,7.000000,8.000000,8.000000,11.000000,0.016899,0.006258,0.176338,0.480646,calls/second,milliseconds
1780303492,8,11.000000,7.064563,7.000000,0.382865,7.000000,7.000000,7.000000,8.000000,8.000000,11.000000,0.016863,0.006258,0.176338,0.480646,calls/second,milliseconds
1780303493,8,11.000000,7.064563,7.000000,0.382865,7.000000,7.000000,7.000000,8.000000,8.000000,11.000000,0.016828,0.005758,0.173424,0.477983,calls/second,milliseconds
1780303494,8,11.000000,7.064563,7.000000,0.382865,7.000000,7.000000,7.000000,8.000000,8.000000,11.000000,0.016792,0.005758,0.173424,0.477983,calls/second,milliseconds
1780303495,8,11.000000,7.064563,7.000000,0.382865,7.000000,7.000000,7.000000,8.000000,8.000000,11.000000,0.016757,0.005758,0.173424,0.477983,calls/second,milliseconds
1780303496,8,11.000000,7.064563,7.000000,0.382865,7.000000,7.000000,7.000000,8.000000,8.000000,11.000000,0.016722,0.005758,0.173424,0.477983,calls/second,milliseconds
1780303497,8,11.000000,7.064563,7.000000,0.382865,7.000000,7.000000,7.000000,8.000000,8.000000,11.000000,0.016687,0.005758,0.173424,0.477983,calls/second,milliseconds
1780303498,8,11.000000,7.064563,7.000000,0.382865,7.000000,7.000000,7.000000,8.000000,8.000000,11.000000,0.016652,0.005297,0.170557,0.475335,calls/second,milliseconds
1780303499,8,11.000000,7.064563,7.000000,0.382865,7.000000,7.000000,7.000000,8.000000,8.000000,11.000000,0.016618,0.005297,0.170557,0.475335,calls/second,milliseconds
1780303500,8,11.000000,7.064563,7.000000,0.382865,7.000000,7.000000,7.000000,8.000000,8.000000,11.000000,0.016583,0.005297,0.170557,0.475335,calls/second,milliseconds
1780303501,8,11.000000,7.064563,7.000000,0.382865,7.000000,7.000000,7.000000,8.000000,8.000000,11.000000,0.016549,0.005297,0.170557,0.475335,calls/second,milliseconds
1780303502,8,11.000000,7.064563,7.000000,0.382865,7.000000,7.000000,7.000000,8.000000,8.000000,11.000000,0.016515,0.005297,0.170557,0.475335,calls/second,milliseconds
1780303503,8,11.000000,7.064563,7.000000,0.382865,7.000000,7.000000,7.000000,8.000000,8.000000,11.000000,0.016481,0.004874,0.167738,0.472701,calls/second,milliseconds
1780303504,8,11.000000,7.064563,7.000000,0.382865,7.000000,7.000000,7.000000,8.000000,8.000000,11.000000,0.016447,0.004874,0.167738,0.472701,calls/second,milliseconds
1780303505,8,11.000000,7.064563,7.000000,0.382865,7.000000,7.000000,7.000000,8.000000,8.000000,11.000000,0.016413,0.004874,0.167738,0.472701,calls/second,milliseconds
1780303506,8,11.000000,7.064563,7.000000,0.382865,7.000000,7.000000,7.000000,8.000000,8.000000,11.000000,0.016379,0.004874,0.167738,0.472701,calls/second,milliseconds
1780303507,8,11.000000,7.064563,7.000000,0.382865,7.000000,7.000000,7.000000,8.000000,8.000000,11.000000,0.016346,0.004874,0.167738,0.472701,calls/second,milliseconds
1780303508,8,11.000000,7.064563,7.000000,0.382865,7.000000,7.000000,7.000000,8.000000,8.000000,11.000000,0.016312,0.004484,0.164966,0.470082,calls/second,milliseconds
1780303509,8,11.000000,7.064563,7.000000,0.382865,7.000000,7.000000,7.000000,8.000000,8.000000,11.000000,0.016279,0.004484,0.164966,0.470082,calls/second,milliseconds
1780303510,8,11.000000,7.064563,7.000000,0.382865,7.000000,7.000000,7.000000,8.000000,8.000000,11.000000,0.016246,0.004484,0.164966,0.470082,calls/second,milliseconds
1780303511,8,11.000000,7.064563,7.000000,0.382865,7.000000,7.000000,7.000000,8.000000,8.000000,11.000000,0.016213,0.004484,0.164966,0.470082,calls/second,milliseconds
1780303512,8,11.000000,7.064563,7.000000,0.382865,7.000000,7.000000,7.000000,8.000000,8.000000,11.000000,0.016180,0.004484,0.164966,0.470082,calls/second,milliseconds
1780303513,8,11.000000,7.064563,7.000000,0.382865,7.000000,7.000000,7.000000,8.000000,8.000000,11.000000,0.016148,0.004125,0.162239,0.467478,calls/second,milliseconds
1780303514,8,11.000000,7.064563,7.000000,0.382865,7.000000,7.000000,7.000000,8.000000,8.000000,11.000000,0.016115,0.004125,0.162239,0.467478,calls/second,milliseconds
1780303515,8,11.000000,7.064563,7.000000,0.382865,7.000000,7.000000,7.000000,8.000000,8.000000,11.000000,0.016083,0.004125,0.162239,0.467478,calls/second,milliseconds
1780303516,8,11.000000,7.064563,7.000000,0.382865,7.000000,7.000000,7.000000,8.000000,8.000000,11.000000,0.016050,0.004125,0.162239,0.467478,calls/second,milliseconds
1780303517,8,11.000000,7.064563,7.000000,0.382865,7.000000,7.000000,7.000000,8.000000,8.000000,11.000000,0.016018,0.004125,0.162239,0.467478,calls/second,milliseconds
1780303518,8,11.000000,7.064563,7.000000,0.382865,7.000000,7.000000,7.000000,8.000000,8.000000,11.000000,0.015986,0.003796,0.159557,0.464888,calls/second,milliseconds
1780303519,8,11.000000,7.064563,7.000000,0.382865,7.000000,7.000000,7.000000,8.000000,8.000000,11.000000,0.015954,0.003796,0.159557,0.464888,calls/second,milliseconds
1780303520,8,11.000000,7.064563,7.000000,0.382865,7.000000,7.000000,7.000000,8.000000,8.000000,11.000000,0.015922,0.003796,0.159557,0.464888,calls/second,milliseconds
1780303521,8,11.000000,7.064563,7.000000,0.382865,7.000000,7.000000,7.000000,8.000000,8.000000,11.000000,0.015891,0.003796,0.159557,0.464888,calls/second,milliseconds
1780303522,8,11.000000,7.064563,7.000000,0.382865,7.000000,7.000000,7.000000,8.000000,8.000000,11.000000,0.015859,0.003796,0.159557,0.464888,calls/second,milliseconds
1780303523,8,11.000000,7.064563,7.000000,0.382865,7.000000,7.000000,7.000000,8.000000,8.000000,11.000000,0.015828,0.003492,0.156920,0.462313,calls/second,milliseconds
1780303524,8,11.000000,7.064563,7.000000,0.382865,7.000000,7.000000,7.000000,8.000000,8.000000,11.000000,0.015796,0.003492,0.156920,0.462313,calls/second,milliseconds
1780303525,9,11.000000,7.012591,7.000000,0.170999,7.000000,7.000000,7.000000,7.000000,7.000000,11.000000,0.017736,0.003492,0.156920,0.462313,calls/second,milliseconds
1780303526,9,11.000000,7.012591,7.000000,0.170999,7.000000,7.000000,7.000000,7.000000,7.000000,11.000000,0.017701,0.003492,0.156920,0.462313,calls/second,milliseconds
1780303527,9,11.000000,7.012591,7.000000,0.170999,7.000000,7.000000,7.000000,7.000000,7.000000,11.000000,0.017666,0.003492,0.156920,0.462313,calls/second,milliseconds
1780303528,9,11.000000,7.012591,7.000000,0.170999,7.000000,7.000000,7.000000,7.000000,7.000000,11.000000,0.017631,0.019204,0.157632,0.460859,calls/second,milliseconds
1780303529,9,11.000000,7.012591,7.000000,0.170999,7.000000,7.000000,7.000000,7.000000,7.000000,11.000000,0.017597,0.019204,0.157632,0.460859,calls/second,milliseconds
1780303530,9,11.000000,7.012591,7.000000,0.170999,7.000000,7.000000,7.000000,7.000000,7.000000,11.000000,0.017562,0.019204,0.157632,0.460859,calls/second,milliseconds
1780303531,9,11.000000,7.012591,7.000000,0.170999,7.000000,7.000000,7.000000,7.000000,7.000000,11.000000,0.017528,0.019204,0.157632,0.460859,calls/second,milliseconds
1780303532,9,11.000000,7.012591,7.000000,0.170999,7.000000,7.000000,7.000000,7.000000,7.000000,11.000000,0.017494,0.019204,0.157632,0.460859,calls/second,milliseconds
1780303533,9,11.000000,7.012591,7.000000,0.170999,7.000000,7.000000,7.000000,7.000000,7.000000,11.000000,0.017460,0.017669,0.155027,0.458306,calls/second,milliseconds
1780303534,9,11.000000,7.012591,7.000000,0.170999,7.000000,7.000000,7.000000,7.000000,7.000000,11.000000,0.017426,0.017669,0.155027,0.458306,calls/second,milliseconds
1780303535,9,11.000000,7.012591,7.000000,0.170999,7.000000,7.000000,7.000000,7.000000,7.000000,11.000000,0.017392,0.017669,0.155027,0.458306,calls/second,milliseconds
1780303536,9,11.000000,7.012591,7.000000,0.170999,7.000000,7.000000,7.000000,7.000000,7.000000,11.000000,0.017359,0.017669,0.155027,0.458306,calls/second,milliseconds
1780303537,9,11.000000,7.012591,7.000000,0.170999,7.000000,7.000000,7.000000,7.000000,7.000000,11.000000,0.017325,0.017669,0.155027,0.458306,calls/second,milliseconds
1780303538,9,11.000000,7.012591,7.000000,0.170999,7.000000,7.000000,7.000000,7.000000,7.000000,11.000000,0.017292,0.016256,0.152464,0.455767,calls/second,milliseconds
1780303539,9,11.000000,7.012591,7.000000,0.170999,7.000000,7.000000,7.000000,7.000000,7.000000,11.000000,0.017259,0.016256,0.152464,0.455767,calls/second,milliseconds
1780303540,9,11.000000,7.012591,7.000000,0.170999,7.000000,7.000000,7.000000,7.000000,7.000000,11.000000,0.017226,0.016256,0.152464,0.455767,calls/second,milliseconds
1780303541,9,11.000000,7.012591,7.000000,0.170999,7.000000,7.000000,7.000000,7.000000,7.000000,11.000000,0.017193,0.016256,0.152464,0.455767,calls/second,milliseconds
1780303542,9,11.000000,7.012591,7.000000,0.170999,7.000000,7.000000,7.000000,7.000000,7.000000,11.000000,0.017160,0.016256,0.152464,0.455767,calls/second,milliseconds
1780303543,9,11.000000,7.012591,7.000000,0.170999,7.000000,7.000000,7.000000,7.000000,7.000000,11.000000,0.017127,0.014956,0.149944,0.453242,calls/second,milliseconds
1780303544,9,11.000000,7.012591,7.000000,0.170999,7.000000,7.000000,7.000000,7.000000,7.000000,11.000000,0.017095,0.014956,0.149944,0.453242,calls/second,milliseconds
1780303545,9,11.000000,7.012591,7.000000,0.170999,7.000000,7.000000,7.000000,7.000000,7.000000,11.000000,0.017062,0.014956,0.149944,0.453242,calls/second,milliseconds
1780303546,9,11.000000,7.012591,7.000000,0.170999,7.000000,7.000000,7.000000,7.000000,7.000000,11.000000,0.017030,0.014956,0.149944,0.453242,calls/second,milliseconds
1780303547,9,11.000000,7.012591,7.000000,0.170999,7.000000,7.000000,7.000000,7.000000,7.000000,11.000000,0.016997,0.014956,0.149944,0.453242,calls/second,milliseconds
1780303548,9,11.000000,7.012591,7.000000,0.170999,7.000000,7.000000,7.000000,7.000000,7.000000,11.000000,0.016965,0.013760,0.147466,0.450731,calls/second,milliseconds
1780303549,9,11.000000,7.012591,7.000000,0.170999,7.000000,7.000000,7.000000,7.000000,7.000000,11.000000,0.016933,0.013760,0.147466,0.450731,calls/second,milliseconds
1780303550,9,11.000000,7.012591,7.000000,0.170999,7.000000,7.000000,7.000000,7.000000,7.000000,11.000000,0.016902,0.013760,0.147466,0.450731,calls/second,milliseconds
1780303551,9,11.000000,7.012591,7.000000,0.170999,7.000000,7.000000,7.000000,7.000000,7.000000,11.000000,0.016870,0.013760,0.147466,0.450731,calls/second,milliseconds
1780303552,9,11.000000,7.012591,7.000000,0.170999,7.000000,7.000000,7.000000,7.000000,7.000000,11.000000,0.016838,0.013760,0.147466,0.450731,calls/second,milliseconds
1780303553,9,11.000000,7.012591,7.000000,0.170999,7.000000,7.000000,7.000000,7.000000,7.000000,11.000000,0.016807,0.012660,0.145029,0.448234,calls/second,milliseconds
1780303554,9,11.000000,7.012591,7.000000,0.170999,7.000000,7.000000,7.000000,7.000000,7.000000,11.000000,0.016775,0.012660,0.145029,0.448234,calls/second,milliseconds
1780303555,9,11.000000,7.012591,7.000000,0.170999,7.000000,7.000000,7.000000,7.000000,7.000000,11.000000,0.016744,0.012660,0.145029,0.448234,calls/second,milliseconds
1780303556,9,11.000000,7.012591,7.000000,0.170999,7.000000,7.000000,7.000000,7.000000,7.000000,11.000000,0.016713,0.012660,0.145029,0.448234,calls/second,milliseconds
1780303557,9,11.000000,7.012591,7.000000,0.170999,7.000000,7.000000,7.000000,7.000000,7.000000,11.000000,0.016682,0.012660,0.145029,0.448234,calls/second,milliseconds
1780303558,9,11.000000,7.012591,7.000000,0.170999,7.000000,7.000000,7.000000,7.000000,7.000000,11.000000,0.016651,0.011648,0.142632,0.445751,calls/second,milliseconds
1780303559,9,11.000000,7.012591,7.000000,0.170999,7.000000,7.000000,7.000000,7.000000,7.000000,11.000000,0.016620,0.011648,0.142632,0.445751,calls/second,milliseconds
1780303560,9,11.000000,7.012591,7.000000,0.170999,7.000000,7.000000,7.000000,7.000000,7.000000,11.000000,0.016590,0.011648,0.142632,0.445751,calls/second,milliseconds
1780303561,9,11.000000,7.012591,7.000000,0.170999,7.000000,7.000000,7.000000,7.000000,7.000000,11.000000,0.016559,0.011648,0.142632,0.445751,calls/second,milliseconds
1780303562,9,11.000000,7.012591,7.000000,0.170999,7.000000,7.000000,7.000000,7.000000,7.000000,11.000000,0.016529,0.011648,0.142632,0.445751,calls/second,milliseconds
1780303563,9,11.000000,7.012591,7.000000,0.170999,7.000000,7.000000,7.000000,7.000000,7.000000,11.000000,0.016498,0.010717,0.140274,0.443281,calls/second,milliseconds
1780303564,9,11.000000,7.012591,7.000000,0.170999,7.000000,7.000000,7.000000,7.000000,7.000000,11.000000,0.016468,0.010717,0.140274,0.443281,calls/second,milliseconds
1780303565,9,11.000000,7.012591,7.000000,0.170999,7.000000,7.000000,7.000000,7.000000,7.000000,11.000000,0.016438,0.010717,0.140274,0.443281,calls/second,milliseconds
1780303566,9,11.000000,7.012591,7.000000,0.170999,7.000000,7.000000,7.000000,7.000000,7.000000,11.000000,0.016408,0.010717,0.140274,0.443281,calls/second,milliseconds
1780303567,9,11.000000,7.012591,7.000000,0.170999,7.000000,7.000000,7.000000,7.000000,7.000000,11.000000,0.016378,0.010717,0.140274,0.443281,calls/second,milliseconds
1780303568,9,11.000000,7.012591,7.000000,0.170999,7.000000,7.000000,7.000000,7.000000,7.000000,11.000000,0.016348,0.009860,0.137956,0.440825,calls/second,milliseconds
1780303569,9,11.000000,7.012591,7.000000,0.170999,7.000000,7.000000,7.000000,7.000000,7.000000,11.000000,0.016318,0.009860,0.137956,0.440825,calls/second,milliseconds
1780303570,9,11.000000,7.012591,7.000000,0.170999,7.000000,7.000000,7.000000,7.000000,7.000000,11.000000,0.016289,0.009860,0.137956,0.440825,calls/second,milliseconds
1780303571,9,11.000000,7.012591,7.000000,0.170999,7.000000,7.000000,7.000000,7.000000,7.000000,11.000000,0.016259,0.009860,0.137956,0.440825,calls/second,milliseconds
1780303572,9,11.000000,7.012591,7.000000,0.170999,7.000000,7.000000,7.000000,7.000000,7.000000,11.000000,0.016230,0.009860,0.137956,0.440825,calls/second,milliseconds
1780303573,9,11.000000,7.012591,7.000000,0.170999,7.000000,7.000000,7.000000,7.000000,7.000000,11.000000,0.016201,0.009071,0.135675,0.438383,calls/second,milliseconds
1780303574,9,11.000000,7.012591,7.000000,0.170999,7.000000,7.000000,7.000000,7.000000,7.000000,11.000000,0.016172,0.009071,0.135675,0.438383,calls/second,milliseconds
1780303575,9,11.000000,7.012591,7.000000,0.170999,7.000000,7.000000,7.000000,7.000000,7.000000,11.000000,0.016143,0.009071,0.135675,0.438383,calls/second,milliseconds
1780303576,9,11.000000,7.012591,7.000000,0.170999,7.000000,7.000000,7.000000,7.000000,7.000000,11.000000,0.016114,0.009071,0.135675,0.438383,calls/second,milliseconds
1780303577,9,11.000000,7.012591,7.000000,0.170999,7.000000,7.000000,7.000000,7.000000,7.000000,11.000000,0.016085,0.009071,0.135675,0.438383,calls/second,milliseconds
1780303578,9,11.000000,7.012591,7.000000,0.170999,7.000000,7.000000,7.000000,7.000000,7.000000,11.000000,0.016056,0.008346,0.133433,0.435954,calls/second,milliseconds
1780303579,9,11.000000,7.012591,7.000000,0.170999,7.000000,7.000000,7.000000,7.000000,7.000000,11.000000,0.016027,0.008346,0.133433,0.435954,calls/second,milliseconds
1780303580,9,11.000000,7.012591,7.000000,0.170999,7.000000,7.000000,7.000000,7.000000,7.000000,11.000000,0.015999,0.008346,0.133433,0.435954,calls/second,milliseconds
1780303581,9,11.000000,7.012591,7.000000,0.170999,7.000000,7.000000,7.000000,7.000000,7.000000,11.000000,0.015970,0.008346,0.133433,0.435954,calls/second,milliseconds
1780303582,9,11.000000,7.012591,7.000000,0.170999,7.000000,7.000000,7.000000,7.000000,7.000000,11.000000,0.015942,0.008346,0.133433,0.435954,calls/second,milliseconds
1780303583,9,11.000000,7.012591,7.000000,0.170999,7.000000,7.000000,7.000000,7.000000,7.000000,11.000000,0.015914,0.007679,0.131227,0.433539,calls/second,milliseconds
1780303584,9,11.000000,7.012591,7.000000,0.170999,7.000000,7.000000,7.000000,7.000000,7.000000,11.000000,0.015886,0.007679,0.131227,0.433539,calls/second,milliseconds
1780303585,9,11.000000,7.012591,7.000000,0.170999,7.000000,7.000000,7.000000,7.000000,7.000000,11.000000,0.015858,0.007679,0.131227,0.433539,calls/second,milliseconds
1780303586,9,11.000000,7.012591,7.000000,0.170999,7.000000,7.000000,7.000000,7.000000,7.000000,11.000000,0.015830,0.007679,0.131227,0.433539,calls/second,milliseconds
1780303587,9,11.000000,7.012591,7.000000,0.170999,7.000000,7.000000,7.000000,7.000000,7.000000,11.000000,0.015802,0.007679,0.131227,0.433539,calls/second,milliseconds
1780303588,9,11.000000,7.012591,7.000000,0.170999,7.000000,7.000000,7.000000,7.000000,7.000000,11.000000,0.015774,0.007065,0.129058,0.431137,calls/second,milliseconds
1780303589,9,11.000000,7.012591,7.000000,0.170999,7.000000,7.000000,7.000000,7.000000,7.000000,11.000000,0.015747,0.007065,0.129058,0.431137,calls/second,milliseconds
1780303590,9,11.000000,7.012591,7.000000,0.170999,7.000000,7.000000,7.000000,7.000000,7.000000,11.000000,0.015719,0.007065,0.129058,0.431137,calls/second,milliseconds
1780303591,9,11.000000,7.012591,7.000000,0.170999,7.000000,7.000000,7.000000,7.000000,7.000000,11.000000,0.015692,0.007065,0.129058,0.431137,calls/second,milliseconds
1780303592,9,11.000000,7.012591,7.000000,0.170999,7.000000,7.000000,7.000000,7.000000,7.000000,11.000000,0.015664,0.007065,0.129058,0.431137,calls/second,milliseconds
1780303593,9,11.000000,7.012591,7.000000,0.170999,7.000000,7.000000,7.000000,7.000000,7.000000,11.000000,0.015637,0.006500,0.126925,0.428749,calls/second,milliseconds
1780303594,9,11.000000,7.012591,7.000000,0.170999,7.000000,7.000000,7.000000,7.000000,7.000000,11.000000,0.015610,0.006500,0.126925,0.428749,calls/second,milliseconds
1780303595,9,11.000000,7.012591,7.000000,0.170999,7.000000,7.000000,7.000000,7.000000,7.000000,11.000000,0.015583,0.006500,0.126925,0.428749,calls/second,milliseconds
1780303596,9,11.000000,7.012591,7.000000,0.170999,7.000000,7.000000,7.000000,7.000000,7.000000,11.000000,0.015556,0.006500,0.126925,0.428749,calls/second,milliseconds
1780303597,9,11.000000,7.012591,7.000000,0.170999,7.000000,7.000000,7.000000,7.000000,7.000000,11.000000,0.015529,0.006500,0.126925,0.428749,calls/second,milliseconds
1780303598,9,11.000000,7.012591,7.000000,0.170999,7.000000,7.000000,7.000000,7.000000,7.000000,11.000000,0.015502,0.005980,0.124827,0.426373,calls/second,milliseconds
1780303599,9,11.000000,7.012591,7.000000,0.170999,7.000000,7.000000,7.000000,7.000000,7.000000,11.000000,0.015475,0.005980,0.124827,0.426373,calls/second,milliseconds
1780303600,9,11.000000,7.012591,7.000000,0.170999,7.000000,7.000000,7.000000,7.000000,7.000000,11.000000,0.015449,0.005980,0.124827,0.426373,calls/second,milliseconds
1780303601,9,11.000000,7.012591,7.000000,0.170999,7.000000,7.000000,7.000000,7.000000,7.000000,11.000000,0.015422,0.005980,0.124827,0.426373,calls/second,milliseconds
1780303602,9,11.000000,7.012591,7.000000,0.170999,7.000000,7.000000,7.000000,7.000000,7.000000,11.000000,0.015396,0.005980,0.124827,0.426373,calls/second,milliseconds
1780303603,9,11.000000,7.012591,7.000000,0.170999,7.000000,7.000000,7.000000,7.000000,7.000000,11.000000,0.015370,0.005502,0.122764,0.424011,calls/second,milliseconds
1780303604,9,11.000000,7.012591,7.000000,0.170999,7.000000,7.000000,7.000000,7.000000,7.000000,11.000000,0.015343,0.005502,0.122764,0.424011,calls/second,milliseconds
1780303605,9,11.000000,7.012591,7.000000,0.170999,7.000000,7.000000,7.000000,7.000000,7.000000,11.000000,0.015317,0.005502,0.122764,0.424011,calls/second,milliseconds
1780303606,9,11.000000,7.012591,7.000000,0.170999,7.000000,7.000000,7.000000,7.000000,7.000000,11.000000,0.015291,0.005502,0.122764,0.424011,calls/second,milliseconds
1780303607,9,11.000000,7.012591,7.000000,0.170999,7.000000,7.000000,7.000000,7.000000,7.000000,11.000000,0.015265,0.005502,0.122764,0.424011,calls/second,milliseconds
1780303608,9,11.000000,7.012591,7.000000,0.170999,7.000000,7.000000,7.000000,7.000000,7.000000,11.000000,0.015239,0.005062,0.120735,0.421662,calls/second,milliseconds
1780303609,9,11.000000,7.012591,7.000000,0.170999,7.000000,7.000000,7.000000,7.000000,7.000000,11.000000,0.015213,0.005062,0.120735,0.421662,calls/second,milliseconds
1780303610,9,11.000000,7.012591,7.000000,0.170999,7.000000,7.000000,7.000000,7.000000,7.000000,11.000000,0.015188,0.005062,0.120735,0.421662,calls/second,milliseconds
1780303611,9,11.000000,7.012591,7.000000,0.170999,7.000000,7.000000,7.000000,7.000000,7.000000,11.000000,0.015162,0.005062,0.120735,0.421662,calls/second,milliseconds
1780303612,9,11.000000,7.012591,7.000000,0.170999,7.000000,7.000000,7.000000,7.000000,7.000000,11.000000,0.015137,0.005062,0.120735,0.421662,calls/second,milliseconds
1780303613,9,11.000000,7.012591,7.000000,0.170999,7.000000,7.000000,7.000000,7.000000,7.000000,11.000000,0.015111,0.004657,0.118739,0.419326,calls/second,milliseconds
1780303614,9,11.000000,7.012591,7.000000,0.170999,7.000000,7.000000,7.000000,7.000000,7.000000,11.000000,0.015086,0.004657,0.118739,0.419326,calls/second,milliseconds
1780303615,9,11.000000,7.012591,7.000000,0.170999,7.000000,7.000000,7.000000,7.000000,7.000000,11.000000,0.015060,0.004657,0.118739,0.419326,calls/second,milliseconds
1780303616,9,11.000000,7.012591,7.000000,0.170999,7.000000,7.000000,7.000000,7.000000,7.000000,11.000000,0.015035,0.004657,0.118739,0.419326,calls/second,milliseconds
1780303617,9,11.000000,7.012591,7.000000,0.170999,7.000000,7.000000,7.000000,7.000000,7.000000,11.000000,0.015010,0.004657,0.118739,0.419326,calls/second,milliseconds
1780303618,9,11.000000,7.012591,7.000000,0.170999,7.000000,7.000000,7.000000,7.000000,7.000000,11.000000,0.014985,0.004285,0.116777,0.417003,calls/second,milliseconds
1780303619,9,11.000000,7.012591,7.000000,0.170999,7.000000,7.000000,7.000000,7.000000,7.000000,11.000000,0.014960,0.004285,0.116777,0.417003,calls/second,milliseconds
1780303620,9,11.000000,7.012591,7.000000,0.170999,7.000000,7.000000,7.000000,7.000000,7.000000,11.000000,0.014935,0.004285,0.116777,0.417003,calls/second,milliseconds
1780303621,9,11.000000,7.012591,7.000000,0.170999,7.000000,7.000000,7.000000,7.000000,7.000000,11.000000,0.014911,0.004285,0.116777,0.417003,calls/second,milliseconds
1780303622,9,11.000000,7.012591,7.000000,0.170999,7.000000,7.000000,7.000000,7.000000,7.000000,11.000000,0.014886,0.004285,0.116777,0.417003,calls/second,milliseconds
1780303623,9,11.000000,7.012591,7.000000,0.170999,7.000000,7.000000,7.000000,7.000000,7.000000,11.000000,0.014861,0.003942,0.114847,0.414693,calls/second,milliseconds
1780303624,9,11.000000,7.012591,7.000000,0.170999,7.000000,7.000000,7.000000,7.000000,7.000000,11.000000,0.014837,0.003942,0.114847,0.414693,calls/second,milliseconds
1780303625,9,11.000000,7.012591,7.000000,0.170999,7.000000,7.000000,7.000000,7.000000,7.000000,11.000000,0.014812,0.003942,0.114847,0.414693,calls/second,milliseconds
1780303626,9,11.000000,7.012591,7.000000,0.170999,7.000000,7.000000,7.000000,7.000000,7.000000,11.000000,0.014788,0.003942,0.114847,0.414693,calls/second,milliseconds
1780303627,9,11.000000,7.012591,7.000000,0.170999,7.000000,7.000000,7.000000,7.000000,7.000000,11.000000,0.014764,0.003942,0.114847,0.414693,calls/second,milliseconds
1780303628,9,11.000000,7.012591,7.000000,0.170999,7.000000,7.000000,7.000000,7.000000,7.000000,11.000000,0.014739,0.003627,0.112948,0.412395,calls/second,milliseconds
1780303629,9,11.000000,7.012591,7.000000,0.170999,7.000000,7.000000,7.000000,7.000000,7.000000,11.000000,0.014715,0.003627,0.112948,0.412395,calls/second,milliseconds
1780303630,9,11.000000,7.012591,7.000000,0.170999,7.000000,7.000000,7.000000,7.000000,7.000000,11.000000,0.014691,0.003627,0.112948,0.412395,calls/second,milliseconds
1780303631,9,11.000000,7.012591,7.000000,0.170999,7.000000,7.000000,7.000000,7.000000,7.000000,11.000000,0.014667,0.003627,0.112948,0.412395,calls/second,milliseconds
1780303632,9,11.000000,7.012591,7.000000,0.170999,7.000000,7.000000,7.000000,7.000000,7.000000,11.000000,0.014643,0.003627,0.112948,0.412395,calls/second,milliseconds
1780303633,9,11.000000,7.012591,7.000000,0.170999,7.000000,7.000000,7.000000,7.000000,7.000000,11.000000,0.014619,0.003337,0.111082,0.410110,calls/second,milliseconds
1780303634,10,11.000000,7.002455,7.000000,0.075669,7.000000,7.000000,7.000000,7.000000,7.000000,8.000000,0.016217,0.003337,0.111082,0.410110,calls/second,milliseconds
1780303635,10,11.000000,7.002455,7.000000,0.075669,7.000000,7.000000,7.000000,7.000000,7.000000,8.000000,0.016191,0.003337,0.111082,0.410110,calls/second,milliseconds
1780303636,10,11.000000,7.002455,7.000000,0.075669,7.000000,7.000000,7.000000,7.000000,7.000000,8.000000,0.016165,0.003337,0.111082,0.410110,calls/second,milliseconds
1780303637,10,11.000000,7.002455,7.000000,0.075669,7.000000,7.000000,7.000000,7.000000,7.000000,8.000000,0.016139,0.003337,0.111082,0.410110,calls/second,milliseconds
1780303638,10,11.000000,7.002455,7.000000,0.075669,7.000000,7.000000,7.000000,7.000000,7.000000,8.000000,0.016113,0.019061,0.112551,0.408946,calls/second,milliseconds
1780303639,10,11.000000,7.002455,7.000000,0.075669,7.000000,7.000000,7.000000,7.000000,7.000000,8.000000,0.016087,0.019061,0.112551,0.408946,calls/second,milliseconds
1780303640,10,11.000000,7.002455,7.000000,0.075669,7.000000,7.000000,7.000000,7.000000,7.000000,8.000000,0.016061,0.019061,0.112551,0.408946,calls/second,milliseconds
1780303641,10,11.000000,7.002455,7.000000,0.075669,7.000000,7.000000,7.000000,7.000000,7.000000,8.000000,0.016035,0.019061,0.112551,0.408946,calls/second,milliseconds
1780303642,10,11.000000,7.002455,7.000000,0.075669,7.000000,7.000000,7.000000,7.000000,7.000000,8.000000,0.016009,0.019061,0.112551,0.408946,calls/second,milliseconds
1780303643,10,11.000000,7.002455,7.000000,0.075669,7.000000,7.000000,7.000000,7.000000,7.000000,8.000000,0.015984,0.017537,0.110691,0.406681,calls/second,milliseconds
1780303644,10,11.000000,7.002455,7.000000,0.075669,7.000000,7.000000,7.000000,7.000000,7.000000,8.000000,0.015958,0.017537,0.110691,0.406681,calls/second,milliseconds
1780303645,10,11.000000,7.002455,7.000000,0.075669,7.000000,7.000000,7.000000,7.000000,7.000000,8.000000,0.015933,0.017537,0.110691,0.406681,calls/second,milliseconds
1780303646,10,11.000000,7.002455,7.000000,0.075669,7.000000,7.000000,7.000000,7.000000,7.000000,8.000000,0.015907,0.017537,0.110691,0.406681,calls/second,milliseconds
1780303647,10,11.000000,7.002455,7.000000,0.075669,7.000000,7.000000,7.000000,7.000000,7.000000,8.000000,0.015882,0.017537,0.110691,0.406681,calls/second,milliseconds
1780303649,10,11.000000,7.002455,7.000000,0.075669,7.000000,7.000000,7.000000,7.000000,7.000000,8.000000,0.015857,0.016135,0.108861,0.404428,calls/second,milliseconds
1780303650,10,11.000000,7.002455,7.000000,0.075669,7.000000,7.000000,7.000000,7.000000,7.000000,8.000000,0.015831,0.016135,0.108861,0.404428,calls/second,milliseconds
1780303651,10,11.000000,7.002455,7.000000,0.075669,7.000000,7.000000,7.000000,7.000000,7.000000,8.000000,0.015806,0.016135,0.108861,0.404428,calls/second,milliseconds
1780303652,10,11.000000,7.002455,7.000000,0.075669,7.000000,7.000000,7.000000,7.000000,7.000000,8.000000,0.015781,0.016135,0.108861,0.404428,calls/second,milliseconds
1780303653,10,11.000000,7.002455,7.000000,0.075669,7.000000,7.000000,7.000000,7.000000,7.000000,8.000000,0.015757,0.016135,0.108861,0.404428,calls/second,milliseconds
1780303654,10,11.000000,7.002455,7.000000,0.075669,7.000000,7.000000,7.000000,7.000000,7.000000,8.000000,0.015732,0.014845,0.107062,0.402187,calls/second,milliseconds
1780303655,10,11.000000,7.002455,7.000000,0.075669,7.000000,7.000000,7.000000,7.000000,7.000000,8.000000,0.015707,0.014845,0.107062,0.402187,calls/second,milliseconds
1780303656,10,11.000000,7.002455,7.000000,0.075669,7.000000,7.000000,7.000000,7.000000,7.000000,8.000000,0.015682,0.014845,0.107062,0.402187,calls/second,milliseconds
1780303657,10,11.000000,7.002455,7.000000,0.075669,7.000000,7.000000,7.000000,7.000000,7.000000,8.000000,0.015658,0.014845,0.107062,0.402187,calls/second,milliseconds
1780303658,10,11.000000,7.002455,7.000000,0.075669,7.000000,7.000000,7.000000,7.000000,7.000000,8.000000,0.015633,0.014845,0.107062,0.402187,calls/second,milliseconds
1780303659,10,11.000000,7.002455,7.000000,0.075669,7.000000,7.000000,7.000000,7.000000,7.000000,8.000000,0.015609,0.013658,0.105292,0.399959,calls/second,milliseconds
1780303660,10,11.000000,7.002455,7.000000,0.075669,7.000000,7.000000,7.000000,7.000000,7.000000,8.000000,0.015584,0.013658,0.105292,0.399959,calls/second,milliseconds
1780303661,10,11.000000,7.002455,7.000000,0.075669,7.000000,7.000000,7.000000,7.000000,7.000000,8.000000,0.015560,0.013658,0.105292,0.399959,calls/second,milliseconds
1780303662,10,11.000000,7.002455,7.000000,0.075669,7.000000,7.000000,7.000000,7.000000,7.000000,8.000000,0.015536,0.013658,0.105292,0.399959,calls/second,milliseconds
1780303663,10,11.000000,7.002455,7.000000,0.075669,7.000000,7.000000,7.000000,7.000000,7.000000,8.000000,0.015512,0.013658,0.105292,0.399959,calls/second,milliseconds
1780303664,10,11.000000,7.002455,7.000000,0.075669,7.000000,7.000000,7.000000,7.000000,7.000000,8.000000,0.015488,0.012566,0.103552,0.397743,calls/second,milliseconds
1780303665,10,11.000000,7.002455,7.000000,0.075669,7.000000,7.000000,7.000000,7.000000,7.000000,8.000000,0.015464,0.012566,0.103552,0.397743,calls/second,milliseconds
1780303666,10,11.000000,7.002455,7.000000,0.075669,7.000000,7.000000,7.000000,7.000000,7.000000,8.000000,0.015440,0.012566,0.103552,0.397743,calls/second,milliseconds
1780303667,10,11.000000,7.002455,7.000000,0.075669,7.000000,7.000000,7.000000,7.000000,7.000000,8.000000,0.015416,0.012566,0.103552,0.397743,calls/second,milliseconds
1780303668,10,11.000000,7.002455,7.000000,0.075669,7.000000,7.000000,7.000000,7.000000,7.000000,8.000000,0.015392,0.012566,0.103552,0.397743,calls/second,milliseconds
1780303669,10,11.000000,7.002455,7.000000,0.075669,7.000000,7.000000,7.000000,7.000000,7.000000,8.000000,0.015369,0.011561,0.101841,0.395539,calls/second,milliseconds
1780303670,10,11.000000,7.002455,7.000000,0.075669,7.000000,7.000000,7.000000,7.000000,7.000000,8.000000,0.015345,0.011561,0.101841,0.395539,calls/second,milliseconds
1780303671,10,11.000000,7.002455,7.000000,0.075669,7.000000,7.000000,7.000000,7.000000,7.000000,8.000000,0.015321,0.011561,0.101841,0.395539,calls/second,milliseconds
1780303672,10,11.000000,7.002455,7.000000,0.075669,7.000000,7.000000,7.000000,7.000000,7.000000,8.000000,0.015298,0.011561,0.101841,0.395539,calls/second,milliseconds
1780303673,10,11.000000,7.002455,7.000000,0.075669,7.000000,7.000000,7.000000,7.000000,7.000000,8.000000,0.015274,0.011561,0.101841,0.395539,calls/second,milliseconds
1780303674,10,11.000000,7.002455,7.000000,0.075669,7.000000,7.000000,7.000000,7.000000,7.000000,8.000000,0.015251,0.010637,0.100157,0.393348,calls/second,milliseconds
1780303675,10,11.000000,7.002455,7.000000,0.075669,7.000000,7.000000,7.000000,7.000000,7.000000,8.000000,0.015228,0.010637,0.100157,0.393348,calls/second,milliseconds
1780303676,10,11.000000,7.002455,7.000000,0.075669,7.000000,7.000000,7.000000,7.000000,7.000000,8.000000,0.015205,0.010637,0.100157,0.393348,calls/second,milliseconds
1780303677,10,11.000000,7.002455,7.000000,0.075669,7.000000,7.000000,7.000000,7.000000,7.000000,8.000000,0.015182,0.010637,0.100157,0.393348,calls/second,milliseconds
1780303678,10,11.000000,7.002455,7.000000,0.075669,7.000000,7.000000,7.000000,7.000000,7.000000,8.000000,0.015159,0.010637,0.100157,0.393348,calls/second,milliseconds
1780303679,10,11.000000,7.002455,7.000000,0.075669,7.000000,7.000000,7.000000,7.000000,7.000000,8.000000,0.015136,0.009786,0.098502,0.391169,calls/second,milliseconds
1780303680,10,11.000000,7.002455,7.000000,0.075669,7.000000,7.000000,7.000000,7.000000,7.000000,8.000000,0.015113,0.009786,0.098502,0.391169,calls/second,milliseconds
1780303681,10,11.000000,7.002455,7.000000,0.075669,7.000000,7.000000,7.000000,7.000000,7.000000,8.000000,0.015090,0.009786,0.098502,0.391169,calls/second,milliseconds
1780303682,10,11.000000,7.002455,7.000000,0.075669,7.000000,7.000000,7.000000,7.000000,7.000000,8.000000,0.015067,0.009786,0.098502,0.391169,calls/second,milliseconds
1780303683,10,11.000000,7.002455,7.000000,0.075669,7.000000,7.000000,7.000000,7.000000,7.000000,8.000000,0.015044,0.009786,0.098502,0.391169,calls/second,milliseconds
1780303684,10,11.000000,7.002455,7.000000,0.075669,7.000000,7.000000,7.000000,7.000000,7.000000,8.000000,0.015022,0.009004,0.096874,0.389002,calls/second,milliseconds
1780303685,10,11.000000,7.002455,7.000000,0.075669,7.000000,7.000000,7.000000,7.000000,7.000000,8.000000,0.014999,0.009004,0.096874,0.389002,calls/second,milliseconds
1780303686,10,11.000000,7.002455,7.000000,0.075669,7.000000,7.000000,7.000000,7.000000,7.000000,8.000000,0.014977,0.009004,0.096874,0.389002,calls/second,milliseconds
1780303687,10,11.000000,7.002455,7.000000,0.075669,7.000000,7.000000,7.000000,7.000000,7.000000,8.000000,0.014954,0.009004,0.096874,0.389002,calls/second,milliseconds
1780303688,10,11.000000,7.002455,7.000000,0.075669,7.000000,7.000000,7.000000,7.000000,7.000000,8.000000,0.014932,0.009004,0.096874,0.389002,calls/second,milliseconds
1780303689,10,11.000000,7.002455,7.000000,0.075669,7.000000,7.000000,7.000000,7.000000,7.000000,8.000000,0.014910,0.008284,0.095273,0.386847,calls/second,milliseconds
1780303690,10,11.000000,7.002455,7.000000,0.075669,7.000000,7.000000,7.000000,7.000000,7.000000,8.000000,0.014887,0.008284,0.095273,0.386847,calls/second,milliseconds
1780303691,10,11.000000,7.002455,7.000000,0.075669,7.000000,7.000000,7.000000,7.000000,7.000000,8.000000,0.014865,0.008284,0.095273,0.386847,calls/second,milliseconds
1780303692,10,11.000000,7.002455,7.000000,0.075669,7.000000,7.000000,7.000000,7.000000,7.000000,8.000000,0.014843,0.008284,0.095273,0.386847,calls/second,milliseconds
1780303693,10,11.000000,7.002455,7.000000,0.075669,7.000000,7.000000,7.000000,7.000000,7.000000,8.000000,0.014821,0.008284,0.095273,0.386847,calls/second,milliseconds
1780303694,10,11.000000,7.002455,7.000000,0.075669,7.000000,7.000000,7.000000,7.000000,7.000000,8.000000,0.014799,0.007622,0.093698,0.384703,calls/second,milliseconds
1780303695,10,11.000000,7.002455,7.000000,0.075669,7.000000,7.000000,7.000000,7.000000,7.000000,8.000000,0.014777,0.007622,0.093698,0.384703,calls/second,milliseconds
1780303696,10,11.000000,7.002455,7.000000,0.075669,7.000000,7.000000,7.000000,7.000000,7.000000,8.000000,0.014755,0.007622,0.093698,0.384703,calls/second,milliseconds
1780303697,10,11.000000,7.002455,7.000000,0.075669,7.000000,7.000000,7.000000,7.000000,7.000000,8.000000,0.014734,0.007622,0.093698,0.384703,calls/second,milliseconds
1780303698,10,11.000000,7.002455,7.000000,0.075669,7.000000,7.000000,7.000000,7.000000,7.000000,8.000000,0.014712,0.007622,0.093698,0.384703,calls/second,milliseconds
1780303699,10,11.000000,7.002455,7.000000,0.075669,7.000000,7.000000,7.000000,7.000000,7.000000,8.000000,0.014690,0.007012,0.092149,0.382572,calls/second,milliseconds
1780303700,10,11.000000,7.002455,7.000000,0.075669,7.000000,7.000000,7.000000,7.000000,7.000000,8.000000,0.014669,0.007012,0.092149,0.382572,calls/second,milliseconds
1780303701,10,11.000000,7.002455,7.000000,0.075669,7.000000,7.000000,7.000000,7.000000,7.000000,8.000000,0.014647,0.007012,0.092149,0.382572,calls/second,milliseconds
1780303702,10,11.000000,7.002455,7.000000,0.075669,7.000000,7.000000,7.000000,7.000000,7.000000,8.000000,0.014626,0.007012,0.092149,0.382572,calls/second,milliseconds
1780303703,10,11.000000,7.002455,7.000000,0.075669,7.000000,7.000000,7.000000,7.000000,7.000000,8.000000,0.014604,0.007012,0.092149,0.382572,calls/second,milliseconds
1780303704,10,11.000000,7.002455,7.000000,0.075669,7.000000,7.000000,7.000000,7.000000,7.000000,8.000000,0.014583,0.006452,0.090626,0.380453,calls/second,milliseconds
1780303705,10,11.000000,7.002455,7.000000,0.075669,7.000000,7.000000,7.000000,7.000000,7.000000,8.000000,0.014562,0.006452,0.090626,0.380453,calls/second,milliseconds
1780303706,10,11.000000,7.002455,7.000000,0.075669,7.000000,7.000000,7.000000,7.000000,7.000000,8.000000,0.014540,0.006452,0.090626,0.380453,calls/second,milliseconds
1780303707,10,11.000000,7.002455,7.000000,0.075669,7.000000,7.000000,7.000000,7.000000,7.000000,8.000000,0.014519,0.006452,0.090626,0.380453,calls/second,milliseconds
1780303708,10,11.000000,7.002455,7.000000,0.075669,7.000000,7.000000,7.000000,7.000000,7.000000,8.000000,0.014498,0.006452,0.090626,0.380453,calls/second,milliseconds
1780303709,10,11.000000,7.002455,7.000000,0.075669,7.000000,7.000000,7.000000,7.000000,7.000000,8.000000,0.014477,0.005936,0.089128,0.378345,calls/second,milliseconds
1780303710,10,11.000000,7.002455,7.000000,0.075669,7.000000,7.000000,7.000000,7.000000,7.000000,8.000000,0.014456,0.005936,0.089128,0.378345,calls/second,milliseconds
1780303711,10,11.000000,7.002455,7.000000,0.075669,7.000000,7.000000,7.000000,7.000000,7.000000,8.000000,0.014435,0.005936,0.089128,0.378345,calls/second,milliseconds
1780303712,10,11.000000,7.002455,7.000000,0.075669,7.000000,7.000000,7.000000,7.000000,7.000000,8.000000,0.014415,0.005936,0.089128,0.378345,calls/second,milliseconds
1780303713,10,11.000000,7.002455,7.000000,0.075669,7.000000,7.000000,7.000000,7.000000,7.000000,8.000000,0.014394,0.005936,0.089128,0.378345,calls/second,milliseconds
1780303714,10,11.000000,7.002455,7.000000,0.075669,7.000000,7.000000,7.000000,7.000000,7.000000,8.000000,0.014373,0.005461,0.087655,0.376249,calls/second,milliseconds
1780303715,10,11.000000,7.002455,7.000000,0.075669,7.000000,7.000000,7.000000,7.000000,7.000000,8.000000,0.014352,0.005461,0.087655,0.376249,calls/second,milliseconds
1780303716,10,11.000000,7.002455,7.000000,0.075669,7.000000,7.000000,7.000000,7.000000,7.000000,8.000000,0.014332,0.005461,0.087655,0.376249,calls/second,milliseconds
1780303717,10,11.000000,7.002455,7.000000,0.075669,7.000000,7.000000,7.000000,7.000000,7.000000,8.000000,0.014311,0.005461,0.087655,0.376249,calls/second,milliseconds
1780303718,10,11.000000,7.002455,7.000000,0.075669,7.000000,7.000000,7.000000,7.000000,7.000000,8.000000,0.014291,0.005461,0.087655,0.376249,calls/second,milliseconds
1780303719,10,11.000000,7.002455,7.000000,0.075669,7.000000,7.000000,7.000000,7.000000,7.000000,8.000000,0.014270,0.005025,0.086206,0.374164,calls/second,milliseconds
1780303720,10,11.000000,7.002455,7.000000,0.075669,7.000000,7.000000,7.000000,7.000000,7.000000,8.000000,0.014250,0.005025,0.086206,0.374164,calls/second,milliseconds
1780303721,10,11.000000,7.002455,7.000000,0.075669,7.000000,7.000000,7.000000,7.000000,7.000000,8.000000,0.014230,0.005025,0.086206,0.374164,calls/second,milliseconds
1780303722,10,11.000000,7.002455,7.000000,0.075669,7.000000,7.000000,7.000000,7.000000,7.000000,8.000000,0.014209,0.005025,0.086206,0.374164,calls/second,milliseconds
1780303723,10,11.000000,7.002455,7.000000,0.075669,7.000000,7.000000,7.000000,7.000000,7.000000,8.000000,0.014189,0.005025,0.086206,0.374164,calls/second,milliseconds
1780303724,10,11.000000,7.002455,7.000000,0.075669,7.000000,7.000000,7.000000,7.000000,7.000000,8.000000,0.014169,0.004623,0.084781,0.372091,calls/second,milliseconds
1780303725,10,11.000000,7.002455,7.000000,0.075669,7.000000,7.000000,7.000000,7.000000,7.000000,8.000000,0.014149,0.004623,0.084781,0.372091,calls/second,milliseconds
1780303726,10,11.000000,7.002455,7.000000,0.075669,7.000000,7.000000,7.000000,7.000000,7.000000,8.000000,0.014129,0.004623,0.084781,0.372091,calls/second,milliseconds
1780303727,10,11.000000,7.002455,7.000000,0.075669,7.000000,7.000000,7.000000,7.000000,7.000000,8.000000,0.014109,0.004623,0.084781,0.372091,calls/second,milliseconds
1780303728,10,11.000000,7.002455,7.000000,0.075669,7.000000,7.000000,7.000000,7.000000,7.000000,8.000000,0.014089,0.004623,0.084781,0.372091,calls/second,milliseconds
1780303729,10,11.000000,7.002455,7.000000,0.075669,7.000000,7.000000,7.000000,7.000000,7.000000,8.000000,0.014069,0.004253,0.083380,0.370030,calls/second,milliseconds
1780303730,10,11.000000,7.002455,7.000000,0.075669,7.000000,7.000000,7.000000,7.000000,7.000000,8.000000,0.014049,0.004253,0.083380,0.370030,calls/second,milliseconds
1780303731,10,11.000000,7.002455,7.000000,0.075669,7.000000,7.000000,7.000000,7.000000,7.000000,8.000000,0.014030,0.004253,0.083380,0.370030,calls/second,milliseconds
1780303732,10,11.000000,7.002455,7.000000,0.075669,7.000000,7.000000,7.000000,7.000000,7.000000,8.000000,0.014010,0.004253,0.083380,0.370030,calls/second,milliseconds
1780303733,10,11.000000,7.002455,7.000000,0.075669,7.000000,7.000000,7.000000,7.000000,7.000000,8.000000,0.013990,0.004253,0.083380,0.370030,calls/second,milliseconds
1780303734,10,11.000000,7.002455,7.000000,0.075669,7.000000,7.000000,7.000000,7.000000,7.000000,8.000000,0.013971,0.003913,0.082002,0.367980,calls/second,milliseconds
1780303735,10,11.000000,7.002455,7.000000,0.075669,7.000000,7.000000,7.000000,7.000000,7.000000,8.000000,0.013951,0.003913,0.082002,0.367980,calls/second,milliseconds
1780303736,10,11.000000,7.002455,7.000000,0.075669,7.000000,7.000000,7.000000,7.000000,7.000000,8.000000,0.013932,0.003913,0.082002,0.367980,calls/second,milliseconds
1780303737,10,11.000000,7.002455,7.000000,0.075669,7.000000,7.000000,7.000000,7.000000,7.000000,8.000000,0.013912,0.003913,0.082002,0.367980,calls/second,milliseconds
1780303738,10,11.000000,7.002455,7.000000,0.075669,7.000000,7.000000,7.000000,7.000000,7.000000,8.000000,0.013893,0.003913,0.082002,0.367980,calls/second,milliseconds
1780303739,10,11.000000,7.002455,7.000000,0.075669,7.000000,7.000000,7.000000,7.000000,7.000000,8.000000,0.013874,0.003600,0.080647,0.365941,calls/second,milliseconds
1780303740,10,11.000000,7.002455,7.000000,0.075669,7.000000,7.000000,7.000000,7.000000,7.000000,8.000000,0.013854,0.003600,0.080647,0.365941,calls/second,milliseconds
1780303741,10,11.000000,7.002455,7.000000,0.075669,7.000000,7.000000,7.000000,7.000000,7.000000,8.000000,0.013835,0.003600,0.080647,0.365941,calls/second,milliseconds
1780303742,11,11.000000,10.220659,7.000000,1.584043,11.000000,11.000000,11.000000,11.000000,11.000000,11.000000,0.015197,0.003600,0.080647,0.365941,calls/second,milliseconds
1780303743,11,11.000000,10.220659,7.000000,1.584043,11.000000,11.000000,11.000000,11.000000,11.000000,11.000000,0.015176,0.003600,0.080647,0.365941,calls/second,milliseconds
1780303744,11,11.000000,10.220659,7.000000,1.584043,11.000000,11.000000,11.000000,11.000000,11.000000,11.000000,0.015156,0.019304,0.082619,0.365022,calls/second,milliseconds
1780303745,11,11.000000,10.220659,7.000000,1.584043,11.000000,11.000000,11.000000,11.000000,11.000000,11.000000,0.015135,0.019304,0.082619,0.365022,calls/second,milliseconds
1780303746,11,11.000000,10.220659,7.000000,1.584043,11.000000,11.000000,11.000000,11.000000,11.000000,11.000000,0.015114,0.019304,0.082619,0.365022,calls/second,milliseconds
1780303747,11,11.000000,10.220659,7.000000,1.584043,11.000000,11.000000,11.000000,11.000000,11.000000,11.000000,0.015093,0.019304,0.082619,0.365022,calls/second,milliseconds
1780303748,11,11.000000,10.220659,7.000000,1.584043,11.000000,11.000000,11.000000,11.000000,11.000000,11.000000,0.015072,0.019304,0.082619,0.365022,calls/second,milliseconds
1780303749,11,11.000000,10.220659,7.000000,1.584043,11.000000,11.000000,11.000000,11.000000,11.000000,11.000000,0.015052,0.017760,0.081254,0.363000,calls/second,milliseconds
1780303750,11,11.000000,10.220659,7.000000,1.584043,11.000000,11.000000,11.000000,11.000000,11.000000,11.000000,0.015031,0.017760,0.081254,0.363000,calls/second,milliseconds
1780303751,11,11.000000,10.220659,7.000000,1.584043,11.000000,11.000000,11.000000,11.000000,11.000000,11.000000,0.015011,0.017760,0.081254,0.363000,calls/second,milliseconds
1780303752,11,11.000000,10.220659,7.000000,1.584043,11.000000,11.000000,11.000000,11.000000,11.000000,11.000000,0.014990,0.017760,0.081254,0.363000,calls/second,milliseconds
1780303753,11,11.000000,10.220659,7.000000,1.584043,11.000000,11.000000,11.000000,11.000000,11.000000,11.000000,0.014970,0.017760,0.081254,0.363000,calls/second,milliseconds
1780303754,11,11.000000,10.220659,7.000000,1.584043,11.000000,11.000000,11.000000,11.000000,11.000000,11.000000,0.014949,0.016340,0.079911,0.360989,calls/second,milliseconds
1780303755,11,11.000000,10.220659,7.000000,1.584043,11.000000,11.000000,11.000000,11.000000,11.000000,11.000000,0.014929,0.016340,0.079911,0.360989,calls/second,milliseconds
1780303756,11,11.000000,10.220659,7.000000,1.584043,11.000000,11.000000,11.000000,11.000000,11.000000,11.000000,0.014909,0.016340,0.079911,0.360989,calls/second,milliseconds
1780303757,11,11.000000,10.220659,7.000000,1.584043,11.000000,11.000000,11.000000,11.000000,11.000000,11.000000,0.014889,0.016340,0.079911,0.360989,calls/second,milliseconds
1780303758,11,11.000000,10.220659,7.000000,1.584043,11.000000,11.000000,11.000000,11.000000,11.000000,11.000000,0.014868,0.016340,0.079911,0.360989,calls/second,milliseconds
1780303759,11,11.000000,10.220659,7.000000,1.584043,11.000000,11.000000,11.000000,11.000000,11.000000,11.000000,0.014848,0.015034,0.078590,0.358989,calls/second,milliseconds
1780303760,11,11.000000,10.220659,7.000000,1.584043,11.000000,11.000000,11.000000,11.000000,11.000000,11.000000,0.014828,0.015034,0.078590,0.358989,calls/second,milliseconds
1780303761,11,11.000000,10.220659,7.000000,1.584043,11.000000,11.000000,11.000000,11.000000,11.000000,11.000000,0.014808,0.015034,0.078590,0.358989,calls/second,milliseconds
1780303762,11,11.000000,10.220659,7.000000,1.584043,11.000000,11.000000,11.000000,11.000000,11.000000,11.000000,0.014788,0.015034,0.078590,0.358989,calls/second,milliseconds
1780303763,11,11.000000,10.220659,7.000000,1.584043,11.000000,11.000000,11.000000,11.000000,11.000000,11.000000,0.014768,0.015034,0.078590,0.358989,calls/second,milliseconds
1780303764,11,11.000000,10.220659,7.000000,1.584043,11.000000,11.000000,11.000000,11.000000,11.000000,11.000000,0.014749,0.013832,0.077291,0.357000,calls/second,milliseconds
1780303765,11,11.000000,10.220659,7.000000,1.584043,11.000000,11.000000,11.000000,11.000000,11.000000,11.000000,0.014729,0.013832,0.077291,0.357000,calls/second,milliseconds
1780303766,11,11.000000,10.220659,7.000000,1.584043,11.000000,11.000000,11.000000,11.000000,11.000000,11.000000,0.014709,0.013832,0.077291,0.357000,calls/second,milliseconds
1780303767,11,11.000000,10.220659,7.000000,1.584043,11.000000,11.000000,11.000000,11.000000,11.000000,11.000000,0.014689,0.013832,0.077291,0.357000,calls/second,milliseconds
1780303768,11,11.000000,10.220659,7.000000,1.584043,11.000000,11.000000,11.000000,11.000000,11.000000,11.000000,0.014670,0.013832,0.077291,0.357000,calls/second,milliseconds
1780303769,11,11.000000,10.220659,7.000000,1.584043,11.000000,11.000000,11.000000,11.000000,11.000000,11.000000,0.014650,0.012726,0.076013,0.355022,calls/second,milliseconds
1780303770,11,11.000000,10.220659,7.000000,1.584043,11.000000,11.000000,11.000000,11.000000,11.000000,11.000000,0.014631,0.012726,0.076013,0.355022,calls/second,milliseconds
1780303771,11,11.000000,10.220659,7.000000,1.584043,11.000000,11.000000,11.000000,11.000000,11.000000,11.000000,0.014611,0.012726,0.076013,0.355022,calls/second,milliseconds
1780303772,11,11.000000,10.220659,7.000000,1.584043,11.000000,11.000000,11.000000,11.000000,11.000000,11.000000,0.014592,0.012726,0.076013,0.355022,calls/second,milliseconds
1780303773,11,11.000000,10.220659,7.000000,1.584043,11.000000,11.000000,11.000000,11.000000,11.000000,11.000000,0.014572,0.012726,0.076013,0.355022,calls/second,milliseconds
1780303774,11,11.000000,10.220659,7.000000,1.584043,11.000000,11.000000,11.000000,11.000000,11.000000,11.000000,0.014553,0.011708,0.074757,0.353055,calls/second,milliseconds
1780303775,11,11.000000,10.220659,7.000000,1.584043,11.000000,11.000000,11.000000,11.000000,11.000000,11.000000,0.014534,0.011708,0.074757,0.353055,calls/second,milliseconds
1780303776,11,11.000000,10.220659,7.000000,1.584043,11.000000,11.000000,11.000000,11.000000,11.000000,11.000000,0.014515,0.011708,0.074757,0.353055,calls/second,milliseconds
1780303777,11,11.000000,10.220659,7.000000,1.584043,11.000000,11.000000,11.000000,11.000000,11.000000,11.000000,0.014496,0.011708,0.074757,0.353055,calls/second,milliseconds
1780303778,11,11.000000,10.220659,7.000000,1.584043,11.000000,11.000000,11.000000,11.000000,11.000000,11.000000,0.014476,0.011708,0.074757,0.353055,calls/second,milliseconds
1780303779,11,11.000000,10.220659,7.000000,1.584043,11.000000,11.000000,11.000000,11.000000,11.000000,11.000000,0.014457,0.010772,0.073521,0.351099,calls/second,milliseconds
1780303780,11,11.000000,10.220659,7.000000,1.584043,11.000000,11.000000,11.000000,11.000000,11.000000,11.000000,0.014438,0.010772,0.073521,0.351099,calls/second,milliseconds
1780303781,11,11.000000,10.220659,7.000000,1.584043,11.000000,11.000000,11.000000,11.000000,11.000000,11.000000,0.014419,0.010772,0.073521,0.351099,calls/second,milliseconds
1780303782,11,11.000000,10.220659,7.000000,1.584043,11.000000,11.000000,11.000000,11.000000,11.000000,11.000000,0.014400,0.010772,0.073521,0.351099,calls/second,milliseconds
1780303783,11,11.000000,10.220659,7.000000,1.584043,11.000000,11.000000,11.000000,11.000000,11.000000,11.000000,0.014382,0.010772,0.073521,0.351099,calls/second,milliseconds
1780303784,11,11.000000,10.220659,7.000000,1.584043,11.000000,11.000000,11.000000,11.000000,11.000000,11.000000,0.014363,0.009911,0.072306,0.349154,calls/second,milliseconds
1780303785,11,11.000000,10.220659,7.000000,1.584043,11.000000,11.000000,11.000000,11.000000,11.000000,11.000000,0.014344,0.009911,0.072306,0.349154,calls/second,milliseconds
1780303786,11,11.000000,10.220659,7.000000,1.584043,11.000000,11.000000,11.000000,11.000000,11.000000,11.000000,0.014325,0.009911,0.072306,0.349154,calls/second,milliseconds
1780303787,11,11.000000,10.220659,7.000000,1.584043,11.000000,11.000000,11.000000,11.000000,11.000000,11.000000,0.014307,0.009911,0.072306,0.349154,calls/second,milliseconds
1780303788,11,11.000000,10.220659,7.000000,1.584043,11.000000,11.000000,11.000000,11.000000,11.000000,11.000000,0.014288,0.009911,0.072306,0.349154,calls/second,milliseconds
1780303789,11,11.000000,10.220659,7.000000,1.584043,11.000000,11.000000,11.000000,11.000000,11.000000,11.000000,0.014270,0.009118,0.071111,0.347220,calls/second,milliseconds
1780303790,11,11.000000,10.220659,7.000000,1.584043,11.000000,11.000000,11.000000,11.000000,11.000000,11.000000,0.014251,0.009118,0.071111,0.347220,calls/second,milliseconds
1780303791,11,11.000000,10.220659,7.000000,1.584043,11.000000,11.000000,11.000000,11.000000,11.000000,11.000000,0.014233,0.009118,0.071111,0.347220,calls/second,milliseconds
1780303792,11,11.000000,10.220659,7.000000,1.584043,11.000000,11.000000,11.000000,11.000000,11.000000,11.000000,0.014214,0.009118,0.071111,0.347220,calls/second,milliseconds
1780303793,11,11.000000,10.220659,7.000000,1.584043,11.000000,11.000000,11.000000,11.000000,11.000000,11.000000,0.014196,0.009118,0.071111,0.347220,calls/second,milliseconds
1780303794,11,11.000000,10.220659,7.000000,1.584043,11.000000,11.000000,11.000000,11.000000,11.000000,11.000000,0.014177,0.008389,0.069936,0.345296,calls/second,milliseconds
1780303795,11,11.000000,10.220659,7.000000,1.584043,11.000000,11.000000,11.000000,11.000000,11.000000,11.000000,0.014159,0.008389,0.069936,0.345296,calls/second,milliseconds
1780303796,11,11.000000,10.220659,7.000000,1.584043,11.000000,11.000000,11.000000,11.000000,11.000000,11.000000,0.014141,0.008389,0.069936,0.345296,calls/second,milliseconds
1780303797,11,11.000000,10.220659,7.000000,1.584043,11.000000,11.000000,11.000000,11.000000,11.000000,11.000000,0.014123,0.008389,0.069936,0.345296,calls/second,milliseconds
1780303798,11,11.000000,10.220659,7.000000,1.584043,11.000000,11.000000,11.000000,11.000000,11.000000,11.000000,0.014105,0.008389,0.069936,0.345296,calls/second,milliseconds
1780303799,11,11.000000,10.220659,7.000000,1.584043,11.000000,11.000000,11.000000,11.000000,11.000000,11.000000,0.014087,0.007718,0.068780,0.343383,calls/second,milliseconds
1780303800,11,11.000000,10.220659,7.000000,1.584043,11.000000,11.000000,11.000000,11.000000,11.000000,11.000000,0.014068,0.007718,0.068780,0.343383,calls/second,milliseconds
1780303801,11,11.000000,10.220659,7.000000,1.584043,11.000000,11.000000,11.000000,11.000000,11.000000,11.000000,0.014050,0.007718,0.068780,0.343383,calls/second,milliseconds
1780303802,11,11.000000,10.220659,7.000000,1.584043,11.000000,11.000000,11.000000,11.000000,11.000000,11.000000,0.014033,0.007718,0.068780,0.343383,calls/second,milliseconds
1780303803,11,11.000000,10.220659,7.000000,1.584043,11.000000,11.000000,11.000000,11.000000,11.000000,11.000000,0.014015,0.007718,0.068780,0.343383,calls/second,milliseconds
1780303804,11,11.000000,10.220659,7.000000,1.584043,11.000000,11.000000,11.000000,11.000000,11.000000,11.000000,0.013997,0.007101,0.067643,0.341481,calls/second,milliseconds
1780303805,11,11.000000,10.220659,7.000000,1.584043,11.000000,11.000000,11.000000,11.000000,11.000000,11.000000,0.013979,0.007101,0.067643,0.341481,calls/second,milliseconds
1780303806,11,11.000000,10.220659,7.000000,1.584043,11.000000,11.000000,11.000000,11.000000,11.000000,11.000000,0.013961,0.007101,0.067643,0.341481,calls/second,milliseconds
1780303807,11,11.000000,10.220659,7.000000,1.584043,11.000000,11.000000,11.000000,11.000000,11.000000,11.000000,0.013943,0.007101,0.067643,0.341481,calls/second,milliseconds
1780303808,11,11.000000,10.220659,7.000000,1.584043,11.000000,11.000000,11.000000,11.000000,11.000000,11.000000,0.013926,0.007101,0.067643,0.341481,calls/second,milliseconds
1780303809,11,11.000000,10.220659,7.000000,1.584043,11.000000,11.000000,11.000000,11.000000,11.000000,11.000000,0.013908,0.006534,0.066525,0.339589,calls/second,milliseconds
1780303810,11,11.000000,10.220659,7.000000,1.584043,11.000000,11.000000,11.000000,11.000000,11.000000,11.000000,0.013891,0.006534,0.066525,0.339589,calls/second,milliseconds
1780303811,11,11.000000,10.220659,7.000000,1.584043,11.000000,11.000000,11.000000,11.000000,11.000000,11.000000,0.013873,0.006534,0.066525,0.339589,calls/second,milliseconds
1780303812,11,11.000000,10.220659,7.000000,1.584043,11.000000,11.000000,11.000000,11.000000,11.000000,11.000000,0.013855,0.006534,0.066525,0.339589,calls/second,milliseconds
1780303813,11,11.000000,10.220659,7.000000,1.584043,11.000000,11.000000,11.000000,11.000000,11.000000,11.000000,0.013838,0.006534,0.066525,0.339589,calls/second,milliseconds
1780303814,11,11.000000,10.220659,7.000000,1.584043,11.000000,11.000000,11.000000,11.000000,11.000000,11.000000,0.013821,0.006011,0.065425,0.337707,calls/second,milliseconds
1780303815,11,11.000000,10.220659,7.000000,1.584043,11.000000,11.000000,11.000000,11.000000,11.000000,11.000000,0.013803,0.006011,0.065425,0.337707,calls/second,milliseconds
1780303816,11,11.000000,10.220659,7.000000,1.584043,11.000000,11.000000,11.000000,11.000000,11.000000,11.000000,0.013786,0.006011,0.065425,0.337707,calls/second,milliseconds
1780303817,11,11.000000,10.220659,7.000000,1.584043,11.000000,11.000000,11.000000,11.000000,11.000000,11.000000,0.013769,0.006011,0.065425,0.337707,calls/second,milliseconds
1780303818,11,11.000000,10.220659,7.000000,1.584043,11.000000,11.000000,11.000000,11.000000,11.000000,11.000000,0.013751,0.006011,0.065425,0.337707,calls/second,milliseconds
1780303819,11,11.000000,10.220659,7.000000,1.584043,11.000000,11.000000,11.000000,11.000000,11.000000,11.000000,0.013734,0.005531,0.064344,0.335836,calls/second,milliseconds
1780303820,11,11.000000,10.220659,7.000000,1.584043,11.000000,11.000000,11.000000,11.000000,11.000000,11.000000,0.013717,0.005531,0.064344,0.335836,calls/second,milliseconds
1780303821,11,11.000000,10.220659,7.000000,1.584043,11.000000,11.000000,11.000000,11.000000,11.000000,11.000000,0.013700,0.005531,0.064344,0.335836,calls/second,milliseconds
1780303822,11,11.000000,10.220659,7.000000,1.584043,11.000000,11.000000,11.000000,11.000000,11.000000,11.000000,0.013683,0.005531,0.064344,0.335836,calls/second,milliseconds
1780303823,11,11.000000,10.220659,7.000000,1.584043,11.000000,11.000000,11.000000,11.000000,11.000000,11.000000,0.013666,0.005531,0.064344,0.335836,calls/second,milliseconds
1780303824,11,11.000000,10.220659,7.000000,1.584043,11.000000,11.000000,11.000000,11.000000,11.000000,11.000000,0.013649,0.005088,0.063280,0.333976,calls/second,milliseconds
1780303825,11,11.000000,10.220659,7.000000,1.584043,11.000000,11.000000,11.000000,11.000000,11.000000,11.000000,0.013632,0.005088,0.063280,0.333976,calls/second,milliseconds
1780303826,11,11.000000,10.220659,7.000000,1.584043,11.000000,11.000000,11.000000,11.000000,11.000000,11.000000,0.013615,0.005088,0.063280,0.333976,calls/second,milliseconds
1780303827,11,11.000000,10.220659,7.000000,1.584043,11.000000,11.000000,11.000000,11.000000,11.000000,11.000000,0.013598,0.005088,0.063280,0.333976,calls/second,milliseconds
1780303828,11,11.000000,10.220659,7.000000,1.584043,11.000000,11.000000,11.000000,11.000000,11.000000,11.000000,0.013581,0.005088,0.063280,0.333976,calls/second,milliseconds
1780303829,11,11.000000,10.220659,7.000000,1.584043,11.000000,11.000000,11.000000,11.000000,11.000000,11.000000,0.013565,0.004682,0.062234,0.332125,calls/second,milliseconds
1780303830,11,11.000000,10.220659,7.000000,1.584043,11.000000,11.000000,11.000000,11.000000,11.000000,11.000000,0.013548,0.004682,0.062234,0.332125,calls/second,milliseconds
1780303831,11,11.000000,10.220659,7.000000,1.584043,11.000000,11.000000,11.000000,11.000000,11.000000,11.000000,0.013531,0.004682,0.062234,0.332125,calls/second,milliseconds
1780303832,11,11.000000,10.220659,7.000000,1.584043,11.000000,11.000000,11.000000,11.000000,11.000000,11.000000,0.013515,0.004682,0.062234,0.332125,calls/second,milliseconds
1780303833,11,11.000000,10.220659,7.000000,1.584043,11.000000,11.000000,11.000000,11.000000,11.000000,11.000000,0.013498,0.004682,0.062234,0.332125,calls/second,milliseconds
1780303834,11,11.000000,10.220659,7.000000,1.584043,11.000000,11.000000,11.000000,11.000000,11.000000,11.000000,0.013481,0.004307,0.061206,0.330285,calls/second,milliseconds
1780303835,11,11.000000,10.220659,7.000000,1.584043,11.000000,11.000000,11.000000,11.000000,11.000000,11.000000,0.013465,0.004307,0.061206,0.330285,calls/second,milliseconds
1780303836,11,11.000000,10.220659,7.000000,1.584043,11.000000,11.000000,11.000000,11.000000,11.000000,11.000000,0.013448,0.004307,0.061206,0.330285,calls/second,milliseconds
1780303837,11,11.000000,10.220659,7.000000,1.584043,11.000000,11.000000,11.000000,11.000000,11.000000,11.000000,0.013432,0.004307,0.061206,0.330285,calls/second,milliseconds
1780303838,11,11.000000,10.220659,7.000000,1.584043,11.000000,11.000000,11.000000,11.000000,11.000000,11.000000,0.013416,0.004307,0.061206,0.330285,calls/second,milliseconds
1780303839,11,11.000000,10.220659,7.000000,1.584043,11.000000,11.000000,11.000000,11.000000,11.000000,11.000000,0.013399,0.003963,0.060194,0.328456,calls/second,milliseconds
1780303840,11,11.000000,10.220659,7.000000,1.584043,11.000000,11.000000,11.000000,11.000000,11.000000,11.000000,0.013383,0.003963,0.060194,0.328456,calls/second,milliseconds
1780303841,11,11.000000,10.220659,7.000000,1.584043,11.000000,11.000000,11.000000,11.000000,11.000000,11.000000,0.013367,0.003963,0.060194,0.328456,calls/second,milliseconds
1780303842,11,11.000000,10.220659,7.000000,1.584043,11.000000,11.000000,11.000000,11.000000,11.000000,11.000000,0.013350,0.003963,0.060194,0.328456,calls/second,milliseconds
1780303843,11,11.000000,10.220659,7.000000,1.584043,11.000000,11.000000,11.000000,11.000000,11.000000,11.000000,0.013334,0.003963,0.060194,0.328456,calls/second,milliseconds
1780303844,11,11.000000,10.220659,7.000000,1.584043,11.000000,11.000000,11.000000,11.000000,11.000000,11.000000,0.013318,0.003646,0.059199,0.326636,calls/second,milliseconds
1780303845,11,11.000000,10.220659,7.000000,1.584043,11.000000,11.000000,11.000000,11.000000,11.000000,11.000000,0.013302,0.003646,0.059199,0.326636,calls/second,milliseconds
1780303846,11,11.000000,10.220659,7.000000,1.584043,11.000000,11.000000,11.000000,11.000000,11.000000,11.000000,0.013286,0.003646,0.059199,0.326636,calls/second,milliseconds
1780303847,11,11.000000,10.220659,7.000000,1.584043,11.000000,11.000000,11.000000,11.000000,11.000000,11.000000,0.013270,0.003646,0.059199,0.326636,calls/second,milliseconds
1780303848,11,11.000000,10.220659,7.000000,1.584043,11.000000,11.000000,11.000000,11.000000,11.000000,11.000000,0.013253,0.003646,0.059199,0.326636,calls/second,milliseconds
1780303849,12,11.000000,7.650936,7.000000,1.476436,7.000000,7.000000,11.000000,11.000000,11.000000,11.000000,0.014441,0.019346,0.061527,0.325934,calls/second,milliseconds
1780303850,12,11.000000,7.650936,7.000000,1.476436,7.000000,7.000000,11.000000,11.000000,11.000000,11.000000,0.014424,0.019346,0.061527,0.325934,calls/second,milliseconds
1780303851,12,11.000000,7.650936,7.000000,1.476436,7.000000,7.000000,11.000000,11.000000,11.000000,11.000000,0.014406,0.019346,0.061527,0.325934,calls/second,milliseconds
1780303852,12,11.000000,7.650936,7.000000,1.476436,7.000000,7.000000,11.000000,11.000000,11.000000,11.000000,0.014389,0.019346,0.061527,0.325934,calls/second,milliseconds
1780303853,12,11.000000,7.650936,7.000000,1.476436,7.000000,7.000000,11.000000,11.000000,11.000000,11.000000,0.014372,0.019346,0.061527,0.325934,calls/second,milliseconds
1780303854,12,11.000000,7.650936,7.000000,1.476436,7.000000,7.000000,11.000000,11.000000,11.000000,11.000000,0.014354,0.017799,0.060510,0.324129,calls/second,milliseconds
1780303855,12,11.000000,7.650936,7.000000,1.476436,7.000000,7.000000,11.000000,11.000000,11.000000,11.000000,0.014337,0.017799,0.060510,0.324129,calls/second,milliseconds
1780303856,12,11.000000,7.650936,7.000000,1.476436,7.000000,7.000000,11.000000,11.000000,11.000000,11.000000,0.014320,0.017799,0.060510,0.324129,calls/second,milliseconds
1780303857,12,11.000000,7.650936,7.000000,1.476436,7.000000,7.000000,11.000000,11.000000,11.000000,11.000000,0.014303,0.017799,0.060510,0.324129,calls/second,milliseconds
1780303858,12,11.000000,7.650936,7.000000,1.476436,7.000000,7.000000,11.000000,11.000000,11.000000,11.000000,0.014286,0.017799,0.060510,0.324129,calls/second,milliseconds
1780303859,12,11.000000,7.650936,7.000000,1.476436,7.000000,7.000000,11.000000,11.000000,11.000000,11.000000,0.014269,0.016376,0.059509,0.322333,calls/second,milliseconds
1780303860,12,11.000000,7.650936,7.000000,1.476436,7.000000,7.000000,11.000000,11.000000,11.000000,11.000000,0.014252,0.016376,0.059509,0.322333,calls/second,milliseconds
1780303861,12,11.000000,7.650936,7.000000,1.476436,7.000000,7.000000,11.000000,11.000000,11.000000,11.000000,0.014235,0.016376,0.059509,0.322333,calls/second,milliseconds
1780303862,12,11.000000,7.650936,7.000000,1.476436,7.000000,7.000000,11.000000,11.000000,11.000000,11.000000,0.014218,0.016376,0.059509,0.322333,calls/second,milliseconds
1780303863,12,11.000000,7.650936,7.000000,1.476436,7.000000,7.000000,11.000000,11.000000,11.000000,11.000000,0.014201,0.016376,0.059509,0.322333,calls/second,milliseconds
1780303864,12,11.000000,7.650936,7.000000,1.476436,7.000000,7.000000,11.000000,11.000000,11.000000,11.000000,0.014184,0.015066,0.058526,0.320547,calls/second,milliseconds
1780303865,12,11.000000,7.650936,7.000000,1.476436,7.000000,7.000000,11.000000,11.000000,11.000000,11.000000,0.014168,0.015066,0.058526,0.320547,calls/second,milliseconds
1780303866,12,11.000000,7.650936,7.000000,1.476436,7.000000,7.000000,11.000000,11.000000,11.000000,11.000000,0.014151,0.015066,0.058526,0.320547,calls/second,milliseconds
1780303867,12,11.000000,7.650936,7.000000,1.476436,7.000000,7.000000,11.000000,11.000000,11.000000,11.000000,0.014134,0.015066,0.058526,0.320547,calls/second,milliseconds
1780303868,12,11.000000,7.650936,7.000000,1.476436,7.000000,7.000000,11.000000,11.000000,11.000000,11.000000,0.014118,0.015066,0.058526,0.320547,calls/second,milliseconds
1780303869,12,11.000000,7.650936,7.000000,1.476436,7.000000,7.000000,11.000000,11.000000,11.000000,11.000000,0.014101,0.013862,0.057558,0.318771,calls/second,milliseconds
1780303870,12,11.000000,7.650936,7.000000,1.476436,7.000000,7.000000,11.000000,11.000000,11.000000,11.000000,0.014084,0.013862,0.057558,0.318771,calls/second,milliseconds
1780303871,12,11.000000,7.650936,7.000000,1.476436,7.000000,7.000000,11.000000,11.000000,11.000000,11.000000,0.014068,0.013862,0.057558,0.318771,calls/second,milliseconds
1780303872,12,11.000000,7.650936,7.000000,1.476436,7.000000,7.000000,11.000000,11.000000,11.000000,11.000000,0.014051,0.013862,0.057558,0.318771,calls/second,milliseconds
1780303873,12,11.000000,7.650936,7.000000,1.476436,7.000000,7.000000,11.000000,11.000000,11.000000,11.000000,0.014035,0.012753,0.056607,0.317005,calls/second,milliseconds
1780303874,12,11.000000,7.650936,7.000000,1.476436,7.000000,7.000000,11.000000,11.000000,11.000000,11.000000,0.014019,0.012753,0.056607,0.317005,calls/second,milliseconds
1780303875,12,11.000000,7.650936,7.000000,1.476436,7.000000,7.000000,11.000000,11.000000,11.000000,11.000000,0.014002,0.012753,0.056607,0.317005,calls/second,milliseconds
1780303876,12,11.000000,7.650936,7.000000,1.476436,7.000000,7.000000,11.000000,11.000000,11.000000,11.000000,0.013986,0.012753,0.056607,0.317005,calls/second,milliseconds
1780303877,12,11.000000,7.650936,7.000000,1.476436,7.000000,7.000000,11.000000,11.000000,11.000000,11.000000,0.013970,0.012753,0.056607,0.317005,calls/second,milliseconds
1780303878,12,11.000000,7.650936,7.000000,1.476436,7.000000,7.000000,11.000000,11.000000,11.000000,11.000000,0.013953,0.011734,0.055671,0.315249,calls/second,milliseconds
1780303879,12,11.000000,7.650936,7.000000,1.476436,7.000000,7.000000,11.000000,11.000000,11.000000,11.000000,0.013937,0.011734,0.055671,0.315249,calls/second,milliseconds
1780303880,12,11.000000,7.650936,7.000000,1.476436,7.000000,7.000000,11.000000,11.000000,11.000000,11.000000,0.013921,0.011734,0.055671,0.315249,calls/second,milliseconds
1780303881,12,11.000000,7.650936,7.000000,1.476436,7.000000,7.000000,11.000000,11.000000,11.000000,11.000000,0.013905,0.011734,0.055671,0.315249,calls/second,milliseconds
1780303882,12,11.000000,7.650936,7.000000,1.476436,7.000000,7.000000,11.000000,11.000000,11.000000,11.000000,0.013889,0.011734,0.055671,0.315249,calls/second,milliseconds
1780303883,12,11.000000,7.650936,7.000000,1.476436,7.000000,7.000000,11.000000,11.000000,11.000000,11.000000,0.013872,0.010796,0.054751,0.313502,calls/second,milliseconds
1780303884,12,11.000000,7.650936,7.000000,1.476436,7.000000,7.000000,11.000000,11.000000,11.000000,11.000000,0.013856,0.010796,0.054751,0.313502,calls/second,milliseconds
1780303885,12,11.000000,7.650936,7.000000,1.476436,7.000000,7.000000,11.000000,11.000000,11.000000,11.000000,0.013840,0.010796,0.054751,0.313502,calls/second,milliseconds
1780303886,12,11.000000,7.650936,7.000000,1.476436,7.000000,7.000000,11.000000,11.000000,11.000000,11.000000,0.013824,0.010796,0.054751,0.313502,calls/second,milliseconds
1780303887,12,11.000000,7.650936,7.000000,1.476436,7.000000,7.000000,11.000000,11.000000,11.000000,11.000000,0.013809,0.010796,0.054751,0.313502,calls/second,milliseconds
1780303888,12,11.000000,7.650936,7.000000,1.476436,7.000000,7.000000,11.000000,11.000000,11.000000,11.000000,0.013793,0.009932,0.053846,0.311766,calls/second,milliseconds
1780303889,12,11.000000,7.650936,7.000000,1.476436,7.000000,7.000000,11.000000,11.000000,11.000000,11.000000,0.013777,0.009932,0.053846,0.311766,calls/second,milliseconds
1780303890,12,11.000000,7.650936,7.000000,1.476436,7.000000,7.000000,11.000000,11.000000,11.000000,11.000000,0.013761,0.009932,0.053846,0.311766,calls/second,milliseconds
1780303891,12,11.000000,7.650936,7.000000,1.476436,7.000000,7.000000,11.000000,11.000000,11.000000,11.000000,0.013745,0.009932,0.053846,0.311766,calls/second,milliseconds
1780303892,12,11.000000,7.650936,7.000000,1.476436,7.000000,7.000000,11.000000,11.000000,11.000000,11.000000,0.013729,0.009932,0.053846,0.311766,calls/second,milliseconds
1780303893,12,11.000000,7.650936,7.000000,1.476436,7.000000,7.000000,11.000000,11.000000,11.000000,11.000000,0.013714,0.009138,0.052956,0.310038,calls/second,milliseconds
1780303894,12,11.000000,7.650936,7.000000,1.476436,7.000000,7.000000,11.000000,11.000000,11.000000,11.000000,0.013698,0.009138,0.052956,0.310038,calls/second,milliseconds
1780303895,12,11.000000,7.650936,7.000000,1.476436,7.000000,7.000000,11.000000,11.000000,11.000000,11.000000,0.013682,0.009138,0.052956,0.310038,calls/second,milliseconds
1780303896,12,11.000000,7.650936,7.000000,1.476436,7.000000,7.000000,11.000000,11.000000,11.000000,11.000000,0.013667,0.009138,0.052956,0.310038,calls/second,milliseconds
1780303897,12,11.000000,7.650936,7.000000,1.476436,7.000000,7.000000,11.000000,11.000000,11.000000,11.000000,0.013651,0.009138,0.052956,0.310038,calls/second,milliseconds
1780303898,12,11.000000,7.650936,7.000000,1.476436,7.000000,7.000000,11.000000,11.000000,11.000000,11.000000,0.013636,0.008408,0.052081,0.308321,calls/second,milliseconds
1780303899,12,11.000000,7.650936,7.000000,1.476436,7.000000,7.000000,11.000000,11.000000,11.000000,11.000000,0.013620,0.008408,0.052081,0.308321,calls/second,milliseconds
1780303900,12,11.000000,7.650936,7.000000,1.476436,7.000000,7.000000,11.000000,11.000000,11.000000,11.000000,0.013605,0.008408,0.052081,0.308321,calls/second,milliseconds
1780303901,12,11.000000,7.650936,7.000000,1.476436,7.000000,7.000000,11.000000,11.000000,11.000000,11.000000,0.013589,0.008408,0.052081,0.308321,calls/second,milliseconds
1780303902,12,11.000000,7.650936,7.000000,1.476436,7.000000,7.000000,11.000000,11.000000,11.000000,11.000000,0.013574,0.008408,0.052081,0.308321,calls/second,milliseconds
1780303903,12,11.000000,7.650936,7.000000,1.476436,7.000000,7.000000,11.000000,11.000000,11.000000,11.000000,0.013559,0.007735,0.051220,0.306613,calls/second,milliseconds
1780303904,12,11.000000,7.650936,7.000000,1.476436,7.000000,7.000000,11.000000,11.000000,11.000000,11.000000,0.013543,0.007735,0.051220,0.306613,calls/second,milliseconds
1780303905,12,11.000000,7.650936,7.000000,1.476436,7.000000,7.000000,11.000000,11.000000,11.000000,11.000000,0.013528,0.007735,0.051220,0.306613,calls/second,milliseconds
1780303906,12,11.000000,7.650936,7.000000,1.476436,7.000000,7.000000,11.000000,11.000000,11.000000,11.000000,0.013513,0.007735,0.051220,0.306613,calls/second,milliseconds
1780303907,12,11.000000,7.650936,7.000000,1.476436,7.000000,7.000000,11.000000,11.000000,11.000000,11.000000,0.013497,0.007735,0.051220,0.306613,calls/second,milliseconds
1780303908,12,11.000000,7.650936,7.000000,1.476436,7.000000,7.000000,11.000000,11.000000,11.000000,11.000000,0.013482,0.007117,0.050374,0.304914,calls/second,milliseconds
1780303909,12,11.000000,7.650936,7.000000,1.476436,7.000000,7.000000,11.000000,11.000000,11.000000,11.000000,0.013467,0.007117,0.050374,0.304914,calls/second,milliseconds
1780303910,12,11.000000,7.650936,7.000000,1.476436,7.000000,7.000000,11.000000,11.000000,11.000000,11.000000,0.013452,0.007117,0.050374,0.304914,calls/second,milliseconds
1780303911,12,11.000000,7.650936,7.000000,1.476436,7.000000,7.000000,11.000000,11.000000,11.000000,11.000000,0.013437,0.007117,0.050374,0.304914,calls/second,milliseconds
1780303912,12,11.000000,7.650936,7.000000,1.476436,7.000000,7.000000,11.000000,11.000000,11.000000,11.000000,0.013422,0.007117,0.050374,0.304914,calls/second,milliseconds
1780303913,12,11.000000,7.650936,7.000000,1.476436,7.000000,7.000000,11.000000,11.000000,11.000000,11.000000,0.013407,0.006548,0.049541,0.303225,calls/second,milliseconds
1780303914,12,11.000000,7.650936,7.000000,1.476436,7.000000,7.000000,11.000000,11.000000,11.000000,11.000000,0.013392,0.006548,0.049541,0.303225,calls/second,milliseconds
1780303915,12,11.000000,7.650936,7.000000,1.476436,7.000000,7.000000,11.000000,11.000000,11.000000,11.000000,0.013377,0.006548,0.049541,0.303225,calls/second,milliseconds
1780303916,12,11.000000,7.650936,7.000000,1.476436,7.000000,7.000000,11.000000,11.000000,11.000000,11.000000,0.013362,0.006548,0.049541,0.303225,calls/second,milliseconds
1780303917,12,11.000000,7.650936,7.000000,1.476436,7.000000,7.000000,11.000000,11.000000,11.000000,11.000000,0.013347,0.006548,0.049541,0.303225,calls/second,milliseconds
1780303918,12,11.000000,7.650936,7.000000,1.476436,7.000000,7.000000,11.000000,11.000000,11.000000,11.000000,0.013332,0.006024,0.048722,0.301545,calls/second,milliseconds
1780303919,12,11.000000,7.650936,7.000000,1.476436,7.000000,7.000000,11.000000,11.000000,11.000000,11.000000,0.013317,0.006024,0.048722,0.301545,calls/second,milliseconds
1780303920,12,11.000000,7.650936,7.000000,1.476436,7.000000,7.000000,11.000000,11.000000,11.000000,11.000000,0.013303,0.006024,0.048722,0.301545,calls/second,milliseconds
1780303921,12,11.000000,7.650936,7.000000,1.476436,7.000000,7.000000,11.000000,11.000000,11.000000,11.000000,0.013288,0.006024,0.048722,0.301545,calls/second,milliseconds
1780303922,12,11.000000,7.650936,7.000000,1.476436,7.000000,7.000000,11.000000,11.000000,11.000000,11.000000,0.013273,0.006024,0.048722,0.301545,calls/second,milliseconds
1780303923,12,11.000000,7.650936,7.000000,1.476436,7.000000,7.000000,11.000000,11.000000,11.000000,11.000000,0.013258,0.005543,0.047917,0.299874,calls/second,milliseconds
1780303924,12,11.000000,7.650936,7.000000,1.476436,7.000000,7.000000,11.000000,11.000000,11.000000,11.000000,0.013244,0.005543,0.047917,0.299874,calls/second,milliseconds
1780303925,12,11.000000,7.650936,7.000000,1.476436,7.000000,7.000000,11.000000,11.000000,11.000000,11.000000,0.013229,0.005543,0.047917,0.299874,calls/second,milliseconds
1780303926,12,11.000000,7.650936,7.000000,1.476436,7.000000,7.000000,11.000000,11.000000,11.000000,11.000000,0.013215,0.005543,0.047917,0.299874,calls/second,milliseconds
1780303927,12,11.000000,7.650936,7.000000,1.476436,7.000000,7.000000,11.000000,11.000000,11.000000,11.000000,0.013200,0.005543,0.047917,0.299874,calls/second,milliseconds
1780303928,12,11.000000,7.650936,7.000000,1.476436,7.000000,7.000000,11.000000,11.000000,11.000000,11.000000,0.013186,0.005099,0.047125,0.298213,calls/second,milliseconds
1780303929,12,11.000000,7.650936,7.000000,1.476436,7.000000,7.000000,11.000000,11.000000,11.000000,11.000000,0.013171,0.005099,0.047125,0.298213,calls/second,milliseconds
1780303930,12,11.000000,7.650936,7.000000,1.476436,7.000000,7.000000,11.000000,11.000000,11.000000,11.000000,0.013157,0.005099,0.047125,0.298213,calls/second,milliseconds
1780303931,12,11.000000,7.650936,7.000000,1.476436,7.000000,7.000000,11.000000,11.000000,11.000000,11.000000,0.013142,0.005099,0.047125,0.298213,calls/second,milliseconds
1780303932,12,11.000000,7.650936,7.000000,1.476436,7.000000,7.000000,11.000000,11.000000,11.000000,11.000000,0.013128,0.005099,0.047125,0.298213,calls/second,milliseconds
1780303933,12,11.000000,7.650936,7.000000,1.476436,7.000000,7.000000,11.000000,11.000000,11.000000,11.000000,0.013113,0.004692,0.046346,0.296561,calls/second,milliseconds
1780303934,12,11.000000,7.650936,7.000000,1.476436,7.000000,7.000000,11.000000,11.000000,11.000000,11.000000,0.013099,0.004692,0.046346,0.296561,calls/second,milliseconds
1780303935,12,11.000000,7.650936,7.000000,1.476436,7.000000,7.000000,11.000000,11.000000,11.000000,11.000000,0.013085,0.004692,0.046346,0.296561,calls/second,milliseconds
1780303936,12,11.000000,7.650936,7.000000,1.476436,7.000000,7.000000,11.000000,11.000000,11.000000,11.000000,0.013070,0.004692,0.046346,0.296561,calls/second,milliseconds
1780303937,12,11.000000,7.650936,7.000000,1.476436,7.000000,7.000000,11.000000,11.000000,11.000000,11.000000,0.013056,0.004692,0.046346,0.296561,calls/second,milliseconds
1780303938,12,11.000000,7.650936,7.000000,1.476436,7.000000,7.000000,11.000000,11.000000,11.000000,11.000000,0.013042,0.004317,0.045580,0.294918,calls/second,milliseconds
1780303939,12,11.000000,7.650936,7.000000,1.476436,7.000000,7.000000,11.000000,11.000000,11.000000,11.000000,0.013028,0.004317,0.045580,0.294918,calls/second,milliseconds
1780303940,12,11.000000,7.650936,7.000000,1.476436,7.000000,7.000000,11.000000,11.000000,11.000000,11.000000,0.013014,0.004317,0.045580,0.294918,calls/second,milliseconds
1780303941,12,11.000000,7.650936,7.000000,1.476436,7.000000,7.000000,11.000000,11.000000,11.000000,11.000000,0.013000,0.004317,0.045580,0.294918,calls/second,milliseconds
1780303942,12,11.000000,7.650936,7.000000,1.476436,7.000000,7.000000,11.000000,11.000000,11.000000,11.000000,0.012986,0.004317,0.045580,0.294918,calls/second,milliseconds
1780303943,12,11.000000,7.650936,7.000000,1.476436,7.000000,7.000000,11.000000,11.000000,11.000000,11.000000,0.012971,0.003971,0.044827,0.293284,calls/second,milliseconds
1780303944,12,11.000000,7.650936,7.000000,1.476436,7.000000,7.000000,11.000000,11.000000,11.000000,11.000000,0.012957,0.003971,0.044827,0.293284,calls/second,milliseconds
1780303945,12,11.000000,7.650936,7.000000,1.476436,7.000000,7.000000,11.000000,11.000000,11.000000,11.000000,0.012943,0.003971,0.044827,0.293284,calls/second,milliseconds
1780303946,12,11.000000,7.650936,7.000000,1.476436,7.000000,7.000000,11.000000,11.000000,11.000000,11.000000,0.012929,0.003971,0.044827,0.293284,calls/second,milliseconds
1780303947,12,11.000000,7.650936,7.000000,1.476436,7.000000,7.000000,11.000000,11.000000,11.000000,11.000000,0.012916,0.003971,0.044827,0.293284,calls/second,milliseconds
1780303948,12,11.000000,7.650936,7.000000,1.476436,7.000000,7.000000,11.000000,11.000000,11.000000,11.000000,0.012902,0.003654,0.044086,0.291659,calls/second,milliseconds
1780303949,12,11.000000,7.650936,7.000000,1.476436,7.000000,7.000000,11.000000,11.000000,11.000000,11.000000,0.012888,0.003654,0.044086,0.291659,calls/second,milliseconds
1780303950,12,11.000000,7.650936,7.000000,1.476436,7.000000,7.000000,11.000000,11.000000,11.000000,11.000000,0.012874,0.003654,0.044086,0.291659,calls/second,milliseconds
1780303951,12,11.000000,7.650936,7.000000,1.476436,7.000000,7.000000,11.000000,11.000000,11.000000,11.000000,0.012860,0.003654,0.044086,0.291659,calls/second,milliseconds
1780303952,12,11.000000,7.650936,7.000000,1.476436,7.000000,7.000000,11.000000,11.000000,11.000000,11.000000,0.012846,0.003654,0.044086,0.291659,calls/second,milliseconds
1780303953,13,11.000000,10.310095,7.000000,1.511164,11.000000,11.000000,11.000000,11.000000,11.000000,11.000000,0.013902,0.003362,0.043357,0.290043,calls/second,milliseconds
1780303954,13,11.000000,10.310095,7.000000,1.511164,11.000000,11.000000,11.000000,11.000000,11.000000,11.000000,0.013887,0.003362,0.043357,0.290043,calls/second,milliseconds
1780303955,13,11.000000,10.310095,7.000000,1.511164,11.000000,11.000000,11.000000,11.000000,11.000000,11.000000,0.013872,0.003362,0.043357,0.290043,calls/second,milliseconds
1780303956,13,11.000000,10.310095,7.000000,1.511164,11.000000,11.000000,11.000000,11.000000,11.000000,11.000000,0.013857,0.003362,0.043357,0.290043,calls/second,milliseconds
1780303957,13,11.000000,10.310095,7.000000,1.511164,11.000000,11.000000,11.000000,11.000000,11.000000,11.000000,0.013842,0.003362,0.043357,0.290043,calls/second,milliseconds
1780303958,13,11.000000,10.310095,7.000000,1.511164,11.000000,11.000000,11.000000,11.000000,11.000000,11.000000,0.013828,0.019084,0.045946,0.289544,calls/second,milliseconds
1780303959,13,11.000000,10.310095,7.000000,1.511164,11.000000,11.000000,11.000000,11.000000,11.000000,11.000000,0.013813,0.019084,0.045946,0.289544,calls/second,milliseconds
1780303960,13,11.000000,10.310095,7.000000,1.511164,11.000000,11.000000,11.000000,11.000000,11.000000,11.000000,0.013798,0.019084,0.045946,0.289544,calls/second,milliseconds
1780303961,13,11.000000,10.310095,7.000000,1.511164,11.000000,11.000000,11.000000,11.000000,11.000000,11.000000,0.013784,0.019084,0.045946,0.289544,calls/second,milliseconds
1780303962,13,11.000000,10.310095,7.000000,1.511164,11.000000,11.000000,11.000000,11.000000,11.000000,11.000000,0.013769,0.019084,0.045946,0.289544,calls/second,milliseconds
1780303963,13,11.000000,10.310095,7.000000,1.511164,11.000000,11.000000,11.000000,11.000000,11.000000,11.000000,0.013754,0.017558,0.045187,0.287940,calls/second,milliseconds
1780303964,13,11.000000,10.310095,7.000000,1.511164,11.000000,11.000000,11.000000,11.000000,11.000000,11.000000,0.013740,0.017558,0.045187,0.287940,calls/second,milliseconds
1780303965,13,11.000000,10.310095,7.000000,1.511164,11.000000,11.000000,11.000000,11.000000,11.000000,11.000000,0.013725,0.017558,0.045187,0.287940,calls/second,milliseconds
1780303966,13,11.000000,10.310095,7.000000,1.511164,11.000000,11.000000,11.000000,11.000000,11.000000,11.000000,0.013711,0.017558,0.045187,0.287940,calls/second,milliseconds
1780303967,13,11.000000,10.310095,7.000000,1.511164,11.000000,11.000000,11.000000,11.000000,11.000000,11.000000,0.013696,0.017558,0.045187,0.287940,calls/second,milliseconds
1780303968,13,11.000000,10.310095,7.000000,1.511164,11.000000,11.000000,11.000000,11.000000,11.000000,11.000000,0.013682,0.016154,0.044440,0.286345,calls/second,milliseconds
1780303969,13,11.000000,10.310095,7.000000,1.511164,11.000000,11.000000,11.000000,11.000000,11.000000,11.000000,0.013668,0.016154,0.044440,0.286345,calls/second,milliseconds
1780303970,13,11.000000,10.310095,7.000000,1.511164,11.000000,11.000000,11.000000,11.000000,11.000000,11.000000,0.013653,0.016154,0.044440,0.286345,calls/second,milliseconds
1780303971,13,11.000000,10.310095,7.000000,1.511164,11.000000,11.000000,11.000000,11.000000,11.000000,11.000000,0.013639,0.016154,0.044440,0.286345,calls/second,milliseconds
1780303972,13,11.000000,10.310095,7.000000,1.511164,11.000000,11.000000,11.000000,11.000000,11.000000,11.000000,0.013625,0.016154,0.044440,0.286345,calls/second,milliseconds
1780303973,13,11.000000,10.310095,7.000000,1.511164,11.000000,11.000000,11.000000,11.000000,11.000000,11.000000,0.013610,0.014863,0.043705,0.284758,calls/second,milliseconds
1780303974,13,11.000000,10.310095,7.000000,1.511164,11.000000,11.000000,11.000000,11.000000,11.000000,11.000000,0.013596,0.014863,0.043705,0.284758,calls/second,milliseconds
1780303975,13,11.000000,10.310095,7.000000,1.511164,11.000000,11.000000,11.000000,11.000000,11.000000,11.000000,0.013582,0.014863,0.043705,0.284758,calls/second,milliseconds
1780303976,13,11.000000,10.310095,7.000000,1.511164,11.000000,11.000000,11.000000,11.000000,11.000000,11.000000,0.013568,0.014863,0.043705,0.284758,calls/second,milliseconds
