t,count,max,mean,min,stddev,p50,p75,p95,p98,p99,p999,mean_rate,m1_rate,m5_rate,m15_rate,rate_unit,duration_unit
1779801080,1,10.000000,10.000000,10.000000,0.000000,10.000000,10.000000,10.000000,10.000000,10.000000,10.000000,1.922289,0.000000,0.000000,0.000000,calls/second,milliseconds
1779801081,3,10.000000,8.318346,7.000000,1.245145,8.000000,10.000000,10.000000,10.000000,10.000000,10.000000,1.955898,0.000000,0.000000,0.000000,calls/second,milliseconds
1779801082,4,10.000000,8.236960,7.000000,1.083194,8.000000,8.000000,10.000000,10.000000,10.000000,10.000000,1.575579,0.000000,0.000000,0.000000,calls/second,milliseconds
1779801083,4,10.000000,8.236960,7.000000,1.083194,8.000000,8.000000,10.000000,10.000000,10.000000,10.000000,1.128715,0.000000,0.000000,0.000000,calls/second,milliseconds
1779801084,4,10.000000,8.236960,7.000000,1.083194,8.000000,8.000000,10.000000,10.000000,10.000000,10.000000,0.879363,0.000000,0.000000,0.000000,calls/second,milliseconds
1779801085,4,10.000000,8.236960,7.000000,1.083194,8.000000,8.000000,10.000000,10.000000,10.000000,10.000000,0.720411,0.800000,0.800000,0.800000,calls/second,milliseconds
1779801086,4,10.000000,8.236960,7.000000,1.083194,8.000000,8.000000,10.000000,10.000000,10.000000,10.000000,0.610159,0.800000,0.800000,0.800000,calls/second,milliseconds
1779801087,4,10.000000,8.236960,7.000000,1.083194,8.000000,8.000000,10.000000,10.000000,10.000000,10.000000,0.529132,0.800000,0.800000,0.800000,calls/second,milliseconds
1779801088,4,10.000000,8.236960,7.000000,1.083194,8.000000,8.000000,10.000000,10.000000,10.000000,10.000000,0.467097,0.800000,0.800000,0.800000,calls/second,milliseconds
1779801089,4,10.000000,8.236960,7.000000,1.083194,8.000000,8.000000,10.000000,10.000000,10.000000,10.000000,0.418085,0.800000,0.800000,0.800000,calls/second,milliseconds
1779801090,4,10.000000,8.236960,7.000000,1.083194,8.000000,8.000000,10.000000,10.000000,10.000000,10.000000,0.378373,0.736036,0.786777,0.795568,calls/second,milliseconds
1779801091,4,10.000000,8.236960,7.000000,1.083194,8.000000,8.000000,10.000000,10.000000,10.000000,10.000000,0.345587,0.736036,0.786777,0.795568,calls/second,milliseconds
1779801092,4,10.000000,8.236960,7.000000,1.083194,8.000000,8.000000,10.000000,10.000000,10.000000,10.000000,0.318032,0.736036,0.786777,0.795568,calls/second,milliseconds
1779801093,4,10.000000,8.236960,7.000000,1.083194,8.000000,8.000000,10.000000,10.000000,10.000000,10.000000,0.294550,0.736036,0.786777,0.795568,calls/second,milliseconds
1779801094,4,10.000000,8.236960,7.000000,1.083194,8.000000,8.000000,10.000000,10.000000,10.000000,10.000000,0.274292,0.736036,0.786777,0.795568,calls/second,milliseconds
1779801095,4,10.000000,8.236960,7.000000,1.083194,8.000000,8.000000,10.000000,10.000000,10.000000,10.000000,0.256646,0.677185,0.773773,0.791160,calls/second,milliseconds
1779801096,4,10.000000,8.236960,7.000000,1.083194,8.000000,8.000000,10.000000,10.000000,10.000000,10.000000,0.241133,0.677185,0.773773,0.791160,calls/second,milliseconds
1779801097,4,10.000000,8.236960,7.000000,1.083194,8.000000,8.000000,10.000000,10.000000,10.000000,10.000000,0.227387,0.677185,0.773773,0.791160,calls/second,milliseconds
1779801098,4,10.000000,8.236960,7.000000,1.083194,8.000000,8.000000,10.000000,10.000000,10.000000,10.000000,0.215126,0.677185,0.773773,0.791160,calls/second,milliseconds
1779801099,4,10.000000,8.236960,7.000000,1.083194,8.000000,8.000000,10.000000,10.000000,10.000000,10.000000,0.204118,0.677185,0.773773,0.791160,calls/second,milliseconds
1779801100,4,10.000000,8.236960,7.000000,1.083194,8.000000,8.000000,10.000000,10.000000,10.000000,10.000000,0.194179,0.623041,0.760984,0.786777,calls/second,milliseconds
1779801101,4,10.000000,8.236960,7.000000,1.083194,8.000000,8.000000,10.000000,10.000000,10.000000,10.000000,0.185168,0.623041,0.760984,0.786777,calls/second,milliseconds
1779801102,4,10.000000,8.236960,7.000000,1.083194,8.000000,8.000000,10.000000,10.000000,10.000000,10.000000,0.176957,0.623041,0.760984,0.786777,calls/second,milliseconds
1779801103,4,10.000000,8.236960,7.000000,1.083194,8.000000,8.000000,10.000000,10.000000,10.000000,10.000000,0.169445,0.623041,0.760984,0.786777,calls/second,milliseconds
1779801104,4,10.000000,8.236960,7.000000,1.083194,8.000000,8.000000,10.000000,10.000000,10.000000,10.000000,0.162536,0.623041,0.760984,0.786777,calls/second,milliseconds
1779801105,4,10.000000,8.236960,7.000000,1.083194,8.000000,8.000000,10.000000,10.000000,10.000000,10.000000,0.156174,0.573225,0.748406,0.782418,calls/second,milliseconds
1779801106,4,10.000000,8.236960,7.000000,1.083194,8.000000,8.000000,10.000000,10.000000,10.000000,10.000000,0.150292,0.573225,0.748406,0.782418,calls/second,milliseconds
1779801107,4,10.000000,8.236960,7.000000,1.083194,8.000000,8.000000,10.000000,10.000000,10.000000,10.000000,0.144838,0.573225,0.748406,0.782418,calls/second,milliseconds
1779801108,4,10.000000,8.236960,7.000000,1.083194,8.000000,8.000000,10.000000,10.000000,10.000000,10.000000,0.139764,0.573225,0.748406,0.782418,calls/second,milliseconds
1779801109,4,10.000000,8.236960,7.000000,1.083194,8.000000,8.000000,10.000000,10.000000,10.000000,10.000000,0.135033,0.573225,0.748406,0.782418,calls/second,milliseconds
1779801110,4,10.000000,8.236960,7.000000,1.083194,8.000000,8.000000,10.000000,10.000000,10.000000,10.000000,0.130613,0.527393,0.736036,0.778084,calls/second,milliseconds
1779801111,4,10.000000,8.236960,7.000000,1.083194,8.000000,8.000000,10.000000,10.000000,10.000000,10.000000,0.126475,0.527393,0.736036,0.778084,calls/second,milliseconds
1779801112,4,10.000000,8.236960,7.000000,1.083194,8.000000,8.000000,10.000000,10.000000,10.000000,10.000000,0.122590,0.527393,0.736036,0.778084,calls/second,milliseconds
1779801113,4,10.000000,8.236960,7.000000,1.083194,8.000000,8.000000,10.000000,10.000000,10.000000,10.000000,0.118936,0.527393,0.736036,0.778084,calls/second,milliseconds
1779801114,4,10.000000,8.236960,7.000000,1.083194,8.000000,8.000000,10.000000,10.000000,10.000000,10.000000,0.115495,0.527393,0.736036,0.778084,calls/second,milliseconds
1779801115,4,10.000000,8.236960,7.000000,1.083194,8.000000,8.000000,10.000000,10.000000,10.000000,10.000000,0.112246,0.485225,0.723870,0.773773,calls/second,milliseconds
1779801116,4,10.000000,8.236960,7.000000,1.083194,8.000000,8.000000,10.000000,10.000000,10.000000,10.000000,0.109175,0.485225,0.723870,0.773773,calls/second,milliseconds
1779801117,4,10.000000,8.236960,7.000000,1.083194,8.000000,8.000000,10.000000,10.000000,10.000000,10.000000,0.106267,0.485225,0.723870,0.773773,calls/second,milliseconds
1779801118,4,10.000000,8.236960,7.000000,1.083194,8.000000,8.000000,10.000000,10.000000,10.000000,10.000000,0.103511,0.485225,0.723870,0.773773,calls/second,milliseconds
1779801119,4,10.000000,8.236960,7.000000,1.083194,8.000000,8.000000,10.000000,10.000000,10.000000,10.000000,0.100894,0.485225,0.723870,0.773773,calls/second,milliseconds
1779801120,4,10.000000,8.236960,7.000000,1.083194,8.000000,8.000000,10.000000,10.000000,10.000000,10.000000,0.098406,0.446428,0.711905,0.769486,calls/second,milliseconds
1779801121,4,10.000000,8.236960,7.000000,1.083194,8.000000,8.000000,10.000000,10.000000,10.000000,10.000000,0.096037,0.446428,0.711905,0.769486,calls/second,milliseconds
1779801122,4,10.000000,8.236960,7.000000,1.083194,8.000000,8.000000,10.000000,10.000000,10.000000,10.000000,0.093780,0.446428,0.711905,0.769486,calls/second,milliseconds
1779801123,4,10.000000,8.236960,7.000000,1.083194,8.000000,8.000000,10.000000,10.000000,10.000000,10.000000,0.091627,0.446428,0.711905,0.769486,calls/second,milliseconds
1779801124,4,10.000000,8.236960,7.000000,1.083194,8.000000,8.000000,10.000000,10.000000,10.000000,10.000000,0.089572,0.446428,0.711905,0.769486,calls/second,milliseconds
1779801125,4,10.000000,8.236960,7.000000,1.083194,8.000000,8.000000,10.000000,10.000000,10.000000,10.000000,0.087606,0.410734,0.700139,0.765223,calls/second,milliseconds
1779801126,5,11.000000,9.151362,7.000000,1.573344,8.000000,11.000000,11.000000,11.000000,11.000000,11.000000,0.107128,0.410734,0.700139,0.765223,calls/second,milliseconds
1779801127,5,11.000000,9.151362,7.000000,1.573344,8.000000,11.000000,11.000000,11.000000,11.000000,11.000000,0.104875,0.410734,0.700139,0.765223,calls/second,milliseconds
1779801128,5,11.000000,9.151362,7.000000,1.573344,8.000000,11.000000,11.000000,11.000000,11.000000,11.000000,0.102716,0.410734,0.700139,0.765223,calls/second,milliseconds
1779801129,5,11.000000,9.151362,7.000000,1.573344,8.000000,11.000000,11.000000,11.000000,11.000000,11.000000,0.100644,0.410734,0.700139,0.765223,calls/second,milliseconds
1779801130,5,11.000000,9.151362,7.000000,1.573344,8.000000,11.000000,11.000000,11.000000,11.000000,11.000000,0.098654,0.393884,0.691872,0.762092,calls/second,milliseconds
1779801131,5,11.000000,9.151362,7.000000,1.573344,8.000000,11.000000,11.000000,11.000000,11.000000,11.000000,0.096741,0.393884,0.691872,0.762092,calls/second,milliseconds
1779801132,5,11.000000,9.151362,7.000000,1.573344,8.000000,11.000000,11.000000,11.000000,11.000000,11.000000,0.094901,0.393884,0.691872,0.762092,calls/second,milliseconds
1779801133,5,11.000000,9.151362,7.000000,1.573344,8.000000,11.000000,11.000000,11.000000,11.000000,11.000000,0.093130,0.393884,0.691872,0.762092,calls/second,milliseconds
1779801134,5,11.000000,9.151362,7.000000,1.573344,8.000000,11.000000,11.000000,11.000000,11.000000,11.000000,0.091424,0.393884,0.691872,0.762092,calls/second,milliseconds
1779801135,5,11.000000,9.151362,7.000000,1.573344,8.000000,11.000000,11.000000,11.000000,11.000000,11.000000,0.089780,0.362391,0.680436,0.757869,calls/second,milliseconds
1779801136,5,11.000000,9.151362,7.000000,1.573344,8.000000,11.000000,11.000000,11.000000,11.000000,11.000000,0.088193,0.362391,0.680436,0.757869,calls/second,milliseconds
1779801137,5,11.000000,9.151362,7.000000,1.573344,8.000000,11.000000,11.000000,11.000000,11.000000,11.000000,0.086661,0.362391,0.680436,0.757869,calls/second,milliseconds
1779801138,5,11.000000,9.151362,7.000000,1.573344,8.000000,11.000000,11.000000,11.000000,11.000000,11.000000,0.085182,0.362391,0.680436,0.757869,calls/second,milliseconds
1779801139,5,11.000000,9.151362,7.000000,1.573344,8.000000,11.000000,11.000000,11.000000,11.000000,11.000000,0.083752,0.362391,0.680436,0.757869,calls/second,milliseconds
1779801140,5,11.000000,9.151362,7.000000,1.573344,8.000000,11.000000,11.000000,11.000000,11.000000,11.000000,0.082370,0.333416,0.669190,0.753671,calls/second,milliseconds
1779801141,5,11.000000,9.151362,7.000000,1.573344,8.000000,11.000000,11.000000,11.000000,11.000000,11.000000,0.081033,0.333416,0.669190,0.753671,calls/second,milliseconds
1779801142,5,11.000000,9.151362,7.000000,1.573344,8.000000,11.000000,11.000000,11.000000,11.000000,11.000000,0.079738,0.333416,0.669190,0.753671,calls/second,milliseconds
1779801143,5,11.000000,9.151362,7.000000,1.573344,8.000000,11.000000,11.000000,11.000000,11.000000,11.000000,0.078483,0.333416,0.669190,0.753671,calls/second,milliseconds
1779801144,5,11.000000,9.151362,7.000000,1.573344,8.000000,11.000000,11.000000,11.000000,11.000000,11.000000,0.077268,0.333416,0.669190,0.753671,calls/second,milliseconds
1779801145,5,11.000000,9.151362,7.000000,1.573344,8.000000,11.000000,11.000000,11.000000,11.000000,11.000000,0.076089,0.306757,0.658129,0.749495,calls/second,milliseconds
1779801146,5,11.000000,9.151362,7.000000,1.573344,8.000000,11.000000,11.000000,11.000000,11.000000,11.000000,0.074947,0.306757,0.658129,0.749495,calls/second,milliseconds
1779801147,5,11.000000,9.151362,7.000000,1.573344,8.000000,11.000000,11.000000,11.000000,11.000000,11.000000,0.073838,0.306757,0.658129,0.749495,calls/second,milliseconds
1779801148,5,11.000000,9.151362,7.000000,1.573344,8.000000,11.000000,11.000000,11.000000,11.000000,11.000000,0.072761,0.306757,0.658129,0.749495,calls/second,milliseconds
1779801149,5,11.000000,9.151362,7.000000,1.573344,8.000000,11.000000,11.000000,11.000000,11.000000,11.000000,0.071716,0.306757,0.658129,0.749495,calls/second,milliseconds
1779801150,5,11.000000,9.151362,7.000000,1.573344,8.000000,11.000000,11.000000,11.000000,11.000000,11.000000,0.070699,0.282230,0.647251,0.745343,calls/second,milliseconds
1779801151,5,11.000000,9.151362,7.000000,1.573344,8.000000,11.000000,11.000000,11.000000,11.000000,11.000000,0.069711,0.282230,0.647251,0.745343,calls/second,milliseconds
1779801152,5,11.000000,9.151362,7.000000,1.573344,8.000000,11.000000,11.000000,11.000000,11.000000,11.000000,0.068751,0.282230,0.647251,0.745343,calls/second,milliseconds
1779801153,5,11.000000,9.151362,7.000000,1.573344,8.000000,11.000000,11.000000,11.000000,11.000000,11.000000,0.067816,0.282230,0.647251,0.745343,calls/second,milliseconds
1779801154,5,11.000000,9.151362,7.000000,1.573344,8.000000,11.000000,11.000000,11.000000,11.000000,11.000000,0.066907,0.282230,0.647251,0.745343,calls/second,milliseconds
1779801155,5,11.000000,9.151362,7.000000,1.573344,8.000000,11.000000,11.000000,11.000000,11.000000,11.000000,0.066022,0.259665,0.636553,0.741214,calls/second,milliseconds
1779801156,5,11.000000,9.151362,7.000000,1.573344,8.000000,11.000000,11.000000,11.000000,11.000000,11.000000,0.065160,0.259665,0.636553,0.741214,calls/second,milliseconds
1779801157,5,11.000000,9.151362,7.000000,1.573344,8.000000,11.000000,11.000000,11.000000,11.000000,11.000000,0.064320,0.259665,0.636553,0.741214,calls/second,milliseconds
1779801158,5,11.000000,9.151362,7.000000,1.573344,8.000000,11.000000,11.000000,11.000000,11.000000,11.000000,0.063502,0.259665,0.636553,0.741214,calls/second,milliseconds
1779801159,5,11.000000,9.151362,7.000000,1.573344,8.000000,11.000000,11.000000,11.000000,11.000000,11.000000,0.062704,0.259665,0.636553,0.741214,calls/second,milliseconds
1779801160,5,11.000000,9.151362,7.000000,1.573344,8.000000,11.000000,11.000000,11.000000,11.000000,11.000000,0.061926,0.238903,0.626032,0.737107,calls/second,milliseconds
1779801161,5,11.000000,9.151362,7.000000,1.573344,8.000000,11.000000,11.000000,11.000000,11.000000,11.000000,0.061167,0.238903,0.626032,0.737107,calls/second,milliseconds
1779801162,5,11.000000,9.151362,7.000000,1.573344,8.000000,11.000000,11.000000,11.000000,11.000000,11.000000,0.060426,0.238903,0.626032,0.737107,calls/second,milliseconds
1779801163,5,11.000000,9.151362,7.000000,1.573344,8.000000,11.000000,11.000000,11.000000,11.000000,11.000000,0.059703,0.238903,0.626032,0.737107,calls/second,milliseconds
1779801164,5,11.000000,9.151362,7.000000,1.573344,8.000000,11.000000,11.000000,11.000000,11.000000,11.000000,0.058997,0.238903,0.626032,0.737107,calls/second,milliseconds
1779801165,5,11.000000,9.151362,7.000000,1.573344,8.000000,11.000000,11.000000,11.000000,11.000000,11.000000,0.058308,0.219801,0.615684,0.733024,calls/second,milliseconds
1779801166,5,11.000000,9.151362,7.000000,1.573344,8.000000,11.000000,11.000000,11.000000,11.000000,11.000000,0.057634,0.219801,0.615684,0.733024,calls/second,milliseconds
1779801167,5,11.000000,9.151362,7.000000,1.573344,8.000000,11.000000,11.000000,11.000000,11.000000,11.000000,0.056976,0.219801,0.615684,0.733024,calls/second,milliseconds
1779801168,5,11.000000,9.151362,7.000000,1.573344,8.000000,11.000000,11.000000,11.000000,11.000000,11.000000,0.056333,0.219801,0.615684,0.733024,calls/second,milliseconds
1779801169,5,11.000000,9.151362,7.000000,1.573344,8.000000,11.000000,11.000000,11.000000,11.000000,11.000000,0.055704,0.219801,0.615684,0.733024,calls/second,milliseconds
1779801170,5,11.000000,9.151362,7.000000,1.573344,8.000000,11.000000,11.000000,11.000000,11.000000,11.000000,0.055089,0.202227,0.605508,0.728962,calls/second,milliseconds
1779801171,5,11.000000,9.151362,7.000000,1.573344,8.000000,11.000000,11.000000,11.000000,11.000000,11.000000,0.054488,0.202227,0.605508,0.728962,calls/second,milliseconds
1779801172,5,11.000000,9.151362,7.000000,1.573344,8.000000,11.000000,11.000000,11.000000,11.000000,11.000000,0.053899,0.202227,0.605508,0.728962,calls/second,milliseconds
1779801173,5,11.000000,9.151362,7.000000,1.573344,8.000000,11.000000,11.000000,11.000000,11.000000,11.000000,0.053323,0.202227,0.605508,0.728962,calls/second,milliseconds
1779801174,5,11.000000,9.151362,7.000000,1.573344,8.000000,11.000000,11.000000,11.000000,11.000000,11.000000,0.052760,0.202227,0.605508,0.728962,calls/second,milliseconds
1779801175,5,11.000000,9.151362,7.000000,1.573344,8.000000,11.000000,11.000000,11.000000,11.000000,11.000000,0.052208,0.186058,0.595500,0.724924,calls/second,milliseconds
1779801176,5,11.000000,9.151362,7.000000,1.573344,8.000000,11.000000,11.000000,11.000000,11.000000,11.000000,0.051667,0.186058,0.595500,0.724924,calls/second,milliseconds
1779801177,5,11.000000,9.151362,7.000000,1.573344,8.000000,11.000000,11.000000,11.000000,11.000000,11.000000,0.051138,0.186058,0.595500,0.724924,calls/second,milliseconds
1779801178,5,11.000000,9.151362,7.000000,1.573344,8.000000,11.000000,11.000000,11.000000,11.000000,11.000000,0.050619,0.186058,0.595500,0.724924,calls/second,milliseconds
1779801179,5,11.000000,9.151362,7.000000,1.573344,8.000000,11.000000,11.000000,11.000000,11.000000,11.000000,0.050111,0.186058,0.595500,0.724924,calls/second,milliseconds
1779801180,5,11.000000,9.151362,7.000000,1.573344,8.000000,11.000000,11.000000,11.000000,11.000000,11.000000,0.049612,0.171181,0.585657,0.720908,calls/second,milliseconds
1779801181,5,11.000000,9.151362,7.000000,1.573344,8.000000,11.000000,11.000000,11.000000,11.000000,11.000000,0.049124,0.171181,0.585657,0.720908,calls/second,milliseconds
1779801182,5,11.000000,9.151362,7.000000,1.573344,8.000000,11.000000,11.000000,11.000000,11.000000,11.000000,0.048645,0.171181,0.585657,0.720908,calls/second,milliseconds
1779801183,5,11.000000,9.151362,7.000000,1.573344,8.000000,11.000000,11.000000,11.000000,11.000000,11.000000,0.048176,0.171181,0.585657,0.720908,calls/second,milliseconds
1779801184,5,11.000000,9.151362,7.000000,1.573344,8.000000,11.000000,11.000000,11.000000,11.000000,11.000000,0.047715,0.171181,0.585657,0.720908,calls/second,milliseconds
1779801185,5,11.000000,9.151362,7.000000,1.573344,8.000000,11.000000,11.000000,11.000000,11.000000,11.000000,0.047263,0.157495,0.575977,0.716914,calls/second,milliseconds
1779801186,5,11.000000,9.151362,7.000000,1.573344,8.000000,11.000000,11.000000,11.000000,11.000000,11.000000,0.046820,0.157495,0.575977,0.716914,calls/second,milliseconds
1779801187,5,11.000000,9.151362,7.000000,1.573344,8.000000,11.000000,11.000000,11.000000,11.000000,11.000000,0.046384,0.157495,0.575977,0.716914,calls/second,milliseconds
1779801188,5,11.000000,9.151362,7.000000,1.573344,8.000000,11.000000,11.000000,11.000000,11.000000,11.000000,0.045957,0.157495,0.575977,0.716914,calls/second,milliseconds
1779801189,5,11.000000,9.151362,7.000000,1.573344,8.000000,11.000000,11.000000,11.000000,11.000000,11.000000,0.045538,0.157495,0.575977,0.716914,calls/second,milliseconds
1779801190,5,11.000000,9.151362,7.000000,1.573344,8.000000,11.000000,11.000000,11.000000,11.000000,11.000000,0.045126,0.144902,0.566457,0.712942,calls/second,milliseconds
1779801191,5,11.000000,9.151362,7.000000,1.573344,8.000000,11.000000,11.000000,11.000000,11.000000,11.000000,0.044722,0.144902,0.566457,0.712942,calls/second,milliseconds
1779801192,5,11.000000,9.151362,7.000000,1.573344,8.000000,11.000000,11.000000,11.000000,11.000000,11.000000,0.044325,0.144902,0.566457,0.712942,calls/second,milliseconds
1779801193,5,11.000000,9.151362,7.000000,1.573344,8.000000,11.000000,11.000000,11.000000,11.000000,11.000000,0.043934,0.144902,0.566457,0.712942,calls/second,milliseconds
1779801194,5,11.000000,9.151362,7.000000,1.573344,8.000000,11.000000,11.000000,11.000000,11.000000,11.000000,0.043551,0.144902,0.566457,0.712942,calls/second,milliseconds
1779801195,5,11.000000,9.151362,7.000000,1.573344,8.000000,11.000000,11.000000,11.000000,11.000000,11.000000,0.043174,0.133316,0.557094,0.708992,calls/second,milliseconds
1779801196,5,11.000000,9.151362,7.000000,1.573344,8.000000,11.000000,11.000000,11.000000,11.000000,11.000000,0.042804,0.133316,0.557094,0.708992,calls/second,milliseconds
1779801197,5,11.000000,9.151362,7.000000,1.573344,8.000000,11.000000,11.000000,11.000000,11.000000,11.000000,0.042440,0.133316,0.557094,0.708992,calls/second,milliseconds
1779801198,5,11.000000,9.151362,7.000000,1.573344,8.000000,11.000000,11.000000,11.000000,11.000000,11.000000,0.042082,0.133316,0.557094,0.708992,calls/second,milliseconds
1779801199,5,11.000000,9.151362,7.000000,1.573344,8.000000,11.000000,11.000000,11.000000,11.000000,11.000000,0.041730,0.133316,0.557094,0.708992,calls/second,milliseconds
1779801200,5,11.000000,9.151362,7.000000,1.573344,8.000000,11.000000,11.000000,11.000000,11.000000,11.000000,0.041384,0.122657,0.547886,0.705064,calls/second,milliseconds
1779801201,5,11.000000,9.151362,7.000000,1.573344,8.000000,11.000000,11.000000,11.000000,11.000000,11.000000,0.041044,0.122657,0.547886,0.705064,calls/second,milliseconds
1779801202,5,11.000000,9.151362,7.000000,1.573344,8.000000,11.000000,11.000000,11.000000,11.000000,11.000000,0.040709,0.122657,0.547886,0.705064,calls/second,milliseconds
1779801203,5,11.000000,9.151362,7.000000,1.573344,8.000000,11.000000,11.000000,11.000000,11.000000,11.000000,0.040380,0.122657,0.547886,0.705064,calls/second,milliseconds
1779801204,5,11.000000,9.151362,7.000000,1.573344,8.000000,11.000000,11.000000,11.000000,11.000000,11.000000,0.040056,0.122657,0.547886,0.705064,calls/second,milliseconds
1779801205,5,11.000000,9.151362,7.000000,1.573344,8.000000,11.000000,11.000000,11.000000,11.000000,11.000000,0.039737,0.112850,0.538831,0.701158,calls/second,milliseconds
1779801206,5,11.000000,9.151362,7.000000,1.573344,8.000000,11.000000,11.000000,11.000000,11.000000,11.000000,0.039423,0.112850,0.538831,0.701158,calls/second,milliseconds
1779801207,5,11.000000,9.151362,7.000000,1.573344,8.000000,11.000000,11.000000,11.000000,11.000000,11.000000,0.039114,0.112850,0.538831,0.701158,calls/second,milliseconds
1779801208,5,11.000000,9.151362,7.000000,1.573344,8.000000,11.000000,11.000000,11.000000,11.000000,11.000000,0.038809,0.112850,0.538831,0.701158,calls/second,milliseconds
1779801209,5,11.000000,9.151362,7.000000,1.573344,8.000000,11.000000,11.000000,11.000000,11.000000,11.000000,0.038510,0.112850,0.538831,0.701158,calls/second,milliseconds
1779801210,5,11.000000,9.151362,7.000000,1.573344,8.000000,11.000000,11.000000,11.000000,11.000000,11.000000,0.038215,0.103827,0.529924,0.697274,calls/second,milliseconds
1779801211,5,11.000000,9.151362,7.000000,1.573344,8.000000,11.000000,11.000000,11.000000,11.000000,11.000000,0.037925,0.103827,0.529924,0.697274,calls/second,milliseconds
1779801212,5,11.000000,9.151362,7.000000,1.573344,8.000000,11.000000,11.000000,11.000000,11.000000,11.000000,0.037639,0.103827,0.529924,0.697274,calls/second,milliseconds
1779801213,5,11.000000,9.151362,7.000000,1.573344,8.000000,11.000000,11.000000,11.000000,11.000000,11.000000,0.037357,0.103827,0.529924,0.697274,calls/second,milliseconds
1779801214,5,11.000000,9.151362,7.000000,1.573344,8.000000,11.000000,11.000000,11.000000,11.000000,11.000000,0.037079,0.103827,0.529924,0.697274,calls/second,milliseconds
1779801215,5,11.000000,9.151362,7.000000,1.573344,8.000000,11.000000,11.000000,11.000000,11.000000,11.000000,0.036806,0.095525,0.521166,0.693411,calls/second,milliseconds
1779801216,5,11.000000,9.151362,7.000000,1.573344,8.000000,11.000000,11.000000,11.000000,11.000000,11.000000,0.036536,0.095525,0.521166,0.693411,calls/second,milliseconds
1779801217,5,11.000000,9.151362,7.000000,1.573344,8.000000,11.000000,11.000000,11.000000,11.000000,11.000000,0.036271,0.095525,0.521166,0.693411,calls/second,milliseconds
1779801218,5,11.000000,9.151362,7.000000,1.573344,8.000000,11.000000,11.000000,11.000000,11.000000,11.000000,0.036009,0.095525,0.521166,0.693411,calls/second,milliseconds
1779801219,5,11.000000,9.151362,7.000000,1.573344,8.000000,11.000000,11.000000,11.000000,11.000000,11.000000,0.035751,0.095525,0.521166,0.693411,calls/second,milliseconds
1779801220,5,11.000000,9.151362,7.000000,1.573344,8.000000,11.000000,11.000000,11.000000,11.000000,11.000000,0.035497,0.087887,0.512551,0.689569,calls/second,milliseconds
1779801221,5,11.000000,9.151362,7.000000,1.573344,8.000000,11.000000,11.000000,11.000000,11.000000,11.000000,0.035246,0.087887,0.512551,0.689569,calls/second,milliseconds
1779801222,5,11.000000,9.151362,7.000000,1.573344,8.000000,11.000000,11.000000,11.000000,11.000000,11.000000,0.034999,0.087887,0.512551,0.689569,calls/second,milliseconds
1779801223,5,11.000000,9.151362,7.000000,1.573344,8.000000,11.000000,11.000000,11.000000,11.000000,11.000000,0.034756,0.087887,0.512551,0.689569,calls/second,milliseconds
1779801224,5,11.000000,9.151362,7.000000,1.573344,8.000000,11.000000,11.000000,11.000000,11.000000,11.000000,0.034515,0.087887,0.512551,0.689569,calls/second,milliseconds
1779801225,5,11.000000,9.151362,7.000000,1.573344,8.000000,11.000000,11.000000,11.000000,11.000000,11.000000,0.034278,0.080860,0.504080,0.685749,calls/second,milliseconds
1779801226,5,11.000000,9.151362,7.000000,1.573344,8.000000,11.000000,11.000000,11.000000,11.000000,11.000000,0.034044,0.080860,0.504080,0.685749,calls/second,milliseconds
1779801227,5,11.000000,9.151362,7.000000,1.573344,8.000000,11.000000,11.000000,11.000000,11.000000,11.000000,0.033814,0.080860,0.504080,0.685749,calls/second,milliseconds
1779801228,5,11.000000,9.151362,7.000000,1.573344,8.000000,11.000000,11.000000,11.000000,11.000000,11.000000,0.033586,0.080860,0.504080,0.685749,calls/second,milliseconds
1779801229,5,11.000000,9.151362,7.000000,1.573344,8.000000,11.000000,11.000000,11.000000,11.000000,11.000000,0.033362,0.080860,0.504080,0.685749,calls/second,milliseconds
1779801230,6,11.000000,7.835517,7.000000,1.435541,7.000000,8.000000,11.000000,11.000000,11.000000,11.000000,0.039767,0.074395,0.495748,0.681949,calls/second,milliseconds
1779801231,6,11.000000,7.835517,7.000000,1.435541,7.000000,8.000000,11.000000,11.000000,11.000000,11.000000,0.039504,0.074395,0.495748,0.681949,calls/second,milliseconds
1779801232,6,11.000000,7.835517,7.000000,1.435541,7.000000,8.000000,11.000000,11.000000,11.000000,11.000000,0.039245,0.074395,0.495748,0.681949,calls/second,milliseconds
1779801233,6,11.000000,7.835517,7.000000,1.435541,7.000000,8.000000,11.000000,11.000000,11.000000,11.000000,0.038990,0.074395,0.495748,0.681949,calls/second,milliseconds
1779801234,6,11.000000,7.835517,7.000000,1.435541,7.000000,8.000000,11.000000,11.000000,11.000000,11.000000,0.038738,0.074395,0.495748,0.681949,calls/second,milliseconds
1779801235,6,11.000000,7.835517,7.000000,1.435541,7.000000,8.000000,11.000000,11.000000,11.000000,11.000000,0.038489,0.084438,0.490860,0.679279,calls/second,milliseconds
1779801236,6,11.000000,7.835517,7.000000,1.435541,7.000000,8.000000,11.000000,11.000000,11.000000,11.000000,0.038243,0.084438,0.490860,0.679279,calls/second,milliseconds
1779801237,6,11.000000,7.835517,7.000000,1.435541,7.000000,8.000000,11.000000,11.000000,11.000000,11.000000,0.038001,0.084438,0.490860,0.679279,calls/second,milliseconds
1779801238,6,11.000000,7.835517,7.000000,1.435541,7.000000,8.000000,11.000000,11.000000,11.000000,11.000000,0.037761,0.084438,0.490860,0.679279,calls/second,milliseconds
1779801239,6,11.000000,7.835517,7.000000,1.435541,7.000000,8.000000,11.000000,11.000000,11.000000,11.000000,0.037525,0.084438,0.490860,0.679279,calls/second,milliseconds
1779801240,6,11.000000,7.835517,7.000000,1.435541,7.000000,8.000000,11.000000,11.000000,11.000000,11.000000,0.037291,0.077687,0.482747,0.675516,calls/second,milliseconds
1779801241,6,11.000000,7.835517,7.000000,1.435541,7.000000,8.000000,11.000000,11.000000,11.000000,11.000000,0.037060,0.077687,0.482747,0.675516,calls/second,milliseconds
1779801242,6,11.000000,7.835517,7.000000,1.435541,7.000000,8.000000,11.000000,11.000000,11.000000,11.000000,0.036833,0.077687,0.482747,0.675516,calls/second,milliseconds
1779801243,6,11.000000,7.835517,7.000000,1.435541,7.000000,8.000000,11.000000,11.000000,11.000000,11.000000,0.036608,0.077687,0.482747,0.675516,calls/second,milliseconds
1779801244,6,11.000000,7.835517,7.000000,1.435541,7.000000,8.000000,11.000000,11.000000,11.000000,11.000000,0.036385,0.077687,0.482747,0.675516,calls/second,milliseconds
1779801245,6,11.000000,7.835517,7.000000,1.435541,7.000000,8.000000,11.000000,11.000000,11.000000,11.000000,0.036166,0.071475,0.474767,0.671774,calls/second,milliseconds
1779801246,6,11.000000,7.835517,7.000000,1.435541,7.000000,8.000000,11.000000,11.000000,11.000000,11.000000,0.035949,0.071475,0.474767,0.671774,calls/second,milliseconds
1779801247,6,11.000000,7.835517,7.000000,1.435541,7.000000,8.000000,11.000000,11.000000,11.000000,11.000000,0.035734,0.071475,0.474767,0.671774,calls/second,milliseconds
1779801248,6,11.000000,7.835517,7.000000,1.435541,7.000000,8.000000,11.000000,11.000000,11.000000,11.000000,0.035522,0.071475,0.474767,0.671774,calls/second,milliseconds
1779801249,6,11.000000,7.835517,7.000000,1.435541,7.000000,8.000000,11.000000,11.000000,11.000000,11.000000,0.035313,0.071475,0.474767,0.671774,calls/second,milliseconds
1779801250,6,11.000000,7.835517,7.000000,1.435541,7.000000,8.000000,11.000000,11.000000,11.000000,11.000000,0.035106,0.065760,0.466920,0.668052,calls/second,milliseconds
1779801251,6,11.000000,7.835517,7.000000,1.435541,7.000000,8.000000,11.000000,11.000000,11.000000,11.000000,0.034901,0.065760,0.466920,0.668052,calls/second,milliseconds
1779801252,6,11.000000,7.835517,7.000000,1.435541,7.000000,8.000000,11.000000,11.000000,11.000000,11.000000,0.034699,0.065760,0.466920,0.668052,calls/second,milliseconds
1779801253,6,11.000000,7.835517,7.000000,1.435541,7.000000,8.000000,11.000000,11.000000,11.000000,11.000000,0.034499,0.065760,0.466920,0.668052,calls/second,milliseconds
1779801254,6,11.000000,7.835517,7.000000,1.435541,7.000000,8.000000,11.000000,11.000000,11.000000,11.000000,0.034302,0.065760,0.466920,0.668052,calls/second,milliseconds
1779801255,6,11.000000,7.835517,7.000000,1.435541,7.000000,8.000000,11.000000,11.000000,11.000000,11.000000,0.034106,0.060502,0.459203,0.664351,calls/second,milliseconds
1779801256,6,11.000000,7.835517,7.000000,1.435541,7.000000,8.000000,11.000000,11.000000,11.000000,11.000000,0.033913,0.060502,0.459203,0.664351,calls/second,milliseconds
1779801257,6,11.000000,7.835517,7.000000,1.435541,7.000000,8.000000,11.000000,11.000000,11.000000,11.000000,0.033723,0.060502,0.459203,0.664351,calls/second,milliseconds
1779801258,6,11.000000,7.835517,7.000000,1.435541,7.000000,8.000000,11.000000,11.000000,11.000000,11.000000,0.033534,0.060502,0.459203,0.664351,calls/second,milliseconds
1779801259,6,11.000000,7.835517,7.000000,1.435541,7.000000,8.000000,11.000000,11.000000,11.000000,11.000000,0.033347,0.060502,0.459203,0.664351,calls/second,milliseconds
1779801260,6,11.000000,7.835517,7.000000,1.435541,7.000000,8.000000,11.000000,11.000000,11.000000,11.000000,0.033162,0.055665,0.451613,0.660670,calls/second,milliseconds
1779801261,6,11.000000,7.835517,7.000000,1.435541,7.000000,8.000000,11.000000,11.000000,11.000000,11.000000,0.032980,0.055665,0.451613,0.660670,calls/second,milliseconds
1779801262,6,11.000000,7.835517,7.000000,1.435541,7.000000,8.000000,11.000000,11.000000,11.000000,11.000000,0.032799,0.055665,0.451613,0.660670,calls/second,milliseconds
1779801263,6,11.000000,7.835517,7.000000,1.435541,7.000000,8.000000,11.000000,11.000000,11.000000,11.000000,0.032621,0.055665,0.451613,0.660670,calls/second,milliseconds
1779801264,6,11.000000,7.835517,7.000000,1.435541,7.000000,8.000000,11.000000,11.000000,11.000000,11.000000,0.032444,0.055665,0.451613,0.660670,calls/second,milliseconds
1779801265,6,11.000000,7.835517,7.000000,1.435541,7.000000,8.000000,11.000000,11.000000,11.000000,11.000000,0.032269,0.051214,0.444148,0.657010,calls/second,milliseconds
1779801266,6,11.000000,7.835517,7.000000,1.435541,7.000000,8.000000,11.000000,11.000000,11.000000,11.000000,0.032096,0.051214,0.444148,0.657010,calls/second,milliseconds
1779801267,6,11.000000,7.835517,7.000000,1.435541,7.000000,8.000000,11.000000,11.000000,11.000000,11.000000,0.031925,0.051214,0.444148,0.657010,calls/second,milliseconds
1779801268,6,11.000000,7.835517,7.000000,1.435541,7.000000,8.000000,11.000000,11.000000,11.000000,11.000000,0.031756,0.051214,0.444148,0.657010,calls/second,milliseconds
1779801269,6,11.000000,7.835517,7.000000,1.435541,7.000000,8.000000,11.000000,11.000000,11.000000,11.000000,0.031588,0.051214,0.444148,0.657010,calls/second,milliseconds
1779801270,6,11.000000,7.835517,7.000000,1.435541,7.000000,8.000000,11.000000,11.000000,11.000000,11.000000,0.031423,0.047119,0.436807,0.653370,calls/second,milliseconds
1779801271,6,11.000000,7.835517,7.000000,1.435541,7.000000,8.000000,11.000000,11.000000,11.000000,11.000000,0.031259,0.047119,0.436807,0.653370,calls/second,milliseconds
1779801272,6,11.000000,7.835517,7.000000,1.435541,7.000000,8.000000,11.000000,11.000000,11.000000,11.000000,0.031096,0.047119,0.436807,0.653370,calls/second,milliseconds
1779801273,6,11.000000,7.835517,7.000000,1.435541,7.000000,8.000000,11.000000,11.000000,11.000000,11.000000,0.030936,0.047119,0.436807,0.653370,calls/second,milliseconds
1779801274,6,11.000000,7.835517,7.000000,1.435541,7.000000,8.000000,11.000000,11.000000,11.000000,11.000000,0.030777,0.047119,0.436807,0.653370,calls/second,milliseconds
1779801275,6,11.000000,7.835517,7.000000,1.435541,7.000000,8.000000,11.000000,11.000000,11.000000,11.000000,0.030620,0.043352,0.429587,0.649750,calls/second,milliseconds
1779801276,6,11.000000,7.835517,7.000000,1.435541,7.000000,8.000000,11.000000,11.000000,11.000000,11.000000,0.030464,0.043352,0.429587,0.649750,calls/second,milliseconds
1779801277,6,11.000000,7.835517,7.000000,1.435541,7.000000,8.000000,11.000000,11.000000,11.000000,11.000000,0.030310,0.043352,0.429587,0.649750,calls/second,milliseconds
1779801278,6,11.000000,7.835517,7.000000,1.435541,7.000000,8.000000,11.000000,11.000000,11.000000,11.000000,0.030157,0.043352,0.429587,0.649750,calls/second,milliseconds
1779801279,6,11.000000,7.835517,7.000000,1.435541,7.000000,8.000000,11.000000,11.000000,11.000000,11.000000,0.030006,0.043352,0.429587,0.649750,calls/second,milliseconds
1779801280,6,11.000000,7.835517,7.000000,1.435541,7.000000,8.000000,11.000000,11.000000,11.000000,11.000000,0.029856,0.039886,0.422487,0.646151,calls/second,milliseconds
1779801281,6,11.000000,7.835517,7.000000,1.435541,7.000000,8.000000,11.000000,11.000000,11.000000,11.000000,0.029708,0.039886,0.422487,0.646151,calls/second,milliseconds
1779801282,6,11.000000,7.835517,7.000000,1.435541,7.000000,8.000000,11.000000,11.000000,11.000000,11.000000,0.029562,0.039886,0.422487,0.646151,calls/second,milliseconds
1779801283,6,11.000000,7.835517,7.000000,1.435541,7.000000,8.000000,11.000000,11.000000,11.000000,11.000000,0.029417,0.039886,0.422487,0.646151,calls/second,milliseconds
1779801284,6,11.000000,7.835517,7.000000,1.435541,7.000000,8.000000,11.000000,11.000000,11.000000,11.000000,0.029273,0.039886,0.422487,0.646151,calls/second,milliseconds
1779801285,6,11.000000,7.835517,7.000000,1.435541,7.000000,8.000000,11.000000,11.000000,11.000000,11.000000,0.029130,0.036697,0.415504,0.642571,calls/second,milliseconds
1779801286,6,11.000000,7.835517,7.000000,1.435541,7.000000,8.000000,11.000000,11.000000,11.000000,11.000000,0.028989,0.036697,0.415504,0.642571,calls/second,milliseconds
1779801287,6,11.000000,7.835517,7.000000,1.435541,7.000000,8.000000,11.000000,11.000000,11.000000,11.000000,0.028850,0.036697,0.415504,0.642571,calls/second,milliseconds
1779801288,6,11.000000,7.835517,7.000000,1.435541,7.000000,8.000000,11.000000,11.000000,11.000000,11.000000,0.028712,0.036697,0.415504,0.642571,calls/second,milliseconds
1779801289,6,11.000000,7.835517,7.000000,1.435541,7.000000,8.000000,11.000000,11.000000,11.000000,11.000000,0.028575,0.036697,0.415504,0.642571,calls/second,milliseconds
1779801290,6,11.000000,7.835517,7.000000,1.435541,7.000000,8.000000,11.000000,11.000000,11.000000,11.000000,0.028439,0.033762,0.408636,0.639011,calls/second,milliseconds
1779801291,6,11.000000,7.835517,7.000000,1.435541,7.000000,8.000000,11.000000,11.000000,11.000000,11.000000,0.028305,0.033762,0.408636,0.639011,calls/second,milliseconds
1779801292,6,11.000000,7.835517,7.000000,1.435541,7.000000,8.000000,11.000000,11.000000,11.000000,11.000000,0.028171,0.033762,0.408636,0.639011,calls/second,milliseconds
1779801293,6,11.000000,7.835517,7.000000,1.435541,7.000000,8.000000,11.000000,11.000000,11.000000,11.000000,0.028040,0.033762,0.408636,0.639011,calls/second,milliseconds
1779801294,6,11.000000,7.835517,7.000000,1.435541,7.000000,8.000000,11.000000,11.000000,11.000000,11.000000,0.027909,0.033762,0.408636,0.639011,calls/second,milliseconds
1779801295,6,11.000000,7.835517,7.000000,1.435541,7.000000,8.000000,11.000000,11.000000,11.000000,11.000000,0.027780,0.031063,0.401882,0.635471,calls/second,milliseconds
1779801296,6,11.000000,7.835517,7.000000,1.435541,7.000000,8.000000,11.000000,11.000000,11.000000,11.000000,0.027651,0.031063,0.401882,0.635471,calls/second,milliseconds
1779801297,6,11.000000,7.835517,7.000000,1.435541,7.000000,8.000000,11.000000,11.000000,11.000000,11.000000,0.027524,0.031063,0.401882,0.635471,calls/second,milliseconds
1779801298,6,11.000000,7.835517,7.000000,1.435541,7.000000,8.000000,11.000000,11.000000,11.000000,11.000000,0.027398,0.031063,0.401882,0.635471,calls/second,milliseconds
1779801299,6,11.000000,7.835517,7.000000,1.435541,7.000000,8.000000,11.000000,11.000000,11.000000,11.000000,0.027274,0.031063,0.401882,0.635471,calls/second,milliseconds
1779801300,6,11.000000,7.835517,7.000000,1.435541,7.000000,8.000000,11.000000,11.000000,11.000000,11.000000,0.027150,0.028579,0.395239,0.631950,calls/second,milliseconds
1779801301,6,11.000000,7.835517,7.000000,1.435541,7.000000,8.000000,11.000000,11.000000,11.000000,11.000000,0.027027,0.028579,0.395239,0.631950,calls/second,milliseconds
1779801302,6,11.000000,7.835517,7.000000,1.435541,7.000000,8.000000,11.000000,11.000000,11.000000,11.000000,0.026906,0.028579,0.395239,0.631950,calls/second,milliseconds
1779801303,6,11.000000,7.835517,7.000000,1.435541,7.000000,8.000000,11.000000,11.000000,11.000000,11.000000,0.026786,0.028579,0.395239,0.631950,calls/second,milliseconds
1779801304,6,11.000000,7.835517,7.000000,1.435541,7.000000,8.000000,11.000000,11.000000,11.000000,11.000000,0.026667,0.026294,0.388707,0.628449,calls/second,milliseconds
1779801305,6,11.000000,7.835517,7.000000,1.435541,7.000000,8.000000,11.000000,11.000000,11.000000,11.000000,0.026548,0.026294,0.388707,0.628449,calls/second,milliseconds
1779801306,6,11.000000,7.835517,7.000000,1.435541,7.000000,8.000000,11.000000,11.000000,11.000000,11.000000,0.026431,0.026294,0.388707,0.628449,calls/second,milliseconds
1779801307,6,11.000000,7.835517,7.000000,1.435541,7.000000,8.000000,11.000000,11.000000,11.000000,11.000000,0.026315,0.026294,0.388707,0.628449,calls/second,milliseconds
1779801308,6,11.000000,7.835517,7.000000,1.435541,7.000000,8.000000,11.000000,11.000000,11.000000,11.000000,0.026200,0.026294,0.388707,0.628449,calls/second,milliseconds
1779801309,6,11.000000,7.835517,7.000000,1.435541,7.000000,8.000000,11.000000,11.000000,11.000000,11.000000,0.026086,0.024192,0.382282,0.624967,calls/second,milliseconds
1779801310,6,11.000000,7.835517,7.000000,1.435541,7.000000,8.000000,11.000000,11.000000,11.000000,11.000000,0.025973,0.024192,0.382282,0.624967,calls/second,milliseconds
1779801311,6,11.000000,7.835517,7.000000,1.435541,7.000000,8.000000,11.000000,11.000000,11.000000,11.000000,0.025861,0.024192,0.382282,0.624967,calls/second,milliseconds
1779801312,6,11.000000,7.835517,7.000000,1.435541,7.000000,8.000000,11.000000,11.000000,11.000000,11.000000,0.025750,0.024192,0.382282,0.624967,calls/second,milliseconds
1779801313,6,11.000000,7.835517,7.000000,1.435541,7.000000,8.000000,11.000000,11.000000,11.000000,11.000000,0.025639,0.024192,0.382282,0.624967,calls/second,milliseconds
1779801314,6,11.000000,7.835517,7.000000,1.435541,7.000000,8.000000,11.000000,11.000000,11.000000,11.000000,0.025530,0.022258,0.375963,0.621505,calls/second,milliseconds
1779801315,6,11.000000,7.835517,7.000000,1.435541,7.000000,8.000000,11.000000,11.000000,11.000000,11.000000,0.025422,0.022258,0.375963,0.621505,calls/second,milliseconds
1779801316,6,11.000000,7.835517,7.000000,1.435541,7.000000,8.000000,11.000000,11.000000,11.000000,11.000000,0.025314,0.022258,0.375963,0.621505,calls/second,milliseconds
1779801317,6,11.000000,7.835517,7.000000,1.435541,7.000000,8.000000,11.000000,11.000000,11.000000,11.000000,0.025208,0.022258,0.375963,0.621505,calls/second,milliseconds
1779801318,6,11.000000,7.835517,7.000000,1.435541,7.000000,8.000000,11.000000,11.000000,11.000000,11.000000,0.025102,0.022258,0.375963,0.621505,calls/second,milliseconds
1779801319,6,11.000000,7.835517,7.000000,1.435541,7.000000,8.000000,11.000000,11.000000,11.000000,11.000000,0.024997,0.020478,0.369749,0.618062,calls/second,milliseconds
1779801320,6,11.000000,7.835517,7.000000,1.435541,7.000000,8.000000,11.000000,11.000000,11.000000,11.000000,0.024894,0.020478,0.369749,0.618062,calls/second,milliseconds
1779801321,6,11.000000,7.835517,7.000000,1.435541,7.000000,8.000000,11.000000,11.000000,11.000000,11.000000,0.024791,0.020478,0.369749,0.618062,calls/second,milliseconds
1779801322,6,11.000000,7.835517,7.000000,1.435541,7.000000,8.000000,11.000000,11.000000,11.000000,11.000000,0.024688,0.020478,0.369749,0.618062,calls/second,milliseconds
1779801323,6,11.000000,7.835517,7.000000,1.435541,7.000000,8.000000,11.000000,11.000000,11.000000,11.000000,0.024587,0.020478,0.369749,0.618062,calls/second,milliseconds
1779801324,6,11.000000,7.835517,7.000000,1.435541,7.000000,8.000000,11.000000,11.000000,11.000000,11.000000,0.024487,0.018841,0.363638,0.614637,calls/second,milliseconds
1779801325,6,11.000000,7.835517,7.000000,1.435541,7.000000,8.000000,11.000000,11.000000,11.000000,11.000000,0.024387,0.018841,0.363638,0.614637,calls/second,milliseconds
1779801326,6,11.000000,7.835517,7.000000,1.435541,7.000000,8.000000,11.000000,11.000000,11.000000,11.000000,0.024288,0.018841,0.363638,0.614637,calls/second,milliseconds
1779801327,6,11.000000,7.835517,7.000000,1.435541,7.000000,8.000000,11.000000,11.000000,11.000000,11.000000,0.024190,0.018841,0.363638,0.614637,calls/second,milliseconds
1779801328,6,11.000000,7.835517,7.000000,1.435541,7.000000,8.000000,11.000000,11.000000,11.000000,11.000000,0.024093,0.018841,0.363638,0.614637,calls/second,milliseconds
1779801329,6,11.000000,7.835517,7.000000,1.435541,7.000000,8.000000,11.000000,11.000000,11.000000,11.000000,0.023996,0.017334,0.357627,0.611232,calls/second,milliseconds
1779801330,6,11.000000,7.835517,7.000000,1.435541,7.000000,8.000000,11.000000,11.000000,11.000000,11.000000,0.023900,0.017334,0.357627,0.611232,calls/second,milliseconds
1779801331,6,11.000000,7.835517,7.000000,1.435541,7.000000,8.000000,11.000000,11.000000,11.000000,11.000000,0.023805,0.017334,0.357627,0.611232,calls/second,milliseconds
1779801332,6,11.000000,7.835517,7.000000,1.435541,7.000000,8.000000,11.000000,11.000000,11.000000,11.000000,0.023711,0.017334,0.357627,0.611232,calls/second,milliseconds
1779801333,6,11.000000,7.835517,7.000000,1.435541,7.000000,8.000000,11.000000,11.000000,11.000000,11.000000,0.023618,0.017334,0.357627,0.611232,calls/second,milliseconds
1779801334,6,11.000000,7.835517,7.000000,1.435541,7.000000,8.000000,11.000000,11.000000,11.000000,11.000000,0.023525,0.015948,0.351716,0.607846,calls/second,milliseconds
1779801335,6,11.000000,7.835517,7.000000,1.435541,7.000000,8.000000,11.000000,11.000000,11.000000,11.000000,0.023433,0.015948,0.351716,0.607846,calls/second,milliseconds
1779801336,6,11.000000,7.835517,7.000000,1.435541,7.000000,8.000000,11.000000,11.000000,11.000000,11.000000,0.023342,0.015948,0.351716,0.607846,calls/second,milliseconds
1779801337,6,11.000000,7.835517,7.000000,1.435541,7.000000,8.000000,11.000000,11.000000,11.000000,11.000000,0.023251,0.015948,0.351716,0.607846,calls/second,milliseconds
1779801338,7,11.000000,4.195542,3.000000,2.204825,3.000000,3.000000,8.000000,11.000000,11.000000,11.000000,0.027021,0.015948,0.351716,0.607846,calls/second,milliseconds
1779801339,7,11.000000,4.195542,3.000000,2.204825,3.000000,3.000000,8.000000,11.000000,11.000000,11.000000,0.026917,0.030664,0.349209,0.605586,calls/second,milliseconds
1779801340,7,11.000000,4.195542,3.000000,2.204825,3.000000,3.000000,8.000000,11.000000,11.000000,11.000000,0.026813,0.030664,0.349209,0.605586,calls/second,milliseconds
1779801341,7,11.000000,4.195542,3.000000,2.204825,3.000000,3.000000,8.000000,11.000000,11.000000,11.000000,0.026711,0.030664,0.349209,0.605586,calls/second,milliseconds
1779801342,7,11.000000,4.195542,3.000000,2.204825,3.000000,3.000000,8.000000,11.000000,11.000000,11.000000,0.026609,0.030664,0.349209,0.605586,calls/second,milliseconds
1779801343,7,11.000000,4.195542,3.000000,2.204825,3.000000,3.000000,8.000000,11.000000,11.000000,11.000000,0.026508,0.030664,0.349209,0.605586,calls/second,milliseconds
1779801344,7,11.000000,4.195542,3.000000,2.204825,3.000000,3.000000,8.000000,11.000000,11.000000,11.000000,0.026408,0.028212,0.343437,0.602231,calls/second,milliseconds
1779801345,7,11.000000,4.195542,3.000000,2.204825,3.000000,3.000000,8.000000,11.000000,11.000000,11.000000,0.026309,0.028212,0.343437,0.602231,calls/second,milliseconds
1779801346,7,11.000000,4.195542,3.000000,2.204825,3.000000,3.000000,8.000000,11.000000,11.000000,11.000000,0.026210,0.028212,0.343437,0.602231,calls/second,milliseconds
1779801347,7,11.000000,4.195542,3.000000,2.204825,3.000000,3.000000,8.000000,11.000000,11.000000,11.000000,0.026112,0.028212,0.343437,0.602231,calls/second,milliseconds
1779801348,7,11.000000,4.195542,3.000000,2.204825,3.000000,3.000000,8.000000,11.000000,11.000000,11.000000,0.026015,0.028212,0.343437,0.602231,calls/second,milliseconds
1779801349,7,11.000000,4.195542,3.000000,2.204825,3.000000,3.000000,8.000000,11.000000,11.000000,11.000000,0.025918,0.025957,0.337760,0.598895,calls/second,milliseconds
1779801350,7,11.000000,4.195542,3.000000,2.204825,3.000000,3.000000,8.000000,11.000000,11.000000,11.000000,0.025823,0.025957,0.337760,0.598895,calls/second,milliseconds
1779801351,7,11.000000,4.195542,3.000000,2.204825,3.000000,3.000000,8.000000,11.000000,11.000000,11.000000,0.025727,0.025957,0.337760,0.598895,calls/second,milliseconds
1779801352,7,11.000000,4.195542,3.000000,2.204825,3.000000,3.000000,8.000000,11.000000,11.000000,11.000000,0.025633,0.025957,0.337760,0.598895,calls/second,milliseconds
1779801353,7,11.000000,4.195542,3.000000,2.204825,3.000000,3.000000,8.000000,11.000000,11.000000,11.000000,0.025539,0.025957,0.337760,0.598895,calls/second,milliseconds
1779801354,7,11.000000,4.195542,3.000000,2.204825,3.000000,3.000000,8.000000,11.000000,11.000000,11.000000,0.025446,0.023881,0.332178,0.595577,calls/second,milliseconds
1779801355,7,11.000000,4.195542,3.000000,2.204825,3.000000,3.000000,8.000000,11.000000,11.000000,11.000000,0.025354,0.023881,0.332178,0.595577,calls/second,milliseconds
1779801356,7,11.000000,4.195542,3.000000,2.204825,3.000000,3.000000,8.000000,11.000000,11.000000,11.000000,0.025262,0.023881,0.332178,0.595577,calls/second,milliseconds
1779801357,7,11.000000,4.195542,3.000000,2.204825,3.000000,3.000000,8.000000,11.000000,11.000000,11.000000,0.025171,0.023881,0.332178,0.595577,calls/second,milliseconds
1779801358,7,11.000000,4.195542,3.000000,2.204825,3.000000,3.000000,8.000000,11.000000,11.000000,11.000000,0.025081,0.023881,0.332178,0.595577,calls/second,milliseconds
1779801359,7,11.000000,4.195542,3.000000,2.204825,3.000000,3.000000,8.000000,11.000000,11.000000,11.000000,0.024991,0.021972,0.326687,0.592277,calls/second,milliseconds
1779801360,7,11.000000,4.195542,3.000000,2.204825,3.000000,3.000000,8.000000,11.000000,11.000000,11.000000,0.024902,0.021972,0.326687,0.592277,calls/second,milliseconds
1779801361,7,11.000000,4.195542,3.000000,2.204825,3.000000,3.000000,8.000000,11.000000,11.000000,11.000000,0.024814,0.021972,0.326687,0.592277,calls/second,milliseconds
1779801362,7,11.000000,4.195542,3.000000,2.204825,3.000000,3.000000,8.000000,11.000000,11.000000,11.000000,0.024726,0.021972,0.326687,0.592277,calls/second,milliseconds
1779801363,7,11.000000,4.195542,3.000000,2.204825,3.000000,3.000000,8.000000,11.000000,11.000000,11.000000,0.024639,0.021972,0.326687,0.592277,calls/second,milliseconds
1779801364,7,11.000000,4.195542,3.000000,2.204825,3.000000,3.000000,8.000000,11.000000,11.000000,11.000000,0.024552,0.020215,0.321288,0.588996,calls/second,milliseconds
1779801365,7,11.000000,4.195542,3.000000,2.204825,3.000000,3.000000,8.000000,11.000000,11.000000,11.000000,0.024466,0.020215,0.321288,0.588996,calls/second,milliseconds
1779801366,7,11.000000,4.195542,3.000000,2.204825,3.000000,3.000000,8.000000,11.000000,11.000000,11.000000,0.024381,0.020215,0.321288,0.588996,calls/second,milliseconds
1779801367,7,11.000000,4.195542,3.000000,2.204825,3.000000,3.000000,8.000000,11.000000,11.000000,11.000000,0.024296,0.020215,0.321288,0.588996,calls/second,milliseconds
1779801368,7,11.000000,4.195542,3.000000,2.204825,3.000000,3.000000,8.000000,11.000000,11.000000,11.000000,0.024212,0.020215,0.321288,0.588996,calls/second,milliseconds
1779801369,7,11.000000,4.195542,3.000000,2.204825,3.000000,3.000000,8.000000,11.000000,11.000000,11.000000,0.024129,0.018599,0.315977,0.585733,calls/second,milliseconds
1779801370,7,11.000000,4.195542,3.000000,2.204825,3.000000,3.000000,8.000000,11.000000,11.000000,11.000000,0.024046,0.018599,0.315977,0.585733,calls/second,milliseconds
1779801371,7,11.000000,4.195542,3.000000,2.204825,3.000000,3.000000,8.000000,11.000000,11.000000,11.000000,0.023963,0.018599,0.315977,0.585733,calls/second,milliseconds
1779801372,7,11.000000,4.195542,3.000000,2.204825,3.000000,3.000000,8.000000,11.000000,11.000000,11.000000,0.023881,0.018599,0.315977,0.585733,calls/second,milliseconds
1779801373,7,11.000000,4.195542,3.000000,2.204825,3.000000,3.000000,8.000000,11.000000,11.000000,11.000000,0.023800,0.018599,0.315977,0.585733,calls/second,milliseconds
1779801374,7,11.000000,4.195542,3.000000,2.204825,3.000000,3.000000,8.000000,11.000000,11.000000,11.000000,0.023719,0.017112,0.310754,0.582488,calls/second,milliseconds
1779801375,7,11.000000,4.195542,3.000000,2.204825,3.000000,3.000000,8.000000,11.000000,11.000000,11.000000,0.023639,0.017112,0.310754,0.582488,calls/second,milliseconds
1779801376,7,11.000000,4.195542,3.000000,2.204825,3.000000,3.000000,8.000000,11.000000,11.000000,11.000000,0.023559,0.017112,0.310754,0.582488,calls/second,milliseconds
1779801377,7,11.000000,4.195542,3.000000,2.204825,3.000000,3.000000,8.000000,11.000000,11.000000,11.000000,0.023480,0.017112,0.310754,0.582488,calls/second,milliseconds
1779801378,7,11.000000,4.195542,3.000000,2.204825,3.000000,3.000000,8.000000,11.000000,11.000000,11.000000,0.023402,0.017112,0.310754,0.582488,calls/second,milliseconds
1779801379,7,11.000000,4.195542,3.000000,2.204825,3.000000,3.000000,8.000000,11.000000,11.000000,11.000000,0.023323,0.015744,0.305618,0.579261,calls/second,milliseconds
1779801380,7,11.000000,4.195542,3.000000,2.204825,3.000000,3.000000,8.000000,11.000000,11.000000,11.000000,0.023246,0.015744,0.305618,0.579261,calls/second,milliseconds
1779801381,7,11.000000,4.195542,3.000000,2.204825,3.000000,3.000000,8.000000,11.000000,11.000000,11.000000,0.023169,0.015744,0.305618,0.579261,calls/second,milliseconds
1779801382,7,11.000000,4.195542,3.000000,2.204825,3.000000,3.000000,8.000000,11.000000,11.000000,11.000000,0.023092,0.015744,0.305618,0.579261,calls/second,milliseconds
1779801383,7,11.000000,4.195542,3.000000,2.204825,3.000000,3.000000,8.000000,11.000000,11.000000,11.000000,0.023016,0.015744,0.305618,0.579261,calls/second,milliseconds
1779801384,7,11.000000,4.195542,3.000000,2.204825,3.000000,3.000000,8.000000,11.000000,11.000000,11.000000,0.022941,0.014485,0.300567,0.576052,calls/second,milliseconds
1779801385,7,11.000000,4.195542,3.000000,2.204825,3.000000,3.000000,8.000000,11.000000,11.000000,11.000000,0.022866,0.014485,0.300567,0.576052,calls/second,milliseconds
1779801386,7,11.000000,4.195542,3.000000,2.204825,3.000000,3.000000,8.000000,11.000000,11.000000,11.000000,0.022791,0.014485,0.300567,0.576052,calls/second,milliseconds
1779801387,7,11.000000,4.195542,3.000000,2.204825,3.000000,3.000000,8.000000,11.000000,11.000000,11.000000,0.022717,0.014485,0.300567,0.576052,calls/second,milliseconds
1779801388,7,11.000000,4.195542,3.000000,2.204825,3.000000,3.000000,8.000000,11.000000,11.000000,11.000000,0.022643,0.014485,0.300567,0.576052,calls/second,milliseconds
1779801389,7,11.000000,4.195542,3.000000,2.204825,3.000000,3.000000,8.000000,11.000000,11.000000,11.000000,0.022570,0.013327,0.295599,0.572860,calls/second,milliseconds
1779801390,7,11.000000,4.195542,3.000000,2.204825,3.000000,3.000000,8.000000,11.000000,11.000000,11.000000,0.022498,0.013327,0.295599,0.572860,calls/second,milliseconds
1779801391,7,11.000000,4.195542,3.000000,2.204825,3.000000,3.000000,8.000000,11.000000,11.000000,11.000000,0.022425,0.013327,0.295599,0.572860,calls/second,milliseconds
1779801392,7,11.000000,4.195542,3.000000,2.204825,3.000000,3.000000,8.000000,11.000000,11.000000,11.000000,0.022354,0.013327,0.295599,0.572860,calls/second,milliseconds
1779801393,7,11.000000,4.195542,3.000000,2.204825,3.000000,3.000000,8.000000,11.000000,11.000000,11.000000,0.022282,0.013327,0.295599,0.572860,calls/second,milliseconds
1779801394,7,11.000000,4.195542,3.000000,2.204825,3.000000,3.000000,8.000000,11.000000,11.000000,11.000000,0.022212,0.012261,0.290713,0.569686,calls/second,milliseconds
1779801395,7,11.000000,4.195542,3.000000,2.204825,3.000000,3.000000,8.000000,11.000000,11.000000,11.000000,0.022141,0.012261,0.290713,0.569686,calls/second,milliseconds
1779801396,7,11.000000,4.195542,3.000000,2.204825,3.000000,3.000000,8.000000,11.000000,11.000000,11.000000,0.022071,0.012261,0.290713,0.569686,calls/second,milliseconds
1779801397,7,11.000000,4.195542,3.000000,2.204825,3.000000,3.000000,8.000000,11.000000,11.000000,11.000000,0.022002,0.012261,0.290713,0.569686,calls/second,milliseconds
1779801398,7,11.000000,4.195542,3.000000,2.204825,3.000000,3.000000,8.000000,11.000000,11.000000,11.000000,0.021933,0.012261,0.290713,0.569686,calls/second,milliseconds
1779801399,7,11.000000,4.195542,3.000000,2.204825,3.000000,3.000000,8.000000,11.000000,11.000000,11.000000,0.021864,0.011281,0.285908,0.566530,calls/second,milliseconds
1779801400,7,11.000000,4.195542,3.000000,2.204825,3.000000,3.000000,8.000000,11.000000,11.000000,11.000000,0.021796,0.011281,0.285908,0.566530,calls/second,milliseconds
1779801401,7,11.000000,4.195542,3.000000,2.204825,3.000000,3.000000,8.000000,11.000000,11.000000,11.000000,0.021728,0.011281,0.285908,0.566530,calls/second,milliseconds
1779801402,7,11.000000,4.195542,3.000000,2.204825,3.000000,3.000000,8.000000,11.000000,11.000000,11.000000,0.021661,0.011281,0.285908,0.566530,calls/second,milliseconds
1779801403,7,11.000000,4.195542,3.000000,2.204825,3.000000,3.000000,8.000000,11.000000,11.000000,11.000000,0.021594,0.011281,0.285908,0.566530,calls/second,milliseconds
1779801404,7,11.000000,4.195542,3.000000,2.204825,3.000000,3.000000,8.000000,11.000000,11.000000,11.000000,0.021527,0.010379,0.281182,0.563392,calls/second,milliseconds
1779801405,7,11.000000,4.195542,3.000000,2.204825,3.000000,3.000000,8.000000,11.000000,11.000000,11.000000,0.021461,0.010379,0.281182,0.563392,calls/second,milliseconds
1779801406,7,11.000000,4.195542,3.000000,2.204825,3.000000,3.000000,8.000000,11.000000,11.000000,11.000000,0.021396,0.010379,0.281182,0.563392,calls/second,milliseconds
1779801407,7,11.000000,4.195542,3.000000,2.204825,3.000000,3.000000,8.000000,11.000000,11.000000,11.000000,0.021330,0.010379,0.281182,0.563392,calls/second,milliseconds
1779801408,7,11.000000,4.195542,3.000000,2.204825,3.000000,3.000000,8.000000,11.000000,11.000000,11.000000,0.021265,0.010379,0.281182,0.563392,calls/second,milliseconds
1779801409,7,11.000000,4.195542,3.000000,2.204825,3.000000,3.000000,8.000000,11.000000,11.000000,11.000000,0.021201,0.009549,0.276535,0.560270,calls/second,milliseconds
1779801410,7,11.000000,4.195542,3.000000,2.204825,3.000000,3.000000,8.000000,11.000000,11.000000,11.000000,0.021137,0.009549,0.276535,0.560270,calls/second,milliseconds
1779801411,7,11.000000,4.195542,3.000000,2.204825,3.000000,3.000000,8.000000,11.000000,11.000000,11.000000,0.021073,0.009549,0.276535,0.560270,calls/second,milliseconds
1779801412,7,11.000000,4.195542,3.000000,2.204825,3.000000,3.000000,8.000000,11.000000,11.000000,11.000000,0.021010,0.009549,0.276535,0.560270,calls/second,milliseconds
1779801413,7,11.000000,4.195542,3.000000,2.204825,3.000000,3.000000,8.000000,11.000000,11.000000,11.000000,0.020947,0.009549,0.276535,0.560270,calls/second,milliseconds
1779801414,7,11.000000,4.195542,3.000000,2.204825,3.000000,3.000000,8.000000,11.000000,11.000000,11.000000,0.020884,0.008785,0.271964,0.557166,calls/second,milliseconds
1779801415,7,11.000000,4.195542,3.000000,2.204825,3.000000,3.000000,8.000000,11.000000,11.000000,11.000000,0.020822,0.008785,0.271964,0.557166,calls/second,milliseconds
1779801416,7,11.000000,4.195542,3.000000,2.204825,3.000000,3.000000,8.000000,11.000000,11.000000,11.000000,0.020760,0.008785,0.271964,0.557166,calls/second,milliseconds
1779801417,7,11.000000,4.195542,3.000000,2.204825,3.000000,3.000000,8.000000,11.000000,11.000000,11.000000,0.020699,0.008785,0.271964,0.557166,calls/second,milliseconds
1779801418,7,11.000000,4.195542,3.000000,2.204825,3.000000,3.000000,8.000000,11.000000,11.000000,11.000000,0.020638,0.008785,0.271964,0.557166,calls/second,milliseconds
1779801419,7,11.000000,4.195542,3.000000,2.204825,3.000000,3.000000,8.000000,11.000000,11.000000,11.000000,0.020577,0.008083,0.267469,0.554080,calls/second,milliseconds
1779801420,7,11.000000,4.195542,3.000000,2.204825,3.000000,3.000000,8.000000,11.000000,11.000000,11.000000,0.020516,0.008083,0.267469,0.554080,calls/second,milliseconds
1779801421,7,11.000000,4.195542,3.000000,2.204825,3.000000,3.000000,8.000000,11.000000,11.000000,11.000000,0.020456,0.008083,0.267469,0.554080,calls/second,milliseconds
1779801422,7,11.000000,4.195542,3.000000,2.204825,3.000000,3.000000,8.000000,11.000000,11.000000,11.000000,0.020397,0.008083,0.267469,0.554080,calls/second,milliseconds
1779801423,7,11.000000,4.195542,3.000000,2.204825,3.000000,3.000000,8.000000,11.000000,11.000000,11.000000,0.020337,0.008083,0.267469,0.554080,calls/second,milliseconds
1779801424,7,11.000000,4.195542,3.000000,2.204825,3.000000,3.000000,8.000000,11.000000,11.000000,11.000000,0.020278,0.007437,0.263048,0.551010,calls/second,milliseconds
1779801425,7,11.000000,4.195542,3.000000,2.204825,3.000000,3.000000,8.000000,11.000000,11.000000,11.000000,0.020220,0.007437,0.263048,0.551010,calls/second,milliseconds
1779801426,7,11.000000,4.195542,3.000000,2.204825,3.000000,3.000000,8.000000,11.000000,11.000000,11.000000,0.020161,0.007437,0.263048,0.551010,calls/second,milliseconds
1779801427,7,11.000000,4.195542,3.000000,2.204825,3.000000,3.000000,8.000000,11.000000,11.000000,11.000000,0.020103,0.007437,0.263048,0.551010,calls/second,milliseconds
1779801428,7,11.000000,4.195542,3.000000,2.204825,3.000000,3.000000,8.000000,11.000000,11.000000,11.000000,0.020046,0.007437,0.263048,0.551010,calls/second,milliseconds
1779801429,7,11.000000,4.195542,3.000000,2.204825,3.000000,3.000000,8.000000,11.000000,11.000000,11.000000,0.019988,0.006842,0.258700,0.547957,calls/second,milliseconds
1779801430,7,11.000000,4.195542,3.000000,2.204825,3.000000,3.000000,8.000000,11.000000,11.000000,11.000000,0.019931,0.006842,0.258700,0.547957,calls/second,milliseconds
1779801431,7,11.000000,4.195542,3.000000,2.204825,3.000000,3.000000,8.000000,11.000000,11.000000,11.000000,0.019875,0.006842,0.258700,0.547957,calls/second,milliseconds
1779801432,7,11.000000,4.195542,3.000000,2.204825,3.000000,3.000000,8.000000,11.000000,11.000000,11.000000,0.019818,0.006842,0.258700,0.547957,calls/second,milliseconds
1779801433,7,11.000000,4.195542,3.000000,2.204825,3.000000,3.000000,8.000000,11.000000,11.000000,11.000000,0.019762,0.006842,0.258700,0.547957,calls/second,milliseconds
1779801434,7,11.000000,4.195542,3.000000,2.204825,3.000000,3.000000,8.000000,11.000000,11.000000,11.000000,0.019706,0.006295,0.254424,0.544921,calls/second,milliseconds
1779801435,7,11.000000,4.195542,3.000000,2.204825,3.000000,3.000000,8.000000,11.000000,11.000000,11.000000,0.019651,0.006295,0.254424,0.544921,calls/second,milliseconds
1779801436,7,11.000000,4.195542,3.000000,2.204825,3.000000,3.000000,8.000000,11.000000,11.000000,11.000000,0.019596,0.006295,0.254424,0.544921,calls/second,milliseconds
1779801437,7,11.000000,4.195542,3.000000,2.204825,3.000000,3.000000,8.000000,11.000000,11.000000,11.000000,0.019541,0.006295,0.254424,0.544921,calls/second,milliseconds
1779801438,7,11.000000,4.195542,3.000000,2.204825,3.000000,3.000000,8.000000,11.000000,11.000000,11.000000,0.019487,0.006295,0.254424,0.544921,calls/second,milliseconds
1779801439,7,11.000000,4.195542,3.000000,2.204825,3.000000,3.000000,8.000000,11.000000,11.000000,11.000000,0.019433,0.005792,0.250219,0.541903,calls/second,milliseconds
1779801440,7,11.000000,4.195542,3.000000,2.204825,3.000000,3.000000,8.000000,11.000000,11.000000,11.000000,0.019379,0.005792,0.250219,0.541903,calls/second,milliseconds
1779801441,7,11.000000,4.195542,3.000000,2.204825,3.000000,3.000000,8.000000,11.000000,11.000000,11.000000,0.019325,0.005792,0.250219,0.541903,calls/second,milliseconds
1779801442,7,11.000000,4.195542,3.000000,2.204825,3.000000,3.000000,8.000000,11.000000,11.000000,11.000000,0.019272,0.005792,0.250219,0.541903,calls/second,milliseconds
1779801443,7,11.000000,4.195542,3.000000,2.204825,3.000000,3.000000,8.000000,11.000000,11.000000,11.000000,0.019219,0.005792,0.250219,0.541903,calls/second,milliseconds
1779801444,8,11.000000,3.251845,3.000000,1.123257,3.000000,3.000000,7.000000,7.000000,10.000000,11.000000,0.021904,0.005329,0.246083,0.538900,calls/second,milliseconds
1779801445,8,11.000000,3.251845,3.000000,1.123257,3.000000,3.000000,7.000000,7.000000,10.000000,11.000000,0.021844,0.005329,0.246083,0.538900,calls/second,milliseconds
1779801446,8,11.000000,3.251845,3.000000,1.123257,3.000000,3.000000,7.000000,7.000000,10.000000,11.000000,0.021784,0.005329,0.246083,0.538900,calls/second,milliseconds
1779801447,8,11.000000,3.251845,3.000000,1.123257,3.000000,3.000000,7.000000,7.000000,10.000000,11.000000,0.021725,0.005329,0.246083,0.538900,calls/second,milliseconds
1779801448,8,11.000000,3.251845,3.000000,1.123257,3.000000,3.000000,7.000000,7.000000,10.000000,11.000000,0.021666,0.005329,0.246083,0.538900,calls/second,milliseconds
1779801449,8,11.000000,3.251845,3.000000,1.123257,3.000000,3.000000,7.000000,7.000000,10.000000,11.000000,0.021608,0.020894,0.245322,0.537023,calls/second,milliseconds
1779801450,8,11.000000,3.251845,3.000000,1.123257,3.000000,3.000000,7.000000,7.000000,10.000000,11.000000,0.021549,0.020894,0.245322,0.537023,calls/second,milliseconds
1779801451,8,11.000000,3.251845,3.000000,1.123257,3.000000,3.000000,7.000000,7.000000,10.000000,11.000000,0.021491,0.020894,0.245322,0.537023,calls/second,milliseconds
1779801452,8,11.000000,3.251845,3.000000,1.123257,3.000000,3.000000,7.000000,7.000000,10.000000,11.000000,0.021434,0.020894,0.245322,0.537023,calls/second,milliseconds
1779801453,8,11.000000,3.251845,3.000000,1.123257,3.000000,3.000000,7.000000,7.000000,10.000000,11.000000,0.021376,0.020894,0.245322,0.537023,calls/second,milliseconds
1779801454,8,11.000000,3.251845,3.000000,1.123257,3.000000,3.000000,7.000000,7.000000,10.000000,11.000000,0.021319,0.019223,0.241267,0.534048,calls/second,milliseconds
1779801455,8,11.000000,3.251845,3.000000,1.123257,3.000000,3.000000,7.000000,7.000000,10.000000,11.000000,0.021262,0.019223,0.241267,0.534048,calls/second,milliseconds
1779801456,8,11.000000,3.251845,3.000000,1.123257,3.000000,3.000000,7.000000,7.000000,10.000000,11.000000,0.021206,0.019223,0.241267,0.534048,calls/second,milliseconds
1779801457,8,11.000000,3.251845,3.000000,1.123257,3.000000,3.000000,7.000000,7.000000,10.000000,11.000000,0.021150,0.019223,0.241267,0.534048,calls/second,milliseconds
1779801458,8,11.000000,3.251845,3.000000,1.123257,3.000000,3.000000,7.000000,7.000000,10.000000,11.000000,0.021094,0.019223,0.241267,0.534048,calls/second,milliseconds
1779801459,8,11.000000,3.251845,3.000000,1.123257,3.000000,3.000000,7.000000,7.000000,10.000000,11.000000,0.021038,0.017686,0.237279,0.531089,calls/second,milliseconds
1779801460,8,11.000000,3.251845,3.000000,1.123257,3.000000,3.000000,7.000000,7.000000,10.000000,11.000000,0.020983,0.017686,0.237279,0.531089,calls/second,milliseconds
1779801461,8,11.000000,3.251845,3.000000,1.123257,3.000000,3.000000,7.000000,7.000000,10.000000,11.000000,0.020928,0.017686,0.237279,0.531089,calls/second,milliseconds
1779801462,8,11.000000,3.251845,3.000000,1.123257,3.000000,3.000000,7.000000,7.000000,10.000000,11.000000,0.020873,0.017686,0.237279,0.531089,calls/second,milliseconds
1779801463,8,11.000000,3.251845,3.000000,1.123257,3.000000,3.000000,7.000000,7.000000,10.000000,11.000000,0.020819,0.017686,0.237279,0.531089,calls/second,milliseconds
1779801464,8,11.000000,3.251845,3.000000,1.123257,3.000000,3.000000,7.000000,7.000000,10.000000,11.000000,0.020765,0.016272,0.233357,0.528147,calls/second,milliseconds
1779801465,8,11.000000,3.251845,3.000000,1.123257,3.000000,3.000000,7.000000,7.000000,10.000000,11.000000,0.020711,0.016272,0.233357,0.528147,calls/second,milliseconds
1779801466,8,11.000000,3.251845,3.000000,1.123257,3.000000,3.000000,7.000000,7.000000,10.000000,11.000000,0.020658,0.016272,0.233357,0.528147,calls/second,milliseconds
1779801467,8,11.000000,3.251845,3.000000,1.123257,3.000000,3.000000,7.000000,7.000000,10.000000,11.000000,0.020604,0.016272,0.233357,0.528147,calls/second,milliseconds
1779801468,8,11.000000,3.251845,3.000000,1.123257,3.000000,3.000000,7.000000,7.000000,10.000000,11.000000,0.020551,0.016272,0.233357,0.528147,calls/second,milliseconds
1779801469,8,11.000000,3.251845,3.000000,1.123257,3.000000,3.000000,7.000000,7.000000,10.000000,11.000000,0.020499,0.014971,0.229500,0.525221,calls/second,milliseconds
1779801470,8,11.000000,3.251845,3.000000,1.123257,3.000000,3.000000,7.000000,7.000000,10.000000,11.000000,0.020446,0.014971,0.229500,0.525221,calls/second,milliseconds
1779801471,8,11.000000,3.251845,3.000000,1.123257,3.000000,3.000000,7.000000,7.000000,10.000000,11.000000,0.020394,0.014971,0.229500,0.525221,calls/second,milliseconds
1779801472,8,11.000000,3.251845,3.000000,1.123257,3.000000,3.000000,7.000000,7.000000,10.000000,11.000000,0.020342,0.014971,0.229500,0.525221,calls/second,milliseconds
1779801473,8,11.000000,3.251845,3.000000,1.123257,3.000000,3.000000,7.000000,7.000000,10.000000,11.000000,0.020290,0.014971,0.229500,0.525221,calls/second,milliseconds
1779801474,8,11.000000,3.251845,3.000000,1.123257,3.000000,3.000000,7.000000,7.000000,10.000000,11.000000,0.020239,0.013774,0.225707,0.522311,calls/second,milliseconds
1779801475,8,11.000000,3.251845,3.000000,1.123257,3.000000,3.000000,7.000000,7.000000,10.000000,11.000000,0.020188,0.013774,0.225707,0.522311,calls/second,milliseconds
1779801476,8,11.000000,3.251845,3.000000,1.123257,3.000000,3.000000,7.000000,7.000000,10.000000,11.000000,0.020137,0.013774,0.225707,0.522311,calls/second,milliseconds
1779801477,8,11.000000,3.251845,3.000000,1.123257,3.000000,3.000000,7.000000,7.000000,10.000000,11.000000,0.020086,0.013774,0.225707,0.522311,calls/second,milliseconds
1779801478,8,11.000000,3.251845,3.000000,1.123257,3.000000,3.000000,7.000000,7.000000,10.000000,11.000000,0.020036,0.013774,0.225707,0.522311,calls/second,milliseconds
1779801479,8,11.000000,3.251845,3.000000,1.123257,3.000000,3.000000,7.000000,7.000000,10.000000,11.000000,0.019986,0.012673,0.221976,0.519417,calls/second,milliseconds
1779801480,8,11.000000,3.251845,3.000000,1.123257,3.000000,3.000000,7.000000,7.000000,10.000000,11.000000,0.019936,0.012673,0.221976,0.519417,calls/second,milliseconds
1779801481,8,11.000000,3.251845,3.000000,1.123257,3.000000,3.000000,7.000000,7.000000,10.000000,11.000000,0.019886,0.012673,0.221976,0.519417,calls/second,milliseconds
1779801482,8,11.000000,3.251845,3.000000,1.123257,3.000000,3.000000,7.000000,7.000000,10.000000,11.000000,0.019837,0.012673,0.221976,0.519417,calls/second,milliseconds
1779801483,8,11.000000,3.251845,3.000000,1.123257,3.000000,3.000000,7.000000,7.000000,10.000000,11.000000,0.019788,0.012673,0.221976,0.519417,calls/second,milliseconds
1779801484,8,11.000000,3.251845,3.000000,1.123257,3.000000,3.000000,7.000000,7.000000,10.000000,11.000000,0.019739,0.011659,0.218307,0.516539,calls/second,milliseconds
1779801485,8,11.000000,3.251845,3.000000,1.123257,3.000000,3.000000,7.000000,7.000000,10.000000,11.000000,0.019690,0.011659,0.218307,0.516539,calls/second,milliseconds
1779801486,8,11.000000,3.251845,3.000000,1.123257,3.000000,3.000000,7.000000,7.000000,10.000000,11.000000,0.019642,0.011659,0.218307,0.516539,calls/second,milliseconds
1779801487,8,11.000000,3.251845,3.000000,1.123257,3.000000,3.000000,7.000000,7.000000,10.000000,11.000000,0.019593,0.011659,0.218307,0.516539,calls/second,milliseconds
1779801488,8,11.000000,3.251845,3.000000,1.123257,3.000000,3.000000,7.000000,7.000000,10.000000,11.000000,0.019545,0.011659,0.218307,0.516539,calls/second,milliseconds
1779801489,8,11.000000,3.251845,3.000000,1.123257,3.000000,3.000000,7.000000,7.000000,10.000000,11.000000,0.019498,0.010727,0.214699,0.513678,calls/second,milliseconds
1779801490,8,11.000000,3.251845,3.000000,1.123257,3.000000,3.000000,7.000000,7.000000,10.000000,11.000000,0.019450,0.010727,0.214699,0.513678,calls/second,milliseconds
1779801491,8,11.000000,3.251845,3.000000,1.123257,3.000000,3.000000,7.000000,7.000000,10.000000,11.000000,0.019403,0.010727,0.214699,0.513678,calls/second,milliseconds
1779801492,8,11.000000,3.251845,3.000000,1.123257,3.000000,3.000000,7.000000,7.000000,10.000000,11.000000,0.019356,0.010727,0.214699,0.513678,calls/second,milliseconds
1779801493,8,11.000000,3.251845,3.000000,1.123257,3.000000,3.000000,7.000000,7.000000,10.000000,11.000000,0.019309,0.010727,0.214699,0.513678,calls/second,milliseconds
1779801494,8,11.000000,3.251845,3.000000,1.123257,3.000000,3.000000,7.000000,7.000000,10.000000,11.000000,0.019263,0.009869,0.211150,0.510832,calls/second,milliseconds
1779801495,8,11.000000,3.251845,3.000000,1.123257,3.000000,3.000000,7.000000,7.000000,10.000000,11.000000,0.019216,0.009869,0.211150,0.510832,calls/second,milliseconds
1779801496,8,11.000000,3.251845,3.000000,1.123257,3.000000,3.000000,7.000000,7.000000,10.000000,11.000000,0.019170,0.009869,0.211150,0.510832,calls/second,milliseconds
1779801497,8,11.000000,3.251845,3.000000,1.123257,3.000000,3.000000,7.000000,7.000000,10.000000,11.000000,0.019124,0.009869,0.211150,0.510832,calls/second,milliseconds
1779801498,8,11.000000,3.251845,3.000000,1.123257,3.000000,3.000000,7.000000,7.000000,10.000000,11.000000,0.019079,0.009869,0.211150,0.510832,calls/second,milliseconds
1779801499,8,11.000000,3.251845,3.000000,1.123257,3.000000,3.000000,7.000000,7.000000,10.000000,11.000000,0.019033,0.009080,0.207660,0.508002,calls/second,milliseconds
1779801500,8,11.000000,3.251845,3.000000,1.123257,3.000000,3.000000,7.000000,7.000000,10.000000,11.000000,0.018988,0.009080,0.207660,0.508002,calls/second,milliseconds
1779801501,8,11.000000,3.251845,3.000000,1.123257,3.000000,3.000000,7.000000,7.000000,10.000000,11.000000,0.018943,0.009080,0.207660,0.508002,calls/second,milliseconds
1779801502,8,11.000000,3.251845,3.000000,1.123257,3.000000,3.000000,7.000000,7.000000,10.000000,11.000000,0.018898,0.009080,0.207660,0.508002,calls/second,milliseconds
1779801503,8,11.000000,3.251845,3.000000,1.123257,3.000000,3.000000,7.000000,7.000000,10.000000,11.000000,0.018854,0.009080,0.207660,0.508002,calls/second,milliseconds
1779801504,8,11.000000,3.251845,3.000000,1.123257,3.000000,3.000000,7.000000,7.000000,10.000000,11.000000,0.018809,0.008354,0.204228,0.505187,calls/second,milliseconds
1779801505,8,11.000000,3.251845,3.000000,1.123257,3.000000,3.000000,7.000000,7.000000,10.000000,11.000000,0.018765,0.008354,0.204228,0.505187,calls/second,milliseconds
1779801506,8,11.000000,3.251845,3.000000,1.123257,3.000000,3.000000,7.000000,7.000000,10.000000,11.000000,0.018721,0.008354,0.204228,0.505187,calls/second,milliseconds
1779801507,8,11.000000,3.251845,3.000000,1.123257,3.000000,3.000000,7.000000,7.000000,10.000000,11.000000,0.018677,0.008354,0.204228,0.505187,calls/second,milliseconds
1779801508,8,11.000000,3.251845,3.000000,1.123257,3.000000,3.000000,7.000000,7.000000,10.000000,11.000000,0.018634,0.008354,0.204228,0.505187,calls/second,milliseconds
1779801509,8,11.000000,3.251845,3.000000,1.123257,3.000000,3.000000,7.000000,7.000000,10.000000,11.000000,0.018590,0.007686,0.200852,0.502389,calls/second,milliseconds
1779801510,8,11.000000,3.251845,3.000000,1.123257,3.000000,3.000000,7.000000,7.000000,10.000000,11.000000,0.018547,0.007686,0.200852,0.502389,calls/second,milliseconds
1779801511,8,11.000000,3.251845,3.000000,1.123257,3.000000,3.000000,7.000000,7.000000,10.000000,11.000000,0.018504,0.007686,0.200852,0.502389,calls/second,milliseconds
1779801512,8,11.000000,3.251845,3.000000,1.123257,3.000000,3.000000,7.000000,7.000000,10.000000,11.000000,0.018461,0.007686,0.200852,0.502389,calls/second,milliseconds
1779801513,8,11.000000,3.251845,3.000000,1.123257,3.000000,3.000000,7.000000,7.000000,10.000000,11.000000,0.018419,0.007686,0.200852,0.502389,calls/second,milliseconds
1779801514,8,11.000000,3.251845,3.000000,1.123257,3.000000,3.000000,7.000000,7.000000,10.000000,11.000000,0.018376,0.007072,0.197532,0.499605,calls/second,milliseconds
1779801515,8,11.000000,3.251845,3.000000,1.123257,3.000000,3.000000,7.000000,7.000000,10.000000,11.000000,0.018334,0.007072,0.197532,0.499605,calls/second,milliseconds
1779801516,8,11.000000,3.251845,3.000000,1.123257,3.000000,3.000000,7.000000,7.000000,10.000000,11.000000,0.018292,0.007072,0.197532,0.499605,calls/second,milliseconds
1779801517,8,11.000000,3.251845,3.000000,1.123257,3.000000,3.000000,7.000000,7.000000,10.000000,11.000000,0.018250,0.007072,0.197532,0.499605,calls/second,milliseconds
1779801518,8,11.000000,3.251845,3.000000,1.123257,3.000000,3.000000,7.000000,7.000000,10.000000,11.000000,0.018209,0.007072,0.197532,0.499605,calls/second,milliseconds
1779801519,8,11.000000,3.251845,3.000000,1.123257,3.000000,3.000000,7.000000,7.000000,10.000000,11.000000,0.018167,0.006506,0.194268,0.496837,calls/second,milliseconds
1779801520,8,11.000000,3.251845,3.000000,1.123257,3.000000,3.000000,7.000000,7.000000,10.000000,11.000000,0.018126,0.006506,0.194268,0.496837,calls/second,milliseconds
1779801521,8,11.000000,3.251845,3.000000,1.123257,3.000000,3.000000,7.000000,7.000000,10.000000,11.000000,0.018085,0.006506,0.194268,0.496837,calls/second,milliseconds
1779801522,8,11.000000,3.251845,3.000000,1.123257,3.000000,3.000000,7.000000,7.000000,10.000000,11.000000,0.018044,0.006506,0.194268,0.496837,calls/second,milliseconds
1779801523,8,11.000000,3.251845,3.000000,1.123257,3.000000,3.000000,7.000000,7.000000,10.000000,11.000000,0.018004,0.006506,0.194268,0.496837,calls/second,milliseconds
1779801524,8,11.000000,3.251845,3.000000,1.123257,3.000000,3.000000,7.000000,7.000000,10.000000,11.000000,0.017963,0.005986,0.191057,0.494085,calls/second,milliseconds
1779801525,8,11.000000,3.251845,3.000000,1.123257,3.000000,3.000000,7.000000,7.000000,10.000000,11.000000,0.017923,0.005986,0.191057,0.494085,calls/second,milliseconds
1779801526,8,11.000000,3.251845,3.000000,1.123257,3.000000,3.000000,7.000000,7.000000,10.000000,11.000000,0.017883,0.005986,0.191057,0.494085,calls/second,milliseconds
1779801527,8,11.000000,3.251845,3.000000,1.123257,3.000000,3.000000,7.000000,7.000000,10.000000,11.000000,0.017843,0.005986,0.191057,0.494085,calls/second,milliseconds
1779801528,8,11.000000,3.251845,3.000000,1.123257,3.000000,3.000000,7.000000,7.000000,10.000000,11.000000,0.017803,0.005986,0.191057,0.494085,calls/second,milliseconds
1779801529,8,11.000000,3.251845,3.000000,1.123257,3.000000,3.000000,7.000000,7.000000,10.000000,11.000000,0.017763,0.005508,0.187899,0.491347,calls/second,milliseconds
1779801530,8,11.000000,3.251845,3.000000,1.123257,3.000000,3.000000,7.000000,7.000000,10.000000,11.000000,0.017724,0.005508,0.187899,0.491347,calls/second,milliseconds
1779801531,8,11.000000,3.251845,3.000000,1.123257,3.000000,3.000000,7.000000,7.000000,10.000000,11.000000,0.017685,0.005508,0.187899,0.491347,calls/second,milliseconds
1779801532,8,11.000000,3.251845,3.000000,1.123257,3.000000,3.000000,7.000000,7.000000,10.000000,11.000000,0.017646,0.005508,0.187899,0.491347,calls/second,milliseconds
1779801533,8,11.000000,3.251845,3.000000,1.123257,3.000000,3.000000,7.000000,7.000000,10.000000,11.000000,0.017607,0.005508,0.187899,0.491347,calls/second,milliseconds
1779801534,8,11.000000,3.251845,3.000000,1.123257,3.000000,3.000000,7.000000,7.000000,10.000000,11.000000,0.017568,0.005067,0.184793,0.488625,calls/second,milliseconds
1779801535,8,11.000000,3.251845,3.000000,1.123257,3.000000,3.000000,7.000000,7.000000,10.000000,11.000000,0.017530,0.005067,0.184793,0.488625,calls/second,milliseconds
1779801536,8,11.000000,3.251845,3.000000,1.123257,3.000000,3.000000,7.000000,7.000000,10.000000,11.000000,0.017491,0.005067,0.184793,0.488625,calls/second,milliseconds
1779801537,8,11.000000,3.251845,3.000000,1.123257,3.000000,3.000000,7.000000,7.000000,10.000000,11.000000,0.017453,0.005067,0.184793,0.488625,calls/second,milliseconds
1779801538,8,11.000000,3.251845,3.000000,1.123257,3.000000,3.000000,7.000000,7.000000,10.000000,11.000000,0.017415,0.005067,0.184793,0.488625,calls/second,milliseconds
1779801539,8,11.000000,3.251845,3.000000,1.123257,3.000000,3.000000,7.000000,7.000000,10.000000,11.000000,0.017377,0.004662,0.181739,0.485918,calls/second,milliseconds
1779801540,8,11.000000,3.251845,3.000000,1.123257,3.000000,3.000000,7.000000,7.000000,10.000000,11.000000,0.017339,0.004662,0.181739,0.485918,calls/second,milliseconds
1779801541,8,11.000000,3.251845,3.000000,1.123257,3.000000,3.000000,7.000000,7.000000,10.000000,11.000000,0.017302,0.004662,0.181739,0.485918,calls/second,milliseconds
1779801542,8,11.000000,3.251845,3.000000,1.123257,3.000000,3.000000,7.000000,7.000000,10.000000,11.000000,0.017264,0.004662,0.181739,0.485918,calls/second,milliseconds
1779801543,8,11.000000,3.251845,3.000000,1.123257,3.000000,3.000000,7.000000,7.000000,10.000000,11.000000,0.017227,0.004662,0.181739,0.485918,calls/second,milliseconds
1779801544,8,11.000000,3.251845,3.000000,1.123257,3.000000,3.000000,7.000000,7.000000,10.000000,11.000000,0.017190,0.004289,0.178735,0.483226,calls/second,milliseconds
1779801545,8,11.000000,3.251845,3.000000,1.123257,3.000000,3.000000,7.000000,7.000000,10.000000,11.000000,0.017153,0.004289,0.178735,0.483226,calls/second,milliseconds
1779801546,8,11.000000,3.251845,3.000000,1.123257,3.000000,3.000000,7.000000,7.000000,10.000000,11.000000,0.017116,0.004289,0.178735,0.483226,calls/second,milliseconds
1779801547,8,11.000000,3.251845,3.000000,1.123257,3.000000,3.000000,7.000000,7.000000,10.000000,11.000000,0.017080,0.004289,0.178735,0.483226,calls/second,milliseconds
1779801548,8,11.000000,3.251845,3.000000,1.123257,3.000000,3.000000,7.000000,7.000000,10.000000,11.000000,0.017043,0.004289,0.178735,0.483226,calls/second,milliseconds
1779801549,8,11.000000,3.251845,3.000000,1.123257,3.000000,3.000000,7.000000,7.000000,10.000000,11.000000,0.017007,0.003946,0.175781,0.480549,calls/second,milliseconds
1779801550,9,11.000000,3.052325,3.000000,0.522091,3.000000,3.000000,3.000000,3.000000,7.000000,11.000000,0.019092,0.003946,0.175781,0.480549,calls/second,milliseconds
1779801551,9,11.000000,3.052325,3.000000,0.522091,3.000000,3.000000,3.000000,3.000000,7.000000,11.000000,0.019052,0.003946,0.175781,0.480549,calls/second,milliseconds
1779801552,9,11.000000,3.052325,3.000000,0.522091,3.000000,3.000000,3.000000,3.000000,7.000000,11.000000,0.019011,0.003946,0.175781,0.480549,calls/second,milliseconds
1779801553,9,11.000000,3.052325,3.000000,0.522091,3.000000,3.000000,3.000000,3.000000,7.000000,11.000000,0.018971,0.003946,0.175781,0.480549,calls/second,milliseconds
1779801554,9,11.000000,3.052325,3.000000,0.522091,3.000000,3.000000,3.000000,3.000000,7.000000,11.000000,0.018931,0.019622,0.176181,0.478995,calls/second,milliseconds
1779801555,9,11.000000,3.052325,3.000000,0.522091,3.000000,3.000000,3.000000,3.000000,7.000000,11.000000,0.018891,0.019622,0.176181,0.478995,calls/second,milliseconds
1779801556,9,11.000000,3.052325,3.000000,0.522091,3.000000,3.000000,3.000000,3.000000,7.000000,11.000000,0.018852,0.019622,0.176181,0.478995,calls/second,milliseconds
1779801557,9,11.000000,3.052325,3.000000,0.522091,3.000000,3.000000,3.000000,3.000000,7.000000,11.000000,0.018812,0.019622,0.176181,0.478995,calls/second,milliseconds
1779801558,9,11.000000,3.052325,3.000000,0.522091,3.000000,3.000000,3.000000,3.000000,7.000000,11.000000,0.018773,0.019622,0.176181,0.478995,calls/second,milliseconds
1779801559,9,11.000000,3.052325,3.000000,0.522091,3.000000,3.000000,3.000000,3.000000,7.000000,11.000000,0.018734,0.018053,0.173269,0.476341,calls/second,milliseconds
1779801560,9,11.000000,3.052325,3.000000,0.522091,3.000000,3.000000,3.000000,3.000000,7.000000,11.000000,0.018695,0.018053,0.173269,0.476341,calls/second,milliseconds
1779801561,9,11.000000,3.052325,3.000000,0.522091,3.000000,3.000000,3.000000,3.000000,7.000000,11.000000,0.018656,0.018053,0.173269,0.476341,calls/second,milliseconds
1779801562,9,11.000000,3.052325,3.000000,0.522091,3.000000,3.000000,3.000000,3.000000,7.000000,11.000000,0.018617,0.018053,0.173269,0.476341,calls/second,milliseconds
1779801563,9,11.000000,3.052325,3.000000,0.522091,3.000000,3.000000,3.000000,3.000000,7.000000,11.000000,0.018579,0.018053,0.173269,0.476341,calls/second,milliseconds
1779801564,9,11.000000,3.052325,3.000000,0.522091,3.000000,3.000000,3.000000,3.000000,7.000000,11.000000,0.018541,0.016610,0.170405,0.473702,calls/second,milliseconds
1779801565,9,11.000000,3.052325,3.000000,0.522091,3.000000,3.000000,3.000000,3.000000,7.000000,11.000000,0.018502,0.016610,0.170405,0.473702,calls/second,milliseconds
1779801566,9,11.000000,3.052325,3.000000,0.522091,3.000000,3.000000,3.000000,3.000000,7.000000,11.000000,0.018464,0.016610,0.170405,0.473702,calls/second,milliseconds
1779801567,9,11.000000,3.052325,3.000000,0.522091,3.000000,3.000000,3.000000,3.000000,7.000000,11.000000,0.018427,0.016610,0.170405,0.473702,calls/second,milliseconds
1779801568,9,11.000000,3.052325,3.000000,0.522091,3.000000,3.000000,3.000000,3.000000,7.000000,11.000000,0.018389,0.016610,0.170405,0.473702,calls/second,milliseconds
1779801570,9,11.000000,3.052325,3.000000,0.522091,3.000000,3.000000,3.000000,3.000000,7.000000,11.000000,0.018351,0.015282,0.167588,0.471078,calls/second,milliseconds
1779801571,9,11.000000,3.052325,3.000000,0.522091,3.000000,3.000000,3.000000,3.000000,7.000000,11.000000,0.018314,0.015282,0.167588,0.471078,calls/second,milliseconds
1779801572,9,11.000000,3.052325,3.000000,0.522091,3.000000,3.000000,3.000000,3.000000,7.000000,11.000000,0.018277,0.015282,0.167588,0.471078,calls/second,milliseconds
1779801573,9,11.000000,3.052325,3.000000,0.522091,3.000000,3.000000,3.000000,3.000000,7.000000,11.000000,0.018239,0.015282,0.167588,0.471078,calls/second,milliseconds
1779801574,9,11.000000,3.052325,3.000000,0.522091,3.000000,3.000000,3.000000,3.000000,7.000000,11.000000,0.018203,0.015282,0.167588,0.471078,calls/second,milliseconds
1779801575,9,11.000000,3.052325,3.000000,0.522091,3.000000,3.000000,3.000000,3.000000,7.000000,11.000000,0.018166,0.014060,0.164818,0.468468,calls/second,milliseconds
1779801576,9,11.000000,3.052325,3.000000,0.522091,3.000000,3.000000,3.000000,3.000000,7.000000,11.000000,0.018129,0.014060,0.164818,0.468468,calls/second,milliseconds
1779801577,9,11.000000,3.052325,3.000000,0.522091,3.000000,3.000000,3.000000,3.000000,7.000000,11.000000,0.018093,0.014060,0.164818,0.468468,calls/second,milliseconds
1779801578,9,11.000000,3.052325,3.000000,0.522091,3.000000,3.000000,3.000000,3.000000,7.000000,11.000000,0.018056,0.014060,0.164818,0.468468,calls/second,milliseconds
1779801579,9,11.000000,3.052325,3.000000,0.522091,3.000000,3.000000,3.000000,3.000000,7.000000,11.000000,0.018020,0.014060,0.164818,0.468468,calls/second,milliseconds
1779801580,9,11.000000,3.052325,3.000000,0.522091,3.000000,3.000000,3.000000,3.000000,7.000000,11.000000,0.017984,0.012936,0.162094,0.465872,calls/second,milliseconds
1779801581,9,11.000000,3.052325,3.000000,0.522091,3.000000,3.000000,3.000000,3.000000,7.000000,11.000000,0.017948,0.012936,0.162094,0.465872,calls/second,milliseconds
1779801582,9,11.000000,3.052325,3.000000,0.522091,3.000000,3.000000,3.000000,3.000000,7.000000,11.000000,0.017912,0.012936,0.162094,0.465872,calls/second,milliseconds
1779801583,9,11.000000,3.052325,3.000000,0.522091,3.000000,3.000000,3.000000,3.000000,7.000000,11.000000,0.017877,0.012936,0.162094,0.465872,calls/second,milliseconds
1779801584,9,11.000000,3.052325,3.000000,0.522091,3.000000,3.000000,3.000000,3.000000,7.000000,11.000000,0.017841,0.012936,0.162094,0.465872,calls/second,milliseconds
1779801585,9,11.000000,3.052325,3.000000,0.522091,3.000000,3.000000,3.000000,3.000000,7.000000,11.000000,0.017806,0.011901,0.159415,0.463291,calls/second,milliseconds
1779801586,9,11.000000,3.052325,3.000000,0.522091,3.000000,3.000000,3.000000,3.000000,7.000000,11.000000,0.017771,0.011901,0.159415,0.463291,calls/second,milliseconds
1779801587,9,11.000000,3.052325,3.000000,0.522091,3.000000,3.000000,3.000000,3.000000,7.000000,11.000000,0.017736,0.011901,0.159415,0.463291,calls/second,milliseconds
1779801588,9,11.000000,3.052325,3.000000,0.522091,3.000000,3.000000,3.000000,3.000000,7.000000,11.000000,0.017701,0.011901,0.159415,0.463291,calls/second,milliseconds
1779801589,9,11.000000,3.052325,3.000000,0.522091,3.000000,3.000000,3.000000,3.000000,7.000000,11.000000,0.017666,0.011901,0.159415,0.463291,calls/second,milliseconds
1779801590,9,11.000000,3.052325,3.000000,0.522091,3.000000,3.000000,3.000000,3.000000,7.000000,11.000000,0.017631,0.010950,0.156780,0.460725,calls/second,milliseconds
1779801591,9,11.000000,3.052325,3.000000,0.522091,3.000000,3.000000,3.000000,3.000000,7.000000,11.000000,0.017597,0.010950,0.156780,0.460725,calls/second,milliseconds
1779801592,9,11.000000,3.052325,3.000000,0.522091,3.000000,3.000000,3.000000,3.000000,7.000000,11.000000,0.017562,0.010950,0.156780,0.460725,calls/second,milliseconds
1779801593,9,11.000000,3.052325,3.000000,0.522091,3.000000,3.000000,3.000000,3.000000,7.000000,11.000000,0.017528,0.010950,0.156780,0.460725,calls/second,milliseconds
1779801594,9,11.000000,3.052325,3.000000,0.522091,3.000000,3.000000,3.000000,3.000000,7.000000,11.000000,0.017494,0.010950,0.156780,0.460725,calls/second,milliseconds
1779801595,9,11.000000,3.052325,3.000000,0.522091,3.000000,3.000000,3.000000,3.000000,7.000000,11.000000,0.017460,0.010074,0.154189,0.458172,calls/second,milliseconds
1779801596,9,11.000000,3.052325,3.000000,0.522091,3.000000,3.000000,3.000000,3.000000,7.000000,11.000000,0.017426,0.010074,0.154189,0.458172,calls/second,milliseconds
1779801597,9,11.000000,3.052325,3.000000,0.522091,3.000000,3.000000,3.000000,3.000000,7.000000,11.000000,0.017392,0.010074,0.154189,0.458172,calls/second,milliseconds
1779801598,9,11.000000,3.052325,3.000000,0.522091,3.000000,3.000000,3.000000,3.000000,7.000000,11.000000,0.017359,0.010074,0.154189,0.458172,calls/second,milliseconds
1779801599,9,11.000000,3.052325,3.000000,0.522091,3.000000,3.000000,3.000000,3.000000,7.000000,11.000000,0.017325,0.010074,0.154189,0.458172,calls/second,milliseconds
1779801600,9,11.000000,3.052325,3.000000,0.522091,3.000000,3.000000,3.000000,3.000000,7.000000,11.000000,0.017292,0.009269,0.151640,0.455634,calls/second,milliseconds
1779801601,9,11.000000,3.052325,3.000000,0.522091,3.000000,3.000000,3.000000,3.000000,7.000000,11.000000,0.017259,0.009269,0.151640,0.455634,calls/second,milliseconds
1779801602,9,11.000000,3.052325,3.000000,0.522091,3.000000,3.000000,3.000000,3.000000,7.000000,11.000000,0.017226,0.009269,0.151640,0.455634,calls/second,milliseconds
1779801603,9,11.000000,3.052325,3.000000,0.522091,3.000000,3.000000,3.000000,3.000000,7.000000,11.000000,0.017193,0.009269,0.151640,0.455634,calls/second,milliseconds
1779801604,9,11.000000,3.052325,3.000000,0.522091,3.000000,3.000000,3.000000,3.000000,7.000000,11.000000,0.017160,0.009269,0.151640,0.455634,calls/second,milliseconds
1779801605,9,11.000000,3.052325,3.000000,0.522091,3.000000,3.000000,3.000000,3.000000,7.000000,11.000000,0.017127,0.008528,0.149134,0.453110,calls/second,milliseconds
1779801606,9,11.000000,3.052325,3.000000,0.522091,3.000000,3.000000,3.000000,3.000000,7.000000,11.000000,0.017095,0.008528,0.149134,0.453110,calls/second,milliseconds
1779801607,9,11.000000,3.052325,3.000000,0.522091,3.000000,3.000000,3.000000,3.000000,7.000000,11.000000,0.017062,0.008528,0.149134,0.453110,calls/second,milliseconds
1779801608,9,11.000000,3.052325,3.000000,0.522091,3.000000,3.000000,3.000000,3.000000,7.000000,11.000000,0.017030,0.008528,0.149134,0.453110,calls/second,milliseconds
1779801609,9,11.000000,3.052325,3.000000,0.522091,3.000000,3.000000,3.000000,3.000000,7.000000,11.000000,0.016998,0.008528,0.149134,0.453110,calls/second,milliseconds
1779801610,9,11.000000,3.052325,3.000000,0.522091,3.000000,3.000000,3.000000,3.000000,7.000000,11.000000,0.016965,0.007846,0.146669,0.450599,calls/second,milliseconds
1779801611,9,11.000000,3.052325,3.000000,0.522091,3.000000,3.000000,3.000000,3.000000,7.000000,11.000000,0.016933,0.007846,0.146669,0.450599,calls/second,milliseconds
1779801612,9,11.000000,3.052325,3.000000,0.522091,3.000000,3.000000,3.000000,3.000000,7.000000,11.000000,0.016902,0.007846,0.146669,0.450599,calls/second,milliseconds
1779801613,9,11.000000,3.052325,3.000000,0.522091,3.000000,3.000000,3.000000,3.000000,7.000000,11.000000,0.016870,0.007846,0.146669,0.450599,calls/second,milliseconds
1779801614,9,11.000000,3.052325,3.000000,0.522091,3.000000,3.000000,3.000000,3.000000,7.000000,11.000000,0.016838,0.007846,0.146669,0.450599,calls/second,milliseconds
1779801615,9,11.000000,3.052325,3.000000,0.522091,3.000000,3.000000,3.000000,3.000000,7.000000,11.000000,0.016807,0.007218,0.144245,0.448103,calls/second,milliseconds
1779801616,9,11.000000,3.052325,3.000000,0.522091,3.000000,3.000000,3.000000,3.000000,7.000000,11.000000,0.016775,0.007218,0.144245,0.448103,calls/second,milliseconds
1779801617,9,11.000000,3.052325,3.000000,0.522091,3.000000,3.000000,3.000000,3.000000,7.000000,11.000000,0.016744,0.007218,0.144245,0.448103,calls/second,milliseconds
1779801618,9,11.000000,3.052325,3.000000,0.522091,3.000000,3.000000,3.000000,3.000000,7.000000,11.000000,0.016713,0.007218,0.144245,0.448103,calls/second,milliseconds
1779801619,9,11.000000,3.052325,3.000000,0.522091,3.000000,3.000000,3.000000,3.000000,7.000000,11.000000,0.016682,0.007218,0.144245,0.448103,calls/second,milliseconds
1779801620,9,11.000000,3.052325,3.000000,0.522091,3.000000,3.000000,3.000000,3.000000,7.000000,11.000000,0.016651,0.006641,0.141861,0.445620,calls/second,milliseconds
1779801621,9,11.000000,3.052325,3.000000,0.522091,3.000000,3.000000,3.000000,3.000000,7.000000,11.000000,0.016620,0.006641,0.141861,0.445620,calls/second,milliseconds
1779801622,9,11.000000,3.052325,3.000000,0.522091,3.000000,3.000000,3.000000,3.000000,7.000000,11.000000,0.016590,0.006641,0.141861,0.445620,calls/second,milliseconds
1779801623,9,11.000000,3.052325,3.000000,0.522091,3.000000,3.000000,3.000000,3.000000,7.000000,11.000000,0.016559,0.006641,0.141861,0.445620,calls/second,milliseconds
1779801624,9,11.000000,3.052325,3.000000,0.522091,3.000000,3.000000,3.000000,3.000000,7.000000,11.000000,0.016529,0.006641,0.141861,0.445620,calls/second,milliseconds
1779801625,9,11.000000,3.052325,3.000000,0.522091,3.000000,3.000000,3.000000,3.000000,7.000000,11.000000,0.016498,0.006110,0.139516,0.443152,calls/second,milliseconds
1779801626,9,11.000000,3.052325,3.000000,0.522091,3.000000,3.000000,3.000000,3.000000,7.000000,11.000000,0.016468,0.006110,0.139516,0.443152,calls/second,milliseconds
1779801627,9,11.000000,3.052325,3.000000,0.522091,3.000000,3.000000,3.000000,3.000000,7.000000,11.000000,0.016438,0.006110,0.139516,0.443152,calls/second,milliseconds
1779801628,9,11.000000,3.052325,3.000000,0.522091,3.000000,3.000000,3.000000,3.000000,7.000000,11.000000,0.016408,0.006110,0.139516,0.443152,calls/second,milliseconds
1779801629,9,11.000000,3.052325,3.000000,0.522091,3.000000,3.000000,3.000000,3.000000,7.000000,11.000000,0.016378,0.006110,0.139516,0.443152,calls/second,milliseconds
1779801630,9,11.000000,3.052325,3.000000,0.522091,3.000000,3.000000,3.000000,3.000000,7.000000,11.000000,0.016348,0.005622,0.137210,0.440696,calls/second,milliseconds
1779801631,9,11.000000,3.052325,3.000000,0.522091,3.000000,3.000000,3.000000,3.000000,7.000000,11.000000,0.016318,0.005622,0.137210,0.440696,calls/second,milliseconds
1779801632,9,11.000000,3.052325,3.000000,0.522091,3.000000,3.000000,3.000000,3.000000,7.000000,11.000000,0.016289,0.005622,0.137210,0.440696,calls/second,milliseconds
1779801633,9,11.000000,3.052325,3.000000,0.522091,3.000000,3.000000,3.000000,3.000000,7.000000,11.000000,0.016259,0.005622,0.137210,0.440696,calls/second,milliseconds
1779801634,9,11.000000,3.052325,3.000000,0.522091,3.000000,3.000000,3.000000,3.000000,7.000000,11.000000,0.016230,0.005622,0.137210,0.440696,calls/second,milliseconds
1779801635,9,11.000000,3.052325,3.000000,0.522091,3.000000,3.000000,3.000000,3.000000,7.000000,11.000000,0.016201,0.005172,0.134942,0.438255,calls/second,milliseconds
1779801636,9,11.000000,3.052325,3.000000,0.522091,3.000000,3.000000,3.000000,3.000000,7.000000,11.000000,0.016172,0.005172,0.134942,0.438255,calls/second,milliseconds
1779801637,9,11.000000,3.052325,3.000000,0.522091,3.000000,3.000000,3.000000,3.000000,7.000000,11.000000,0.016143,0.005172,0.134942,0.438255,calls/second,milliseconds
1779801638,9,11.000000,3.052325,3.000000,0.522091,3.000000,3.000000,3.000000,3.000000,7.000000,11.000000,0.016114,0.005172,0.134942,0.438255,calls/second,milliseconds
1779801639,9,11.000000,3.052325,3.000000,0.522091,3.000000,3.000000,3.000000,3.000000,7.000000,11.000000,0.016085,0.005172,0.134942,0.438255,calls/second,milliseconds
1779801640,9,11.000000,3.052325,3.000000,0.522091,3.000000,3.000000,3.000000,3.000000,7.000000,11.000000,0.016056,0.004759,0.132712,0.435827,calls/second,milliseconds
1779801641,9,11.000000,3.052325,3.000000,0.522091,3.000000,3.000000,3.000000,3.000000,7.000000,11.000000,0.016027,0.004759,0.132712,0.435827,calls/second,milliseconds
1779801642,9,11.000000,3.052325,3.000000,0.522091,3.000000,3.000000,3.000000,3.000000,7.000000,11.000000,0.015999,0.004759,0.132712,0.435827,calls/second,milliseconds
1779801643,9,11.000000,3.052325,3.000000,0.522091,3.000000,3.000000,3.000000,3.000000,7.000000,11.000000,0.015970,0.004759,0.132712,0.435827,calls/second,milliseconds
1779801644,9,11.000000,3.052325,3.000000,0.522091,3.000000,3.000000,3.000000,3.000000,7.000000,11.000000,0.015942,0.004759,0.132712,0.435827,calls/second,milliseconds
1779801645,9,11.000000,3.052325,3.000000,0.522091,3.000000,3.000000,3.000000,3.000000,7.000000,11.000000,0.015914,0.004378,0.130518,0.433412,calls/second,milliseconds
1779801646,9,11.000000,3.052325,3.000000,0.522091,3.000000,3.000000,3.000000,3.000000,7.000000,11.000000,0.015886,0.004378,0.130518,0.433412,calls/second,milliseconds
1779801647,9,11.000000,3.052325,3.000000,0.522091,3.000000,3.000000,3.000000,3.000000,7.000000,11.000000,0.015858,0.004378,0.130518,0.433412,calls/second,milliseconds
1779801648,9,11.000000,3.052325,3.000000,0.522091,3.000000,3.000000,3.000000,3.000000,7.000000,11.000000,0.015830,0.004378,0.130518,0.433412,calls/second,milliseconds
1779801649,9,11.000000,3.052325,3.000000,0.522091,3.000000,3.000000,3.000000,3.000000,7.000000,11.000000,0.015802,0.004378,0.130518,0.433412,calls/second,milliseconds
1779801650,9,11.000000,3.052325,3.000000,0.522091,3.000000,3.000000,3.000000,3.000000,7.000000,11.000000,0.015774,0.004028,0.128361,0.431011,calls/second,milliseconds
1779801651,9,11.000000,3.052325,3.000000,0.522091,3.000000,3.000000,3.000000,3.000000,7.000000,11.000000,0.015747,0.004028,0.128361,0.431011,calls/second,milliseconds
1779801652,9,11.000000,3.052325,3.000000,0.522091,3.000000,3.000000,3.000000,3.000000,7.000000,11.000000,0.015719,0.004028,0.128361,0.431011,calls/second,milliseconds
1779801653,9,11.000000,3.052325,3.000000,0.522091,3.000000,3.000000,3.000000,3.000000,7.000000,11.000000,0.015692,0.004028,0.128361,0.431011,calls/second,milliseconds
1779801654,9,11.000000,3.052325,3.000000,0.522091,3.000000,3.000000,3.000000,3.000000,7.000000,11.000000,0.015664,0.004028,0.128361,0.431011,calls/second,milliseconds
1779801655,10,11.000000,3.803675,3.000000,0.451638,4.000000,4.000000,4.000000,4.000000,4.000000,7.000000,0.017374,0.019697,0.129545,0.429731,calls/second,milliseconds
1779801656,10,11.000000,3.803675,3.000000,0.451638,4.000000,4.000000,4.000000,4.000000,4.000000,7.000000,0.017344,0.019697,0.129545,0.429731,calls/second,milliseconds
1779801657,10,11.000000,3.803675,3.000000,0.451638,4.000000,4.000000,4.000000,4.000000,4.000000,7.000000,0.017314,0.019697,0.129545,0.429731,calls/second,milliseconds
1779801658,10,11.000000,3.803675,3.000000,0.451638,4.000000,4.000000,4.000000,4.000000,4.000000,7.000000,0.017284,0.019697,0.129545,0.429731,calls/second,milliseconds
1779801659,10,11.000000,3.803675,3.000000,0.451638,4.000000,4.000000,4.000000,4.000000,4.000000,7.000000,0.017254,0.019697,0.129545,0.429731,calls/second,milliseconds
1779801660,10,11.000000,3.803675,3.000000,0.451638,4.000000,4.000000,4.000000,4.000000,4.000000,7.000000,0.017224,0.018122,0.127404,0.427351,calls/second,milliseconds
1779801661,10,11.000000,3.803675,3.000000,0.451638,4.000000,4.000000,4.000000,4.000000,4.000000,7.000000,0.017195,0.018122,0.127404,0.427351,calls/second,milliseconds
1779801662,10,11.000000,3.803675,3.000000,0.451638,4.000000,4.000000,4.000000,4.000000,4.000000,7.000000,0.017165,0.018122,0.127404,0.427351,calls/second,milliseconds
1779801663,10,11.000000,3.803675,3.000000,0.451638,4.000000,4.000000,4.000000,4.000000,4.000000,7.000000,0.017136,0.018122,0.127404,0.427351,calls/second,milliseconds
1779801664,10,11.000000,3.803675,3.000000,0.451638,4.000000,4.000000,4.000000,4.000000,4.000000,7.000000,0.017106,0.018122,0.127404,0.427351,calls/second,milliseconds
1779801665,10,11.000000,3.803675,3.000000,0.451638,4.000000,4.000000,4.000000,4.000000,4.000000,7.000000,0.017077,0.016673,0.125298,0.424983,calls/second,milliseconds
1779801666,10,11.000000,3.803675,3.000000,0.451638,4.000000,4.000000,4.000000,4.000000,4.000000,7.000000,0.017048,0.016673,0.125298,0.424983,calls/second,milliseconds
1779801667,10,11.000000,3.803675,3.000000,0.451638,4.000000,4.000000,4.000000,4.000000,4.000000,7.000000,0.017019,0.016673,0.125298,0.424983,calls/second,milliseconds
1779801668,10,11.000000,3.803675,3.000000,0.451638,4.000000,4.000000,4.000000,4.000000,4.000000,7.000000,0.016990,0.016673,0.125298,0.424983,calls/second,milliseconds
1779801669,10,11.000000,3.803675,3.000000,0.451638,4.000000,4.000000,4.000000,4.000000,4.000000,7.000000,0.016961,0.016673,0.125298,0.424983,calls/second,milliseconds
1779801670,10,11.000000,3.803675,3.000000,0.451638,4.000000,4.000000,4.000000,4.000000,4.000000,7.000000,0.016932,0.015340,0.123227,0.422629,calls/second,milliseconds
1779801671,10,11.000000,3.803675,3.000000,0.451638,4.000000,4.000000,4.000000,4.000000,4.000000,7.000000,0.016904,0.015340,0.123227,0.422629,calls/second,milliseconds
1779801672,10,11.000000,3.803675,3.000000,0.451638,4.000000,4.000000,4.000000,4.000000,4.000000,7.000000,0.016875,0.015340,0.123227,0.422629,calls/second,milliseconds
1779801673,10,11.000000,3.803675,3.000000,0.451638,4.000000,4.000000,4.000000,4.000000,4.000000,7.000000,0.016847,0.015340,0.123227,0.422629,calls/second,milliseconds
1779801674,10,11.000000,3.803675,3.000000,0.451638,4.000000,4.000000,4.000000,4.000000,4.000000,7.000000,0.016818,0.015340,0.123227,0.422629,calls/second,milliseconds
1779801675,10,11.000000,3.803675,3.000000,0.451638,4.000000,4.000000,4.000000,4.000000,4.000000,7.000000,0.016790,0.014114,0.121190,0.420287,calls/second,milliseconds
1779801676,10,11.000000,3.803675,3.000000,0.451638,4.000000,4.000000,4.000000,4.000000,4.000000,7.000000,0.016762,0.014114,0.121190,0.420287,calls/second,milliseconds
1779801677,10,11.000000,3.803675,3.000000,0.451638,4.000000,4.000000,4.000000,4.000000,4.000000,7.000000,0.016734,0.014114,0.121190,0.420287,calls/second,milliseconds
1779801678,10,11.000000,3.803675,3.000000,0.451638,4.000000,4.000000,4.000000,4.000000,4.000000,7.000000,0.016706,0.014114,0.121190,0.420287,calls/second,milliseconds
1779801679,10,11.000000,3.803675,3.000000,0.451638,4.000000,4.000000,4.000000,4.000000,4.000000,7.000000,0.016678,0.014114,0.121190,0.420287,calls/second,milliseconds
1779801680,10,11.000000,3.803675,3.000000,0.451638,4.000000,4.000000,4.000000,4.000000,4.000000,7.000000,0.016650,0.012985,0.119187,0.417959,calls/second,milliseconds
1779801681,10,11.000000,3.803675,3.000000,0.451638,4.000000,4.000000,4.000000,4.000000,4.000000,7.000000,0.016622,0.012985,0.119187,0.417959,calls/second,milliseconds
1779801682,10,11.000000,3.803675,3.000000,0.451638,4.000000,4.000000,4.000000,4.000000,4.000000,7.000000,0.016595,0.012985,0.119187,0.417959,calls/second,milliseconds
1779801683,10,11.000000,3.803675,3.000000,0.451638,4.000000,4.000000,4.000000,4.000000,4.000000,7.000000,0.016567,0.012985,0.119187,0.417959,calls/second,milliseconds
1779801684,10,11.000000,3.803675,3.000000,0.451638,4.000000,4.000000,4.000000,4.000000,4.000000,7.000000,0.016540,0.012985,0.119187,0.417959,calls/second,milliseconds
1779801685,10,11.000000,3.803675,3.000000,0.451638,4.000000,4.000000,4.000000,4.000000,4.000000,7.000000,0.016512,0.011947,0.117217,0.415643,calls/second,milliseconds
1779801686,10,11.000000,3.803675,3.000000,0.451638,4.000000,4.000000,4.000000,4.000000,4.000000,7.000000,0.016485,0.011947,0.117217,0.415643,calls/second,milliseconds
1779801687,10,11.000000,3.803675,3.000000,0.451638,4.000000,4.000000,4.000000,4.000000,4.000000,7.000000,0.016458,0.011947,0.117217,0.415643,calls/second,milliseconds
1779801688,10,11.000000,3.803675,3.000000,0.451638,4.000000,4.000000,4.000000,4.000000,4.000000,7.000000,0.016431,0.011947,0.117217,0.415643,calls/second,milliseconds
1779801689,10,11.000000,3.803675,3.000000,0.451638,4.000000,4.000000,4.000000,4.000000,4.000000,7.000000,0.016404,0.011947,0.117217,0.415643,calls/second,milliseconds
1779801690,10,11.000000,3.803675,3.000000,0.451638,4.000000,4.000000,4.000000,4.000000,4.000000,7.000000,0.016377,0.010992,0.115280,0.413340,calls/second,milliseconds
1779801691,10,11.000000,3.803675,3.000000,0.451638,4.000000,4.000000,4.000000,4.000000,4.000000,7.000000,0.016350,0.010992,0.115280,0.413340,calls/second,milliseconds
1779801692,10,11.000000,3.803675,3.000000,0.451638,4.000000,4.000000,4.000000,4.000000,4.000000,7.000000,0.016323,0.010992,0.115280,0.413340,calls/second,milliseconds
1779801693,10,11.000000,3.803675,3.000000,0.451638,4.000000,4.000000,4.000000,4.000000,4.000000,7.000000,0.016297,0.010992,0.115280,0.413340,calls/second,milliseconds
1779801694,10,11.000000,3.803675,3.000000,0.451638,4.000000,4.000000,4.000000,4.000000,4.000000,7.000000,0.016270,0.010992,0.115280,0.413340,calls/second,milliseconds
1779801695,10,11.000000,3.803675,3.000000,0.451638,4.000000,4.000000,4.000000,4.000000,4.000000,7.000000,0.016244,0.010113,0.113374,0.411050,calls/second,milliseconds
1779801696,10,11.000000,3.803675,3.000000,0.451638,4.000000,4.000000,4.000000,4.000000,4.000000,7.000000,0.016217,0.010113,0.113374,0.411050,calls/second,milliseconds
1779801697,10,11.000000,3.803675,3.000000,0.451638,4.000000,4.000000,4.000000,4.000000,4.000000,7.000000,0.016191,0.010113,0.113374,0.411050,calls/second,milliseconds
1779801698,10,11.000000,3.803675,3.000000,0.451638,4.000000,4.000000,4.000000,4.000000,4.000000,7.000000,0.016165,0.010113,0.113374,0.411050,calls/second,milliseconds
1779801699,10,11.000000,3.803675,3.000000,0.451638,4.000000,4.000000,4.000000,4.000000,4.000000,7.000000,0.016139,0.010113,0.113374,0.411050,calls/second,milliseconds
1779801700,10,11.000000,3.803675,3.000000,0.451638,4.000000,4.000000,4.000000,4.000000,4.000000,7.000000,0.016113,0.009304,0.111500,0.408773,calls/second,milliseconds
1779801701,10,11.000000,3.803675,3.000000,0.451638,4.000000,4.000000,4.000000,4.000000,4.000000,7.000000,0.016087,0.009304,0.111500,0.408773,calls/second,milliseconds
1779801702,10,11.000000,3.803675,3.000000,0.451638,4.000000,4.000000,4.000000,4.000000,4.000000,7.000000,0.016061,0.009304,0.111500,0.408773,calls/second,milliseconds
1779801703,10,11.000000,3.803675,3.000000,0.451638,4.000000,4.000000,4.000000,4.000000,4.000000,7.000000,0.016035,0.009304,0.111500,0.408773,calls/second,milliseconds
1779801704,10,11.000000,3.803675,3.000000,0.451638,4.000000,4.000000,4.000000,4.000000,4.000000,7.000000,0.016009,0.009304,0.111500,0.408773,calls/second,milliseconds
1779801705,10,11.000000,3.803675,3.000000,0.451638,4.000000,4.000000,4.000000,4.000000,4.000000,7.000000,0.015984,0.008560,0.109657,0.406508,calls/second,milliseconds
1779801706,10,11.000000,3.803675,3.000000,0.451638,4.000000,4.000000,4.000000,4.000000,4.000000,7.000000,0.015958,0.008560,0.109657,0.406508,calls/second,milliseconds
1779801707,10,11.000000,3.803675,3.000000,0.451638,4.000000,4.000000,4.000000,4.000000,4.000000,7.000000,0.015933,0.008560,0.109657,0.406508,calls/second,milliseconds
1779801708,10,11.000000,3.803675,3.000000,0.451638,4.000000,4.000000,4.000000,4.000000,4.000000,7.000000,0.015907,0.008560,0.109657,0.406508,calls/second,milliseconds
1779801709,10,11.000000,3.803675,3.000000,0.451638,4.000000,4.000000,4.000000,4.000000,4.000000,7.000000,0.015882,0.008560,0.109657,0.406508,calls/second,milliseconds
1779801710,10,11.000000,3.803675,3.000000,0.451638,4.000000,4.000000,4.000000,4.000000,4.000000,7.000000,0.015857,0.007876,0.107845,0.404256,calls/second,milliseconds
1779801711,10,11.000000,3.803675,3.000000,0.451638,4.000000,4.000000,4.000000,4.000000,4.000000,7.000000,0.015831,0.007876,0.107845,0.404256,calls/second,milliseconds
1779801712,10,11.000000,3.803675,3.000000,0.451638,4.000000,4.000000,4.000000,4.000000,4.000000,7.000000,0.015806,0.007876,0.107845,0.404256,calls/second,milliseconds
1779801713,10,11.000000,3.803675,3.000000,0.451638,4.000000,4.000000,4.000000,4.000000,4.000000,7.000000,0.015781,0.007876,0.107845,0.404256,calls/second,milliseconds
1779801714,10,11.000000,3.803675,3.000000,0.451638,4.000000,4.000000,4.000000,4.000000,4.000000,7.000000,0.015757,0.007876,0.107845,0.404256,calls/second,milliseconds
1779801715,10,11.000000,3.803675,3.000000,0.451638,4.000000,4.000000,4.000000,4.000000,4.000000,7.000000,0.015732,0.007246,0.106062,0.402017,calls/second,milliseconds
1779801716,10,11.000000,3.803675,3.000000,0.451638,4.000000,4.000000,4.000000,4.000000,4.000000,7.000000,0.015707,0.007246,0.106062,0.402017,calls/second,milliseconds
1779801717,10,11.000000,3.803675,3.000000,0.451638,4.000000,4.000000,4.000000,4.000000,4.000000,7.000000,0.015682,0.007246,0.106062,0.402017,calls/second,milliseconds
1779801718,10,11.000000,3.803675,3.000000,0.451638,4.000000,4.000000,4.000000,4.000000,4.000000,7.000000,0.015658,0.007246,0.106062,0.402017,calls/second,milliseconds
1779801719,10,11.000000,3.803675,3.000000,0.451638,4.000000,4.000000,4.000000,4.000000,4.000000,7.000000,0.015633,0.007246,0.106062,0.402017,calls/second,milliseconds
1779801720,10,11.000000,3.803675,3.000000,0.451638,4.000000,4.000000,4.000000,4.000000,4.000000,7.000000,0.015609,0.006667,0.104309,0.399789,calls/second,milliseconds
1779801721,10,11.000000,3.803675,3.000000,0.451638,4.000000,4.000000,4.000000,4.000000,4.000000,7.000000,0.015584,0.006667,0.104309,0.399789,calls/second,milliseconds
1779801722,10,11.000000,3.803675,3.000000,0.451638,4.000000,4.000000,4.000000,4.000000,4.000000,7.000000,0.015560,0.006667,0.104309,0.399789,calls/second,milliseconds
1779801723,10,11.000000,3.803675,3.000000,0.451638,4.000000,4.000000,4.000000,4.000000,4.000000,7.000000,0.015536,0.006667,0.104309,0.399789,calls/second,milliseconds
1779801724,10,11.000000,3.803675,3.000000,0.451638,4.000000,4.000000,4.000000,4.000000,4.000000,7.000000,0.015512,0.006667,0.104309,0.399789,calls/second,milliseconds
1779801725,10,11.000000,3.803675,3.000000,0.451638,4.000000,4.000000,4.000000,4.000000,4.000000,7.000000,0.015488,0.006134,0.102585,0.397575,calls/second,milliseconds
1779801726,10,11.000000,3.803675,3.000000,0.451638,4.000000,4.000000,4.000000,4.000000,4.000000,7.000000,0.015464,0.006134,0.102585,0.397575,calls/second,milliseconds
1779801727,10,11.000000,3.803675,3.000000,0.451638,4.000000,4.000000,4.000000,4.000000,4.000000,7.000000,0.015440,0.006134,0.102585,0.397575,calls/second,milliseconds
1779801728,10,11.000000,3.803675,3.000000,0.451638,4.000000,4.000000,4.000000,4.000000,4.000000,7.000000,0.015416,0.006134,0.102585,0.397575,calls/second,milliseconds
1779801729,10,11.000000,3.803675,3.000000,0.451638,4.000000,4.000000,4.000000,4.000000,4.000000,7.000000,0.015392,0.006134,0.102585,0.397575,calls/second,milliseconds
1779801730,10,11.000000,3.803675,3.000000,0.451638,4.000000,4.000000,4.000000,4.000000,4.000000,7.000000,0.015368,0.005643,0.100890,0.395372,calls/second,milliseconds
1779801731,10,11.000000,3.803675,3.000000,0.451638,4.000000,4.000000,4.000000,4.000000,4.000000,7.000000,0.015345,0.005643,0.100890,0.395372,calls/second,milliseconds
1779801732,10,11.000000,3.803675,3.000000,0.451638,4.000000,4.000000,4.000000,4.000000,4.000000,7.000000,0.015321,0.005643,0.100890,0.395372,calls/second,milliseconds
1779801733,10,11.000000,3.803675,3.000000,0.451638,4.000000,4.000000,4.000000,4.000000,4.000000,7.000000,0.015298,0.005643,0.100890,0.395372,calls/second,milliseconds
1779801734,10,11.000000,3.803675,3.000000,0.451638,4.000000,4.000000,4.000000,4.000000,4.000000,7.000000,0.015274,0.005643,0.100890,0.395372,calls/second,milliseconds
1779801735,10,11.000000,3.803675,3.000000,0.451638,4.000000,4.000000,4.000000,4.000000,4.000000,7.000000,0.015251,0.005192,0.099222,0.393182,calls/second,milliseconds
1779801736,10,11.000000,3.803675,3.000000,0.451638,4.000000,4.000000,4.000000,4.000000,4.000000,7.000000,0.015228,0.005192,0.099222,0.393182,calls/second,milliseconds
1779801737,10,11.000000,3.803675,3.000000,0.451638,4.000000,4.000000,4.000000,4.000000,4.000000,7.000000,0.015205,0.005192,0.099222,0.393182,calls/second,milliseconds
1779801738,10,11.000000,3.803675,3.000000,0.451638,4.000000,4.000000,4.000000,4.000000,4.000000,7.000000,0.015182,0.005192,0.099222,0.393182,calls/second,milliseconds
1779801739,10,11.000000,3.803675,3.000000,0.451638,4.000000,4.000000,4.000000,4.000000,4.000000,7.000000,0.015158,0.005192,0.099222,0.393182,calls/second,milliseconds
1779801740,10,11.000000,3.803675,3.000000,0.451638,4.000000,4.000000,4.000000,4.000000,4.000000,7.000000,0.015135,0.004777,0.097582,0.391003,calls/second,milliseconds
1779801741,10,11.000000,3.803675,3.000000,0.451638,4.000000,4.000000,4.000000,4.000000,4.000000,7.000000,0.015113,0.004777,0.097582,0.391003,calls/second,milliseconds
1779801742,10,11.000000,3.803675,3.000000,0.451638,4.000000,4.000000,4.000000,4.000000,4.000000,7.000000,0.015090,0.004777,0.097582,0.391003,calls/second,milliseconds
1779801743,10,11.000000,3.803675,3.000000,0.451638,4.000000,4.000000,4.000000,4.000000,4.000000,7.000000,0.015067,0.004777,0.097582,0.391003,calls/second,milliseconds
1779801744,10,11.000000,3.803675,3.000000,0.451638,4.000000,4.000000,4.000000,4.000000,4.000000,7.000000,0.015044,0.004777,0.097582,0.391003,calls/second,milliseconds
1779801745,10,11.000000,3.803675,3.000000,0.451638,4.000000,4.000000,4.000000,4.000000,4.000000,7.000000,0.015022,0.004395,0.095969,0.388837,calls/second,milliseconds
1779801746,10,11.000000,3.803675,3.000000,0.451638,4.000000,4.000000,4.000000,4.000000,4.000000,7.000000,0.014999,0.004395,0.095969,0.388837,calls/second,milliseconds
1779801747,10,11.000000,3.803675,3.000000,0.451638,4.000000,4.000000,4.000000,4.000000,4.000000,7.000000,0.014977,0.004395,0.095969,0.388837,calls/second,milliseconds
1779801748,10,11.000000,3.803675,3.000000,0.451638,4.000000,4.000000,4.000000,4.000000,4.000000,7.000000,0.014954,0.004395,0.095969,0.388837,calls/second,milliseconds
1779801749,10,11.000000,3.803675,3.000000,0.451638,4.000000,4.000000,4.000000,4.000000,4.000000,7.000000,0.014932,0.004395,0.095969,0.388837,calls/second,milliseconds
1779801750,10,11.000000,3.803675,3.000000,0.451638,4.000000,4.000000,4.000000,4.000000,4.000000,7.000000,0.014910,0.004044,0.094383,0.386683,calls/second,milliseconds
1779801751,10,11.000000,3.803675,3.000000,0.451638,4.000000,4.000000,4.000000,4.000000,4.000000,7.000000,0.014887,0.004044,0.094383,0.386683,calls/second,milliseconds
1779801752,10,11.000000,3.803675,3.000000,0.451638,4.000000,4.000000,4.000000,4.000000,4.000000,7.000000,0.014865,0.004044,0.094383,0.386683,calls/second,milliseconds
1779801753,10,11.000000,3.803675,3.000000,0.451638,4.000000,4.000000,4.000000,4.000000,4.000000,7.000000,0.014843,0.004044,0.094383,0.386683,calls/second,milliseconds
1779801754,10,11.000000,3.803675,3.000000,0.451638,4.000000,4.000000,4.000000,4.000000,4.000000,7.000000,0.014821,0.004044,0.094383,0.386683,calls/second,milliseconds
1779801755,10,11.000000,3.803675,3.000000,0.451638,4.000000,4.000000,4.000000,4.000000,4.000000,7.000000,0.014799,0.003720,0.092823,0.384541,calls/second,milliseconds
1779801756,11,11.000000,3.957883,3.000000,0.224172,4.000000,4.000000,4.000000,4.000000,4.000000,4.000000,0.016255,0.003720,0.092823,0.384541,calls/second,milliseconds
1779801757,11,11.000000,3.957883,3.000000,0.224172,4.000000,4.000000,4.000000,4.000000,4.000000,4.000000,0.016231,0.003720,0.092823,0.384541,calls/second,milliseconds
1779801758,11,11.000000,3.957883,3.000000,0.224172,4.000000,4.000000,4.000000,4.000000,4.000000,4.000000,0.016207,0.003720,0.092823,0.384541,calls/second,milliseconds
1779801759,11,11.000000,3.957883,3.000000,0.224172,4.000000,4.000000,4.000000,4.000000,4.000000,4.000000,0.016183,0.003720,0.092823,0.384541,calls/second,milliseconds
1779801760,11,11.000000,3.957883,3.000000,0.224172,4.000000,4.000000,4.000000,4.000000,4.000000,4.000000,0.016159,0.019414,0.094594,0.383518,calls/second,milliseconds
1779801761,11,11.000000,3.957883,3.000000,0.224172,4.000000,4.000000,4.000000,4.000000,4.000000,4.000000,0.016135,0.019414,0.094594,0.383518,calls/second,milliseconds
1779801762,11,11.000000,3.957883,3.000000,0.224172,4.000000,4.000000,4.000000,4.000000,4.000000,4.000000,0.016112,0.019414,0.094594,0.383518,calls/second,milliseconds
1779801763,11,11.000000,3.957883,3.000000,0.224172,4.000000,4.000000,4.000000,4.000000,4.000000,4.000000,0.016088,0.019414,0.094594,0.383518,calls/second,milliseconds
1779801764,11,11.000000,3.957883,3.000000,0.224172,4.000000,4.000000,4.000000,4.000000,4.000000,4.000000,0.016065,0.019414,0.094594,0.383518,calls/second,milliseconds
1779801765,11,11.000000,3.957883,3.000000,0.224172,4.000000,4.000000,4.000000,4.000000,4.000000,4.000000,0.016041,0.017862,0.093031,0.381393,calls/second,milliseconds
1779801766,11,11.000000,3.957883,3.000000,0.224172,4.000000,4.000000,4.000000,4.000000,4.000000,4.000000,0.016018,0.017862,0.093031,0.381393,calls/second,milliseconds
1779801767,11,11.000000,3.957883,3.000000,0.224172,4.000000,4.000000,4.000000,4.000000,4.000000,4.000000,0.015994,0.017862,0.093031,0.381393,calls/second,milliseconds
1779801768,11,11.000000,3.957883,3.000000,0.224172,4.000000,4.000000,4.000000,4.000000,4.000000,4.000000,0.015971,0.017862,0.093031,0.381393,calls/second,milliseconds
1779801769,11,11.000000,3.957883,3.000000,0.224172,4.000000,4.000000,4.000000,4.000000,4.000000,4.000000,0.015948,0.017862,0.093031,0.381393,calls/second,milliseconds
1779801770,11,11.000000,3.957883,3.000000,0.224172,4.000000,4.000000,4.000000,4.000000,4.000000,4.000000,0.015925,0.016434,0.091493,0.379280,calls/second,milliseconds
1779801771,11,11.000000,3.957883,3.000000,0.224172,4.000000,4.000000,4.000000,4.000000,4.000000,4.000000,0.015902,0.016434,0.091493,0.379280,calls/second,milliseconds
1779801772,11,11.000000,3.957883,3.000000,0.224172,4.000000,4.000000,4.000000,4.000000,4.000000,4.000000,0.015879,0.016434,0.091493,0.379280,calls/second,milliseconds
1779801773,11,11.000000,3.957883,3.000000,0.224172,4.000000,4.000000,4.000000,4.000000,4.000000,4.000000,0.015856,0.016434,0.091493,0.379280,calls/second,milliseconds
1779801774,11,11.000000,3.957883,3.000000,0.224172,4.000000,4.000000,4.000000,4.000000,4.000000,4.000000,0.015833,0.016434,0.091493,0.379280,calls/second,milliseconds
1779801775,11,11.000000,3.957883,3.000000,0.224172,4.000000,4.000000,4.000000,4.000000,4.000000,4.000000,0.015810,0.015120,0.089981,0.377179,calls/second,milliseconds
1779801776,11,11.000000,3.957883,3.000000,0.224172,4.000000,4.000000,4.000000,4.000000,4.000000,4.000000,0.015787,0.015120,0.089981,0.377179,calls/second,milliseconds
1779801777,11,11.000000,3.957883,3.000000,0.224172,4.000000,4.000000,4.000000,4.000000,4.000000,4.000000,0.015765,0.015120,0.089981,0.377179,calls/second,milliseconds
1779801778,11,11.000000,3.957883,3.000000,0.224172,4.000000,4.000000,4.000000,4.000000,4.000000,4.000000,0.015742,0.015120,0.089981,0.377179,calls/second,milliseconds
1779801779,11,11.000000,3.957883,3.000000,0.224172,4.000000,4.000000,4.000000,4.000000,4.000000,4.000000,0.015720,0.015120,0.089981,0.377179,calls/second,milliseconds
1779801780,11,11.000000,3.957883,3.000000,0.224172,4.000000,4.000000,4.000000,4.000000,4.000000,4.000000,0.015697,0.013911,0.088494,0.375090,calls/second,milliseconds
1779801781,11,11.000000,3.957883,3.000000,0.224172,4.000000,4.000000,4.000000,4.000000,4.000000,4.000000,0.015675,0.013911,0.088494,0.375090,calls/second,milliseconds
1779801782,11,11.000000,3.957883,3.000000,0.224172,4.000000,4.000000,4.000000,4.000000,4.000000,4.000000,0.015652,0.013911,0.088494,0.375090,calls/second,milliseconds
1779801783,11,11.000000,3.957883,3.000000,0.224172,4.000000,4.000000,4.000000,4.000000,4.000000,4.000000,0.015630,0.013911,0.088494,0.375090,calls/second,milliseconds
1779801784,11,11.000000,3.957883,3.000000,0.224172,4.000000,4.000000,4.000000,4.000000,4.000000,4.000000,0.015608,0.013911,0.088494,0.375090,calls/second,milliseconds
1779801785,11,11.000000,3.957883,3.000000,0.224172,4.000000,4.000000,4.000000,4.000000,4.000000,4.000000,0.015586,0.012798,0.087031,0.373011,calls/second,milliseconds
1779801786,11,11.000000,3.957883,3.000000,0.224172,4.000000,4.000000,4.000000,4.000000,4.000000,4.000000,0.015564,0.012798,0.087031,0.373011,calls/second,milliseconds
1779801787,11,11.000000,3.957883,3.000000,0.224172,4.000000,4.000000,4.000000,4.000000,4.000000,4.000000,0.015542,0.012798,0.087031,0.373011,calls/second,milliseconds
1779801788,11,11.000000,3.957883,3.000000,0.224172,4.000000,4.000000,4.000000,4.000000,4.000000,4.000000,0.015520,0.012798,0.087031,0.373011,calls/second,milliseconds
1779801789,11,11.000000,3.957883,3.000000,0.224172,4.000000,4.000000,4.000000,4.000000,4.000000,4.000000,0.015498,0.012798,0.087031,0.373011,calls/second,milliseconds
1779801790,11,11.000000,3.957883,3.000000,0.224172,4.000000,4.000000,4.000000,4.000000,4.000000,4.000000,0.015476,0.011775,0.085593,0.370945,calls/second,milliseconds
1779801791,11,11.000000,3.957883,3.000000,0.224172,4.000000,4.000000,4.000000,4.000000,4.000000,4.000000,0.015454,0.011775,0.085593,0.370945,calls/second,milliseconds
1779801792,11,11.000000,3.957883,3.000000,0.224172,4.000000,4.000000,4.000000,4.000000,4.000000,4.000000,0.015432,0.011775,0.085593,0.370945,calls/second,milliseconds
1779801793,11,11.000000,3.957883,3.000000,0.224172,4.000000,4.000000,4.000000,4.000000,4.000000,4.000000,0.015411,0.011775,0.085593,0.370945,calls/second,milliseconds
1779801794,11,11.000000,3.957883,3.000000,0.224172,4.000000,4.000000,4.000000,4.000000,4.000000,4.000000,0.015389,0.011775,0.085593,0.370945,calls/second,milliseconds
1779801795,11,11.000000,3.957883,3.000000,0.224172,4.000000,4.000000,4.000000,4.000000,4.000000,4.000000,0.015368,0.010834,0.084178,0.368890,calls/second,milliseconds
1779801796,11,11.000000,3.957883,3.000000,0.224172,4.000000,4.000000,4.000000,4.000000,4.000000,4.000000,0.015346,0.010834,0.084178,0.368890,calls/second,milliseconds
1779801797,11,11.000000,3.957883,3.000000,0.224172,4.000000,4.000000,4.000000,4.000000,4.000000,4.000000,0.015325,0.010834,0.084178,0.368890,calls/second,milliseconds
1779801798,11,11.000000,3.957883,3.000000,0.224172,4.000000,4.000000,4.000000,4.000000,4.000000,4.000000,0.015303,0.010834,0.084178,0.368890,calls/second,milliseconds
1779801799,11,11.000000,3.957883,3.000000,0.224172,4.000000,4.000000,4.000000,4.000000,4.000000,4.000000,0.015282,0.010834,0.084178,0.368890,calls/second,milliseconds
1779801800,11,11.000000,3.957883,3.000000,0.224172,4.000000,4.000000,4.000000,4.000000,4.000000,4.000000,0.015261,0.009967,0.082786,0.366846,calls/second,milliseconds
1779801801,11,11.000000,3.957883,3.000000,0.224172,4.000000,4.000000,4.000000,4.000000,4.000000,4.000000,0.015240,0.009967,0.082786,0.366846,calls/second,milliseconds
1779801802,11,11.000000,3.957883,3.000000,0.224172,4.000000,4.000000,4.000000,4.000000,4.000000,4.000000,0.015219,0.009967,0.082786,0.366846,calls/second,milliseconds
1779801803,11,11.000000,3.957883,3.000000,0.224172,4.000000,4.000000,4.000000,4.000000,4.000000,4.000000,0.015198,0.009967,0.082786,0.366846,calls/second,milliseconds
1779801804,11,11.000000,3.957883,3.000000,0.224172,4.000000,4.000000,4.000000,4.000000,4.000000,4.000000,0.015177,0.009967,0.082786,0.366846,calls/second,milliseconds
1779801805,11,11.000000,3.957883,3.000000,0.224172,4.000000,4.000000,4.000000,4.000000,4.000000,4.000000,0.015156,0.009171,0.081418,0.364814,calls/second,milliseconds
1779801806,11,11.000000,3.957883,3.000000,0.224172,4.000000,4.000000,4.000000,4.000000,4.000000,4.000000,0.015135,0.009171,0.081418,0.364814,calls/second,milliseconds
1779801807,11,11.000000,3.957883,3.000000,0.224172,4.000000,4.000000,4.000000,4.000000,4.000000,4.000000,0.015114,0.009171,0.081418,0.364814,calls/second,milliseconds
1779801808,11,11.000000,3.957883,3.000000,0.224172,4.000000,4.000000,4.000000,4.000000,4.000000,4.000000,0.015093,0.009171,0.081418,0.364814,calls/second,milliseconds
1779801809,11,11.000000,3.957883,3.000000,0.224172,4.000000,4.000000,4.000000,4.000000,4.000000,4.000000,0.015072,0.009171,0.081418,0.364814,calls/second,milliseconds
1779801810,11,11.000000,3.957883,3.000000,0.224172,4.000000,4.000000,4.000000,4.000000,4.000000,4.000000,0.015052,0.008437,0.080072,0.362793,calls/second,milliseconds
1779801811,11,11.000000,3.957883,3.000000,0.224172,4.000000,4.000000,4.000000,4.000000,4.000000,4.000000,0.015031,0.008437,0.080072,0.362793,calls/second,milliseconds
1779801812,11,11.000000,3.957883,3.000000,0.224172,4.000000,4.000000,4.000000,4.000000,4.000000,4.000000,0.015011,0.008437,0.080072,0.362793,calls/second,milliseconds
1779801813,11,11.000000,3.957883,3.000000,0.224172,4.000000,4.000000,4.000000,4.000000,4.000000,4.000000,0.014990,0.008437,0.080072,0.362793,calls/second,milliseconds
1779801814,11,11.000000,3.957883,3.000000,0.224172,4.000000,4.000000,4.000000,4.000000,4.000000,4.000000,0.014970,0.008437,0.080072,0.362793,calls/second,milliseconds
1779801815,11,11.000000,3.957883,3.000000,0.224172,4.000000,4.000000,4.000000,4.000000,4.000000,4.000000,0.014949,0.007763,0.078749,0.360783,calls/second,milliseconds
1779801816,11,11.000000,3.957883,3.000000,0.224172,4.000000,4.000000,4.000000,4.000000,4.000000,4.000000,0.014929,0.007763,0.078749,0.360783,calls/second,milliseconds
1779801817,11,11.000000,3.957883,3.000000,0.224172,4.000000,4.000000,4.000000,4.000000,4.000000,4.000000,0.014909,0.007763,0.078749,0.360783,calls/second,milliseconds
1779801818,11,11.000000,3.957883,3.000000,0.224172,4.000000,4.000000,4.000000,4.000000,4.000000,4.000000,0.014889,0.007763,0.078749,0.360783,calls/second,milliseconds
1779801819,11,11.000000,3.957883,3.000000,0.224172,4.000000,4.000000,4.000000,4.000000,4.000000,4.000000,0.014868,0.007763,0.078749,0.360783,calls/second,milliseconds
1779801820,11,11.000000,3.957883,3.000000,0.224172,4.000000,4.000000,4.000000,4.000000,4.000000,4.000000,0.014848,0.007142,0.077447,0.358784,calls/second,milliseconds
1779801821,11,11.000000,3.957883,3.000000,0.224172,4.000000,4.000000,4.000000,4.000000,4.000000,4.000000,0.014828,0.007142,0.077447,0.358784,calls/second,milliseconds
1779801822,11,11.000000,3.957883,3.000000,0.224172,4.000000,4.000000,4.000000,4.000000,4.000000,4.000000,0.014808,0.007142,0.077447,0.358784,calls/second,milliseconds
1779801823,11,11.000000,3.957883,3.000000,0.224172,4.000000,4.000000,4.000000,4.000000,4.000000,4.000000,0.014788,0.007142,0.077447,0.358784,calls/second,milliseconds
1779801824,11,11.000000,3.957883,3.000000,0.224172,4.000000,4.000000,4.000000,4.000000,4.000000,4.000000,0.014768,0.007142,0.077447,0.358784,calls/second,milliseconds
1779801825,11,11.000000,3.957883,3.000000,0.224172,4.000000,4.000000,4.000000,4.000000,4.000000,4.000000,0.014749,0.006571,0.076167,0.356796,calls/second,milliseconds
1779801826,11,11.000000,3.957883,3.000000,0.224172,4.000000,4.000000,4.000000,4.000000,4.000000,4.000000,0.014729,0.006571,0.076167,0.356796,calls/second,milliseconds
1779801827,11,11.000000,3.957883,3.000000,0.224172,4.000000,4.000000,4.000000,4.000000,4.000000,4.000000,0.014709,0.006571,0.076167,0.356796,calls/second,milliseconds
1779801828,11,11.000000,3.957883,3.000000,0.224172,4.000000,4.000000,4.000000,4.000000,4.000000,4.000000,0.014689,0.006571,0.076167,0.356796,calls/second,milliseconds
1779801829,11,11.000000,3.957883,3.000000,0.224172,4.000000,4.000000,4.000000,4.000000,4.000000,4.000000,0.014670,0.006571,0.076167,0.356796,calls/second,milliseconds
1779801830,11,11.000000,3.957883,3.000000,0.224172,4.000000,4.000000,4.000000,4.000000,4.000000,4.000000,0.014650,0.006046,0.074908,0.354820,calls/second,milliseconds
1779801831,11,11.000000,3.957883,3.000000,0.224172,4.000000,4.000000,4.000000,4.000000,4.000000,4.000000,0.014631,0.006046,0.074908,0.354820,calls/second,milliseconds
1779801832,11,11.000000,3.957883,3.000000,0.224172,4.000000,4.000000,4.000000,4.000000,4.000000,4.000000,0.014611,0.006046,0.074908,0.354820,calls/second,milliseconds
1779801833,11,11.000000,3.957883,3.000000,0.224172,4.000000,4.000000,4.000000,4.000000,4.000000,4.000000,0.014592,0.006046,0.074908,0.354820,calls/second,milliseconds
1779801834,11,11.000000,3.957883,3.000000,0.224172,4.000000,4.000000,4.000000,4.000000,4.000000,4.000000,0.014572,0.006046,0.074908,0.354820,calls/second,milliseconds
1779801835,11,11.000000,3.957883,3.000000,0.224172,4.000000,4.000000,4.000000,4.000000,4.000000,4.000000,0.014553,0.005562,0.073670,0.352854,calls/second,milliseconds
1779801836,11,11.000000,3.957883,3.000000,0.224172,4.000000,4.000000,4.000000,4.000000,4.000000,4.000000,0.014534,0.005562,0.073670,0.352854,calls/second,milliseconds
1779801837,11,11.000000,3.957883,3.000000,0.224172,4.000000,4.000000,4.000000,4.000000,4.000000,4.000000,0.014515,0.005562,0.073670,0.352854,calls/second,milliseconds
1779801838,11,11.000000,3.957883,3.000000,0.224172,4.000000,4.000000,4.000000,4.000000,4.000000,4.000000,0.014496,0.005562,0.073670,0.352854,calls/second,milliseconds
1779801839,11,11.000000,3.957883,3.000000,0.224172,4.000000,4.000000,4.000000,4.000000,4.000000,4.000000,0.014476,0.005562,0.073670,0.352854,calls/second,milliseconds
1779801840,11,11.000000,3.957883,3.000000,0.224172,4.000000,4.000000,4.000000,4.000000,4.000000,4.000000,0.014457,0.005117,0.072453,0.350899,calls/second,milliseconds
1779801841,11,11.000000,3.957883,3.000000,0.224172,4.000000,4.000000,4.000000,4.000000,4.000000,4.000000,0.014438,0.005117,0.072453,0.350899,calls/second,milliseconds
1779801842,11,11.000000,3.957883,3.000000,0.224172,4.000000,4.000000,4.000000,4.000000,4.000000,4.000000,0.014419,0.005117,0.072453,0.350899,calls/second,milliseconds
1779801843,11,11.000000,3.957883,3.000000,0.224172,4.000000,4.000000,4.000000,4.000000,4.000000,4.000000,0.014400,0.005117,0.072453,0.350899,calls/second,milliseconds
1779801844,11,11.000000,3.957883,3.000000,0.224172,4.000000,4.000000,4.000000,4.000000,4.000000,4.000000,0.014382,0.005117,0.072453,0.350899,calls/second,milliseconds
1779801845,11,11.000000,3.957883,3.000000,0.224172,4.000000,4.000000,4.000000,4.000000,4.000000,4.000000,0.014363,0.004708,0.071255,0.348955,calls/second,milliseconds
1779801846,11,11.000000,3.957883,3.000000,0.224172,4.000000,4.000000,4.000000,4.000000,4.000000,4.000000,0.014344,0.004708,0.071255,0.348955,calls/second,milliseconds
1779801847,11,11.000000,3.957883,3.000000,0.224172,4.000000,4.000000,4.000000,4.000000,4.000000,4.000000,0.014325,0.004708,0.071255,0.348955,calls/second,milliseconds
1779801848,11,11.000000,3.957883,3.000000,0.224172,4.000000,4.000000,4.000000,4.000000,4.000000,4.000000,0.014307,0.004708,0.071255,0.348955,calls/second,milliseconds
1779801849,11,11.000000,3.957883,3.000000,0.224172,4.000000,4.000000,4.000000,4.000000,4.000000,4.000000,0.014288,0.004708,0.071255,0.348955,calls/second,milliseconds
1779801850,11,11.000000,3.957883,3.000000,0.224172,4.000000,4.000000,4.000000,4.000000,4.000000,4.000000,0.014270,0.004332,0.070077,0.347022,calls/second,milliseconds
1779801851,11,11.000000,3.957883,3.000000,0.224172,4.000000,4.000000,4.000000,4.000000,4.000000,4.000000,0.014251,0.004332,0.070077,0.347022,calls/second,milliseconds
1779801852,11,11.000000,3.957883,3.000000,0.224172,4.000000,4.000000,4.000000,4.000000,4.000000,4.000000,0.014233,0.004332,0.070077,0.347022,calls/second,milliseconds
1779801853,11,11.000000,3.957883,3.000000,0.224172,4.000000,4.000000,4.000000,4.000000,4.000000,4.000000,0.014214,0.004332,0.070077,0.347022,calls/second,milliseconds
1779801854,11,11.000000,3.957883,3.000000,0.224172,4.000000,4.000000,4.000000,4.000000,4.000000,4.000000,0.014196,0.004332,0.070077,0.347022,calls/second,milliseconds
1779801855,11,11.000000,3.957883,3.000000,0.224172,4.000000,4.000000,4.000000,4.000000,4.000000,4.000000,0.014177,0.003985,0.068919,0.345099,calls/second,milliseconds
1779801856,11,11.000000,3.957883,3.000000,0.224172,4.000000,4.000000,4.000000,4.000000,4.000000,4.000000,0.014159,0.003985,0.068919,0.345099,calls/second,milliseconds
1779801857,12,11.000000,3.990683,3.000000,0.106878,4.000000,4.000000,4.000000,4.000000,4.000000,4.000000,0.015426,0.003985,0.068919,0.345099,calls/second,milliseconds
1779801858,12,11.000000,3.990683,3.000000,0.106878,4.000000,4.000000,4.000000,4.000000,4.000000,4.000000,0.015407,0.003985,0.068919,0.345099,calls/second,milliseconds
1779801859,12,11.000000,3.990683,3.000000,0.106878,4.000000,4.000000,4.000000,4.000000,4.000000,4.000000,0.015387,0.003985,0.068919,0.345099,calls/second,milliseconds
1779801860,12,11.000000,3.990683,3.000000,0.106878,4.000000,4.000000,4.000000,4.000000,4.000000,4.000000,0.015367,0.019658,0.071086,0.344295,calls/second,milliseconds
1779801861,12,11.000000,3.990683,3.000000,0.106878,4.000000,4.000000,4.000000,4.000000,4.000000,4.000000,0.015347,0.019658,0.071086,0.344295,calls/second,milliseconds
1779801862,12,11.000000,3.990683,3.000000,0.106878,4.000000,4.000000,4.000000,4.000000,4.000000,4.000000,0.015328,0.019658,0.071086,0.344295,calls/second,milliseconds
1779801863,12,11.000000,3.990683,3.000000,0.106878,4.000000,4.000000,4.000000,4.000000,4.000000,4.000000,0.015308,0.019658,0.071086,0.344295,calls/second,milliseconds
1779801864,12,11.000000,3.990683,3.000000,0.106878,4.000000,4.000000,4.000000,4.000000,4.000000,4.000000,0.015289,0.019658,0.071086,0.344295,calls/second,milliseconds
1779801865,12,11.000000,3.990683,3.000000,0.106878,4.000000,4.000000,4.000000,4.000000,4.000000,4.000000,0.015269,0.018086,0.069911,0.342388,calls/second,milliseconds
1779801866,12,11.000000,3.990683,3.000000,0.106878,4.000000,4.000000,4.000000,4.000000,4.000000,4.000000,0.015250,0.018086,0.069911,0.342388,calls/second,milliseconds
1779801867,12,11.000000,3.990683,3.000000,0.106878,4.000000,4.000000,4.000000,4.000000,4.000000,4.000000,0.015230,0.018086,0.069911,0.342388,calls/second,milliseconds
1779801868,12,11.000000,3.990683,3.000000,0.106878,4.000000,4.000000,4.000000,4.000000,4.000000,4.000000,0.015211,0.018086,0.069911,0.342388,calls/second,milliseconds
1779801869,12,11.000000,3.990683,3.000000,0.106878,4.000000,4.000000,4.000000,4.000000,4.000000,4.000000,0.015192,0.018086,0.069911,0.342388,calls/second,milliseconds
1779801870,12,11.000000,3.990683,3.000000,0.106878,4.000000,4.000000,4.000000,4.000000,4.000000,4.000000,0.015172,0.016640,0.068755,0.340491,calls/second,milliseconds
1779801871,12,11.000000,3.990683,3.000000,0.106878,4.000000,4.000000,4.000000,4.000000,4.000000,4.000000,0.015153,0.016640,0.068755,0.340491,calls/second,milliseconds
1779801872,12,11.000000,3.990683,3.000000,0.106878,4.000000,4.000000,4.000000,4.000000,4.000000,4.000000,0.015134,0.016640,0.068755,0.340491,calls/second,milliseconds
1779801873,12,11.000000,3.990683,3.000000,0.106878,4.000000,4.000000,4.000000,4.000000,4.000000,4.000000,0.015115,0.016640,0.068755,0.340491,calls/second,milliseconds
1779801874,12,11.000000,3.990683,3.000000,0.106878,4.000000,4.000000,4.000000,4.000000,4.000000,4.000000,0.015096,0.016640,0.068755,0.340491,calls/second,milliseconds
1779801875,12,11.000000,3.990683,3.000000,0.106878,4.000000,4.000000,4.000000,4.000000,4.000000,4.000000,0.015077,0.015310,0.067619,0.338604,calls/second,milliseconds
1779801876,12,11.000000,3.990683,3.000000,0.106878,4.000000,4.000000,4.000000,4.000000,4.000000,4.000000,0.015058,0.015310,0.067619,0.338604,calls/second,milliseconds
1779801877,12,11.000000,3.990683,3.000000,0.106878,4.000000,4.000000,4.000000,4.000000,4.000000,4.000000,0.015039,0.015310,0.067619,0.338604,calls/second,milliseconds
1779801878,12,11.000000,3.990683,3.000000,0.106878,4.000000,4.000000,4.000000,4.000000,4.000000,4.000000,0.015020,0.015310,0.067619,0.338604,calls/second,milliseconds
1779801879,12,11.000000,3.990683,3.000000,0.106878,4.000000,4.000000,4.000000,4.000000,4.000000,4.000000,0.015001,0.015310,0.067619,0.338604,calls/second,milliseconds
1779801880,12,11.000000,3.990683,3.000000,0.106878,4.000000,4.000000,4.000000,4.000000,4.000000,4.000000,0.014983,0.014086,0.066501,0.336729,calls/second,milliseconds
1779801881,12,11.000000,3.990683,3.000000,0.106878,4.000000,4.000000,4.000000,4.000000,4.000000,4.000000,0.014964,0.014086,0.066501,0.336729,calls/second,milliseconds
1779801882,12,11.000000,3.990683,3.000000,0.106878,4.000000,4.000000,4.000000,4.000000,4.000000,4.000000,0.014945,0.014086,0.066501,0.336729,calls/second,milliseconds
1779801883,12,11.000000,3.990683,3.000000,0.106878,4.000000,4.000000,4.000000,4.000000,4.000000,4.000000,0.014927,0.014086,0.066501,0.336729,calls/second,milliseconds
1779801884,12,11.000000,3.990683,3.000000,0.106878,4.000000,4.000000,4.000000,4.000000,4.000000,4.000000,0.014908,0.014086,0.066501,0.336729,calls/second,milliseconds
1779801885,12,11.000000,3.990683,3.000000,0.106878,4.000000,4.000000,4.000000,4.000000,4.000000,4.000000,0.014890,0.012959,0.065402,0.334863,calls/second,milliseconds
1779801886,12,11.000000,3.990683,3.000000,0.106878,4.000000,4.000000,4.000000,4.000000,4.000000,4.000000,0.014871,0.012959,0.065402,0.334863,calls/second,milliseconds
1779801887,12,11.000000,3.990683,3.000000,0.106878,4.000000,4.000000,4.000000,4.000000,4.000000,4.000000,0.014853,0.012959,0.065402,0.334863,calls/second,milliseconds
1779801888,12,11.000000,3.990683,3.000000,0.106878,4.000000,4.000000,4.000000,4.000000,4.000000,4.000000,0.014834,0.012959,0.065402,0.334863,calls/second,milliseconds
1779801889,12,11.000000,3.990683,3.000000,0.106878,4.000000,4.000000,4.000000,4.000000,4.000000,4.000000,0.014816,0.012959,0.065402,0.334863,calls/second,milliseconds
1779801890,12,11.000000,3.990683,3.000000,0.106878,4.000000,4.000000,4.000000,4.000000,4.000000,4.000000,0.014798,0.011923,0.064321,0.333008,calls/second,milliseconds
1779801891,12,11.000000,3.990683,3.000000,0.106878,4.000000,4.000000,4.000000,4.000000,4.000000,4.000000,0.014779,0.011923,0.064321,0.333008,calls/second,milliseconds
1779801892,12,11.000000,3.990683,3.000000,0.106878,4.000000,4.000000,4.000000,4.000000,4.000000,4.000000,0.014761,0.011923,0.064321,0.333008,calls/second,milliseconds
1779801893,12,11.000000,3.990683,3.000000,0.106878,4.000000,4.000000,4.000000,4.000000,4.000000,4.000000,0.014743,0.011923,0.064321,0.333008,calls/second,milliseconds
1779801894,12,11.000000,3.990683,3.000000,0.106878,4.000000,4.000000,4.000000,4.000000,4.000000,4.000000,0.014725,0.011923,0.064321,0.333008,calls/second,milliseconds
1779801895,12,11.000000,3.990683,3.000000,0.106878,4.000000,4.000000,4.000000,4.000000,4.000000,4.000000,0.014707,0.010970,0.063258,0.331163,calls/second,milliseconds
1779801896,12,11.000000,3.990683,3.000000,0.106878,4.000000,4.000000,4.000000,4.000000,4.000000,4.000000,0.014689,0.010970,0.063258,0.331163,calls/second,milliseconds
1779801897,12,11.000000,3.990683,3.000000,0.106878,4.000000,4.000000,4.000000,4.000000,4.000000,4.000000,0.014671,0.010970,0.063258,0.331163,calls/second,milliseconds
1779801898,12,11.000000,3.990683,3.000000,0.106878,4.000000,4.000000,4.000000,4.000000,4.000000,4.000000,0.014653,0.010970,0.063258,0.331163,calls/second,milliseconds
1779801899,12,11.000000,3.990683,3.000000,0.106878,4.000000,4.000000,4.000000,4.000000,4.000000,4.000000,0.014635,0.010970,0.063258,0.331163,calls/second,milliseconds
1779801900,12,11.000000,3.990683,3.000000,0.106878,4.000000,4.000000,4.000000,4.000000,4.000000,4.000000,0.014617,0.010093,0.062212,0.329328,calls/second,milliseconds
1779801901,12,11.000000,3.990683,3.000000,0.106878,4.000000,4.000000,4.000000,4.000000,4.000000,4.000000,0.014599,0.010093,0.062212,0.329328,calls/second,milliseconds
1779801902,12,11.000000,3.990683,3.000000,0.106878,4.000000,4.000000,4.000000,4.000000,4.000000,4.000000,0.014582,0.010093,0.062212,0.329328,calls/second,milliseconds
1779801903,12,11.000000,3.990683,3.000000,0.106878,4.000000,4.000000,4.000000,4.000000,4.000000,4.000000,0.014564,0.010093,0.062212,0.329328,calls/second,milliseconds
1779801904,12,11.000000,3.990683,3.000000,0.106878,4.000000,4.000000,4.000000,4.000000,4.000000,4.000000,0.014546,0.010093,0.062212,0.329328,calls/second,milliseconds
1779801905,12,11.000000,3.990683,3.000000,0.106878,4.000000,4.000000,4.000000,4.000000,4.000000,4.000000,0.014528,0.009286,0.061184,0.327504,calls/second,milliseconds
1779801906,12,11.000000,3.990683,3.000000,0.106878,4.000000,4.000000,4.000000,4.000000,4.000000,4.000000,0.014511,0.009286,0.061184,0.327504,calls/second,milliseconds
1779801907,12,11.000000,3.990683,3.000000,0.106878,4.000000,4.000000,4.000000,4.000000,4.000000,4.000000,0.014493,0.009286,0.061184,0.327504,calls/second,milliseconds
1779801908,12,11.000000,3.990683,3.000000,0.106878,4.000000,4.000000,4.000000,4.000000,4.000000,4.000000,0.014476,0.009286,0.061184,0.327504,calls/second,milliseconds
1779801909,12,11.000000,3.990683,3.000000,0.106878,4.000000,4.000000,4.000000,4.000000,4.000000,4.000000,0.014458,0.009286,0.061184,0.327504,calls/second,milliseconds
1779801910,12,11.000000,3.990683,3.000000,0.106878,4.000000,4.000000,4.000000,4.000000,4.000000,4.000000,0.014441,0.008543,0.060173,0.325689,calls/second,milliseconds
1779801911,12,11.000000,3.990683,3.000000,0.106878,4.000000,4.000000,4.000000,4.000000,4.000000,4.000000,0.014424,0.008543,0.060173,0.325689,calls/second,milliseconds
1779801912,12,11.000000,3.990683,3.000000,0.106878,4.000000,4.000000,4.000000,4.000000,4.000000,4.000000,0.014406,0.008543,0.060173,0.325689,calls/second,milliseconds
1779801913,12,11.000000,3.990683,3.000000,0.106878,4.000000,4.000000,4.000000,4.000000,4.000000,4.000000,0.014389,0.008543,0.060173,0.325689,calls/second,milliseconds
1779801914,12,11.000000,3.990683,3.000000,0.106878,4.000000,4.000000,4.000000,4.000000,4.000000,4.000000,0.014372,0.008543,0.060173,0.325689,calls/second,milliseconds
1779801915,12,11.000000,3.990683,3.000000,0.106878,4.000000,4.000000,4.000000,4.000000,4.000000,4.000000,0.014354,0.007860,0.059178,0.323885,calls/second,milliseconds
1779801916,12,11.000000,3.990683,3.000000,0.106878,4.000000,4.000000,4.000000,4.000000,4.000000,4.000000,0.014337,0.007860,0.059178,0.323885,calls/second,milliseconds
1779801917,12,11.000000,3.990683,3.000000,0.106878,4.000000,4.000000,4.000000,4.000000,4.000000,4.000000,0.014320,0.007860,0.059178,0.323885,calls/second,milliseconds
1779801918,12,11.000000,3.990683,3.000000,0.106878,4.000000,4.000000,4.000000,4.000000,4.000000,4.000000,0.014303,0.007860,0.059178,0.323885,calls/second,milliseconds
1779801919,12,11.000000,3.990683,3.000000,0.106878,4.000000,4.000000,4.000000,4.000000,4.000000,4.000000,0.014286,0.007860,0.059178,0.323885,calls/second,milliseconds
1779801920,12,11.000000,3.990683,3.000000,0.106878,4.000000,4.000000,4.000000,4.000000,4.000000,4.000000,0.014269,0.007232,0.058200,0.322091,calls/second,milliseconds
1779801921,12,11.000000,3.990683,3.000000,0.106878,4.000000,4.000000,4.000000,4.000000,4.000000,4.000000,0.014252,0.007232,0.058200,0.322091,calls/second,milliseconds
1779801922,12,11.000000,3.990683,3.000000,0.106878,4.000000,4.000000,4.000000,4.000000,4.000000,4.000000,0.014235,0.007232,0.058200,0.322091,calls/second,milliseconds
1779801923,12,11.000000,3.990683,3.000000,0.106878,4.000000,4.000000,4.000000,4.000000,4.000000,4.000000,0.014218,0.007232,0.058200,0.322091,calls/second,milliseconds
1779801924,12,11.000000,3.990683,3.000000,0.106878,4.000000,4.000000,4.000000,4.000000,4.000000,4.000000,0.014201,0.007232,0.058200,0.322091,calls/second,milliseconds
1779801925,12,11.000000,3.990683,3.000000,0.106878,4.000000,4.000000,4.000000,4.000000,4.000000,4.000000,0.014184,0.006654,0.057238,0.320306,calls/second,milliseconds
1779801926,12,11.000000,3.990683,3.000000,0.106878,4.000000,4.000000,4.000000,4.000000,4.000000,4.000000,0.014168,0.006654,0.057238,0.320306,calls/second,milliseconds
1779801927,12,11.000000,3.990683,3.000000,0.106878,4.000000,4.000000,4.000000,4.000000,4.000000,4.000000,0.014151,0.006654,0.057238,0.320306,calls/second,milliseconds
1779801928,12,11.000000,3.990683,3.000000,0.106878,4.000000,4.000000,4.000000,4.000000,4.000000,4.000000,0.014134,0.006654,0.057238,0.320306,calls/second,milliseconds
1779801929,12,11.000000,3.990683,3.000000,0.106878,4.000000,4.000000,4.000000,4.000000,4.000000,4.000000,0.014118,0.006122,0.056292,0.318532,calls/second,milliseconds
1779801930,12,11.000000,3.990683,3.000000,0.106878,4.000000,4.000000,4.000000,4.000000,4.000000,4.000000,0.014101,0.006122,0.056292,0.318532,calls/second,milliseconds
1779801931,12,11.000000,3.990683,3.000000,0.106878,4.000000,4.000000,4.000000,4.000000,4.000000,4.000000,0.014084,0.006122,0.056292,0.318532,calls/second,milliseconds
1779801932,12,11.000000,3.990683,3.000000,0.106878,4.000000,4.000000,4.000000,4.000000,4.000000,4.000000,0.014068,0.006122,0.056292,0.318532,calls/second,milliseconds
1779801933,12,11.000000,3.990683,3.000000,0.106878,4.000000,4.000000,4.000000,4.000000,4.000000,4.000000,0.014051,0.006122,0.056292,0.318532,calls/second,milliseconds
1779801934,12,11.000000,3.990683,3.000000,0.106878,4.000000,4.000000,4.000000,4.000000,4.000000,4.000000,0.014035,0.005632,0.055361,0.316767,calls/second,milliseconds
1779801935,12,11.000000,3.990683,3.000000,0.106878,4.000000,4.000000,4.000000,4.000000,4.000000,4.000000,0.014018,0.005632,0.055361,0.316767,calls/second,milliseconds
1779801936,12,11.000000,3.990683,3.000000,0.106878,4.000000,4.000000,4.000000,4.000000,4.000000,4.000000,0.014002,0.005632,0.055361,0.316767,calls/second,milliseconds
1779801937,12,11.000000,3.990683,3.000000,0.106878,4.000000,4.000000,4.000000,4.000000,4.000000,4.000000,0.013986,0.005632,0.055361,0.316767,calls/second,milliseconds
1779801938,12,11.000000,3.990683,3.000000,0.106878,4.000000,4.000000,4.000000,4.000000,4.000000,4.000000,0.013969,0.005632,0.055361,0.316767,calls/second,milliseconds
1779801939,12,11.000000,3.990683,3.000000,0.106878,4.000000,4.000000,4.000000,4.000000,4.000000,4.000000,0.013953,0.005182,0.054446,0.315012,calls/second,milliseconds
1779801940,12,11.000000,3.990683,3.000000,0.106878,4.000000,4.000000,4.000000,4.000000,4.000000,4.000000,0.013937,0.005182,0.054446,0.315012,calls/second,milliseconds
1779801941,12,11.000000,3.990683,3.000000,0.106878,4.000000,4.000000,4.000000,4.000000,4.000000,4.000000,0.013921,0.005182,0.054446,0.315012,calls/second,milliseconds
1779801942,12,11.000000,3.990683,3.000000,0.106878,4.000000,4.000000,4.000000,4.000000,4.000000,4.000000,0.013905,0.005182,0.054446,0.315012,calls/second,milliseconds
1779801943,12,11.000000,3.990683,3.000000,0.106878,4.000000,4.000000,4.000000,4.000000,4.000000,4.000000,0.013888,0.005182,0.054446,0.315012,calls/second,milliseconds
1779801944,12,11.000000,3.990683,3.000000,0.106878,4.000000,4.000000,4.000000,4.000000,4.000000,4.000000,0.013872,0.004767,0.053547,0.313267,calls/second,milliseconds
1779801945,12,11.000000,3.990683,3.000000,0.106878,4.000000,4.000000,4.000000,4.000000,4.000000,4.000000,0.013856,0.004767,0.053547,0.313267,calls/second,milliseconds
1779801946,12,11.000000,3.990683,3.000000,0.106878,4.000000,4.000000,4.000000,4.000000,4.000000,4.000000,0.013840,0.004767,0.053547,0.313267,calls/second,milliseconds
1779801947,12,11.000000,3.990683,3.000000,0.106878,4.000000,4.000000,4.000000,4.000000,4.000000,4.000000,0.013824,0.004767,0.053547,0.313267,calls/second,milliseconds
1779801948,12,11.000000,3.990683,3.000000,0.106878,4.000000,4.000000,4.000000,4.000000,4.000000,4.000000,0.013808,0.004767,0.053547,0.313267,calls/second,milliseconds
1779801949,12,11.000000,3.990683,3.000000,0.106878,4.000000,4.000000,4.000000,4.000000,4.000000,4.000000,0.013793,0.004386,0.052661,0.311531,calls/second,milliseconds
1779801950,12,11.000000,3.990683,3.000000,0.106878,4.000000,4.000000,4.000000,4.000000,4.000000,4.000000,0.013777,0.004386,0.052661,0.311531,calls/second,milliseconds
1779801951,12,11.000000,3.990683,3.000000,0.106878,4.000000,4.000000,4.000000,4.000000,4.000000,4.000000,0.013761,0.004386,0.052661,0.311531,calls/second,milliseconds
1779801952,12,11.000000,3.990683,3.000000,0.106878,4.000000,4.000000,4.000000,4.000000,4.000000,4.000000,0.013745,0.004386,0.052661,0.311531,calls/second,milliseconds
1779801953,12,11.000000,3.990683,3.000000,0.106878,4.000000,4.000000,4.000000,4.000000,4.000000,4.000000,0.013729,0.004386,0.052661,0.311531,calls/second,milliseconds
1779801954,12,11.000000,3.990683,3.000000,0.106878,4.000000,4.000000,4.000000,4.000000,4.000000,4.000000,0.013714,0.004036,0.051791,0.309805,calls/second,milliseconds
1779801955,12,11.000000,3.990683,3.000000,0.106878,4.000000,4.000000,4.000000,4.000000,4.000000,4.000000,0.013698,0.004036,0.051791,0.309805,calls/second,milliseconds
1779801956,13,11.000000,3.997901,3.000000,0.050881,4.000000,4.000000,4.000000,4.000000,4.000000,4.000000,0.014822,0.004036,0.051791,0.309805,calls/second,milliseconds
1779801957,13,11.000000,3.997901,3.000000,0.050881,4.000000,4.000000,4.000000,4.000000,4.000000,4.000000,0.014805,0.004036,0.051791,0.309805,calls/second,milliseconds
1779801958,13,11.000000,3.997901,3.000000,0.050881,4.000000,4.000000,4.000000,4.000000,4.000000,4.000000,0.014789,0.004036,0.051791,0.309805,calls/second,milliseconds
1779801959,13,11.000000,3.997901,3.000000,0.050881,4.000000,4.000000,4.000000,4.000000,4.000000,4.000000,0.014772,0.019704,0.054241,0.309197,calls/second,milliseconds
1779801960,13,11.000000,3.997901,3.000000,0.050881,4.000000,4.000000,4.000000,4.000000,4.000000,4.000000,0.014755,0.019704,0.054241,0.309197,calls/second,milliseconds
1779801961,13,11.000000,3.997901,3.000000,0.050881,4.000000,4.000000,4.000000,4.000000,4.000000,4.000000,0.014738,0.019704,0.054241,0.309197,calls/second,milliseconds
1779801962,13,11.000000,3.997901,3.000000,0.050881,4.000000,4.000000,4.000000,4.000000,4.000000,4.000000,0.014721,0.019704,0.054241,0.309197,calls/second,milliseconds
1779801963,13,11.000000,3.997901,3.000000,0.050881,4.000000,4.000000,4.000000,4.000000,4.000000,4.000000,0.014705,0.019704,0.054241,0.309197,calls/second,milliseconds
1779801964,13,11.000000,3.997901,3.000000,0.050881,4.000000,4.000000,4.000000,4.000000,4.000000,4.000000,0.014688,0.018129,0.053344,0.307484,calls/second,milliseconds
1779801965,13,11.000000,3.997901,3.000000,0.050881,4.000000,4.000000,4.000000,4.000000,4.000000,4.000000,0.014672,0.018129,0.053344,0.307484,calls/second,milliseconds
1779801966,13,11.000000,3.997901,3.000000,0.050881,4.000000,4.000000,4.000000,4.000000,4.000000,4.000000,0.014655,0.018129,0.053344,0.307484,calls/second,milliseconds
1779801967,13,11.000000,3.997901,3.000000,0.050881,4.000000,4.000000,4.000000,4.000000,4.000000,4.000000,0.014638,0.018129,0.053344,0.307484,calls/second,milliseconds
1779801968,13,11.000000,3.997901,3.000000,0.050881,4.000000,4.000000,4.000000,4.000000,4.000000,4.000000,0.014622,0.018129,0.053344,0.307484,calls/second,milliseconds
1779801969,13,11.000000,3.997901,3.000000,0.050881,4.000000,4.000000,4.000000,4.000000,4.000000,4.000000,0.014606,0.016679,0.052463,0.305780,calls/second,milliseconds
1779801970,13,11.000000,3.997901,3.000000,0.050881,4.000000,4.000000,4.000000,4.000000,4.000000,4.000000,0.014589,0.016679,0.052463,0.305780,calls/second,milliseconds
1779801971,13,11.000000,3.997901,3.000000,0.050881,4.000000,4.000000,4.000000,4.000000,4.000000,4.000000,0.014573,0.016679,0.052463,0.305780,calls/second,milliseconds
1779801972,13,11.000000,3.997901,3.000000,0.050881,4.000000,4.000000,4.000000,4.000000,4.000000,4.000000,0.014556,0.016679,0.052463,0.305780,calls/second,milliseconds
1779801973,13,11.000000,3.997901,3.000000,0.050881,4.000000,4.000000,4.000000,4.000000,4.000000,4.000000,0.014540,0.016679,0.052463,0.305780,calls/second,milliseconds
1779801974,13,11.000000,3.997901,3.000000,0.050881,4.000000,4.000000,4.000000,4.000000,4.000000,4.000000,0.014524,0.015346,0.051595,0.304086,calls/second,milliseconds
1779801975,13,11.000000,3.997901,3.000000,0.050881,4.000000,4.000000,4.000000,4.000000,4.000000,4.000000,0.014508,0.015346,0.051595,0.304086,calls/second,milliseconds
1779801976,13,11.000000,3.997901,3.000000,0.050881,4.000000,4.000000,4.000000,4.000000,4.000000,4.000000,0.014491,0.015346,0.051595,0.304086,calls/second,milliseconds
1779801977,13,11.000000,3.997901,3.000000,0.050881,4.000000,4.000000,4.000000,4.000000,4.000000,4.000000,0.014475,0.015346,0.051595,0.304086,calls/second,milliseconds
1779801978,13,11.000000,3.997901,3.000000,0.050881,4.000000,4.000000,4.000000,4.000000,4.000000,4.000000,0.014459,0.015346,0.051595,0.304086,calls/second,milliseconds
1779801979,13,11.000000,3.997901,3.000000,0.050881,4.000000,4.000000,4.000000,4.000000,4.000000,4.000000,0.014443,0.014119,0.050743,0.302402,calls/second,milliseconds
1779801980,13,11.000000,3.997901,3.000000,0.050881,4.000000,4.000000,4.000000,4.000000,4.000000,4.000000,0.014427,0.014119,0.050743,0.302402,calls/second,milliseconds
1779801981,13,11.000000,3.997901,3.000000,0.050881,4.000000,4.000000,4.000000,4.000000,4.000000,4.000000,0.014411,0.014119,0.050743,0.302402,calls/second,milliseconds
1779801982,13,11.000000,3.997901,3.000000,0.050881,4.000000,4.000000,4.000000,4.000000,4.000000,4.000000,0.014395,0.014119,0.050743,0.302402,calls/second,milliseconds
1779801983,13,11.000000,3.997901,3.000000,0.050881,4.000000,4.000000,4.000000,4.000000,4.000000,4.000000,0.014379,0.014119,0.050743,0.302402,calls/second,milliseconds
1779801984,13,11.000000,3.997901,3.000000,0.050881,4.000000,4.000000,4.000000,4.000000,4.000000,4.000000,0.014363,0.012990,0.049904,0.300726,calls/second,milliseconds
1779801985,13,11.000000,3.997901,3.000000,0.050881,4.000000,4.000000,4.000000,4.000000,4.000000,4.000000,0.014347,0.012990,0.049904,0.300726,calls/second,milliseconds
1779801986,13,11.000000,3.997901,3.000000,0.050881,4.000000,4.000000,4.000000,4.000000,4.000000,4.000000,0.014331,0.012990,0.049904,0.300726,calls/second,milliseconds
1779801987,13,11.000000,3.997901,3.000000,0.050881,4.000000,4.000000,4.000000,4.000000,4.000000,4.000000,0.014316,0.012990,0.049904,0.300726,calls/second,milliseconds
1779801988,13,11.000000,3.997901,3.000000,0.050881,4.000000,4.000000,4.000000,4.000000,4.000000,4.000000,0.014300,0.012990,0.049904,0.300726,calls/second,milliseconds
1779801989,13,11.000000,3.997901,3.000000,0.050881,4.000000,4.000000,4.000000,4.000000,4.000000,4.000000,0.014284,0.011951,0.049079,0.299060,calls/second,milliseconds
1779801990,13,11.000000,3.997901,3.000000,0.050881,4.000000,4.000000,4.000000,4.000000,4.000000,4.000000,0.014268,0.011951,0.049079,0.299060,calls/second,milliseconds
1779801991,13,11.000000,3.997901,3.000000,0.050881,4.000000,4.000000,4.000000,4.000000,4.000000,4.000000,0.014253,0.011951,0.049079,0.299060,calls/second,milliseconds
1779801992,13,11.000000,3.997901,3.000000,0.050881,4.000000,4.000000,4.000000,4.000000,4.000000,4.000000,0.014237,0.011951,0.049079,0.299060,calls/second,milliseconds
1779801993,13,11.000000,3.997901,3.000000,0.050881,4.000000,4.000000,4.000000,4.000000,4.000000,4.000000,0.014221,0.011951,0.049079,0.299060,calls/second,milliseconds
1779801994,13,11.000000,3.997901,3.000000,0.050881,4.000000,4.000000,4.000000,4.000000,4.000000,4.000000,0.014206,0.010996,0.048268,0.297403,calls/second,milliseconds
1779801995,13,11.000000,3.997901,3.000000,0.050881,4.000000,4.000000,4.000000,4.000000,4.000000,4.000000,0.014190,0.010996,0.048268,0.297403,calls/second,milliseconds
1779801996,13,11.000000,3.997901,3.000000,0.050881,4.000000,4.000000,4.000000,4.000000,4.000000,4.000000,0.014175,0.010996,0.048268,0.297403,calls/second,milliseconds
1779801997,13,11.000000,3.997901,3.000000,0.050881,4.000000,4.000000,4.000000,4.000000,4.000000,4.000000,0.014159,0.010996,0.048268,0.297403,calls/second,milliseconds
1779801998,13,11.000000,3.997901,3.000000,0.050881,4.000000,4.000000,4.000000,4.000000,4.000000,4.000000,0.014144,0.010996,0.048268,0.297403,calls/second,milliseconds
1779801999,13,11.000000,3.997901,3.000000,0.050881,4.000000,4.000000,4.000000,4.000000,4.000000,4.000000,0.014129,0.010116,0.047470,0.295756,calls/second,milliseconds
1779802000,13,11.000000,3.997901,3.000000,0.050881,4.000000,4.000000,4.000000,4.000000,4.000000,4.000000,0.014113,0.010116,0.047470,0.295756,calls/second,milliseconds
1779802001,13,11.000000,3.997901,3.000000,0.050881,4.000000,4.000000,4.000000,4.000000,4.000000,4.000000,0.014098,0.010116,0.047470,0.295756,calls/second,milliseconds
1779802002,13,11.000000,3.997901,3.000000,0.050881,4.000000,4.000000,4.000000,4.000000,4.000000,4.000000,0.014083,0.010116,0.047470,0.295756,calls/second,milliseconds
1779802003,13,11.000000,3.997901,3.000000,0.050881,4.000000,4.000000,4.000000,4.000000,4.000000,4.000000,0.014067,0.010116,0.047470,0.295756,calls/second,milliseconds
1779802004,13,11.000000,3.997901,3.000000,0.050881,4.000000,4.000000,4.000000,4.000000,4.000000,4.000000,0.014052,0.009308,0.046685,0.294117,calls/second,milliseconds
1779802005,13,11.000000,3.997901,3.000000,0.050881,4.000000,4.000000,4.000000,4.000000,4.000000,4.000000,0.014037,0.009308,0.046685,0.294117,calls/second,milliseconds
1779802006,13,11.000000,3.997901,3.000000,0.050881,4.000000,4.000000,4.000000,4.000000,4.000000,4.000000,0.014022,0.009308,0.046685,0.294117,calls/second,milliseconds
1779802007,13,11.000000,3.997901,3.000000,0.050881,4.000000,4.000000,4.000000,4.000000,4.000000,4.000000,0.014007,0.009308,0.046685,0.294117,calls/second,milliseconds
1779802008,13,11.000000,3.997901,3.000000,0.050881,4.000000,4.000000,4.000000,4.000000,4.000000,4.000000,0.013991,0.009308,0.046685,0.294117,calls/second,milliseconds
1779802009,13,11.000000,3.997901,3.000000,0.050881,4.000000,4.000000,4.000000,4.000000,4.000000,4.000000,0.013976,0.008563,0.045914,0.292488,calls/second,milliseconds
1779802010,13,11.000000,3.997901,3.000000,0.050881,4.000000,4.000000,4.000000,4.000000,4.000000,4.000000,0.013961,0.008563,0.045914,0.292488,calls/second,milliseconds
1779802011,13,11.000000,3.997901,3.000000,0.050881,4.000000,4.000000,4.000000,4.000000,4.000000,4.000000,0.013946,0.008563,0.045914,0.292488,calls/second,milliseconds
1779802012,13,11.000000,3.997901,3.000000,0.050881,4.000000,4.000000,4.000000,4.000000,4.000000,4.000000,0.013931,0.008563,0.045914,0.292488,calls/second,milliseconds
1779802013,13,11.000000,3.997901,3.000000,0.050881,4.000000,4.000000,4.000000,4.000000,4.000000,4.000000,0.013916,0.008563,0.045914,0.292488,calls/second,milliseconds
1779802014,13,11.000000,3.997901,3.000000,0.050881,4.000000,4.000000,4.000000,4.000000,4.000000,4.000000,0.013902,0.007879,0.045155,0.290867,calls/second,milliseconds
1779802015,13,11.000000,3.997901,3.000000,0.050881,4.000000,4.000000,4.000000,4.000000,4.000000,4.000000,0.013887,0.007879,0.045155,0.290867,calls/second,milliseconds
1779802016,13,11.000000,3.997901,3.000000,0.050881,4.000000,4.000000,4.000000,4.000000,4.000000,4.000000,0.013872,0.007879,0.045155,0.290867,calls/second,milliseconds
1779802017,13,11.000000,3.997901,3.000000,0.050881,4.000000,4.000000,4.000000,4.000000,4.000000,4.000000,0.013857,0.007879,0.045155,0.290867,calls/second,milliseconds
1779802018,13,11.000000,3.997901,3.000000,0.050881,4.000000,4.000000,4.000000,4.000000,4.000000,4.000000,0.013842,0.007879,0.045155,0.290867,calls/second,milliseconds
1779802019,13,11.000000,3.997901,3.000000,0.050881,4.000000,4.000000,4.000000,4.000000,4.000000,4.000000,0.013828,0.007249,0.044409,0.289256,calls/second,milliseconds
1779802020,13,11.000000,3.997901,3.000000,0.050881,4.000000,4.000000,4.000000,4.000000,4.000000,4.000000,0.013813,0.007249,0.044409,0.289256,calls/second,milliseconds
1779802021,13,11.000000,3.997901,3.000000,0.050881,4.000000,4.000000,4.000000,4.000000,4.000000,4.000000,0.013798,0.007249,0.044409,0.289256,calls/second,milliseconds
1779802022,13,11.000000,3.997901,3.000000,0.050881,4.000000,4.000000,4.000000,4.000000,4.000000,4.000000,0.013783,0.007249,0.044409,0.289256,calls/second,milliseconds
1779802023,13,11.000000,3.997901,3.000000,0.050881,4.000000,4.000000,4.000000,4.000000,4.000000,4.000000,0.013769,0.007249,0.044409,0.289256,calls/second,milliseconds
