t,count,max,mean,min,stddev,p50,p75,p95,p98,p99,p999,mean_rate,m1_rate,m5_rate,m15_rate,rate_unit,duration_unit
1779799993,1,11.000000,11.000000,11.000000,0.000000,11.000000,11.000000,11.000000,11.000000,11.000000,11.000000,1.816507,0.000000,0.000000,0.000000,calls/second,milliseconds
1779799995,1,11.000000,11.000000,11.000000,0.000000,11.000000,11.000000,11.000000,11.000000,11.000000,11.000000,0.642674,0.000000,0.000000,0.000000,calls/second,milliseconds
1779799996,1,11.000000,11.000000,11.000000,0.000000,11.000000,11.000000,11.000000,11.000000,11.000000,11.000000,0.390494,0.000000,0.000000,0.000000,calls/second,milliseconds
1779799997,3,11.000000,8.631933,7.000000,1.688088,8.000000,11.000000,11.000000,11.000000,11.000000,11.000000,0.841350,0.000000,0.000000,0.000000,calls/second,milliseconds
1779799998,4,11.000000,8.470395,7.000000,1.482292,8.000000,8.000000,11.000000,11.000000,11.000000,11.000000,0.875135,0.000000,0.000000,0.000000,calls/second,milliseconds
1779799999,4,11.000000,8.470395,7.000000,1.482292,8.000000,8.000000,11.000000,11.000000,11.000000,11.000000,0.717495,0.800000,0.800000,0.800000,calls/second,milliseconds
1779800000,4,11.000000,8.470395,7.000000,1.482292,8.000000,8.000000,11.000000,11.000000,11.000000,11.000000,0.608050,0.800000,0.800000,0.800000,calls/second,milliseconds
1779800001,4,11.000000,8.470395,7.000000,1.482292,8.000000,8.000000,11.000000,11.000000,11.000000,11.000000,0.527591,0.800000,0.800000,0.800000,calls/second,milliseconds
1779800002,4,11.000000,8.470395,7.000000,1.482292,8.000000,8.000000,11.000000,11.000000,11.000000,11.000000,0.465929,0.800000,0.800000,0.800000,calls/second,milliseconds
1779800003,4,11.000000,8.470395,7.000000,1.482292,8.000000,8.000000,11.000000,11.000000,11.000000,11.000000,0.417183,0.800000,0.800000,0.800000,calls/second,milliseconds
1779800004,4,11.000000,8.470395,7.000000,1.482292,8.000000,8.000000,11.000000,11.000000,11.000000,11.000000,0.377661,0.736036,0.786777,0.795568,calls/second,milliseconds
1779800005,4,11.000000,8.470395,7.000000,1.482292,8.000000,8.000000,11.000000,11.000000,11.000000,11.000000,0.344984,0.736036,0.786777,0.795568,calls/second,milliseconds
1779800006,4,11.000000,8.470395,7.000000,1.482292,8.000000,8.000000,11.000000,11.000000,11.000000,11.000000,0.317524,0.736036,0.786777,0.795568,calls/second,milliseconds
1779800007,4,11.000000,8.470395,7.000000,1.482292,8.000000,8.000000,11.000000,11.000000,11.000000,11.000000,0.294108,0.736036,0.786777,0.795568,calls/second,milliseconds
1779800008,4,11.000000,8.470395,7.000000,1.482292,8.000000,8.000000,11.000000,11.000000,11.000000,11.000000,0.273911,0.736036,0.786777,0.795568,calls/second,milliseconds
1779800009,4,11.000000,8.470395,7.000000,1.482292,8.000000,8.000000,11.000000,11.000000,11.000000,11.000000,0.256310,0.677185,0.773773,0.791160,calls/second,milliseconds
1779800010,4,11.000000,8.470395,7.000000,1.482292,8.000000,8.000000,11.000000,11.000000,11.000000,11.000000,0.240829,0.677185,0.773773,0.791160,calls/second,milliseconds
1779800011,4,11.000000,8.470395,7.000000,1.482292,8.000000,8.000000,11.000000,11.000000,11.000000,11.000000,0.227120,0.677185,0.773773,0.791160,calls/second,milliseconds
1779800012,4,11.000000,8.470395,7.000000,1.482292,8.000000,8.000000,11.000000,11.000000,11.000000,11.000000,0.214885,0.677185,0.773773,0.791160,calls/second,milliseconds
1779800013,4,11.000000,8.470395,7.000000,1.482292,8.000000,8.000000,11.000000,11.000000,11.000000,11.000000,0.203892,0.677185,0.773773,0.791160,calls/second,milliseconds
1779800014,4,11.000000,8.470395,7.000000,1.482292,8.000000,8.000000,11.000000,11.000000,11.000000,11.000000,0.193972,0.623041,0.760984,0.786777,calls/second,milliseconds
1779800015,4,11.000000,8.470395,7.000000,1.482292,8.000000,8.000000,11.000000,11.000000,11.000000,11.000000,0.184979,0.623041,0.760984,0.786777,calls/second,milliseconds
1779800016,4,11.000000,8.470395,7.000000,1.482292,8.000000,8.000000,11.000000,11.000000,11.000000,11.000000,0.176784,0.623041,0.760984,0.786777,calls/second,milliseconds
1779800017,4,11.000000,8.470395,7.000000,1.482292,8.000000,8.000000,11.000000,11.000000,11.000000,11.000000,0.169283,0.623041,0.760984,0.786777,calls/second,milliseconds
1779800018,4,11.000000,8.470395,7.000000,1.482292,8.000000,8.000000,11.000000,11.000000,11.000000,11.000000,0.162394,0.623041,0.760984,0.786777,calls/second,milliseconds
1779800019,4,11.000000,8.470395,7.000000,1.482292,8.000000,8.000000,11.000000,11.000000,11.000000,11.000000,0.156042,0.573225,0.748406,0.782418,calls/second,milliseconds
1779800020,4,11.000000,8.470395,7.000000,1.482292,8.000000,8.000000,11.000000,11.000000,11.000000,11.000000,0.150169,0.573225,0.748406,0.782418,calls/second,milliseconds
1779800021,4,11.000000,8.470395,7.000000,1.482292,8.000000,8.000000,11.000000,11.000000,11.000000,11.000000,0.144722,0.573225,0.748406,0.782418,calls/second,milliseconds
1779800022,4,11.000000,8.470395,7.000000,1.482292,8.000000,8.000000,11.000000,11.000000,11.000000,11.000000,0.139656,0.573225,0.748406,0.782418,calls/second,milliseconds
1779800023,4,11.000000,8.470395,7.000000,1.482292,8.000000,8.000000,11.000000,11.000000,11.000000,11.000000,0.134933,0.573225,0.748406,0.782418,calls/second,milliseconds
1779800024,4,11.000000,8.470395,7.000000,1.482292,8.000000,8.000000,11.000000,11.000000,11.000000,11.000000,0.130519,0.527393,0.736036,0.778084,calls/second,milliseconds
1779800025,4,11.000000,8.470395,7.000000,1.482292,8.000000,8.000000,11.000000,11.000000,11.000000,11.000000,0.126385,0.527393,0.736036,0.778084,calls/second,milliseconds
1779800026,4,11.000000,8.470395,7.000000,1.482292,8.000000,8.000000,11.000000,11.000000,11.000000,11.000000,0.122506,0.527393,0.736036,0.778084,calls/second,milliseconds
1779800027,4,11.000000,8.470395,7.000000,1.482292,8.000000,8.000000,11.000000,11.000000,11.000000,11.000000,0.118857,0.527393,0.736036,0.778084,calls/second,milliseconds
1779800028,4,11.000000,8.470395,7.000000,1.482292,8.000000,8.000000,11.000000,11.000000,11.000000,11.000000,0.115419,0.527393,0.736036,0.778084,calls/second,milliseconds
1779800029,4,11.000000,8.470395,7.000000,1.482292,8.000000,8.000000,11.000000,11.000000,11.000000,11.000000,0.112175,0.485225,0.723870,0.773773,calls/second,milliseconds
1779800030,4,11.000000,8.470395,7.000000,1.482292,8.000000,8.000000,11.000000,11.000000,11.000000,11.000000,0.109107,0.485225,0.723870,0.773773,calls/second,milliseconds
1779800031,4,11.000000,8.470395,7.000000,1.482292,8.000000,8.000000,11.000000,11.000000,11.000000,11.000000,0.106203,0.485225,0.723870,0.773773,calls/second,milliseconds
1779800032,4,11.000000,8.470395,7.000000,1.482292,8.000000,8.000000,11.000000,11.000000,11.000000,11.000000,0.103451,0.485225,0.723870,0.773773,calls/second,milliseconds
1779800033,4,11.000000,8.470395,7.000000,1.482292,8.000000,8.000000,11.000000,11.000000,11.000000,11.000000,0.100836,0.485225,0.723870,0.773773,calls/second,milliseconds
1779800034,4,11.000000,8.470395,7.000000,1.482292,8.000000,8.000000,11.000000,11.000000,11.000000,11.000000,0.098351,0.446428,0.711905,0.769486,calls/second,milliseconds
1779800035,4,11.000000,8.470395,7.000000,1.482292,8.000000,8.000000,11.000000,11.000000,11.000000,11.000000,0.095986,0.446428,0.711905,0.769486,calls/second,milliseconds
1779800036,4,11.000000,8.470395,7.000000,1.482292,8.000000,8.000000,11.000000,11.000000,11.000000,11.000000,0.093731,0.446428,0.711905,0.769486,calls/second,milliseconds
1779800037,4,11.000000,8.470395,7.000000,1.482292,8.000000,8.000000,11.000000,11.000000,11.000000,11.000000,0.091581,0.446428,0.711905,0.769486,calls/second,milliseconds
1779800038,4,11.000000,8.470395,7.000000,1.482292,8.000000,8.000000,11.000000,11.000000,11.000000,11.000000,0.089528,0.446428,0.711905,0.769486,calls/second,milliseconds
1779800039,4,11.000000,8.470395,7.000000,1.482292,8.000000,8.000000,11.000000,11.000000,11.000000,11.000000,0.087563,0.410734,0.700139,0.765223,calls/second,milliseconds
1779800040,4,11.000000,8.470395,7.000000,1.482292,8.000000,8.000000,11.000000,11.000000,11.000000,11.000000,0.085683,0.410734,0.700139,0.765223,calls/second,milliseconds
1779800041,4,11.000000,8.470395,7.000000,1.482292,8.000000,8.000000,11.000000,11.000000,11.000000,11.000000,0.083883,0.410734,0.700139,0.765223,calls/second,milliseconds
1779800042,4,11.000000,8.470395,7.000000,1.482292,8.000000,8.000000,11.000000,11.000000,11.000000,11.000000,0.082156,0.410734,0.700139,0.765223,calls/second,milliseconds
1779800043,4,11.000000,8.470395,7.000000,1.482292,8.000000,8.000000,11.000000,11.000000,11.000000,11.000000,0.080499,0.410734,0.700139,0.765223,calls/second,milliseconds
1779800044,5,12.000000,9.673828,7.000000,2.060932,8.000000,12.000000,12.000000,12.000000,12.000000,12.000000,0.098610,0.377893,0.688566,0.760984,calls/second,milliseconds
1779800045,5,12.000000,9.673828,7.000000,2.060932,8.000000,12.000000,12.000000,12.000000,12.000000,12.000000,0.096699,0.377893,0.688566,0.760984,calls/second,milliseconds
1779800046,5,12.000000,9.673828,7.000000,2.060932,8.000000,12.000000,12.000000,12.000000,12.000000,12.000000,0.094860,0.377893,0.688566,0.760984,calls/second,milliseconds
1779800047,5,12.000000,9.673828,7.000000,2.060932,8.000000,12.000000,12.000000,12.000000,12.000000,12.000000,0.093090,0.377893,0.688566,0.760984,calls/second,milliseconds
1779800048,5,12.000000,9.673828,7.000000,2.060932,8.000000,12.000000,12.000000,12.000000,12.000000,12.000000,0.091385,0.377893,0.688566,0.760984,calls/second,milliseconds
1779800049,5,12.000000,9.673828,7.000000,2.060932,8.000000,12.000000,12.000000,12.000000,12.000000,12.000000,0.089741,0.363670,0.680491,0.757876,calls/second,milliseconds
1779800050,5,12.000000,9.673828,7.000000,2.060932,8.000000,12.000000,12.000000,12.000000,12.000000,12.000000,0.088156,0.363670,0.680491,0.757876,calls/second,milliseconds
1779800051,5,12.000000,9.673828,7.000000,2.060932,8.000000,12.000000,12.000000,12.000000,12.000000,12.000000,0.086625,0.363670,0.680491,0.757876,calls/second,milliseconds
1779800052,5,12.000000,9.673828,7.000000,2.060932,8.000000,12.000000,12.000000,12.000000,12.000000,12.000000,0.085147,0.363670,0.680491,0.757876,calls/second,milliseconds
1779800053,5,12.000000,9.673828,7.000000,2.060932,8.000000,12.000000,12.000000,12.000000,12.000000,12.000000,0.083719,0.363670,0.680491,0.757876,calls/second,milliseconds
1779800054,5,12.000000,9.673828,7.000000,2.060932,8.000000,12.000000,12.000000,12.000000,12.000000,12.000000,0.082337,0.334592,0.669244,0.753677,calls/second,milliseconds
1779800055,5,12.000000,9.673828,7.000000,2.060932,8.000000,12.000000,12.000000,12.000000,12.000000,12.000000,0.081000,0.334592,0.669244,0.753677,calls/second,milliseconds
1779800056,5,12.000000,9.673828,7.000000,2.060932,8.000000,12.000000,12.000000,12.000000,12.000000,12.000000,0.079705,0.334592,0.669244,0.753677,calls/second,milliseconds
1779800057,5,12.000000,9.673828,7.000000,2.060932,8.000000,12.000000,12.000000,12.000000,12.000000,12.000000,0.078453,0.334592,0.669244,0.753677,calls/second,milliseconds
1779800058,5,12.000000,9.673828,7.000000,2.060932,8.000000,12.000000,12.000000,12.000000,12.000000,12.000000,0.077238,0.334592,0.669244,0.753677,calls/second,milliseconds
1779800059,5,12.000000,9.673828,7.000000,2.060932,8.000000,12.000000,12.000000,12.000000,12.000000,12.000000,0.076061,0.307840,0.658182,0.749501,calls/second,milliseconds
1779800060,5,12.000000,9.673828,7.000000,2.060932,8.000000,12.000000,12.000000,12.000000,12.000000,12.000000,0.074919,0.307840,0.658182,0.749501,calls/second,milliseconds
1779800061,5,12.000000,9.673828,7.000000,2.060932,8.000000,12.000000,12.000000,12.000000,12.000000,12.000000,0.073811,0.307840,0.658182,0.749501,calls/second,milliseconds
1779800062,5,12.000000,9.673828,7.000000,2.060932,8.000000,12.000000,12.000000,12.000000,12.000000,12.000000,0.072735,0.307840,0.658182,0.749501,calls/second,milliseconds
1779800063,5,12.000000,9.673828,7.000000,2.060932,8.000000,12.000000,12.000000,12.000000,12.000000,12.000000,0.071690,0.307840,0.658182,0.749501,calls/second,milliseconds
1779800064,5,12.000000,9.673828,7.000000,2.060932,8.000000,12.000000,12.000000,12.000000,12.000000,12.000000,0.070674,0.283226,0.647303,0.745349,calls/second,milliseconds
1779800065,5,12.000000,9.673828,7.000000,2.060932,8.000000,12.000000,12.000000,12.000000,12.000000,12.000000,0.069688,0.283226,0.647303,0.745349,calls/second,milliseconds
1779800066,5,12.000000,9.673828,7.000000,2.060932,8.000000,12.000000,12.000000,12.000000,12.000000,12.000000,0.068728,0.283226,0.647303,0.745349,calls/second,milliseconds
1779800067,5,12.000000,9.673828,7.000000,2.060932,8.000000,12.000000,12.000000,12.000000,12.000000,12.000000,0.067794,0.283226,0.647303,0.745349,calls/second,milliseconds
1779800068,5,12.000000,9.673828,7.000000,2.060932,8.000000,12.000000,12.000000,12.000000,12.000000,12.000000,0.066885,0.283226,0.647303,0.745349,calls/second,milliseconds
1779800069,5,12.000000,9.673828,7.000000,2.060932,8.000000,12.000000,12.000000,12.000000,12.000000,12.000000,0.066001,0.260581,0.636604,0.741220,calls/second,milliseconds
1779800070,5,12.000000,9.673828,7.000000,2.060932,8.000000,12.000000,12.000000,12.000000,12.000000,12.000000,0.065139,0.260581,0.636604,0.741220,calls/second,milliseconds
1779800071,5,12.000000,9.673828,7.000000,2.060932,8.000000,12.000000,12.000000,12.000000,12.000000,12.000000,0.064300,0.260581,0.636604,0.741220,calls/second,milliseconds
1779800072,5,12.000000,9.673828,7.000000,2.060932,8.000000,12.000000,12.000000,12.000000,12.000000,12.000000,0.063482,0.260581,0.636604,0.741220,calls/second,milliseconds
1779800073,5,12.000000,9.673828,7.000000,2.060932,8.000000,12.000000,12.000000,12.000000,12.000000,12.000000,0.062685,0.260581,0.636604,0.741220,calls/second,milliseconds
1779800074,5,12.000000,9.673828,7.000000,2.060932,8.000000,12.000000,12.000000,12.000000,12.000000,12.000000,0.061908,0.239746,0.626082,0.737113,calls/second,milliseconds
1779800075,5,12.000000,9.673828,7.000000,2.060932,8.000000,12.000000,12.000000,12.000000,12.000000,12.000000,0.061149,0.239746,0.626082,0.737113,calls/second,milliseconds
1779800076,5,12.000000,9.673828,7.000000,2.060932,8.000000,12.000000,12.000000,12.000000,12.000000,12.000000,0.060409,0.239746,0.626082,0.737113,calls/second,milliseconds
1779800077,5,12.000000,9.673828,7.000000,2.060932,8.000000,12.000000,12.000000,12.000000,12.000000,12.000000,0.059686,0.239746,0.626082,0.737113,calls/second,milliseconds
1779800078,5,12.000000,9.673828,7.000000,2.060932,8.000000,12.000000,12.000000,12.000000,12.000000,12.000000,0.058981,0.239746,0.626082,0.737113,calls/second,milliseconds
1779800079,5,12.000000,9.673828,7.000000,2.060932,8.000000,12.000000,12.000000,12.000000,12.000000,12.000000,0.058292,0.220577,0.615734,0.733029,calls/second,milliseconds
1779800080,5,12.000000,9.673828,7.000000,2.060932,8.000000,12.000000,12.000000,12.000000,12.000000,12.000000,0.057619,0.220577,0.615734,0.733029,calls/second,milliseconds
1779800081,5,12.000000,9.673828,7.000000,2.060932,8.000000,12.000000,12.000000,12.000000,12.000000,12.000000,0.056961,0.220577,0.615734,0.733029,calls/second,milliseconds
1779800082,5,12.000000,9.673828,7.000000,2.060932,8.000000,12.000000,12.000000,12.000000,12.000000,12.000000,0.056318,0.220577,0.615734,0.733029,calls/second,milliseconds
1779800083,5,12.000000,9.673828,7.000000,2.060932,8.000000,12.000000,12.000000,12.000000,12.000000,12.000000,0.055689,0.220577,0.615734,0.733029,calls/second,milliseconds
1779800084,5,12.000000,9.673828,7.000000,2.060932,8.000000,12.000000,12.000000,12.000000,12.000000,12.000000,0.055075,0.202940,0.605557,0.728968,calls/second,milliseconds
1779800085,5,12.000000,9.673828,7.000000,2.060932,8.000000,12.000000,12.000000,12.000000,12.000000,12.000000,0.054474,0.202940,0.605557,0.728968,calls/second,milliseconds
1779800086,5,12.000000,9.673828,7.000000,2.060932,8.000000,12.000000,12.000000,12.000000,12.000000,12.000000,0.053885,0.202940,0.605557,0.728968,calls/second,milliseconds
1779800087,5,12.000000,9.673828,7.000000,2.060932,8.000000,12.000000,12.000000,12.000000,12.000000,12.000000,0.053310,0.202940,0.605557,0.728968,calls/second,milliseconds
1779800088,5,12.000000,9.673828,7.000000,2.060932,8.000000,12.000000,12.000000,12.000000,12.000000,12.000000,0.052746,0.202940,0.605557,0.728968,calls/second,milliseconds
1779800089,5,12.000000,9.673828,7.000000,2.060932,8.000000,12.000000,12.000000,12.000000,12.000000,12.000000,0.052194,0.186714,0.595548,0.724930,calls/second,milliseconds
1779800090,5,12.000000,9.673828,7.000000,2.060932,8.000000,12.000000,12.000000,12.000000,12.000000,12.000000,0.051654,0.186714,0.595548,0.724930,calls/second,milliseconds
1779800091,5,12.000000,9.673828,7.000000,2.060932,8.000000,12.000000,12.000000,12.000000,12.000000,12.000000,0.051125,0.186714,0.595548,0.724930,calls/second,milliseconds
1779800092,5,12.000000,9.673828,7.000000,2.060932,8.000000,12.000000,12.000000,12.000000,12.000000,12.000000,0.050607,0.186714,0.595548,0.724930,calls/second,milliseconds
1779800093,5,12.000000,9.673828,7.000000,2.060932,8.000000,12.000000,12.000000,12.000000,12.000000,12.000000,0.050099,0.186714,0.595548,0.724930,calls/second,milliseconds
1779800094,5,12.000000,9.673828,7.000000,2.060932,8.000000,12.000000,12.000000,12.000000,12.000000,12.000000,0.049601,0.171785,0.585704,0.720914,calls/second,milliseconds
1779800095,5,12.000000,9.673828,7.000000,2.060932,8.000000,12.000000,12.000000,12.000000,12.000000,12.000000,0.049113,0.171785,0.585704,0.720914,calls/second,milliseconds
1779800096,5,12.000000,9.673828,7.000000,2.060932,8.000000,12.000000,12.000000,12.000000,12.000000,12.000000,0.048634,0.171785,0.585704,0.720914,calls/second,milliseconds
1779800097,5,12.000000,9.673828,7.000000,2.060932,8.000000,12.000000,12.000000,12.000000,12.000000,12.000000,0.048165,0.171785,0.585704,0.720914,calls/second,milliseconds
1779800098,5,12.000000,9.673828,7.000000,2.060932,8.000000,12.000000,12.000000,12.000000,12.000000,12.000000,0.047704,0.171785,0.585704,0.720914,calls/second,milliseconds
1779800099,5,12.000000,9.673828,7.000000,2.060932,8.000000,12.000000,12.000000,12.000000,12.000000,12.000000,0.047252,0.158050,0.576023,0.716920,calls/second,milliseconds
1779800100,5,12.000000,9.673828,7.000000,2.060932,8.000000,12.000000,12.000000,12.000000,12.000000,12.000000,0.046809,0.158050,0.576023,0.716920,calls/second,milliseconds
1779800101,5,12.000000,9.673828,7.000000,2.060932,8.000000,12.000000,12.000000,12.000000,12.000000,12.000000,0.046375,0.158050,0.576023,0.716920,calls/second,milliseconds
1779800102,5,12.000000,9.673828,7.000000,2.060932,8.000000,12.000000,12.000000,12.000000,12.000000,12.000000,0.045948,0.158050,0.576023,0.716920,calls/second,milliseconds
1779800103,5,12.000000,9.673828,7.000000,2.060932,8.000000,12.000000,12.000000,12.000000,12.000000,12.000000,0.045528,0.158050,0.576023,0.716920,calls/second,milliseconds
1779800104,5,12.000000,9.673828,7.000000,2.060932,8.000000,12.000000,12.000000,12.000000,12.000000,12.000000,0.045117,0.145413,0.566502,0.712948,calls/second,milliseconds
1779800105,5,12.000000,9.673828,7.000000,2.060932,8.000000,12.000000,12.000000,12.000000,12.000000,12.000000,0.044713,0.145413,0.566502,0.712948,calls/second,milliseconds
1779800106,5,12.000000,9.673828,7.000000,2.060932,8.000000,12.000000,12.000000,12.000000,12.000000,12.000000,0.044316,0.145413,0.566502,0.712948,calls/second,milliseconds
1779800107,5,12.000000,9.673828,7.000000,2.060932,8.000000,12.000000,12.000000,12.000000,12.000000,12.000000,0.043926,0.145413,0.566502,0.712948,calls/second,milliseconds
1779800108,5,12.000000,9.673828,7.000000,2.060932,8.000000,12.000000,12.000000,12.000000,12.000000,12.000000,0.043543,0.145413,0.566502,0.712948,calls/second,milliseconds
1779800109,5,12.000000,9.673828,7.000000,2.060932,8.000000,12.000000,12.000000,12.000000,12.000000,12.000000,0.043166,0.133787,0.557139,0.708998,calls/second,milliseconds
1779800110,5,12.000000,9.673828,7.000000,2.060932,8.000000,12.000000,12.000000,12.000000,12.000000,12.000000,0.042796,0.133787,0.557139,0.708998,calls/second,milliseconds
1779800111,5,12.000000,9.673828,7.000000,2.060932,8.000000,12.000000,12.000000,12.000000,12.000000,12.000000,0.042433,0.133787,0.557139,0.708998,calls/second,milliseconds
1779800112,5,12.000000,9.673828,7.000000,2.060932,8.000000,12.000000,12.000000,12.000000,12.000000,12.000000,0.042075,0.133787,0.557139,0.708998,calls/second,milliseconds
1779800113,5,12.000000,9.673828,7.000000,2.060932,8.000000,12.000000,12.000000,12.000000,12.000000,12.000000,0.041723,0.133787,0.557139,0.708998,calls/second,milliseconds
1779800114,5,12.000000,9.673828,7.000000,2.060932,8.000000,12.000000,12.000000,12.000000,12.000000,12.000000,0.041377,0.123090,0.547930,0.705070,calls/second,milliseconds
1779800115,5,12.000000,9.673828,7.000000,2.060932,8.000000,12.000000,12.000000,12.000000,12.000000,12.000000,0.041037,0.123090,0.547930,0.705070,calls/second,milliseconds
1779800116,5,12.000000,9.673828,7.000000,2.060932,8.000000,12.000000,12.000000,12.000000,12.000000,12.000000,0.040703,0.123090,0.547930,0.705070,calls/second,milliseconds
1779800117,5,12.000000,9.673828,7.000000,2.060932,8.000000,12.000000,12.000000,12.000000,12.000000,12.000000,0.040373,0.123090,0.547930,0.705070,calls/second,milliseconds
1779800118,5,12.000000,9.673828,7.000000,2.060932,8.000000,12.000000,12.000000,12.000000,12.000000,12.000000,0.040049,0.123090,0.547930,0.705070,calls/second,milliseconds
1779800119,5,12.000000,9.673828,7.000000,2.060932,8.000000,12.000000,12.000000,12.000000,12.000000,12.000000,0.039731,0.113248,0.538874,0.701164,calls/second,milliseconds
1779800120,5,12.000000,9.673828,7.000000,2.060932,8.000000,12.000000,12.000000,12.000000,12.000000,12.000000,0.039417,0.113248,0.538874,0.701164,calls/second,milliseconds
1779800121,5,12.000000,9.673828,7.000000,2.060932,8.000000,12.000000,12.000000,12.000000,12.000000,12.000000,0.039108,0.113248,0.538874,0.701164,calls/second,milliseconds
1779800122,5,12.000000,9.673828,7.000000,2.060932,8.000000,12.000000,12.000000,12.000000,12.000000,12.000000,0.038804,0.113248,0.538874,0.701164,calls/second,milliseconds
1779800123,5,12.000000,9.673828,7.000000,2.060932,8.000000,12.000000,12.000000,12.000000,12.000000,12.000000,0.038504,0.113248,0.538874,0.701164,calls/second,milliseconds
1779800124,5,12.000000,9.673828,7.000000,2.060932,8.000000,12.000000,12.000000,12.000000,12.000000,12.000000,0.038210,0.104193,0.529967,0.697279,calls/second,milliseconds
1779800125,5,12.000000,9.673828,7.000000,2.060932,8.000000,12.000000,12.000000,12.000000,12.000000,12.000000,0.037920,0.104193,0.529967,0.697279,calls/second,milliseconds
1779800126,5,12.000000,9.673828,7.000000,2.060932,8.000000,12.000000,12.000000,12.000000,12.000000,12.000000,0.037634,0.104193,0.529967,0.697279,calls/second,milliseconds
1779800127,5,12.000000,9.673828,7.000000,2.060932,8.000000,12.000000,12.000000,12.000000,12.000000,12.000000,0.037352,0.104193,0.529967,0.697279,calls/second,milliseconds
1779800128,5,12.000000,9.673828,7.000000,2.060932,8.000000,12.000000,12.000000,12.000000,12.000000,12.000000,0.037075,0.104193,0.529967,0.697279,calls/second,milliseconds
1779800129,5,12.000000,9.673828,7.000000,2.060932,8.000000,12.000000,12.000000,12.000000,12.000000,12.000000,0.036801,0.095862,0.521207,0.693416,calls/second,milliseconds
1779800130,5,12.000000,9.673828,7.000000,2.060932,8.000000,12.000000,12.000000,12.000000,12.000000,12.000000,0.036532,0.095862,0.521207,0.693416,calls/second,milliseconds
1779800131,5,12.000000,9.673828,7.000000,2.060932,8.000000,12.000000,12.000000,12.000000,12.000000,12.000000,0.036267,0.095862,0.521207,0.693416,calls/second,milliseconds
1779800132,5,12.000000,9.673828,7.000000,2.060932,8.000000,12.000000,12.000000,12.000000,12.000000,12.000000,0.036005,0.095862,0.521207,0.693416,calls/second,milliseconds
1779800133,5,12.000000,9.673828,7.000000,2.060932,8.000000,12.000000,12.000000,12.000000,12.000000,12.000000,0.035747,0.095862,0.521207,0.693416,calls/second,milliseconds
1779800134,5,12.000000,9.673828,7.000000,2.060932,8.000000,12.000000,12.000000,12.000000,12.000000,12.000000,0.035493,0.088198,0.512593,0.689575,calls/second,milliseconds
1779800135,5,12.000000,9.673828,7.000000,2.060932,8.000000,12.000000,12.000000,12.000000,12.000000,12.000000,0.035242,0.088198,0.512593,0.689575,calls/second,milliseconds
1779800136,5,12.000000,9.673828,7.000000,2.060932,8.000000,12.000000,12.000000,12.000000,12.000000,12.000000,0.034995,0.088198,0.512593,0.689575,calls/second,milliseconds
1779800137,5,12.000000,9.673828,7.000000,2.060932,8.000000,12.000000,12.000000,12.000000,12.000000,12.000000,0.034752,0.088198,0.512593,0.689575,calls/second,milliseconds
1779800138,5,12.000000,9.673828,7.000000,2.060932,8.000000,12.000000,12.000000,12.000000,12.000000,12.000000,0.034511,0.088198,0.512593,0.689575,calls/second,milliseconds
1779800139,5,12.000000,9.673828,7.000000,2.060932,8.000000,12.000000,12.000000,12.000000,12.000000,12.000000,0.034274,0.081146,0.504120,0.685754,calls/second,milliseconds
1779800140,5,12.000000,9.673828,7.000000,2.060932,8.000000,12.000000,12.000000,12.000000,12.000000,12.000000,0.034041,0.081146,0.504120,0.685754,calls/second,milliseconds
1779800141,5,12.000000,9.673828,7.000000,2.060932,8.000000,12.000000,12.000000,12.000000,12.000000,12.000000,0.033810,0.081146,0.504120,0.685754,calls/second,milliseconds
1779800142,5,12.000000,9.673828,7.000000,2.060932,8.000000,12.000000,12.000000,12.000000,12.000000,12.000000,0.033583,0.081146,0.504120,0.685754,calls/second,milliseconds
1779800143,5,12.000000,9.673828,7.000000,2.060932,8.000000,12.000000,12.000000,12.000000,12.000000,12.000000,0.033358,0.081146,0.504120,0.685754,calls/second,milliseconds
1779800144,5,12.000000,9.673828,7.000000,2.060932,8.000000,12.000000,12.000000,12.000000,12.000000,12.000000,0.033137,0.074658,0.495788,0.681955,calls/second,milliseconds
1779800145,5,12.000000,9.673828,7.000000,2.060932,8.000000,12.000000,12.000000,12.000000,12.000000,12.000000,0.032918,0.074658,0.495788,0.681955,calls/second,milliseconds
1779800146,5,12.000000,9.673828,7.000000,2.060932,8.000000,12.000000,12.000000,12.000000,12.000000,12.000000,0.032703,0.074658,0.495788,0.681955,calls/second,milliseconds
1779800147,5,12.000000,9.673828,7.000000,2.060932,8.000000,12.000000,12.000000,12.000000,12.000000,12.000000,0.032490,0.074658,0.495788,0.681955,calls/second,milliseconds
1779800148,6,12.000000,8.638247,7.000000,1.510148,8.000000,8.000000,12.000000,12.000000,12.000000,12.000000,0.038734,0.074658,0.495788,0.681955,calls/second,milliseconds
1779800149,6,12.000000,8.638247,7.000000,1.510148,8.000000,8.000000,12.000000,12.000000,12.000000,12.000000,0.038485,0.084679,0.490899,0.679285,calls/second,milliseconds
1779800150,6,12.000000,8.638247,7.000000,1.510148,8.000000,8.000000,12.000000,12.000000,12.000000,12.000000,0.038239,0.084679,0.490899,0.679285,calls/second,milliseconds
1779800151,6,12.000000,8.638247,7.000000,1.510148,8.000000,8.000000,12.000000,12.000000,12.000000,12.000000,0.037997,0.084679,0.490899,0.679285,calls/second,milliseconds
1779800152,6,12.000000,8.638247,7.000000,1.510148,8.000000,8.000000,12.000000,12.000000,12.000000,12.000000,0.037757,0.084679,0.490899,0.679285,calls/second,milliseconds
1779800153,6,12.000000,8.638247,7.000000,1.510148,8.000000,8.000000,12.000000,12.000000,12.000000,12.000000,0.037521,0.084679,0.490899,0.679285,calls/second,milliseconds
1779800154,6,12.000000,8.638247,7.000000,1.510148,8.000000,8.000000,12.000000,12.000000,12.000000,12.000000,0.037287,0.077909,0.482785,0.675522,calls/second,milliseconds
1779800155,6,12.000000,8.638247,7.000000,1.510148,8.000000,8.000000,12.000000,12.000000,12.000000,12.000000,0.037056,0.077909,0.482785,0.675522,calls/second,milliseconds
1779800156,6,12.000000,8.638247,7.000000,1.510148,8.000000,8.000000,12.000000,12.000000,12.000000,12.000000,0.036829,0.077909,0.482785,0.675522,calls/second,milliseconds
1779800157,6,12.000000,8.638247,7.000000,1.510148,8.000000,8.000000,12.000000,12.000000,12.000000,12.000000,0.036604,0.077909,0.482785,0.675522,calls/second,milliseconds
1779800158,6,12.000000,8.638247,7.000000,1.510148,8.000000,8.000000,12.000000,12.000000,12.000000,12.000000,0.036381,0.077909,0.482785,0.675522,calls/second,milliseconds
1779800159,6,12.000000,8.638247,7.000000,1.510148,8.000000,8.000000,12.000000,12.000000,12.000000,12.000000,0.036162,0.071680,0.474805,0.671779,calls/second,milliseconds
1779800160,6,12.000000,8.638247,7.000000,1.510148,8.000000,8.000000,12.000000,12.000000,12.000000,12.000000,0.035945,0.071680,0.474805,0.671779,calls/second,milliseconds
1779800161,6,12.000000,8.638247,7.000000,1.510148,8.000000,8.000000,12.000000,12.000000,12.000000,12.000000,0.035730,0.071680,0.474805,0.671779,calls/second,milliseconds
1779800162,6,12.000000,8.638247,7.000000,1.510148,8.000000,8.000000,12.000000,12.000000,12.000000,12.000000,0.035519,0.071680,0.474805,0.671779,calls/second,milliseconds
1779800163,6,12.000000,8.638247,7.000000,1.510148,8.000000,8.000000,12.000000,12.000000,12.000000,12.000000,0.035309,0.071680,0.474805,0.671779,calls/second,milliseconds
1779800164,6,12.000000,8.638247,7.000000,1.510148,8.000000,8.000000,12.000000,12.000000,12.000000,12.000000,0.035102,0.065948,0.466957,0.668057,calls/second,milliseconds
1779800165,6,12.000000,8.638247,7.000000,1.510148,8.000000,8.000000,12.000000,12.000000,12.000000,12.000000,0.034898,0.065948,0.466957,0.668057,calls/second,milliseconds
1779800166,6,12.000000,8.638247,7.000000,1.510148,8.000000,8.000000,12.000000,12.000000,12.000000,12.000000,0.034696,0.065948,0.466957,0.668057,calls/second,milliseconds
1779800167,6,12.000000,8.638247,7.000000,1.510148,8.000000,8.000000,12.000000,12.000000,12.000000,12.000000,0.034496,0.065948,0.466957,0.668057,calls/second,milliseconds
1779800168,6,12.000000,8.638247,7.000000,1.510148,8.000000,8.000000,12.000000,12.000000,12.000000,12.000000,0.034298,0.065948,0.466957,0.668057,calls/second,milliseconds
1779800169,6,12.000000,8.638247,7.000000,1.510148,8.000000,8.000000,12.000000,12.000000,12.000000,12.000000,0.034103,0.060675,0.459239,0.664356,calls/second,milliseconds
1779800170,6,12.000000,8.638247,7.000000,1.510148,8.000000,8.000000,12.000000,12.000000,12.000000,12.000000,0.033910,0.060675,0.459239,0.664356,calls/second,milliseconds
1779800171,6,12.000000,8.638247,7.000000,1.510148,8.000000,8.000000,12.000000,12.000000,12.000000,12.000000,0.033719,0.060675,0.459239,0.664356,calls/second,milliseconds
1779800172,6,12.000000,8.638247,7.000000,1.510148,8.000000,8.000000,12.000000,12.000000,12.000000,12.000000,0.033530,0.060675,0.459239,0.664356,calls/second,milliseconds
1779800173,6,12.000000,8.638247,7.000000,1.510148,8.000000,8.000000,12.000000,12.000000,12.000000,12.000000,0.033344,0.060675,0.459239,0.664356,calls/second,milliseconds
1779800174,6,12.000000,8.638247,7.000000,1.510148,8.000000,8.000000,12.000000,12.000000,12.000000,12.000000,0.033159,0.055824,0.451649,0.660676,calls/second,milliseconds
1779800175,6,12.000000,8.638247,7.000000,1.510148,8.000000,8.000000,12.000000,12.000000,12.000000,12.000000,0.032977,0.055824,0.451649,0.660676,calls/second,milliseconds
1779800176,6,12.000000,8.638247,7.000000,1.510148,8.000000,8.000000,12.000000,12.000000,12.000000,12.000000,0.032796,0.055824,0.451649,0.660676,calls/second,milliseconds
1779800177,6,12.000000,8.638247,7.000000,1.510148,8.000000,8.000000,12.000000,12.000000,12.000000,12.000000,0.032617,0.055824,0.451649,0.660676,calls/second,milliseconds
1779800178,6,12.000000,8.638247,7.000000,1.510148,8.000000,8.000000,12.000000,12.000000,12.000000,12.000000,0.032441,0.055824,0.451649,0.660676,calls/second,milliseconds
1779800179,6,12.000000,8.638247,7.000000,1.510148,8.000000,8.000000,12.000000,12.000000,12.000000,12.000000,0.032266,0.051361,0.444184,0.657015,calls/second,milliseconds
1779800180,6,12.000000,8.638247,7.000000,1.510148,8.000000,8.000000,12.000000,12.000000,12.000000,12.000000,0.032093,0.051361,0.444184,0.657015,calls/second,milliseconds
1779800181,6,12.000000,8.638247,7.000000,1.510148,8.000000,8.000000,12.000000,12.000000,12.000000,12.000000,0.031922,0.051361,0.444184,0.657015,calls/second,milliseconds
1779800182,6,12.000000,8.638247,7.000000,1.510148,8.000000,8.000000,12.000000,12.000000,12.000000,12.000000,0.031753,0.051361,0.444184,0.657015,calls/second,milliseconds
1779800183,6,12.000000,8.638247,7.000000,1.510148,8.000000,8.000000,12.000000,12.000000,12.000000,12.000000,0.031586,0.051361,0.444184,0.657015,calls/second,milliseconds
1779800184,6,12.000000,8.638247,7.000000,1.510148,8.000000,8.000000,12.000000,12.000000,12.000000,12.000000,0.031420,0.047254,0.436842,0.653375,calls/second,milliseconds
1779800185,6,12.000000,8.638247,7.000000,1.510148,8.000000,8.000000,12.000000,12.000000,12.000000,12.000000,0.031256,0.047254,0.436842,0.653375,calls/second,milliseconds
1779800186,6,12.000000,8.638247,7.000000,1.510148,8.000000,8.000000,12.000000,12.000000,12.000000,12.000000,0.031094,0.047254,0.436842,0.653375,calls/second,milliseconds
1779800187,6,12.000000,8.638247,7.000000,1.510148,8.000000,8.000000,12.000000,12.000000,12.000000,12.000000,0.030933,0.047254,0.436842,0.653375,calls/second,milliseconds
1779800188,6,12.000000,8.638247,7.000000,1.510148,8.000000,8.000000,12.000000,12.000000,12.000000,12.000000,0.030774,0.047254,0.436842,0.653375,calls/second,milliseconds
1779800189,6,12.000000,8.638247,7.000000,1.510148,8.000000,8.000000,12.000000,12.000000,12.000000,12.000000,0.030617,0.043476,0.429622,0.649756,calls/second,milliseconds
1779800190,6,12.000000,8.638247,7.000000,1.510148,8.000000,8.000000,12.000000,12.000000,12.000000,12.000000,0.030461,0.043476,0.429622,0.649756,calls/second,milliseconds
1779800191,6,12.000000,8.638247,7.000000,1.510148,8.000000,8.000000,12.000000,12.000000,12.000000,12.000000,0.030307,0.043476,0.429622,0.649756,calls/second,milliseconds
1779800192,6,12.000000,8.638247,7.000000,1.510148,8.000000,8.000000,12.000000,12.000000,12.000000,12.000000,0.030155,0.043476,0.429622,0.649756,calls/second,milliseconds
1779800193,6,12.000000,8.638247,7.000000,1.510148,8.000000,8.000000,12.000000,12.000000,12.000000,12.000000,0.030004,0.043476,0.429622,0.649756,calls/second,milliseconds
1779800194,6,12.000000,8.638247,7.000000,1.510148,8.000000,8.000000,12.000000,12.000000,12.000000,12.000000,0.029854,0.040000,0.422521,0.646156,calls/second,milliseconds
1779800195,6,12.000000,8.638247,7.000000,1.510148,8.000000,8.000000,12.000000,12.000000,12.000000,12.000000,0.029706,0.040000,0.422521,0.646156,calls/second,milliseconds
1779800196,6,12.000000,8.638247,7.000000,1.510148,8.000000,8.000000,12.000000,12.000000,12.000000,12.000000,0.029560,0.040000,0.422521,0.646156,calls/second,milliseconds
1779800197,6,12.000000,8.638247,7.000000,1.510148,8.000000,8.000000,12.000000,12.000000,12.000000,12.000000,0.029414,0.040000,0.422521,0.646156,calls/second,milliseconds
1779800198,6,12.000000,8.638247,7.000000,1.510148,8.000000,8.000000,12.000000,12.000000,12.000000,12.000000,0.029271,0.040000,0.422521,0.646156,calls/second,milliseconds
1779800199,6,12.000000,8.638247,7.000000,1.510148,8.000000,8.000000,12.000000,12.000000,12.000000,12.000000,0.029128,0.036802,0.415537,0.642576,calls/second,milliseconds
1779800200,6,12.000000,8.638247,7.000000,1.510148,8.000000,8.000000,12.000000,12.000000,12.000000,12.000000,0.028987,0.036802,0.415537,0.642576,calls/second,milliseconds
1779800201,6,12.000000,8.638247,7.000000,1.510148,8.000000,8.000000,12.000000,12.000000,12.000000,12.000000,0.028848,0.036802,0.415537,0.642576,calls/second,milliseconds
1779800202,6,12.000000,8.638247,7.000000,1.510148,8.000000,8.000000,12.000000,12.000000,12.000000,12.000000,0.028709,0.036802,0.415537,0.642576,calls/second,milliseconds
1779800203,6,12.000000,8.638247,7.000000,1.510148,8.000000,8.000000,12.000000,12.000000,12.000000,12.000000,0.028572,0.036802,0.415537,0.642576,calls/second,milliseconds
1779800204,6,12.000000,8.638247,7.000000,1.510148,8.000000,8.000000,12.000000,12.000000,12.000000,12.000000,0.028437,0.033859,0.408669,0.639016,calls/second,milliseconds
1779800205,6,12.000000,8.638247,7.000000,1.510148,8.000000,8.000000,12.000000,12.000000,12.000000,12.000000,0.028302,0.033859,0.408669,0.639016,calls/second,milliseconds
1779800206,6,12.000000,8.638247,7.000000,1.510148,8.000000,8.000000,12.000000,12.000000,12.000000,12.000000,0.028169,0.033859,0.408669,0.639016,calls/second,milliseconds
1779800207,6,12.000000,8.638247,7.000000,1.510148,8.000000,8.000000,12.000000,12.000000,12.000000,12.000000,0.028037,0.033859,0.408669,0.639016,calls/second,milliseconds
1779800208,6,12.000000,8.638247,7.000000,1.510148,8.000000,8.000000,12.000000,12.000000,12.000000,12.000000,0.027907,0.031152,0.401914,0.635476,calls/second,milliseconds
1779800209,6,12.000000,8.638247,7.000000,1.510148,8.000000,8.000000,12.000000,12.000000,12.000000,12.000000,0.027777,0.031152,0.401914,0.635476,calls/second,milliseconds
1779800210,6,12.000000,8.638247,7.000000,1.510148,8.000000,8.000000,12.000000,12.000000,12.000000,12.000000,0.027649,0.031152,0.401914,0.635476,calls/second,milliseconds
1779800211,6,12.000000,8.638247,7.000000,1.510148,8.000000,8.000000,12.000000,12.000000,12.000000,12.000000,0.027522,0.031152,0.401914,0.635476,calls/second,milliseconds
1779800212,6,12.000000,8.638247,7.000000,1.510148,8.000000,8.000000,12.000000,12.000000,12.000000,12.000000,0.027396,0.031152,0.401914,0.635476,calls/second,milliseconds
1779800213,6,12.000000,8.638247,7.000000,1.510148,8.000000,8.000000,12.000000,12.000000,12.000000,12.000000,0.027272,0.028661,0.395271,0.631955,calls/second,milliseconds
1779800214,6,12.000000,8.638247,7.000000,1.510148,8.000000,8.000000,12.000000,12.000000,12.000000,12.000000,0.027148,0.028661,0.395271,0.631955,calls/second,milliseconds
1779800215,6,12.000000,8.638247,7.000000,1.510148,8.000000,8.000000,12.000000,12.000000,12.000000,12.000000,0.027026,0.028661,0.395271,0.631955,calls/second,milliseconds
1779800216,6,12.000000,8.638247,7.000000,1.510148,8.000000,8.000000,12.000000,12.000000,12.000000,12.000000,0.026904,0.028661,0.395271,0.631955,calls/second,milliseconds
1779800217,6,12.000000,8.638247,7.000000,1.510148,8.000000,8.000000,12.000000,12.000000,12.000000,12.000000,0.026784,0.028661,0.395271,0.631955,calls/second,milliseconds
1779800218,6,12.000000,8.638247,7.000000,1.510148,8.000000,8.000000,12.000000,12.000000,12.000000,12.000000,0.026665,0.026369,0.388738,0.628454,calls/second,milliseconds
1779800219,6,12.000000,8.638247,7.000000,1.510148,8.000000,8.000000,12.000000,12.000000,12.000000,12.000000,0.026547,0.026369,0.388738,0.628454,calls/second,milliseconds
1779800220,6,12.000000,8.638247,7.000000,1.510148,8.000000,8.000000,12.000000,12.000000,12.000000,12.000000,0.026430,0.026369,0.388738,0.628454,calls/second,milliseconds
1779800221,6,12.000000,8.638247,7.000000,1.510148,8.000000,8.000000,12.000000,12.000000,12.000000,12.000000,0.026313,0.026369,0.388738,0.628454,calls/second,milliseconds
1779800222,6,12.000000,8.638247,7.000000,1.510148,8.000000,8.000000,12.000000,12.000000,12.000000,12.000000,0.026198,0.026369,0.388738,0.628454,calls/second,milliseconds
1779800223,6,12.000000,8.638247,7.000000,1.510148,8.000000,8.000000,12.000000,12.000000,12.000000,12.000000,0.026084,0.024261,0.382312,0.624972,calls/second,milliseconds
1779800224,6,12.000000,8.638247,7.000000,1.510148,8.000000,8.000000,12.000000,12.000000,12.000000,12.000000,0.025971,0.024261,0.382312,0.624972,calls/second,milliseconds
1779800225,6,12.000000,8.638247,7.000000,1.510148,8.000000,8.000000,12.000000,12.000000,12.000000,12.000000,0.025859,0.024261,0.382312,0.624972,calls/second,milliseconds
1779800226,6,12.000000,8.638247,7.000000,1.510148,8.000000,8.000000,12.000000,12.000000,12.000000,12.000000,0.025748,0.024261,0.382312,0.624972,calls/second,milliseconds
1779800227,6,12.000000,8.638247,7.000000,1.510148,8.000000,8.000000,12.000000,12.000000,12.000000,12.000000,0.025638,0.024261,0.382312,0.624972,calls/second,milliseconds
1779800228,6,12.000000,8.638247,7.000000,1.510148,8.000000,8.000000,12.000000,12.000000,12.000000,12.000000,0.025528,0.022321,0.375993,0.621510,calls/second,milliseconds
1779800229,6,12.000000,8.638247,7.000000,1.510148,8.000000,8.000000,12.000000,12.000000,12.000000,12.000000,0.025420,0.022321,0.375993,0.621510,calls/second,milliseconds
1779800230,6,12.000000,8.638247,7.000000,1.510148,8.000000,8.000000,12.000000,12.000000,12.000000,12.000000,0.025313,0.022321,0.375993,0.621510,calls/second,milliseconds
1779800231,6,12.000000,8.638247,7.000000,1.510148,8.000000,8.000000,12.000000,12.000000,12.000000,12.000000,0.025206,0.022321,0.375993,0.621510,calls/second,milliseconds
1779800232,6,12.000000,8.638247,7.000000,1.510148,8.000000,8.000000,12.000000,12.000000,12.000000,12.000000,0.025101,0.022321,0.375993,0.621510,calls/second,milliseconds
1779800233,6,12.000000,8.638247,7.000000,1.510148,8.000000,8.000000,12.000000,12.000000,12.000000,12.000000,0.024996,0.020537,0.369779,0.618067,calls/second,milliseconds
1779800234,6,12.000000,8.638247,7.000000,1.510148,8.000000,8.000000,12.000000,12.000000,12.000000,12.000000,0.024892,0.020537,0.369779,0.618067,calls/second,milliseconds
1779800235,6,12.000000,8.638247,7.000000,1.510148,8.000000,8.000000,12.000000,12.000000,12.000000,12.000000,0.024789,0.020537,0.369779,0.618067,calls/second,milliseconds
1779800236,6,12.000000,8.638247,7.000000,1.510148,8.000000,8.000000,12.000000,12.000000,12.000000,12.000000,0.024687,0.020537,0.369779,0.618067,calls/second,milliseconds
1779800237,6,12.000000,8.638247,7.000000,1.510148,8.000000,8.000000,12.000000,12.000000,12.000000,12.000000,0.024586,0.020537,0.369779,0.618067,calls/second,milliseconds
1779800238,6,12.000000,8.638247,7.000000,1.510148,8.000000,8.000000,12.000000,12.000000,12.000000,12.000000,0.024485,0.018895,0.363667,0.614642,calls/second,milliseconds
1779800239,6,12.000000,8.638247,7.000000,1.510148,8.000000,8.000000,12.000000,12.000000,12.000000,12.000000,0.024385,0.018895,0.363667,0.614642,calls/second,milliseconds
1779800240,6,12.000000,8.638247,7.000000,1.510148,8.000000,8.000000,12.000000,12.000000,12.000000,12.000000,0.024287,0.018895,0.363667,0.614642,calls/second,milliseconds
1779800241,6,12.000000,8.638247,7.000000,1.510148,8.000000,8.000000,12.000000,12.000000,12.000000,12.000000,0.024189,0.018895,0.363667,0.614642,calls/second,milliseconds
1779800242,6,12.000000,8.638247,7.000000,1.510148,8.000000,8.000000,12.000000,12.000000,12.000000,12.000000,0.024091,0.018895,0.363667,0.614642,calls/second,milliseconds
1779800243,6,12.000000,8.638247,7.000000,1.510148,8.000000,8.000000,12.000000,12.000000,12.000000,12.000000,0.023995,0.017384,0.357656,0.611237,calls/second,milliseconds
1779800244,6,12.000000,8.638247,7.000000,1.510148,8.000000,8.000000,12.000000,12.000000,12.000000,12.000000,0.023899,0.017384,0.357656,0.611237,calls/second,milliseconds
1779800245,6,12.000000,8.638247,7.000000,1.510148,8.000000,8.000000,12.000000,12.000000,12.000000,12.000000,0.023804,0.017384,0.357656,0.611237,calls/second,milliseconds
1779800246,6,12.000000,8.638247,7.000000,1.510148,8.000000,8.000000,12.000000,12.000000,12.000000,12.000000,0.023710,0.017384,0.357656,0.611237,calls/second,milliseconds
1779800247,6,12.000000,8.638247,7.000000,1.510148,8.000000,8.000000,12.000000,12.000000,12.000000,12.000000,0.023616,0.017384,0.357656,0.611237,calls/second,milliseconds
1779800248,6,12.000000,8.638247,7.000000,1.510148,8.000000,8.000000,12.000000,12.000000,12.000000,12.000000,0.023523,0.015994,0.351744,0.607851,calls/second,milliseconds
1779800249,6,12.000000,8.638247,7.000000,1.510148,8.000000,8.000000,12.000000,12.000000,12.000000,12.000000,0.023431,0.015994,0.351744,0.607851,calls/second,milliseconds
1779800250,6,12.000000,8.638247,7.000000,1.510148,8.000000,8.000000,12.000000,12.000000,12.000000,12.000000,0.023340,0.015994,0.351744,0.607851,calls/second,milliseconds
1779800251,6,12.000000,8.638247,7.000000,1.510148,8.000000,8.000000,12.000000,12.000000,12.000000,12.000000,0.023250,0.015994,0.351744,0.607851,calls/second,milliseconds
1779800252,6,12.000000,8.638247,7.000000,1.510148,8.000000,8.000000,12.000000,12.000000,12.000000,12.000000,0.023160,0.015994,0.351744,0.607851,calls/second,milliseconds
1779800253,6,12.000000,8.638247,7.000000,1.510148,8.000000,8.000000,12.000000,12.000000,12.000000,12.000000,0.023071,0.014715,0.345931,0.604483,calls/second,milliseconds
1779800254,6,12.000000,8.638247,7.000000,1.510148,8.000000,8.000000,12.000000,12.000000,12.000000,12.000000,0.022982,0.014715,0.345931,0.604483,calls/second,milliseconds
1779800255,6,12.000000,8.638247,7.000000,1.510148,8.000000,8.000000,12.000000,12.000000,12.000000,12.000000,0.022894,0.014715,0.345931,0.604483,calls/second,milliseconds
1779800256,6,12.000000,8.638247,7.000000,1.510148,8.000000,8.000000,12.000000,12.000000,12.000000,12.000000,0.022807,0.014715,0.345931,0.604483,calls/second,milliseconds
1779800257,6,12.000000,8.638247,7.000000,1.510148,8.000000,8.000000,12.000000,12.000000,12.000000,12.000000,0.022721,0.014715,0.345931,0.604483,calls/second,milliseconds
1779800258,7,12.000000,7.388072,7.000000,1.012610,7.000000,7.000000,8.000000,12.000000,12.000000,12.000000,0.026406,0.013539,0.340213,0.601134,calls/second,milliseconds
1779800259,7,12.000000,7.388072,7.000000,1.012610,7.000000,7.000000,8.000000,12.000000,12.000000,12.000000,0.026307,0.013539,0.340213,0.601134,calls/second,milliseconds
1779800260,7,12.000000,7.388072,7.000000,1.012610,7.000000,7.000000,8.000000,12.000000,12.000000,12.000000,0.026208,0.013539,0.340213,0.601134,calls/second,milliseconds
1779800261,7,12.000000,7.388072,7.000000,1.012610,7.000000,7.000000,8.000000,12.000000,12.000000,12.000000,0.026110,0.013539,0.340213,0.601134,calls/second,milliseconds
1779800262,7,12.000000,7.388072,7.000000,1.012610,7.000000,7.000000,8.000000,12.000000,12.000000,12.000000,0.026013,0.013539,0.340213,0.601134,calls/second,milliseconds
1779800263,7,12.000000,7.388072,7.000000,1.012610,7.000000,7.000000,8.000000,12.000000,12.000000,12.000000,0.025917,0.028447,0.337895,0.598912,calls/second,milliseconds
1779800264,7,12.000000,7.388072,7.000000,1.012610,7.000000,7.000000,8.000000,12.000000,12.000000,12.000000,0.025821,0.028447,0.337895,0.598912,calls/second,milliseconds
1779800265,7,12.000000,7.388072,7.000000,1.012610,7.000000,7.000000,8.000000,12.000000,12.000000,12.000000,0.025726,0.028447,0.337895,0.598912,calls/second,milliseconds
1779800266,7,12.000000,7.388072,7.000000,1.012610,7.000000,7.000000,8.000000,12.000000,12.000000,12.000000,0.025632,0.028447,0.337895,0.598912,calls/second,milliseconds
1779800267,7,12.000000,7.388072,7.000000,1.012610,7.000000,7.000000,8.000000,12.000000,12.000000,12.000000,0.025538,0.028447,0.337895,0.598912,calls/second,milliseconds
1779800268,7,12.000000,7.388072,7.000000,1.012610,7.000000,7.000000,8.000000,12.000000,12.000000,12.000000,0.025445,0.026173,0.332310,0.595594,calls/second,milliseconds
1779800269,7,12.000000,7.388072,7.000000,1.012610,7.000000,7.000000,8.000000,12.000000,12.000000,12.000000,0.025353,0.026173,0.332310,0.595594,calls/second,milliseconds
1779800270,7,12.000000,7.388072,7.000000,1.012610,7.000000,7.000000,8.000000,12.000000,12.000000,12.000000,0.025261,0.026173,0.332310,0.595594,calls/second,milliseconds
1779800271,7,12.000000,7.388072,7.000000,1.012610,7.000000,7.000000,8.000000,12.000000,12.000000,12.000000,0.025170,0.026173,0.332310,0.595594,calls/second,milliseconds
1779800272,7,12.000000,7.388072,7.000000,1.012610,7.000000,7.000000,8.000000,12.000000,12.000000,12.000000,0.025080,0.026173,0.332310,0.595594,calls/second,milliseconds
1779800273,7,12.000000,7.388072,7.000000,1.012610,7.000000,7.000000,8.000000,12.000000,12.000000,12.000000,0.024990,0.024080,0.326818,0.592294,calls/second,milliseconds
1779800274,7,12.000000,7.388072,7.000000,1.012610,7.000000,7.000000,8.000000,12.000000,12.000000,12.000000,0.024901,0.024080,0.326818,0.592294,calls/second,milliseconds
1779800275,7,12.000000,7.388072,7.000000,1.012610,7.000000,7.000000,8.000000,12.000000,12.000000,12.000000,0.024813,0.024080,0.326818,0.592294,calls/second,milliseconds
1779800276,7,12.000000,7.388072,7.000000,1.012610,7.000000,7.000000,8.000000,12.000000,12.000000,12.000000,0.024725,0.024080,0.326818,0.592294,calls/second,milliseconds
1779800277,7,12.000000,7.388072,7.000000,1.012610,7.000000,7.000000,8.000000,12.000000,12.000000,12.000000,0.024638,0.024080,0.326818,0.592294,calls/second,milliseconds
1779800278,7,12.000000,7.388072,7.000000,1.012610,7.000000,7.000000,8.000000,12.000000,12.000000,12.000000,0.024551,0.022155,0.321416,0.589013,calls/second,milliseconds
1779800279,7,12.000000,7.388072,7.000000,1.012610,7.000000,7.000000,8.000000,12.000000,12.000000,12.000000,0.024465,0.022155,0.321416,0.589013,calls/second,milliseconds
1779800280,7,12.000000,7.388072,7.000000,1.012610,7.000000,7.000000,8.000000,12.000000,12.000000,12.000000,0.024380,0.022155,0.321416,0.589013,calls/second,milliseconds
1779800281,7,12.000000,7.388072,7.000000,1.012610,7.000000,7.000000,8.000000,12.000000,12.000000,12.000000,0.024295,0.022155,0.321416,0.589013,calls/second,milliseconds
1779800282,7,12.000000,7.388072,7.000000,1.012610,7.000000,7.000000,8.000000,12.000000,12.000000,12.000000,0.024211,0.022155,0.321416,0.589013,calls/second,milliseconds
1779800283,7,12.000000,7.388072,7.000000,1.012610,7.000000,7.000000,8.000000,12.000000,12.000000,12.000000,0.024128,0.020383,0.316103,0.585750,calls/second,milliseconds
1779800284,7,12.000000,7.388072,7.000000,1.012610,7.000000,7.000000,8.000000,12.000000,12.000000,12.000000,0.024044,0.020383,0.316103,0.585750,calls/second,milliseconds
1779800285,7,12.000000,7.388072,7.000000,1.012610,7.000000,7.000000,8.000000,12.000000,12.000000,12.000000,0.023962,0.020383,0.316103,0.585750,calls/second,milliseconds
1779800286,7,12.000000,7.388072,7.000000,1.012610,7.000000,7.000000,8.000000,12.000000,12.000000,12.000000,0.023880,0.020383,0.316103,0.585750,calls/second,milliseconds
1779800287,7,12.000000,7.388072,7.000000,1.012610,7.000000,7.000000,8.000000,12.000000,12.000000,12.000000,0.023799,0.020383,0.316103,0.585750,calls/second,milliseconds
1779800288,7,12.000000,7.388072,7.000000,1.012610,7.000000,7.000000,8.000000,12.000000,12.000000,12.000000,0.023718,0.018754,0.310879,0.582504,calls/second,milliseconds
1779800289,7,12.000000,7.388072,7.000000,1.012610,7.000000,7.000000,8.000000,12.000000,12.000000,12.000000,0.023638,0.018754,0.310879,0.582504,calls/second,milliseconds
1779800290,7,12.000000,7.388072,7.000000,1.012610,7.000000,7.000000,8.000000,12.000000,12.000000,12.000000,0.023558,0.018754,0.310879,0.582504,calls/second,milliseconds
1779800291,7,12.000000,7.388072,7.000000,1.012610,7.000000,7.000000,8.000000,12.000000,12.000000,12.000000,0.023479,0.018754,0.310879,0.582504,calls/second,milliseconds
1779800292,7,12.000000,7.388072,7.000000,1.012610,7.000000,7.000000,8.000000,12.000000,12.000000,12.000000,0.023400,0.018754,0.310879,0.582504,calls/second,milliseconds
1779800293,7,12.000000,7.388072,7.000000,1.012610,7.000000,7.000000,8.000000,12.000000,12.000000,12.000000,0.023322,0.017254,0.305740,0.579277,calls/second,milliseconds
1779800294,7,12.000000,7.388072,7.000000,1.012610,7.000000,7.000000,8.000000,12.000000,12.000000,12.000000,0.023245,0.017254,0.305740,0.579277,calls/second,milliseconds
1779800295,7,12.000000,7.388072,7.000000,1.012610,7.000000,7.000000,8.000000,12.000000,12.000000,12.000000,0.023168,0.017254,0.305740,0.579277,calls/second,milliseconds
1779800296,7,12.000000,7.388072,7.000000,1.012610,7.000000,7.000000,8.000000,12.000000,12.000000,12.000000,0.023091,0.017254,0.305740,0.579277,calls/second,milliseconds
1779800297,7,12.000000,7.388072,7.000000,1.012610,7.000000,7.000000,8.000000,12.000000,12.000000,12.000000,0.023015,0.017254,0.305740,0.579277,calls/second,milliseconds
1779800298,7,12.000000,7.388072,7.000000,1.012610,7.000000,7.000000,8.000000,12.000000,12.000000,12.000000,0.022940,0.015875,0.300687,0.576068,calls/second,milliseconds
1779800299,7,12.000000,7.388072,7.000000,1.012610,7.000000,7.000000,8.000000,12.000000,12.000000,12.000000,0.022864,0.015875,0.300687,0.576068,calls/second,milliseconds
1779800300,7,12.000000,7.388072,7.000000,1.012610,7.000000,7.000000,8.000000,12.000000,12.000000,12.000000,0.022790,0.015875,0.300687,0.576068,calls/second,milliseconds
1779800301,7,12.000000,7.388072,7.000000,1.012610,7.000000,7.000000,8.000000,12.000000,12.000000,12.000000,0.022716,0.015875,0.300687,0.576068,calls/second,milliseconds
1779800302,7,12.000000,7.388072,7.000000,1.012610,7.000000,7.000000,8.000000,12.000000,12.000000,12.000000,0.022642,0.015875,0.300687,0.576068,calls/second,milliseconds
1779800303,7,12.000000,7.388072,7.000000,1.012610,7.000000,7.000000,8.000000,12.000000,12.000000,12.000000,0.022569,0.014605,0.295717,0.572877,calls/second,milliseconds
1779800304,7,12.000000,7.388072,7.000000,1.012610,7.000000,7.000000,8.000000,12.000000,12.000000,12.000000,0.022497,0.014605,0.295717,0.572877,calls/second,milliseconds
1779800305,7,12.000000,7.388072,7.000000,1.012610,7.000000,7.000000,8.000000,12.000000,12.000000,12.000000,0.022424,0.014605,0.295717,0.572877,calls/second,milliseconds
1779800306,7,12.000000,7.388072,7.000000,1.012610,7.000000,7.000000,8.000000,12.000000,12.000000,12.000000,0.022353,0.014605,0.295717,0.572877,calls/second,milliseconds
1779800307,7,12.000000,7.388072,7.000000,1.012610,7.000000,7.000000,8.000000,12.000000,12.000000,12.000000,0.022281,0.014605,0.295717,0.572877,calls/second,milliseconds
1779800308,7,12.000000,7.388072,7.000000,1.012610,7.000000,7.000000,8.000000,12.000000,12.000000,12.000000,0.022211,0.013437,0.290829,0.569703,calls/second,milliseconds
1779800309,7,12.000000,7.388072,7.000000,1.012610,7.000000,7.000000,8.000000,12.000000,12.000000,12.000000,0.022140,0.013437,0.290829,0.569703,calls/second,milliseconds
1779800310,7,12.000000,7.388072,7.000000,1.012610,7.000000,7.000000,8.000000,12.000000,12.000000,12.000000,0.022070,0.013437,0.290829,0.569703,calls/second,milliseconds
1779800311,7,12.000000,7.388072,7.000000,1.012610,7.000000,7.000000,8.000000,12.000000,12.000000,12.000000,0.022001,0.013437,0.290829,0.569703,calls/second,milliseconds
1779800312,7,12.000000,7.388072,7.000000,1.012610,7.000000,7.000000,8.000000,12.000000,12.000000,12.000000,0.021932,0.013437,0.290829,0.569703,calls/second,milliseconds
1779800313,7,12.000000,7.388072,7.000000,1.012610,7.000000,7.000000,8.000000,12.000000,12.000000,12.000000,0.021863,0.012363,0.286022,0.566546,calls/second,milliseconds
1779800314,7,12.000000,7.388072,7.000000,1.012610,7.000000,7.000000,8.000000,12.000000,12.000000,12.000000,0.021795,0.012363,0.286022,0.566546,calls/second,milliseconds
1779800315,7,12.000000,7.388072,7.000000,1.012610,7.000000,7.000000,8.000000,12.000000,12.000000,12.000000,0.021727,0.012363,0.286022,0.566546,calls/second,milliseconds
1779800316,7,12.000000,7.388072,7.000000,1.012610,7.000000,7.000000,8.000000,12.000000,12.000000,12.000000,0.021660,0.012363,0.286022,0.566546,calls/second,milliseconds
1779800317,7,12.000000,7.388072,7.000000,1.012610,7.000000,7.000000,8.000000,12.000000,12.000000,12.000000,0.021593,0.012363,0.286022,0.566546,calls/second,milliseconds
1779800318,7,12.000000,7.388072,7.000000,1.012610,7.000000,7.000000,8.000000,12.000000,12.000000,12.000000,0.021527,0.011375,0.281295,0.563408,calls/second,milliseconds
1779800319,7,12.000000,7.388072,7.000000,1.012610,7.000000,7.000000,8.000000,12.000000,12.000000,12.000000,0.021460,0.011375,0.281295,0.563408,calls/second,milliseconds
1779800320,7,12.000000,7.388072,7.000000,1.012610,7.000000,7.000000,8.000000,12.000000,12.000000,12.000000,0.021395,0.011375,0.281295,0.563408,calls/second,milliseconds
1779800321,7,12.000000,7.388072,7.000000,1.012610,7.000000,7.000000,8.000000,12.000000,12.000000,12.000000,0.021329,0.011375,0.281295,0.563408,calls/second,milliseconds
1779800322,7,12.000000,7.388072,7.000000,1.012610,7.000000,7.000000,8.000000,12.000000,12.000000,12.000000,0.021265,0.011375,0.281295,0.563408,calls/second,milliseconds
1779800323,7,12.000000,7.388072,7.000000,1.012610,7.000000,7.000000,8.000000,12.000000,12.000000,12.000000,0.021200,0.010465,0.276645,0.560286,calls/second,milliseconds
1779800324,7,12.000000,7.388072,7.000000,1.012610,7.000000,7.000000,8.000000,12.000000,12.000000,12.000000,0.021136,0.010465,0.276645,0.560286,calls/second,milliseconds
1779800325,7,12.000000,7.388072,7.000000,1.012610,7.000000,7.000000,8.000000,12.000000,12.000000,12.000000,0.021072,0.010465,0.276645,0.560286,calls/second,milliseconds
1779800326,7,12.000000,7.388072,7.000000,1.012610,7.000000,7.000000,8.000000,12.000000,12.000000,12.000000,0.021009,0.010465,0.276645,0.560286,calls/second,milliseconds
1779800327,7,12.000000,7.388072,7.000000,1.012610,7.000000,7.000000,8.000000,12.000000,12.000000,12.000000,0.020946,0.010465,0.276645,0.560286,calls/second,milliseconds
1779800328,7,12.000000,7.388072,7.000000,1.012610,7.000000,7.000000,8.000000,12.000000,12.000000,12.000000,0.020883,0.009628,0.272073,0.557182,calls/second,milliseconds
1779800329,7,12.000000,7.388072,7.000000,1.012610,7.000000,7.000000,8.000000,12.000000,12.000000,12.000000,0.020821,0.009628,0.272073,0.557182,calls/second,milliseconds
1779800330,7,12.000000,7.388072,7.000000,1.012610,7.000000,7.000000,8.000000,12.000000,12.000000,12.000000,0.020759,0.009628,0.272073,0.557182,calls/second,milliseconds
1779800331,7,12.000000,7.388072,7.000000,1.012610,7.000000,7.000000,8.000000,12.000000,12.000000,12.000000,0.020698,0.009628,0.272073,0.557182,calls/second,milliseconds
1779800332,7,12.000000,7.388072,7.000000,1.012610,7.000000,7.000000,8.000000,12.000000,12.000000,12.000000,0.020637,0.009628,0.272073,0.557182,calls/second,milliseconds
1779800333,7,12.000000,7.388072,7.000000,1.012610,7.000000,7.000000,8.000000,12.000000,12.000000,12.000000,0.020576,0.008859,0.267576,0.554095,calls/second,milliseconds
1779800334,7,12.000000,7.388072,7.000000,1.012610,7.000000,7.000000,8.000000,12.000000,12.000000,12.000000,0.020516,0.008859,0.267576,0.554095,calls/second,milliseconds
1779800335,7,12.000000,7.388072,7.000000,1.012610,7.000000,7.000000,8.000000,12.000000,12.000000,12.000000,0.020456,0.008859,0.267576,0.554095,calls/second,milliseconds
1779800336,7,12.000000,7.388072,7.000000,1.012610,7.000000,7.000000,8.000000,12.000000,12.000000,12.000000,0.020396,0.008859,0.267576,0.554095,calls/second,milliseconds
1779800337,7,12.000000,7.388072,7.000000,1.012610,7.000000,7.000000,8.000000,12.000000,12.000000,12.000000,0.020336,0.008859,0.267576,0.554095,calls/second,milliseconds
1779800338,7,12.000000,7.388072,7.000000,1.012610,7.000000,7.000000,8.000000,12.000000,12.000000,12.000000,0.020277,0.008150,0.263153,0.551026,calls/second,milliseconds
1779800339,7,12.000000,7.388072,7.000000,1.012610,7.000000,7.000000,8.000000,12.000000,12.000000,12.000000,0.020219,0.008150,0.263153,0.551026,calls/second,milliseconds
1779800340,7,12.000000,7.388072,7.000000,1.012610,7.000000,7.000000,8.000000,12.000000,12.000000,12.000000,0.020161,0.008150,0.263153,0.551026,calls/second,milliseconds
1779800341,7,12.000000,7.388072,7.000000,1.012610,7.000000,7.000000,8.000000,12.000000,12.000000,12.000000,0.020103,0.008150,0.263153,0.551026,calls/second,milliseconds
1779800342,7,12.000000,7.388072,7.000000,1.012610,7.000000,7.000000,8.000000,12.000000,12.000000,12.000000,0.020045,0.008150,0.263153,0.551026,calls/second,milliseconds
1779800343,7,12.000000,7.388072,7.000000,1.012610,7.000000,7.000000,8.000000,12.000000,12.000000,12.000000,0.019988,0.007499,0.258804,0.547973,calls/second,milliseconds
1779800344,7,12.000000,7.388072,7.000000,1.012610,7.000000,7.000000,8.000000,12.000000,12.000000,12.000000,0.019931,0.007499,0.258804,0.547973,calls/second,milliseconds
1779800345,7,12.000000,7.388072,7.000000,1.012610,7.000000,7.000000,8.000000,12.000000,12.000000,12.000000,0.019874,0.007499,0.258804,0.547973,calls/second,milliseconds
1779800346,7,12.000000,7.388072,7.000000,1.012610,7.000000,7.000000,8.000000,12.000000,12.000000,12.000000,0.019818,0.007499,0.258804,0.547973,calls/second,milliseconds
1779800347,7,12.000000,7.388072,7.000000,1.012610,7.000000,7.000000,8.000000,12.000000,12.000000,12.000000,0.019762,0.007499,0.258804,0.547973,calls/second,milliseconds
1779800348,7,12.000000,7.388072,7.000000,1.012610,7.000000,7.000000,8.000000,12.000000,12.000000,12.000000,0.019706,0.006899,0.254526,0.544937,calls/second,milliseconds
1779800349,7,12.000000,7.388072,7.000000,1.012610,7.000000,7.000000,8.000000,12.000000,12.000000,12.000000,0.019650,0.006899,0.254526,0.544937,calls/second,milliseconds
1779800350,7,12.000000,7.388072,7.000000,1.012610,7.000000,7.000000,8.000000,12.000000,12.000000,12.000000,0.019595,0.006899,0.254526,0.544937,calls/second,milliseconds
1779800351,7,12.000000,7.388072,7.000000,1.012610,7.000000,7.000000,8.000000,12.000000,12.000000,12.000000,0.019540,0.006899,0.254526,0.544937,calls/second,milliseconds
1779800352,7,12.000000,7.388072,7.000000,1.012610,7.000000,7.000000,8.000000,12.000000,12.000000,12.000000,0.019486,0.006899,0.254526,0.544937,calls/second,milliseconds
1779800353,7,12.000000,7.388072,7.000000,1.012610,7.000000,7.000000,8.000000,12.000000,12.000000,12.000000,0.019432,0.006347,0.250319,0.541918,calls/second,milliseconds
1779800354,7,12.000000,7.388072,7.000000,1.012610,7.000000,7.000000,8.000000,12.000000,12.000000,12.000000,0.019378,0.006347,0.250319,0.541918,calls/second,milliseconds
1779800355,7,12.000000,7.388072,7.000000,1.012610,7.000000,7.000000,8.000000,12.000000,12.000000,12.000000,0.019324,0.006347,0.250319,0.541918,calls/second,milliseconds
1779800356,7,12.000000,7.388072,7.000000,1.012610,7.000000,7.000000,8.000000,12.000000,12.000000,12.000000,0.019271,0.006347,0.250319,0.541918,calls/second,milliseconds
1779800357,7,12.000000,7.388072,7.000000,1.012610,7.000000,7.000000,8.000000,12.000000,12.000000,12.000000,0.019218,0.006347,0.250319,0.541918,calls/second,milliseconds
1779800358,7,12.000000,7.388072,7.000000,1.012610,7.000000,7.000000,8.000000,12.000000,12.000000,12.000000,0.019165,0.005840,0.246182,0.538916,calls/second,milliseconds
1779800359,7,12.000000,7.388072,7.000000,1.012610,7.000000,7.000000,8.000000,12.000000,12.000000,12.000000,0.019113,0.005840,0.246182,0.538916,calls/second,milliseconds
1779800360,7,12.000000,7.388072,7.000000,1.012610,7.000000,7.000000,8.000000,12.000000,12.000000,12.000000,0.019061,0.005840,0.246182,0.538916,calls/second,milliseconds
1779800361,7,12.000000,7.388072,7.000000,1.012610,7.000000,7.000000,8.000000,12.000000,12.000000,12.000000,0.019009,0.005840,0.246182,0.538916,calls/second,milliseconds
1779800362,7,12.000000,7.388072,7.000000,1.012610,7.000000,7.000000,8.000000,12.000000,12.000000,12.000000,0.018957,0.005840,0.246182,0.538916,calls/second,milliseconds
1779800363,7,12.000000,7.388072,7.000000,1.012610,7.000000,7.000000,8.000000,12.000000,12.000000,12.000000,0.018906,0.005373,0.242113,0.535930,calls/second,milliseconds
1779800364,7,12.000000,7.388072,7.000000,1.012610,7.000000,7.000000,8.000000,12.000000,12.000000,12.000000,0.018855,0.005373,0.242113,0.535930,calls/second,milliseconds
1779800365,7,12.000000,7.388072,7.000000,1.012610,7.000000,7.000000,8.000000,12.000000,12.000000,12.000000,0.018804,0.005373,0.242113,0.535930,calls/second,milliseconds
1779800366,7,12.000000,7.388072,7.000000,1.012610,7.000000,7.000000,8.000000,12.000000,12.000000,12.000000,0.018754,0.005373,0.242113,0.535930,calls/second,milliseconds
1779800367,7,12.000000,7.388072,7.000000,1.012610,7.000000,7.000000,8.000000,12.000000,12.000000,12.000000,0.018704,0.005373,0.242113,0.535930,calls/second,milliseconds
1779800368,8,12.000000,3.882284,3.000000,1.816388,3.000000,3.000000,7.000000,8.000000,8.000000,12.000000,0.021318,0.004943,0.238111,0.532961,calls/second,milliseconds
1779800369,8,12.000000,3.882284,3.000000,1.816388,3.000000,3.000000,7.000000,8.000000,8.000000,12.000000,0.021262,0.004943,0.238111,0.532961,calls/second,milliseconds
1779800370,8,12.000000,3.882284,3.000000,1.816388,3.000000,3.000000,7.000000,8.000000,8.000000,12.000000,0.021205,0.004943,0.238111,0.532961,calls/second,milliseconds
1779800371,8,12.000000,3.882284,3.000000,1.816388,3.000000,3.000000,7.000000,8.000000,8.000000,12.000000,0.021149,0.004943,0.238111,0.532961,calls/second,milliseconds
1779800372,8,12.000000,3.882284,3.000000,1.816388,3.000000,3.000000,7.000000,8.000000,8.000000,12.000000,0.021093,0.004943,0.238111,0.532961,calls/second,milliseconds
1779800373,8,12.000000,3.882284,3.000000,1.816388,3.000000,3.000000,7.000000,8.000000,8.000000,12.000000,0.021038,0.020539,0.237481,0.531116,calls/second,milliseconds
1779800374,8,12.000000,3.882284,3.000000,1.816388,3.000000,3.000000,7.000000,8.000000,8.000000,12.000000,0.020982,0.020539,0.237481,0.531116,calls/second,milliseconds
1779800375,8,12.000000,3.882284,3.000000,1.816388,3.000000,3.000000,7.000000,8.000000,8.000000,12.000000,0.020927,0.020539,0.237481,0.531116,calls/second,milliseconds
1779800376,8,12.000000,3.882284,3.000000,1.816388,3.000000,3.000000,7.000000,8.000000,8.000000,12.000000,0.020873,0.020539,0.237481,0.531116,calls/second,milliseconds
1779800377,8,12.000000,3.882284,3.000000,1.816388,3.000000,3.000000,7.000000,8.000000,8.000000,12.000000,0.020818,0.020539,0.237481,0.531116,calls/second,milliseconds
1779800378,8,12.000000,3.882284,3.000000,1.816388,3.000000,3.000000,7.000000,8.000000,8.000000,12.000000,0.020764,0.018897,0.233556,0.528174,calls/second,milliseconds
1779800379,8,12.000000,3.882284,3.000000,1.816388,3.000000,3.000000,7.000000,8.000000,8.000000,12.000000,0.020710,0.018897,0.233556,0.528174,calls/second,milliseconds
1779800380,8,12.000000,3.882284,3.000000,1.816388,3.000000,3.000000,7.000000,8.000000,8.000000,12.000000,0.020657,0.018897,0.233556,0.528174,calls/second,milliseconds
1779800381,8,12.000000,3.882284,3.000000,1.816388,3.000000,3.000000,7.000000,8.000000,8.000000,12.000000,0.020603,0.018897,0.233556,0.528174,calls/second,milliseconds
1779800382,8,12.000000,3.882284,3.000000,1.816388,3.000000,3.000000,7.000000,8.000000,8.000000,12.000000,0.020550,0.018897,0.233556,0.528174,calls/second,milliseconds
1779800383,8,12.000000,3.882284,3.000000,1.816388,3.000000,3.000000,7.000000,8.000000,8.000000,12.000000,0.020498,0.017386,0.229695,0.525248,calls/second,milliseconds
1779800384,8,12.000000,3.882284,3.000000,1.816388,3.000000,3.000000,7.000000,8.000000,8.000000,12.000000,0.020445,0.017386,0.229695,0.525248,calls/second,milliseconds
1779800385,8,12.000000,3.882284,3.000000,1.816388,3.000000,3.000000,7.000000,8.000000,8.000000,12.000000,0.020393,0.017386,0.229695,0.525248,calls/second,milliseconds
1779800386,8,12.000000,3.882284,3.000000,1.816388,3.000000,3.000000,7.000000,8.000000,8.000000,12.000000,0.020341,0.017386,0.229695,0.525248,calls/second,milliseconds
1779800387,8,12.000000,3.882284,3.000000,1.816388,3.000000,3.000000,7.000000,8.000000,8.000000,12.000000,0.020289,0.017386,0.229695,0.525248,calls/second,milliseconds
1779800388,8,12.000000,3.882284,3.000000,1.816388,3.000000,3.000000,7.000000,8.000000,8.000000,12.000000,0.020238,0.015996,0.225899,0.522338,calls/second,milliseconds
1779800389,8,12.000000,3.882284,3.000000,1.816388,3.000000,3.000000,7.000000,8.000000,8.000000,12.000000,0.020187,0.015996,0.225899,0.522338,calls/second,milliseconds
1779800390,8,12.000000,3.882284,3.000000,1.816388,3.000000,3.000000,7.000000,8.000000,8.000000,12.000000,0.020136,0.015996,0.225899,0.522338,calls/second,milliseconds
1779800391,8,12.000000,3.882284,3.000000,1.816388,3.000000,3.000000,7.000000,8.000000,8.000000,12.000000,0.020085,0.015996,0.225899,0.522338,calls/second,milliseconds
1779800392,8,12.000000,3.882284,3.000000,1.816388,3.000000,3.000000,7.000000,8.000000,8.000000,12.000000,0.020035,0.015996,0.225899,0.522338,calls/second,milliseconds
1779800393,8,12.000000,3.882284,3.000000,1.816388,3.000000,3.000000,7.000000,8.000000,8.000000,12.000000,0.019985,0.014717,0.222165,0.519444,calls/second,milliseconds
1779800394,8,12.000000,3.882284,3.000000,1.816388,3.000000,3.000000,7.000000,8.000000,8.000000,12.000000,0.019935,0.014717,0.222165,0.519444,calls/second,milliseconds
1779800395,8,12.000000,3.882284,3.000000,1.816388,3.000000,3.000000,7.000000,8.000000,8.000000,12.000000,0.019885,0.014717,0.222165,0.519444,calls/second,milliseconds
1779800396,8,12.000000,3.882284,3.000000,1.816388,3.000000,3.000000,7.000000,8.000000,8.000000,12.000000,0.019836,0.014717,0.222165,0.519444,calls/second,milliseconds
1779800397,8,12.000000,3.882284,3.000000,1.816388,3.000000,3.000000,7.000000,8.000000,8.000000,12.000000,0.019787,0.014717,0.222165,0.519444,calls/second,milliseconds
1779800398,8,12.000000,3.882284,3.000000,1.816388,3.000000,3.000000,7.000000,8.000000,8.000000,12.000000,0.019738,0.013540,0.218493,0.516566,calls/second,milliseconds
1779800399,8,12.000000,3.882284,3.000000,1.816388,3.000000,3.000000,7.000000,8.000000,8.000000,12.000000,0.019689,0.013540,0.218493,0.516566,calls/second,milliseconds
1779800400,8,12.000000,3.882284,3.000000,1.816388,3.000000,3.000000,7.000000,8.000000,8.000000,12.000000,0.019641,0.013540,0.218493,0.516566,calls/second,milliseconds
1779800401,8,12.000000,3.882284,3.000000,1.816388,3.000000,3.000000,7.000000,8.000000,8.000000,12.000000,0.019593,0.013540,0.218493,0.516566,calls/second,milliseconds
1779800402,8,12.000000,3.882284,3.000000,1.816388,3.000000,3.000000,7.000000,8.000000,8.000000,12.000000,0.019545,0.013540,0.218493,0.516566,calls/second,milliseconds
1779800403,8,12.000000,3.882284,3.000000,1.816388,3.000000,3.000000,7.000000,8.000000,8.000000,12.000000,0.019497,0.012458,0.214882,0.513704,calls/second,milliseconds
1779800404,8,12.000000,3.882284,3.000000,1.816388,3.000000,3.000000,7.000000,8.000000,8.000000,12.000000,0.019450,0.012458,0.214882,0.513704,calls/second,milliseconds
1779800405,8,12.000000,3.882284,3.000000,1.816388,3.000000,3.000000,7.000000,8.000000,8.000000,12.000000,0.019402,0.012458,0.214882,0.513704,calls/second,milliseconds
1779800406,8,12.000000,3.882284,3.000000,1.816388,3.000000,3.000000,7.000000,8.000000,8.000000,12.000000,0.019355,0.012458,0.214882,0.513704,calls/second,milliseconds
1779800407,8,12.000000,3.882284,3.000000,1.816388,3.000000,3.000000,7.000000,8.000000,8.000000,12.000000,0.019308,0.012458,0.214882,0.513704,calls/second,milliseconds
1779800408,8,12.000000,3.882284,3.000000,1.816388,3.000000,3.000000,7.000000,8.000000,8.000000,12.000000,0.019262,0.011462,0.211330,0.510858,calls/second,milliseconds
1779800409,8,12.000000,3.882284,3.000000,1.816388,3.000000,3.000000,7.000000,8.000000,8.000000,12.000000,0.019216,0.011462,0.211330,0.510858,calls/second,milliseconds
1779800410,8,12.000000,3.882284,3.000000,1.816388,3.000000,3.000000,7.000000,8.000000,8.000000,12.000000,0.019169,0.011462,0.211330,0.510858,calls/second,milliseconds
1779800411,8,12.000000,3.882284,3.000000,1.816388,3.000000,3.000000,7.000000,8.000000,8.000000,12.000000,0.019124,0.011462,0.211330,0.510858,calls/second,milliseconds
1779800412,8,12.000000,3.882284,3.000000,1.816388,3.000000,3.000000,7.000000,8.000000,8.000000,12.000000,0.019078,0.011462,0.211330,0.510858,calls/second,milliseconds
1779800413,8,12.000000,3.882284,3.000000,1.816388,3.000000,3.000000,7.000000,8.000000,8.000000,12.000000,0.019032,0.010545,0.207837,0.508028,calls/second,milliseconds
1779800414,8,12.000000,3.882284,3.000000,1.816388,3.000000,3.000000,7.000000,8.000000,8.000000,12.000000,0.018987,0.010545,0.207837,0.508028,calls/second,milliseconds
1779800415,8,12.000000,3.882284,3.000000,1.816388,3.000000,3.000000,7.000000,8.000000,8.000000,12.000000,0.018942,0.010545,0.207837,0.508028,calls/second,milliseconds
1779800416,8,12.000000,3.882284,3.000000,1.816388,3.000000,3.000000,7.000000,8.000000,8.000000,12.000000,0.018897,0.010545,0.207837,0.508028,calls/second,milliseconds
1779800417,8,12.000000,3.882284,3.000000,1.816388,3.000000,3.000000,7.000000,8.000000,8.000000,12.000000,0.018853,0.010545,0.207837,0.508028,calls/second,milliseconds
1779800418,8,12.000000,3.882284,3.000000,1.816388,3.000000,3.000000,7.000000,8.000000,8.000000,12.000000,0.018808,0.009702,0.204402,0.505213,calls/second,milliseconds
1779800419,8,12.000000,3.882284,3.000000,1.816388,3.000000,3.000000,7.000000,8.000000,8.000000,12.000000,0.018764,0.009702,0.204402,0.505213,calls/second,milliseconds
1779800420,8,12.000000,3.882284,3.000000,1.816388,3.000000,3.000000,7.000000,8.000000,8.000000,12.000000,0.018720,0.009702,0.204402,0.505213,calls/second,milliseconds
1779800421,8,12.000000,3.882284,3.000000,1.816388,3.000000,3.000000,7.000000,8.000000,8.000000,12.000000,0.018676,0.009702,0.204402,0.505213,calls/second,milliseconds
1779800422,8,12.000000,3.882284,3.000000,1.816388,3.000000,3.000000,7.000000,8.000000,8.000000,12.000000,0.018633,0.009702,0.204402,0.505213,calls/second,milliseconds
1779800423,8,12.000000,3.882284,3.000000,1.816388,3.000000,3.000000,7.000000,8.000000,8.000000,12.000000,0.018590,0.008926,0.201023,0.502414,calls/second,milliseconds
1779800424,8,12.000000,3.882284,3.000000,1.816388,3.000000,3.000000,7.000000,8.000000,8.000000,12.000000,0.018546,0.008926,0.201023,0.502414,calls/second,milliseconds
1779800425,8,12.000000,3.882284,3.000000,1.816388,3.000000,3.000000,7.000000,8.000000,8.000000,12.000000,0.018503,0.008926,0.201023,0.502414,calls/second,milliseconds
1779800426,8,12.000000,3.882284,3.000000,1.816388,3.000000,3.000000,7.000000,8.000000,8.000000,12.000000,0.018461,0.008926,0.201023,0.502414,calls/second,milliseconds
1779800427,8,12.000000,3.882284,3.000000,1.816388,3.000000,3.000000,7.000000,8.000000,8.000000,12.000000,0.018418,0.008926,0.201023,0.502414,calls/second,milliseconds
1779800428,8,12.000000,3.882284,3.000000,1.816388,3.000000,3.000000,7.000000,8.000000,8.000000,12.000000,0.018376,0.008213,0.197701,0.499631,calls/second,milliseconds
1779800429,8,12.000000,3.882284,3.000000,1.816388,3.000000,3.000000,7.000000,8.000000,8.000000,12.000000,0.018334,0.008213,0.197701,0.499631,calls/second,milliseconds
1779800430,8,12.000000,3.882284,3.000000,1.816388,3.000000,3.000000,7.000000,8.000000,8.000000,12.000000,0.018292,0.008213,0.197701,0.499631,calls/second,milliseconds
1779800431,8,12.000000,3.882284,3.000000,1.816388,3.000000,3.000000,7.000000,8.000000,8.000000,12.000000,0.018250,0.008213,0.197701,0.499631,calls/second,milliseconds
1779800432,8,12.000000,3.882284,3.000000,1.816388,3.000000,3.000000,7.000000,8.000000,8.000000,12.000000,0.018208,0.008213,0.197701,0.499631,calls/second,milliseconds
1779800433,8,12.000000,3.882284,3.000000,1.816388,3.000000,3.000000,7.000000,8.000000,8.000000,12.000000,0.018167,0.007556,0.194433,0.496863,calls/second,milliseconds
1779800434,8,12.000000,3.882284,3.000000,1.816388,3.000000,3.000000,7.000000,8.000000,8.000000,12.000000,0.018125,0.007556,0.194433,0.496863,calls/second,milliseconds
1779800435,8,12.000000,3.882284,3.000000,1.816388,3.000000,3.000000,7.000000,8.000000,8.000000,12.000000,0.018084,0.007556,0.194433,0.496863,calls/second,milliseconds
1779800436,8,12.000000,3.882284,3.000000,1.816388,3.000000,3.000000,7.000000,8.000000,8.000000,12.000000,0.018044,0.007556,0.194433,0.496863,calls/second,milliseconds
1779800437,8,12.000000,3.882284,3.000000,1.816388,3.000000,3.000000,7.000000,8.000000,8.000000,12.000000,0.018003,0.007556,0.194433,0.496863,calls/second,milliseconds
1779800438,8,12.000000,3.882284,3.000000,1.816388,3.000000,3.000000,7.000000,8.000000,8.000000,12.000000,0.017962,0.006952,0.191219,0.494110,calls/second,milliseconds
1779800439,8,12.000000,3.882284,3.000000,1.816388,3.000000,3.000000,7.000000,8.000000,8.000000,12.000000,0.017922,0.006952,0.191219,0.494110,calls/second,milliseconds
1779800440,8,12.000000,3.882284,3.000000,1.816388,3.000000,3.000000,7.000000,8.000000,8.000000,12.000000,0.017882,0.006952,0.191219,0.494110,calls/second,milliseconds
1779800441,8,12.000000,3.882284,3.000000,1.816388,3.000000,3.000000,7.000000,8.000000,8.000000,12.000000,0.017842,0.006952,0.191219,0.494110,calls/second,milliseconds
1779800442,8,12.000000,3.882284,3.000000,1.816388,3.000000,3.000000,7.000000,8.000000,8.000000,12.000000,0.017802,0.006952,0.191219,0.494110,calls/second,milliseconds
1779800443,8,12.000000,3.882284,3.000000,1.816388,3.000000,3.000000,7.000000,8.000000,8.000000,12.000000,0.017763,0.006396,0.188059,0.491373,calls/second,milliseconds
1779800444,8,12.000000,3.882284,3.000000,1.816388,3.000000,3.000000,7.000000,8.000000,8.000000,12.000000,0.017723,0.006396,0.188059,0.491373,calls/second,milliseconds
1779800445,8,12.000000,3.882284,3.000000,1.816388,3.000000,3.000000,7.000000,8.000000,8.000000,12.000000,0.017684,0.006396,0.188059,0.491373,calls/second,milliseconds
1779800446,8,12.000000,3.882284,3.000000,1.816388,3.000000,3.000000,7.000000,8.000000,8.000000,12.000000,0.017645,0.006396,0.188059,0.491373,calls/second,milliseconds
1779800447,8,12.000000,3.882284,3.000000,1.816388,3.000000,3.000000,7.000000,8.000000,8.000000,12.000000,0.017606,0.006396,0.188059,0.491373,calls/second,milliseconds
1779800448,8,12.000000,3.882284,3.000000,1.816388,3.000000,3.000000,7.000000,8.000000,8.000000,12.000000,0.017567,0.005885,0.184950,0.488651,calls/second,milliseconds
1779800449,8,12.000000,3.882284,3.000000,1.816388,3.000000,3.000000,7.000000,8.000000,8.000000,12.000000,0.017529,0.005885,0.184950,0.488651,calls/second,milliseconds
1779800450,8,12.000000,3.882284,3.000000,1.816388,3.000000,3.000000,7.000000,8.000000,8.000000,12.000000,0.017491,0.005885,0.184950,0.488651,calls/second,milliseconds
1779800451,8,12.000000,3.882284,3.000000,1.816388,3.000000,3.000000,7.000000,8.000000,8.000000,12.000000,0.017452,0.005885,0.184950,0.488651,calls/second,milliseconds
1779800452,8,12.000000,3.882284,3.000000,1.816388,3.000000,3.000000,7.000000,8.000000,8.000000,12.000000,0.017414,0.005885,0.184950,0.488651,calls/second,milliseconds
1779800453,8,12.000000,3.882284,3.000000,1.816388,3.000000,3.000000,7.000000,8.000000,8.000000,12.000000,0.017376,0.005414,0.181893,0.485943,calls/second,milliseconds
1779800454,8,12.000000,3.882284,3.000000,1.816388,3.000000,3.000000,7.000000,8.000000,8.000000,12.000000,0.017339,0.005414,0.181893,0.485943,calls/second,milliseconds
1779800455,8,12.000000,3.882284,3.000000,1.816388,3.000000,3.000000,7.000000,8.000000,8.000000,12.000000,0.017301,0.005414,0.181893,0.485943,calls/second,milliseconds
1779800456,8,12.000000,3.882284,3.000000,1.816388,3.000000,3.000000,7.000000,8.000000,8.000000,12.000000,0.017264,0.005414,0.181893,0.485943,calls/second,milliseconds
1779800457,8,12.000000,3.882284,3.000000,1.816388,3.000000,3.000000,7.000000,8.000000,8.000000,12.000000,0.017226,0.005414,0.181893,0.485943,calls/second,milliseconds
1779800458,8,12.000000,3.882284,3.000000,1.816388,3.000000,3.000000,7.000000,8.000000,8.000000,12.000000,0.017189,0.004981,0.178887,0.483251,calls/second,milliseconds
1779800459,8,12.000000,3.882284,3.000000,1.816388,3.000000,3.000000,7.000000,8.000000,8.000000,12.000000,0.017152,0.004981,0.178887,0.483251,calls/second,milliseconds
1779800460,8,12.000000,3.882284,3.000000,1.816388,3.000000,3.000000,7.000000,8.000000,8.000000,12.000000,0.017116,0.004981,0.178887,0.483251,calls/second,milliseconds
1779800461,8,12.000000,3.882284,3.000000,1.816388,3.000000,3.000000,7.000000,8.000000,8.000000,12.000000,0.017079,0.004981,0.178887,0.483251,calls/second,milliseconds
1779800462,8,12.000000,3.882284,3.000000,1.816388,3.000000,3.000000,7.000000,8.000000,8.000000,12.000000,0.017043,0.004981,0.178887,0.483251,calls/second,milliseconds
1779800463,8,12.000000,3.882284,3.000000,1.816388,3.000000,3.000000,7.000000,8.000000,8.000000,12.000000,0.017006,0.004583,0.175930,0.480574,calls/second,milliseconds
1779800464,8,12.000000,3.882284,3.000000,1.816388,3.000000,3.000000,7.000000,8.000000,8.000000,12.000000,0.016970,0.004583,0.175930,0.480574,calls/second,milliseconds
1779800465,8,12.000000,3.882284,3.000000,1.816388,3.000000,3.000000,7.000000,8.000000,8.000000,12.000000,0.016934,0.004583,0.175930,0.480574,calls/second,milliseconds
1779800466,8,12.000000,3.882284,3.000000,1.816388,3.000000,3.000000,7.000000,8.000000,8.000000,12.000000,0.016898,0.004583,0.175930,0.480574,calls/second,milliseconds
1779800467,8,12.000000,3.882284,3.000000,1.816388,3.000000,3.000000,7.000000,8.000000,8.000000,12.000000,0.016863,0.004583,0.175930,0.480574,calls/second,milliseconds
1779800468,8,12.000000,3.882284,3.000000,1.816388,3.000000,3.000000,7.000000,8.000000,8.000000,12.000000,0.016827,0.004216,0.173022,0.477911,calls/second,milliseconds
1779800469,8,12.000000,3.882284,3.000000,1.816388,3.000000,3.000000,7.000000,8.000000,8.000000,12.000000,0.016792,0.004216,0.173022,0.477911,calls/second,milliseconds
1779800470,8,12.000000,3.882284,3.000000,1.816388,3.000000,3.000000,7.000000,8.000000,8.000000,12.000000,0.016757,0.004216,0.173022,0.477911,calls/second,milliseconds
1779800471,8,12.000000,3.882284,3.000000,1.816388,3.000000,3.000000,7.000000,8.000000,8.000000,12.000000,0.016722,0.004216,0.173022,0.477911,calls/second,milliseconds
1779800472,8,12.000000,3.882284,3.000000,1.816388,3.000000,3.000000,7.000000,8.000000,8.000000,12.000000,0.016687,0.004216,0.173022,0.477911,calls/second,milliseconds
1779800473,8,12.000000,3.882284,3.000000,1.816388,3.000000,3.000000,7.000000,8.000000,8.000000,12.000000,0.016652,0.003879,0.170163,0.475264,calls/second,milliseconds
1779800474,8,12.000000,3.882284,3.000000,1.816388,3.000000,3.000000,7.000000,8.000000,8.000000,12.000000,0.016617,0.003879,0.170163,0.475264,calls/second,milliseconds
1779800475,8,12.000000,3.882284,3.000000,1.816388,3.000000,3.000000,7.000000,8.000000,8.000000,12.000000,0.016583,0.003879,0.170163,0.475264,calls/second,milliseconds
1779800476,9,12.000000,3.976630,3.000000,0.810678,4.000000,4.000000,4.000000,7.000000,7.000000,12.000000,0.018617,0.003879,0.170163,0.475264,calls/second,milliseconds
1779800477,9,12.000000,3.976630,3.000000,0.810678,4.000000,4.000000,4.000000,7.000000,7.000000,12.000000,0.018578,0.003879,0.170163,0.475264,calls/second,milliseconds
1779800478,9,12.000000,3.976630,3.000000,0.810678,4.000000,4.000000,4.000000,7.000000,7.000000,12.000000,0.018540,0.019560,0.170656,0.473739,calls/second,milliseconds
1779800479,9,12.000000,3.976630,3.000000,0.810678,4.000000,4.000000,4.000000,7.000000,7.000000,12.000000,0.018502,0.019560,0.170656,0.473739,calls/second,milliseconds
1779800480,9,12.000000,3.976630,3.000000,0.810678,4.000000,4.000000,4.000000,7.000000,7.000000,12.000000,0.018464,0.019560,0.170656,0.473739,calls/second,milliseconds
1779800481,9,12.000000,3.976630,3.000000,0.810678,4.000000,4.000000,4.000000,7.000000,7.000000,12.000000,0.018426,0.019560,0.170656,0.473739,calls/second,milliseconds
1779800482,9,12.000000,3.976630,3.000000,0.810678,4.000000,4.000000,4.000000,7.000000,7.000000,12.000000,0.018388,0.019560,0.170656,0.473739,calls/second,milliseconds
1779800483,9,12.000000,3.976630,3.000000,0.810678,4.000000,4.000000,4.000000,7.000000,7.000000,12.000000,0.018351,0.017996,0.167835,0.471114,calls/second,milliseconds
1779800484,9,12.000000,3.976630,3.000000,0.810678,4.000000,4.000000,4.000000,7.000000,7.000000,12.000000,0.018313,0.017996,0.167835,0.471114,calls/second,milliseconds
1779800485,9,12.000000,3.976630,3.000000,0.810678,4.000000,4.000000,4.000000,7.000000,7.000000,12.000000,0.018276,0.017996,0.167835,0.471114,calls/second,milliseconds
1779800486,9,12.000000,3.976630,3.000000,0.810678,4.000000,4.000000,4.000000,7.000000,7.000000,12.000000,0.018239,0.017996,0.167835,0.471114,calls/second,milliseconds
1779800487,9,12.000000,3.976630,3.000000,0.810678,4.000000,4.000000,4.000000,7.000000,7.000000,12.000000,0.018202,0.017996,0.167835,0.471114,calls/second,milliseconds
1779800488,9,12.000000,3.976630,3.000000,0.810678,4.000000,4.000000,4.000000,7.000000,7.000000,12.000000,0.018165,0.016557,0.165061,0.468504,calls/second,milliseconds
1779800489,9,12.000000,3.976630,3.000000,0.810678,4.000000,4.000000,4.000000,7.000000,7.000000,12.000000,0.018128,0.016557,0.165061,0.468504,calls/second,milliseconds
1779800490,9,12.000000,3.976630,3.000000,0.810678,4.000000,4.000000,4.000000,7.000000,7.000000,12.000000,0.018092,0.016557,0.165061,0.468504,calls/second,milliseconds
1779800491,9,12.000000,3.976630,3.000000,0.810678,4.000000,4.000000,4.000000,7.000000,7.000000,12.000000,0.018056,0.016557,0.165061,0.468504,calls/second,milliseconds
1779800492,9,12.000000,3.976630,3.000000,0.810678,4.000000,4.000000,4.000000,7.000000,7.000000,12.000000,0.018019,0.016557,0.165061,0.468504,calls/second,milliseconds
1779800493,9,12.000000,3.976630,3.000000,0.810678,4.000000,4.000000,4.000000,7.000000,7.000000,12.000000,0.017983,0.015234,0.162333,0.465908,calls/second,milliseconds
1779800494,9,12.000000,3.976630,3.000000,0.810678,4.000000,4.000000,4.000000,7.000000,7.000000,12.000000,0.017947,0.015234,0.162333,0.465908,calls/second,milliseconds
1779800495,9,12.000000,3.976630,3.000000,0.810678,4.000000,4.000000,4.000000,7.000000,7.000000,12.000000,0.017912,0.015234,0.162333,0.465908,calls/second,milliseconds
1779800496,9,12.000000,3.976630,3.000000,0.810678,4.000000,4.000000,4.000000,7.000000,7.000000,12.000000,0.017876,0.015234,0.162333,0.465908,calls/second,milliseconds
1779800497,9,12.000000,3.976630,3.000000,0.810678,4.000000,4.000000,4.000000,7.000000,7.000000,12.000000,0.017841,0.015234,0.162333,0.465908,calls/second,milliseconds
1779800498,9,12.000000,3.976630,3.000000,0.810678,4.000000,4.000000,4.000000,7.000000,7.000000,12.000000,0.017805,0.014016,0.159650,0.463327,calls/second,milliseconds
1779800499,9,12.000000,3.976630,3.000000,0.810678,4.000000,4.000000,4.000000,7.000000,7.000000,12.000000,0.017770,0.014016,0.159650,0.463327,calls/second,milliseconds
1779800500,9,12.000000,3.976630,3.000000,0.810678,4.000000,4.000000,4.000000,7.000000,7.000000,12.000000,0.017735,0.014016,0.159650,0.463327,calls/second,milliseconds
1779800501,9,12.000000,3.976630,3.000000,0.810678,4.000000,4.000000,4.000000,7.000000,7.000000,12.000000,0.017700,0.014016,0.159650,0.463327,calls/second,milliseconds
1779800502,9,12.000000,3.976630,3.000000,0.810678,4.000000,4.000000,4.000000,7.000000,7.000000,12.000000,0.017665,0.014016,0.159650,0.463327,calls/second,milliseconds
1779800503,9,12.000000,3.976630,3.000000,0.810678,4.000000,4.000000,4.000000,7.000000,7.000000,12.000000,0.017630,0.012895,0.157011,0.460760,calls/second,milliseconds
1779800504,9,12.000000,3.976630,3.000000,0.810678,4.000000,4.000000,4.000000,7.000000,7.000000,12.000000,0.017596,0.012895,0.157011,0.460760,calls/second,milliseconds
1779800505,9,12.000000,3.976630,3.000000,0.810678,4.000000,4.000000,4.000000,7.000000,7.000000,12.000000,0.017562,0.012895,0.157011,0.460760,calls/second,milliseconds
1779800506,9,12.000000,3.976630,3.000000,0.810678,4.000000,4.000000,4.000000,7.000000,7.000000,12.000000,0.017527,0.012895,0.157011,0.460760,calls/second,milliseconds
1779800507,9,12.000000,3.976630,3.000000,0.810678,4.000000,4.000000,4.000000,7.000000,7.000000,12.000000,0.017493,0.012895,0.157011,0.460760,calls/second,milliseconds
1779800508,9,12.000000,3.976630,3.000000,0.810678,4.000000,4.000000,4.000000,7.000000,7.000000,12.000000,0.017459,0.011864,0.154416,0.458208,calls/second,milliseconds
1779800509,9,12.000000,3.976630,3.000000,0.810678,4.000000,4.000000,4.000000,7.000000,7.000000,12.000000,0.017425,0.011864,0.154416,0.458208,calls/second,milliseconds
1779800510,9,12.000000,3.976630,3.000000,0.810678,4.000000,4.000000,4.000000,7.000000,7.000000,12.000000,0.017392,0.011864,0.154416,0.458208,calls/second,milliseconds
1779800511,9,12.000000,3.976630,3.000000,0.810678,4.000000,4.000000,4.000000,7.000000,7.000000,12.000000,0.017358,0.011864,0.154416,0.458208,calls/second,milliseconds
1779800512,9,12.000000,3.976630,3.000000,0.810678,4.000000,4.000000,4.000000,7.000000,7.000000,12.000000,0.017325,0.011864,0.154416,0.458208,calls/second,milliseconds
1779800513,9,12.000000,3.976630,3.000000,0.810678,4.000000,4.000000,4.000000,7.000000,7.000000,12.000000,0.017291,0.010915,0.151863,0.455669,calls/second,milliseconds
1779800514,9,12.000000,3.976630,3.000000,0.810678,4.000000,4.000000,4.000000,7.000000,7.000000,12.000000,0.017258,0.010915,0.151863,0.455669,calls/second,milliseconds
1779800515,9,12.000000,3.976630,3.000000,0.810678,4.000000,4.000000,4.000000,7.000000,7.000000,12.000000,0.017225,0.010915,0.151863,0.455669,calls/second,milliseconds
1779800516,9,12.000000,3.976630,3.000000,0.810678,4.000000,4.000000,4.000000,7.000000,7.000000,12.000000,0.017192,0.010915,0.151863,0.455669,calls/second,milliseconds
1779800517,9,12.000000,3.976630,3.000000,0.810678,4.000000,4.000000,4.000000,7.000000,7.000000,12.000000,0.017159,0.010915,0.151863,0.455669,calls/second,milliseconds
1779800518,9,12.000000,3.976630,3.000000,0.810678,4.000000,4.000000,4.000000,7.000000,7.000000,12.000000,0.017127,0.010043,0.149353,0.453145,calls/second,milliseconds
1779800519,9,12.000000,3.976630,3.000000,0.810678,4.000000,4.000000,4.000000,7.000000,7.000000,12.000000,0.017094,0.010043,0.149353,0.453145,calls/second,milliseconds
1779800520,9,12.000000,3.976630,3.000000,0.810678,4.000000,4.000000,4.000000,7.000000,7.000000,12.000000,0.017061,0.010043,0.149353,0.453145,calls/second,milliseconds
1779800521,9,12.000000,3.976630,3.000000,0.810678,4.000000,4.000000,4.000000,7.000000,7.000000,12.000000,0.017029,0.010043,0.149353,0.453145,calls/second,milliseconds
1779800522,9,12.000000,3.976630,3.000000,0.810678,4.000000,4.000000,4.000000,7.000000,7.000000,12.000000,0.016997,0.010043,0.149353,0.453145,calls/second,milliseconds
1779800523,9,12.000000,3.976630,3.000000,0.810678,4.000000,4.000000,4.000000,7.000000,7.000000,12.000000,0.016965,0.009240,0.146885,0.450634,calls/second,milliseconds
1779800524,9,12.000000,3.976630,3.000000,0.810678,4.000000,4.000000,4.000000,7.000000,7.000000,12.000000,0.016933,0.009240,0.146885,0.450634,calls/second,milliseconds
1779800525,9,12.000000,3.976630,3.000000,0.810678,4.000000,4.000000,4.000000,7.000000,7.000000,12.000000,0.016901,0.009240,0.146885,0.450634,calls/second,milliseconds
1779800526,9,12.000000,3.976630,3.000000,0.810678,4.000000,4.000000,4.000000,7.000000,7.000000,12.000000,0.016869,0.009240,0.146885,0.450634,calls/second,milliseconds
1779800527,9,12.000000,3.976630,3.000000,0.810678,4.000000,4.000000,4.000000,7.000000,7.000000,12.000000,0.016838,0.009240,0.146885,0.450634,calls/second,milliseconds
1779800528,9,12.000000,3.976630,3.000000,0.810678,4.000000,4.000000,4.000000,7.000000,7.000000,12.000000,0.016806,0.008501,0.144457,0.448138,calls/second,milliseconds
1779800529,9,12.000000,3.976630,3.000000,0.810678,4.000000,4.000000,4.000000,7.000000,7.000000,12.000000,0.016775,0.008501,0.144457,0.448138,calls/second,milliseconds
1779800530,9,12.000000,3.976630,3.000000,0.810678,4.000000,4.000000,4.000000,7.000000,7.000000,12.000000,0.016744,0.008501,0.144457,0.448138,calls/second,milliseconds
1779800531,9,12.000000,3.976630,3.000000,0.810678,4.000000,4.000000,4.000000,7.000000,7.000000,12.000000,0.016712,0.008501,0.144457,0.448138,calls/second,milliseconds
1779800532,9,12.000000,3.976630,3.000000,0.810678,4.000000,4.000000,4.000000,7.000000,7.000000,12.000000,0.016681,0.008501,0.144457,0.448138,calls/second,milliseconds
1779800533,9,12.000000,3.976630,3.000000,0.810678,4.000000,4.000000,4.000000,7.000000,7.000000,12.000000,0.016651,0.007821,0.142069,0.445655,calls/second,milliseconds
1779800534,9,12.000000,3.976630,3.000000,0.810678,4.000000,4.000000,4.000000,7.000000,7.000000,12.000000,0.016620,0.007821,0.142069,0.445655,calls/second,milliseconds
1779800535,9,12.000000,3.976630,3.000000,0.810678,4.000000,4.000000,4.000000,7.000000,7.000000,12.000000,0.016589,0.007821,0.142069,0.445655,calls/second,milliseconds
1779800536,9,12.000000,3.976630,3.000000,0.810678,4.000000,4.000000,4.000000,7.000000,7.000000,12.000000,0.016558,0.007821,0.142069,0.445655,calls/second,milliseconds
1779800537,9,12.000000,3.976630,3.000000,0.810678,4.000000,4.000000,4.000000,7.000000,7.000000,12.000000,0.016528,0.007821,0.142069,0.445655,calls/second,milliseconds
1779800538,9,12.000000,3.976630,3.000000,0.810678,4.000000,4.000000,4.000000,7.000000,7.000000,12.000000,0.016498,0.007196,0.139721,0.443186,calls/second,milliseconds
1779800539,9,12.000000,3.976630,3.000000,0.810678,4.000000,4.000000,4.000000,7.000000,7.000000,12.000000,0.016467,0.007196,0.139721,0.443186,calls/second,milliseconds
1779800540,9,12.000000,3.976630,3.000000,0.810678,4.000000,4.000000,4.000000,7.000000,7.000000,12.000000,0.016437,0.007196,0.139721,0.443186,calls/second,milliseconds
1779800541,9,12.000000,3.976630,3.000000,0.810678,4.000000,4.000000,4.000000,7.000000,7.000000,12.000000,0.016407,0.007196,0.139721,0.443186,calls/second,milliseconds
1779800542,9,12.000000,3.976630,3.000000,0.810678,4.000000,4.000000,4.000000,7.000000,7.000000,12.000000,0.016377,0.007196,0.139721,0.443186,calls/second,milliseconds
1779800543,9,12.000000,3.976630,3.000000,0.810678,4.000000,4.000000,4.000000,7.000000,7.000000,12.000000,0.016348,0.006620,0.137412,0.440731,calls/second,milliseconds
1779800544,9,12.000000,3.976630,3.000000,0.810678,4.000000,4.000000,4.000000,7.000000,7.000000,12.000000,0.016318,0.006620,0.137412,0.440731,calls/second,milliseconds
1779800545,9,12.000000,3.976630,3.000000,0.810678,4.000000,4.000000,4.000000,7.000000,7.000000,12.000000,0.016288,0.006620,0.137412,0.440731,calls/second,milliseconds
1779800546,9,12.000000,3.976630,3.000000,0.810678,4.000000,4.000000,4.000000,7.000000,7.000000,12.000000,0.016259,0.006620,0.137412,0.440731,calls/second,milliseconds
1779800547,9,12.000000,3.976630,3.000000,0.810678,4.000000,4.000000,4.000000,7.000000,7.000000,12.000000,0.016230,0.006620,0.137412,0.440731,calls/second,milliseconds
1779800548,9,12.000000,3.976630,3.000000,0.810678,4.000000,4.000000,4.000000,7.000000,7.000000,12.000000,0.016200,0.006091,0.135140,0.438289,calls/second,milliseconds
1779800550,9,12.000000,3.976630,3.000000,0.810678,4.000000,4.000000,4.000000,7.000000,7.000000,12.000000,0.016171,0.006091,0.135140,0.438289,calls/second,milliseconds
1779800551,9,12.000000,3.976630,3.000000,0.810678,4.000000,4.000000,4.000000,7.000000,7.000000,12.000000,0.016142,0.006091,0.135140,0.438289,calls/second,milliseconds
1779800552,9,12.000000,3.976630,3.000000,0.810678,4.000000,4.000000,4.000000,7.000000,7.000000,12.000000,0.016113,0.006091,0.135140,0.438289,calls/second,milliseconds
1779800553,9,12.000000,3.976630,3.000000,0.810678,4.000000,4.000000,4.000000,7.000000,7.000000,12.000000,0.016084,0.006091,0.135140,0.438289,calls/second,milliseconds
1779800554,9,12.000000,3.976630,3.000000,0.810678,4.000000,4.000000,4.000000,7.000000,7.000000,12.000000,0.016056,0.005604,0.132907,0.435861,calls/second,milliseconds
1779800555,9,12.000000,3.976630,3.000000,0.810678,4.000000,4.000000,4.000000,7.000000,7.000000,12.000000,0.016027,0.005604,0.132907,0.435861,calls/second,milliseconds
1779800556,9,12.000000,3.976630,3.000000,0.810678,4.000000,4.000000,4.000000,7.000000,7.000000,12.000000,0.015998,0.005604,0.132907,0.435861,calls/second,milliseconds
1779800557,9,12.000000,3.976630,3.000000,0.810678,4.000000,4.000000,4.000000,7.000000,7.000000,12.000000,0.015970,0.005604,0.132907,0.435861,calls/second,milliseconds
1779800558,9,12.000000,3.976630,3.000000,0.810678,4.000000,4.000000,4.000000,7.000000,7.000000,12.000000,0.015942,0.005604,0.132907,0.435861,calls/second,milliseconds
1779800559,9,12.000000,3.976630,3.000000,0.810678,4.000000,4.000000,4.000000,7.000000,7.000000,12.000000,0.015913,0.005156,0.130710,0.433446,calls/second,milliseconds
1779800560,9,12.000000,3.976630,3.000000,0.810678,4.000000,4.000000,4.000000,7.000000,7.000000,12.000000,0.015885,0.005156,0.130710,0.433446,calls/second,milliseconds
1779800561,9,12.000000,3.976630,3.000000,0.810678,4.000000,4.000000,4.000000,7.000000,7.000000,12.000000,0.015857,0.005156,0.130710,0.433446,calls/second,milliseconds
1779800562,9,12.000000,3.976630,3.000000,0.810678,4.000000,4.000000,4.000000,7.000000,7.000000,12.000000,0.015829,0.005156,0.130710,0.433446,calls/second,milliseconds
1779800563,9,12.000000,3.976630,3.000000,0.810678,4.000000,4.000000,4.000000,7.000000,7.000000,12.000000,0.015802,0.005156,0.130710,0.433446,calls/second,milliseconds
1779800564,9,12.000000,3.976630,3.000000,0.810678,4.000000,4.000000,4.000000,7.000000,7.000000,12.000000,0.015774,0.004744,0.128550,0.431045,calls/second,milliseconds
1779800565,9,12.000000,3.976630,3.000000,0.810678,4.000000,4.000000,4.000000,7.000000,7.000000,12.000000,0.015746,0.004744,0.128550,0.431045,calls/second,milliseconds
1779800566,9,12.000000,3.976630,3.000000,0.810678,4.000000,4.000000,4.000000,7.000000,7.000000,12.000000,0.015719,0.004744,0.128550,0.431045,calls/second,milliseconds
1779800567,9,12.000000,3.976630,3.000000,0.810678,4.000000,4.000000,4.000000,7.000000,7.000000,12.000000,0.015691,0.004744,0.128550,0.431045,calls/second,milliseconds
1779800568,9,12.000000,3.976630,3.000000,0.810678,4.000000,4.000000,4.000000,7.000000,7.000000,12.000000,0.015664,0.004744,0.128550,0.431045,calls/second,milliseconds
1779800569,9,12.000000,3.976630,3.000000,0.810678,4.000000,4.000000,4.000000,7.000000,7.000000,12.000000,0.015637,0.004364,0.126425,0.428656,calls/second,milliseconds
1779800570,9,12.000000,3.976630,3.000000,0.810678,4.000000,4.000000,4.000000,7.000000,7.000000,12.000000,0.015609,0.004364,0.126425,0.428656,calls/second,milliseconds
1779800571,9,12.000000,3.976630,3.000000,0.810678,4.000000,4.000000,4.000000,7.000000,7.000000,12.000000,0.015582,0.004364,0.126425,0.428656,calls/second,milliseconds
1779800572,9,12.000000,3.976630,3.000000,0.810678,4.000000,4.000000,4.000000,7.000000,7.000000,12.000000,0.015555,0.004364,0.126425,0.428656,calls/second,milliseconds
1779800573,9,12.000000,3.976630,3.000000,0.810678,4.000000,4.000000,4.000000,7.000000,7.000000,12.000000,0.015528,0.004364,0.126425,0.428656,calls/second,milliseconds
1779800574,9,12.000000,3.976630,3.000000,0.810678,4.000000,4.000000,4.000000,7.000000,7.000000,12.000000,0.015502,0.004016,0.124335,0.426282,calls/second,milliseconds
1779800575,9,12.000000,3.976630,3.000000,0.810678,4.000000,4.000000,4.000000,7.000000,7.000000,12.000000,0.015475,0.004016,0.124335,0.426282,calls/second,milliseconds
1779800576,9,12.000000,3.976630,3.000000,0.810678,4.000000,4.000000,4.000000,7.000000,7.000000,12.000000,0.015448,0.004016,0.124335,0.426282,calls/second,milliseconds
1779800577,9,12.000000,3.976630,3.000000,0.810678,4.000000,4.000000,4.000000,7.000000,7.000000,12.000000,0.015422,0.004016,0.124335,0.426282,calls/second,milliseconds
1779800578,9,12.000000,3.976630,3.000000,0.810678,4.000000,4.000000,4.000000,7.000000,7.000000,12.000000,0.015395,0.004016,0.124335,0.426282,calls/second,milliseconds
1779800579,9,12.000000,3.976630,3.000000,0.810678,4.000000,4.000000,4.000000,7.000000,7.000000,12.000000,0.015369,0.003694,0.122280,0.423920,calls/second,milliseconds
1779800580,9,12.000000,3.976630,3.000000,0.810678,4.000000,4.000000,4.000000,7.000000,7.000000,12.000000,0.015343,0.003694,0.122280,0.423920,calls/second,milliseconds
1779800581,9,12.000000,3.976630,3.000000,0.810678,4.000000,4.000000,4.000000,7.000000,7.000000,12.000000,0.015317,0.003694,0.122280,0.423920,calls/second,milliseconds
1779800582,9,12.000000,3.976630,3.000000,0.810678,4.000000,4.000000,4.000000,7.000000,7.000000,12.000000,0.015291,0.003694,0.122280,0.423920,calls/second,milliseconds
1779800583,9,12.000000,3.976630,3.000000,0.810678,4.000000,4.000000,4.000000,7.000000,7.000000,12.000000,0.015265,0.003694,0.122280,0.423920,calls/second,milliseconds
1779800584,9,12.000000,3.976630,3.000000,0.810678,4.000000,4.000000,4.000000,7.000000,7.000000,12.000000,0.015239,0.003399,0.120259,0.421571,calls/second,milliseconds
1779800585,9,12.000000,3.976630,3.000000,0.810678,4.000000,4.000000,4.000000,7.000000,7.000000,12.000000,0.015213,0.003399,0.120259,0.421571,calls/second,milliseconds
1779800586,9,12.000000,3.976630,3.000000,0.810678,4.000000,4.000000,4.000000,7.000000,7.000000,12.000000,0.015187,0.003399,0.120259,0.421571,calls/second,milliseconds
1779800587,9,12.000000,3.976630,3.000000,0.810678,4.000000,4.000000,4.000000,7.000000,7.000000,12.000000,0.015162,0.003399,0.120259,0.421571,calls/second,milliseconds
1779800588,10,12.000000,3.186511,3.000000,0.522373,3.000000,3.000000,4.000000,4.000000,4.000000,8.000000,0.016818,0.003399,0.120259,0.421571,calls/second,milliseconds
1779800589,10,12.000000,3.186511,3.000000,0.522373,3.000000,3.000000,4.000000,4.000000,4.000000,8.000000,0.016790,0.019118,0.121577,0.420344,calls/second,milliseconds
1779800590,10,12.000000,3.186511,3.000000,0.522373,3.000000,3.000000,4.000000,4.000000,4.000000,8.000000,0.016761,0.019118,0.121577,0.420344,calls/second,milliseconds
1779800591,10,12.000000,3.186511,3.000000,0.522373,3.000000,3.000000,4.000000,4.000000,4.000000,8.000000,0.016733,0.019118,0.121577,0.420344,calls/second,milliseconds
1779800592,10,12.000000,3.186511,3.000000,0.522373,3.000000,3.000000,4.000000,4.000000,4.000000,8.000000,0.016705,0.019118,0.121577,0.420344,calls/second,milliseconds
1779800593,10,12.000000,3.186511,3.000000,0.522373,3.000000,3.000000,4.000000,4.000000,4.000000,8.000000,0.016677,0.019118,0.121577,0.420344,calls/second,milliseconds
1779800594,10,12.000000,3.186511,3.000000,0.522373,3.000000,3.000000,4.000000,4.000000,4.000000,8.000000,0.016650,0.017590,0.119568,0.418015,calls/second,milliseconds
1779800595,10,12.000000,3.186511,3.000000,0.522373,3.000000,3.000000,4.000000,4.000000,4.000000,8.000000,0.016622,0.017590,0.119568,0.418015,calls/second,milliseconds
1779800596,10,12.000000,3.186511,3.000000,0.522373,3.000000,3.000000,4.000000,4.000000,4.000000,8.000000,0.016594,0.017590,0.119568,0.418015,calls/second,milliseconds
1779800597,10,12.000000,3.186511,3.000000,0.522373,3.000000,3.000000,4.000000,4.000000,4.000000,8.000000,0.016567,0.017590,0.119568,0.418015,calls/second,milliseconds
1779800598,10,12.000000,3.186511,3.000000,0.522373,3.000000,3.000000,4.000000,4.000000,4.000000,8.000000,0.016539,0.017590,0.119568,0.418015,calls/second,milliseconds
1779800599,10,12.000000,3.186511,3.000000,0.522373,3.000000,3.000000,4.000000,4.000000,4.000000,8.000000,0.016512,0.016183,0.117591,0.415699,calls/second,milliseconds
1779800600,10,12.000000,3.186511,3.000000,0.522373,3.000000,3.000000,4.000000,4.000000,4.000000,8.000000,0.016485,0.016183,0.117591,0.415699,calls/second,milliseconds
1779800601,10,12.000000,3.186511,3.000000,0.522373,3.000000,3.000000,4.000000,4.000000,4.000000,8.000000,0.016458,0.016183,0.117591,0.415699,calls/second,milliseconds
1779800602,10,12.000000,3.186511,3.000000,0.522373,3.000000,3.000000,4.000000,4.000000,4.000000,8.000000,0.016430,0.016183,0.117591,0.415699,calls/second,milliseconds
1779800603,10,12.000000,3.186511,3.000000,0.522373,3.000000,3.000000,4.000000,4.000000,4.000000,8.000000,0.016403,0.016183,0.117591,0.415699,calls/second,milliseconds
1779800604,10,12.000000,3.186511,3.000000,0.522373,3.000000,3.000000,4.000000,4.000000,4.000000,8.000000,0.016377,0.014889,0.115648,0.413396,calls/second,milliseconds
1779800605,10,12.000000,3.186511,3.000000,0.522373,3.000000,3.000000,4.000000,4.000000,4.000000,8.000000,0.016350,0.014889,0.115648,0.413396,calls/second,milliseconds
1779800606,10,12.000000,3.186511,3.000000,0.522373,3.000000,3.000000,4.000000,4.000000,4.000000,8.000000,0.016323,0.014889,0.115648,0.413396,calls/second,milliseconds
1779800607,10,12.000000,3.186511,3.000000,0.522373,3.000000,3.000000,4.000000,4.000000,4.000000,8.000000,0.016296,0.014889,0.115648,0.413396,calls/second,milliseconds
1779800608,10,12.000000,3.186511,3.000000,0.522373,3.000000,3.000000,4.000000,4.000000,4.000000,8.000000,0.016270,0.014889,0.115648,0.413396,calls/second,milliseconds
1779800609,10,12.000000,3.186511,3.000000,0.522373,3.000000,3.000000,4.000000,4.000000,4.000000,8.000000,0.016243,0.013699,0.113736,0.411106,calls/second,milliseconds
1779800610,10,12.000000,3.186511,3.000000,0.522373,3.000000,3.000000,4.000000,4.000000,4.000000,8.000000,0.016217,0.013699,0.113736,0.411106,calls/second,milliseconds
1779800611,10,12.000000,3.186511,3.000000,0.522373,3.000000,3.000000,4.000000,4.000000,4.000000,8.000000,0.016191,0.013699,0.113736,0.411106,calls/second,milliseconds
1779800612,10,12.000000,3.186511,3.000000,0.522373,3.000000,3.000000,4.000000,4.000000,4.000000,8.000000,0.016164,0.013699,0.113736,0.411106,calls/second,milliseconds
1779800613,10,12.000000,3.186511,3.000000,0.522373,3.000000,3.000000,4.000000,4.000000,4.000000,8.000000,0.016138,0.013699,0.113736,0.411106,calls/second,milliseconds
1779800614,10,12.000000,3.186511,3.000000,0.522373,3.000000,3.000000,4.000000,4.000000,4.000000,8.000000,0.016112,0.012604,0.111856,0.408828,calls/second,milliseconds
1779800615,10,12.000000,3.186511,3.000000,0.522373,3.000000,3.000000,4.000000,4.000000,4.000000,8.000000,0.016086,0.012604,0.111856,0.408828,calls/second,milliseconds
1779800616,10,12.000000,3.186511,3.000000,0.522373,3.000000,3.000000,4.000000,4.000000,4.000000,8.000000,0.016060,0.012604,0.111856,0.408828,calls/second,milliseconds
1779800617,10,12.000000,3.186511,3.000000,0.522373,3.000000,3.000000,4.000000,4.000000,4.000000,8.000000,0.016035,0.012604,0.111856,0.408828,calls/second,milliseconds
1779800618,10,12.000000,3.186511,3.000000,0.522373,3.000000,3.000000,4.000000,4.000000,4.000000,8.000000,0.016009,0.012604,0.111856,0.408828,calls/second,milliseconds
1779800619,10,12.000000,3.186511,3.000000,0.522373,3.000000,3.000000,4.000000,4.000000,4.000000,8.000000,0.015983,0.011596,0.110007,0.406563,calls/second,milliseconds
1779800620,10,12.000000,3.186511,3.000000,0.522373,3.000000,3.000000,4.000000,4.000000,4.000000,8.000000,0.015958,0.011596,0.110007,0.406563,calls/second,milliseconds
1779800621,10,12.000000,3.186511,3.000000,0.522373,3.000000,3.000000,4.000000,4.000000,4.000000,8.000000,0.015932,0.011596,0.110007,0.406563,calls/second,milliseconds
1779800622,10,12.000000,3.186511,3.000000,0.522373,3.000000,3.000000,4.000000,4.000000,4.000000,8.000000,0.015907,0.011596,0.110007,0.406563,calls/second,milliseconds
1779800623,10,12.000000,3.186511,3.000000,0.522373,3.000000,3.000000,4.000000,4.000000,4.000000,8.000000,0.015882,0.011596,0.110007,0.406563,calls/second,milliseconds
1779800624,10,12.000000,3.186511,3.000000,0.522373,3.000000,3.000000,4.000000,4.000000,4.000000,8.000000,0.015856,0.010669,0.108189,0.404311,calls/second,milliseconds
1779800625,10,12.000000,3.186511,3.000000,0.522373,3.000000,3.000000,4.000000,4.000000,4.000000,8.000000,0.015831,0.010669,0.108189,0.404311,calls/second,milliseconds
1779800626,10,12.000000,3.186511,3.000000,0.522373,3.000000,3.000000,4.000000,4.000000,4.000000,8.000000,0.015806,0.010669,0.108189,0.404311,calls/second,milliseconds
1779800627,10,12.000000,3.186511,3.000000,0.522373,3.000000,3.000000,4.000000,4.000000,4.000000,8.000000,0.015781,0.010669,0.108189,0.404311,calls/second,milliseconds
1779800628,10,12.000000,3.186511,3.000000,0.522373,3.000000,3.000000,4.000000,4.000000,4.000000,8.000000,0.015756,0.010669,0.108189,0.404311,calls/second,milliseconds
1779800629,10,12.000000,3.186511,3.000000,0.522373,3.000000,3.000000,4.000000,4.000000,4.000000,8.000000,0.015732,0.009816,0.106401,0.402071,calls/second,milliseconds
1779800630,10,12.000000,3.186511,3.000000,0.522373,3.000000,3.000000,4.000000,4.000000,4.000000,8.000000,0.015707,0.009816,0.106401,0.402071,calls/second,milliseconds
1779800631,10,12.000000,3.186511,3.000000,0.522373,3.000000,3.000000,4.000000,4.000000,4.000000,8.000000,0.015682,0.009816,0.106401,0.402071,calls/second,milliseconds
1779800632,10,12.000000,3.186511,3.000000,0.522373,3.000000,3.000000,4.000000,4.000000,4.000000,8.000000,0.015657,0.009816,0.106401,0.402071,calls/second,milliseconds
1779800633,10,12.000000,3.186511,3.000000,0.522373,3.000000,3.000000,4.000000,4.000000,4.000000,8.000000,0.015633,0.009816,0.106401,0.402071,calls/second,milliseconds
1779800634,10,12.000000,3.186511,3.000000,0.522373,3.000000,3.000000,4.000000,4.000000,4.000000,8.000000,0.015609,0.009031,0.104642,0.399843,calls/second,milliseconds
1779800635,10,12.000000,3.186511,3.000000,0.522373,3.000000,3.000000,4.000000,4.000000,4.000000,8.000000,0.015584,0.009031,0.104642,0.399843,calls/second,milliseconds
1779800636,10,12.000000,3.186511,3.000000,0.522373,3.000000,3.000000,4.000000,4.000000,4.000000,8.000000,0.015560,0.009031,0.104642,0.399843,calls/second,milliseconds
1779800637,10,12.000000,3.186511,3.000000,0.522373,3.000000,3.000000,4.000000,4.000000,4.000000,8.000000,0.015536,0.009031,0.104642,0.399843,calls/second,milliseconds
1779800638,10,12.000000,3.186511,3.000000,0.522373,3.000000,3.000000,4.000000,4.000000,4.000000,8.000000,0.015512,0.009031,0.104642,0.399843,calls/second,milliseconds
1779800639,10,12.000000,3.186511,3.000000,0.522373,3.000000,3.000000,4.000000,4.000000,4.000000,8.000000,0.015488,0.008309,0.102913,0.397628,calls/second,milliseconds
1779800640,10,12.000000,3.186511,3.000000,0.522373,3.000000,3.000000,4.000000,4.000000,4.000000,8.000000,0.015464,0.008309,0.102913,0.397628,calls/second,milliseconds
1779800641,10,12.000000,3.186511,3.000000,0.522373,3.000000,3.000000,4.000000,4.000000,4.000000,8.000000,0.015440,0.008309,0.102913,0.397628,calls/second,milliseconds
1779800642,10,12.000000,3.186511,3.000000,0.522373,3.000000,3.000000,4.000000,4.000000,4.000000,8.000000,0.015416,0.008309,0.102913,0.397628,calls/second,milliseconds
1779800643,10,12.000000,3.186511,3.000000,0.522373,3.000000,3.000000,4.000000,4.000000,4.000000,8.000000,0.015392,0.008309,0.102913,0.397628,calls/second,milliseconds
1779800644,10,12.000000,3.186511,3.000000,0.522373,3.000000,3.000000,4.000000,4.000000,4.000000,8.000000,0.015368,0.007644,0.101212,0.395425,calls/second,milliseconds
1779800645,10,12.000000,3.186511,3.000000,0.522373,3.000000,3.000000,4.000000,4.000000,4.000000,8.000000,0.015345,0.007644,0.101212,0.395425,calls/second,milliseconds
1779800646,10,12.000000,3.186511,3.000000,0.522373,3.000000,3.000000,4.000000,4.000000,4.000000,8.000000,0.015321,0.007644,0.101212,0.395425,calls/second,milliseconds
1779800647,10,12.000000,3.186511,3.000000,0.522373,3.000000,3.000000,4.000000,4.000000,4.000000,8.000000,0.015298,0.007644,0.101212,0.395425,calls/second,milliseconds
1779800648,10,12.000000,3.186511,3.000000,0.522373,3.000000,3.000000,4.000000,4.000000,4.000000,8.000000,0.015274,0.007644,0.101212,0.395425,calls/second,milliseconds
1779800649,10,12.000000,3.186511,3.000000,0.522373,3.000000,3.000000,4.000000,4.000000,4.000000,8.000000,0.015251,0.007033,0.099539,0.393235,calls/second,milliseconds
1779800650,10,12.000000,3.186511,3.000000,0.522373,3.000000,3.000000,4.000000,4.000000,4.000000,8.000000,0.015228,0.007033,0.099539,0.393235,calls/second,milliseconds
1779800651,10,12.000000,3.186511,3.000000,0.522373,3.000000,3.000000,4.000000,4.000000,4.000000,8.000000,0.015205,0.007033,0.099539,0.393235,calls/second,milliseconds
1779800652,10,12.000000,3.186511,3.000000,0.522373,3.000000,3.000000,4.000000,4.000000,4.000000,8.000000,0.015181,0.007033,0.099539,0.393235,calls/second,milliseconds
1779800653,10,12.000000,3.186511,3.000000,0.522373,3.000000,3.000000,4.000000,4.000000,4.000000,8.000000,0.015158,0.007033,0.099539,0.393235,calls/second,milliseconds
1779800654,10,12.000000,3.186511,3.000000,0.522373,3.000000,3.000000,4.000000,4.000000,4.000000,8.000000,0.015135,0.006471,0.097894,0.391056,calls/second,milliseconds
1779800655,10,12.000000,3.186511,3.000000,0.522373,3.000000,3.000000,4.000000,4.000000,4.000000,8.000000,0.015112,0.006471,0.097894,0.391056,calls/second,milliseconds
1779800656,10,12.000000,3.186511,3.000000,0.522373,3.000000,3.000000,4.000000,4.000000,4.000000,8.000000,0.015090,0.006471,0.097894,0.391056,calls/second,milliseconds
1779800657,10,12.000000,3.186511,3.000000,0.522373,3.000000,3.000000,4.000000,4.000000,4.000000,8.000000,0.015067,0.006471,0.097894,0.391056,calls/second,milliseconds
1779800658,10,12.000000,3.186511,3.000000,0.522373,3.000000,3.000000,4.000000,4.000000,4.000000,8.000000,0.015044,0.006471,0.097894,0.391056,calls/second,milliseconds
1779800659,10,12.000000,3.186511,3.000000,0.522373,3.000000,3.000000,4.000000,4.000000,4.000000,8.000000,0.015022,0.005954,0.096276,0.388890,calls/second,milliseconds
1779800660,10,12.000000,3.186511,3.000000,0.522373,3.000000,3.000000,4.000000,4.000000,4.000000,8.000000,0.014999,0.005954,0.096276,0.388890,calls/second,milliseconds
1779800661,10,12.000000,3.186511,3.000000,0.522373,3.000000,3.000000,4.000000,4.000000,4.000000,8.000000,0.014976,0.005954,0.096276,0.388890,calls/second,milliseconds
1779800662,10,12.000000,3.186511,3.000000,0.522373,3.000000,3.000000,4.000000,4.000000,4.000000,8.000000,0.014954,0.005954,0.096276,0.388890,calls/second,milliseconds
1779800663,10,12.000000,3.186511,3.000000,0.522373,3.000000,3.000000,4.000000,4.000000,4.000000,8.000000,0.014932,0.005954,0.096276,0.388890,calls/second,milliseconds
1779800664,10,12.000000,3.186511,3.000000,0.522373,3.000000,3.000000,4.000000,4.000000,4.000000,8.000000,0.014909,0.005478,0.094684,0.386735,calls/second,milliseconds
1779800665,10,12.000000,3.186511,3.000000,0.522373,3.000000,3.000000,4.000000,4.000000,4.000000,8.000000,0.014887,0.005478,0.094684,0.386735,calls/second,milliseconds
1779800666,10,12.000000,3.186511,3.000000,0.522373,3.000000,3.000000,4.000000,4.000000,4.000000,8.000000,0.014865,0.005478,0.094684,0.386735,calls/second,milliseconds
1779800667,10,12.000000,3.186511,3.000000,0.522373,3.000000,3.000000,4.000000,4.000000,4.000000,8.000000,0.014843,0.005478,0.094684,0.386735,calls/second,milliseconds
1779800668,10,12.000000,3.186511,3.000000,0.522373,3.000000,3.000000,4.000000,4.000000,4.000000,8.000000,0.014821,0.005478,0.094684,0.386735,calls/second,milliseconds
1779800669,10,12.000000,3.186511,3.000000,0.522373,3.000000,3.000000,4.000000,4.000000,4.000000,8.000000,0.014799,0.005040,0.093119,0.384592,calls/second,milliseconds
1779800670,10,12.000000,3.186511,3.000000,0.522373,3.000000,3.000000,4.000000,4.000000,4.000000,8.000000,0.014777,0.005040,0.093119,0.384592,calls/second,milliseconds
1779800671,10,12.000000,3.186511,3.000000,0.522373,3.000000,3.000000,4.000000,4.000000,4.000000,8.000000,0.014755,0.005040,0.093119,0.384592,calls/second,milliseconds
1779800672,10,12.000000,3.186511,3.000000,0.522373,3.000000,3.000000,4.000000,4.000000,4.000000,8.000000,0.014733,0.005040,0.093119,0.384592,calls/second,milliseconds
1779800673,10,12.000000,3.186511,3.000000,0.522373,3.000000,3.000000,4.000000,4.000000,4.000000,8.000000,0.014712,0.005040,0.093119,0.384592,calls/second,milliseconds
1779800674,10,12.000000,3.186511,3.000000,0.522373,3.000000,3.000000,4.000000,4.000000,4.000000,8.000000,0.014690,0.004637,0.091580,0.382462,calls/second,milliseconds
1779800675,10,12.000000,3.186511,3.000000,0.522373,3.000000,3.000000,4.000000,4.000000,4.000000,8.000000,0.014668,0.004637,0.091580,0.382462,calls/second,milliseconds
1779800676,10,12.000000,3.186511,3.000000,0.522373,3.000000,3.000000,4.000000,4.000000,4.000000,8.000000,0.014647,0.004637,0.091580,0.382462,calls/second,milliseconds
1779800677,10,12.000000,3.186511,3.000000,0.522373,3.000000,3.000000,4.000000,4.000000,4.000000,8.000000,0.014625,0.004637,0.091580,0.382462,calls/second,milliseconds
1779800678,10,12.000000,3.186511,3.000000,0.522373,3.000000,3.000000,4.000000,4.000000,4.000000,8.000000,0.014604,0.004637,0.091580,0.382462,calls/second,milliseconds
1779800679,10,12.000000,3.186511,3.000000,0.522373,3.000000,3.000000,4.000000,4.000000,4.000000,8.000000,0.014583,0.004266,0.090066,0.380343,calls/second,milliseconds
1779800680,10,12.000000,3.186511,3.000000,0.522373,3.000000,3.000000,4.000000,4.000000,4.000000,8.000000,0.014561,0.004266,0.090066,0.380343,calls/second,milliseconds
1779800681,10,12.000000,3.186511,3.000000,0.522373,3.000000,3.000000,4.000000,4.000000,4.000000,8.000000,0.014540,0.004266,0.090066,0.380343,calls/second,milliseconds
1779800682,10,12.000000,3.186511,3.000000,0.522373,3.000000,3.000000,4.000000,4.000000,4.000000,8.000000,0.014519,0.004266,0.090066,0.380343,calls/second,milliseconds
1779800683,10,12.000000,3.186511,3.000000,0.522373,3.000000,3.000000,4.000000,4.000000,4.000000,8.000000,0.014498,0.004266,0.090066,0.380343,calls/second,milliseconds
1779800684,10,12.000000,3.186511,3.000000,0.522373,3.000000,3.000000,4.000000,4.000000,4.000000,8.000000,0.014477,0.003925,0.088578,0.378236,calls/second,milliseconds
1779800685,10,12.000000,3.186511,3.000000,0.522373,3.000000,3.000000,4.000000,4.000000,4.000000,8.000000,0.014456,0.003925,0.088578,0.378236,calls/second,milliseconds
1779800686,10,12.000000,3.186511,3.000000,0.522373,3.000000,3.000000,4.000000,4.000000,4.000000,8.000000,0.014435,0.003925,0.088578,0.378236,calls/second,milliseconds
1779800687,10,12.000000,3.186511,3.000000,0.522373,3.000000,3.000000,4.000000,4.000000,4.000000,8.000000,0.014414,0.003925,0.088578,0.378236,calls/second,milliseconds
1779800688,10,12.000000,3.186511,3.000000,0.522373,3.000000,3.000000,4.000000,4.000000,4.000000,8.000000,0.014394,0.003925,0.088578,0.378236,calls/second,milliseconds
1779800689,10,12.000000,3.186511,3.000000,0.522373,3.000000,3.000000,4.000000,4.000000,4.000000,8.000000,0.014373,0.003611,0.087114,0.376140,calls/second,milliseconds
1779800690,10,12.000000,3.186511,3.000000,0.522373,3.000000,3.000000,4.000000,4.000000,4.000000,8.000000,0.014352,0.003611,0.087114,0.376140,calls/second,milliseconds
1779800691,10,12.000000,3.186511,3.000000,0.522373,3.000000,3.000000,4.000000,4.000000,4.000000,8.000000,0.014332,0.003611,0.087114,0.376140,calls/second,milliseconds
1779800692,10,12.000000,3.186511,3.000000,0.522373,3.000000,3.000000,4.000000,4.000000,4.000000,8.000000,0.014311,0.003611,0.087114,0.376140,calls/second,milliseconds
1779800693,10,12.000000,3.186511,3.000000,0.522373,3.000000,3.000000,4.000000,4.000000,4.000000,8.000000,0.014291,0.003611,0.087114,0.376140,calls/second,milliseconds
1779800694,10,12.000000,3.186511,3.000000,0.522373,3.000000,3.000000,4.000000,4.000000,4.000000,8.000000,0.014270,0.003322,0.085674,0.374056,calls/second,milliseconds
1779800695,10,12.000000,3.186511,3.000000,0.522373,3.000000,3.000000,4.000000,4.000000,4.000000,8.000000,0.014250,0.003322,0.085674,0.374056,calls/second,milliseconds
1779800696,11,12.000000,3.840119,3.000000,0.397655,4.000000,4.000000,4.000000,4.000000,4.000000,7.000000,0.015652,0.003322,0.085674,0.374056,calls/second,milliseconds
1779800697,11,12.000000,3.840119,3.000000,0.397655,4.000000,4.000000,4.000000,4.000000,4.000000,7.000000,0.015630,0.003322,0.085674,0.374056,calls/second,milliseconds
1779800698,11,12.000000,3.840119,3.000000,0.397655,4.000000,4.000000,4.000000,4.000000,4.000000,7.000000,0.015608,0.003322,0.085674,0.374056,calls/second,milliseconds
1779800699,11,12.000000,3.840119,3.000000,0.397655,4.000000,4.000000,4.000000,4.000000,4.000000,7.000000,0.015586,0.019048,0.087564,0.373092,calls/second,milliseconds
1779800700,11,12.000000,3.840119,3.000000,0.397655,4.000000,4.000000,4.000000,4.000000,4.000000,7.000000,0.015564,0.019048,0.087564,0.373092,calls/second,milliseconds
1779800701,11,12.000000,3.840119,3.000000,0.397655,4.000000,4.000000,4.000000,4.000000,4.000000,7.000000,0.015542,0.019048,0.087564,0.373092,calls/second,milliseconds
1779800702,11,12.000000,3.840119,3.000000,0.397655,4.000000,4.000000,4.000000,4.000000,4.000000,7.000000,0.015520,0.019048,0.087564,0.373092,calls/second,milliseconds
1779800703,11,12.000000,3.840119,3.000000,0.397655,4.000000,4.000000,4.000000,4.000000,4.000000,7.000000,0.015498,0.019048,0.087564,0.373092,calls/second,milliseconds
1779800704,11,12.000000,3.840119,3.000000,0.397655,4.000000,4.000000,4.000000,4.000000,4.000000,7.000000,0.015476,0.017525,0.086116,0.371025,calls/second,milliseconds
1779800705,11,12.000000,3.840119,3.000000,0.397655,4.000000,4.000000,4.000000,4.000000,4.000000,7.000000,0.015454,0.017525,0.086116,0.371025,calls/second,milliseconds
1779800706,11,12.000000,3.840119,3.000000,0.397655,4.000000,4.000000,4.000000,4.000000,4.000000,7.000000,0.015432,0.017525,0.086116,0.371025,calls/second,milliseconds
1779800707,11,12.000000,3.840119,3.000000,0.397655,4.000000,4.000000,4.000000,4.000000,4.000000,7.000000,0.015411,0.017525,0.086116,0.371025,calls/second,milliseconds
1779800708,11,12.000000,3.840119,3.000000,0.397655,4.000000,4.000000,4.000000,4.000000,4.000000,7.000000,0.015389,0.017525,0.086116,0.371025,calls/second,milliseconds
1779800709,11,12.000000,3.840119,3.000000,0.397655,4.000000,4.000000,4.000000,4.000000,4.000000,7.000000,0.015368,0.016124,0.084693,0.368970,calls/second,milliseconds
1779800710,11,12.000000,3.840119,3.000000,0.397655,4.000000,4.000000,4.000000,4.000000,4.000000,7.000000,0.015346,0.016124,0.084693,0.368970,calls/second,milliseconds
1779800711,11,12.000000,3.840119,3.000000,0.397655,4.000000,4.000000,4.000000,4.000000,4.000000,7.000000,0.015325,0.016124,0.084693,0.368970,calls/second,milliseconds
1779800712,11,12.000000,3.840119,3.000000,0.397655,4.000000,4.000000,4.000000,4.000000,4.000000,7.000000,0.015303,0.016124,0.084693,0.368970,calls/second,milliseconds
1779800713,11,12.000000,3.840119,3.000000,0.397655,4.000000,4.000000,4.000000,4.000000,4.000000,7.000000,0.015282,0.016124,0.084693,0.368970,calls/second,milliseconds
1779800714,11,12.000000,3.840119,3.000000,0.397655,4.000000,4.000000,4.000000,4.000000,4.000000,7.000000,0.015261,0.014834,0.083293,0.366925,calls/second,milliseconds
1779800715,11,12.000000,3.840119,3.000000,0.397655,4.000000,4.000000,4.000000,4.000000,4.000000,7.000000,0.015240,0.014834,0.083293,0.366925,calls/second,milliseconds
1779800716,11,12.000000,3.840119,3.000000,0.397655,4.000000,4.000000,4.000000,4.000000,4.000000,7.000000,0.015218,0.014834,0.083293,0.366925,calls/second,milliseconds
1779800717,11,12.000000,3.840119,3.000000,0.397655,4.000000,4.000000,4.000000,4.000000,4.000000,7.000000,0.015197,0.014834,0.083293,0.366925,calls/second,milliseconds
1779800718,11,12.000000,3.840119,3.000000,0.397655,4.000000,4.000000,4.000000,4.000000,4.000000,7.000000,0.015176,0.014834,0.083293,0.366925,calls/second,milliseconds
1779800719,11,12.000000,3.840119,3.000000,0.397655,4.000000,4.000000,4.000000,4.000000,4.000000,7.000000,0.015155,0.013648,0.081916,0.364893,calls/second,milliseconds
1779800720,11,12.000000,3.840119,3.000000,0.397655,4.000000,4.000000,4.000000,4.000000,4.000000,7.000000,0.015135,0.013648,0.081916,0.364893,calls/second,milliseconds
1779800721,11,12.000000,3.840119,3.000000,0.397655,4.000000,4.000000,4.000000,4.000000,4.000000,7.000000,0.015114,0.013648,0.081916,0.364893,calls/second,milliseconds
1779800722,11,12.000000,3.840119,3.000000,0.397655,4.000000,4.000000,4.000000,4.000000,4.000000,7.000000,0.015093,0.013648,0.081916,0.364893,calls/second,milliseconds
1779800723,11,12.000000,3.840119,3.000000,0.397655,4.000000,4.000000,4.000000,4.000000,4.000000,7.000000,0.015072,0.013648,0.081916,0.364893,calls/second,milliseconds
1779800724,11,12.000000,3.840119,3.000000,0.397655,4.000000,4.000000,4.000000,4.000000,4.000000,7.000000,0.015052,0.012557,0.080562,0.362871,calls/second,milliseconds
1779800725,11,12.000000,3.840119,3.000000,0.397655,4.000000,4.000000,4.000000,4.000000,4.000000,7.000000,0.015031,0.012557,0.080562,0.362871,calls/second,milliseconds
1779800726,11,12.000000,3.840119,3.000000,0.397655,4.000000,4.000000,4.000000,4.000000,4.000000,7.000000,0.015011,0.012557,0.080562,0.362871,calls/second,milliseconds
1779800727,11,12.000000,3.840119,3.000000,0.397655,4.000000,4.000000,4.000000,4.000000,4.000000,7.000000,0.014990,0.012557,0.080562,0.362871,calls/second,milliseconds
1779800728,11,12.000000,3.840119,3.000000,0.397655,4.000000,4.000000,4.000000,4.000000,4.000000,7.000000,0.014970,0.012557,0.080562,0.362871,calls/second,milliseconds
1779800729,11,12.000000,3.840119,3.000000,0.397655,4.000000,4.000000,4.000000,4.000000,4.000000,7.000000,0.014949,0.011553,0.079231,0.360861,calls/second,milliseconds
1779800730,11,12.000000,3.840119,3.000000,0.397655,4.000000,4.000000,4.000000,4.000000,4.000000,7.000000,0.014929,0.011553,0.079231,0.360861,calls/second,milliseconds
1779800731,11,12.000000,3.840119,3.000000,0.397655,4.000000,4.000000,4.000000,4.000000,4.000000,7.000000,0.014909,0.011553,0.079231,0.360861,calls/second,milliseconds
1779800732,11,12.000000,3.840119,3.000000,0.397655,4.000000,4.000000,4.000000,4.000000,4.000000,7.000000,0.014888,0.011553,0.079231,0.360861,calls/second,milliseconds
1779800733,11,12.000000,3.840119,3.000000,0.397655,4.000000,4.000000,4.000000,4.000000,4.000000,7.000000,0.014868,0.011553,0.079231,0.360861,calls/second,milliseconds
1779800734,11,12.000000,3.840119,3.000000,0.397655,4.000000,4.000000,4.000000,4.000000,4.000000,7.000000,0.014848,0.010629,0.077921,0.358861,calls/second,milliseconds
1779800735,11,12.000000,3.840119,3.000000,0.397655,4.000000,4.000000,4.000000,4.000000,4.000000,7.000000,0.014828,0.010629,0.077921,0.358861,calls/second,milliseconds
1779800736,11,12.000000,3.840119,3.000000,0.397655,4.000000,4.000000,4.000000,4.000000,4.000000,7.000000,0.014808,0.010629,0.077921,0.358861,calls/second,milliseconds
1779800737,11,12.000000,3.840119,3.000000,0.397655,4.000000,4.000000,4.000000,4.000000,4.000000,7.000000,0.014788,0.010629,0.077921,0.358861,calls/second,milliseconds
1779800738,11,12.000000,3.840119,3.000000,0.397655,4.000000,4.000000,4.000000,4.000000,4.000000,7.000000,0.014768,0.010629,0.077921,0.358861,calls/second,milliseconds
1779800739,11,12.000000,3.840119,3.000000,0.397655,4.000000,4.000000,4.000000,4.000000,4.000000,7.000000,0.014748,0.009779,0.076633,0.356873,calls/second,milliseconds
1779800740,11,12.000000,3.840119,3.000000,0.397655,4.000000,4.000000,4.000000,4.000000,4.000000,7.000000,0.014729,0.009779,0.076633,0.356873,calls/second,milliseconds
1779800741,11,12.000000,3.840119,3.000000,0.397655,4.000000,4.000000,4.000000,4.000000,4.000000,7.000000,0.014709,0.009779,0.076633,0.356873,calls/second,milliseconds
1779800742,11,12.000000,3.840119,3.000000,0.397655,4.000000,4.000000,4.000000,4.000000,4.000000,7.000000,0.014689,0.009779,0.076633,0.356873,calls/second,milliseconds
1779800743,11,12.000000,3.840119,3.000000,0.397655,4.000000,4.000000,4.000000,4.000000,4.000000,7.000000,0.014670,0.009779,0.076633,0.356873,calls/second,milliseconds
1779800744,11,12.000000,3.840119,3.000000,0.397655,4.000000,4.000000,4.000000,4.000000,4.000000,7.000000,0.014650,0.008998,0.075367,0.354896,calls/second,milliseconds
1779800745,11,12.000000,3.840119,3.000000,0.397655,4.000000,4.000000,4.000000,4.000000,4.000000,7.000000,0.014631,0.008998,0.075367,0.354896,calls/second,milliseconds
1779800746,11,12.000000,3.840119,3.000000,0.397655,4.000000,4.000000,4.000000,4.000000,4.000000,7.000000,0.014611,0.008998,0.075367,0.354896,calls/second,milliseconds
1779800747,11,12.000000,3.840119,3.000000,0.397655,4.000000,4.000000,4.000000,4.000000,4.000000,7.000000,0.014592,0.008998,0.075367,0.354896,calls/second,milliseconds
1779800748,11,12.000000,3.840119,3.000000,0.397655,4.000000,4.000000,4.000000,4.000000,4.000000,7.000000,0.014572,0.008998,0.075367,0.354896,calls/second,milliseconds
1779800749,11,12.000000,3.840119,3.000000,0.397655,4.000000,4.000000,4.000000,4.000000,4.000000,7.000000,0.014553,0.008278,0.074121,0.352930,calls/second,milliseconds
1779800750,11,12.000000,3.840119,3.000000,0.397655,4.000000,4.000000,4.000000,4.000000,4.000000,7.000000,0.014534,0.008278,0.074121,0.352930,calls/second,milliseconds
1779800751,11,12.000000,3.840119,3.000000,0.397655,4.000000,4.000000,4.000000,4.000000,4.000000,7.000000,0.014515,0.008278,0.074121,0.352930,calls/second,milliseconds
1779800752,11,12.000000,3.840119,3.000000,0.397655,4.000000,4.000000,4.000000,4.000000,4.000000,7.000000,0.014495,0.008278,0.074121,0.352930,calls/second,milliseconds
1779800753,11,12.000000,3.840119,3.000000,0.397655,4.000000,4.000000,4.000000,4.000000,4.000000,7.000000,0.014476,0.008278,0.074121,0.352930,calls/second,milliseconds
1779800754,11,12.000000,3.840119,3.000000,0.397655,4.000000,4.000000,4.000000,4.000000,4.000000,7.000000,0.014457,0.007616,0.072896,0.350975,calls/second,milliseconds
1779800755,11,12.000000,3.840119,3.000000,0.397655,4.000000,4.000000,4.000000,4.000000,4.000000,7.000000,0.014438,0.007616,0.072896,0.350975,calls/second,milliseconds
1779800756,11,12.000000,3.840119,3.000000,0.397655,4.000000,4.000000,4.000000,4.000000,4.000000,7.000000,0.014419,0.007616,0.072896,0.350975,calls/second,milliseconds
1779800757,11,12.000000,3.840119,3.000000,0.397655,4.000000,4.000000,4.000000,4.000000,4.000000,7.000000,0.014400,0.007616,0.072896,0.350975,calls/second,milliseconds
1779800758,11,12.000000,3.840119,3.000000,0.397655,4.000000,4.000000,4.000000,4.000000,4.000000,7.000000,0.014382,0.007616,0.072896,0.350975,calls/second,milliseconds
1779800759,11,12.000000,3.840119,3.000000,0.397655,4.000000,4.000000,4.000000,4.000000,4.000000,7.000000,0.014363,0.007007,0.071691,0.349030,calls/second,milliseconds
1779800760,11,12.000000,3.840119,3.000000,0.397655,4.000000,4.000000,4.000000,4.000000,4.000000,7.000000,0.014344,0.007007,0.071691,0.349030,calls/second,milliseconds
1779800761,11,12.000000,3.840119,3.000000,0.397655,4.000000,4.000000,4.000000,4.000000,4.000000,7.000000,0.014325,0.007007,0.071691,0.349030,calls/second,milliseconds
1779800762,11,12.000000,3.840119,3.000000,0.397655,4.000000,4.000000,4.000000,4.000000,4.000000,7.000000,0.014307,0.007007,0.071691,0.349030,calls/second,milliseconds
1779800763,11,12.000000,3.840119,3.000000,0.397655,4.000000,4.000000,4.000000,4.000000,4.000000,7.000000,0.014288,0.007007,0.071691,0.349030,calls/second,milliseconds
1779800764,11,12.000000,3.840119,3.000000,0.397655,4.000000,4.000000,4.000000,4.000000,4.000000,7.000000,0.014269,0.006447,0.070506,0.347097,calls/second,milliseconds
1779800765,11,12.000000,3.840119,3.000000,0.397655,4.000000,4.000000,4.000000,4.000000,4.000000,7.000000,0.014251,0.006447,0.070506,0.347097,calls/second,milliseconds
1779800766,11,12.000000,3.840119,3.000000,0.397655,4.000000,4.000000,4.000000,4.000000,4.000000,7.000000,0.014233,0.006447,0.070506,0.347097,calls/second,milliseconds
1779800767,11,12.000000,3.840119,3.000000,0.397655,4.000000,4.000000,4.000000,4.000000,4.000000,7.000000,0.014214,0.006447,0.070506,0.347097,calls/second,milliseconds
1779800768,11,12.000000,3.840119,3.000000,0.397655,4.000000,4.000000,4.000000,4.000000,4.000000,7.000000,0.014196,0.006447,0.070506,0.347097,calls/second,milliseconds
1779800769,11,12.000000,3.840119,3.000000,0.397655,4.000000,4.000000,4.000000,4.000000,4.000000,7.000000,0.014177,0.005932,0.069341,0.345174,calls/second,milliseconds
1779800770,11,12.000000,3.840119,3.000000,0.397655,4.000000,4.000000,4.000000,4.000000,4.000000,7.000000,0.014159,0.005932,0.069341,0.345174,calls/second,milliseconds
1779800771,11,12.000000,3.840119,3.000000,0.397655,4.000000,4.000000,4.000000,4.000000,4.000000,7.000000,0.014141,0.005932,0.069341,0.345174,calls/second,milliseconds
1779800772,11,12.000000,3.840119,3.000000,0.397655,4.000000,4.000000,4.000000,4.000000,4.000000,7.000000,0.014123,0.005932,0.069341,0.345174,calls/second,milliseconds
1779800773,11,12.000000,3.840119,3.000000,0.397655,4.000000,4.000000,4.000000,4.000000,4.000000,7.000000,0.014105,0.005932,0.069341,0.345174,calls/second,milliseconds
1779800774,11,12.000000,3.840119,3.000000,0.397655,4.000000,4.000000,4.000000,4.000000,4.000000,7.000000,0.014086,0.005457,0.068195,0.343261,calls/second,milliseconds
1779800775,11,12.000000,3.840119,3.000000,0.397655,4.000000,4.000000,4.000000,4.000000,4.000000,7.000000,0.014068,0.005457,0.068195,0.343261,calls/second,milliseconds
1779800776,11,12.000000,3.840119,3.000000,0.397655,4.000000,4.000000,4.000000,4.000000,4.000000,7.000000,0.014050,0.005457,0.068195,0.343261,calls/second,milliseconds
1779800777,11,12.000000,3.840119,3.000000,0.397655,4.000000,4.000000,4.000000,4.000000,4.000000,7.000000,0.014032,0.005457,0.068195,0.343261,calls/second,milliseconds
1779800778,11,12.000000,3.840119,3.000000,0.397655,4.000000,4.000000,4.000000,4.000000,4.000000,7.000000,0.014015,0.005457,0.068195,0.343261,calls/second,milliseconds
1779800779,11,12.000000,3.840119,3.000000,0.397655,4.000000,4.000000,4.000000,4.000000,4.000000,7.000000,0.013997,0.005021,0.067067,0.341360,calls/second,milliseconds
1779800780,11,12.000000,3.840119,3.000000,0.397655,4.000000,4.000000,4.000000,4.000000,4.000000,7.000000,0.013979,0.005021,0.067067,0.341360,calls/second,milliseconds
1779800781,11,12.000000,3.840119,3.000000,0.397655,4.000000,4.000000,4.000000,4.000000,4.000000,7.000000,0.013961,0.005021,0.067067,0.341360,calls/second,milliseconds
1779800782,11,12.000000,3.840119,3.000000,0.397655,4.000000,4.000000,4.000000,4.000000,4.000000,7.000000,0.013943,0.005021,0.067067,0.341360,calls/second,milliseconds
1779800783,11,12.000000,3.840119,3.000000,0.397655,4.000000,4.000000,4.000000,4.000000,4.000000,7.000000,0.013926,0.005021,0.067067,0.341360,calls/second,milliseconds
1779800784,11,12.000000,3.840119,3.000000,0.397655,4.000000,4.000000,4.000000,4.000000,4.000000,7.000000,0.013908,0.004619,0.065959,0.339468,calls/second,milliseconds
1779800785,11,12.000000,3.840119,3.000000,0.397655,4.000000,4.000000,4.000000,4.000000,4.000000,7.000000,0.013890,0.004619,0.065959,0.339468,calls/second,milliseconds
1779800786,11,12.000000,3.840119,3.000000,0.397655,4.000000,4.000000,4.000000,4.000000,4.000000,7.000000,0.013873,0.004619,0.065959,0.339468,calls/second,milliseconds
1779800787,11,12.000000,3.840119,3.000000,0.397655,4.000000,4.000000,4.000000,4.000000,4.000000,7.000000,0.013855,0.004619,0.065959,0.339468,calls/second,milliseconds
1779800788,11,12.000000,3.840119,3.000000,0.397655,4.000000,4.000000,4.000000,4.000000,4.000000,7.000000,0.013838,0.004619,0.065959,0.339468,calls/second,milliseconds
1779800789,11,12.000000,3.840119,3.000000,0.397655,4.000000,4.000000,4.000000,4.000000,4.000000,7.000000,0.013821,0.004250,0.064869,0.337588,calls/second,milliseconds
1779800790,11,12.000000,3.840119,3.000000,0.397655,4.000000,4.000000,4.000000,4.000000,4.000000,7.000000,0.013803,0.004250,0.064869,0.337588,calls/second,milliseconds
1779800791,11,12.000000,3.840119,3.000000,0.397655,4.000000,4.000000,4.000000,4.000000,4.000000,7.000000,0.013786,0.004250,0.064869,0.337588,calls/second,milliseconds
1779800792,11,12.000000,3.840119,3.000000,0.397655,4.000000,4.000000,4.000000,4.000000,4.000000,7.000000,0.013769,0.004250,0.064869,0.337588,calls/second,milliseconds
1779800793,11,12.000000,3.840119,3.000000,0.397655,4.000000,4.000000,4.000000,4.000000,4.000000,7.000000,0.013751,0.004250,0.064869,0.337588,calls/second,milliseconds
1779800794,11,12.000000,3.840119,3.000000,0.397655,4.000000,4.000000,4.000000,4.000000,4.000000,7.000000,0.013734,0.003910,0.063796,0.335717,calls/second,milliseconds
1779800795,11,12.000000,3.840119,3.000000,0.397655,4.000000,4.000000,4.000000,4.000000,4.000000,7.000000,0.013717,0.003910,0.063796,0.335717,calls/second,milliseconds
1779800796,11,12.000000,3.840119,3.000000,0.397655,4.000000,4.000000,4.000000,4.000000,4.000000,7.000000,0.013700,0.003910,0.063796,0.335717,calls/second,milliseconds
1779800797,11,12.000000,3.840119,3.000000,0.397655,4.000000,4.000000,4.000000,4.000000,4.000000,7.000000,0.013683,0.003910,0.063796,0.335717,calls/second,milliseconds
1779800798,11,12.000000,3.840119,3.000000,0.397655,4.000000,4.000000,4.000000,4.000000,4.000000,7.000000,0.013666,0.003910,0.063796,0.335717,calls/second,milliseconds
1779800799,11,12.000000,3.840119,3.000000,0.397655,4.000000,4.000000,4.000000,4.000000,4.000000,7.000000,0.013649,0.003598,0.062742,0.333857,calls/second,milliseconds
1779800800,11,12.000000,3.840119,3.000000,0.397655,4.000000,4.000000,4.000000,4.000000,4.000000,7.000000,0.013632,0.003598,0.062742,0.333857,calls/second,milliseconds
1779800801,12,12.000000,3.170065,3.000000,0.382051,3.000000,3.000000,4.000000,4.000000,4.000000,4.000000,0.014853,0.003598,0.062742,0.333857,calls/second,milliseconds
1779800802,12,12.000000,3.170065,3.000000,0.382051,3.000000,3.000000,4.000000,4.000000,4.000000,4.000000,0.014834,0.003598,0.062742,0.333857,calls/second,milliseconds
1779800803,12,12.000000,3.170065,3.000000,0.382051,3.000000,3.000000,4.000000,4.000000,4.000000,4.000000,0.014816,0.003598,0.062742,0.333857,calls/second,milliseconds
1779800804,12,12.000000,3.170065,3.000000,0.382051,3.000000,3.000000,4.000000,4.000000,4.000000,4.000000,0.014798,0.019301,0.065011,0.333116,calls/second,milliseconds
1779800805,12,12.000000,3.170065,3.000000,0.382051,3.000000,3.000000,4.000000,4.000000,4.000000,4.000000,0.014779,0.019301,0.065011,0.333116,calls/second,milliseconds
1779800806,12,12.000000,3.170065,3.000000,0.382051,3.000000,3.000000,4.000000,4.000000,4.000000,4.000000,0.014761,0.019301,0.065011,0.333116,calls/second,milliseconds
1779800807,12,12.000000,3.170065,3.000000,0.382051,3.000000,3.000000,4.000000,4.000000,4.000000,4.000000,0.014743,0.019301,0.065011,0.333116,calls/second,milliseconds
1779800808,12,12.000000,3.170065,3.000000,0.382051,3.000000,3.000000,4.000000,4.000000,4.000000,4.000000,0.014725,0.019301,0.065011,0.333116,calls/second,milliseconds
1779800809,12,12.000000,3.170065,3.000000,0.382051,3.000000,3.000000,4.000000,4.000000,4.000000,4.000000,0.014707,0.017758,0.063936,0.331270,calls/second,milliseconds
1779800810,12,12.000000,3.170065,3.000000,0.382051,3.000000,3.000000,4.000000,4.000000,4.000000,4.000000,0.014689,0.017758,0.063936,0.331270,calls/second,milliseconds
1779800811,12,12.000000,3.170065,3.000000,0.382051,3.000000,3.000000,4.000000,4.000000,4.000000,4.000000,0.014671,0.017758,0.063936,0.331270,calls/second,milliseconds
1779800812,12,12.000000,3.170065,3.000000,0.382051,3.000000,3.000000,4.000000,4.000000,4.000000,4.000000,0.014653,0.017758,0.063936,0.331270,calls/second,milliseconds
1779800813,12,12.000000,3.170065,3.000000,0.382051,3.000000,3.000000,4.000000,4.000000,4.000000,4.000000,0.014635,0.017758,0.063936,0.331270,calls/second,milliseconds
1779800814,12,12.000000,3.170065,3.000000,0.382051,3.000000,3.000000,4.000000,4.000000,4.000000,4.000000,0.014617,0.016338,0.062879,0.329435,calls/second,milliseconds
1779800815,12,12.000000,3.170065,3.000000,0.382051,3.000000,3.000000,4.000000,4.000000,4.000000,4.000000,0.014599,0.016338,0.062879,0.329435,calls/second,milliseconds
1779800816,12,12.000000,3.170065,3.000000,0.382051,3.000000,3.000000,4.000000,4.000000,4.000000,4.000000,0.014582,0.016338,0.062879,0.329435,calls/second,milliseconds
1779800817,12,12.000000,3.170065,3.000000,0.382051,3.000000,3.000000,4.000000,4.000000,4.000000,4.000000,0.014564,0.016338,0.062879,0.329435,calls/second,milliseconds
1779800818,12,12.000000,3.170065,3.000000,0.382051,3.000000,3.000000,4.000000,4.000000,4.000000,4.000000,0.014546,0.016338,0.062879,0.329435,calls/second,milliseconds
1779800819,12,12.000000,3.170065,3.000000,0.382051,3.000000,3.000000,4.000000,4.000000,4.000000,4.000000,0.014529,0.015032,0.061840,0.327610,calls/second,milliseconds
1779800820,12,12.000000,3.170065,3.000000,0.382051,3.000000,3.000000,4.000000,4.000000,4.000000,4.000000,0.014511,0.015032,0.061840,0.327610,calls/second,milliseconds
1779800821,12,12.000000,3.170065,3.000000,0.382051,3.000000,3.000000,4.000000,4.000000,4.000000,4.000000,0.014493,0.015032,0.061840,0.327610,calls/second,milliseconds
1779800822,12,12.000000,3.170065,3.000000,0.382051,3.000000,3.000000,4.000000,4.000000,4.000000,4.000000,0.014476,0.015032,0.061840,0.327610,calls/second,milliseconds
1779800823,12,12.000000,3.170065,3.000000,0.382051,3.000000,3.000000,4.000000,4.000000,4.000000,4.000000,0.014458,0.015032,0.061840,0.327610,calls/second,milliseconds
1779800824,12,12.000000,3.170065,3.000000,0.382051,3.000000,3.000000,4.000000,4.000000,4.000000,4.000000,0.014441,0.013830,0.060818,0.325795,calls/second,milliseconds
1779800825,12,12.000000,3.170065,3.000000,0.382051,3.000000,3.000000,4.000000,4.000000,4.000000,4.000000,0.014424,0.013830,0.060818,0.325795,calls/second,milliseconds
1779800826,12,12.000000,3.170065,3.000000,0.382051,3.000000,3.000000,4.000000,4.000000,4.000000,4.000000,0.014406,0.013830,0.060818,0.325795,calls/second,milliseconds
1779800827,12,12.000000,3.170065,3.000000,0.382051,3.000000,3.000000,4.000000,4.000000,4.000000,4.000000,0.014389,0.013830,0.060818,0.325795,calls/second,milliseconds
1779800828,12,12.000000,3.170065,3.000000,0.382051,3.000000,3.000000,4.000000,4.000000,4.000000,4.000000,0.014372,0.013830,0.060818,0.325795,calls/second,milliseconds
1779800829,12,12.000000,3.170065,3.000000,0.382051,3.000000,3.000000,4.000000,4.000000,4.000000,4.000000,0.014355,0.012724,0.059813,0.323990,calls/second,milliseconds
1779800830,12,12.000000,3.170065,3.000000,0.382051,3.000000,3.000000,4.000000,4.000000,4.000000,4.000000,0.014337,0.012724,0.059813,0.323990,calls/second,milliseconds
1779800831,12,12.000000,3.170065,3.000000,0.382051,3.000000,3.000000,4.000000,4.000000,4.000000,4.000000,0.014320,0.012724,0.059813,0.323990,calls/second,milliseconds
1779800832,12,12.000000,3.170065,3.000000,0.382051,3.000000,3.000000,4.000000,4.000000,4.000000,4.000000,0.014303,0.012724,0.059813,0.323990,calls/second,milliseconds
1779800833,12,12.000000,3.170065,3.000000,0.382051,3.000000,3.000000,4.000000,4.000000,4.000000,4.000000,0.014286,0.012724,0.059813,0.323990,calls/second,milliseconds
1779800834,12,12.000000,3.170065,3.000000,0.382051,3.000000,3.000000,4.000000,4.000000,4.000000,4.000000,0.014269,0.011707,0.058824,0.322195,calls/second,milliseconds
1779800835,12,12.000000,3.170065,3.000000,0.382051,3.000000,3.000000,4.000000,4.000000,4.000000,4.000000,0.014252,0.011707,0.058824,0.322195,calls/second,milliseconds
1779800836,12,12.000000,3.170065,3.000000,0.382051,3.000000,3.000000,4.000000,4.000000,4.000000,4.000000,0.014235,0.011707,0.058824,0.322195,calls/second,milliseconds
1779800837,12,12.000000,3.170065,3.000000,0.382051,3.000000,3.000000,4.000000,4.000000,4.000000,4.000000,0.014218,0.011707,0.058824,0.322195,calls/second,milliseconds
1779800838,12,12.000000,3.170065,3.000000,0.382051,3.000000,3.000000,4.000000,4.000000,4.000000,4.000000,0.014201,0.011707,0.058824,0.322195,calls/second,milliseconds
1779800839,12,12.000000,3.170065,3.000000,0.382051,3.000000,3.000000,4.000000,4.000000,4.000000,4.000000,0.014185,0.010771,0.057852,0.320410,calls/second,milliseconds
1779800840,12,12.000000,3.170065,3.000000,0.382051,3.000000,3.000000,4.000000,4.000000,4.000000,4.000000,0.014168,0.010771,0.057852,0.320410,calls/second,milliseconds
1779800841,12,12.000000,3.170065,3.000000,0.382051,3.000000,3.000000,4.000000,4.000000,4.000000,4.000000,0.014151,0.010771,0.057852,0.320410,calls/second,milliseconds
1779800842,12,12.000000,3.170065,3.000000,0.382051,3.000000,3.000000,4.000000,4.000000,4.000000,4.000000,0.014134,0.010771,0.057852,0.320410,calls/second,milliseconds
1779800843,12,12.000000,3.170065,3.000000,0.382051,3.000000,3.000000,4.000000,4.000000,4.000000,4.000000,0.014118,0.010771,0.057852,0.320410,calls/second,milliseconds
1779800844,12,12.000000,3.170065,3.000000,0.382051,3.000000,3.000000,4.000000,4.000000,4.000000,4.000000,0.014101,0.009910,0.056896,0.318635,calls/second,milliseconds
1779800845,12,12.000000,3.170065,3.000000,0.382051,3.000000,3.000000,4.000000,4.000000,4.000000,4.000000,0.014085,0.009910,0.056896,0.318635,calls/second,milliseconds
1779800846,12,12.000000,3.170065,3.000000,0.382051,3.000000,3.000000,4.000000,4.000000,4.000000,4.000000,0.014068,0.009910,0.056896,0.318635,calls/second,milliseconds
1779800847,12,12.000000,3.170065,3.000000,0.382051,3.000000,3.000000,4.000000,4.000000,4.000000,4.000000,0.014052,0.009910,0.056896,0.318635,calls/second,milliseconds
1779800848,12,12.000000,3.170065,3.000000,0.382051,3.000000,3.000000,4.000000,4.000000,4.000000,4.000000,0.014035,0.009117,0.055955,0.316870,calls/second,milliseconds
1779800849,12,12.000000,3.170065,3.000000,0.382051,3.000000,3.000000,4.000000,4.000000,4.000000,4.000000,0.014019,0.009117,0.055955,0.316870,calls/second,milliseconds
1779800850,12,12.000000,3.170065,3.000000,0.382051,3.000000,3.000000,4.000000,4.000000,4.000000,4.000000,0.014002,0.009117,0.055955,0.316870,calls/second,milliseconds
1779800851,12,12.000000,3.170065,3.000000,0.382051,3.000000,3.000000,4.000000,4.000000,4.000000,4.000000,0.013986,0.009117,0.055955,0.316870,calls/second,milliseconds
1779800852,12,12.000000,3.170065,3.000000,0.382051,3.000000,3.000000,4.000000,4.000000,4.000000,4.000000,0.013970,0.009117,0.055955,0.316870,calls/second,milliseconds
1779800853,12,12.000000,3.170065,3.000000,0.382051,3.000000,3.000000,4.000000,4.000000,4.000000,4.000000,0.013953,0.008388,0.055030,0.315114,calls/second,milliseconds
1779800854,12,12.000000,3.170065,3.000000,0.382051,3.000000,3.000000,4.000000,4.000000,4.000000,4.000000,0.013937,0.008388,0.055030,0.315114,calls/second,milliseconds
1779800855,12,12.000000,3.170065,3.000000,0.382051,3.000000,3.000000,4.000000,4.000000,4.000000,4.000000,0.013921,0.008388,0.055030,0.315114,calls/second,milliseconds
1779800856,12,12.000000,3.170065,3.000000,0.382051,3.000000,3.000000,4.000000,4.000000,4.000000,4.000000,0.013905,0.008388,0.055030,0.315114,calls/second,milliseconds
1779800857,12,12.000000,3.170065,3.000000,0.382051,3.000000,3.000000,4.000000,4.000000,4.000000,4.000000,0.013889,0.008388,0.055030,0.315114,calls/second,milliseconds
1779800858,12,12.000000,3.170065,3.000000,0.382051,3.000000,3.000000,4.000000,4.000000,4.000000,4.000000,0.013873,0.007718,0.054121,0.313368,calls/second,milliseconds
1779800859,12,12.000000,3.170065,3.000000,0.382051,3.000000,3.000000,4.000000,4.000000,4.000000,4.000000,0.013857,0.007718,0.054121,0.313368,calls/second,milliseconds
1779800860,12,12.000000,3.170065,3.000000,0.382051,3.000000,3.000000,4.000000,4.000000,4.000000,4.000000,0.013841,0.007718,0.054121,0.313368,calls/second,milliseconds
1779800861,12,12.000000,3.170065,3.000000,0.382051,3.000000,3.000000,4.000000,4.000000,4.000000,4.000000,0.013825,0.007718,0.054121,0.313368,calls/second,milliseconds
1779800862,12,12.000000,3.170065,3.000000,0.382051,3.000000,3.000000,4.000000,4.000000,4.000000,4.000000,0.013809,0.007718,0.054121,0.313368,calls/second,milliseconds
1779800863,12,12.000000,3.170065,3.000000,0.382051,3.000000,3.000000,4.000000,4.000000,4.000000,4.000000,0.013793,0.007100,0.053226,0.311632,calls/second,milliseconds
1779800864,12,12.000000,3.170065,3.000000,0.382051,3.000000,3.000000,4.000000,4.000000,4.000000,4.000000,0.013777,0.007100,0.053226,0.311632,calls/second,milliseconds
1779800865,12,12.000000,3.170065,3.000000,0.382051,3.000000,3.000000,4.000000,4.000000,4.000000,4.000000,0.013761,0.007100,0.053226,0.311632,calls/second,milliseconds
1779800866,12,12.000000,3.170065,3.000000,0.382051,3.000000,3.000000,4.000000,4.000000,4.000000,4.000000,0.013745,0.007100,0.053226,0.311632,calls/second,milliseconds
1779800867,12,12.000000,3.170065,3.000000,0.382051,3.000000,3.000000,4.000000,4.000000,4.000000,4.000000,0.013730,0.007100,0.053226,0.311632,calls/second,milliseconds
1779800868,12,12.000000,3.170065,3.000000,0.382051,3.000000,3.000000,4.000000,4.000000,4.000000,4.000000,0.013714,0.006533,0.052346,0.309906,calls/second,milliseconds
1779800869,12,12.000000,3.170065,3.000000,0.382051,3.000000,3.000000,4.000000,4.000000,4.000000,4.000000,0.013698,0.006533,0.052346,0.309906,calls/second,milliseconds
1779800870,12,12.000000,3.170065,3.000000,0.382051,3.000000,3.000000,4.000000,4.000000,4.000000,4.000000,0.013682,0.006533,0.052346,0.309906,calls/second,milliseconds
1779800871,12,12.000000,3.170065,3.000000,0.382051,3.000000,3.000000,4.000000,4.000000,4.000000,4.000000,0.013667,0.006533,0.052346,0.309906,calls/second,milliseconds
1779800872,12,12.000000,3.170065,3.000000,0.382051,3.000000,3.000000,4.000000,4.000000,4.000000,4.000000,0.013651,0.006533,0.052346,0.309906,calls/second,milliseconds
1779800873,12,12.000000,3.170065,3.000000,0.382051,3.000000,3.000000,4.000000,4.000000,4.000000,4.000000,0.013636,0.006010,0.051481,0.308189,calls/second,milliseconds
1779800874,12,12.000000,3.170065,3.000000,0.382051,3.000000,3.000000,4.000000,4.000000,4.000000,4.000000,0.013620,0.006010,0.051481,0.308189,calls/second,milliseconds
1779800875,12,12.000000,3.170065,3.000000,0.382051,3.000000,3.000000,4.000000,4.000000,4.000000,4.000000,0.013605,0.006010,0.051481,0.308189,calls/second,milliseconds
1779800876,12,12.000000,3.170065,3.000000,0.382051,3.000000,3.000000,4.000000,4.000000,4.000000,4.000000,0.013589,0.006010,0.051481,0.308189,calls/second,milliseconds
1779800877,12,12.000000,3.170065,3.000000,0.382051,3.000000,3.000000,4.000000,4.000000,4.000000,4.000000,0.013574,0.006010,0.051481,0.308189,calls/second,milliseconds
1779800878,12,12.000000,3.170065,3.000000,0.382051,3.000000,3.000000,4.000000,4.000000,4.000000,4.000000,0.013559,0.005530,0.050630,0.306481,calls/second,milliseconds
1779800879,12,12.000000,3.170065,3.000000,0.382051,3.000000,3.000000,4.000000,4.000000,4.000000,4.000000,0.013543,0.005530,0.050630,0.306481,calls/second,milliseconds
1779800880,12,12.000000,3.170065,3.000000,0.382051,3.000000,3.000000,4.000000,4.000000,4.000000,4.000000,0.013528,0.005530,0.050630,0.306481,calls/second,milliseconds
1779800881,12,12.000000,3.170065,3.000000,0.382051,3.000000,3.000000,4.000000,4.000000,4.000000,4.000000,0.013513,0.005530,0.050630,0.306481,calls/second,milliseconds
1779800882,12,12.000000,3.170065,3.000000,0.382051,3.000000,3.000000,4.000000,4.000000,4.000000,4.000000,0.013498,0.005530,0.050630,0.306481,calls/second,milliseconds
1779800883,12,12.000000,3.170065,3.000000,0.382051,3.000000,3.000000,4.000000,4.000000,4.000000,4.000000,0.013482,0.005088,0.049794,0.304783,calls/second,milliseconds
1779800884,12,12.000000,3.170065,3.000000,0.382051,3.000000,3.000000,4.000000,4.000000,4.000000,4.000000,0.013467,0.005088,0.049794,0.304783,calls/second,milliseconds
1779800885,12,12.000000,3.170065,3.000000,0.382051,3.000000,3.000000,4.000000,4.000000,4.000000,4.000000,0.013452,0.005088,0.049794,0.304783,calls/second,milliseconds
1779800886,12,12.000000,3.170065,3.000000,0.382051,3.000000,3.000000,4.000000,4.000000,4.000000,4.000000,0.013437,0.005088,0.049794,0.304783,calls/second,milliseconds
1779800887,12,12.000000,3.170065,3.000000,0.382051,3.000000,3.000000,4.000000,4.000000,4.000000,4.000000,0.013422,0.005088,0.049794,0.304783,calls/second,milliseconds
1779800888,12,12.000000,3.170065,3.000000,0.382051,3.000000,3.000000,4.000000,4.000000,4.000000,4.000000,0.013407,0.004681,0.048971,0.303095,calls/second,milliseconds
1779800889,12,12.000000,3.170065,3.000000,0.382051,3.000000,3.000000,4.000000,4.000000,4.000000,4.000000,0.013392,0.004681,0.048971,0.303095,calls/second,milliseconds
1779800890,12,12.000000,3.170065,3.000000,0.382051,3.000000,3.000000,4.000000,4.000000,4.000000,4.000000,0.013377,0.004681,0.048971,0.303095,calls/second,milliseconds
1779800891,12,12.000000,3.170065,3.000000,0.382051,3.000000,3.000000,4.000000,4.000000,4.000000,4.000000,0.013362,0.004681,0.048971,0.303095,calls/second,milliseconds
1779800892,12,12.000000,3.170065,3.000000,0.382051,3.000000,3.000000,4.000000,4.000000,4.000000,4.000000,0.013347,0.004681,0.048971,0.303095,calls/second,milliseconds
1779800893,12,12.000000,3.170065,3.000000,0.382051,3.000000,3.000000,4.000000,4.000000,4.000000,4.000000,0.013332,0.004307,0.048161,0.301416,calls/second,milliseconds
1779800894,12,12.000000,3.170065,3.000000,0.382051,3.000000,3.000000,4.000000,4.000000,4.000000,4.000000,0.013317,0.004307,0.048161,0.301416,calls/second,milliseconds
1779800895,12,12.000000,3.170065,3.000000,0.382051,3.000000,3.000000,4.000000,4.000000,4.000000,4.000000,0.013303,0.004307,0.048161,0.301416,calls/second,milliseconds
1779800896,12,12.000000,3.170065,3.000000,0.382051,3.000000,3.000000,4.000000,4.000000,4.000000,4.000000,0.013288,0.004307,0.048161,0.301416,calls/second,milliseconds
1779800897,12,12.000000,3.170065,3.000000,0.382051,3.000000,3.000000,4.000000,4.000000,4.000000,4.000000,0.013273,0.004307,0.048161,0.301416,calls/second,milliseconds
1779800898,12,12.000000,3.170065,3.000000,0.382051,3.000000,3.000000,4.000000,4.000000,4.000000,4.000000,0.013259,0.003962,0.047365,0.299746,calls/second,milliseconds
1779800899,12,12.000000,3.170065,3.000000,0.382051,3.000000,3.000000,4.000000,4.000000,4.000000,4.000000,0.013244,0.003962,0.047365,0.299746,calls/second,milliseconds
1779800900,12,12.000000,3.170065,3.000000,0.382051,3.000000,3.000000,4.000000,4.000000,4.000000,4.000000,0.013229,0.003962,0.047365,0.299746,calls/second,milliseconds
1779800901,12,12.000000,3.170065,3.000000,0.382051,3.000000,3.000000,4.000000,4.000000,4.000000,4.000000,0.013215,0.003962,0.047365,0.299746,calls/second,milliseconds
1779800902,12,12.000000,3.170065,3.000000,0.382051,3.000000,3.000000,4.000000,4.000000,4.000000,4.000000,0.013200,0.003962,0.047365,0.299746,calls/second,milliseconds
1779800903,12,12.000000,3.170065,3.000000,0.382051,3.000000,3.000000,4.000000,4.000000,4.000000,4.000000,0.013186,0.003646,0.046582,0.298085,calls/second,milliseconds
1779800904,12,12.000000,3.170065,3.000000,0.382051,3.000000,3.000000,4.000000,4.000000,4.000000,4.000000,0.013171,0.003646,0.046582,0.298085,calls/second,milliseconds
1779800905,12,12.000000,3.170065,3.000000,0.382051,3.000000,3.000000,4.000000,4.000000,4.000000,4.000000,0.013157,0.003646,0.046582,0.298085,calls/second,milliseconds
1779800906,13,12.000000,3.828980,3.000000,0.377843,4.000000,4.000000,4.000000,4.000000,4.000000,4.000000,0.014237,0.003646,0.046582,0.298085,calls/second,milliseconds
1779800907,13,12.000000,3.828980,3.000000,0.377843,4.000000,4.000000,4.000000,4.000000,4.000000,4.000000,0.014222,0.003646,0.046582,0.298085,calls/second,milliseconds
1779800908,13,12.000000,3.828980,3.000000,0.377843,4.000000,4.000000,4.000000,4.000000,4.000000,4.000000,0.014206,0.019345,0.049118,0.297542,calls/second,milliseconds
1779800909,13,12.000000,3.828980,3.000000,0.377843,4.000000,4.000000,4.000000,4.000000,4.000000,4.000000,0.014191,0.019345,0.049118,0.297542,calls/second,milliseconds
1779800910,13,12.000000,3.828980,3.000000,0.377843,4.000000,4.000000,4.000000,4.000000,4.000000,4.000000,0.014175,0.019345,0.049118,0.297542,calls/second,milliseconds
1779800911,13,12.000000,3.828980,3.000000,0.377843,4.000000,4.000000,4.000000,4.000000,4.000000,4.000000,0.014160,0.019345,0.049118,0.297542,calls/second,milliseconds
1779800912,13,12.000000,3.828980,3.000000,0.377843,4.000000,4.000000,4.000000,4.000000,4.000000,4.000000,0.014144,0.019345,0.049118,0.297542,calls/second,milliseconds
1779800913,13,12.000000,3.828980,3.000000,0.377843,4.000000,4.000000,4.000000,4.000000,4.000000,4.000000,0.014129,0.017798,0.048306,0.295893,calls/second,milliseconds
1779800914,13,12.000000,3.828980,3.000000,0.377843,4.000000,4.000000,4.000000,4.000000,4.000000,4.000000,0.014114,0.017798,0.048306,0.295893,calls/second,milliseconds
1779800915,13,12.000000,3.828980,3.000000,0.377843,4.000000,4.000000,4.000000,4.000000,4.000000,4.000000,0.014098,0.017798,0.048306,0.295893,calls/second,milliseconds
1779800916,13,12.000000,3.828980,3.000000,0.377843,4.000000,4.000000,4.000000,4.000000,4.000000,4.000000,0.014083,0.017798,0.048306,0.295893,calls/second,milliseconds
1779800917,13,12.000000,3.828980,3.000000,0.377843,4.000000,4.000000,4.000000,4.000000,4.000000,4.000000,0.014068,0.017798,0.048306,0.295893,calls/second,milliseconds
1779800918,13,12.000000,3.828980,3.000000,0.377843,4.000000,4.000000,4.000000,4.000000,4.000000,4.000000,0.014052,0.016375,0.047508,0.294254,calls/second,milliseconds
1779800919,13,12.000000,3.828980,3.000000,0.377843,4.000000,4.000000,4.000000,4.000000,4.000000,4.000000,0.014037,0.016375,0.047508,0.294254,calls/second,milliseconds
1779800920,13,12.000000,3.828980,3.000000,0.377843,4.000000,4.000000,4.000000,4.000000,4.000000,4.000000,0.014022,0.016375,0.047508,0.294254,calls/second,milliseconds
1779800921,13,12.000000,3.828980,3.000000,0.377843,4.000000,4.000000,4.000000,4.000000,4.000000,4.000000,0.014007,0.016375,0.047508,0.294254,calls/second,milliseconds
1779800922,13,12.000000,3.828980,3.000000,0.377843,4.000000,4.000000,4.000000,4.000000,4.000000,4.000000,0.013992,0.016375,0.047508,0.294254,calls/second,milliseconds
1779800923,13,12.000000,3.828980,3.000000,0.377843,4.000000,4.000000,4.000000,4.000000,4.000000,4.000000,0.013977,0.015066,0.046722,0.292624,calls/second,milliseconds
1779800924,13,12.000000,3.828980,3.000000,0.377843,4.000000,4.000000,4.000000,4.000000,4.000000,4.000000,0.013962,0.015066,0.046722,0.292624,calls/second,milliseconds
1779800925,13,12.000000,3.828980,3.000000,0.377843,4.000000,4.000000,4.000000,4.000000,4.000000,4.000000,0.013947,0.015066,0.046722,0.292624,calls/second,milliseconds
1779800926,13,12.000000,3.828980,3.000000,0.377843,4.000000,4.000000,4.000000,4.000000,4.000000,4.000000,0.013932,0.015066,0.046722,0.292624,calls/second,milliseconds
1779800927,13,12.000000,3.828980,3.000000,0.377843,4.000000,4.000000,4.000000,4.000000,4.000000,4.000000,0.013917,0.015066,0.046722,0.292624,calls/second,milliseconds
1779800928,13,12.000000,3.828980,3.000000,0.377843,4.000000,4.000000,4.000000,4.000000,4.000000,4.000000,0.013902,0.013861,0.045950,0.291003,calls/second,milliseconds
