t,count,max,mean,min,stddev,p50,p75,p95,p98,p99,p999,mean_rate,m1_rate,m5_rate,m15_rate,rate_unit,duration_unit
1778575466,1,7.000000,7.000000,7.000000,0.000000,7.000000,7.000000,7.000000,7.000000,7.000000,7.000000,1.250891,0.000000,0.000000,0.000000,calls/second,milliseconds
1778575467,1,7.000000,7.000000,7.000000,0.000000,7.000000,7.000000,7.000000,7.000000,7.000000,7.000000,0.554627,0.000000,0.000000,0.000000,calls/second,milliseconds
1778575468,1,7.000000,7.000000,7.000000,0.000000,7.000000,7.000000,7.000000,7.000000,7.000000,7.000000,0.356326,0.000000,0.000000,0.000000,calls/second,milliseconds
1778575469,1,7.000000,7.000000,7.000000,0.000000,7.000000,7.000000,7.000000,7.000000,7.000000,7.000000,0.262462,0.000000,0.000000,0.000000,calls/second,milliseconds
1778575470,1,7.000000,7.000000,7.000000,0.000000,7.000000,7.000000,7.000000,7.000000,7.000000,7.000000,0.207762,0.000000,0.000000,0.000000,calls/second,milliseconds
1778575471,1,7.000000,7.000000,7.000000,0.000000,7.000000,7.000000,7.000000,7.000000,7.000000,7.000000,0.171916,0.200000,0.200000,0.200000,calls/second,milliseconds
1778575472,1,7.000000,7.000000,7.000000,0.000000,7.000000,7.000000,7.000000,7.000000,7.000000,7.000000,0.146632,0.200000,0.200000,0.200000,calls/second,milliseconds
1778575473,1,7.000000,7.000000,7.000000,0.000000,7.000000,7.000000,7.000000,7.000000,7.000000,7.000000,0.127826,0.200000,0.200000,0.200000,calls/second,milliseconds
1778575474,1,7.000000,7.000000,7.000000,0.000000,7.000000,7.000000,7.000000,7.000000,7.000000,7.000000,0.113297,0.200000,0.200000,0.200000,calls/second,milliseconds
1778575475,1,7.000000,7.000000,7.000000,0.000000,7.000000,7.000000,7.000000,7.000000,7.000000,7.000000,0.101735,0.200000,0.200000,0.200000,calls/second,milliseconds
1778575476,1,7.000000,7.000000,7.000000,0.000000,7.000000,7.000000,7.000000,7.000000,7.000000,7.000000,0.092315,0.184009,0.196694,0.198892,calls/second,milliseconds
1778575477,1,7.000000,7.000000,7.000000,0.000000,7.000000,7.000000,7.000000,7.000000,7.000000,7.000000,0.084497,0.184009,0.196694,0.198892,calls/second,milliseconds
1778575478,1,7.000000,7.000000,7.000000,0.000000,7.000000,7.000000,7.000000,7.000000,7.000000,7.000000,0.077892,0.184009,0.196694,0.198892,calls/second,milliseconds
1778575479,1,7.000000,7.000000,7.000000,0.000000,7.000000,7.000000,7.000000,7.000000,7.000000,7.000000,0.072250,0.184009,0.196694,0.198892,calls/second,milliseconds
1778575480,1,7.000000,7.000000,7.000000,0.000000,7.000000,7.000000,7.000000,7.000000,7.000000,7.000000,0.067371,0.184009,0.196694,0.198892,calls/second,milliseconds
1778575481,1,7.000000,7.000000,7.000000,0.000000,7.000000,7.000000,7.000000,7.000000,7.000000,7.000000,0.063108,0.169296,0.193443,0.197790,calls/second,milliseconds
1778575482,1,7.000000,7.000000,7.000000,0.000000,7.000000,7.000000,7.000000,7.000000,7.000000,7.000000,0.059351,0.169296,0.193443,0.197790,calls/second,milliseconds
1778575483,1,7.000000,7.000000,7.000000,0.000000,7.000000,7.000000,7.000000,7.000000,7.000000,7.000000,0.056018,0.169296,0.193443,0.197790,calls/second,milliseconds
1778575484,1,7.000000,7.000000,7.000000,0.000000,7.000000,7.000000,7.000000,7.000000,7.000000,7.000000,0.053040,0.169296,0.193443,0.197790,calls/second,milliseconds
1778575485,1,7.000000,7.000000,7.000000,0.000000,7.000000,7.000000,7.000000,7.000000,7.000000,7.000000,0.050362,0.169296,0.193443,0.197790,calls/second,milliseconds
1778575486,1,7.000000,7.000000,7.000000,0.000000,7.000000,7.000000,7.000000,7.000000,7.000000,7.000000,0.047941,0.155760,0.190246,0.196694,calls/second,milliseconds
1778575487,1,7.000000,7.000000,7.000000,0.000000,7.000000,7.000000,7.000000,7.000000,7.000000,7.000000,0.045743,0.155760,0.190246,0.196694,calls/second,milliseconds
1778575488,1,7.000000,7.000000,7.000000,0.000000,7.000000,7.000000,7.000000,7.000000,7.000000,7.000000,0.043736,0.155760,0.190246,0.196694,calls/second,milliseconds
1778575489,1,7.000000,7.000000,7.000000,0.000000,7.000000,7.000000,7.000000,7.000000,7.000000,7.000000,0.041899,0.155760,0.190246,0.196694,calls/second,milliseconds
1778575490,1,7.000000,7.000000,7.000000,0.000000,7.000000,7.000000,7.000000,7.000000,7.000000,7.000000,0.040210,0.155760,0.190246,0.196694,calls/second,milliseconds
1778575491,1,7.000000,7.000000,7.000000,0.000000,7.000000,7.000000,7.000000,7.000000,7.000000,7.000000,0.038652,0.143306,0.187101,0.195605,calls/second,milliseconds
1778575492,1,7.000000,7.000000,7.000000,0.000000,7.000000,7.000000,7.000000,7.000000,7.000000,7.000000,0.037209,0.143306,0.187101,0.195605,calls/second,milliseconds
1778575493,1,7.000000,7.000000,7.000000,0.000000,7.000000,7.000000,7.000000,7.000000,7.000000,7.000000,0.035871,0.143306,0.187101,0.195605,calls/second,milliseconds
1778575494,1,7.000000,7.000000,7.000000,0.000000,7.000000,7.000000,7.000000,7.000000,7.000000,7.000000,0.034626,0.143306,0.187101,0.195605,calls/second,milliseconds
1778575495,1,7.000000,7.000000,7.000000,0.000000,7.000000,7.000000,7.000000,7.000000,7.000000,7.000000,0.033464,0.143306,0.187101,0.195605,calls/second,milliseconds
1778575496,1,7.000000,7.000000,7.000000,0.000000,7.000000,7.000000,7.000000,7.000000,7.000000,7.000000,0.032378,0.131848,0.184009,0.194521,calls/second,milliseconds
1778575497,1,7.000000,7.000000,7.000000,0.000000,7.000000,7.000000,7.000000,7.000000,7.000000,7.000000,0.031359,0.131848,0.184009,0.194521,calls/second,milliseconds
1778575498,1,7.000000,7.000000,7.000000,0.000000,7.000000,7.000000,7.000000,7.000000,7.000000,7.000000,0.030403,0.131848,0.184009,0.194521,calls/second,milliseconds
1778575499,1,7.000000,7.000000,7.000000,0.000000,7.000000,7.000000,7.000000,7.000000,7.000000,7.000000,0.029504,0.131848,0.184009,0.194521,calls/second,milliseconds
1778575500,1,7.000000,7.000000,7.000000,0.000000,7.000000,7.000000,7.000000,7.000000,7.000000,7.000000,0.028657,0.131848,0.184009,0.194521,calls/second,milliseconds
1778575501,1,7.000000,7.000000,7.000000,0.000000,7.000000,7.000000,7.000000,7.000000,7.000000,7.000000,0.027856,0.121306,0.180967,0.193443,calls/second,milliseconds
1778575502,1,7.000000,7.000000,7.000000,0.000000,7.000000,7.000000,7.000000,7.000000,7.000000,7.000000,0.027099,0.121306,0.180967,0.193443,calls/second,milliseconds
1778575503,1,7.000000,7.000000,7.000000,0.000000,7.000000,7.000000,7.000000,7.000000,7.000000,7.000000,0.026382,0.121306,0.180967,0.193443,calls/second,milliseconds
1778575504,1,7.000000,7.000000,7.000000,0.000000,7.000000,7.000000,7.000000,7.000000,7.000000,7.000000,0.025703,0.121306,0.180967,0.193443,calls/second,milliseconds
1778575505,1,7.000000,7.000000,7.000000,0.000000,7.000000,7.000000,7.000000,7.000000,7.000000,7.000000,0.025057,0.121306,0.180967,0.193443,calls/second,milliseconds
1778575506,1,7.000000,7.000000,7.000000,0.000000,7.000000,7.000000,7.000000,7.000000,7.000000,7.000000,0.024442,0.111607,0.177976,0.192372,calls/second,milliseconds
1778575507,1,7.000000,7.000000,7.000000,0.000000,7.000000,7.000000,7.000000,7.000000,7.000000,7.000000,0.023858,0.111607,0.177976,0.192372,calls/second,milliseconds
1778575508,1,7.000000,7.000000,7.000000,0.000000,7.000000,7.000000,7.000000,7.000000,7.000000,7.000000,0.023301,0.111607,0.177976,0.192372,calls/second,milliseconds
1778575509,1,7.000000,7.000000,7.000000,0.000000,7.000000,7.000000,7.000000,7.000000,7.000000,7.000000,0.022769,0.111607,0.177976,0.192372,calls/second,milliseconds
1778575510,1,7.000000,7.000000,7.000000,0.000000,7.000000,7.000000,7.000000,7.000000,7.000000,7.000000,0.022261,0.111607,0.177976,0.192372,calls/second,milliseconds
1778575511,1,7.000000,7.000000,7.000000,0.000000,7.000000,7.000000,7.000000,7.000000,7.000000,7.000000,0.021775,0.102683,0.175035,0.191306,calls/second,milliseconds
1778575512,1,7.000000,7.000000,7.000000,0.000000,7.000000,7.000000,7.000000,7.000000,7.000000,7.000000,0.021310,0.102683,0.175035,0.191306,calls/second,milliseconds
1778575513,1,7.000000,7.000000,7.000000,0.000000,7.000000,7.000000,7.000000,7.000000,7.000000,7.000000,0.020864,0.102683,0.175035,0.191306,calls/second,milliseconds
1778575514,1,7.000000,7.000000,7.000000,0.000000,7.000000,7.000000,7.000000,7.000000,7.000000,7.000000,0.020437,0.102683,0.175035,0.191306,calls/second,milliseconds
1778575515,1,7.000000,7.000000,7.000000,0.000000,7.000000,7.000000,7.000000,7.000000,7.000000,7.000000,0.020026,0.102683,0.175035,0.191306,calls/second,milliseconds
1778575516,1,7.000000,7.000000,7.000000,0.000000,7.000000,7.000000,7.000000,7.000000,7.000000,7.000000,0.019632,0.094473,0.172142,0.190246,calls/second,milliseconds
1778575517,1,7.000000,7.000000,7.000000,0.000000,7.000000,7.000000,7.000000,7.000000,7.000000,7.000000,0.019253,0.094473,0.172142,0.190246,calls/second,milliseconds
1778575518,1,7.000000,7.000000,7.000000,0.000000,7.000000,7.000000,7.000000,7.000000,7.000000,7.000000,0.018889,0.094473,0.172142,0.190246,calls/second,milliseconds
1778575519,1,7.000000,7.000000,7.000000,0.000000,7.000000,7.000000,7.000000,7.000000,7.000000,7.000000,0.018538,0.094473,0.172142,0.190246,calls/second,milliseconds
1778575520,1,7.000000,7.000000,7.000000,0.000000,7.000000,7.000000,7.000000,7.000000,7.000000,7.000000,0.018200,0.094473,0.172142,0.190246,calls/second,milliseconds
1778575521,1,7.000000,7.000000,7.000000,0.000000,7.000000,7.000000,7.000000,7.000000,7.000000,7.000000,0.017874,0.086920,0.169296,0.189192,calls/second,milliseconds
1778575522,1,7.000000,7.000000,7.000000,0.000000,7.000000,7.000000,7.000000,7.000000,7.000000,7.000000,0.017559,0.086920,0.169296,0.189192,calls/second,milliseconds
1778575523,1,7.000000,7.000000,7.000000,0.000000,7.000000,7.000000,7.000000,7.000000,7.000000,7.000000,0.017255,0.086920,0.169296,0.189192,calls/second,milliseconds
1778575524,1,7.000000,7.000000,7.000000,0.000000,7.000000,7.000000,7.000000,7.000000,7.000000,7.000000,0.016962,0.086920,0.169296,0.189192,calls/second,milliseconds
1778575525,1,7.000000,7.000000,7.000000,0.000000,7.000000,7.000000,7.000000,7.000000,7.000000,7.000000,0.016679,0.086920,0.169296,0.189192,calls/second,milliseconds
1778575526,1,7.000000,7.000000,7.000000,0.000000,7.000000,7.000000,7.000000,7.000000,7.000000,7.000000,0.016405,0.079970,0.166498,0.188144,calls/second,milliseconds
1778575527,1,7.000000,7.000000,7.000000,0.000000,7.000000,7.000000,7.000000,7.000000,7.000000,7.000000,0.016139,0.079970,0.166498,0.188144,calls/second,milliseconds
1778575528,1,7.000000,7.000000,7.000000,0.000000,7.000000,7.000000,7.000000,7.000000,7.000000,7.000000,0.015882,0.079970,0.166498,0.188144,calls/second,milliseconds
1778575529,1,7.000000,7.000000,7.000000,0.000000,7.000000,7.000000,7.000000,7.000000,7.000000,7.000000,0.015633,0.079970,0.166498,0.188144,calls/second,milliseconds
1778575530,1,7.000000,7.000000,7.000000,0.000000,7.000000,7.000000,7.000000,7.000000,7.000000,7.000000,0.015392,0.079970,0.166498,0.188144,calls/second,milliseconds
1778575531,1,7.000000,7.000000,7.000000,0.000000,7.000000,7.000000,7.000000,7.000000,7.000000,7.000000,0.015158,0.073576,0.163746,0.187101,calls/second,milliseconds
1778575532,1,7.000000,7.000000,7.000000,0.000000,7.000000,7.000000,7.000000,7.000000,7.000000,7.000000,0.014932,0.073576,0.163746,0.187101,calls/second,milliseconds
1778575533,1,7.000000,7.000000,7.000000,0.000000,7.000000,7.000000,7.000000,7.000000,7.000000,7.000000,0.014712,0.073576,0.163746,0.187101,calls/second,milliseconds
1778575534,1,7.000000,7.000000,7.000000,0.000000,7.000000,7.000000,7.000000,7.000000,7.000000,7.000000,0.014498,0.073576,0.163746,0.187101,calls/second,milliseconds
1778575535,1,7.000000,7.000000,7.000000,0.000000,7.000000,7.000000,7.000000,7.000000,7.000000,7.000000,0.014290,0.073576,0.163746,0.187101,calls/second,milliseconds
1778575536,1,7.000000,7.000000,7.000000,0.000000,7.000000,7.000000,7.000000,7.000000,7.000000,7.000000,0.014088,0.067693,0.161040,0.186065,calls/second,milliseconds
1778575537,1,7.000000,7.000000,7.000000,0.000000,7.000000,7.000000,7.000000,7.000000,7.000000,7.000000,0.013892,0.067693,0.161040,0.186065,calls/second,milliseconds
1778575538,1,7.000000,7.000000,7.000000,0.000000,7.000000,7.000000,7.000000,7.000000,7.000000,7.000000,0.013702,0.067693,0.161040,0.186065,calls/second,milliseconds
1778575539,1,7.000000,7.000000,7.000000,0.000000,7.000000,7.000000,7.000000,7.000000,7.000000,7.000000,0.013516,0.067693,0.161040,0.186065,calls/second,milliseconds
1778575540,1,7.000000,7.000000,7.000000,0.000000,7.000000,7.000000,7.000000,7.000000,7.000000,7.000000,0.013335,0.067693,0.161040,0.186065,calls/second,milliseconds
1778575541,1,7.000000,7.000000,7.000000,0.000000,7.000000,7.000000,7.000000,7.000000,7.000000,7.000000,0.013159,0.062281,0.158378,0.185034,calls/second,milliseconds
1778575542,1,7.000000,7.000000,7.000000,0.000000,7.000000,7.000000,7.000000,7.000000,7.000000,7.000000,0.012988,0.062281,0.158378,0.185034,calls/second,milliseconds
1778575543,1,7.000000,7.000000,7.000000,0.000000,7.000000,7.000000,7.000000,7.000000,7.000000,7.000000,0.012821,0.062281,0.158378,0.185034,calls/second,milliseconds
1778575544,1,7.000000,7.000000,7.000000,0.000000,7.000000,7.000000,7.000000,7.000000,7.000000,7.000000,0.012659,0.062281,0.158378,0.185034,calls/second,milliseconds
1778575545,1,7.000000,7.000000,7.000000,0.000000,7.000000,7.000000,7.000000,7.000000,7.000000,7.000000,0.012500,0.062281,0.158378,0.185034,calls/second,milliseconds
1778575546,1,7.000000,7.000000,7.000000,0.000000,7.000000,7.000000,7.000000,7.000000,7.000000,7.000000,0.012346,0.057301,0.155760,0.184009,calls/second,milliseconds
1778575547,1,7.000000,7.000000,7.000000,0.000000,7.000000,7.000000,7.000000,7.000000,7.000000,7.000000,0.012195,0.057301,0.155760,0.184009,calls/second,milliseconds
1778575548,1,7.000000,7.000000,7.000000,0.000000,7.000000,7.000000,7.000000,7.000000,7.000000,7.000000,0.012048,0.057301,0.155760,0.184009,calls/second,milliseconds
1778575549,1,7.000000,7.000000,7.000000,0.000000,7.000000,7.000000,7.000000,7.000000,7.000000,7.000000,0.011904,0.057301,0.155760,0.184009,calls/second,milliseconds
1778575550,1,7.000000,7.000000,7.000000,0.000000,7.000000,7.000000,7.000000,7.000000,7.000000,7.000000,0.011764,0.052719,0.153186,0.182989,calls/second,milliseconds
1778575551,1,7.000000,7.000000,7.000000,0.000000,7.000000,7.000000,7.000000,7.000000,7.000000,7.000000,0.011627,0.052719,0.153186,0.182989,calls/second,milliseconds
1778575552,1,7.000000,7.000000,7.000000,0.000000,7.000000,7.000000,7.000000,7.000000,7.000000,7.000000,0.011493,0.052719,0.153186,0.182989,calls/second,milliseconds
1778575553,1,7.000000,7.000000,7.000000,0.000000,7.000000,7.000000,7.000000,7.000000,7.000000,7.000000,0.011362,0.052719,0.153186,0.182989,calls/second,milliseconds
1778575554,1,7.000000,7.000000,7.000000,0.000000,7.000000,7.000000,7.000000,7.000000,7.000000,7.000000,0.011234,0.052719,0.153186,0.182989,calls/second,milliseconds
1778575555,1,7.000000,7.000000,7.000000,0.000000,7.000000,7.000000,7.000000,7.000000,7.000000,7.000000,0.011109,0.048504,0.150654,0.181976,calls/second,milliseconds
1778575556,1,7.000000,7.000000,7.000000,0.000000,7.000000,7.000000,7.000000,7.000000,7.000000,7.000000,0.010987,0.048504,0.150654,0.181976,calls/second,milliseconds
1778575557,1,7.000000,7.000000,7.000000,0.000000,7.000000,7.000000,7.000000,7.000000,7.000000,7.000000,0.010867,0.048504,0.150654,0.181976,calls/second,milliseconds
1778575558,1,7.000000,7.000000,7.000000,0.000000,7.000000,7.000000,7.000000,7.000000,7.000000,7.000000,0.010750,0.048504,0.150654,0.181976,calls/second,milliseconds
1778575559,1,7.000000,7.000000,7.000000,0.000000,7.000000,7.000000,7.000000,7.000000,7.000000,7.000000,0.010635,0.048504,0.150654,0.181976,calls/second,milliseconds
1778575560,1,7.000000,7.000000,7.000000,0.000000,7.000000,7.000000,7.000000,7.000000,7.000000,7.000000,0.010523,0.044626,0.148164,0.180967,calls/second,milliseconds
1778575561,1,7.000000,7.000000,7.000000,0.000000,7.000000,7.000000,7.000000,7.000000,7.000000,7.000000,0.010413,0.044626,0.148164,0.180967,calls/second,milliseconds
1778575562,1,7.000000,7.000000,7.000000,0.000000,7.000000,7.000000,7.000000,7.000000,7.000000,7.000000,0.010306,0.044626,0.148164,0.180967,calls/second,milliseconds
1778575563,1,7.000000,7.000000,7.000000,0.000000,7.000000,7.000000,7.000000,7.000000,7.000000,7.000000,0.010200,0.044626,0.148164,0.180967,calls/second,milliseconds
1778575564,1,7.000000,7.000000,7.000000,0.000000,7.000000,7.000000,7.000000,7.000000,7.000000,7.000000,0.010097,0.044626,0.148164,0.180967,calls/second,milliseconds
1778575565,1,7.000000,7.000000,7.000000,0.000000,7.000000,7.000000,7.000000,7.000000,7.000000,7.000000,0.009996,0.041058,0.145715,0.179965,calls/second,milliseconds
1778575566,1,7.000000,7.000000,7.000000,0.000000,7.000000,7.000000,7.000000,7.000000,7.000000,7.000000,0.009897,0.041058,0.145715,0.179965,calls/second,milliseconds
1778575567,1,7.000000,7.000000,7.000000,0.000000,7.000000,7.000000,7.000000,7.000000,7.000000,7.000000,0.009800,0.041058,0.145715,0.179965,calls/second,milliseconds
1778575568,1,7.000000,7.000000,7.000000,0.000000,7.000000,7.000000,7.000000,7.000000,7.000000,7.000000,0.009704,0.041058,0.145715,0.179965,calls/second,milliseconds
1778575569,1,7.000000,7.000000,7.000000,0.000000,7.000000,7.000000,7.000000,7.000000,7.000000,7.000000,0.009611,0.041058,0.145715,0.179965,calls/second,milliseconds
1778575570,1,7.000000,7.000000,7.000000,0.000000,7.000000,7.000000,7.000000,7.000000,7.000000,7.000000,0.009519,0.037775,0.143306,0.178968,calls/second,milliseconds
1778575571,1,7.000000,7.000000,7.000000,0.000000,7.000000,7.000000,7.000000,7.000000,7.000000,7.000000,0.009429,0.037775,0.143306,0.178968,calls/second,milliseconds
1778575572,1,7.000000,7.000000,7.000000,0.000000,7.000000,7.000000,7.000000,7.000000,7.000000,7.000000,0.009341,0.037775,0.143306,0.178968,calls/second,milliseconds
1778575573,1,7.000000,7.000000,7.000000,0.000000,7.000000,7.000000,7.000000,7.000000,7.000000,7.000000,0.009254,0.037775,0.143306,0.178968,calls/second,milliseconds
1778575574,1,7.000000,7.000000,7.000000,0.000000,7.000000,7.000000,7.000000,7.000000,7.000000,7.000000,0.009169,0.037775,0.143306,0.178968,calls/second,milliseconds
1778575575,1,7.000000,7.000000,7.000000,0.000000,7.000000,7.000000,7.000000,7.000000,7.000000,7.000000,0.009086,0.034755,0.140938,0.177976,calls/second,milliseconds
1778575576,1,7.000000,7.000000,7.000000,0.000000,7.000000,7.000000,7.000000,7.000000,7.000000,7.000000,0.009004,0.034755,0.140938,0.177976,calls/second,milliseconds
1778575577,1,7.000000,7.000000,7.000000,0.000000,7.000000,7.000000,7.000000,7.000000,7.000000,7.000000,0.008924,0.034755,0.140938,0.177976,calls/second,milliseconds
1778575578,1,7.000000,7.000000,7.000000,0.000000,7.000000,7.000000,7.000000,7.000000,7.000000,7.000000,0.008844,0.034755,0.140938,0.177976,calls/second,milliseconds
1778575579,1,7.000000,7.000000,7.000000,0.000000,7.000000,7.000000,7.000000,7.000000,7.000000,7.000000,0.008767,0.034755,0.140938,0.177976,calls/second,milliseconds
1778575580,1,7.000000,7.000000,7.000000,0.000000,7.000000,7.000000,7.000000,7.000000,7.000000,7.000000,0.008690,0.031976,0.138608,0.176990,calls/second,milliseconds
1778575581,1,7.000000,7.000000,7.000000,0.000000,7.000000,7.000000,7.000000,7.000000,7.000000,7.000000,0.008615,0.031976,0.138608,0.176990,calls/second,milliseconds
1778575582,1,7.000000,7.000000,7.000000,0.000000,7.000000,7.000000,7.000000,7.000000,7.000000,7.000000,0.008542,0.031976,0.138608,0.176990,calls/second,milliseconds
1778575583,1,7.000000,7.000000,7.000000,0.000000,7.000000,7.000000,7.000000,7.000000,7.000000,7.000000,0.008469,0.031976,0.138608,0.176990,calls/second,milliseconds
1778575584,1,7.000000,7.000000,7.000000,0.000000,7.000000,7.000000,7.000000,7.000000,7.000000,7.000000,0.008398,0.031976,0.138608,0.176990,calls/second,milliseconds
1778575585,1,7.000000,7.000000,7.000000,0.000000,7.000000,7.000000,7.000000,7.000000,7.000000,7.000000,0.008328,0.029419,0.136317,0.176010,calls/second,milliseconds
1778575586,1,7.000000,7.000000,7.000000,0.000000,7.000000,7.000000,7.000000,7.000000,7.000000,7.000000,0.008259,0.029419,0.136317,0.176010,calls/second,milliseconds
1778575587,1,7.000000,7.000000,7.000000,0.000000,7.000000,7.000000,7.000000,7.000000,7.000000,7.000000,0.008191,0.029419,0.136317,0.176010,calls/second,milliseconds
1778575588,1,7.000000,7.000000,7.000000,0.000000,7.000000,7.000000,7.000000,7.000000,7.000000,7.000000,0.008125,0.029419,0.136317,0.176010,calls/second,milliseconds
1778575589,1,7.000000,7.000000,7.000000,0.000000,7.000000,7.000000,7.000000,7.000000,7.000000,7.000000,0.008059,0.029419,0.136317,0.176010,calls/second,milliseconds
1778575590,1,7.000000,7.000000,7.000000,0.000000,7.000000,7.000000,7.000000,7.000000,7.000000,7.000000,0.007995,0.027067,0.134064,0.175035,calls/second,milliseconds
1778575591,1,7.000000,7.000000,7.000000,0.000000,7.000000,7.000000,7.000000,7.000000,7.000000,7.000000,0.007931,0.027067,0.134064,0.175035,calls/second,milliseconds
1778575592,1,7.000000,7.000000,7.000000,0.000000,7.000000,7.000000,7.000000,7.000000,7.000000,7.000000,0.007868,0.027067,0.134064,0.175035,calls/second,milliseconds
1778575593,1,7.000000,7.000000,7.000000,0.000000,7.000000,7.000000,7.000000,7.000000,7.000000,7.000000,0.007807,0.027067,0.134064,0.175035,calls/second,milliseconds
1778575594,1,7.000000,7.000000,7.000000,0.000000,7.000000,7.000000,7.000000,7.000000,7.000000,7.000000,0.007746,0.027067,0.134064,0.175035,calls/second,milliseconds
1778575595,1,7.000000,7.000000,7.000000,0.000000,7.000000,7.000000,7.000000,7.000000,7.000000,7.000000,0.007687,0.024903,0.131848,0.174065,calls/second,milliseconds
1778575596,1,7.000000,7.000000,7.000000,0.000000,7.000000,7.000000,7.000000,7.000000,7.000000,7.000000,0.007628,0.024903,0.131848,0.174065,calls/second,milliseconds
1778575597,1,7.000000,7.000000,7.000000,0.000000,7.000000,7.000000,7.000000,7.000000,7.000000,7.000000,0.007570,0.024903,0.131848,0.174065,calls/second,milliseconds
1778575598,1,7.000000,7.000000,7.000000,0.000000,7.000000,7.000000,7.000000,7.000000,7.000000,7.000000,0.007513,0.024903,0.131848,0.174065,calls/second,milliseconds
1778575599,1,7.000000,7.000000,7.000000,0.000000,7.000000,7.000000,7.000000,7.000000,7.000000,7.000000,0.007457,0.024903,0.131848,0.174065,calls/second,milliseconds
1778575600,1,7.000000,7.000000,7.000000,0.000000,7.000000,7.000000,7.000000,7.000000,7.000000,7.000000,0.007402,0.022912,0.129669,0.173101,calls/second,milliseconds
1778575601,1,7.000000,7.000000,7.000000,0.000000,7.000000,7.000000,7.000000,7.000000,7.000000,7.000000,0.007347,0.022912,0.129669,0.173101,calls/second,milliseconds
1778575602,1,7.000000,7.000000,7.000000,0.000000,7.000000,7.000000,7.000000,7.000000,7.000000,7.000000,0.007294,0.022912,0.129669,0.173101,calls/second,milliseconds
1778575603,1,7.000000,7.000000,7.000000,0.000000,7.000000,7.000000,7.000000,7.000000,7.000000,7.000000,0.007241,0.022912,0.129669,0.173101,calls/second,milliseconds
1778575604,1,7.000000,7.000000,7.000000,0.000000,7.000000,7.000000,7.000000,7.000000,7.000000,7.000000,0.007188,0.022912,0.129669,0.173101,calls/second,milliseconds
1778575605,1,7.000000,7.000000,7.000000,0.000000,7.000000,7.000000,7.000000,7.000000,7.000000,7.000000,0.007137,0.021080,0.127526,0.172142,calls/second,milliseconds
1778575606,1,7.000000,7.000000,7.000000,0.000000,7.000000,7.000000,7.000000,7.000000,7.000000,7.000000,0.007086,0.021080,0.127526,0.172142,calls/second,milliseconds
1778575607,1,7.000000,7.000000,7.000000,0.000000,7.000000,7.000000,7.000000,7.000000,7.000000,7.000000,0.007036,0.021080,0.127526,0.172142,calls/second,milliseconds
1778575608,1,7.000000,7.000000,7.000000,0.000000,7.000000,7.000000,7.000000,7.000000,7.000000,7.000000,0.006987,0.021080,0.127526,0.172142,calls/second,milliseconds
1778575609,1,7.000000,7.000000,7.000000,0.000000,7.000000,7.000000,7.000000,7.000000,7.000000,7.000000,0.006939,0.021080,0.127526,0.172142,calls/second,milliseconds
1778575610,1,7.000000,7.000000,7.000000,0.000000,7.000000,7.000000,7.000000,7.000000,7.000000,7.000000,0.006891,0.019394,0.125418,0.171188,calls/second,milliseconds
1778575611,1,7.000000,7.000000,7.000000,0.000000,7.000000,7.000000,7.000000,7.000000,7.000000,7.000000,0.006843,0.019394,0.125418,0.171188,calls/second,milliseconds
1778575612,1,7.000000,7.000000,7.000000,0.000000,7.000000,7.000000,7.000000,7.000000,7.000000,7.000000,0.006797,0.019394,0.125418,0.171188,calls/second,milliseconds
1778575613,1,7.000000,7.000000,7.000000,0.000000,7.000000,7.000000,7.000000,7.000000,7.000000,7.000000,0.006751,0.019394,0.125418,0.171188,calls/second,milliseconds
1778575614,1,7.000000,7.000000,7.000000,0.000000,7.000000,7.000000,7.000000,7.000000,7.000000,7.000000,0.006705,0.019394,0.125418,0.171188,calls/second,milliseconds
1778575615,1,7.000000,7.000000,7.000000,0.000000,7.000000,7.000000,7.000000,7.000000,7.000000,7.000000,0.006661,0.017844,0.123345,0.170239,calls/second,milliseconds
1778575616,1,7.000000,7.000000,7.000000,0.000000,7.000000,7.000000,7.000000,7.000000,7.000000,7.000000,0.006617,0.017844,0.123345,0.170239,calls/second,milliseconds
1778575617,1,7.000000,7.000000,7.000000,0.000000,7.000000,7.000000,7.000000,7.000000,7.000000,7.000000,0.006573,0.017844,0.123345,0.170239,calls/second,milliseconds
1778575618,1,7.000000,7.000000,7.000000,0.000000,7.000000,7.000000,7.000000,7.000000,7.000000,7.000000,0.006530,0.017844,0.123345,0.170239,calls/second,milliseconds
1778575619,1,7.000000,7.000000,7.000000,0.000000,7.000000,7.000000,7.000000,7.000000,7.000000,7.000000,0.006488,0.017844,0.123345,0.170239,calls/second,milliseconds
1778575620,1,7.000000,7.000000,7.000000,0.000000,7.000000,7.000000,7.000000,7.000000,7.000000,7.000000,0.006446,0.016417,0.121306,0.169296,calls/second,milliseconds
1778575621,1,7.000000,7.000000,7.000000,0.000000,7.000000,7.000000,7.000000,7.000000,7.000000,7.000000,0.006404,0.016417,0.121306,0.169296,calls/second,milliseconds
1778575622,1,7.000000,7.000000,7.000000,0.000000,7.000000,7.000000,7.000000,7.000000,7.000000,7.000000,0.006363,0.016417,0.121306,0.169296,calls/second,milliseconds
1778575623,1,7.000000,7.000000,7.000000,0.000000,7.000000,7.000000,7.000000,7.000000,7.000000,7.000000,0.006323,0.016417,0.121306,0.169296,calls/second,milliseconds
1778575624,1,7.000000,7.000000,7.000000,0.000000,7.000000,7.000000,7.000000,7.000000,7.000000,7.000000,0.006283,0.016417,0.121306,0.169296,calls/second,milliseconds
1778575625,1,7.000000,7.000000,7.000000,0.000000,7.000000,7.000000,7.000000,7.000000,7.000000,7.000000,0.006244,0.015104,0.119301,0.168358,calls/second,milliseconds
1778575626,1,7.000000,7.000000,7.000000,0.000000,7.000000,7.000000,7.000000,7.000000,7.000000,7.000000,0.006205,0.015104,0.119301,0.168358,calls/second,milliseconds
1778575627,1,7.000000,7.000000,7.000000,0.000000,7.000000,7.000000,7.000000,7.000000,7.000000,7.000000,0.006167,0.015104,0.119301,0.168358,calls/second,milliseconds
1778575628,1,7.000000,7.000000,7.000000,0.000000,7.000000,7.000000,7.000000,7.000000,7.000000,7.000000,0.006129,0.015104,0.119301,0.168358,calls/second,milliseconds
1778575629,1,7.000000,7.000000,7.000000,0.000000,7.000000,7.000000,7.000000,7.000000,7.000000,7.000000,0.006092,0.015104,0.119301,0.168358,calls/second,milliseconds
1778575630,1,7.000000,7.000000,7.000000,0.000000,7.000000,7.000000,7.000000,7.000000,7.000000,7.000000,0.006055,0.013897,0.117329,0.167426,calls/second,milliseconds
1778575631,1,7.000000,7.000000,7.000000,0.000000,7.000000,7.000000,7.000000,7.000000,7.000000,7.000000,0.006018,0.013897,0.117329,0.167426,calls/second,milliseconds
1778575632,1,7.000000,7.000000,7.000000,0.000000,7.000000,7.000000,7.000000,7.000000,7.000000,7.000000,0.005982,0.013897,0.117329,0.167426,calls/second,milliseconds
1778575633,1,7.000000,7.000000,7.000000,0.000000,7.000000,7.000000,7.000000,7.000000,7.000000,7.000000,0.005946,0.013897,0.117329,0.167426,calls/second,milliseconds
1778575634,1,7.000000,7.000000,7.000000,0.000000,7.000000,7.000000,7.000000,7.000000,7.000000,7.000000,0.005911,0.013897,0.117329,0.167426,calls/second,milliseconds
1778575635,1,7.000000,7.000000,7.000000,0.000000,7.000000,7.000000,7.000000,7.000000,7.000000,7.000000,0.005876,0.012786,0.115390,0.166498,calls/second,milliseconds
1778575636,1,7.000000,7.000000,7.000000,0.000000,7.000000,7.000000,7.000000,7.000000,7.000000,7.000000,0.005842,0.012786,0.115390,0.166498,calls/second,milliseconds
1778575637,1,7.000000,7.000000,7.000000,0.000000,7.000000,7.000000,7.000000,7.000000,7.000000,7.000000,0.005808,0.012786,0.115390,0.166498,calls/second,milliseconds
1778575638,1,7.000000,7.000000,7.000000,0.000000,7.000000,7.000000,7.000000,7.000000,7.000000,7.000000,0.005775,0.012786,0.115390,0.166498,calls/second,milliseconds
1778575639,1,7.000000,7.000000,7.000000,0.000000,7.000000,7.000000,7.000000,7.000000,7.000000,7.000000,0.005741,0.012786,0.115390,0.166498,calls/second,milliseconds
1778575640,1,7.000000,7.000000,7.000000,0.000000,7.000000,7.000000,7.000000,7.000000,7.000000,7.000000,0.005708,0.011763,0.113483,0.165576,calls/second,milliseconds
1778575641,1,7.000000,7.000000,7.000000,0.000000,7.000000,7.000000,7.000000,7.000000,7.000000,7.000000,0.005676,0.011763,0.113483,0.165576,calls/second,milliseconds
1778575642,1,7.000000,7.000000,7.000000,0.000000,7.000000,7.000000,7.000000,7.000000,7.000000,7.000000,0.005644,0.011763,0.113483,0.165576,calls/second,milliseconds
1778575643,1,7.000000,7.000000,7.000000,0.000000,7.000000,7.000000,7.000000,7.000000,7.000000,7.000000,0.005612,0.011763,0.113483,0.165576,calls/second,milliseconds
1778575644,1,7.000000,7.000000,7.000000,0.000000,7.000000,7.000000,7.000000,7.000000,7.000000,7.000000,0.005581,0.011763,0.113483,0.165576,calls/second,milliseconds
1778575645,1,7.000000,7.000000,7.000000,0.000000,7.000000,7.000000,7.000000,7.000000,7.000000,7.000000,0.005550,0.010823,0.111607,0.164658,calls/second,milliseconds
1778575646,1,7.000000,7.000000,7.000000,0.000000,7.000000,7.000000,7.000000,7.000000,7.000000,7.000000,0.005519,0.010823,0.111607,0.164658,calls/second,milliseconds
1778575647,1,7.000000,7.000000,7.000000,0.000000,7.000000,7.000000,7.000000,7.000000,7.000000,7.000000,0.005489,0.010823,0.111607,0.164658,calls/second,milliseconds
1778575648,1,7.000000,7.000000,7.000000,0.000000,7.000000,7.000000,7.000000,7.000000,7.000000,7.000000,0.005459,0.010823,0.111607,0.164658,calls/second,milliseconds
1778575649,1,7.000000,7.000000,7.000000,0.000000,7.000000,7.000000,7.000000,7.000000,7.000000,7.000000,0.005429,0.010823,0.111607,0.164658,calls/second,milliseconds
1778575650,1,7.000000,7.000000,7.000000,0.000000,7.000000,7.000000,7.000000,7.000000,7.000000,7.000000,0.005400,0.009957,0.109762,0.163746,calls/second,milliseconds
1778575651,1,7.000000,7.000000,7.000000,0.000000,7.000000,7.000000,7.000000,7.000000,7.000000,7.000000,0.005371,0.009957,0.109762,0.163746,calls/second,milliseconds
1778575652,1,7.000000,7.000000,7.000000,0.000000,7.000000,7.000000,7.000000,7.000000,7.000000,7.000000,0.005342,0.009957,0.109762,0.163746,calls/second,milliseconds
1778575653,1,7.000000,7.000000,7.000000,0.000000,7.000000,7.000000,7.000000,7.000000,7.000000,7.000000,0.005313,0.009957,0.109762,0.163746,calls/second,milliseconds
1778575654,1,7.000000,7.000000,7.000000,0.000000,7.000000,7.000000,7.000000,7.000000,7.000000,7.000000,0.005285,0.009957,0.109762,0.163746,calls/second,milliseconds
1778575655,1,7.000000,7.000000,7.000000,0.000000,7.000000,7.000000,7.000000,7.000000,7.000000,7.000000,0.005257,0.009161,0.107948,0.162839,calls/second,milliseconds
1778575656,1,7.000000,7.000000,7.000000,0.000000,7.000000,7.000000,7.000000,7.000000,7.000000,7.000000,0.005230,0.009161,0.107948,0.162839,calls/second,milliseconds
1778575657,1,7.000000,7.000000,7.000000,0.000000,7.000000,7.000000,7.000000,7.000000,7.000000,7.000000,0.005203,0.009161,0.107948,0.162839,calls/second,milliseconds
1778575658,1,7.000000,7.000000,7.000000,0.000000,7.000000,7.000000,7.000000,7.000000,7.000000,7.000000,0.005176,0.009161,0.107948,0.162839,calls/second,milliseconds
1778575659,1,7.000000,7.000000,7.000000,0.000000,7.000000,7.000000,7.000000,7.000000,7.000000,7.000000,0.005149,0.009161,0.107948,0.162839,calls/second,milliseconds
1778575660,1,7.000000,7.000000,7.000000,0.000000,7.000000,7.000000,7.000000,7.000000,7.000000,7.000000,0.005123,0.008429,0.106164,0.161937,calls/second,milliseconds
1778575661,1,7.000000,7.000000,7.000000,0.000000,7.000000,7.000000,7.000000,7.000000,7.000000,7.000000,0.005096,0.008429,0.106164,0.161937,calls/second,milliseconds
1778575662,1,7.000000,7.000000,7.000000,0.000000,7.000000,7.000000,7.000000,7.000000,7.000000,7.000000,0.005071,0.008429,0.106164,0.161937,calls/second,milliseconds
1778575663,1,7.000000,7.000000,7.000000,0.000000,7.000000,7.000000,7.000000,7.000000,7.000000,7.000000,0.005045,0.008429,0.106164,0.161937,calls/second,milliseconds
1778575664,1,7.000000,7.000000,7.000000,0.000000,7.000000,7.000000,7.000000,7.000000,7.000000,7.000000,0.005020,0.008429,0.106164,0.161937,calls/second,milliseconds
1778575665,1,7.000000,7.000000,7.000000,0.000000,7.000000,7.000000,7.000000,7.000000,7.000000,7.000000,0.004994,0.007755,0.104409,0.161040,calls/second,milliseconds
1778575666,1,7.000000,7.000000,7.000000,0.000000,7.000000,7.000000,7.000000,7.000000,7.000000,7.000000,0.004970,0.007755,0.104409,0.161040,calls/second,milliseconds
1778575667,1,7.000000,7.000000,7.000000,0.000000,7.000000,7.000000,7.000000,7.000000,7.000000,7.000000,0.004945,0.007755,0.104409,0.161040,calls/second,milliseconds
1778575668,1,7.000000,7.000000,7.000000,0.000000,7.000000,7.000000,7.000000,7.000000,7.000000,7.000000,0.004921,0.007755,0.104409,0.161040,calls/second,milliseconds
1778575669,1,7.000000,7.000000,7.000000,0.000000,7.000000,7.000000,7.000000,7.000000,7.000000,7.000000,0.004896,0.007755,0.104409,0.161040,calls/second,milliseconds
1778575670,1,7.000000,7.000000,7.000000,0.000000,7.000000,7.000000,7.000000,7.000000,7.000000,7.000000,0.004873,0.007135,0.102683,0.160147,calls/second,milliseconds
1778575671,1,7.000000,7.000000,7.000000,0.000000,7.000000,7.000000,7.000000,7.000000,7.000000,7.000000,0.004849,0.007135,0.102683,0.160147,calls/second,milliseconds
1778575672,1,7.000000,7.000000,7.000000,0.000000,7.000000,7.000000,7.000000,7.000000,7.000000,7.000000,0.004825,0.007135,0.102683,0.160147,calls/second,milliseconds
1778575673,1,7.000000,7.000000,7.000000,0.000000,7.000000,7.000000,7.000000,7.000000,7.000000,7.000000,0.004802,0.007135,0.102683,0.160147,calls/second,milliseconds
1778575674,1,7.000000,7.000000,7.000000,0.000000,7.000000,7.000000,7.000000,7.000000,7.000000,7.000000,0.004779,0.007135,0.102683,0.160147,calls/second,milliseconds
1778575675,1,7.000000,7.000000,7.000000,0.000000,7.000000,7.000000,7.000000,7.000000,7.000000,7.000000,0.004756,0.006564,0.100986,0.159260,calls/second,milliseconds
1778575676,1,7.000000,7.000000,7.000000,0.000000,7.000000,7.000000,7.000000,7.000000,7.000000,7.000000,0.004734,0.006564,0.100986,0.159260,calls/second,milliseconds
1778575677,1,7.000000,7.000000,7.000000,0.000000,7.000000,7.000000,7.000000,7.000000,7.000000,7.000000,0.004712,0.006564,0.100986,0.159260,calls/second,milliseconds
1778575678,1,7.000000,7.000000,7.000000,0.000000,7.000000,7.000000,7.000000,7.000000,7.000000,7.000000,0.004689,0.006564,0.100986,0.159260,calls/second,milliseconds
1778575679,1,7.000000,7.000000,7.000000,0.000000,7.000000,7.000000,7.000000,7.000000,7.000000,7.000000,0.004667,0.006564,0.100986,0.159260,calls/second,milliseconds
1778575680,1,7.000000,7.000000,7.000000,0.000000,7.000000,7.000000,7.000000,7.000000,7.000000,7.000000,0.004646,0.006039,0.099317,0.158378,calls/second,milliseconds
1778575681,1,7.000000,7.000000,7.000000,0.000000,7.000000,7.000000,7.000000,7.000000,7.000000,7.000000,0.004624,0.006039,0.099317,0.158378,calls/second,milliseconds
1778575682,1,7.000000,7.000000,7.000000,0.000000,7.000000,7.000000,7.000000,7.000000,7.000000,7.000000,0.004603,0.006039,0.099317,0.158378,calls/second,milliseconds
1778575683,1,7.000000,7.000000,7.000000,0.000000,7.000000,7.000000,7.000000,7.000000,7.000000,7.000000,0.004582,0.006039,0.099317,0.158378,calls/second,milliseconds
1778575684,1,7.000000,7.000000,7.000000,0.000000,7.000000,7.000000,7.000000,7.000000,7.000000,7.000000,0.004561,0.006039,0.099317,0.158378,calls/second,milliseconds
1778575685,1,7.000000,7.000000,7.000000,0.000000,7.000000,7.000000,7.000000,7.000000,7.000000,7.000000,0.004540,0.005557,0.097675,0.157500,calls/second,milliseconds
1778575686,1,7.000000,7.000000,7.000000,0.000000,7.000000,7.000000,7.000000,7.000000,7.000000,7.000000,0.004520,0.005557,0.097675,0.157500,calls/second,milliseconds
1778575687,1,7.000000,7.000000,7.000000,0.000000,7.000000,7.000000,7.000000,7.000000,7.000000,7.000000,0.004499,0.005557,0.097675,0.157500,calls/second,milliseconds
1778575688,1,7.000000,7.000000,7.000000,0.000000,7.000000,7.000000,7.000000,7.000000,7.000000,7.000000,0.004479,0.005557,0.097675,0.157500,calls/second,milliseconds
1778575689,1,7.000000,7.000000,7.000000,0.000000,7.000000,7.000000,7.000000,7.000000,7.000000,7.000000,0.004459,0.005557,0.097675,0.157500,calls/second,milliseconds
1778575690,1,7.000000,7.000000,7.000000,0.000000,7.000000,7.000000,7.000000,7.000000,7.000000,7.000000,0.004439,0.005112,0.096061,0.156628,calls/second,milliseconds
1778575691,1,7.000000,7.000000,7.000000,0.000000,7.000000,7.000000,7.000000,7.000000,7.000000,7.000000,0.004420,0.005112,0.096061,0.156628,calls/second,milliseconds
1778575692,1,7.000000,7.000000,7.000000,0.000000,7.000000,7.000000,7.000000,7.000000,7.000000,7.000000,0.004400,0.005112,0.096061,0.156628,calls/second,milliseconds
1778575693,1,7.000000,7.000000,7.000000,0.000000,7.000000,7.000000,7.000000,7.000000,7.000000,7.000000,0.004381,0.005112,0.096061,0.156628,calls/second,milliseconds
1778575694,1,7.000000,7.000000,7.000000,0.000000,7.000000,7.000000,7.000000,7.000000,7.000000,7.000000,0.004362,0.005112,0.096061,0.156628,calls/second,milliseconds
1778575695,1,7.000000,7.000000,7.000000,0.000000,7.000000,7.000000,7.000000,7.000000,7.000000,7.000000,0.004343,0.004704,0.094473,0.155760,calls/second,milliseconds
1778575696,1,7.000000,7.000000,7.000000,0.000000,7.000000,7.000000,7.000000,7.000000,7.000000,7.000000,0.004324,0.004704,0.094473,0.155760,calls/second,milliseconds
1778575697,1,7.000000,7.000000,7.000000,0.000000,7.000000,7.000000,7.000000,7.000000,7.000000,7.000000,0.004305,0.004704,0.094473,0.155760,calls/second,milliseconds
1778575698,1,7.000000,7.000000,7.000000,0.000000,7.000000,7.000000,7.000000,7.000000,7.000000,7.000000,0.004287,0.004704,0.094473,0.155760,calls/second,milliseconds
1778575699,1,7.000000,7.000000,7.000000,0.000000,7.000000,7.000000,7.000000,7.000000,7.000000,7.000000,0.004268,0.004704,0.094473,0.155760,calls/second,milliseconds
1778575700,1,7.000000,7.000000,7.000000,0.000000,7.000000,7.000000,7.000000,7.000000,7.000000,7.000000,0.004250,0.004327,0.092912,0.154897,calls/second,milliseconds
1778575701,1,7.000000,7.000000,7.000000,0.000000,7.000000,7.000000,7.000000,7.000000,7.000000,7.000000,0.004232,0.004327,0.092912,0.154897,calls/second,milliseconds
1778575702,1,7.000000,7.000000,7.000000,0.000000,7.000000,7.000000,7.000000,7.000000,7.000000,7.000000,0.004214,0.004327,0.092912,0.154897,calls/second,milliseconds
1778575703,1,7.000000,7.000000,7.000000,0.000000,7.000000,7.000000,7.000000,7.000000,7.000000,7.000000,0.004197,0.004327,0.092912,0.154897,calls/second,milliseconds
1778575704,1,7.000000,7.000000,7.000000,0.000000,7.000000,7.000000,7.000000,7.000000,7.000000,7.000000,0.004179,0.004327,0.092912,0.154897,calls/second,milliseconds
1778575705,1,7.000000,7.000000,7.000000,0.000000,7.000000,7.000000,7.000000,7.000000,7.000000,7.000000,0.004162,0.003981,0.091376,0.154039,calls/second,milliseconds
1778575706,1,7.000000,7.000000,7.000000,0.000000,7.000000,7.000000,7.000000,7.000000,7.000000,7.000000,0.004144,0.003981,0.091376,0.154039,calls/second,milliseconds
1778575707,1,7.000000,7.000000,7.000000,0.000000,7.000000,7.000000,7.000000,7.000000,7.000000,7.000000,0.004127,0.003981,0.091376,0.154039,calls/second,milliseconds
1778575708,1,7.000000,7.000000,7.000000,0.000000,7.000000,7.000000,7.000000,7.000000,7.000000,7.000000,0.004110,0.003981,0.091376,0.154039,calls/second,milliseconds
1778575709,1,7.000000,7.000000,7.000000,0.000000,7.000000,7.000000,7.000000,7.000000,7.000000,7.000000,0.004093,0.003981,0.091376,0.154039,calls/second,milliseconds
1778575710,1,7.000000,7.000000,7.000000,0.000000,7.000000,7.000000,7.000000,7.000000,7.000000,7.000000,0.004077,0.003663,0.089866,0.153186,calls/second,milliseconds
1778575711,1,7.000000,7.000000,7.000000,0.000000,7.000000,7.000000,7.000000,7.000000,7.000000,7.000000,0.004060,0.003663,0.089866,0.153186,calls/second,milliseconds
1778575712,1,7.000000,7.000000,7.000000,0.000000,7.000000,7.000000,7.000000,7.000000,7.000000,7.000000,0.004044,0.003663,0.089866,0.153186,calls/second,milliseconds
1778575713,1,7.000000,7.000000,7.000000,0.000000,7.000000,7.000000,7.000000,7.000000,7.000000,7.000000,0.004027,0.003663,0.089866,0.153186,calls/second,milliseconds
1778575714,1,7.000000,7.000000,7.000000,0.000000,7.000000,7.000000,7.000000,7.000000,7.000000,7.000000,0.004011,0.003663,0.089866,0.153186,calls/second,milliseconds
1778575715,1,7.000000,7.000000,7.000000,0.000000,7.000000,7.000000,7.000000,7.000000,7.000000,7.000000,0.003995,0.003370,0.088380,0.152337,calls/second,milliseconds
1778575716,1,7.000000,7.000000,7.000000,0.000000,7.000000,7.000000,7.000000,7.000000,7.000000,7.000000,0.003979,0.003370,0.088380,0.152337,calls/second,milliseconds
1778575717,1,7.000000,7.000000,7.000000,0.000000,7.000000,7.000000,7.000000,7.000000,7.000000,7.000000,0.003963,0.003370,0.088380,0.152337,calls/second,milliseconds
1778575718,1,7.000000,7.000000,7.000000,0.000000,7.000000,7.000000,7.000000,7.000000,7.000000,7.000000,0.003948,0.003370,0.088380,0.152337,calls/second,milliseconds
1778575719,1,7.000000,7.000000,7.000000,0.000000,7.000000,7.000000,7.000000,7.000000,7.000000,7.000000,0.003932,0.003370,0.088380,0.152337,calls/second,milliseconds
1778575720,1,7.000000,7.000000,7.000000,0.000000,7.000000,7.000000,7.000000,7.000000,7.000000,7.000000,0.003917,0.003101,0.086920,0.151493,calls/second,milliseconds
1778575721,1,7.000000,7.000000,7.000000,0.000000,7.000000,7.000000,7.000000,7.000000,7.000000,7.000000,0.003901,0.003101,0.086920,0.151493,calls/second,milliseconds
1778575722,1,7.000000,7.000000,7.000000,0.000000,7.000000,7.000000,7.000000,7.000000,7.000000,7.000000,0.003886,0.003101,0.086920,0.151493,calls/second,milliseconds
1778575724,1,7.000000,7.000000,7.000000,0.000000,7.000000,7.000000,7.000000,7.000000,7.000000,7.000000,0.003871,0.003101,0.086920,0.151493,calls/second,milliseconds
1778575725,1,7.000000,7.000000,7.000000,0.000000,7.000000,7.000000,7.000000,7.000000,7.000000,7.000000,0.003856,0.003101,0.086920,0.151493,calls/second,milliseconds
1778575726,1,7.000000,7.000000,7.000000,0.000000,7.000000,7.000000,7.000000,7.000000,7.000000,7.000000,0.003841,0.002853,0.085483,0.150654,calls/second,milliseconds
1778575727,1,7.000000,7.000000,7.000000,0.000000,7.000000,7.000000,7.000000,7.000000,7.000000,7.000000,0.003827,0.002853,0.085483,0.150654,calls/second,milliseconds
1778575728,1,7.000000,7.000000,7.000000,0.000000,7.000000,7.000000,7.000000,7.000000,7.000000,7.000000,0.003812,0.002853,0.085483,0.150654,calls/second,milliseconds
1778575729,1,7.000000,7.000000,7.000000,0.000000,7.000000,7.000000,7.000000,7.000000,7.000000,7.000000,0.003797,0.002853,0.085483,0.150654,calls/second,milliseconds
1778575730,1,7.000000,7.000000,7.000000,0.000000,7.000000,7.000000,7.000000,7.000000,7.000000,7.000000,0.003783,0.002853,0.085483,0.150654,calls/second,milliseconds
1778575731,1,7.000000,7.000000,7.000000,0.000000,7.000000,7.000000,7.000000,7.000000,7.000000,7.000000,0.003769,0.002625,0.084070,0.149819,calls/second,milliseconds
1778575732,1,7.000000,7.000000,7.000000,0.000000,7.000000,7.000000,7.000000,7.000000,7.000000,7.000000,0.003755,0.002625,0.084070,0.149819,calls/second,milliseconds
1778575733,1,7.000000,7.000000,7.000000,0.000000,7.000000,7.000000,7.000000,7.000000,7.000000,7.000000,0.003741,0.002625,0.084070,0.149819,calls/second,milliseconds
1778575734,1,7.000000,7.000000,7.000000,0.000000,7.000000,7.000000,7.000000,7.000000,7.000000,7.000000,0.003727,0.002625,0.084070,0.149819,calls/second,milliseconds
1778575735,1,7.000000,7.000000,7.000000,0.000000,7.000000,7.000000,7.000000,7.000000,7.000000,7.000000,0.003713,0.002625,0.084070,0.149819,calls/second,milliseconds
1778575736,1,7.000000,7.000000,7.000000,0.000000,7.000000,7.000000,7.000000,7.000000,7.000000,7.000000,0.003699,0.002415,0.082681,0.148989,calls/second,milliseconds
1778575737,1,7.000000,7.000000,7.000000,0.000000,7.000000,7.000000,7.000000,7.000000,7.000000,7.000000,0.003685,0.002415,0.082681,0.148989,calls/second,milliseconds
1778575738,1,7.000000,7.000000,7.000000,0.000000,7.000000,7.000000,7.000000,7.000000,7.000000,7.000000,0.003672,0.002415,0.082681,0.148989,calls/second,milliseconds
1778575739,1,7.000000,7.000000,7.000000,0.000000,7.000000,7.000000,7.000000,7.000000,7.000000,7.000000,0.003658,0.002415,0.082681,0.148989,calls/second,milliseconds
1778575740,1,7.000000,7.000000,7.000000,0.000000,7.000000,7.000000,7.000000,7.000000,7.000000,7.000000,0.003645,0.002415,0.082681,0.148989,calls/second,milliseconds
1778575741,1,7.000000,7.000000,7.000000,0.000000,7.000000,7.000000,7.000000,7.000000,7.000000,7.000000,0.003632,0.002222,0.081314,0.148164,calls/second,milliseconds
1778575742,1,7.000000,7.000000,7.000000,0.000000,7.000000,7.000000,7.000000,7.000000,7.000000,7.000000,0.003618,0.002222,0.081314,0.148164,calls/second,milliseconds
1778575743,1,7.000000,7.000000,7.000000,0.000000,7.000000,7.000000,7.000000,7.000000,7.000000,7.000000,0.003605,0.002222,0.081314,0.148164,calls/second,milliseconds
1778575744,1,7.000000,7.000000,7.000000,0.000000,7.000000,7.000000,7.000000,7.000000,7.000000,7.000000,0.003592,0.002222,0.081314,0.148164,calls/second,milliseconds
1778575745,1,7.000000,7.000000,7.000000,0.000000,7.000000,7.000000,7.000000,7.000000,7.000000,7.000000,0.003580,0.002222,0.081314,0.148164,calls/second,milliseconds
1778575746,1,7.000000,7.000000,7.000000,0.000000,7.000000,7.000000,7.000000,7.000000,7.000000,7.000000,0.003567,0.002044,0.079970,0.147343,calls/second,milliseconds
1778575747,1,7.000000,7.000000,7.000000,0.000000,7.000000,7.000000,7.000000,7.000000,7.000000,7.000000,0.003554,0.002044,0.079970,0.147343,calls/second,milliseconds
1778575748,1,7.000000,7.000000,7.000000,0.000000,7.000000,7.000000,7.000000,7.000000,7.000000,7.000000,0.003541,0.002044,0.079970,0.147343,calls/second,milliseconds
1778575749,1,7.000000,7.000000,7.000000,0.000000,7.000000,7.000000,7.000000,7.000000,7.000000,7.000000,0.003529,0.002044,0.079970,0.147343,calls/second,milliseconds
1778575750,1,7.000000,7.000000,7.000000,0.000000,7.000000,7.000000,7.000000,7.000000,7.000000,7.000000,0.003516,0.002044,0.079970,0.147343,calls/second,milliseconds
1778575751,1,7.000000,7.000000,7.000000,0.000000,7.000000,7.000000,7.000000,7.000000,7.000000,7.000000,0.003504,0.001881,0.078648,0.146526,calls/second,milliseconds
1778575752,1,7.000000,7.000000,7.000000,0.000000,7.000000,7.000000,7.000000,7.000000,7.000000,7.000000,0.003492,0.001881,0.078648,0.146526,calls/second,milliseconds
1778575753,1,7.000000,7.000000,7.000000,0.000000,7.000000,7.000000,7.000000,7.000000,7.000000,7.000000,0.003480,0.001881,0.078648,0.146526,calls/second,milliseconds
1778575754,1,7.000000,7.000000,7.000000,0.000000,7.000000,7.000000,7.000000,7.000000,7.000000,7.000000,0.003468,0.001881,0.078648,0.146526,calls/second,milliseconds
1778575755,1,7.000000,7.000000,7.000000,0.000000,7.000000,7.000000,7.000000,7.000000,7.000000,7.000000,0.003456,0.001881,0.078648,0.146526,calls/second,milliseconds
1778575756,1,7.000000,7.000000,7.000000,0.000000,7.000000,7.000000,7.000000,7.000000,7.000000,7.000000,0.003444,0.001730,0.077348,0.145715,calls/second,milliseconds
1778575757,1,7.000000,7.000000,7.000000,0.000000,7.000000,7.000000,7.000000,7.000000,7.000000,7.000000,0.003432,0.001730,0.077348,0.145715,calls/second,milliseconds
1778575758,1,7.000000,7.000000,7.000000,0.000000,7.000000,7.000000,7.000000,7.000000,7.000000,7.000000,0.003420,0.001730,0.077348,0.145715,calls/second,milliseconds
1778575759,1,7.000000,7.000000,7.000000,0.000000,7.000000,7.000000,7.000000,7.000000,7.000000,7.000000,0.003408,0.001730,0.077348,0.145715,calls/second,milliseconds
1778575760,1,7.000000,7.000000,7.000000,0.000000,7.000000,7.000000,7.000000,7.000000,7.000000,7.000000,0.003397,0.001730,0.077348,0.145715,calls/second,milliseconds
1778575761,1,7.000000,7.000000,7.000000,0.000000,7.000000,7.000000,7.000000,7.000000,7.000000,7.000000,0.003385,0.001592,0.076070,0.144907,calls/second,milliseconds
1778575762,1,7.000000,7.000000,7.000000,0.000000,7.000000,7.000000,7.000000,7.000000,7.000000,7.000000,0.003374,0.001592,0.076070,0.144907,calls/second,milliseconds
1778575763,1,7.000000,7.000000,7.000000,0.000000,7.000000,7.000000,7.000000,7.000000,7.000000,7.000000,0.003362,0.001592,0.076070,0.144907,calls/second,milliseconds
1778575764,1,7.000000,7.000000,7.000000,0.000000,7.000000,7.000000,7.000000,7.000000,7.000000,7.000000,0.003351,0.001592,0.076070,0.144907,calls/second,milliseconds
1778575765,1,7.000000,7.000000,7.000000,0.000000,7.000000,7.000000,7.000000,7.000000,7.000000,7.000000,0.003340,0.001592,0.076070,0.144907,calls/second,milliseconds
1778575766,1,7.000000,7.000000,7.000000,0.000000,7.000000,7.000000,7.000000,7.000000,7.000000,7.000000,0.003329,0.001465,0.074812,0.144105,calls/second,milliseconds
1778575767,1,7.000000,7.000000,7.000000,0.000000,7.000000,7.000000,7.000000,7.000000,7.000000,7.000000,0.003318,0.001465,0.074812,0.144105,calls/second,milliseconds
1778575768,1,7.000000,7.000000,7.000000,0.000000,7.000000,7.000000,7.000000,7.000000,7.000000,7.000000,0.003307,0.001465,0.074812,0.144105,calls/second,milliseconds
1778575769,1,7.000000,7.000000,7.000000,0.000000,7.000000,7.000000,7.000000,7.000000,7.000000,7.000000,0.003296,0.001465,0.074812,0.144105,calls/second,milliseconds
1778575770,1,7.000000,7.000000,7.000000,0.000000,7.000000,7.000000,7.000000,7.000000,7.000000,7.000000,0.003285,0.001465,0.074812,0.144105,calls/second,milliseconds
1778575771,1,7.000000,7.000000,7.000000,0.000000,7.000000,7.000000,7.000000,7.000000,7.000000,7.000000,0.003274,0.001348,0.073576,0.143306,calls/second,milliseconds
1778575772,1,7.000000,7.000000,7.000000,0.000000,7.000000,7.000000,7.000000,7.000000,7.000000,7.000000,0.003264,0.001348,0.073576,0.143306,calls/second,milliseconds
1778575773,1,7.000000,7.000000,7.000000,0.000000,7.000000,7.000000,7.000000,7.000000,7.000000,7.000000,0.003253,0.001348,0.073576,0.143306,calls/second,milliseconds
1778575774,1,7.000000,7.000000,7.000000,0.000000,7.000000,7.000000,7.000000,7.000000,7.000000,7.000000,0.003242,0.001348,0.073576,0.143306,calls/second,milliseconds
1778575775,1,7.000000,7.000000,7.000000,0.000000,7.000000,7.000000,7.000000,7.000000,7.000000,7.000000,0.003232,0.001348,0.073576,0.143306,calls/second,milliseconds
1778575776,1,7.000000,7.000000,7.000000,0.000000,7.000000,7.000000,7.000000,7.000000,7.000000,7.000000,0.003221,0.001240,0.072360,0.142512,calls/second,milliseconds
1778575777,1,7.000000,7.000000,7.000000,0.000000,7.000000,7.000000,7.000000,7.000000,7.000000,7.000000,0.003211,0.001240,0.072360,0.142512,calls/second,milliseconds
1778575778,1,7.000000,7.000000,7.000000,0.000000,7.000000,7.000000,7.000000,7.000000,7.000000,7.000000,0.003201,0.001240,0.072360,0.142512,calls/second,milliseconds
1778575779,1,7.000000,7.000000,7.000000,0.000000,7.000000,7.000000,7.000000,7.000000,7.000000,7.000000,0.003191,0.001240,0.072360,0.142512,calls/second,milliseconds
1778575780,1,7.000000,7.000000,7.000000,0.000000,7.000000,7.000000,7.000000,7.000000,7.000000,7.000000,0.003180,0.001240,0.072360,0.142512,calls/second,milliseconds
1778575781,1,7.000000,7.000000,7.000000,0.000000,7.000000,7.000000,7.000000,7.000000,7.000000,7.000000,0.003170,0.001141,0.071164,0.141723,calls/second,milliseconds
1778575782,1,7.000000,7.000000,7.000000,0.000000,7.000000,7.000000,7.000000,7.000000,7.000000,7.000000,0.003160,0.001141,0.071164,0.141723,calls/second,milliseconds
1778575783,1,7.000000,7.000000,7.000000,0.000000,7.000000,7.000000,7.000000,7.000000,7.000000,7.000000,0.003150,0.001141,0.071164,0.141723,calls/second,milliseconds
1778575784,1,7.000000,7.000000,7.000000,0.000000,7.000000,7.000000,7.000000,7.000000,7.000000,7.000000,0.003140,0.001141,0.071164,0.141723,calls/second,milliseconds
1778575785,1,7.000000,7.000000,7.000000,0.000000,7.000000,7.000000,7.000000,7.000000,7.000000,7.000000,0.003130,0.001141,0.071164,0.141723,calls/second,milliseconds
1778575786,1,7.000000,7.000000,7.000000,0.000000,7.000000,7.000000,7.000000,7.000000,7.000000,7.000000,0.003121,0.001050,0.069988,0.140938,calls/second,milliseconds
1778575787,1,7.000000,7.000000,7.000000,0.000000,7.000000,7.000000,7.000000,7.000000,7.000000,7.000000,0.003111,0.001050,0.069988,0.140938,calls/second,milliseconds
1778575788,1,7.000000,7.000000,7.000000,0.000000,7.000000,7.000000,7.000000,7.000000,7.000000,7.000000,0.003101,0.001050,0.069988,0.140938,calls/second,milliseconds
1778575789,1,7.000000,7.000000,7.000000,0.000000,7.000000,7.000000,7.000000,7.000000,7.000000,7.000000,0.003092,0.001050,0.069988,0.140938,calls/second,milliseconds
1778575790,1,7.000000,7.000000,7.000000,0.000000,7.000000,7.000000,7.000000,7.000000,7.000000,7.000000,0.003082,0.001050,0.069988,0.140938,calls/second,milliseconds
1778575791,1,7.000000,7.000000,7.000000,0.000000,7.000000,7.000000,7.000000,7.000000,7.000000,7.000000,0.003073,0.000966,0.068831,0.140157,calls/second,milliseconds
1778575792,1,7.000000,7.000000,7.000000,0.000000,7.000000,7.000000,7.000000,7.000000,7.000000,7.000000,0.003063,0.000966,0.068831,0.140157,calls/second,milliseconds
1778575793,1,7.000000,7.000000,7.000000,0.000000,7.000000,7.000000,7.000000,7.000000,7.000000,7.000000,0.003054,0.000966,0.068831,0.140157,calls/second,milliseconds
1778575794,1,7.000000,7.000000,7.000000,0.000000,7.000000,7.000000,7.000000,7.000000,7.000000,7.000000,0.003045,0.000966,0.068831,0.140157,calls/second,milliseconds
1778575795,1,7.000000,7.000000,7.000000,0.000000,7.000000,7.000000,7.000000,7.000000,7.000000,7.000000,0.003035,0.000966,0.068831,0.140157,calls/second,milliseconds
1778575796,1,7.000000,7.000000,7.000000,0.000000,7.000000,7.000000,7.000000,7.000000,7.000000,7.000000,0.003026,0.000888,0.067693,0.139380,calls/second,milliseconds
1778575797,1,7.000000,7.000000,7.000000,0.000000,7.000000,7.000000,7.000000,7.000000,7.000000,7.000000,0.003017,0.000888,0.067693,0.139380,calls/second,milliseconds
1778575798,1,7.000000,7.000000,7.000000,0.000000,7.000000,7.000000,7.000000,7.000000,7.000000,7.000000,0.003008,0.000888,0.067693,0.139380,calls/second,milliseconds
1778575799,1,7.000000,7.000000,7.000000,0.000000,7.000000,7.000000,7.000000,7.000000,7.000000,7.000000,0.002999,0.000888,0.067693,0.139380,calls/second,milliseconds
1778575800,1,7.000000,7.000000,7.000000,0.000000,7.000000,7.000000,7.000000,7.000000,7.000000,7.000000,0.002990,0.000888,0.067693,0.139380,calls/second,milliseconds
1778575801,1,7.000000,7.000000,7.000000,0.000000,7.000000,7.000000,7.000000,7.000000,7.000000,7.000000,0.002981,0.000817,0.066574,0.138608,calls/second,milliseconds
1778575802,1,7.000000,7.000000,7.000000,0.000000,7.000000,7.000000,7.000000,7.000000,7.000000,7.000000,0.002972,0.000817,0.066574,0.138608,calls/second,milliseconds
1778575803,1,7.000000,7.000000,7.000000,0.000000,7.000000,7.000000,7.000000,7.000000,7.000000,7.000000,0.002963,0.000817,0.066574,0.138608,calls/second,milliseconds
1778575804,1,7.000000,7.000000,7.000000,0.000000,7.000000,7.000000,7.000000,7.000000,7.000000,7.000000,0.002954,0.000817,0.066574,0.138608,calls/second,milliseconds
1778575805,1,7.000000,7.000000,7.000000,0.000000,7.000000,7.000000,7.000000,7.000000,7.000000,7.000000,0.002946,0.000817,0.066574,0.138608,calls/second,milliseconds
1778575806,1,7.000000,7.000000,7.000000,0.000000,7.000000,7.000000,7.000000,7.000000,7.000000,7.000000,0.002937,0.000752,0.065474,0.137840,calls/second,milliseconds
1778575807,1,7.000000,7.000000,7.000000,0.000000,7.000000,7.000000,7.000000,7.000000,7.000000,7.000000,0.002928,0.000752,0.065474,0.137840,calls/second,milliseconds
1778575808,1,7.000000,7.000000,7.000000,0.000000,7.000000,7.000000,7.000000,7.000000,7.000000,7.000000,0.002920,0.000752,0.065474,0.137840,calls/second,milliseconds
1778575809,1,7.000000,7.000000,7.000000,0.000000,7.000000,7.000000,7.000000,7.000000,7.000000,7.000000,0.002911,0.000752,0.065474,0.137840,calls/second,milliseconds
1778575810,1,7.000000,7.000000,7.000000,0.000000,7.000000,7.000000,7.000000,7.000000,7.000000,7.000000,0.002903,0.000752,0.065474,0.137840,calls/second,milliseconds
1778575811,1,7.000000,7.000000,7.000000,0.000000,7.000000,7.000000,7.000000,7.000000,7.000000,7.000000,0.002894,0.000692,0.064392,0.137077,calls/second,milliseconds
1778575812,1,7.000000,7.000000,7.000000,0.000000,7.000000,7.000000,7.000000,7.000000,7.000000,7.000000,0.002886,0.000692,0.064392,0.137077,calls/second,milliseconds
1778575813,1,7.000000,7.000000,7.000000,0.000000,7.000000,7.000000,7.000000,7.000000,7.000000,7.000000,0.002878,0.000692,0.064392,0.137077,calls/second,milliseconds
1778575814,1,7.000000,7.000000,7.000000,0.000000,7.000000,7.000000,7.000000,7.000000,7.000000,7.000000,0.002869,0.000692,0.064392,0.137077,calls/second,milliseconds
1778575815,1,7.000000,7.000000,7.000000,0.000000,7.000000,7.000000,7.000000,7.000000,7.000000,7.000000,0.002861,0.000692,0.064392,0.137077,calls/second,milliseconds
1778575816,1,7.000000,7.000000,7.000000,0.000000,7.000000,7.000000,7.000000,7.000000,7.000000,7.000000,0.002853,0.000637,0.063327,0.136317,calls/second,milliseconds
1778575817,1,7.000000,7.000000,7.000000,0.000000,7.000000,7.000000,7.000000,7.000000,7.000000,7.000000,0.002845,0.000637,0.063327,0.136317,calls/second,milliseconds
1778575818,1,7.000000,7.000000,7.000000,0.000000,7.000000,7.000000,7.000000,7.000000,7.000000,7.000000,0.002837,0.000637,0.063327,0.136317,calls/second,milliseconds
1778575819,1,7.000000,7.000000,7.000000,0.000000,7.000000,7.000000,7.000000,7.000000,7.000000,7.000000,0.002829,0.000637,0.063327,0.136317,calls/second,milliseconds
1778575820,1,7.000000,7.000000,7.000000,0.000000,7.000000,7.000000,7.000000,7.000000,7.000000,7.000000,0.002821,0.000637,0.063327,0.136317,calls/second,milliseconds
1778575821,1,7.000000,7.000000,7.000000,0.000000,7.000000,7.000000,7.000000,7.000000,7.000000,7.000000,0.002813,0.000586,0.062281,0.135562,calls/second,milliseconds
1778575822,1,7.000000,7.000000,7.000000,0.000000,7.000000,7.000000,7.000000,7.000000,7.000000,7.000000,0.002805,0.000586,0.062281,0.135562,calls/second,milliseconds
1778575823,1,7.000000,7.000000,7.000000,0.000000,7.000000,7.000000,7.000000,7.000000,7.000000,7.000000,0.002797,0.000586,0.062281,0.135562,calls/second,milliseconds
1778575824,1,7.000000,7.000000,7.000000,0.000000,7.000000,7.000000,7.000000,7.000000,7.000000,7.000000,0.002789,0.000586,0.062281,0.135562,calls/second,milliseconds
1778575825,1,7.000000,7.000000,7.000000,0.000000,7.000000,7.000000,7.000000,7.000000,7.000000,7.000000,0.002782,0.000586,0.062281,0.135562,calls/second,milliseconds
1778575826,1,7.000000,7.000000,7.000000,0.000000,7.000000,7.000000,7.000000,7.000000,7.000000,7.000000,0.002774,0.000539,0.061251,0.134811,calls/second,milliseconds
1778575827,1,7.000000,7.000000,7.000000,0.000000,7.000000,7.000000,7.000000,7.000000,7.000000,7.000000,0.002766,0.000539,0.061251,0.134811,calls/second,milliseconds
1778575828,1,7.000000,7.000000,7.000000,0.000000,7.000000,7.000000,7.000000,7.000000,7.000000,7.000000,0.002758,0.000539,0.061251,0.134811,calls/second,milliseconds
1778575829,1,7.000000,7.000000,7.000000,0.000000,7.000000,7.000000,7.000000,7.000000,7.000000,7.000000,0.002751,0.000539,0.061251,0.134811,calls/second,milliseconds
1778575830,1,7.000000,7.000000,7.000000,0.000000,7.000000,7.000000,7.000000,7.000000,7.000000,7.000000,0.002743,0.000539,0.061251,0.134811,calls/second,milliseconds
1778575831,1,7.000000,7.000000,7.000000,0.000000,7.000000,7.000000,7.000000,7.000000,7.000000,7.000000,0.002736,0.000496,0.060239,0.134064,calls/second,milliseconds
1778575832,1,7.000000,7.000000,7.000000,0.000000,7.000000,7.000000,7.000000,7.000000,7.000000,7.000000,0.002728,0.000496,0.060239,0.134064,calls/second,milliseconds
1778575833,1,7.000000,7.000000,7.000000,0.000000,7.000000,7.000000,7.000000,7.000000,7.000000,7.000000,0.002721,0.000496,0.060239,0.134064,calls/second,milliseconds
1778575834,1,7.000000,7.000000,7.000000,0.000000,7.000000,7.000000,7.000000,7.000000,7.000000,7.000000,0.002713,0.000496,0.060239,0.134064,calls/second,milliseconds
1778575835,1,7.000000,7.000000,7.000000,0.000000,7.000000,7.000000,7.000000,7.000000,7.000000,7.000000,0.002706,0.000496,0.060239,0.134064,calls/second,milliseconds
1778575836,1,7.000000,7.000000,7.000000,0.000000,7.000000,7.000000,7.000000,7.000000,7.000000,7.000000,0.002699,0.000456,0.059243,0.133321,calls/second,milliseconds
1778575837,1,7.000000,7.000000,7.000000,0.000000,7.000000,7.000000,7.000000,7.000000,7.000000,7.000000,0.002692,0.000456,0.059243,0.133321,calls/second,milliseconds
1778575838,1,7.000000,7.000000,7.000000,0.000000,7.000000,7.000000,7.000000,7.000000,7.000000,7.000000,0.002684,0.000456,0.059243,0.133321,calls/second,milliseconds
1778575839,1,7.000000,7.000000,7.000000,0.000000,7.000000,7.000000,7.000000,7.000000,7.000000,7.000000,0.002677,0.000456,0.059243,0.133321,calls/second,milliseconds
1778575840,1,7.000000,7.000000,7.000000,0.000000,7.000000,7.000000,7.000000,7.000000,7.000000,7.000000,0.002670,0.000456,0.059243,0.133321,calls/second,milliseconds
1778575841,1,7.000000,7.000000,7.000000,0.000000,7.000000,7.000000,7.000000,7.000000,7.000000,7.000000,0.002663,0.000420,0.058264,0.132583,calls/second,milliseconds
1778575842,1,7.000000,7.000000,7.000000,0.000000,7.000000,7.000000,7.000000,7.000000,7.000000,7.000000,0.002656,0.000420,0.058264,0.132583,calls/second,milliseconds
1778575843,1,7.000000,7.000000,7.000000,0.000000,7.000000,7.000000,7.000000,7.000000,7.000000,7.000000,0.002649,0.000420,0.058264,0.132583,calls/second,milliseconds
1778575844,1,7.000000,7.000000,7.000000,0.000000,7.000000,7.000000,7.000000,7.000000,7.000000,7.000000,0.002642,0.000420,0.058264,0.132583,calls/second,milliseconds
1778575845,1,7.000000,7.000000,7.000000,0.000000,7.000000,7.000000,7.000000,7.000000,7.000000,7.000000,0.002635,0.000420,0.058264,0.132583,calls/second,milliseconds
1778575846,1,7.000000,7.000000,7.000000,0.000000,7.000000,7.000000,7.000000,7.000000,7.000000,7.000000,0.002628,0.000386,0.057301,0.131848,calls/second,milliseconds
1778575847,1,7.000000,7.000000,7.000000,0.000000,7.000000,7.000000,7.000000,7.000000,7.000000,7.000000,0.002621,0.000386,0.057301,0.131848,calls/second,milliseconds
1778575848,1,7.000000,7.000000,7.000000,0.000000,7.000000,7.000000,7.000000,7.000000,7.000000,7.000000,0.002614,0.000386,0.057301,0.131848,calls/second,milliseconds
1778575849,1,7.000000,7.000000,7.000000,0.000000,7.000000,7.000000,7.000000,7.000000,7.000000,7.000000,0.002607,0.000386,0.057301,0.131848,calls/second,milliseconds
1778575850,1,7.000000,7.000000,7.000000,0.000000,7.000000,7.000000,7.000000,7.000000,7.000000,7.000000,0.002600,0.000386,0.057301,0.131848,calls/second,milliseconds
1778575851,1,7.000000,7.000000,7.000000,0.000000,7.000000,7.000000,7.000000,7.000000,7.000000,7.000000,0.002594,0.000355,0.056354,0.131118,calls/second,milliseconds
1778575852,1,7.000000,7.000000,7.000000,0.000000,7.000000,7.000000,7.000000,7.000000,7.000000,7.000000,0.002587,0.000355,0.056354,0.131118,calls/second,milliseconds
1778575853,1,7.000000,7.000000,7.000000,0.000000,7.000000,7.000000,7.000000,7.000000,7.000000,7.000000,0.002580,0.000355,0.056354,0.131118,calls/second,milliseconds
1778575854,1,7.000000,7.000000,7.000000,0.000000,7.000000,7.000000,7.000000,7.000000,7.000000,7.000000,0.002574,0.000355,0.056354,0.131118,calls/second,milliseconds
1778575855,1,7.000000,7.000000,7.000000,0.000000,7.000000,7.000000,7.000000,7.000000,7.000000,7.000000,0.002567,0.000355,0.056354,0.131118,calls/second,milliseconds
1778575856,1,7.000000,7.000000,7.000000,0.000000,7.000000,7.000000,7.000000,7.000000,7.000000,7.000000,0.002560,0.000327,0.055422,0.130391,calls/second,milliseconds
1778575857,1,7.000000,7.000000,7.000000,0.000000,7.000000,7.000000,7.000000,7.000000,7.000000,7.000000,0.002554,0.000327,0.055422,0.130391,calls/second,milliseconds
1778575858,1,7.000000,7.000000,7.000000,0.000000,7.000000,7.000000,7.000000,7.000000,7.000000,7.000000,0.002547,0.000327,0.055422,0.130391,calls/second,milliseconds
1778575859,1,7.000000,7.000000,7.000000,0.000000,7.000000,7.000000,7.000000,7.000000,7.000000,7.000000,0.002541,0.000327,0.055422,0.130391,calls/second,milliseconds
1778575860,1,7.000000,7.000000,7.000000,0.000000,7.000000,7.000000,7.000000,7.000000,7.000000,7.000000,0.002534,0.000327,0.055422,0.130391,calls/second,milliseconds
1778575861,1,7.000000,7.000000,7.000000,0.000000,7.000000,7.000000,7.000000,7.000000,7.000000,7.000000,0.002528,0.000301,0.054506,0.129669,calls/second,milliseconds
1778575862,1,7.000000,7.000000,7.000000,0.000000,7.000000,7.000000,7.000000,7.000000,7.000000,7.000000,0.002522,0.000301,0.054506,0.129669,calls/second,milliseconds
1778575863,1,7.000000,7.000000,7.000000,0.000000,7.000000,7.000000,7.000000,7.000000,7.000000,7.000000,0.002515,0.000301,0.054506,0.129669,calls/second,milliseconds
1778575864,1,7.000000,7.000000,7.000000,0.000000,7.000000,7.000000,7.000000,7.000000,7.000000,7.000000,0.002509,0.000301,0.054506,0.129669,calls/second,milliseconds
1778575865,1,7.000000,7.000000,7.000000,0.000000,7.000000,7.000000,7.000000,7.000000,7.000000,7.000000,0.002503,0.000301,0.054506,0.129669,calls/second,milliseconds
1778575866,1,7.000000,7.000000,7.000000,0.000000,7.000000,7.000000,7.000000,7.000000,7.000000,7.000000,0.002496,0.000277,0.053605,0.128950,calls/second,milliseconds
1778575867,1,7.000000,7.000000,7.000000,0.000000,7.000000,7.000000,7.000000,7.000000,7.000000,7.000000,0.002490,0.000277,0.053605,0.128950,calls/second,milliseconds
1778575868,1,7.000000,7.000000,7.000000,0.000000,7.000000,7.000000,7.000000,7.000000,7.000000,7.000000,0.002484,0.000277,0.053605,0.128950,calls/second,milliseconds
1778575869,1,7.000000,7.000000,7.000000,0.000000,7.000000,7.000000,7.000000,7.000000,7.000000,7.000000,0.002478,0.000277,0.053605,0.128950,calls/second,milliseconds
1778575870,1,7.000000,7.000000,7.000000,0.000000,7.000000,7.000000,7.000000,7.000000,7.000000,7.000000,0.002472,0.000277,0.053605,0.128950,calls/second,milliseconds
1778575871,1,7.000000,7.000000,7.000000,0.000000,7.000000,7.000000,7.000000,7.000000,7.000000,7.000000,0.002465,0.000255,0.052719,0.128236,calls/second,milliseconds
1778575872,1,7.000000,7.000000,7.000000,0.000000,7.000000,7.000000,7.000000,7.000000,7.000000,7.000000,0.002459,0.000255,0.052719,0.128236,calls/second,milliseconds
1778575873,1,7.000000,7.000000,7.000000,0.000000,7.000000,7.000000,7.000000,7.000000,7.000000,7.000000,0.002453,0.000255,0.052719,0.128236,calls/second,milliseconds
1778575874,1,7.000000,7.000000,7.000000,0.000000,7.000000,7.000000,7.000000,7.000000,7.000000,7.000000,0.002447,0.000255,0.052719,0.128236,calls/second,milliseconds
1778575875,1,7.000000,7.000000,7.000000,0.000000,7.000000,7.000000,7.000000,7.000000,7.000000,7.000000,0.002441,0.000255,0.052719,0.128236,calls/second,milliseconds
1778575876,1,7.000000,7.000000,7.000000,0.000000,7.000000,7.000000,7.000000,7.000000,7.000000,7.000000,0.002435,0.000234,0.051848,0.127526,calls/second,milliseconds
1778575877,1,7.000000,7.000000,7.000000,0.000000,7.000000,7.000000,7.000000,7.000000,7.000000,7.000000,0.002429,0.000234,0.051848,0.127526,calls/second,milliseconds
1778575878,1,7.000000,7.000000,7.000000,0.000000,7.000000,7.000000,7.000000,7.000000,7.000000,7.000000,0.002424,0.000234,0.051848,0.127526,calls/second,milliseconds
1778575879,1,7.000000,7.000000,7.000000,0.000000,7.000000,7.000000,7.000000,7.000000,7.000000,7.000000,0.002418,0.000234,0.051848,0.127526,calls/second,milliseconds
1778575880,1,7.000000,7.000000,7.000000,0.000000,7.000000,7.000000,7.000000,7.000000,7.000000,7.000000,0.002412,0.000234,0.051848,0.127526,calls/second,milliseconds
1778575881,1,7.000000,7.000000,7.000000,0.000000,7.000000,7.000000,7.000000,7.000000,7.000000,7.000000,0.002406,0.000215,0.050991,0.126819,calls/second,milliseconds
1778575882,1,7.000000,7.000000,7.000000,0.000000,7.000000,7.000000,7.000000,7.000000,7.000000,7.000000,0.002400,0.000215,0.050991,0.126819,calls/second,milliseconds
1778575883,1,7.000000,7.000000,7.000000,0.000000,7.000000,7.000000,7.000000,7.000000,7.000000,7.000000,0.002395,0.000215,0.050991,0.126819,calls/second,milliseconds
1778575884,1,7.000000,7.000000,7.000000,0.000000,7.000000,7.000000,7.000000,7.000000,7.000000,7.000000,0.002389,0.000215,0.050991,0.126819,calls/second,milliseconds
1778575885,1,7.000000,7.000000,7.000000,0.000000,7.000000,7.000000,7.000000,7.000000,7.000000,7.000000,0.002383,0.000215,0.050991,0.126819,calls/second,milliseconds
1778575886,1,7.000000,7.000000,7.000000,0.000000,7.000000,7.000000,7.000000,7.000000,7.000000,7.000000,0.002377,0.000198,0.050148,0.126117,calls/second,milliseconds
1778575887,1,7.000000,7.000000,7.000000,0.000000,7.000000,7.000000,7.000000,7.000000,7.000000,7.000000,0.002372,0.000198,0.050148,0.126117,calls/second,milliseconds
1778575888,1,7.000000,7.000000,7.000000,0.000000,7.000000,7.000000,7.000000,7.000000,7.000000,7.000000,0.002366,0.000198,0.050148,0.126117,calls/second,milliseconds
1778575889,1,7.000000,7.000000,7.000000,0.000000,7.000000,7.000000,7.000000,7.000000,7.000000,7.000000,0.002361,0.000198,0.050148,0.126117,calls/second,milliseconds
1778575890,1,7.000000,7.000000,7.000000,0.000000,7.000000,7.000000,7.000000,7.000000,7.000000,7.000000,0.002355,0.000198,0.050148,0.126117,calls/second,milliseconds
1778575891,1,7.000000,7.000000,7.000000,0.000000,7.000000,7.000000,7.000000,7.000000,7.000000,7.000000,0.002349,0.000182,0.049319,0.125418,calls/second,milliseconds
1778575892,1,7.000000,7.000000,7.000000,0.000000,7.000000,7.000000,7.000000,7.000000,7.000000,7.000000,0.002344,0.000182,0.049319,0.125418,calls/second,milliseconds
1778575893,1,7.000000,7.000000,7.000000,0.000000,7.000000,7.000000,7.000000,7.000000,7.000000,7.000000,0.002338,0.000182,0.049319,0.125418,calls/second,milliseconds
1778575894,1,7.000000,7.000000,7.000000,0.000000,7.000000,7.000000,7.000000,7.000000,7.000000,7.000000,0.002333,0.000182,0.049319,0.125418,calls/second,milliseconds
1778575895,1,7.000000,7.000000,7.000000,0.000000,7.000000,7.000000,7.000000,7.000000,7.000000,7.000000,0.002328,0.000182,0.049319,0.125418,calls/second,milliseconds
1778575896,1,7.000000,7.000000,7.000000,0.000000,7.000000,7.000000,7.000000,7.000000,7.000000,7.000000,0.002322,0.000168,0.048504,0.124723,calls/second,milliseconds
1778575897,1,7.000000,7.000000,7.000000,0.000000,7.000000,7.000000,7.000000,7.000000,7.000000,7.000000,0.002317,0.000168,0.048504,0.124723,calls/second,milliseconds
1778575898,1,7.000000,7.000000,7.000000,0.000000,7.000000,7.000000,7.000000,7.000000,7.000000,7.000000,0.002311,0.000168,0.048504,0.124723,calls/second,milliseconds
1778575899,1,7.000000,7.000000,7.000000,0.000000,7.000000,7.000000,7.000000,7.000000,7.000000,7.000000,0.002306,0.000168,0.048504,0.124723,calls/second,milliseconds
1778575900,1,7.000000,7.000000,7.000000,0.000000,7.000000,7.000000,7.000000,7.000000,7.000000,7.000000,0.002301,0.000168,0.048504,0.124723,calls/second,milliseconds
1778575901,1,7.000000,7.000000,7.000000,0.000000,7.000000,7.000000,7.000000,7.000000,7.000000,7.000000,0.002295,0.000154,0.047703,0.124032,calls/second,milliseconds
1778575902,1,7.000000,7.000000,7.000000,0.000000,7.000000,7.000000,7.000000,7.000000,7.000000,7.000000,0.002290,0.000154,0.047703,0.124032,calls/second,milliseconds
1778575903,1,7.000000,7.000000,7.000000,0.000000,7.000000,7.000000,7.000000,7.000000,7.000000,7.000000,0.002285,0.000154,0.047703,0.124032,calls/second,milliseconds
1778575904,1,7.000000,7.000000,7.000000,0.000000,7.000000,7.000000,7.000000,7.000000,7.000000,7.000000,0.002280,0.000154,0.047703,0.124032,calls/second,milliseconds
1778575905,1,7.000000,7.000000,7.000000,0.000000,7.000000,7.000000,7.000000,7.000000,7.000000,7.000000,0.002274,0.000154,0.047703,0.124032,calls/second,milliseconds
1778575906,1,7.000000,7.000000,7.000000,0.000000,7.000000,7.000000,7.000000,7.000000,7.000000,7.000000,0.002269,0.000142,0.046914,0.123345,calls/second,milliseconds
1778575907,1,7.000000,7.000000,7.000000,0.000000,7.000000,7.000000,7.000000,7.000000,7.000000,7.000000,0.002264,0.000142,0.046914,0.123345,calls/second,milliseconds
1778575908,1,7.000000,7.000000,7.000000,0.000000,7.000000,7.000000,7.000000,7.000000,7.000000,7.000000,0.002259,0.000142,0.046914,0.123345,calls/second,milliseconds
1778575909,1,7.000000,7.000000,7.000000,0.000000,7.000000,7.000000,7.000000,7.000000,7.000000,7.000000,0.002254,0.000142,0.046914,0.123345,calls/second,milliseconds
1778575910,1,7.000000,7.000000,7.000000,0.000000,7.000000,7.000000,7.000000,7.000000,7.000000,7.000000,0.002249,0.000142,0.046914,0.123345,calls/second,milliseconds
1778575911,1,7.000000,7.000000,7.000000,0.000000,7.000000,7.000000,7.000000,7.000000,7.000000,7.000000,0.002244,0.000131,0.046139,0.122661,calls/second,milliseconds
1778575912,1,7.000000,7.000000,7.000000,0.000000,7.000000,7.000000,7.000000,7.000000,7.000000,7.000000,0.002239,0.000131,0.046139,0.122661,calls/second,milliseconds
1778575913,1,7.000000,7.000000,7.000000,0.000000,7.000000,7.000000,7.000000,7.000000,7.000000,7.000000,0.002234,0.000131,0.046139,0.122661,calls/second,milliseconds
1778575914,1,7.000000,7.000000,7.000000,0.000000,7.000000,7.000000,7.000000,7.000000,7.000000,7.000000,0.002229,0.000131,0.046139,0.122661,calls/second,milliseconds
1778575915,1,7.000000,7.000000,7.000000,0.000000,7.000000,7.000000,7.000000,7.000000,7.000000,7.000000,0.002224,0.000131,0.046139,0.122661,calls/second,milliseconds
1778575916,1,7.000000,7.000000,7.000000,0.000000,7.000000,7.000000,7.000000,7.000000,7.000000,7.000000,0.002219,0.000120,0.045376,0.121982,calls/second,milliseconds
1778575917,1,7.000000,7.000000,7.000000,0.000000,7.000000,7.000000,7.000000,7.000000,7.000000,7.000000,0.002214,0.000120,0.045376,0.121982,calls/second,milliseconds
1778575918,1,7.000000,7.000000,7.000000,0.000000,7.000000,7.000000,7.000000,7.000000,7.000000,7.000000,0.002209,0.000120,0.045376,0.121982,calls/second,milliseconds
1778575919,1,7.000000,7.000000,7.000000,0.000000,7.000000,7.000000,7.000000,7.000000,7.000000,7.000000,0.002204,0.000120,0.045376,0.121982,calls/second,milliseconds
1778575920,1,7.000000,7.000000,7.000000,0.000000,7.000000,7.000000,7.000000,7.000000,7.000000,7.000000,0.002199,0.000120,0.045376,0.121982,calls/second,milliseconds
1778575921,1,7.000000,7.000000,7.000000,0.000000,7.000000,7.000000,7.000000,7.000000,7.000000,7.000000,0.002194,0.000111,0.044626,0.121306,calls/second,milliseconds
1778575922,1,7.000000,7.000000,7.000000,0.000000,7.000000,7.000000,7.000000,7.000000,7.000000,7.000000,0.002190,0.000111,0.044626,0.121306,calls/second,milliseconds
1778575923,1,7.000000,7.000000,7.000000,0.000000,7.000000,7.000000,7.000000,7.000000,7.000000,7.000000,0.002185,0.000111,0.044626,0.121306,calls/second,milliseconds
1778575924,1,7.000000,7.000000,7.000000,0.000000,7.000000,7.000000,7.000000,7.000000,7.000000,7.000000,0.002180,0.000111,0.044626,0.121306,calls/second,milliseconds
1778575925,1,7.000000,7.000000,7.000000,0.000000,7.000000,7.000000,7.000000,7.000000,7.000000,7.000000,0.002175,0.000111,0.044626,0.121306,calls/second,milliseconds
1778575926,1,7.000000,7.000000,7.000000,0.000000,7.000000,7.000000,7.000000,7.000000,7.000000,7.000000,0.002171,0.000102,0.043888,0.120634,calls/second,milliseconds
1778575927,1,7.000000,7.000000,7.000000,0.000000,7.000000,7.000000,7.000000,7.000000,7.000000,7.000000,0.002166,0.000102,0.043888,0.120634,calls/second,milliseconds
1778575928,1,7.000000,7.000000,7.000000,0.000000,7.000000,7.000000,7.000000,7.000000,7.000000,7.000000,0.002161,0.000102,0.043888,0.120634,calls/second,milliseconds
1778575929,1,7.000000,7.000000,7.000000,0.000000,7.000000,7.000000,7.000000,7.000000,7.000000,7.000000,0.002157,0.000102,0.043888,0.120634,calls/second,milliseconds
1778575930,1,7.000000,7.000000,7.000000,0.000000,7.000000,7.000000,7.000000,7.000000,7.000000,7.000000,0.002152,0.000102,0.043888,0.120634,calls/second,milliseconds
1778575931,1,7.000000,7.000000,7.000000,0.000000,7.000000,7.000000,7.000000,7.000000,7.000000,7.000000,0.002147,0.000094,0.043163,0.119966,calls/second,milliseconds
1778575932,1,7.000000,7.000000,7.000000,0.000000,7.000000,7.000000,7.000000,7.000000,7.000000,7.000000,0.002143,0.000094,0.043163,0.119966,calls/second,milliseconds
1778575933,1,7.000000,7.000000,7.000000,0.000000,7.000000,7.000000,7.000000,7.000000,7.000000,7.000000,0.002138,0.000094,0.043163,0.119966,calls/second,milliseconds
1778575934,1,7.000000,7.000000,7.000000,0.000000,7.000000,7.000000,7.000000,7.000000,7.000000,7.000000,0.002134,0.000094,0.043163,0.119966,calls/second,milliseconds
1778575935,1,7.000000,7.000000,7.000000,0.000000,7.000000,7.000000,7.000000,7.000000,7.000000,7.000000,0.002129,0.000094,0.043163,0.119966,calls/second,milliseconds
1778575936,1,7.000000,7.000000,7.000000,0.000000,7.000000,7.000000,7.000000,7.000000,7.000000,7.000000,0.002124,0.000086,0.042450,0.119301,calls/second,milliseconds
1778575937,1,7.000000,7.000000,7.000000,0.000000,7.000000,7.000000,7.000000,7.000000,7.000000,7.000000,0.002120,0.000086,0.042450,0.119301,calls/second,milliseconds
1778575938,1,7.000000,7.000000,7.000000,0.000000,7.000000,7.000000,7.000000,7.000000,7.000000,7.000000,0.002115,0.000086,0.042450,0.119301,calls/second,milliseconds
1778575939,1,7.000000,7.000000,7.000000,0.000000,7.000000,7.000000,7.000000,7.000000,7.000000,7.000000,0.002111,0.000086,0.042450,0.119301,calls/second,milliseconds
1778575940,1,7.000000,7.000000,7.000000,0.000000,7.000000,7.000000,7.000000,7.000000,7.000000,7.000000,0.002107,0.000086,0.042450,0.119301,calls/second,milliseconds
1778575941,1,7.000000,7.000000,7.000000,0.000000,7.000000,7.000000,7.000000,7.000000,7.000000,7.000000,0.002102,0.000079,0.041748,0.118640,calls/second,milliseconds
1778575942,1,7.000000,7.000000,7.000000,0.000000,7.000000,7.000000,7.000000,7.000000,7.000000,7.000000,0.002098,0.000079,0.041748,0.118640,calls/second,milliseconds
1778575943,1,7.000000,7.000000,7.000000,0.000000,7.000000,7.000000,7.000000,7.000000,7.000000,7.000000,0.002093,0.000079,0.041748,0.118640,calls/second,milliseconds
1778575944,1,7.000000,7.000000,7.000000,0.000000,7.000000,7.000000,7.000000,7.000000,7.000000,7.000000,0.002089,0.000079,0.041748,0.118640,calls/second,milliseconds
1778575945,1,7.000000,7.000000,7.000000,0.000000,7.000000,7.000000,7.000000,7.000000,7.000000,7.000000,0.002085,0.000079,0.041748,0.118640,calls/second,milliseconds
1778575946,1,7.000000,7.000000,7.000000,0.000000,7.000000,7.000000,7.000000,7.000000,7.000000,7.000000,0.002080,0.000073,0.041058,0.117983,calls/second,milliseconds
1778575947,1,7.000000,7.000000,7.000000,0.000000,7.000000,7.000000,7.000000,7.000000,7.000000,7.000000,0.002076,0.000073,0.041058,0.117983,calls/second,milliseconds
1778575948,1,7.000000,7.000000,7.000000,0.000000,7.000000,7.000000,7.000000,7.000000,7.000000,7.000000,0.002072,0.000073,0.041058,0.117983,calls/second,milliseconds
1778575949,1,7.000000,7.000000,7.000000,0.000000,7.000000,7.000000,7.000000,7.000000,7.000000,7.000000,0.002067,0.000073,0.041058,0.117983,calls/second,milliseconds
1778575950,1,7.000000,7.000000,7.000000,0.000000,7.000000,7.000000,7.000000,7.000000,7.000000,7.000000,0.002063,0.000073,0.041058,0.117983,calls/second,milliseconds
1778575951,1,7.000000,7.000000,7.000000,0.000000,7.000000,7.000000,7.000000,7.000000,7.000000,7.000000,0.002059,0.000067,0.040379,0.117329,calls/second,milliseconds
1778575952,1,7.000000,7.000000,7.000000,0.000000,7.000000,7.000000,7.000000,7.000000,7.000000,7.000000,0.002054,0.000067,0.040379,0.117329,calls/second,milliseconds
1778575953,1,7.000000,7.000000,7.000000,0.000000,7.000000,7.000000,7.000000,7.000000,7.000000,7.000000,0.002050,0.000067,0.040379,0.117329,calls/second,milliseconds
1778575954,1,7.000000,7.000000,7.000000,0.000000,7.000000,7.000000,7.000000,7.000000,7.000000,7.000000,0.002046,0.000067,0.040379,0.117329,calls/second,milliseconds
1778575955,1,7.000000,7.000000,7.000000,0.000000,7.000000,7.000000,7.000000,7.000000,7.000000,7.000000,0.002042,0.000067,0.040379,0.117329,calls/second,milliseconds
1778575956,1,7.000000,7.000000,7.000000,0.000000,7.000000,7.000000,7.000000,7.000000,7.000000,7.000000,0.002038,0.000062,0.039712,0.116679,calls/second,milliseconds
1778575957,1,7.000000,7.000000,7.000000,0.000000,7.000000,7.000000,7.000000,7.000000,7.000000,7.000000,0.002034,0.000062,0.039712,0.116679,calls/second,milliseconds
1778575958,1,7.000000,7.000000,7.000000,0.000000,7.000000,7.000000,7.000000,7.000000,7.000000,7.000000,0.002029,0.000062,0.039712,0.116679,calls/second,milliseconds
1778575959,1,7.000000,7.000000,7.000000,0.000000,7.000000,7.000000,7.000000,7.000000,7.000000,7.000000,0.002025,0.000062,0.039712,0.116679,calls/second,milliseconds
1778575960,1,7.000000,7.000000,7.000000,0.000000,7.000000,7.000000,7.000000,7.000000,7.000000,7.000000,0.002021,0.000062,0.039712,0.116679,calls/second,milliseconds
1778575961,1,7.000000,7.000000,7.000000,0.000000,7.000000,7.000000,7.000000,7.000000,7.000000,7.000000,0.002017,0.000057,0.039056,0.116033,calls/second,milliseconds
1778575962,1,7.000000,7.000000,7.000000,0.000000,7.000000,7.000000,7.000000,7.000000,7.000000,7.000000,0.002013,0.000057,0.039056,0.116033,calls/second,milliseconds
1778575963,1,7.000000,7.000000,7.000000,0.000000,7.000000,7.000000,7.000000,7.000000,7.000000,7.000000,0.002009,0.000057,0.039056,0.116033,calls/second,milliseconds
1778575964,1,7.000000,7.000000,7.000000,0.000000,7.000000,7.000000,7.000000,7.000000,7.000000,7.000000,0.002005,0.000057,0.039056,0.116033,calls/second,milliseconds
1778575965,1,7.000000,7.000000,7.000000,0.000000,7.000000,7.000000,7.000000,7.000000,7.000000,7.000000,0.002001,0.000057,0.039056,0.116033,calls/second,milliseconds
1778575966,1,7.000000,7.000000,7.000000,0.000000,7.000000,7.000000,7.000000,7.000000,7.000000,7.000000,0.001997,0.000052,0.038410,0.115390,calls/second,milliseconds
1778575967,1,7.000000,7.000000,7.000000,0.000000,7.000000,7.000000,7.000000,7.000000,7.000000,7.000000,0.001993,0.000052,0.038410,0.115390,calls/second,milliseconds
1778575968,1,7.000000,7.000000,7.000000,0.000000,7.000000,7.000000,7.000000,7.000000,7.000000,7.000000,0.001989,0.000052,0.038410,0.115390,calls/second,milliseconds
1778575969,1,7.000000,7.000000,7.000000,0.000000,7.000000,7.000000,7.000000,7.000000,7.000000,7.000000,0.001985,0.000052,0.038410,0.115390,calls/second,milliseconds
1778575970,1,7.000000,7.000000,7.000000,0.000000,7.000000,7.000000,7.000000,7.000000,7.000000,7.000000,0.001981,0.000052,0.038410,0.115390,calls/second,milliseconds
1778575971,1,7.000000,7.000000,7.000000,0.000000,7.000000,7.000000,7.000000,7.000000,7.000000,7.000000,0.001977,0.000048,0.037775,0.114751,calls/second,milliseconds
1778575972,1,7.000000,7.000000,7.000000,0.000000,7.000000,7.000000,7.000000,7.000000,7.000000,7.000000,0.001973,0.000048,0.037775,0.114751,calls/second,milliseconds
1778575973,1,7.000000,7.000000,7.000000,0.000000,7.000000,7.000000,7.000000,7.000000,7.000000,7.000000,0.001969,0.000048,0.037775,0.114751,calls/second,milliseconds
1778575974,1,7.000000,7.000000,7.000000,0.000000,7.000000,7.000000,7.000000,7.000000,7.000000,7.000000,0.001965,0.000048,0.037775,0.114751,calls/second,milliseconds
1778575975,1,7.000000,7.000000,7.000000,0.000000,7.000000,7.000000,7.000000,7.000000,7.000000,7.000000,0.001962,0.000048,0.037775,0.114751,calls/second,milliseconds
1778575976,1,7.000000,7.000000,7.000000,0.000000,7.000000,7.000000,7.000000,7.000000,7.000000,7.000000,0.001958,0.000044,0.037151,0.114115,calls/second,milliseconds
1778575977,1,7.000000,7.000000,7.000000,0.000000,7.000000,7.000000,7.000000,7.000000,7.000000,7.000000,0.001954,0.000044,0.037151,0.114115,calls/second,milliseconds
1778575978,1,7.000000,7.000000,7.000000,0.000000,7.000000,7.000000,7.000000,7.000000,7.000000,7.000000,0.001950,0.000044,0.037151,0.114115,calls/second,milliseconds
1778575979,1,7.000000,7.000000,7.000000,0.000000,7.000000,7.000000,7.000000,7.000000,7.000000,7.000000,0.001946,0.000044,0.037151,0.114115,calls/second,milliseconds
1778575980,1,7.000000,7.000000,7.000000,0.000000,7.000000,7.000000,7.000000,7.000000,7.000000,7.000000,0.001943,0.000044,0.037151,0.114115,calls/second,milliseconds
1778575981,1,7.000000,7.000000,7.000000,0.000000,7.000000,7.000000,7.000000,7.000000,7.000000,7.000000,0.001939,0.000041,0.036537,0.113483,calls/second,milliseconds
1778575982,1,7.000000,7.000000,7.000000,0.000000,7.000000,7.000000,7.000000,7.000000,7.000000,7.000000,0.001935,0.000041,0.036537,0.113483,calls/second,milliseconds
1778575983,1,7.000000,7.000000,7.000000,0.000000,7.000000,7.000000,7.000000,7.000000,7.000000,7.000000,0.001931,0.000041,0.036537,0.113483,calls/second,milliseconds
1778575984,1,7.000000,7.000000,7.000000,0.000000,7.000000,7.000000,7.000000,7.000000,7.000000,7.000000,0.001928,0.000041,0.036537,0.113483,calls/second,milliseconds
1778575985,1,7.000000,7.000000,7.000000,0.000000,7.000000,7.000000,7.000000,7.000000,7.000000,7.000000,0.001924,0.000041,0.036537,0.113483,calls/second,milliseconds
1778575986,1,7.000000,7.000000,7.000000,0.000000,7.000000,7.000000,7.000000,7.000000,7.000000,7.000000,0.001920,0.000037,0.035933,0.112854,calls/second,milliseconds
1778575987,1,7.000000,7.000000,7.000000,0.000000,7.000000,7.000000,7.000000,7.000000,7.000000,7.000000,0.001916,0.000037,0.035933,0.112854,calls/second,milliseconds
1778575988,1,7.000000,7.000000,7.000000,0.000000,7.000000,7.000000,7.000000,7.000000,7.000000,7.000000,0.001913,0.000037,0.035933,0.112854,calls/second,milliseconds
1778575989,1,7.000000,7.000000,7.000000,0.000000,7.000000,7.000000,7.000000,7.000000,7.000000,7.000000,0.001909,0.000037,0.035933,0.112854,calls/second,milliseconds
1778575990,1,7.000000,7.000000,7.000000,0.000000,7.000000,7.000000,7.000000,7.000000,7.000000,7.000000,0.001905,0.000037,0.035933,0.112854,calls/second,milliseconds
1778575991,1,7.000000,7.000000,7.000000,0.000000,7.000000,7.000000,7.000000,7.000000,7.000000,7.000000,0.001902,0.000034,0.035339,0.112229,calls/second,milliseconds
1778575992,1,7.000000,7.000000,7.000000,0.000000,7.000000,7.000000,7.000000,7.000000,7.000000,7.000000,0.001898,0.000034,0.035339,0.112229,calls/second,milliseconds
1778575993,1,7.000000,7.000000,7.000000,0.000000,7.000000,7.000000,7.000000,7.000000,7.000000,7.000000,0.001895,0.000034,0.035339,0.112229,calls/second,milliseconds
1778575994,1,7.000000,7.000000,7.000000,0.000000,7.000000,7.000000,7.000000,7.000000,7.000000,7.000000,0.001891,0.000034,0.035339,0.112229,calls/second,milliseconds
1778575995,1,7.000000,7.000000,7.000000,0.000000,7.000000,7.000000,7.000000,7.000000,7.000000,7.000000,0.001887,0.000034,0.035339,0.112229,calls/second,milliseconds
1778575996,1,7.000000,7.000000,7.000000,0.000000,7.000000,7.000000,7.000000,7.000000,7.000000,7.000000,0.001884,0.000032,0.034755,0.111607,calls/second,milliseconds
1778575997,1,7.000000,7.000000,7.000000,0.000000,7.000000,7.000000,7.000000,7.000000,7.000000,7.000000,0.001880,0.000032,0.034755,0.111607,calls/second,milliseconds
1778575998,1,7.000000,7.000000,7.000000,0.000000,7.000000,7.000000,7.000000,7.000000,7.000000,7.000000,0.001877,0.000032,0.034755,0.111607,calls/second,milliseconds
1778575999,1,7.000000,7.000000,7.000000,0.000000,7.000000,7.000000,7.000000,7.000000,7.000000,7.000000,0.001873,0.000032,0.034755,0.111607,calls/second,milliseconds
1778576000,1,7.000000,7.000000,7.000000,0.000000,7.000000,7.000000,7.000000,7.000000,7.000000,7.000000,0.001870,0.000032,0.034755,0.111607,calls/second,milliseconds
1778576001,1,7.000000,7.000000,7.000000,0.000000,7.000000,7.000000,7.000000,7.000000,7.000000,7.000000,0.001866,0.000029,0.034180,0.110989,calls/second,milliseconds
1778576002,1,7.000000,7.000000,7.000000,0.000000,7.000000,7.000000,7.000000,7.000000,7.000000,7.000000,0.001863,0.000029,0.034180,0.110989,calls/second,milliseconds
1778576003,1,7.000000,7.000000,7.000000,0.000000,7.000000,7.000000,7.000000,7.000000,7.000000,7.000000,0.001859,0.000029,0.034180,0.110989,calls/second,milliseconds
1778576004,1,7.000000,7.000000,7.000000,0.000000,7.000000,7.000000,7.000000,7.000000,7.000000,7.000000,0.001856,0.000029,0.034180,0.110989,calls/second,milliseconds
1778576005,1,7.000000,7.000000,7.000000,0.000000,7.000000,7.000000,7.000000,7.000000,7.000000,7.000000,0.001852,0.000029,0.034180,0.110989,calls/second,milliseconds
1778576006,1,7.000000,7.000000,7.000000,0.000000,7.000000,7.000000,7.000000,7.000000,7.000000,7.000000,0.001849,0.000027,0.033615,0.110374,calls/second,milliseconds
1778576007,1,7.000000,7.000000,7.000000,0.000000,7.000000,7.000000,7.000000,7.000000,7.000000,7.000000,0.001846,0.000027,0.033615,0.110374,calls/second,milliseconds
1778576008,1,7.000000,7.000000,7.000000,0.000000,7.000000,7.000000,7.000000,7.000000,7.000000,7.000000,0.001842,0.000027,0.033615,0.110374,calls/second,milliseconds
1778576009,1,7.000000,7.000000,7.000000,0.000000,7.000000,7.000000,7.000000,7.000000,7.000000,7.000000,0.001839,0.000027,0.033615,0.110374,calls/second,milliseconds
1778576010,1,7.000000,7.000000,7.000000,0.000000,7.000000,7.000000,7.000000,7.000000,7.000000,7.000000,0.001835,0.000027,0.033615,0.110374,calls/second,milliseconds
1778576011,1,7.000000,7.000000,7.000000,0.000000,7.000000,7.000000,7.000000,7.000000,7.000000,7.000000,0.001832,0.000025,0.033060,0.109762,calls/second,milliseconds
1778576012,1,7.000000,7.000000,7.000000,0.000000,7.000000,7.000000,7.000000,7.000000,7.000000,7.000000,0.001829,0.000025,0.033060,0.109762,calls/second,milliseconds
1778576013,1,7.000000,7.000000,7.000000,0.000000,7.000000,7.000000,7.000000,7.000000,7.000000,7.000000,0.001825,0.000025,0.033060,0.109762,calls/second,milliseconds
1778576014,1,7.000000,7.000000,7.000000,0.000000,7.000000,7.000000,7.000000,7.000000,7.000000,7.000000,0.001822,0.000025,0.033060,0.109762,calls/second,milliseconds
1778576015,1,7.000000,7.000000,7.000000,0.000000,7.000000,7.000000,7.000000,7.000000,7.000000,7.000000,0.001819,0.000025,0.033060,0.109762,calls/second,milliseconds
1778576016,1,7.000000,7.000000,7.000000,0.000000,7.000000,7.000000,7.000000,7.000000,7.000000,7.000000,0.001815,0.000023,0.032513,0.109154,calls/second,milliseconds
1778576017,1,7.000000,7.000000,7.000000,0.000000,7.000000,7.000000,7.000000,7.000000,7.000000,7.000000,0.001812,0.000023,0.032513,0.109154,calls/second,milliseconds
1778576018,1,7.000000,7.000000,7.000000,0.000000,7.000000,7.000000,7.000000,7.000000,7.000000,7.000000,0.001809,0.000023,0.032513,0.109154,calls/second,milliseconds
1778576019,1,7.000000,7.000000,7.000000,0.000000,7.000000,7.000000,7.000000,7.000000,7.000000,7.000000,0.001806,0.000023,0.032513,0.109154,calls/second,milliseconds
1778576020,1,7.000000,7.000000,7.000000,0.000000,7.000000,7.000000,7.000000,7.000000,7.000000,7.000000,0.001802,0.000023,0.032513,0.109154,calls/second,milliseconds
1778576021,1,7.000000,7.000000,7.000000,0.000000,7.000000,7.000000,7.000000,7.000000,7.000000,7.000000,0.001799,0.000021,0.031976,0.108549,calls/second,milliseconds
1778576022,1,7.000000,7.000000,7.000000,0.000000,7.000000,7.000000,7.000000,7.000000,7.000000,7.000000,0.001796,0.000021,0.031976,0.108549,calls/second,milliseconds
1778576023,1,7.000000,7.000000,7.000000,0.000000,7.000000,7.000000,7.000000,7.000000,7.000000,7.000000,0.001793,0.000021,0.031976,0.108549,calls/second,milliseconds
1778576024,1,7.000000,7.000000,7.000000,0.000000,7.000000,7.000000,7.000000,7.000000,7.000000,7.000000,0.001789,0.000021,0.031976,0.108549,calls/second,milliseconds
1778576025,1,7.000000,7.000000,7.000000,0.000000,7.000000,7.000000,7.000000,7.000000,7.000000,7.000000,0.001786,0.000021,0.031976,0.108549,calls/second,milliseconds
1778576026,1,7.000000,7.000000,7.000000,0.000000,7.000000,7.000000,7.000000,7.000000,7.000000,7.000000,0.001783,0.000019,0.031447,0.107948,calls/second,milliseconds
1778576027,1,7.000000,7.000000,7.000000,0.000000,7.000000,7.000000,7.000000,7.000000,7.000000,7.000000,0.001780,0.000019,0.031447,0.107948,calls/second,milliseconds
1778576028,1,7.000000,7.000000,7.000000,0.000000,7.000000,7.000000,7.000000,7.000000,7.000000,7.000000,0.001777,0.000019,0.031447,0.107948,calls/second,milliseconds
1778576029,1,7.000000,7.000000,7.000000,0.000000,7.000000,7.000000,7.000000,7.000000,7.000000,7.000000,0.001773,0.000019,0.031447,0.107948,calls/second,milliseconds
1778576030,1,7.000000,7.000000,7.000000,0.000000,7.000000,7.000000,7.000000,7.000000,7.000000,7.000000,0.001770,0.000019,0.031447,0.107948,calls/second,milliseconds
1778576031,1,7.000000,7.000000,7.000000,0.000000,7.000000,7.000000,7.000000,7.000000,7.000000,7.000000,0.001767,0.000018,0.030928,0.107350,calls/second,milliseconds
1778576032,1,7.000000,7.000000,7.000000,0.000000,7.000000,7.000000,7.000000,7.000000,7.000000,7.000000,0.001764,0.000018,0.030928,0.107350,calls/second,milliseconds
1778576033,1,7.000000,7.000000,7.000000,0.000000,7.000000,7.000000,7.000000,7.000000,7.000000,7.000000,0.001761,0.000018,0.030928,0.107350,calls/second,milliseconds
1778576034,1,7.000000,7.000000,7.000000,0.000000,7.000000,7.000000,7.000000,7.000000,7.000000,7.000000,0.001758,0.000018,0.030928,0.107350,calls/second,milliseconds
1778576035,1,7.000000,7.000000,7.000000,0.000000,7.000000,7.000000,7.000000,7.000000,7.000000,7.000000,0.001755,0.000018,0.030928,0.107350,calls/second,milliseconds
1778576036,1,7.000000,7.000000,7.000000,0.000000,7.000000,7.000000,7.000000,7.000000,7.000000,7.000000,0.001752,0.000016,0.030416,0.106755,calls/second,milliseconds
1778576037,1,7.000000,7.000000,7.000000,0.000000,7.000000,7.000000,7.000000,7.000000,7.000000,7.000000,0.001749,0.000016,0.030416,0.106755,calls/second,milliseconds
1778576038,1,7.000000,7.000000,7.000000,0.000000,7.000000,7.000000,7.000000,7.000000,7.000000,7.000000,0.001746,0.000016,0.030416,0.106755,calls/second,milliseconds
1778576039,1,7.000000,7.000000,7.000000,0.000000,7.000000,7.000000,7.000000,7.000000,7.000000,7.000000,0.001742,0.000016,0.030416,0.106755,calls/second,milliseconds
1778576040,1,7.000000,7.000000,7.000000,0.000000,7.000000,7.000000,7.000000,7.000000,7.000000,7.000000,0.001739,0.000016,0.030416,0.106755,calls/second,milliseconds
1778576041,1,7.000000,7.000000,7.000000,0.000000,7.000000,7.000000,7.000000,7.000000,7.000000,7.000000,0.001736,0.000015,0.029914,0.106164,calls/second,milliseconds
1778576042,1,7.000000,7.000000,7.000000,0.000000,7.000000,7.000000,7.000000,7.000000,7.000000,7.000000,0.001733,0.000015,0.029914,0.106164,calls/second,milliseconds
1778576043,1,7.000000,7.000000,7.000000,0.000000,7.000000,7.000000,7.000000,7.000000,7.000000,7.000000,0.001730,0.000015,0.029914,0.106164,calls/second,milliseconds
1778576044,1,7.000000,7.000000,7.000000,0.000000,7.000000,7.000000,7.000000,7.000000,7.000000,7.000000,0.001727,0.000015,0.029914,0.106164,calls/second,milliseconds
1778576045,1,7.000000,7.000000,7.000000,0.000000,7.000000,7.000000,7.000000,7.000000,7.000000,7.000000,0.001724,0.000015,0.029914,0.106164,calls/second,milliseconds
1778576046,1,7.000000,7.000000,7.000000,0.000000,7.000000,7.000000,7.000000,7.000000,7.000000,7.000000,0.001721,0.000014,0.029419,0.105576,calls/second,milliseconds
1778576047,1,7.000000,7.000000,7.000000,0.000000,7.000000,7.000000,7.000000,7.000000,7.000000,7.000000,0.001718,0.000014,0.029419,0.105576,calls/second,milliseconds
1778576048,1,7.000000,7.000000,7.000000,0.000000,7.000000,7.000000,7.000000,7.000000,7.000000,7.000000,0.001716,0.000014,0.029419,0.105576,calls/second,milliseconds
1778576049,1,7.000000,7.000000,7.000000,0.000000,7.000000,7.000000,7.000000,7.000000,7.000000,7.000000,0.001713,0.000014,0.029419,0.105576,calls/second,milliseconds
1778576050,1,7.000000,7.000000,7.000000,0.000000,7.000000,7.000000,7.000000,7.000000,7.000000,7.000000,0.001710,0.000014,0.029419,0.105576,calls/second,milliseconds
1778576051,1,7.000000,7.000000,7.000000,0.000000,7.000000,7.000000,7.000000,7.000000,7.000000,7.000000,0.001707,0.000013,0.028933,0.104991,calls/second,milliseconds
1778576052,1,7.000000,7.000000,7.000000,0.000000,7.000000,7.000000,7.000000,7.000000,7.000000,7.000000,0.001704,0.000013,0.028933,0.104991,calls/second,milliseconds
1778576053,1,7.000000,7.000000,7.000000,0.000000,7.000000,7.000000,7.000000,7.000000,7.000000,7.000000,0.001701,0.000013,0.028933,0.104991,calls/second,milliseconds
1778576054,1,7.000000,7.000000,7.000000,0.000000,7.000000,7.000000,7.000000,7.000000,7.000000,7.000000,0.001698,0.000013,0.028933,0.104991,calls/second,milliseconds
1778576055,1,7.000000,7.000000,7.000000,0.000000,7.000000,7.000000,7.000000,7.000000,7.000000,7.000000,0.001695,0.000013,0.028933,0.104991,calls/second,milliseconds
1778576056,1,7.000000,7.000000,7.000000,0.000000,7.000000,7.000000,7.000000,7.000000,7.000000,7.000000,0.001692,0.000012,0.028455,0.104409,calls/second,milliseconds
1778576057,1,7.000000,7.000000,7.000000,0.000000,7.000000,7.000000,7.000000,7.000000,7.000000,7.000000,0.001689,0.000012,0.028455,0.104409,calls/second,milliseconds
1778576058,1,7.000000,7.000000,7.000000,0.000000,7.000000,7.000000,7.000000,7.000000,7.000000,7.000000,0.001687,0.000012,0.028455,0.104409,calls/second,milliseconds
1778576059,1,7.000000,7.000000,7.000000,0.000000,7.000000,7.000000,7.000000,7.000000,7.000000,7.000000,0.001684,0.000012,0.028455,0.104409,calls/second,milliseconds
1778576060,1,7.000000,7.000000,7.000000,0.000000,7.000000,7.000000,7.000000,7.000000,7.000000,7.000000,0.001681,0.000012,0.028455,0.104409,calls/second,milliseconds
1778576061,1,7.000000,7.000000,7.000000,0.000000,7.000000,7.000000,7.000000,7.000000,7.000000,7.000000,0.001678,0.000011,0.027984,0.103831,calls/second,milliseconds
1778576062,1,7.000000,7.000000,7.000000,0.000000,7.000000,7.000000,7.000000,7.000000,7.000000,7.000000,0.001675,0.000011,0.027984,0.103831,calls/second,milliseconds
1778576063,1,7.000000,7.000000,7.000000,0.000000,7.000000,7.000000,7.000000,7.000000,7.000000,7.000000,0.001672,0.000011,0.027984,0.103831,calls/second,milliseconds
1778576064,1,7.000000,7.000000,7.000000,0.000000,7.000000,7.000000,7.000000,7.000000,7.000000,7.000000,0.001670,0.000011,0.027984,0.103831,calls/second,milliseconds
1778576065,1,7.000000,7.000000,7.000000,0.000000,7.000000,7.000000,7.000000,7.000000,7.000000,7.000000,0.001667,0.000011,0.027984,0.103831,calls/second,milliseconds
1778576066,1,7.000000,7.000000,7.000000,0.000000,7.000000,7.000000,7.000000,7.000000,7.000000,7.000000,0.001664,0.000010,0.027522,0.103255,calls/second,milliseconds
1778576067,1,7.000000,7.000000,7.000000,0.000000,7.000000,7.000000,7.000000,7.000000,7.000000,7.000000,0.001661,0.000010,0.027522,0.103255,calls/second,milliseconds
1778576068,1,7.000000,7.000000,7.000000,0.000000,7.000000,7.000000,7.000000,7.000000,7.000000,7.000000,0.001659,0.000010,0.027522,0.103255,calls/second,milliseconds
1778576069,1,7.000000,7.000000,7.000000,0.000000,7.000000,7.000000,7.000000,7.000000,7.000000,7.000000,0.001656,0.000010,0.027522,0.103255,calls/second,milliseconds
1778576070,1,7.000000,7.000000,7.000000,0.000000,7.000000,7.000000,7.000000,7.000000,7.000000,7.000000,0.001653,0.000010,0.027522,0.103255,calls/second,milliseconds
1778576071,1,7.000000,7.000000,7.000000,0.000000,7.000000,7.000000,7.000000,7.000000,7.000000,7.000000,0.001650,0.000009,0.027067,0.102683,calls/second,milliseconds
1778576072,1,7.000000,7.000000,7.000000,0.000000,7.000000,7.000000,7.000000,7.000000,7.000000,7.000000,0.001648,0.000009,0.027067,0.102683,calls/second,milliseconds
1778576073,1,7.000000,7.000000,7.000000,0.000000,7.000000,7.000000,7.000000,7.000000,7.000000,7.000000,0.001645,0.000009,0.027067,0.102683,calls/second,milliseconds
1778576074,1,7.000000,7.000000,7.000000,0.000000,7.000000,7.000000,7.000000,7.000000,7.000000,7.000000,0.001642,0.000009,0.027067,0.102683,calls/second,milliseconds
1778576075,1,7.000000,7.000000,7.000000,0.000000,7.000000,7.000000,7.000000,7.000000,7.000000,7.000000,0.001639,0.000009,0.027067,0.102683,calls/second,milliseconds
1778576076,1,7.000000,7.000000,7.000000,0.000000,7.000000,7.000000,7.000000,7.000000,7.000000,7.000000,0.001637,0.000008,0.026620,0.102115,calls/second,milliseconds
1778576077,1,7.000000,7.000000,7.000000,0.000000,7.000000,7.000000,7.000000,7.000000,7.000000,7.000000,0.001634,0.000008,0.026620,0.102115,calls/second,milliseconds
1778576078,1,7.000000,7.000000,7.000000,0.000000,7.000000,7.000000,7.000000,7.000000,7.000000,7.000000,0.001631,0.000008,0.026620,0.102115,calls/second,milliseconds
1778576079,1,7.000000,7.000000,7.000000,0.000000,7.000000,7.000000,7.000000,7.000000,7.000000,7.000000,0.001629,0.000008,0.026620,0.102115,calls/second,milliseconds
1778576080,1,7.000000,7.000000,7.000000,0.000000,7.000000,7.000000,7.000000,7.000000,7.000000,7.000000,0.001626,0.000008,0.026620,0.102115,calls/second,milliseconds
1778576081,1,7.000000,7.000000,7.000000,0.000000,7.000000,7.000000,7.000000,7.000000,7.000000,7.000000,0.001623,0.000008,0.026180,0.101549,calls/second,milliseconds
1778576082,1,7.000000,7.000000,7.000000,0.000000,7.000000,7.000000,7.000000,7.000000,7.000000,7.000000,0.001621,0.000008,0.026180,0.101549,calls/second,milliseconds
1778576083,1,7.000000,7.000000,7.000000,0.000000,7.000000,7.000000,7.000000,7.000000,7.000000,7.000000,0.001618,0.000008,0.026180,0.101549,calls/second,milliseconds
1778576084,1,7.000000,7.000000,7.000000,0.000000,7.000000,7.000000,7.000000,7.000000,7.000000,7.000000,0.001616,0.000008,0.026180,0.101549,calls/second,milliseconds
1778576085,1,7.000000,7.000000,7.000000,0.000000,7.000000,7.000000,7.000000,7.000000,7.000000,7.000000,0.001613,0.000008,0.026180,0.101549,calls/second,milliseconds
1778576086,1,7.000000,7.000000,7.000000,0.000000,7.000000,7.000000,7.000000,7.000000,7.000000,7.000000,0.001610,0.000007,0.025747,0.100986,calls/second,milliseconds
1778576087,1,7.000000,7.000000,7.000000,0.000000,7.000000,7.000000,7.000000,7.000000,7.000000,7.000000,0.001608,0.000007,0.025747,0.100986,calls/second,milliseconds
1778576088,1,7.000000,7.000000,7.000000,0.000000,7.000000,7.000000,7.000000,7.000000,7.000000,7.000000,0.001605,0.000007,0.025747,0.100986,calls/second,milliseconds
1778576089,1,7.000000,7.000000,7.000000,0.000000,7.000000,7.000000,7.000000,7.000000,7.000000,7.000000,0.001603,0.000007,0.025747,0.100986,calls/second,milliseconds
1778576090,1,7.000000,7.000000,7.000000,0.000000,7.000000,7.000000,7.000000,7.000000,7.000000,7.000000,0.001600,0.000007,0.025747,0.100986,calls/second,milliseconds
1778576091,1,7.000000,7.000000,7.000000,0.000000,7.000000,7.000000,7.000000,7.000000,7.000000,7.000000,0.001597,0.000007,0.025321,0.100427,calls/second,milliseconds
1778576092,1,7.000000,7.000000,7.000000,0.000000,7.000000,7.000000,7.000000,7.000000,7.000000,7.000000,0.001595,0.000007,0.025321,0.100427,calls/second,milliseconds
1778576093,1,7.000000,7.000000,7.000000,0.000000,7.000000,7.000000,7.000000,7.000000,7.000000,7.000000,0.001592,0.000007,0.025321,0.100427,calls/second,milliseconds
1778576094,1,7.000000,7.000000,7.000000,0.000000,7.000000,7.000000,7.000000,7.000000,7.000000,7.000000,0.001590,0.000007,0.025321,0.100427,calls/second,milliseconds
1778576095,1,7.000000,7.000000,7.000000,0.000000,7.000000,7.000000,7.000000,7.000000,7.000000,7.000000,0.001587,0.000006,0.024903,0.099870,calls/second,milliseconds
1778576096,1,7.000000,7.000000,7.000000,0.000000,7.000000,7.000000,7.000000,7.000000,7.000000,7.000000,0.001585,0.000006,0.024903,0.099870,calls/second,milliseconds
1778576097,1,7.000000,7.000000,7.000000,0.000000,7.000000,7.000000,7.000000,7.000000,7.000000,7.000000,0.001582,0.000006,0.024903,0.099870,calls/second,milliseconds
1778576098,1,7.000000,7.000000,7.000000,0.000000,7.000000,7.000000,7.000000,7.000000,7.000000,7.000000,0.001580,0.000006,0.024903,0.099870,calls/second,milliseconds
1778576099,1,7.000000,7.000000,7.000000,0.000000,7.000000,7.000000,7.000000,7.000000,7.000000,7.000000,0.001577,0.000006,0.024903,0.099870,calls/second,milliseconds
1778576100,1,7.000000,7.000000,7.000000,0.000000,7.000000,7.000000,7.000000,7.000000,7.000000,7.000000,0.001575,0.000006,0.024491,0.099317,calls/second,milliseconds
1778576101,1,7.000000,7.000000,7.000000,0.000000,7.000000,7.000000,7.000000,7.000000,7.000000,7.000000,0.001572,0.000006,0.024491,0.099317,calls/second,milliseconds
1778576102,1,7.000000,7.000000,7.000000,0.000000,7.000000,7.000000,7.000000,7.000000,7.000000,7.000000,0.001570,0.000006,0.024491,0.099317,calls/second,milliseconds
1778576103,1,7.000000,7.000000,7.000000,0.000000,7.000000,7.000000,7.000000,7.000000,7.000000,7.000000,0.001567,0.000006,0.024491,0.099317,calls/second,milliseconds
1778576104,1,7.000000,7.000000,7.000000,0.000000,7.000000,7.000000,7.000000,7.000000,7.000000,7.000000,0.001565,0.000006,0.024491,0.099317,calls/second,milliseconds
1778576105,1,7.000000,7.000000,7.000000,0.000000,7.000000,7.000000,7.000000,7.000000,7.000000,7.000000,0.001562,0.000005,0.024086,0.098767,calls/second,milliseconds
1778576106,1,7.000000,7.000000,7.000000,0.000000,7.000000,7.000000,7.000000,7.000000,7.000000,7.000000,0.001560,0.000005,0.024086,0.098767,calls/second,milliseconds
1778576107,1,7.000000,7.000000,7.000000,0.000000,7.000000,7.000000,7.000000,7.000000,7.000000,7.000000,0.001558,0.000005,0.024086,0.098767,calls/second,milliseconds
1778576108,1,7.000000,7.000000,7.000000,0.000000,7.000000,7.000000,7.000000,7.000000,7.000000,7.000000,0.001555,0.000005,0.024086,0.098767,calls/second,milliseconds
1778576109,1,7.000000,7.000000,7.000000,0.000000,7.000000,7.000000,7.000000,7.000000,7.000000,7.000000,0.001553,0.000005,0.024086,0.098767,calls/second,milliseconds
1778576110,1,7.000000,7.000000,7.000000,0.000000,7.000000,7.000000,7.000000,7.000000,7.000000,7.000000,0.001550,0.000005,0.023688,0.098220,calls/second,milliseconds
1778576111,1,7.000000,7.000000,7.000000,0.000000,7.000000,7.000000,7.000000,7.000000,7.000000,7.000000,0.001548,0.000005,0.023688,0.098220,calls/second,milliseconds
1778576112,1,7.000000,7.000000,7.000000,0.000000,7.000000,7.000000,7.000000,7.000000,7.000000,7.000000,0.001546,0.000005,0.023688,0.098220,calls/second,milliseconds
1778576113,1,7.000000,7.000000,7.000000,0.000000,7.000000,7.000000,7.000000,7.000000,7.000000,7.000000,0.001543,0.000005,0.023688,0.098220,calls/second,milliseconds
1778576114,1,7.000000,7.000000,7.000000,0.000000,7.000000,7.000000,7.000000,7.000000,7.000000,7.000000,0.001541,0.000005,0.023688,0.098220,calls/second,milliseconds
1778576115,1,7.000000,7.000000,7.000000,0.000000,7.000000,7.000000,7.000000,7.000000,7.000000,7.000000,0.001538,0.000004,0.023297,0.097675,calls/second,milliseconds
1778576116,1,7.000000,7.000000,7.000000,0.000000,7.000000,7.000000,7.000000,7.000000,7.000000,7.000000,0.001536,0.000004,0.023297,0.097675,calls/second,milliseconds
1778576117,1,7.000000,7.000000,7.000000,0.000000,7.000000,7.000000,7.000000,7.000000,7.000000,7.000000,0.001534,0.000004,0.023297,0.097675,calls/second,milliseconds
1778576118,1,7.000000,7.000000,7.000000,0.000000,7.000000,7.000000,7.000000,7.000000,7.000000,7.000000,0.001531,0.000004,0.023297,0.097675,calls/second,milliseconds
1778576119,1,7.000000,7.000000,7.000000,0.000000,7.000000,7.000000,7.000000,7.000000,7.000000,7.000000,0.001529,0.000004,0.023297,0.097675,calls/second,milliseconds
1778576120,1,7.000000,7.000000,7.000000,0.000000,7.000000,7.000000,7.000000,7.000000,7.000000,7.000000,0.001527,0.000004,0.022912,0.097134,calls/second,milliseconds
1778576121,1,7.000000,7.000000,7.000000,0.000000,7.000000,7.000000,7.000000,7.000000,7.000000,7.000000,0.001524,0.000004,0.022912,0.097134,calls/second,milliseconds
1778576122,1,7.000000,7.000000,7.000000,0.000000,7.000000,7.000000,7.000000,7.000000,7.000000,7.000000,0.001522,0.000004,0.022912,0.097134,calls/second,milliseconds
1778576123,1,7.000000,7.000000,7.000000,0.000000,7.000000,7.000000,7.000000,7.000000,7.000000,7.000000,0.001520,0.000004,0.022912,0.097134,calls/second,milliseconds
1778576124,1,7.000000,7.000000,7.000000,0.000000,7.000000,7.000000,7.000000,7.000000,7.000000,7.000000,0.001517,0.000004,0.022912,0.097134,calls/second,milliseconds
1778576125,1,7.000000,7.000000,7.000000,0.000000,7.000000,7.000000,7.000000,7.000000,7.000000,7.000000,0.001515,0.000004,0.022533,0.096596,calls/second,milliseconds
1778576126,1,7.000000,7.000000,7.000000,0.000000,7.000000,7.000000,7.000000,7.000000,7.000000,7.000000,0.001513,0.000004,0.022533,0.096596,calls/second,milliseconds
1778576127,1,7.000000,7.000000,7.000000,0.000000,7.000000,7.000000,7.000000,7.000000,7.000000,7.000000,0.001510,0.000004,0.022533,0.096596,calls/second,milliseconds
1778576128,1,7.000000,7.000000,7.000000,0.000000,7.000000,7.000000,7.000000,7.000000,7.000000,7.000000,0.001508,0.000004,0.022533,0.096596,calls/second,milliseconds
1778576129,1,7.000000,7.000000,7.000000,0.000000,7.000000,7.000000,7.000000,7.000000,7.000000,7.000000,0.001506,0.000004,0.022533,0.096596,calls/second,milliseconds
1778576130,1,7.000000,7.000000,7.000000,0.000000,7.000000,7.000000,7.000000,7.000000,7.000000,7.000000,0.001504,0.000003,0.022161,0.096061,calls/second,milliseconds
1778576131,1,7.000000,7.000000,7.000000,0.000000,7.000000,7.000000,7.000000,7.000000,7.000000,7.000000,0.001501,0.000003,0.022161,0.096061,calls/second,milliseconds
1778576132,1,7.000000,7.000000,7.000000,0.000000,7.000000,7.000000,7.000000,7.000000,7.000000,7.000000,0.001499,0.000003,0.022161,0.096061,calls/second,milliseconds
1778576133,1,7.000000,7.000000,7.000000,0.000000,7.000000,7.000000,7.000000,7.000000,7.000000,7.000000,0.001497,0.000003,0.022161,0.096061,calls/second,milliseconds
1778576134,1,7.000000,7.000000,7.000000,0.000000,7.000000,7.000000,7.000000,7.000000,7.000000,7.000000,0.001495,0.000003,0.022161,0.096061,calls/second,milliseconds
1778576135,1,7.000000,7.000000,7.000000,0.000000,7.000000,7.000000,7.000000,7.000000,7.000000,7.000000,0.001492,0.000003,0.021794,0.095529,calls/second,milliseconds
1778576136,1,7.000000,7.000000,7.000000,0.000000,7.000000,7.000000,7.000000,7.000000,7.000000,7.000000,0.001490,0.000003,0.021794,0.095529,calls/second,milliseconds
1778576137,1,7.000000,7.000000,7.000000,0.000000,7.000000,7.000000,7.000000,7.000000,7.000000,7.000000,0.001488,0.000003,0.021794,0.095529,calls/second,milliseconds
1778576138,1,7.000000,7.000000,7.000000,0.000000,7.000000,7.000000,7.000000,7.000000,7.000000,7.000000,0.001486,0.000003,0.021794,0.095529,calls/second,milliseconds
1778576139,1,7.000000,7.000000,7.000000,0.000000,7.000000,7.000000,7.000000,7.000000,7.000000,7.000000,0.001483,0.000003,0.021794,0.095529,calls/second,milliseconds
1778576140,1,7.000000,7.000000,7.000000,0.000000,7.000000,7.000000,7.000000,7.000000,7.000000,7.000000,0.001481,0.000003,0.021434,0.095000,calls/second,milliseconds
1778576141,1,7.000000,7.000000,7.000000,0.000000,7.000000,7.000000,7.000000,7.000000,7.000000,7.000000,0.001479,0.000003,0.021434,0.095000,calls/second,milliseconds
1778576142,1,7.000000,7.000000,7.000000,0.000000,7.000000,7.000000,7.000000,7.000000,7.000000,7.000000,0.001477,0.000003,0.021434,0.095000,calls/second,milliseconds
1778576143,1,7.000000,7.000000,7.000000,0.000000,7.000000,7.000000,7.000000,7.000000,7.000000,7.000000,0.001475,0.000003,0.021434,0.095000,calls/second,milliseconds
1778576144,1,7.000000,7.000000,7.000000,0.000000,7.000000,7.000000,7.000000,7.000000,7.000000,7.000000,0.001473,0.000003,0.021434,0.095000,calls/second,milliseconds
1778576145,1,7.000000,7.000000,7.000000,0.000000,7.000000,7.000000,7.000000,7.000000,7.000000,7.000000,0.001470,0.000003,0.021080,0.094473,calls/second,milliseconds
1778576146,1,7.000000,7.000000,7.000000,0.000000,7.000000,7.000000,7.000000,7.000000,7.000000,7.000000,0.001468,0.000003,0.021080,0.094473,calls/second,milliseconds
1778576147,1,7.000000,7.000000,7.000000,0.000000,7.000000,7.000000,7.000000,7.000000,7.000000,7.000000,0.001466,0.000003,0.021080,0.094473,calls/second,milliseconds
1778576148,1,7.000000,7.000000,7.000000,0.000000,7.000000,7.000000,7.000000,7.000000,7.000000,7.000000,0.001464,0.000003,0.021080,0.094473,calls/second,milliseconds
1778576149,1,7.000000,7.000000,7.000000,0.000000,7.000000,7.000000,7.000000,7.000000,7.000000,7.000000,0.001462,0.000003,0.021080,0.094473,calls/second,milliseconds
1778576150,1,7.000000,7.000000,7.000000,0.000000,7.000000,7.000000,7.000000,7.000000,7.000000,7.000000,0.001460,0.000002,0.020731,0.093950,calls/second,milliseconds
1778576151,1,7.000000,7.000000,7.000000,0.000000,7.000000,7.000000,7.000000,7.000000,7.000000,7.000000,0.001457,0.000002,0.020731,0.093950,calls/second,milliseconds
1778576152,1,7.000000,7.000000,7.000000,0.000000,7.000000,7.000000,7.000000,7.000000,7.000000,7.000000,0.001455,0.000002,0.020731,0.093950,calls/second,milliseconds
1778576153,1,7.000000,7.000000,7.000000,0.000000,7.000000,7.000000,7.000000,7.000000,7.000000,7.000000,0.001453,0.000002,0.020731,0.093950,calls/second,milliseconds
1778576154,1,7.000000,7.000000,7.000000,0.000000,7.000000,7.000000,7.000000,7.000000,7.000000,7.000000,0.001451,0.000002,0.020731,0.093950,calls/second,milliseconds
1778576155,1,7.000000,7.000000,7.000000,0.000000,7.000000,7.000000,7.000000,7.000000,7.000000,7.000000,0.001449,0.000002,0.020389,0.093429,calls/second,milliseconds
1778576156,1,7.000000,7.000000,7.000000,0.000000,7.000000,7.000000,7.000000,7.000000,7.000000,7.000000,0.001447,0.000002,0.020389,0.093429,calls/second,milliseconds
1778576157,1,7.000000,7.000000,7.000000,0.000000,7.000000,7.000000,7.000000,7.000000,7.000000,7.000000,0.001445,0.000002,0.020389,0.093429,calls/second,milliseconds
1778576158,1,7.000000,7.000000,7.000000,0.000000,7.000000,7.000000,7.000000,7.000000,7.000000,7.000000,0.001443,0.000002,0.020389,0.093429,calls/second,milliseconds
1778576159,1,7.000000,7.000000,7.000000,0.000000,7.000000,7.000000,7.000000,7.000000,7.000000,7.000000,0.001441,0.000002,0.020389,0.093429,calls/second,milliseconds
1778576160,1,7.000000,7.000000,7.000000,0.000000,7.000000,7.000000,7.000000,7.000000,7.000000,7.000000,0.001439,0.000002,0.020052,0.092912,calls/second,milliseconds
1778576161,1,7.000000,7.000000,7.000000,0.000000,7.000000,7.000000,7.000000,7.000000,7.000000,7.000000,0.001437,0.000002,0.020052,0.092912,calls/second,milliseconds
1778576162,1,7.000000,7.000000,7.000000,0.000000,7.000000,7.000000,7.000000,7.000000,7.000000,7.000000,0.001434,0.000002,0.020052,0.092912,calls/second,milliseconds
1778576163,1,7.000000,7.000000,7.000000,0.000000,7.000000,7.000000,7.000000,7.000000,7.000000,7.000000,0.001432,0.000002,0.020052,0.092912,calls/second,milliseconds
1778576164,1,7.000000,7.000000,7.000000,0.000000,7.000000,7.000000,7.000000,7.000000,7.000000,7.000000,0.001430,0.000002,0.020052,0.092912,calls/second,milliseconds
1778576165,1,7.000000,7.000000,7.000000,0.000000,7.000000,7.000000,7.000000,7.000000,7.000000,7.000000,0.001428,0.000002,0.019720,0.092397,calls/second,milliseconds
1778576166,1,7.000000,7.000000,7.000000,0.000000,7.000000,7.000000,7.000000,7.000000,7.000000,7.000000,0.001426,0.000002,0.019720,0.092397,calls/second,milliseconds
1778576167,1,7.000000,7.000000,7.000000,0.000000,7.000000,7.000000,7.000000,7.000000,7.000000,7.000000,0.001424,0.000002,0.019720,0.092397,calls/second,milliseconds
1778576168,1,7.000000,7.000000,7.000000,0.000000,7.000000,7.000000,7.000000,7.000000,7.000000,7.000000,0.001422,0.000002,0.019720,0.092397,calls/second,milliseconds
1778576169,1,7.000000,7.000000,7.000000,0.000000,7.000000,7.000000,7.000000,7.000000,7.000000,7.000000,0.001420,0.000002,0.019720,0.092397,calls/second,milliseconds
1778576170,1,7.000000,7.000000,7.000000,0.000000,7.000000,7.000000,7.000000,7.000000,7.000000,7.000000,0.001418,0.000002,0.019394,0.091885,calls/second,milliseconds
1778576171,1,7.000000,7.000000,7.000000,0.000000,7.000000,7.000000,7.000000,7.000000,7.000000,7.000000,0.001416,0.000002,0.019394,0.091885,calls/second,milliseconds
1778576172,1,7.000000,7.000000,7.000000,0.000000,7.000000,7.000000,7.000000,7.000000,7.000000,7.000000,0.001414,0.000002,0.019394,0.091885,calls/second,milliseconds
1778576173,1,7.000000,7.000000,7.000000,0.000000,7.000000,7.000000,7.000000,7.000000,7.000000,7.000000,0.001412,0.000002,0.019394,0.091885,calls/second,milliseconds
1778576174,1,7.000000,7.000000,7.000000,0.000000,7.000000,7.000000,7.000000,7.000000,7.000000,7.000000,0.001410,0.000002,0.019394,0.091885,calls/second,milliseconds
1778576175,1,7.000000,7.000000,7.000000,0.000000,7.000000,7.000000,7.000000,7.000000,7.000000,7.000000,0.001408,0.000002,0.019074,0.091376,calls/second,milliseconds
1778576176,1,7.000000,7.000000,7.000000,0.000000,7.000000,7.000000,7.000000,7.000000,7.000000,7.000000,0.001406,0.000002,0.019074,0.091376,calls/second,milliseconds
1778576177,1,7.000000,7.000000,7.000000,0.000000,7.000000,7.000000,7.000000,7.000000,7.000000,7.000000,0.001404,0.000002,0.019074,0.091376,calls/second,milliseconds
1778576178,1,7.000000,7.000000,7.000000,0.000000,7.000000,7.000000,7.000000,7.000000,7.000000,7.000000,0.001402,0.000002,0.019074,0.091376,calls/second,milliseconds
1778576179,1,7.000000,7.000000,7.000000,0.000000,7.000000,7.000000,7.000000,7.000000,7.000000,7.000000,0.001400,0.000002,0.019074,0.091376,calls/second,milliseconds
1778576180,1,7.000000,7.000000,7.000000,0.000000,7.000000,7.000000,7.000000,7.000000,7.000000,7.000000,0.001398,0.000001,0.018759,0.090870,calls/second,milliseconds
1778576181,1,7.000000,7.000000,7.000000,0.000000,7.000000,7.000000,7.000000,7.000000,7.000000,7.000000,0.001396,0.000001,0.018759,0.090870,calls/second,milliseconds
1778576182,1,7.000000,7.000000,7.000000,0.000000,7.000000,7.000000,7.000000,7.000000,7.000000,7.000000,0.001394,0.000001,0.018759,0.090870,calls/second,milliseconds
1778576183,1,7.000000,7.000000,7.000000,0.000000,7.000000,7.000000,7.000000,7.000000,7.000000,7.000000,0.001392,0.000001,0.018759,0.090870,calls/second,milliseconds
1778576184,1,7.000000,7.000000,7.000000,0.000000,7.000000,7.000000,7.000000,7.000000,7.000000,7.000000,0.001390,0.000001,0.018759,0.090870,calls/second,milliseconds
1778576185,1,7.000000,7.000000,7.000000,0.000000,7.000000,7.000000,7.000000,7.000000,7.000000,7.000000,0.001389,0.000001,0.018449,0.090366,calls/second,milliseconds
1778576186,1,7.000000,7.000000,7.000000,0.000000,7.000000,7.000000,7.000000,7.000000,7.000000,7.000000,0.001387,0.000001,0.018449,0.090366,calls/second,milliseconds
1778576187,1,7.000000,7.000000,7.000000,0.000000,7.000000,7.000000,7.000000,7.000000,7.000000,7.000000,0.001385,0.000001,0.018449,0.090366,calls/second,milliseconds
1778576188,1,7.000000,7.000000,7.000000,0.000000,7.000000,7.000000,7.000000,7.000000,7.000000,7.000000,0.001383,0.000001,0.018449,0.090366,calls/second,milliseconds
1778576189,1,7.000000,7.000000,7.000000,0.000000,7.000000,7.000000,7.000000,7.000000,7.000000,7.000000,0.001381,0.000001,0.018449,0.090366,calls/second,milliseconds
1778576190,1,7.000000,7.000000,7.000000,0.000000,7.000000,7.000000,7.000000,7.000000,7.000000,7.000000,0.001379,0.000001,0.018144,0.089866,calls/second,milliseconds
1778576191,1,7.000000,7.000000,7.000000,0.000000,7.000000,7.000000,7.000000,7.000000,7.000000,7.000000,0.001377,0.000001,0.018144,0.089866,calls/second,milliseconds
1778576192,1,7.000000,7.000000,7.000000,0.000000,7.000000,7.000000,7.000000,7.000000,7.000000,7.000000,0.001375,0.000001,0.018144,0.089866,calls/second,milliseconds
1778576193,1,7.000000,7.000000,7.000000,0.000000,7.000000,7.000000,7.000000,7.000000,7.000000,7.000000,0.001373,0.000001,0.018144,0.089866,calls/second,milliseconds
1778576194,1,7.000000,7.000000,7.000000,0.000000,7.000000,7.000000,7.000000,7.000000,7.000000,7.000000,0.001371,0.000001,0.018144,0.089866,calls/second,milliseconds
1778576195,1,7.000000,7.000000,7.000000,0.000000,7.000000,7.000000,7.000000,7.000000,7.000000,7.000000,0.001370,0.000001,0.017844,0.089368,calls/second,milliseconds
1778576196,1,7.000000,7.000000,7.000000,0.000000,7.000000,7.000000,7.000000,7.000000,7.000000,7.000000,0.001368,0.000001,0.017844,0.089368,calls/second,milliseconds
1778576197,1,7.000000,7.000000,7.000000,0.000000,7.000000,7.000000,7.000000,7.000000,7.000000,7.000000,0.001366,0.000001,0.017844,0.089368,calls/second,milliseconds
1778576198,1,7.000000,7.000000,7.000000,0.000000,7.000000,7.000000,7.000000,7.000000,7.000000,7.000000,0.001364,0.000001,0.017844,0.089368,calls/second,milliseconds
1778576199,1,7.000000,7.000000,7.000000,0.000000,7.000000,7.000000,7.000000,7.000000,7.000000,7.000000,0.001362,0.000001,0.017844,0.089368,calls/second,milliseconds
1778576200,1,7.000000,7.000000,7.000000,0.000000,7.000000,7.000000,7.000000,7.000000,7.000000,7.000000,0.001360,0.000001,0.017549,0.088873,calls/second,milliseconds
1778576201,1,7.000000,7.000000,7.000000,0.000000,7.000000,7.000000,7.000000,7.000000,7.000000,7.000000,0.001358,0.000001,0.017549,0.088873,calls/second,milliseconds
1778576202,1,7.000000,7.000000,7.000000,0.000000,7.000000,7.000000,7.000000,7.000000,7.000000,7.000000,0.001356,0.000001,0.017549,0.088873,calls/second,milliseconds
1778576203,1,7.000000,7.000000,7.000000,0.000000,7.000000,7.000000,7.000000,7.000000,7.000000,7.000000,0.001355,0.000001,0.017549,0.088873,calls/second,milliseconds
1778576204,1,7.000000,7.000000,7.000000,0.000000,7.000000,7.000000,7.000000,7.000000,7.000000,7.000000,0.001353,0.000001,0.017549,0.088873,calls/second,milliseconds
1778576205,1,7.000000,7.000000,7.000000,0.000000,7.000000,7.000000,7.000000,7.000000,7.000000,7.000000,0.001351,0.000001,0.017259,0.088380,calls/second,milliseconds
1778576206,1,7.000000,7.000000,7.000000,0.000000,7.000000,7.000000,7.000000,7.000000,7.000000,7.000000,0.001349,0.000001,0.017259,0.088380,calls/second,milliseconds
1778576207,1,7.000000,7.000000,7.000000,0.000000,7.000000,7.000000,7.000000,7.000000,7.000000,7.000000,0.001347,0.000001,0.017259,0.088380,calls/second,milliseconds
1778576208,1,7.000000,7.000000,7.000000,0.000000,7.000000,7.000000,7.000000,7.000000,7.000000,7.000000,0.001346,0.000001,0.017259,0.088380,calls/second,milliseconds
1778576209,1,7.000000,7.000000,7.000000,0.000000,7.000000,7.000000,7.000000,7.000000,7.000000,7.000000,0.001344,0.000001,0.017259,0.088380,calls/second,milliseconds
1778576210,1,7.000000,7.000000,7.000000,0.000000,7.000000,7.000000,7.000000,7.000000,7.000000,7.000000,0.001342,0.000001,0.016973,0.087891,calls/second,milliseconds
1778576211,1,7.000000,7.000000,7.000000,0.000000,7.000000,7.000000,7.000000,7.000000,7.000000,7.000000,0.001340,0.000001,0.016973,0.087891,calls/second,milliseconds
1778576212,1,7.000000,7.000000,7.000000,0.000000,7.000000,7.000000,7.000000,7.000000,7.000000,7.000000,0.001338,0.000001,0.016973,0.087891,calls/second,milliseconds
1778576213,1,7.000000,7.000000,7.000000,0.000000,7.000000,7.000000,7.000000,7.000000,7.000000,7.000000,0.001337,0.000001,0.016973,0.087891,calls/second,milliseconds
1778576214,1,7.000000,7.000000,7.000000,0.000000,7.000000,7.000000,7.000000,7.000000,7.000000,7.000000,0.001335,0.000001,0.016973,0.087891,calls/second,milliseconds
1778576215,1,7.000000,7.000000,7.000000,0.000000,7.000000,7.000000,7.000000,7.000000,7.000000,7.000000,0.001333,0.000001,0.016693,0.087404,calls/second,milliseconds
1778576216,1,7.000000,7.000000,7.000000,0.000000,7.000000,7.000000,7.000000,7.000000,7.000000,7.000000,0.001331,0.000001,0.016693,0.087404,calls/second,milliseconds
1778576217,1,7.000000,7.000000,7.000000,0.000000,7.000000,7.000000,7.000000,7.000000,7.000000,7.000000,0.001329,0.000001,0.016693,0.087404,calls/second,milliseconds
1778576218,1,7.000000,7.000000,7.000000,0.000000,7.000000,7.000000,7.000000,7.000000,7.000000,7.000000,0.001328,0.000001,0.016693,0.087404,calls/second,milliseconds
1778576219,1,7.000000,7.000000,7.000000,0.000000,7.000000,7.000000,7.000000,7.000000,7.000000,7.000000,0.001326,0.000001,0.016693,0.087404,calls/second,milliseconds
1778576220,1,7.000000,7.000000,7.000000,0.000000,7.000000,7.000000,7.000000,7.000000,7.000000,7.000000,0.001324,0.000001,0.016417,0.086920,calls/second,milliseconds
1778576221,1,7.000000,7.000000,7.000000,0.000000,7.000000,7.000000,7.000000,7.000000,7.000000,7.000000,0.001322,0.000001,0.016417,0.086920,calls/second,milliseconds
1778576222,1,7.000000,7.000000,7.000000,0.000000,7.000000,7.000000,7.000000,7.000000,7.000000,7.000000,0.001321,0.000001,0.016417,0.086920,calls/second,milliseconds
1778576223,1,7.000000,7.000000,7.000000,0.000000,7.000000,7.000000,7.000000,7.000000,7.000000,7.000000,0.001319,0.000001,0.016417,0.086920,calls/second,milliseconds
1778576224,1,7.000000,7.000000,7.000000,0.000000,7.000000,7.000000,7.000000,7.000000,7.000000,7.000000,0.001317,0.000001,0.016417,0.086920,calls/second,milliseconds
1778576225,1,7.000000,7.000000,7.000000,0.000000,7.000000,7.000000,7.000000,7.000000,7.000000,7.000000,0.001315,0.000001,0.016146,0.086438,calls/second,milliseconds
1778576226,1,7.000000,7.000000,7.000000,0.000000,7.000000,7.000000,7.000000,7.000000,7.000000,7.000000,0.001314,0.000001,0.016146,0.086438,calls/second,milliseconds
1778576227,1,7.000000,7.000000,7.000000,0.000000,7.000000,7.000000,7.000000,7.000000,7.000000,7.000000,0.001312,0.000001,0.016146,0.086438,calls/second,milliseconds
1778576228,1,7.000000,7.000000,7.000000,0.000000,7.000000,7.000000,7.000000,7.000000,7.000000,7.000000,0.001310,0.000001,0.016146,0.086438,calls/second,milliseconds
1778576229,1,7.000000,7.000000,7.000000,0.000000,7.000000,7.000000,7.000000,7.000000,7.000000,7.000000,0.001308,0.000001,0.016146,0.086438,calls/second,milliseconds
1778576230,1,7.000000,7.000000,7.000000,0.000000,7.000000,7.000000,7.000000,7.000000,7.000000,7.000000,0.001307,0.000001,0.015879,0.085959,calls/second,milliseconds
1778576231,1,7.000000,7.000000,7.000000,0.000000,7.000000,7.000000,7.000000,7.000000,7.000000,7.000000,0.001305,0.000001,0.015879,0.085959,calls/second,milliseconds
1778576232,1,7.000000,7.000000,7.000000,0.000000,7.000000,7.000000,7.000000,7.000000,7.000000,7.000000,0.001303,0.000001,0.015879,0.085959,calls/second,milliseconds
1778576233,1,7.000000,7.000000,7.000000,0.000000,7.000000,7.000000,7.000000,7.000000,7.000000,7.000000,0.001302,0.000001,0.015879,0.085959,calls/second,milliseconds
1778576234,1,7.000000,7.000000,7.000000,0.000000,7.000000,7.000000,7.000000,7.000000,7.000000,7.000000,0.001300,0.000001,0.015879,0.085959,calls/second,milliseconds
1778576235,1,7.000000,7.000000,7.000000,0.000000,7.000000,7.000000,7.000000,7.000000,7.000000,7.000000,0.001298,0.000001,0.015616,0.085483,calls/second,milliseconds
1778576236,1,7.000000,7.000000,7.000000,0.000000,7.000000,7.000000,7.000000,7.000000,7.000000,7.000000,0.001297,0.000001,0.015616,0.085483,calls/second,milliseconds
1778576237,1,7.000000,7.000000,7.000000,0.000000,7.000000,7.000000,7.000000,7.000000,7.000000,7.000000,0.001295,0.000001,0.015616,0.085483,calls/second,milliseconds
1778576238,1,7.000000,7.000000,7.000000,0.000000,7.000000,7.000000,7.000000,7.000000,7.000000,7.000000,0.001293,0.000001,0.015616,0.085483,calls/second,milliseconds
1778576239,1,7.000000,7.000000,7.000000,0.000000,7.000000,7.000000,7.000000,7.000000,7.000000,7.000000,0.001292,0.000001,0.015616,0.085483,calls/second,milliseconds
1778576240,1,7.000000,7.000000,7.000000,0.000000,7.000000,7.000000,7.000000,7.000000,7.000000,7.000000,0.001290,0.000001,0.015358,0.085009,calls/second,milliseconds
1778576241,1,7.000000,7.000000,7.000000,0.000000,7.000000,7.000000,7.000000,7.000000,7.000000,7.000000,0.001288,0.000001,0.015358,0.085009,calls/second,milliseconds
1778576242,1,7.000000,7.000000,7.000000,0.000000,7.000000,7.000000,7.000000,7.000000,7.000000,7.000000,0.001287,0.000001,0.015358,0.085009,calls/second,milliseconds
1778576243,1,7.000000,7.000000,7.000000,0.000000,7.000000,7.000000,7.000000,7.000000,7.000000,7.000000,0.001285,0.000001,0.015358,0.085009,calls/second,milliseconds
1778576244,1,7.000000,7.000000,7.000000,0.000000,7.000000,7.000000,7.000000,7.000000,7.000000,7.000000,0.001283,0.000001,0.015358,0.085009,calls/second,milliseconds
1778576245,1,7.000000,7.000000,7.000000,0.000000,7.000000,7.000000,7.000000,7.000000,7.000000,7.000000,0.001282,0.000000,0.015104,0.084538,calls/second,milliseconds
1778576246,1,7.000000,7.000000,7.000000,0.000000,7.000000,7.000000,7.000000,7.000000,7.000000,7.000000,0.001280,0.000000,0.015104,0.084538,calls/second,milliseconds
1778576247,1,7.000000,7.000000,7.000000,0.000000,7.000000,7.000000,7.000000,7.000000,7.000000,7.000000,0.001278,0.000000,0.015104,0.084538,calls/second,milliseconds
1778576248,1,7.000000,7.000000,7.000000,0.000000,7.000000,7.000000,7.000000,7.000000,7.000000,7.000000,0.001277,0.000000,0.015104,0.084538,calls/second,milliseconds
1778576249,1,7.000000,7.000000,7.000000,0.000000,7.000000,7.000000,7.000000,7.000000,7.000000,7.000000,0.001275,0.000000,0.015104,0.084538,calls/second,milliseconds
1778576250,1,7.000000,7.000000,7.000000,0.000000,7.000000,7.000000,7.000000,7.000000,7.000000,7.000000,0.001273,0.000000,0.014855,0.084070,calls/second,milliseconds
1778576251,1,7.000000,7.000000,7.000000,0.000000,7.000000,7.000000,7.000000,7.000000,7.000000,7.000000,0.001272,0.000000,0.014855,0.084070,calls/second,milliseconds
1778576252,1,7.000000,7.000000,7.000000,0.000000,7.000000,7.000000,7.000000,7.000000,7.000000,7.000000,0.001270,0.000000,0.014855,0.084070,calls/second,milliseconds
1778576253,1,7.000000,7.000000,7.000000,0.000000,7.000000,7.000000,7.000000,7.000000,7.000000,7.000000,0.001269,0.000000,0.014855,0.084070,calls/second,milliseconds
1778576254,1,7.000000,7.000000,7.000000,0.000000,7.000000,7.000000,7.000000,7.000000,7.000000,7.000000,0.001267,0.000000,0.014855,0.084070,calls/second,milliseconds
1778576255,1,7.000000,7.000000,7.000000,0.000000,7.000000,7.000000,7.000000,7.000000,7.000000,7.000000,0.001265,0.000000,0.014609,0.083604,calls/second,milliseconds
1778576256,1,7.000000,7.000000,7.000000,0.000000,7.000000,7.000000,7.000000,7.000000,7.000000,7.000000,0.001264,0.000000,0.014609,0.083604,calls/second,milliseconds
1778576257,1,7.000000,7.000000,7.000000,0.000000,7.000000,7.000000,7.000000,7.000000,7.000000,7.000000,0.001262,0.000000,0.014609,0.083604,calls/second,milliseconds
1778576258,1,7.000000,7.000000,7.000000,0.000000,7.000000,7.000000,7.000000,7.000000,7.000000,7.000000,0.001261,0.000000,0.014609,0.083604,calls/second,milliseconds
1778576259,1,7.000000,7.000000,7.000000,0.000000,7.000000,7.000000,7.000000,7.000000,7.000000,7.000000,0.001259,0.000000,0.014609,0.083604,calls/second,milliseconds
1778576260,1,7.000000,7.000000,7.000000,0.000000,7.000000,7.000000,7.000000,7.000000,7.000000,7.000000,0.001257,0.000000,0.014368,0.083141,calls/second,milliseconds
1778576261,1,7.000000,7.000000,7.000000,0.000000,7.000000,7.000000,7.000000,7.000000,7.000000,7.000000,0.001256,0.000000,0.014368,0.083141,calls/second,milliseconds
1778576262,1,7.000000,7.000000,7.000000,0.000000,7.000000,7.000000,7.000000,7.000000,7.000000,7.000000,0.001254,0.000000,0.014368,0.083141,calls/second,milliseconds
1778576263,1,7.000000,7.000000,7.000000,0.000000,7.000000,7.000000,7.000000,7.000000,7.000000,7.000000,0.001253,0.000000,0.014368,0.083141,calls/second,milliseconds
1778576264,1,7.000000,7.000000,7.000000,0.000000,7.000000,7.000000,7.000000,7.000000,7.000000,7.000000,0.001251,0.000000,0.014368,0.083141,calls/second,milliseconds
1778576265,1,7.000000,7.000000,7.000000,0.000000,7.000000,7.000000,7.000000,7.000000,7.000000,7.000000,0.001250,0.000000,0.014130,0.082681,calls/second,milliseconds
1778576266,1,7.000000,7.000000,7.000000,0.000000,7.000000,7.000000,7.000000,7.000000,7.000000,7.000000,0.001248,0.000000,0.014130,0.082681,calls/second,milliseconds
1778576267,1,7.000000,7.000000,7.000000,0.000000,7.000000,7.000000,7.000000,7.000000,7.000000,7.000000,0.001246,0.000000,0.014130,0.082681,calls/second,milliseconds
1778576268,1,7.000000,7.000000,7.000000,0.000000,7.000000,7.000000,7.000000,7.000000,7.000000,7.000000,0.001245,0.000000,0.014130,0.082681,calls/second,milliseconds
1778576269,1,7.000000,7.000000,7.000000,0.000000,7.000000,7.000000,7.000000,7.000000,7.000000,7.000000,0.001243,0.000000,0.014130,0.082681,calls/second,milliseconds
1778576271,1,7.000000,7.000000,7.000000,0.000000,7.000000,7.000000,7.000000,7.000000,7.000000,7.000000,0.001242,0.000000,0.013897,0.082222,calls/second,milliseconds
1778576272,1,7.000000,7.000000,7.000000,0.000000,7.000000,7.000000,7.000000,7.000000,7.000000,7.000000,0.001240,0.000000,0.013897,0.082222,calls/second,milliseconds
1778576273,1,7.000000,7.000000,7.000000,0.000000,7.000000,7.000000,7.000000,7.000000,7.000000,7.000000,0.001239,0.000000,0.013897,0.082222,calls/second,milliseconds
1778576274,1,7.000000,7.000000,7.000000,0.000000,7.000000,7.000000,7.000000,7.000000,7.000000,7.000000,0.001237,0.000000,0.013897,0.082222,calls/second,milliseconds
1778576275,1,7.000000,7.000000,7.000000,0.000000,7.000000,7.000000,7.000000,7.000000,7.000000,7.000000,0.001236,0.000000,0.013897,0.082222,calls/second,milliseconds
1778576276,1,7.000000,7.000000,7.000000,0.000000,7.000000,7.000000,7.000000,7.000000,7.000000,7.000000,0.001234,0.000000,0.013667,0.081767,calls/second,milliseconds
1778576277,1,7.000000,7.000000,7.000000,0.000000,7.000000,7.000000,7.000000,7.000000,7.000000,7.000000,0.001233,0.000000,0.013667,0.081767,calls/second,milliseconds
1778576278,1,7.000000,7.000000,7.000000,0.000000,7.000000,7.000000,7.000000,7.000000,7.000000,7.000000,0.001231,0.000000,0.013667,0.081767,calls/second,milliseconds
1778576279,1,7.000000,7.000000,7.000000,0.000000,7.000000,7.000000,7.000000,7.000000,7.000000,7.000000,0.001229,0.000000,0.013667,0.081767,calls/second,milliseconds
1778576280,1,7.000000,7.000000,7.000000,0.000000,7.000000,7.000000,7.000000,7.000000,7.000000,7.000000,0.001228,0.000000,0.013667,0.081767,calls/second,milliseconds
1778576281,1,7.000000,7.000000,7.000000,0.000000,7.000000,7.000000,7.000000,7.000000,7.000000,7.000000,0.001226,0.000000,0.013441,0.081314,calls/second,milliseconds
1778576282,1,7.000000,7.000000,7.000000,0.000000,7.000000,7.000000,7.000000,7.000000,7.000000,7.000000,0.001225,0.000000,0.013441,0.081314,calls/second,milliseconds
1778576283,1,7.000000,7.000000,7.000000,0.000000,7.000000,7.000000,7.000000,7.000000,7.000000,7.000000,0.001223,0.000000,0.013441,0.081314,calls/second,milliseconds
1778576284,1,7.000000,7.000000,7.000000,0.000000,7.000000,7.000000,7.000000,7.000000,7.000000,7.000000,0.001222,0.000000,0.013441,0.081314,calls/second,milliseconds
1778576285,1,7.000000,7.000000,7.000000,0.000000,7.000000,7.000000,7.000000,7.000000,7.000000,7.000000,0.001220,0.000000,0.013441,0.081314,calls/second,milliseconds
1778576286,1,7.000000,7.000000,7.000000,0.000000,7.000000,7.000000,7.000000,7.000000,7.000000,7.000000,0.001219,0.000000,0.013219,0.080863,calls/second,milliseconds
1778576287,1,7.000000,7.000000,7.000000,0.000000,7.000000,7.000000,7.000000,7.000000,7.000000,7.000000,0.001218,0.000000,0.013219,0.080863,calls/second,milliseconds
1778576288,1,7.000000,7.000000,7.000000,0.000000,7.000000,7.000000,7.000000,7.000000,7.000000,7.000000,0.001216,0.000000,0.013219,0.080863,calls/second,milliseconds
1778576289,1,7.000000,7.000000,7.000000,0.000000,7.000000,7.000000,7.000000,7.000000,7.000000,7.000000,0.001215,0.000000,0.013219,0.080863,calls/second,milliseconds
1778576290,1,7.000000,7.000000,7.000000,0.000000,7.000000,7.000000,7.000000,7.000000,7.000000,7.000000,0.001213,0.000000,0.013219,0.080863,calls/second,milliseconds
1778576291,1,7.000000,7.000000,7.000000,0.000000,7.000000,7.000000,7.000000,7.000000,7.000000,7.000000,0.001212,0.000000,0.013000,0.080415,calls/second,milliseconds
1778576292,1,7.000000,7.000000,7.000000,0.000000,7.000000,7.000000,7.000000,7.000000,7.000000,7.000000,0.001210,0.000000,0.013000,0.080415,calls/second,milliseconds
1778576293,1,7.000000,7.000000,7.000000,0.000000,7.000000,7.000000,7.000000,7.000000,7.000000,7.000000,0.001209,0.000000,0.013000,0.080415,calls/second,milliseconds
1778576294,1,7.000000,7.000000,7.000000,0.000000,7.000000,7.000000,7.000000,7.000000,7.000000,7.000000,0.001207,0.000000,0.013000,0.080415,calls/second,milliseconds
1778576295,1,7.000000,7.000000,7.000000,0.000000,7.000000,7.000000,7.000000,7.000000,7.000000,7.000000,0.001206,0.000000,0.013000,0.080415,calls/second,milliseconds
1778576296,1,7.000000,7.000000,7.000000,0.000000,7.000000,7.000000,7.000000,7.000000,7.000000,7.000000,0.001204,0.000000,0.012786,0.079970,calls/second,milliseconds
1778576297,1,7.000000,7.000000,7.000000,0.000000,7.000000,7.000000,7.000000,7.000000,7.000000,7.000000,0.001203,0.000000,0.012786,0.079970,calls/second,milliseconds
1778576298,1,7.000000,7.000000,7.000000,0.000000,7.000000,7.000000,7.000000,7.000000,7.000000,7.000000,0.001201,0.000000,0.012786,0.079970,calls/second,milliseconds
1778576299,1,7.000000,7.000000,7.000000,0.000000,7.000000,7.000000,7.000000,7.000000,7.000000,7.000000,0.001200,0.000000,0.012786,0.079970,calls/second,milliseconds
1778576300,1,7.000000,7.000000,7.000000,0.000000,7.000000,7.000000,7.000000,7.000000,7.000000,7.000000,0.001199,0.000000,0.012786,0.079970,calls/second,milliseconds
1778576301,1,7.000000,7.000000,7.000000,0.000000,7.000000,7.000000,7.000000,7.000000,7.000000,7.000000,0.001197,0.000000,0.012574,0.079527,calls/second,milliseconds
1778576302,1,7.000000,7.000000,7.000000,0.000000,7.000000,7.000000,7.000000,7.000000,7.000000,7.000000,0.001196,0.000000,0.012574,0.079527,calls/second,milliseconds
1778576303,1,7.000000,7.000000,7.000000,0.000000,7.000000,7.000000,7.000000,7.000000,7.000000,7.000000,0.001194,0.000000,0.012574,0.079527,calls/second,milliseconds
1778576304,1,7.000000,7.000000,7.000000,0.000000,7.000000,7.000000,7.000000,7.000000,7.000000,7.000000,0.001193,0.000000,0.012574,0.079527,calls/second,milliseconds
1778576305,1,7.000000,7.000000,7.000000,0.000000,7.000000,7.000000,7.000000,7.000000,7.000000,7.000000,0.001191,0.000000,0.012574,0.079527,calls/second,milliseconds
1778576306,1,7.000000,7.000000,7.000000,0.000000,7.000000,7.000000,7.000000,7.000000,7.000000,7.000000,0.001190,0.000000,0.012366,0.079086,calls/second,milliseconds
1778576307,1,7.000000,7.000000,7.000000,0.000000,7.000000,7.000000,7.000000,7.000000,7.000000,7.000000,0.001189,0.000000,0.012366,0.079086,calls/second,milliseconds
1778576308,1,7.000000,7.000000,7.000000,0.000000,7.000000,7.000000,7.000000,7.000000,7.000000,7.000000,0.001187,0.000000,0.012366,0.079086,calls/second,milliseconds
1778576309,1,7.000000,7.000000,7.000000,0.000000,7.000000,7.000000,7.000000,7.000000,7.000000,7.000000,0.001186,0.000000,0.012366,0.079086,calls/second,milliseconds
1778576310,1,7.000000,7.000000,7.000000,0.000000,7.000000,7.000000,7.000000,7.000000,7.000000,7.000000,0.001184,0.000000,0.012366,0.079086,calls/second,milliseconds
1778576311,1,7.000000,7.000000,7.000000,0.000000,7.000000,7.000000,7.000000,7.000000,7.000000,7.000000,0.001183,0.000000,0.012162,0.078648,calls/second,milliseconds
1778576312,1,7.000000,7.000000,7.000000,0.000000,7.000000,7.000000,7.000000,7.000000,7.000000,7.000000,0.001181,0.000000,0.012162,0.078648,calls/second,milliseconds
1778576313,1,7.000000,7.000000,7.000000,0.000000,7.000000,7.000000,7.000000,7.000000,7.000000,7.000000,0.001180,0.000000,0.012162,0.078648,calls/second,milliseconds
1778576314,1,7.000000,7.000000,7.000000,0.000000,7.000000,7.000000,7.000000,7.000000,7.000000,7.000000,0.001179,0.000000,0.012162,0.078648,calls/second,milliseconds
1778576315,1,7.000000,7.000000,7.000000,0.000000,7.000000,7.000000,7.000000,7.000000,7.000000,7.000000,0.001177,0.000000,0.012162,0.078648,calls/second,milliseconds
1778576316,1,7.000000,7.000000,7.000000,0.000000,7.000000,7.000000,7.000000,7.000000,7.000000,7.000000,0.001176,0.000000,0.011961,0.078212,calls/second,milliseconds
1778576317,1,7.000000,7.000000,7.000000,0.000000,7.000000,7.000000,7.000000,7.000000,7.000000,7.000000,0.001175,0.000000,0.011961,0.078212,calls/second,milliseconds
1778576318,1,7.000000,7.000000,7.000000,0.000000,7.000000,7.000000,7.000000,7.000000,7.000000,7.000000,0.001173,0.000000,0.011961,0.078212,calls/second,milliseconds
1778576319,1,7.000000,7.000000,7.000000,0.000000,7.000000,7.000000,7.000000,7.000000,7.000000,7.000000,0.001172,0.000000,0.011961,0.078212,calls/second,milliseconds
1778576320,1,7.000000,7.000000,7.000000,0.000000,7.000000,7.000000,7.000000,7.000000,7.000000,7.000000,0.001170,0.000000,0.011961,0.078212,calls/second,milliseconds
1778576321,1,7.000000,7.000000,7.000000,0.000000,7.000000,7.000000,7.000000,7.000000,7.000000,7.000000,0.001169,0.000000,0.011763,0.077779,calls/second,milliseconds
1778576322,1,7.000000,7.000000,7.000000,0.000000,7.000000,7.000000,7.000000,7.000000,7.000000,7.000000,0.001168,0.000000,0.011763,0.077779,calls/second,milliseconds
1778576323,1,7.000000,7.000000,7.000000,0.000000,7.000000,7.000000,7.000000,7.000000,7.000000,7.000000,0.001166,0.000000,0.011763,0.077779,calls/second,milliseconds
1778576324,1,7.000000,7.000000,7.000000,0.000000,7.000000,7.000000,7.000000,7.000000,7.000000,7.000000,0.001165,0.000000,0.011763,0.077779,calls/second,milliseconds
1778576325,1,7.000000,7.000000,7.000000,0.000000,7.000000,7.000000,7.000000,7.000000,7.000000,7.000000,0.001164,0.000000,0.011763,0.077779,calls/second,milliseconds
1778576326,1,7.000000,7.000000,7.000000,0.000000,7.000000,7.000000,7.000000,7.000000,7.000000,7.000000,0.001162,0.000000,0.011569,0.077348,calls/second,milliseconds
1778576327,1,7.000000,7.000000,7.000000,0.000000,7.000000,7.000000,7.000000,7.000000,7.000000,7.000000,0.001161,0.000000,0.011569,0.077348,calls/second,milliseconds
1778576328,1,7.000000,7.000000,7.000000,0.000000,7.000000,7.000000,7.000000,7.000000,7.000000,7.000000,0.001160,0.000000,0.011569,0.077348,calls/second,milliseconds
1778576329,1,7.000000,7.000000,7.000000,0.000000,7.000000,7.000000,7.000000,7.000000,7.000000,7.000000,0.001158,0.000000,0.011569,0.077348,calls/second,milliseconds
1778576330,1,7.000000,7.000000,7.000000,0.000000,7.000000,7.000000,7.000000,7.000000,7.000000,7.000000,0.001157,0.000000,0.011569,0.077348,calls/second,milliseconds
1778576331,1,7.000000,7.000000,7.000000,0.000000,7.000000,7.000000,7.000000,7.000000,7.000000,7.000000,0.001155,0.000000,0.011378,0.076920,calls/second,milliseconds
1778576332,1,7.000000,7.000000,7.000000,0.000000,7.000000,7.000000,7.000000,7.000000,7.000000,7.000000,0.001154,0.000000,0.011378,0.076920,calls/second,milliseconds
1778576333,1,7.000000,7.000000,7.000000,0.000000,7.000000,7.000000,7.000000,7.000000,7.000000,7.000000,0.001153,0.000000,0.011378,0.076920,calls/second,milliseconds
1778576334,1,7.000000,7.000000,7.000000,0.000000,7.000000,7.000000,7.000000,7.000000,7.000000,7.000000,0.001151,0.000000,0.011378,0.076920,calls/second,milliseconds
1778576335,1,7.000000,7.000000,7.000000,0.000000,7.000000,7.000000,7.000000,7.000000,7.000000,7.000000,0.001150,0.000000,0.011378,0.076920,calls/second,milliseconds
1778576336,1,7.000000,7.000000,7.000000,0.000000,7.000000,7.000000,7.000000,7.000000,7.000000,7.000000,0.001149,0.000000,0.011190,0.076494,calls/second,milliseconds
1778576337,1,7.000000,7.000000,7.000000,0.000000,7.000000,7.000000,7.000000,7.000000,7.000000,7.000000,0.001148,0.000000,0.011190,0.076494,calls/second,milliseconds
1778576338,1,7.000000,7.000000,7.000000,0.000000,7.000000,7.000000,7.000000,7.000000,7.000000,7.000000,0.001146,0.000000,0.011190,0.076494,calls/second,milliseconds
1778576339,1,7.000000,7.000000,7.000000,0.000000,7.000000,7.000000,7.000000,7.000000,7.000000,7.000000,0.001145,0.000000,0.011190,0.076494,calls/second,milliseconds
1778576340,1,7.000000,7.000000,7.000000,0.000000,7.000000,7.000000,7.000000,7.000000,7.000000,7.000000,0.001144,0.000000,0.011190,0.076494,calls/second,milliseconds
1778576341,1,7.000000,7.000000,7.000000,0.000000,7.000000,7.000000,7.000000,7.000000,7.000000,7.000000,0.001142,0.000000,0.011005,0.076070,calls/second,milliseconds
1778576342,1,7.000000,7.000000,7.000000,0.000000,7.000000,7.000000,7.000000,7.000000,7.000000,7.000000,0.001141,0.000000,0.011005,0.076070,calls/second,milliseconds
1778576343,1,7.000000,7.000000,7.000000,0.000000,7.000000,7.000000,7.000000,7.000000,7.000000,7.000000,0.001140,0.000000,0.011005,0.076070,calls/second,milliseconds
1778576344,1,7.000000,7.000000,7.000000,0.000000,7.000000,7.000000,7.000000,7.000000,7.000000,7.000000,0.001138,0.000000,0.011005,0.076070,calls/second,milliseconds
1778576345,1,7.000000,7.000000,7.000000,0.000000,7.000000,7.000000,7.000000,7.000000,7.000000,7.000000,0.001137,0.000000,0.011005,0.076070,calls/second,milliseconds
1778576346,1,7.000000,7.000000,7.000000,0.000000,7.000000,7.000000,7.000000,7.000000,7.000000,7.000000,0.001136,0.000000,0.010823,0.075648,calls/second,milliseconds
1778576347,1,7.000000,7.000000,7.000000,0.000000,7.000000,7.000000,7.000000,7.000000,7.000000,7.000000,0.001134,0.000000,0.010823,0.075648,calls/second,milliseconds
1778576348,1,7.000000,7.000000,7.000000,0.000000,7.000000,7.000000,7.000000,7.000000,7.000000,7.000000,0.001133,0.000000,0.010823,0.075648,calls/second,milliseconds
1778576349,1,7.000000,7.000000,7.000000,0.000000,7.000000,7.000000,7.000000,7.000000,7.000000,7.000000,0.001132,0.000000,0.010823,0.075648,calls/second,milliseconds
1778576350,1,7.000000,7.000000,7.000000,0.000000,7.000000,7.000000,7.000000,7.000000,7.000000,7.000000,0.001131,0.000000,0.010823,0.075648,calls/second,milliseconds
1778576351,1,7.000000,7.000000,7.000000,0.000000,7.000000,7.000000,7.000000,7.000000,7.000000,7.000000,0.001129,0.000000,0.010644,0.075229,calls/second,milliseconds
1778576352,1,7.000000,7.000000,7.000000,0.000000,7.000000,7.000000,7.000000,7.000000,7.000000,7.000000,0.001128,0.000000,0.010644,0.075229,calls/second,milliseconds
1778576353,1,7.000000,7.000000,7.000000,0.000000,7.000000,7.000000,7.000000,7.000000,7.000000,7.000000,0.001127,0.000000,0.010644,0.075229,calls/second,milliseconds
1778576354,1,7.000000,7.000000,7.000000,0.000000,7.000000,7.000000,7.000000,7.000000,7.000000,7.000000,0.001126,0.000000,0.010644,0.075229,calls/second,milliseconds
1778576355,1,7.000000,7.000000,7.000000,0.000000,7.000000,7.000000,7.000000,7.000000,7.000000,7.000000,0.001124,0.000000,0.010644,0.075229,calls/second,milliseconds
1778576356,1,7.000000,7.000000,7.000000,0.000000,7.000000,7.000000,7.000000,7.000000,7.000000,7.000000,0.001123,0.000000,0.010468,0.074812,calls/second,milliseconds
1778576357,1,7.000000,7.000000,7.000000,0.000000,7.000000,7.000000,7.000000,7.000000,7.000000,7.000000,0.001122,0.000000,0.010468,0.074812,calls/second,milliseconds
1778576358,1,7.000000,7.000000,7.000000,0.000000,7.000000,7.000000,7.000000,7.000000,7.000000,7.000000,0.001120,0.000000,0.010468,0.074812,calls/second,milliseconds
1778576359,1,7.000000,7.000000,7.000000,0.000000,7.000000,7.000000,7.000000,7.000000,7.000000,7.000000,0.001119,0.000000,0.010468,0.074812,calls/second,milliseconds
1778576360,1,7.000000,7.000000,7.000000,0.000000,7.000000,7.000000,7.000000,7.000000,7.000000,7.000000,0.001118,0.000000,0.010468,0.074812,calls/second,milliseconds
1778576361,1,7.000000,7.000000,7.000000,0.000000,7.000000,7.000000,7.000000,7.000000,7.000000,7.000000,0.001117,0.000000,0.010295,0.074398,calls/second,milliseconds
1778576362,1,7.000000,7.000000,7.000000,0.000000,7.000000,7.000000,7.000000,7.000000,7.000000,7.000000,0.001115,0.000000,0.010295,0.074398,calls/second,milliseconds
1778576363,1,7.000000,7.000000,7.000000,0.000000,7.000000,7.000000,7.000000,7.000000,7.000000,7.000000,0.001114,0.000000,0.010295,0.074398,calls/second,milliseconds
1778576364,1,7.000000,7.000000,7.000000,0.000000,7.000000,7.000000,7.000000,7.000000,7.000000,7.000000,0.001113,0.000000,0.010295,0.074398,calls/second,milliseconds
1778576365,1,7.000000,7.000000,7.000000,0.000000,7.000000,7.000000,7.000000,7.000000,7.000000,7.000000,0.001112,0.000000,0.010295,0.074398,calls/second,milliseconds
1778576366,1,7.000000,7.000000,7.000000,0.000000,7.000000,7.000000,7.000000,7.000000,7.000000,7.000000,0.001111,0.000000,0.010125,0.073986,calls/second,milliseconds
1778576367,1,7.000000,7.000000,7.000000,0.000000,7.000000,7.000000,7.000000,7.000000,7.000000,7.000000,0.001109,0.000000,0.010125,0.073986,calls/second,milliseconds
1778576368,1,7.000000,7.000000,7.000000,0.000000,7.000000,7.000000,7.000000,7.000000,7.000000,7.000000,0.001108,0.000000,0.010125,0.073986,calls/second,milliseconds
1778576369,1,7.000000,7.000000,7.000000,0.000000,7.000000,7.000000,7.000000,7.000000,7.000000,7.000000,0.001107,0.000000,0.010125,0.073986,calls/second,milliseconds
1778576370,1,7.000000,7.000000,7.000000,0.000000,7.000000,7.000000,7.000000,7.000000,7.000000,7.000000,0.001106,0.000000,0.010125,0.073986,calls/second,milliseconds
1778576371,1,7.000000,7.000000,7.000000,0.000000,7.000000,7.000000,7.000000,7.000000,7.000000,7.000000,0.001104,0.000000,0.009957,0.073576,calls/second,milliseconds
1778576372,1,7.000000,7.000000,7.000000,0.000000,7.000000,7.000000,7.000000,7.000000,7.000000,7.000000,0.001103,0.000000,0.009957,0.073576,calls/second,milliseconds
1778576373,1,7.000000,7.000000,7.000000,0.000000,7.000000,7.000000,7.000000,7.000000,7.000000,7.000000,0.001102,0.000000,0.009957,0.073576,calls/second,milliseconds
1778576374,1,7.000000,7.000000,7.000000,0.000000,7.000000,7.000000,7.000000,7.000000,7.000000,7.000000,0.001101,0.000000,0.009957,0.073576,calls/second,milliseconds
1778576375,1,7.000000,7.000000,7.000000,0.000000,7.000000,7.000000,7.000000,7.000000,7.000000,7.000000,0.001099,0.000000,0.009957,0.073576,calls/second,milliseconds
1778576376,1,7.000000,7.000000,7.000000,0.000000,7.000000,7.000000,7.000000,7.000000,7.000000,7.000000,0.001098,0.000000,0.009793,0.073168,calls/second,milliseconds
1778576377,1,7.000000,7.000000,7.000000,0.000000,7.000000,7.000000,7.000000,7.000000,7.000000,7.000000,0.001097,0.000000,0.009793,0.073168,calls/second,milliseconds
1778576378,1,7.000000,7.000000,7.000000,0.000000,7.000000,7.000000,7.000000,7.000000,7.000000,7.000000,0.001096,0.000000,0.009793,0.073168,calls/second,milliseconds
1778576379,1,7.000000,7.000000,7.000000,0.000000,7.000000,7.000000,7.000000,7.000000,7.000000,7.000000,0.001095,0.000000,0.009793,0.073168,calls/second,milliseconds
1778576380,1,7.000000,7.000000,7.000000,0.000000,7.000000,7.000000,7.000000,7.000000,7.000000,7.000000,0.001093,0.000000,0.009793,0.073168,calls/second,milliseconds
1778576381,1,7.000000,7.000000,7.000000,0.000000,7.000000,7.000000,7.000000,7.000000,7.000000,7.000000,0.001092,0.000000,0.009631,0.072763,calls/second,milliseconds
1778576382,1,7.000000,7.000000,7.000000,0.000000,7.000000,7.000000,7.000000,7.000000,7.000000,7.000000,0.001091,0.000000,0.009631,0.072763,calls/second,milliseconds
1778576383,1,7.000000,7.000000,7.000000,0.000000,7.000000,7.000000,7.000000,7.000000,7.000000,7.000000,0.001090,0.000000,0.009631,0.072763,calls/second,milliseconds
1778576384,1,7.000000,7.000000,7.000000,0.000000,7.000000,7.000000,7.000000,7.000000,7.000000,7.000000,0.001089,0.000000,0.009631,0.072763,calls/second,milliseconds
1778576385,1,7.000000,7.000000,7.000000,0.000000,7.000000,7.000000,7.000000,7.000000,7.000000,7.000000,0.001088,0.000000,0.009631,0.072763,calls/second,milliseconds
1778576386,1,7.000000,7.000000,7.000000,0.000000,7.000000,7.000000,7.000000,7.000000,7.000000,7.000000,0.001086,0.000000,0.009472,0.072360,calls/second,milliseconds
1778576387,1,7.000000,7.000000,7.000000,0.000000,7.000000,7.000000,7.000000,7.000000,7.000000,7.000000,0.001085,0.000000,0.009472,0.072360,calls/second,milliseconds
1778576388,1,7.000000,7.000000,7.000000,0.000000,7.000000,7.000000,7.000000,7.000000,7.000000,7.000000,0.001084,0.000000,0.009472,0.072360,calls/second,milliseconds
1778576389,1,7.000000,7.000000,7.000000,0.000000,7.000000,7.000000,7.000000,7.000000,7.000000,7.000000,0.001083,0.000000,0.009472,0.072360,calls/second,milliseconds
1778576390,1,7.000000,7.000000,7.000000,0.000000,7.000000,7.000000,7.000000,7.000000,7.000000,7.000000,0.001082,0.000000,0.009472,0.072360,calls/second,milliseconds
1778576391,1,7.000000,7.000000,7.000000,0.000000,7.000000,7.000000,7.000000,7.000000,7.000000,7.000000,0.001080,0.000000,0.009315,0.071959,calls/second,milliseconds
1778576392,1,7.000000,7.000000,7.000000,0.000000,7.000000,7.000000,7.000000,7.000000,7.000000,7.000000,0.001079,0.000000,0.009315,0.071959,calls/second,milliseconds
1778576393,1,7.000000,7.000000,7.000000,0.000000,7.000000,7.000000,7.000000,7.000000,7.000000,7.000000,0.001078,0.000000,0.009315,0.071959,calls/second,milliseconds
1778576394,1,7.000000,7.000000,7.000000,0.000000,7.000000,7.000000,7.000000,7.000000,7.000000,7.000000,0.001077,0.000000,0.009315,0.071959,calls/second,milliseconds
1778576395,1,7.000000,7.000000,7.000000,0.000000,7.000000,7.000000,7.000000,7.000000,7.000000,7.000000,0.001076,0.000000,0.009315,0.071959,calls/second,milliseconds
1778576396,1,7.000000,7.000000,7.000000,0.000000,7.000000,7.000000,7.000000,7.000000,7.000000,7.000000,0.001075,0.000000,0.009161,0.071560,calls/second,milliseconds
1778576397,1,7.000000,7.000000,7.000000,0.000000,7.000000,7.000000,7.000000,7.000000,7.000000,7.000000,0.001073,0.000000,0.009161,0.071560,calls/second,milliseconds
1778576398,1,7.000000,7.000000,7.000000,0.000000,7.000000,7.000000,7.000000,7.000000,7.000000,7.000000,0.001072,0.000000,0.009161,0.071560,calls/second,milliseconds
1778576399,1,7.000000,7.000000,7.000000,0.000000,7.000000,7.000000,7.000000,7.000000,7.000000,7.000000,0.001071,0.000000,0.009161,0.071560,calls/second,milliseconds
1778576400,1,7.000000,7.000000,7.000000,0.000000,7.000000,7.000000,7.000000,7.000000,7.000000,7.000000,0.001070,0.000000,0.009161,0.071560,calls/second,milliseconds
1778576401,1,7.000000,7.000000,7.000000,0.000000,7.000000,7.000000,7.000000,7.000000,7.000000,7.000000,0.001069,0.000000,0.009010,0.071164,calls/second,milliseconds
1778576402,1,7.000000,7.000000,7.000000,0.000000,7.000000,7.000000,7.000000,7.000000,7.000000,7.000000,0.001068,0.000000,0.009010,0.071164,calls/second,milliseconds
1778576403,1,7.000000,7.000000,7.000000,0.000000,7.000000,7.000000,7.000000,7.000000,7.000000,7.000000,0.001067,0.000000,0.009010,0.071164,calls/second,milliseconds
1778576404,1,7.000000,7.000000,7.000000,0.000000,7.000000,7.000000,7.000000,7.000000,7.000000,7.000000,0.001065,0.000000,0.009010,0.071164,calls/second,milliseconds
1778576405,1,7.000000,7.000000,7.000000,0.000000,7.000000,7.000000,7.000000,7.000000,7.000000,7.000000,0.001064,0.000000,0.009010,0.071164,calls/second,milliseconds
1778576406,1,7.000000,7.000000,7.000000,0.000000,7.000000,7.000000,7.000000,7.000000,7.000000,7.000000,0.001063,0.000000,0.008861,0.070770,calls/second,milliseconds
1778576407,1,7.000000,7.000000,7.000000,0.000000,7.000000,7.000000,7.000000,7.000000,7.000000,7.000000,0.001062,0.000000,0.008861,0.070770,calls/second,milliseconds
1778576408,1,7.000000,7.000000,7.000000,0.000000,7.000000,7.000000,7.000000,7.000000,7.000000,7.000000,0.001061,0.000000,0.008861,0.070770,calls/second,milliseconds
1778576409,1,7.000000,7.000000,7.000000,0.000000,7.000000,7.000000,7.000000,7.000000,7.000000,7.000000,0.001060,0.000000,0.008861,0.070770,calls/second,milliseconds
1778576410,1,7.000000,7.000000,7.000000,0.000000,7.000000,7.000000,7.000000,7.000000,7.000000,7.000000,0.001059,0.000000,0.008861,0.070770,calls/second,milliseconds
1778576411,1,7.000000,7.000000,7.000000,0.000000,7.000000,7.000000,7.000000,7.000000,7.000000,7.000000,0.001058,0.000000,0.008714,0.070377,calls/second,milliseconds
1778576412,1,7.000000,7.000000,7.000000,0.000000,7.000000,7.000000,7.000000,7.000000,7.000000,7.000000,0.001056,0.000000,0.008714,0.070377,calls/second,milliseconds
1778576413,1,7.000000,7.000000,7.000000,0.000000,7.000000,7.000000,7.000000,7.000000,7.000000,7.000000,0.001055,0.000000,0.008714,0.070377,calls/second,milliseconds
