t,count,mean_rate,m1_rate,m5_rate,m15_rate,rate_unit
1778662976,1230000000,1268996897.745186,0.000000,0.000000,0.000000,events/second
1778662977,4710000000,2384199112.484057,0.000000,0.000000,0.000000,events/second
1778662978,6990000000,2343601677.454325,0.000000,0.000000,0.000000,events/second
1778662979,8070000000,2023818667.984020,0.000000,0.000000,0.000000,events/second
1778662980,8090000000,1620394905.753463,0.000000,0.000000,0.000000,events/second
1778662981,8110000000,1352297915.953089,1622000000.000000,1622000000.000000,1622000000.000000,events/second
1778662982,8130000000,1161318721.792969,1622000000.000000,1622000000.000000,1622000000.000000,events/second
1778662983,8140000000,1016935048.343970,1622000000.000000,1622000000.000000,1622000000.000000,events/second
1778662984,8160000000,905819891.235988,1622000000.000000,1622000000.000000,1622000000.000000,events/second
1778662985,8170000000,816069525.687506,1493271507.553211,1595389040.652804,1613080355.287884,events/second
1778662986,8190000000,743558607.077146,1493271507.553211,1595389040.652804,1613080355.287884,events/second
1778662987,8230000000,684839589.712935,1493271507.553211,1595389040.652804,1613080355.287884,events/second
1778662988,8260000000,634405545.894512,1493271507.553211,1595389040.652804,1613080355.287884,events/second
1778662989,8260000000,589048931.692870,1493271507.553211,1595389040.652804,1613080355.287884,events/second
1778662990,8270000000,550412537.851007,1375475221.756854,1569350150.145457,1604254447.979176,events/second
1778662991,8280000000,516610134.619643,1375475221.756854,1569350150.145457,1604254447.979176,events/second
1778662992,8290000000,486779850.698012,1375475221.756854,1569350150.145457,1604254447.979176,events/second
1778662993,8310000000,460822012.916966,1375475221.756854,1569350150.145457,1604254447.979176,events/second
1778662994,8320000000,437079840.655360,1375475221.756854,1569350150.145457,1604254447.979176,events/second
1778662995,8320000000,415216309.340064,1266297851.092130,1543576359.180510,1595422036.018502,events/second
1778662996,8340000000,396385967.632051,1266297851.092130,1543576359.180510,1595422036.018502,events/second
1778662997,8340000000,378350306.200579,1266297851.092130,1543576359.180510,1595422036.018502,events/second
1778662998,8350000000,362317008.430985,1266297851.092130,1543576359.180510,1595422036.018502,events/second
1778662999,8360000000,347632700.859316,1266297851.092130,1543576359.180510,1595422036.018502,events/second
1778663000,8360000000,333721350.402295,1165689909.837395,1518195514.417362,1586627476.658583,events/second
1778663001,8370000000,321264534.287870,1165689909.837395,1518195514.417362,1586627476.658583,events/second
1778663002,8370000000,309364629.204671,1165689909.837395,1518195514.417362,1586627476.658583,events/second
1778663003,8380000000,298669607.493933,1165689909.837395,1518195514.417362,1586627476.658583,events/second
1778663004,8420000000,289744510.899695,1165689909.837395,1518195514.417362,1586627476.658583,events/second
1778663005,8430000000,280413692.674911,1073605868.930844,1493333349.395999,1577914881.406219,events/second
1778663006,8440000000,271688006.882094,1073605868.930844,1493333349.395999,1577914881.406219,events/second
1778663007,8730000000,272235648.900538,1073605868.930844,1493333349.395999,1577914881.406219,events/second
1778663008,8780000000,265496928.429643,1073605868.930844,1493333349.395999,1577914881.406219,events/second
1778663009,8830000000,259154655.613712,1073605868.930844,1493333349.395999,1577914881.406219,events/second
1778663010,8860000000,252605000.118757,994641263.564962,1470072175.142129,1569649446.199472,events/second
1778663011,8900000000,246693896.324275,994641263.564962,1470072175.142129,1569649446.199472,events/second
1778663012,8920000000,240565132.199658,994641263.564962,1470072175.142129,1569649446.199472,events/second
1778663013,8960000000,235281762.518541,994641263.564962,1470072175.142129,1569649446.199472,events/second
1778663014,8990000000,230016403.869559,994641263.564962,1470072175.142129,1569649446.199472,events/second
1778663015,9020000000,225012911.726075,917672717.834658,1446302932.787446,1561130634.552340,events/second
1778663016,9060000000,220497573.308189,917672717.834658,1446302932.787446,1561130634.552340,events/second
1778663017,9090000000,215958867.114270,917672717.834658,1446302932.787446,1561130634.552340,events/second
1778663018,9120000000,211631981.586173,917672717.834658,1446302932.787446,1561130634.552340,events/second
1778663019,9150000000,207502222.404703,917672717.834658,1446302932.787446,1561130634.552340,events/second
1778663020,9170000000,203334311.099149,846698326.062608,1422893504.360290,1552647938.112561,events/second
1778663021,9200000000,199565056.821948,846698326.062608,1422893504.360290,1552647938.112561,events/second
1778663022,9240000000,196169755.066568,846698326.062608,1422893504.360290,1552647938.112561,events/second
1778663023,9280000000,192914784.845426,846698326.062608,1422893504.360290,1552647938.112561,events/second
1778663024,9310000000,189587397.487844,846698326.062608,1422893504.360290,1552647938.112561,events/second
1778663025,9340000000,186393159.375170,781718555.672504,1399937113.936616,1544234397.708367,events/second
1778663026,9360000000,183129291.247674,781718555.672504,1399937113.936616,1544234397.708367,events/second
1778663027,9390000000,180182804.647516,781718555.672504,1399937113.936616,1544234397.708367,events/second
1778663028,9450000000,177912406.976624,781718555.672504,1399937113.936616,1544234397.708367,events/second
1778663029,9470000000,174987980.510779,781718555.672504,1399937113.936616,1544234397.708367,events/second
1778663030,9520000000,172713154.597217,722094192.031933,1377393216.364504,1535878549.900820,events/second
1778663031,9550000000,170164675.746678,722094192.031933,1377393216.364504,1535878549.900820,events/second
1778663032,9580000000,167705537.023102,722094192.031933,1377393216.364504,1535878549.900820,events/second
1778663033,9610000000,165330559.113573,722094192.031933,1377393216.364504,1535878549.900820,events/second
1778663034,9640000000,163036932.828407,722094192.031933,1377393216.364504,1535878549.900820,events/second
1778663035,9650000000,160485964.755258,666437573.434892,1355056651.182671,1527513593.240223,events/second
1778663036,9670000000,158183122.161508,666437573.434892,1355056651.182671,1527513593.240223,events/second
1778663037,9720000000,156436920.709755,666437573.434892,1355056651.182671,1527513593.240223,events/second
1778663038,9740000000,154270038.167418,666437573.434892,1355056651.182671,1527513593.240223,events/second
1778663039,9790000000,152640071.286454,666437573.434892,1355056651.182671,1527513593.240223,events/second
1778663040,9810000000,150598898.924143,615710745.869753,1333188448.226982,1519228220.622930,events/second
1778663041,9840000000,148771398.623286,615710745.869753,1333188448.226982,1519228220.622930,events/second
1778663042,9860000000,146849620.667952,615710745.869753,1333188448.226982,1519228220.622930,events/second
1778663043,9910000000,145397769.228625,615710745.869753,1333188448.226982,1519228220.622930,events/second
1778663044,9930000000,143580453.559570,615710745.869753,1333188448.226982,1519228220.622930,events/second
1778663045,9970000000,142100141.475795,569039811.496583,1311681694.873684,1510988750.229272,events/second
1778663046,9990000000,140379850.657356,569039811.496583,1311681694.873684,1510988750.229272,events/second
1778663047,10010000000,138707155.357852,569039811.496583,1311681694.873684,1510988750.229272,events/second
1778663048,10040000000,137218186.758483,569039811.496583,1311681694.873684,1510988750.229272,events/second
1778663049,10090000000,136038387.290877,569039811.496583,1311681694.873684,1510988750.229272,events/second
1778663050,10120000000,134624375.150885,525940567.830274,1290497359.793977,1502783847.449964,events/second
1778663051,10150000000,133246859.188367,525940567.830274,1290497359.793977,1502783847.449964,events/second
1778663052,10180000000,131905793.954204,525940567.830274,1290497359.793977,1502783847.449964,events/second
1778663053,10200000000,130470355.803347,525940567.830274,1290497359.793977,1502783847.449964,events/second
1778663054,10230000000,129197213.369028,525940567.830274,1290497359.793977,1502783847.449964,events/second
1778663055,10240000000,127707463.852104,485807615.908115,1269563999.697823,1494591160.167187,events/second
1778663056,10250000000,126254797.325197,485807615.908115,1269563999.697823,1494591160.167187,events/second
1778663057,10280000000,125080689.207358,485807615.908115,1269563999.697823,1494591160.167187,events/second
1778663058,10310000000,123934689.227515,485807615.908115,1269563999.697823,1494591160.167187,events/second
1778663059,10330000000,122696919.697379,485807615.908115,1269563999.697823,1494591160.167187,events/second
1778663060,10340000000,121371602.387878,448563695.308062,1248910523.425973,1486421701.009225,events/second
1778663061,10370000000,120308749.574733,448563695.308062,1248910523.425973,1486421701.009225,events/second
1778663062,10400000000,119270552.861520,448563695.308062,1248910523.425973,1486421701.009225,events/second
1778663063,10420000000,118142015.721441,448563695.308062,1248910523.425973,1486421701.009225,events/second
1778663064,10450000000,117151266.954130,448563695.308062,1248910523.425973,1486421701.009225,events/second
1778663065,10460000000,115961024.210400,414617456.522568,1228664533.275140,1478319662.504697,events/second
1778663066,10490000000,115015639.998812,414617456.522568,1228664533.275140,1478319662.504697,events/second
1778663067,10510000000,113982377.882050,414617456.522568,1228664533.275140,1478319662.504697,events/second
1778663068,10540000000,113078311.628950,414617456.522568,1228664533.275140,1478319662.504697,events/second
1778663069,10560000000,112087850.767194,414617456.522568,1228664533.275140,1478319662.504697,events/second
1778663070,10580000000,111118438.438554,383385409.130302,1208753179.907443,1470262510.524953,events/second
1778663071,10630000000,110480713.614551,383385409.130302,1208753179.907443,1470262510.524953,events/second
1778663072,10660000000,109650279.002142,383385409.130302,1208753179.907443,1470262510.524953,events/second
1778663073,10680000000,108735511.185445,383385409.130302,1208753179.907443,1470262510.524953,events/second
1778663074,10710000000,107939558.228468,383385409.130302,1208753179.907443,1470262510.524953,events/second
1778663075,10720000000,106960072.554963,354970360.711091,1189237046.448070,1462272156.999806,events/second
1778663076,10740000000,106099187.627086,354970360.711091,1189237046.448070,1462272156.999806,events/second
1778663077,10750000000,105157132.800883,354970360.711091,1189237046.448070,1462272156.999806,events/second
1778663078,10770000000,104330508.817586,354970360.711091,1189237046.448070,1462272156.999806,events/second
1778663079,10790000000,103519841.838225,354970360.711091,1189237046.448070,1462272156.999806,events/second
1778663080,10800000000,102629295.220636,327867787.097126,1169845143.747664,1454259589.423741,events/second
1778663081,10830000000,101943711.932570,327867787.097126,1169845143.747664,1454259589.423741,events/second
1778663082,10850000000,101177575.316214,327867787.097126,1169845143.747664,1454259589.423741,events/second
1778663083,10870000000,100425645.702173,327867787.097126,1169845143.747664,1454259589.423741,events/second
1778663084,10880000000,99596303.520104,327867787.097126,1169845143.747664,1454259589.423741,events/second
1778663085,10890000000,98782019.798517,303092126.792259,1150806818.098885,1446302492.993909,events/second
1778663086,10930000000,98251933.660777,303092126.792259,1150806818.098885,1446302492.993909,events/second
1778663087,11080000000,98710795.972798,303092126.792259,1150806818.098885,1446302492.993909,events/second
1778663088,11100000000,98014432.056690,303092126.792259,1150806818.098885,1446302492.993909,events/second
1778663089,11110000000,97242933.061177,303092126.792259,1150806818.098885,1446302492.993909,events/second
1778663090,11130000000,96571046.341799,282696086.471133,1132579024.680103,1438555684.647591,events/second
1778663091,11140000000,95824996.659589,282696086.471133,1132579024.680103,1438555684.647591,events/second
1778663092,11150000000,95091274.391657,282696086.471133,1132579024.680103,1438555684.647591,events/second
1778663093,11160000000,94370515.888020,282696086.471133,1132579024.680103,1438555684.647591,events/second
1778663094,11190000000,93829482.107658,282696086.471133,1132579024.680103,1438555684.647591,events/second
1778663095,11200000000,93130918.648320,261212333.590524,1114090539.616508,1430663429.629155,events/second
1778663096,11240000000,92691316.631695,261212333.590524,1114090539.616508,1430663429.629155,events/second
1778663097,11270000000,92177032.374593,261212333.590524,1114090539.616508,1430663429.629155,events/second
1778663098,11290000000,91589777.826303,261212333.590524,1114090539.616508,1430663429.629155,events/second
1778663100,11310000000,91012426.396807,261212333.590524,1114090539.616508,1430663429.629155,events/second
1778663101,11320000000,90364208.472413,242245882.601149,1096072927.793838,1422870300.423056,events/second
1778663102,11330000000,89726105.220215,242245882.601149,1096072927.793838,1422870300.423056,events/second
1778663103,11350000000,89177092.310119,242245882.601149,1096072927.793838,1422870300.423056,events/second
1778663104,11390000000,88791682.167378,242245882.601149,1096072927.793838,1422870300.423056,events/second
1778663105,11410000000,88258227.455432,242245882.601149,1096072927.793838,1422870300.423056,events/second
1778663106,11430000000,87732956.198906,224635994.132293,1078320063.807848,1415109266.033286,events/second
1778663107,11450000000,87215461.517433,224635994.132293,1078320063.807848,1415109266.033286,events/second
1778663108,11470000000,86705844.477477,224635994.132293,1078320063.807848,1415109266.033286,events/second
1778663109,11470000000,86054255.509626,224635994.132293,1078320063.807848,1415109266.033286,events/second
1778663110,11490000000,85561411.775862,224635994.132293,1078320063.807848,1415109266.033286,events/second
1778663111,11510000000,85075870.171038,207954381.092052,1060761457.576977,1407357988.041704,events/second
1778663112,11540000000,84670511.949817,207954381.092052,1060761457.576977,1407357988.041704,events/second
1778663113,11550000000,84125293.208278,207954381.092052,1060761457.576977,1407357988.041704,events/second
1778663114,11560000000,83588391.896134,207954381.092052,1060761457.576977,1407357988.041704,events/second
1778663115,11580000000,83130835.122895,207954381.092052,1060761457.576977,1407357988.041704,events/second
1778663116,11620000000,82822299.357307,193086289.699595,1043592240.857092,1399682894.220323,events/second
1778663117,11640000000,82376616.623309,193086289.699595,1043592240.857092,1399682894.220323,events/second
1778663118,11660000000,81937179.999659,193086289.699595,1043592240.857092,1399682894.220323,events/second
1778663119,11690000000,81573725.054425,193086289.699595,1043592240.857092,1399682894.220323,events/second
1778663120,11700000000,81076653.904160,193086289.699595,1043592240.857092,1399682894.220323,events/second
1778663121,11710000000,80586489.384437,179087162.916284,1026640692.143895,1392028160.977308,events/second
1778663122,11730000000,80171566.110956,179087162.916284,1026640692.143895,1392028160.977308,events/second
1778663123,11740000000,79694188.208876,179087162.916284,1026640692.143895,1392028160.977308,events/second
1778663124,11780000000,79425647.992317,179087162.916284,1026640692.143895,1392028160.977308,events/second
1778663125,11800000000,79026672.716903,179087162.916284,1026640692.143895,1392028160.977308,events/second
1778663126,11840000000,78765988.574854,166846989.192577,1010101556.255826,1384460157.335903,events/second
1778663127,11930000000,78839067.865677,166846989.192577,1010101556.255826,1384460157.335903,events/second
1778663128,12000000000,78779851.034958,166846989.192577,1010101556.255826,1384460157.335903,events/second
1778663129,12020000000,78395697.761515,166846989.192577,1010101556.255826,1384460157.335903,events/second
1778663130,12080000000,78275485.265361,166846989.192577,1010101556.255826,1384460157.335903,events/second
1778663131,12110000000,77963740.273513,157824242.114366,994298587.532028,1377089205.840833,events/second
1778663132,12180000000,77911822.698540,157824242.114366,994298587.532028,1377089205.840833,events/second
1778663133,12240000000,77797146.711854,157824242.114366,994298587.532028,1377089205.840833,events/second
1778663134,12260000000,77431319.933409,157824242.114366,994298587.532028,1377089205.840833,events/second
1778663135,12300000000,77191000.325662,157824242.114366,994298587.532028,1377089205.840833,events/second
1778663136,12350000000,77020329.727298,149043180.548221,978657647.629467,1369725849.625423,events/second
1778663137,12370000000,76666159.027676,149043180.548221,978657647.629467,1369725849.625423,events/second
1778663138,12390000000,76316101.465698,149043180.548221,978657647.629467,1369725849.625423,events/second
1778663139,12400000000,75909074.503662,149043180.548221,978657647.629467,1369725849.625423,events/second
1778663140,12440000000,75689816.449873,149043180.548221,978657647.629467,1369725849.625423,events/second
1778663141,12480000000,75473029.331748,139205191.021618,962911601.708434,1362281404.178749,events/second
1778663142,12540000000,75378904.623333,139205191.021618,962911601.708434,1362281404.178749,events/second
1778663143,12560000000,75046955.591887,139205191.021618,962911601.708434,1362281404.178749,events/second
1778663144,12570000000,74659878.385349,139205191.021618,962911601.708434,1362281404.178749,events/second
1778663145,12610000000,74454286.851948,139205191.021618,962911601.708434,1362281404.178749,events/second
1778663146,12620000000,74075278.793242,130313714.877227,947458872.126890,1354889282.395359,events/second
1778663147,12640000000,73758820.194858,130313714.877227,947458872.126890,1354889282.395359,events/second
1778663148,12670000000,73504263.047151,130313714.877227,947458872.126890,1354889282.395359,events/second
1778663149,12690000000,73194763.737385,130313714.877227,947458872.126890,1354889282.395359,events/second
1778663150,12700000000,72831684.908086,130313714.877227,947458872.126890,1354889282.395359,events/second
1778663151,12710000000,72472722.160059,121333606.059063,932096268.238034,1347482712.570264,events/second
1778663152,12730000000,72174613.035728,121333606.059063,932096268.238034,1347482712.570264,events/second
1778663153,12740000000,71823282.097794,121333606.059063,932096268.238034,1347482712.570264,events/second
1778663154,12780000000,71644233.691543,121333606.059063,932096268.238034,1347482712.570264,events/second
1778663155,12790000000,71299771.880003,121333606.059063,932096268.238034,1347482712.570264,events/second
1778663156,12810000000,71014447.321136,113231418.268889,917020642.949331,1340128256.571753,events/second
1778663157,12820000000,70677500.071398,113231418.268889,917020642.949331,1340128256.571753,events/second
1778663158,12840000000,70399055.543956,113231418.268889,917020642.949331,1340128256.571753,events/second
1778663159,12850000000,70069091.922489,113231418.268889,917020642.949331,1340128256.571753,events/second
1778663160,12870000000,69796790.796154,113231418.268889,917020642.949331,1340128256.571753,events/second
1778663161,12880000000,69473344.930417,105297312.134037,902095024.552311,1332781304.465344,events/second
1778663162,12920000000,69314638.554817,105297312.134037,902095024.552311,1332781304.465344,events/second
1778663163,12940000000,69050725.275514,105297312.134037,902095024.552311,1332781304.465344,events/second
1778663164,12950000000,68736681.739948,105297312.134037,902095024.552311,1332781304.465344,events/second
1778663165,12960000000,68425824.864798,105297312.134037,902095024.552311,1332781304.465344,events/second
1778663166,13040000000,68486005.908913,99436782.636263,887713618.759417,1325574778.326217,events/second
1778663167,13050000000,68179874.034135,99436782.636263,887713618.759417,1325574778.326217,events/second
1778663168,13100000000,68084720.085869,99436782.636263,887713618.759417,1325574778.326217,events/second
1778663169,13110000000,67783816.950063,99436782.636263,887713618.759417,1325574778.326217,events/second
1778663170,13130000000,67537251.667123,99436782.636263,887713618.759417,1325574778.326217,events/second
1778663171,13190000000,67498111.657988,93884924.034324,873536859.603924,1318397097.133268,events/second
1778663172,13200000000,67204609.849137,93884924.034324,873536859.603924,1318397097.133268,events/second
1778663173,13270000000,67218190.341382,93884924.034324,873536859.603924,1318397097.133268,events/second
1778663174,13280000000,66929214.284579,93884924.034324,873536859.603924,1318397097.133268,events/second
1778663175,13350000000,66943765.463282,93884924.034324,873536859.603924,1318397097.133268,events/second
1778663176,13420000000,66958202.022328,90056256.902729,859858878.405647,1311347823.817021,events/second
1778663177,13480000000,66922853.722620,90056256.902729,859858878.405647,1311347823.817021,events/second
1778663178,13500000000,66690523.959358,90056256.902729,859858878.405647,1311347823.817021,events/second
1778663179,13510000000,66411379.747592,90056256.902729,859858878.405647,1311347823.817021,events/second
1778663180,13520000000,66134815.706600,90056256.902729,859858878.405647,1311347823.817021,events/second
1778663181,13530000000,65860990.472829,84614779.043935,846010289.242952,1304204640.898519,events/second
1778663182,13560000000,65686809.873718,84614779.043935,846010289.242952,1304204640.898519,events/second
1778663183,13560000000,65369502.400765,84614779.043935,846010289.242952,1304204640.898519,events/second
1778663184,13580000000,65151098.214951,84614779.043935,846010289.242952,1304204640.898519,events/second
1778663185,13600000000,64934782.549681,84614779.043935,846010289.242952,1304204640.898519,events/second
1778663186,13620000000,64720706.102180,79288555.391139,832324482.941024,1297078871.691135,events/second
1778663187,13650000000,64555843.139187,79288555.391139,832324482.941024,1297078871.691135,events/second
1778663188,13680000000,64392658.793870,79288555.391139,832324482.941024,1297078871.691135,events/second
1778663189,13700000000,64184111.522953,79288555.391139,832324482.941024,1297078871.691135,events/second
1778663190,13710000000,63930949.772383,79288555.391139,832324482.941024,1297078871.691135,events/second
1778663191,13750000000,63819294.477149,75027837.751282,818997111.489973,1290036901.544201,events/second
1778663192,13770000000,63616346.654316,75027837.751282,818997111.489973,1290036901.544201,events/second
1778663193,13820000000,63553136.218559,75027837.751282,818997111.489973,1290036901.544201,events/second
1778663194,13840000000,63353218.266185,75027837.751282,818997111.489973,1290036901.544201,events/second
1778663195,13860000000,63155079.269594,75027837.751282,818997111.489973,1290036901.544201,events/second
1778663196,13870000000,62913339.825620,70947877.113679,805856965.021030,1283022864.678237,events/second
1778663197,13880000000,62673924.858961,70947877.113679,805856965.021030,1283022864.678237,events/second
1778663198,13890000000,62436717.203471,70947877.113679,805856965.021030,1283022864.678237,events/second
1778663199,13930000000,62335679.987976,70947877.113679,805856965.021030,1283022864.678237,events/second
1778663200,13970000000,62235723.600164,70947877.113679,805856965.021030,1283022864.678237,events/second
1778663201,13990000000,62047827.329842,67194132.117144,792934006.069790,1276047686.642609,events/second
1778663202,13990000000,61773250.727688,67194132.117144,792934006.069790,1276047686.642609,events/second
1778663203,14040000000,61721008.958018,67194132.117144,792934006.069790,1276047686.642609,events/second
1778663204,14050000000,61494078.190188,67194132.117144,792934006.069790,1276047686.642609,events/second
1778663205,14060000000,61269243.513312,67194132.117144,792934006.069790,1276047686.642609,events/second
1778663206,14070000000,61046221.154052,63100875.316174,780092416.472910,1269066830.937530,events/second
1778663207,14090000000,60868283.196527,63100875.316174,780092416.472910,1269066830.937530,events/second
1778663208,14150000000,60864125.121445,63100875.316174,780092416.472910,1269066830.937530,events/second
1778663209,14160000000,60645855.321977,63100875.316174,780092416.472910,1269066830.937530,events/second
1778663210,14220000000,60642684.739111,63100875.316174,780092416.472910,1269066830.937530,events/second
1778663211,14250000000,60512173.262185,60934008.966211,767793650.606253,1262235453.274016,events/second
1778663212,14260000000,60298161.267373,60934008.966211,767793650.606253,1262235453.274016,events/second
1778663213,14270000000,60085987.566742,60934008.966211,767793650.606253,1262235453.274016,events/second
1778663214,14300000000,59959359.013284,60934008.966211,767793650.606253,1262235453.274016,events/second
1778663215,14310000000,59750302.078409,60934008.966211,767793650.606253,1262235453.274016,events/second
1778663216,14320000000,59542914.109462,57181372.805525,755334537.443236,1255320039.137202,events/second
1778663217,14330000000,59337339.945703,57181372.805525,755334537.443236,1255320039.137202,events/second
1778663218,14350000000,59174616.259353,57181372.805525,755334537.443236,1255320039.137202,events/second
1778663219,14360000000,58972292.296683,57181372.805525,755334537.443236,1255320039.137202,events/second
1778663220,14370000000,58771529.848945,57181372.805525,755334537.443236,1255320039.137202,events/second
1778663221,14380000000,58572470.147435,53568869.695009,743048298.215119,1248431857.141824,events/second
1778663222,14400000000,58415609.442884,53568869.695009,743048298.215119,1248431857.141824,events/second
1778663223,14410000000,58219598.346079,53568869.695009,743048298.215119,1248431857.141824,events/second
1778663224,14420000000,58025079.322447,53568869.695009,743048298.215119,1248431857.141824,events/second
1778663225,14440000000,57872210.568955,53568869.695009,743048298.215119,1248431857.141824,events/second
1778663226,14470000000,57760608.653253,50724939.897571,731064303.936513,1241615077.633641,events/second
1778663227,14490000000,57610177.359371,50724939.897571,731064303.936513,1241615077.633641,events/second
1778663228,14500000000,57421129.778671,50724939.897571,731064303.936513,1241615077.633641,events/second
1778663229,14510000000,57233696.238162,50724939.897571,731064303.936513,1241615077.633641,events/second
1778663230,14560000000,57204948.281431,50724939.897571,731064303.936513,1241615077.633641,events/second
1778663231,14570000000,57019848.700815,48268309.342582,719311444.753099,1234847144.424041,events/second
1778663232,14590000000,56875120.620979,48268309.342582,719311444.753099,1234847144.424041,events/second
1778663233,14600000000,56692765.893056,48268309.342582,719311444.753099,1234847144.424041,events/second
1778663234,14640000000,56627704.506909,48268309.342582,719311444.753099,1234847144.424041,events/second
1778663235,14650000000,56447710.185761,48268309.342582,719311444.753099,1234847144.424041,events/second
1778663236,14660000000,56269089.533962,45848188.950915,707719786.153069,1228105626.289124,events/second
1778663237,14680000000,56129963.776007,45848188.950915,707719786.153069,1228105626.289124,events/second
1778663238,14690000000,55953797.679040,45848188.950915,707719786.153069,1228105626.289124,events/second
1778663239,14700000000,55779009.074886,45848188.950915,707719786.153069,1228105626.289124,events/second
1778663240,14720000000,55643320.162098,45848188.950915,707719786.153069,1228105626.289124,events/second
1778663241,14740000000,55508757.549535,43461659.531090,696286663.725137,1221390376.885362,events/second
1778663242,14750000000,55337639.706067,43461659.531090,696286663.725137,1221390376.885362,events/second
1778663243,14760000000,55167872.231985,43461659.531090,696286663.725137,1221390376.885362,events/second
1778663244,14770000000,54999327.339049,43461659.531090,696286663.725137,1221390376.885362,events/second
1778663245,14780000000,54831979.866484,43461659.531090,696286663.725137,1221390376.885362,events/second
1778663246,14810000000,54739908.624976,41106035.297290,685009457.096862,1214701250.679992,events/second
1778663247,14830000000,54611646.357650,41106035.297290,685009457.096862,1214701250.679992,events/second
1778663248,14830000000,54410965.683436,41106035.297290,685009457.096862,1214701250.679992,events/second
1778663249,14850000000,54284809.483221,41106035.297290,685009457.096862,1214701250.679992,events/second
1778663250,14850000000,54086812.110352,41106035.297290,685009457.096862,1214701250.679992,events/second
1778663251,14870000000,53962774.405080,38778845.207276,673885589.206748,1208038102.946524,events/second
1778663252,14880000000,53803535.396393,38778845.207276,673885589.206748,1208038102.946524,events/second
1778663253,14900000000,53681328.420027,38778845.207276,673885589.206748,1208038102.946524,events/second
1778663254,14910000000,53524057.568901,38778845.207276,673885589.206748,1208038102.946524,events/second
1778663255,14930000000,53403848.061805,38778845.207276,673885589.206748,1208038102.946524,events/second
1778663256,14940000000,53248771.836068,36797638.133919,662978639.773095,1201422950.368256,events/second
1778663257,14970000000,53165918.100186,36797638.133919,662978639.773095,1201422950.368256,events/second
1778663258,14980000000,53012838.902573,36797638.133919,662978639.773095,1201422950.368256,events/second
1778663259,14990000000,52860869.794818,36797638.133919,662978639.773095,1201422950.368256,events/second
1778663260,14990000000,52674852.799657,36797638.133919,662978639.773095,1201422950.368256,events/second
1778663261,15010000000,52560057.276170,34974839.631852,652251966.356822,1194844446.740742,events/second
1778663262,15020000000,52411140.778862,34974839.631852,652251966.356822,1194844446.740742,events/second
1778663263,15070000000,52402502.304947,34974839.631852,652251966.356822,1194844446.740742,events/second
1778663264,15080000000,52255240.515258,34974839.631852,652251966.356822,1194844446.740742,events/second
1778663265,15100000000,52143586.256960,34974839.631852,652251966.356822,1194844446.740742,events/second
1778663266,15110000000,51998178.301162,33777517.563256,641801760.534520,1188335629.935195,events/second
1778663267,15120000000,51853864.498253,33777517.563256,641801760.534520,1188335629.935195,events/second
1778663268,15150000000,51778788.088216,33777517.563256,641801760.534520,1188335629.935195,events/second
1778663269,15150000000,51602169.169816,33777517.563256,641801760.534520,1188335629.935195,events/second
1778663270,15160000000,51460725.369803,33777517.563256,641801760.534520,1188335629.935195,events/second
1778663271,15170000000,51320111.158148,32036283.398565,631392053.052298,1181818551.748099,events/second
1778663272,15190000000,51214174.981169,32036283.398565,631392053.052298,1181818551.748099,events/second
1778663273,15210000000,51108930.042349,32036283.398565,631392053.052298,1181818551.748099,events/second
1778663274,15220000000,50970986.316843,32036283.398565,631392053.052298,1181818551.748099,events/second
1778663275,15230000000,50833870.357504,32036283.398565,631392053.052298,1181818551.748099,events/second
1778663276,15250000000,50731022.286501,30754092.972263,621220517.085614,1175359739.772703,events/second
1778663277,15260000000,50595641.746399,30754092.972263,621220517.085614,1175359739.772703,events/second
1778663278,15270000000,50461196.966549,30754092.972263,621220517.085614,1175359739.772703,events/second
1778663279,15290000000,50360512.808087,30754092.972263,621220517.085614,1175359739.772703,events/second
1778663280,15300000000,50227728.299833,30754092.972263,621220517.085614,1175359739.772703,events/second
1778663281,15310000000,50095843.866171,29254598.490570,611150987.636146,1168914549.989378,events/second
1778663282,15320000000,49964788.975190,29254598.490570,611150987.636146,1168914549.989378,events/second
1778663283,15330000000,49834450.575437,29254598.490570,611150987.636146,1168914549.989378,events/second
1778663284,15430000000,49996627.251017,29254598.490570,611150987.636146,1168914549.989378,events/second
1778663285,15440000000,49867066.008387,29254598.490570,611150987.636146,1168914549.989378,events/second
1778663286,15450000000,49738348.035697,29154286.333851,601512349.608033,1162593709.969012,events/second
1778663287,15480000000,49674732.593039,29154286.333851,601512349.608033,1162593709.969012,events/second
1778663288,15530000000,49675448.270203,29154286.333851,601512349.608033,1162593709.969012,events/second
1778663289,15530000000,49516803.541265,29154286.333851,601512349.608033,1162593709.969012,events/second
1778663290,15550000000,49422643.638347,29154286.333851,601512349.608033,1162593709.969012,events/second
1778663291,15560000000,49297483.621533,28582261.182118,591933852.976594,1156274647.451125,events/second
1778663292,15570000000,49173044.121749,28582261.182118,591933852.976594,1156274647.451125,events/second
1778663293,15620000000,49175380.616592,28582261.182118,591933852.976594,1156274647.451125,events/second
1778663294,15650000000,49114866.564205,28582261.182118,591933852.976594,1156274647.451125,events/second
1778663295,15740000000,49242413.236638,28582261.182118,591933852.976594,1156274647.451125,events/second
1778663296,15770000000,49182130.833661,29655084.343653,582844245.892614,1150101396.539956,events/second
1778663297,15790000000,49091094.519587,29655084.343653,582844245.892614,1150101396.539956,events/second
1778663298,15800000000,48969672.379035,29655084.343653,582844245.892614,1150101396.539956,events/second
1778663299,15810000000,48848958.030688,29655084.343653,582844245.892614,1150101396.539956,events/second
1778663300,15830000000,48759861.845556,29655084.343653,582844245.892614,1150101396.539956,events/second
1778663301,15840000000,48640528.029136,28403372.910929,573442077.506071,1143807222.121275,events/second
1778663302,15860000000,48552595.471453,28403372.910929,573442077.506071,1143807222.121275,events/second
1778663303,15860000000,48404198.741044,28403372.910929,573442077.506071,1143807222.121275,events/second
1778663304,15870000000,48287078.805766,28403372.910929,573442077.506071,1143807222.121275,events/second
1778663305,15880000000,48170723.604360,28403372.910929,573442077.506071,1143807222.121275,events/second
1778663306,15900000000,48085252.158671,27091831.627782,564162256.201525,1137536838.081568,events/second
1778663307,15910000000,47970127.005657,27091831.627782,564162256.201525,1137536838.081568,events/second
1778663308,15920000000,47855691.734544,27091831.627782,564162256.201525,1137536838.081568,events/second
1778663309,15930000000,47741978.088065,27091831.627782,564162256.201525,1137536838.081568,events/second
1778663310,15940000000,47628980.464212,27091831.627782,564162256.201525,1137536838.081568,events/second
1778663311,15960000000,47546396.115635,25885155.395667,555035816.851938,1131301192.922508,events/second
1778663312,15970000000,47434649.746075,25885155.395667,555035816.851938,1131301192.922508,events/second
1778663313,15970000000,47293865.521363,25885155.395667,555035816.851938,1131301192.922508,events/second
1778663314,16010000000,47270820.218772,25885155.395667,555035816.851938,1131301192.922508,events/second
1778663315,16090000000,47366881.675490,25885155.395667,555035816.851938,1131301192.922508,events/second
1778663316,16110000000,47286339.969390,26214160.204716,546357738.107796,1125199816.921329,events/second
1778663317,16120000000,47176917.354561,26214160.204716,546357738.107796,1125199816.921329,events/second
1778663318,16120000000,47038931.218418,26214160.204716,546357738.107796,1125199816.921329,events/second
1778663319,16150000000,46989142.458668,26214160.204716,546357738.107796,1125199816.921329,events/second
1778663320,16160000000,46881518.489438,26214160.204716,546357738.107796,1125199816.921329,events/second
1778663321,16190000000,46832456.910941,25397481.046478,537591695.742419,1119054681.342644,events/second
1778663322,16200000000,46725933.414981,25397481.046478,537591695.742419,1119054681.342644,events/second
1778663323,16210000000,46620110.485151,25397481.046478,537591695.742419,1119054681.342644,events/second
1778663324,16220000000,46514800.931335,25397481.046478,537591695.742419,1119054681.342644,events/second
1778663325,16240000000,46438758.573251,25397481.046478,537591695.742419,1119054681.342644,events/second
1778663326,16260000000,46363103.716555,24486188.777656,528937486.220723,1112932510.445106,events/second
1778663327,16300000000,46344787.673363,24486188.777656,528937486.220723,1112932510.445106,events/second
1778663328,16310000000,46241523.483433,24486188.777656,528937486.220723,1112932510.445106,events/second
1778663329,16380000000,46308457.773745,24486188.777656,528937486.220723,1112932510.445106,events/second
1778663330,16400000000,46234101.869483,24486188.777656,528937486.220723,1112932510.445106,events/second
1778663331,16400000000,46103854.273918,24767137.610820,520657717.847240,1106921819.432811,events/second
1778663332,16430000000,46058462.115915,24767137.610820,520657717.847240,1106921819.432811,events/second
1778663333,16440000000,45957381.018796,24767137.610820,520657717.847240,1106921819.432811,events/second
1778663334,16450000000,45856938.302402,24767137.610820,520657717.847240,1106921819.432811,events/second
1778663335,16460000000,45757007.248216,24767137.610820,520657717.847240,1106921819.432811,events/second
1778663336,16510000000,45768562.589947,24545889.503346,512415630.730595,1100911187.650349,events/second
1778663337,16540000000,45724767.194029,24545889.503346,512415630.730595,1100911187.650349,events/second
1778663338,16560000000,45653578.034432,24545889.503346,512415630.730595,1100911187.650349,events/second
1778663339,16570000000,45555355.057460,24545889.503346,512415630.730595,1100911187.650349,events/second
1778663340,16570000000,45430227.670102,24545889.503346,512415630.730595,1100911187.650349,events/second
1778663341,16580000000,45333115.319648,23702686.734851,504177544.962037,1094889534.465588,events/second
1778663342,16620000000,45318301.414606,23702686.734851,504177544.962037,1094889534.465588,events/second
1778663343,16620000000,45194773.462027,23702686.734851,504177544.962037,1094889534.465588,events/second
1778663344,16640000000,45126169.371731,23702686.734851,504177544.962037,1094889534.465588,events/second
1778663345,16650000000,45030988.114756,23702686.734851,504177544.962037,1094889534.465588,events/second
1778663346,16660000000,44936231.067049,23086813.908039,496108679.866883,1088912322.458722,events/second
1778663347,16670000000,44842059.149945,23086813.908039,496108679.866883,1088912322.458722,events/second
1778663348,16690000000,44775180.342649,23086813.908039,496108679.866883,1088912322.458722,events/second
1778663349,16690000000,44655171.612324,23086813.908039,496108679.866883,1088912322.458722,events/second
1778663350,16700000000,44562435.717404,23086813.908039,496108679.866883,1088912322.458722,events/second
1778663351,16720000000,44496860.694007,22200361.212126,488107067.196347,1082946064.506901,events/second
1778663352,16720000000,44378509.653055,22200361.212126,488107067.196347,1082946064.506901,events/second
1778663353,16730000000,44287320.351349,22200361.212126,488107067.196347,1082946064.506901,events/second
1778663354,16760000000,44249333.755420,22200361.212126,488107067.196347,1082946064.506901,events/second
1778663355,16760000000,44132639.313471,22200361.212126,488107067.196347,1082946064.506901,events/second
1778663356,16770000000,44042778.054601,21224874.189677,480204652.457981,1077001780.226986,events/second
1778663357,16790000000,43979585.788230,21224874.189677,480204652.457981,1077001780.226986,events/second
1778663358,16790000000,43864498.289971,21224874.189677,480204652.457981,1077001780.226986,events/second
1778663359,16810000000,43802076.828704,21224874.189677,480204652.457981,1077001780.226986,events/second
1778663360,16830000000,43739927.160697,21224874.189677,480204652.457981,1077001780.226986,events/second
1778663361,16830000000,43626306.612347,20487293.973871,472465910.238896,1071101508.489472,events/second
1778663362,16850000000,43565045.417703,20487293.973871,472465910.238896,1071101508.489472,events/second
1778663363,16860000000,43478277.993356,20487293.973871,472465910.238896,1071101508.489472,events/second
1778663364,16870000000,43391993.587866,20487293.973871,472465910.238896,1071101508.489472,events/second
1778663365,16880000000,43306132.860028,20487293.973871,472465910.238896,1071101508.489472,events/second
1778663366,16910000000,43271825.286081,20128509.757459,464921192.362655,1065256085.762178,events/second
1778663367,16930000000,43212181.723439,20128509.757459,464921192.362655,1065256085.762178,events/second
1778663368,16940000000,43127445.064887,20128509.757459,464921192.362655,1065256085.762178,events/second
1778663369,16970000000,43093866.633777,20128509.757459,464921192.362655,1065256085.762178,events/second
1778663370,16970000000,42984450.224045,20128509.757459,464921192.362655,1065256085.762178,events/second
1778663371,17110000000,43229287.014048,21717346.391989,457897862.812516,1059576011.213151,events/second
1778663372,17120000000,43145369.969298,21717346.391989,457897862.812516,1059576011.213151,events/second
1778663373,17140000000,43086949.435938,21717346.391989,457897862.812516,1059576011.213151,events/second
1778663374,17150000000,43003762.932606,21717346.391989,457897862.812516,1059576011.213151,events/second
1778663375,17170000000,42946039.254538,21717346.391989,457897862.812516,1059576011.213151,events/second
1778663376,17170000000,42838653.812740,20940390.272968,450527819.396177,1053772280.884606,events/second
1778663377,17190000000,42781642.971749,20940390.272968,450527819.396177,1053772280.884606,events/second
1778663378,17320000000,42997929.109933,20940390.272968,450527819.396177,1053772280.884606,events/second
1778663379,17330000000,42916000.358367,20940390.272968,450527819.396177,1053772280.884606,events/second
1778663380,17360000000,42883910.821111,20940390.272968,450527819.396177,1053772280.884606,events/second
1778663381,17370000000,42802645.847705,22464312.525630,443742391.375776,1048155828.360083,events/second
1778663382,17400000000,42771017.117882,22464312.525630,443742391.375776,1048155828.360083,events/second
1778663383,17410000000,42690424.511981,22464312.525630,443742391.375776,1048155828.360083,events/second
1778663384,17460000000,42708146.732202,22464312.525630,443742391.375776,1048155828.360083,events/second
1778663385,17470000000,42628175.416086,22464312.525630,443742391.375776,1048155828.360083,events/second
1778663386,17490000000,42572867.549667,22587099.316589,436804659.876897,1042481849.404297,events/second
1778663387,17500000000,42493545.356484,22587099.316589,436804659.876897,1042481849.404297,events/second
1778663388,17510000000,42414691.326291,22587099.316589,436804659.876897,1042481849.404297,events/second
1778663389,17520000000,42336221.759731,22587099.316589,436804659.876897,1042481849.404297,events/second
1778663390,17540000000,42282217.040034,22587099.316589,436804659.876897,1042481849.404297,events/second
1778663391,17560000000,42228467.793878,21900512.764095,429816313.531687,1036783903.634392,events/second
1778663392,17580000000,42174939.329942,21900512.764095,429816313.531687,1036783903.634392,events/second
1778663393,17590000000,42097770.197279,21900512.764095,429816313.531687,1036783903.634392,events/second
1778663394,17590000000,41997111.899175,21900512.764095,429816313.531687,1036783903.634392,events/second
1778663395,17600000000,41920700.847215,21900512.764095,429816313.531687,1036783903.634392,events/second
1778663396,17620000000,41868371.954200,21108911.470572,422910417.299397,1031106445.046122,events/second
1778663397,17650000000,41840071.182005,21108911.470572,422910417.299397,1031106445.046122,events/second
1778663398,17660000000,41764579.260622,21108911.470572,422910417.299397,1031106445.046122,events/second
1778663399,17670000000,41689473.313791,21108911.470572,422910417.299397,1031106445.046122,events/second
1778663400,17680000000,41614661.394131,21108911.470572,422910417.299397,1031106445.046122,events/second
1778663401,17690000000,41540183.969754,20540514.292594,416151722.584242,1025471520.745368,events/second
1778663402,17710000000,41489498.510969,20540514.292594,416151722.584242,1025471520.745368,events/second
1778663403,17720000000,41415726.467312,20540514.292594,416151722.584242,1025471520.745368,events/second
1778663404,17740000000,41365595.704544,20540514.292594,416151722.584242,1025471520.745368,events/second
1778663405,17750000000,41292463.911609,20540514.292594,416151722.584242,1025471520.745368,events/second
1778663406,17750000000,41196473.448597,19857652.472963,409471682.174435,1019856734.477730,events/second
1778663407,17770000000,41147215.609358,19857652.472963,409471682.174435,1019856734.477730,events/second
1778663408,17780000000,41075112.299003,19857652.472963,409471682.174435,1019856734.477730,events/second
1778663409,17800000000,41026318.839811,19857652.472963,409471682.174435,1019856734.477730,events/second
1778663410,17820000000,40977827.059569,19857652.472963,409471682.174435,1019856734.477730,events/second
1778663411,17830000000,40906598.187036,19549211.611331,402968167.305729,1014295215.587415,events/second
1778663412,17850000000,40858558.399324,19549211.611331,402968167.305729,1014295215.587415,events/second
1778663413,17860000000,40787939.955326,19549211.611331,402968167.305729,1014295215.587415,events/second
1778663414,17870000000,40717654.439535,19549211.611331,402968167.305729,1014295215.587415,events/second
1778663415,17870000000,40624910.093616,19549211.611331,402968167.305729,1014295215.587415,events/second
1778663416,17880000000,40555315.432756,18785698.807119,396472974.805782,1008731267.445106,events/second
1778663417,17890000000,40486027.276524,18785698.807119,396472974.805782,1008731267.445106,events/second
1778663418,17900000000,40417035.973487,18785698.807119,396472974.805782,1008731267.445106,events/second
1778663419,17910000000,40348322.204509,18785698.807119,396472974.805782,1008731267.445106,events/second
1778663420,17920000000,40279958.640349,18785698.807119,396472974.805782,1008731267.445106,events/second
1778663421,17930000000,40211886.734508,18083233.116105,390085138.395008,1003198144.421198,events/second
1778663422,17950000000,40166496.629010,18083233.116105,390085138.395008,1003198144.421198,events/second
1778663423,17960000000,40098939.135489,18083233.116105,390085138.395008,1003198144.421198,events/second
1778663424,17990000000,40076298.509515,18083233.116105,390085138.395008,1003198144.421198,events/second
1778663425,18000000000,40009277.203075,18083233.116105,390085138.395008,1003198144.421198,events/second
1778663426,18020000000,39964748.210447,18076578.163585,383935112.002756,997739996.955811,events/second
1778663427,18020000000,39876116.415668,18076578.163585,383935112.002756,997739996.955811,events/second
1778663428,18030000000,39810014.120618,18076578.163585,383935112.002756,997739996.955811,events/second
1778663429,18040000000,39744208.415012,18076578.163585,383935112.002756,997739996.955811,events/second
1778663430,18050000000,39678691.623817,18076578.163585,383935112.002756,997739996.955811,events/second
1778663431,18070000000,39635364.160456,17430810.628723,377754508.236300,992267767.241033,events/second
1778663432,18090000000,39592245.833267,17430810.628723,377754508.236300,992267767.241033,events/second
1778663433,18090000000,39505582.172707,17430810.628723,377754508.236300,992267767.241033,events/second
1778663434,18100000000,39441131.438030,17430810.628723,377754508.236300,992267767.241033,events/second
1778663435,18120000000,39398697.983632,17430810.628723,377754508.236300,992267767.241033,events/second
1778663436,18130000000,39334770.206669,16996586.985866,371709117.956965,986836934.814617,events/second
1778663437,18140000000,39271136.944307,16996586.985866,371709117.956965,986836934.814617,events/second
1778663438,18150000000,39207756.424045,16996586.985866,371709117.956965,986836934.814617,events/second
1778663439,18160000000,39144639.864317,16996586.985866,371709117.956965,986836934.814617,events/second
1778663440,18170000000,39081779.858286,16996586.985866,371709117.956965,986836934.814617,events/second
1778663441,18170000000,38997752.135804,16277259.607073,365697535.005314,981414029.417323,events/second
1778663442,18190000000,38956898.400991,16277259.607073,365697535.005314,981414029.417323,events/second
1778663443,18200000000,38894869.295344,16277259.607073,365697535.005314,981414029.417323,events/second
1778663444,18210000000,38833130.189192,16277259.607073,365697535.005314,981414029.417323,events/second
1778663445,18220000000,38771628.671926,16277259.607073,365697535.005314,981414029.417323,events/second
1778663446,18230000000,38710374.527216,15935268.811407,359851428.964799,976043328.348166,events/second
1778663447,18250000000,38670571.857119,15935268.811407,359851428.964799,976043328.348166,events/second
1778663448,18250000000,38588653.041563,15935268.811407,359851428.964799,976043328.348166,events/second
1778663449,18270000000,38549300.364222,15935268.811407,359851428.964799,976043328.348166,events/second
1778663450,18280000000,38489031.541267,15935268.811407,359851428.964799,976043328.348166,events/second
1778663451,18290000000,38428987.389879,15620622.090000,354101950.557938,970702381.779252,events/second
1778663452,18300000000,38369186.184074,15620622.090000,354101950.557938,970702381.779252,events/second
1778663453,18310000000,38309693.414821,15620622.090000,354101950.557938,970702381.779252,events/second
1778663454,18320000000,38250421.270967,15620622.090000,354101950.557938,970702381.779252,events/second
1778663455,18340000000,38212258.686890,15620622.090000,354101950.557938,970702381.779252,events/second
1778663456,18350000000,38153434.999602,15331133.131388,348447502.670426,965391024.866127,events/second
1778663457,18360000000,38094889.683780,15331133.131388,348447502.670426,965391024.866127,events/second
1778663458,18370000000,38036556.874140,15331133.131388,348447502.670426,965391024.866127,events/second
1778663459,18380000000,37978499.107566,15331133.131388,348447502.670426,965391024.866127,events/second
1778663460,18390000000,37920654.165162,15331133.131388,348447502.670426,965391024.866127,events/second
1778663461,18400000000,37863075.221224,14904879.261179,342853457.493580,960098013.373611,events/second
1778663462,18410000000,37805731.169939,14904879.261179,342853457.493580,960098013.373611,events/second
1778663463,18420000000,37748613.150306,14904879.261179,342853457.493580,960098013.373611,events/second
1778663464,18430000000,37691722.530766,14904879.261179,342853457.493580,960098013.373611,events/second
1778663465,18440000000,37635086.448601,14904879.261179,342853457.493580,960098013.373611,events/second
1778663466,18450000000,37578670.436191,14512706.768679,337351873.750763,954834325.969276,events/second
1778663467,18480000000,37563122.775191,14512706.768679,337351873.750763,954834325.969276,events/second
1778663468,18490000000,37507029.797861,14512706.768679,337351873.750763,954834325.969276,events/second
1778663469,18490000000,37430980.840078,14512706.768679,337351873.750763,954834325.969276,events/second
1778663470,18510000000,37395593.563770,14512706.768679,337351873.750763,954834325.969276,events/second
1778663471,18530000000,37360390.074646,14631624.169607,332040394.465964,949633041.105186,events/second
1778663472,18530000000,37285073.786355,14631624.169607,332040394.465964,949633041.105186,events/second
1778663473,18550000000,37250229.458189,14631624.169607,332040394.465964,949633041.105186,events/second
1778663474,18560000000,37195453.900759,14631624.169607,332040394.465964,949633041.105186,events/second
1778663475,18570000000,37140955.392098,14631624.169607,332040394.465964,949633041.105186,events/second
1778663476,18580000000,37086616.631342,14261299.947909,326717534.934729,944427331.237842,events/second
1778663477,18590000000,37032530.943713,14261299.947909,326717534.934729,944427331.237842,events/second
1778663478,18600000000,36978663.202696,14261299.947909,326717534.934729,944427331.237842,events/second
1778663479,18640000000,36983836.579264,14261299.947909,326717534.934729,944427331.237842,events/second
1778663480,18690000000,37009457.149237,14880052.240582,321680997.087197,939316943.618347,events/second
1778663481,18690000000,36936150.554151,14880052.240582,321680997.087197,939316943.618347,events/second
1778663482,18710000000,36902633.505341,14880052.240582,321680997.087197,939316943.618347,events/second
1778663483,18720000000,36849513.713581,14880052.240582,321680997.087197,939316943.618347,events/second
1778663484,18730000000,36796660.713603,14880052.240582,321680997.087197,939316943.618347,events/second
1778663485,18740000000,36743954.397468,14489864.807047,316529363.333917,934168386.499076,events/second
1778663486,18750000000,36691491.383030,14489864.807047,316529363.333917,934168386.499076,events/second
1778663487,18760000000,36639217.818171,14489864.807047,316529363.333917,934168386.499076,events/second
1778663488,18770000000,36587188.638075,14489864.807047,316529363.333917,934168386.499076,events/second
1778663489,18780000000,36535302.757900,14489864.807047,316529363.333917,934168386.499076,events/second
1778663490,18790000000,36483662.635450,14130875.038164,311462878.597022,929048353.168802,events/second
1778663491,18800000000,36432230.452430,14130875.038164,311462878.597022,929048353.168802,events/second
1778663492,18810000000,36380965.680693,14130875.038164,311462878.597022,929048353.168802,events/second
1778663493,18820000000,36329923.814109,14130875.038164,311462878.597022,929048353.168802,events/second
1778663494,18830000000,36279037.783263,14130875.038164,311462878.597022,929048353.168802,events/second
1778663495,18850000000,36247624.665691,13960499.677136,306513192.579420,923967765.905388,events/second
1778663496,18860000000,36197112.026779,13960499.677136,306513192.579420,923967765.905388,events/second
1778663497,18870000000,36146810.654618,13960499.677136,306513192.579420,923967765.905388,events/second
1778663498,18880000000,36096686.316522,13960499.677136,306513192.579420,923967765.905388,events/second
1778663499,18890000000,36046786.418755,13960499.677136,306513192.579420,923967765.905388,events/second
1778663500,18900000000,35997054.349318,13643835.607090,301612260.583371,918904245.563647,events/second
1778663501,18910000000,35947485.568940,13643835.607090,301612260.583371,918904245.563647,events/second
1778663502,18920000000,35898145.700250,13643835.607090,301612260.583371,918904245.563647,events/second
1778663503,18930000000,35848977.908412,13643835.607090,301612260.583371,918904245.563647,events/second
1778663504,18970000000,35856697.128029,13643835.607090,301612260.583371,918904245.563647,events/second
1778663505,18980000000,35807765.140184,13832224.110355,296891505.145207,913902018.806200,events/second
1778663506,18990000000,35759059.123725,13832224.110355,296891505.145207,913902018.806200,events/second
1778663507,19000000000,35710501.115310,13832224.110355,296891505.145207,913902018.806200,events/second
1778663508,19010000000,35662103.810805,13832224.110355,296891505.145207,913902018.806200,events/second
1778663509,19030000000,35632640.238050,13832224.110355,296891505.145207,913902018.806200,events/second
1778663510,19050000000,35603320.806948,13845638.729823,292215719.838942,908916424.841314,events/second
1778663511,19060000000,35555457.794885,13845638.729823,292215719.838942,908916424.841314,events/second
1778663512,19070000000,35507724.102313,13845638.729823,292215719.838942,908916424.841314,events/second
1778663513,19080000000,35460204.058110,13845638.729823,292215719.838942,908916424.841314,events/second
1778663514,19090000000,35412855.078000,13845638.729823,292215719.838942,908916424.841314,events/second
1778663515,19100000000,35365700.893454,13538158.434056,287551104.281319,903936291.216798,events/second
1778663516,19180000000,35448019.305844,13538158.434056,287551104.281319,903936291.216798,events/second
1778663517,19190000000,35400920.386964,13538158.434056,287551104.281319,903936291.216798,events/second
1778663518,19200000000,35353996.909386,13538158.434056,287551104.281319,903936291.216798,events/second
1778663519,19220000000,35325631.301098,13538158.434056,287551104.281319,903936291.216798,events/second
1778663520,19230000000,35279068.001078,14534552.271257,283228044.776198,899072390.721440,events/second
1778663521,19230000000,35214359.007908,14534552.271257,283228044.776198,899072390.721440,events/second
1778663522,19250000000,35186427.396829,14534552.271257,283228044.776198,899072390.721440,events/second
1778663523,19260000000,35140352.263905,14534552.271257,283228044.776198,899072390.721440,events/second
1778663524,19260000000,35076216.554111,14534552.271257,283228044.776198,899072390.721440,events/second
1778663525,19280000000,35048665.211960,14171989.490015,278711982.420886,894146794.542193,events/second
1778663526,19280000000,34984915.327545,14171989.490015,278711982.420886,894146794.542193,events/second
1778663527,19300000000,34957626.121512,14171989.490015,278711982.420886,894146794.542193,events/second
1778663528,19310000000,34912354.385853,14171989.490015,278711982.420886,894146794.542193,events/second
1778663529,19320000000,34867289.602847,14171989.490015,278711982.420886,894146794.542193,events/second
1778663530,19340000000,34840366.493920,13998326.798922,274303621.103114,889259567.218436,events/second
1778663531,19340000000,34777567.161446,13998326.798922,274303621.103114,889259567.218436,events/second
1778663532,19350000000,34732994.284824,13998326.798922,274303621.103114,889259567.218436,events/second
1778663533,19360000000,34688551.237283,13998326.798922,274303621.103114,889259567.218436,events/second
1778663534,19370000000,34644300.166290,13998326.798922,274303621.103114,889259567.218436,events/second
1778663535,19380000000,34600207.893668,13518727.068469,269902009.404241,884377255.268907,events/second
1778663536,19400000000,34574046.172220,13518727.068469,269902009.404241,884377255.268907,events/second
1778663537,19420000000,34548017.992291,13518727.068469,269902009.404241,884377255.268907,events/second
1778663538,19420000000,34486571.391248,13518727.068469,269902009.404241,884377255.268907,events/second
1778663539,19440000000,34460769.642592,13518727.068469,269902009.404241,884377255.268907,events/second
1778663540,19450000000,34417386.588679,13557207.527433,265672321.224662,879555232.981636,events/second
1778663541,19550000000,34533103.747280,13557207.527433,265672321.224662,879555232.981636,events/second
1778663542,19570000000,34507372.563000,13557207.527433,265672321.224662,879555232.981636,events/second
1778663543,19580000000,34464105.059238,13557207.527433,265672321.224662,879555232.981636,events/second
1778663544,19580000000,34403423.693955,13557207.527433,265672321.224662,879555232.981636,events/second
1778663545,19600000000,34378058.240424,14871900.624706,261777000.380333,874848567.862683,events/second
1778663546,19610000000,34335251.363599,14871900.624706,261777000.380333,874848567.862683,events/second
1778663547,19620000000,34292609.932590,14871900.624706,261777000.380333,874848567.862683,events/second
1778663548,19630000000,34250102.712919,14871900.624706,261777000.380333,874848567.862683,events/second
1778663549,19640000000,34207764.088960,14871900.624706,261777000.380333,874848567.862683,events/second
1778663550,19650000000,34165546.664210,14482364.958390,257615492.602892,870057175.343976,events/second
1778663551,19660000000,34123493.853846,14482364.958390,257615492.602892,870057175.343976,events/second
1778663552,19680000000,34098904.676598,14482364.958390,257615492.602892,870057175.343976,events/second
1778663553,19690000000,34057110.033869,14482364.958390,257615492.602892,870057175.343976,events/second
1778663554,19700000000,34015448.298596,14482364.958390,257615492.602892,870057175.343976,events/second
1778663555,19710000000,33973932.655851,14283886.015038,253555825.591279,865303408.172082,events/second
1778663556,19710000000,33915363.890933,14283886.015038,253555825.591279,865303408.172082,events/second
1778663557,19780000000,33977217.405260,14283886.015038,253555825.591279,865303408.172082,events/second
1778663558,19800000000,33953124.993472,14283886.015038,253555825.591279,865303408.172082,events/second
1778663559,19840000000,33962866.254935,14283886.015038,253555825.591279,865303408.172082,events/second
1778663560,19860000000,33938888.473970,15540477.108458,249860772.804548,860675700.328780,events/second
1778663561,19860000000,33880892.780173,15540477.108458,249860772.804548,860675700.328780,events/second
1778663562,19880000000,33857155.992766,15540477.108458,249860772.804548,860675700.328780,events/second
1778663563,19890000000,33816472.739961,15540477.108458,249860772.804548,860675700.328780,events/second
1778663564,19900000000,33775916.234223,15540477.108458,249860772.804548,860675700.328780,events/second
1778663565,19910000000,33735530.094504,15097485.018018,245896222.944865,855962827.650418,events/second
1778663566,19920000000,33695270.879799,15097485.018018,245896222.944865,855962827.650418,events/second
1778663567,19940000000,33672041.889402,15097485.018018,245896222.944865,855962827.650418,events/second
1778663568,19940000000,33615192.729263,15097485.018018,245896222.944865,855962827.650418,events/second
1778663569,19950000000,33575366.286099,15097485.018018,245896222.944865,855962827.650418,events/second
1778663570,19950000000,33518855.969347,14530001.448743,241964144.238258,851264984.699037,events/second
1778663571,19960000000,33479308.861997,14530001.448743,241964144.238258,851264984.699037,events/second
1778663572,19980000000,33456626.787234,14530001.448743,241964144.238258,851264984.699037,events/second
1778663573,19980000000,33400612.226160,14530001.448743,241964144.238258,851264984.699037,events/second
1778663574,19990000000,33361469.854725,14530001.448743,241964144.238258,851264984.699037,events/second
1778663575,20010000000,33339082.665414,14327713.701920,238163171.260844,846615329.119636,events/second
1778663576,20060000000,33366669.652956,14327713.701920,238163171.260844,846615329.119636,events/second
1778663577,20060000000,33311161.718182,14327713.701920,238163171.260844,846615329.119636,events/second
1778663578,20090000000,33305565.448333,14327713.701920,238163171.260844,846615329.119636,events/second
1778663579,20100000000,33266895.271729,14327713.701920,238163171.260844,846615329.119636,events/second
1778663580,20110000000,33228360.890153,14781244.673273,234557251.210237,842035754.554831,events/second
1778663581,20120000000,33189937.542870,14781244.673273,234557251.210237,842035754.554831,events/second
1778663582,20130000000,33151669.542386,14781244.673273,234557251.210237,842035754.554831,events/second
1778663583,20140000000,33113471.860875,14781244.673273,234557251.210237,842035754.554831,events/second
1778663584,20160000000,33091818.557299,14781244.673273,234557251.210237,842035754.554831,events/second
1778663585,20170000000,33053850.202129,14558868.627362,230878703.406274,837437230.313227,events/second
1778663586,20170000000,32999643.851178,14558868.627362,230878703.406274,837437230.313227,events/second
1778663587,20190000000,32978298.955334,14558868.627362,230878703.406274,837437230.313227,events/second
1778663588,20200000000,32940722.959076,14558868.627362,230878703.406274,837437230.313227,events/second
1778663589,20210000000,32903255.975218,14558868.627362,230878703.406274,837437230.313227,events/second
1778663590,20380000000,33126003.724901,16752940.349495,227756813.034911,833030387.154728,events/second
1778663591,20420000000,33137039.315926,16752940.349495,227756813.034911,833030387.154728,events/second
1778663592,20440000000,33115636.794195,16752940.349495,227756813.034911,833030387.154728,events/second
1778663593,20470000000,33110472.563342,16752940.349495,227756813.034911,833030387.154728,events/second
1778663594,20480000000,33073060.310757,16752940.349495,227756813.034911,833030387.154728,events/second
1778663595,20490000000,33035748.931179,17172472.075326,224355952.049146,828537155.537244,events/second
1778663596,20500000000,32998563.226084,17172472.075326,224355952.049146,828537155.537244,events/second
1778663597,20520000000,32977588.441902,17172472.075326,224355952.049146,828537155.537244,events/second
1778663598,20520000000,32924578.522655,17172472.075326,224355952.049146,828537155.537244,events/second
1778663599,20600000000,32999864.708081,17172472.075326,224355952.049146,828537155.537244,events/second
1778663600,20610000000,32962968.880626,17718371.067178,221044359.443588,824079897.409859,events/second
1778663601,20620000000,32926175.288129,17718371.067178,221044359.443588,824079897.409859,events/second
1778663602,20640000000,32905443.465614,17718371.067178,221044359.443588,824079897.409859,events/second
1778663603,20650000000,32868861.782501,17718371.067178,221044359.443588,824079897.409859,events/second
1778663604,20650000000,32816536.166410,17718371.067178,221044359.443588,824079897.409859,events/second
1778663605,20680000000,32811965.720503,17421066.531877,217622217.187551,819591931.650031,events/second
1778663606,20690000000,32775746.923244,17421066.531877,217622217.187551,819591931.650031,events/second
1778663607,20700000000,32739605.032781,17421066.531877,217622217.187551,819591931.650031,events/second
1778663608,20710000000,32703574.933409,17421066.531877,217622217.187551,819591931.650031,events/second
1778663609,20720000000,32667695.210235,17421066.531877,217622217.187551,819591931.650031,events/second
1778663611,20730000000,32631903.282747,16827710.813246,214190523.783109,815106669.294681,events/second
1778663612,20750000000,32611963.428993,16827710.813246,214190523.783109,815106669.294681,events/second
1778663613,20760000000,32576375.331993,16827710.813246,214190523.783109,815106669.294681,events/second
1778663614,20770000000,32540910.574289,16827710.813246,214190523.783109,815106669.294681,events/second
1778663615,20790000000,32521194.454820,16827710.813246,214190523.783109,815106669.294681,events/second
1778663616,20800000000,32485896.998141,16601619.539914,210881665.466285,810668416.582497,events/second
1778663617,20810000000,32450739.429457,16601619.539914,210881665.466285,810668416.582497,events/second
1778663618,20820000000,32415698.535987,16601619.539914,210881665.466285,810668416.582497,events/second
1778663619,20830000000,32380758.650569,16601619.539914,210881665.466285,810668416.582497,events/second
1778663620,20840000000,32345911.864672,16601619.539914,210881665.466285,810668416.582497,events/second
1778663621,20850000000,32311204.645520,16073783.185205,207561383.582235,806232591.856951,events/second
1778663622,20870000000,32292077.458895,16073783.185205,207561383.582235,806232591.856951,events/second
1778663623,20870000000,32242102.596105,16073783.185205,207561383.582235,806232591.856951,events/second
1778663624,20880000000,32207705.646746,16073783.185205,207561383.582235,806232591.856951,events/second
1778663625,20890000000,32173428.226901,16073783.185205,207561383.582235,806232591.856951,events/second
1778663626,20910000000,32154598.913777,15748061.465959,204329038.222988,801832422.578599,events/second
1778663627,20920000000,32120480.088464,15748061.465959,204329038.222988,801832422.578599,events/second
1778663628,20930000000,32086481.288300,15748061.465959,204329038.222988,801832422.578599,events/second
1778663629,20940000000,32052600.904334,15748061.465959,204329038.222988,801832422.578599,events/second
1778663630,20940000000,32003542.421944,15748061.465959,204329038.222988,801832422.578599,events/second
1778663631,20960000000,31985150.594690,15288471.846702,201117061.740918,797445550.602863,events/second
1778663632,20960000000,31936324.843425,15288471.846702,201117061.740918,797445550.602863,events/second
1778663633,20980000000,31918047.204520,15288471.846702,201117061.740918,797445550.602863,events/second
1778663634,20980000000,31869481.912235,15288471.846702,201117061.740918,797445550.602863,events/second
1778663635,20990000000,31836218.599998,15288471.846702,201117061.740918,797445550.602863,events/second
1778663636,21000000000,31803070.343605,14705717.813741,197925117.468100,793071902.260665,events/second
1778663637,21020000000,31785112.058747,14705717.813741,197925117.468100,793071902.260665,events/second
1778663638,21030000000,31752149.178616,14705717.813741,197925117.468100,793071902.260665,events/second
1778663639,21060000000,31749430.352961,14705717.813741,197925117.468100,793071902.260665,events/second
1778663640,21070000000,31716598.718814,14705717.813741,197925117.468100,793071902.260665,events/second
1778663641,21090000000,31698872.722495,14969114.074319,194951216.855378,788777886.115007,events/second
1778663642,21110000000,31681246.334491,14969114.074319,194951216.855378,788777886.115007,events/second
1778663643,21120000000,31648675.860976,14969114.074319,194951216.855378,788777886.115007,events/second
1778663644,21130000000,31616180.167066,14969114.074319,194951216.855378,788777886.115007,events/second
1778663645,21140000000,31583777.615782,14969114.074319,194951216.855378,788777886.115007,events/second
1778663646,21160000000,31566385.339890,14891627.991216,191960356.311549,784485498.863485,events/second
1778663647,21170000000,31534183.043256,14891627.991216,191960356.311549,784485498.863485,events/second
1778663648,21180000000,31502057.931072,14891627.991216,191960356.311549,784485498.863485,events/second
1778663649,21190000000,31470045.555887,14891627.991216,191960356.311549,784485498.863485,events/second
1778663650,21200000000,31438108.077559,14891627.991216,191960356.311549,784485498.863485,events/second
1778663651,21210000000,31406252.729285,14500515.011763,188952816.159619,780194731.481778,events/second
1778663652,21230000000,31389276.758326,14500515.011763,188952816.159619,780194731.481778,events/second
1778663653,21240000000,31357619.745983,14500515.011763,188952816.159619,780194731.481778,events/second
1778663654,21250000000,31326036.282573,14500515.011763,188952816.159619,780194731.481778,events/second
1778663655,21260000000,31294574.874380,14500515.011763,188952816.159619,780194731.481778,events/second
1778663656,21270000000,31263204.953831,14300584.870269,186028043.366330,775938815.907531,events/second
1778663657,21280000000,31231909.537177,14300584.870269,186028043.366330,775938815.907531,events/second
1778663658,21280000000,31200714.541570,14300584.870269,186028043.366330,775938815.907531,events/second
1778663659,21290000000,31154980.174815,14300584.870269,186028043.366330,775938815.907531,events/second
1778663660,21310000000,31138599.597883,14300584.870269,186028043.366330,775938815.907531,events/second
1778663661,21330000000,31122272.611736,14116640.260272,183151612.815216,771706478.752444,events/second
1778663662,21330000000,31076829.764697,14116640.260272,183151612.815216,771706478.752444,events/second
1778663663,21370000000,31089737.676902,14116640.260272,183151612.815216,771706478.752444,events/second
1778663664,21390000000,31073536.125527,14116640.260272,183151612.815216,771706478.752444,events/second
1778663665,21410000000,31057393.240963,14116640.260272,183151612.815216,771706478.752444,events/second
1778663666,21410000000,31012311.814207,14267225.390726,180388839.664008,767519749.996472,events/second
1778663667,21420000000,30981847.570167,14267225.390726,180388839.664008,767519749.996472,events/second
1778663668,21430000000,30951443.437936,14267225.390726,180388839.664008,767519749.996472,events/second
1778663669,21440000000,30921155.606747,14267225.390726,180388839.664008,767519749.996472,events/second
1778663670,21460000000,30905360.756955,14267225.390726,180388839.664008,767519749.996472,events/second
1778663671,21480000000,30889584.539188,14245859.228184,177638674.044054,763345136.050179,events/second
1778663672,21490000000,30859518.230753,14245859.228184,177638674.044054,763345136.050179,events/second
1778663673,21550000000,30901204.431175,14245859.228184,177638674.044054,763345136.050179,events/second
1778663674,21560000000,30871171.849999,14245859.228184,177638674.044054,763345136.050179,events/second
1778663675,21570000000,30841225.467808,14245859.228184,177638674.044054,763345136.050179,events/second
1778663676,21580000000,30811395.916989,14705934.921900,175033135.940618,759226891.011640,events/second
1778663677,21590000000,30781643.513402,14705934.921900,175033135.940618,759226891.011640,events/second
1778663678,21610000000,30766183.749035,14705934.921900,175033135.940618,759226891.011640,events/second
1778663679,21620000000,30736559.106834,14705934.921900,175033135.940618,759226891.011640,events/second
1778663680,21640000000,30721235.227876,14705934.921900,175033135.940618,759226891.011640,events/second
1778663681,21650000000,30691775.331542,14649491.481986,172371492.316974,755098220.764597,events/second
1778663682,21660000000,30662375.719609,14649491.481986,172371492.316974,755098220.764597,events/second
1778663683,21670000000,30633093.700277,14649491.481986,172371492.316974,755098220.764597,events/second
1778663684,21690000000,30617997.465565,14649491.481986,172371492.316974,755098220.764597,events/second
1778663685,21700000000,30588864.808262,14649491.481986,172371492.316974,755098220.764597,events/second
1778663686,21710000000,30559785.192447,14437649.839609,169720784.700517,750981343.674271,events/second
1778663687,21720000000,30530785.801222,14437649.839609,169720784.700517,750981343.674271,events/second
1778663688,21730000000,30501895.808613,14437649.839609,169720784.700517,750981343.674271,events/second
1778663689,21730000000,30459076.408666,14437649.839609,169720784.700517,750981343.674271,events/second
1778663690,21740000000,30430351.310119,14437649.839609,169720784.700517,750981343.674271,events/second
1778663691,21750000000,30401718.755048,13922923.778272,167047775.242590,746865114.100789,events/second
1778663692,21770000000,30387113.493361,13922923.778272,167047775.242590,746865114.100789,events/second
1778663693,21780000000,30358627.805206,13922923.778272,167047775.242590,746865114.100789,events/second
1778663694,21800000000,30344119.101516,13922923.778272,167047775.242590,746865114.100789,events/second
1778663695,21820000000,30329648.188310,13922923.778272,167047775.242590,746865114.100789,events/second
1778663696,21840000000,30315203.494596,14248908.794181,164584232.206708,742827090.584742,events/second
1778663697,21840000000,30273108.408002,14248908.794181,164584232.206708,742827090.584742,events/second
1778663698,21850000000,30244958.059548,14248908.794181,164584232.206708,742827090.584742,events/second
1778663699,21860000000,30216908.520792,14248908.794181,164584232.206708,742827090.584742,events/second
1778663700,21870000000,30188922.337234,14248908.794181,164584232.206708,742827090.584742,events/second
1778663701,21880000000,30160990.938461,13749273.633614,161996122.493872,738756036.812783,events/second
1778663702,21890000000,30133172.170512,13749273.633614,161996122.493872,738756036.812783,events/second
1778663703,21890000000,30091682.060252,13749273.633614,161996122.493872,738756036.812783,events/second
1778663704,21910000000,30077745.225791,13749273.633614,161996122.493872,738756036.812783,events/second
1778663705,21930000000,30063858.322688,13749273.633614,161996122.493872,738756036.812783,events/second
1778663706,21940000000,30036315.141286,13609409.436265,159516904.656654,734729697.905482,events/second
1778663707,21960000000,30022512.969291,13609409.436265,159516904.656654,734729697.905482,events/second
1778663708,21990000000,30022399.875807,13609409.436265,159516904.656654,734729697.905482,events/second
1778663709,21990000000,29981399.821899,13609409.436265,159516904.656654,734729697.905482,events/second
1778663710,22010000000,29967730.980895,13609409.436265,159516904.656654,734729697.905482,events/second
1778663711,22020000000,29940510.540386,13800550.504170,157144778.870658,730747826.135691,events/second
1778663712,22040000000,29926955.546794,13800550.504170,157144778.870658,730747826.135691,events/second
1778663713,22040000000,29886285.694694,13800550.504170,157144778.870658,730747826.135691,events/second
1778663714,22050000000,29859292.944069,13800550.504170,157144778.870658,730747826.135691,events/second
1778663715,22060000000,29832346.022857,13800550.504170,157144778.870658,730747826.135691,events/second
1778663716,22070000000,29805469.605497,13496675.263878,154712689.598187,726754773.628759,events/second
1778663717,22080000000,29778688.097597,13496675.263878,154712689.598187,726754773.628759,events/second
1778663718,22250000000,29967099.032879,13496675.263878,154712689.598187,726754773.628759,events/second
1778663719,22270000000,29953591.796950,13496675.263878,154712689.598187,726754773.628759,events/second
1778663720,22280000000,29926695.217123,13496675.263878,154712689.598187,726754773.628759,events/second
1778663721,22300000000,29913283.453340,16095497.619648,152915826.887987,722983288.711463,events/second
1778663722,22320000000,29899909.381281,16095497.619648,152915826.887987,722983288.711463,events/second
1778663723,22320000000,29859847.832573,16095497.619648,152915826.887987,722983288.711463,events/second
1778663724,22330000000,29833234.922802,16095497.619648,152915826.887987,722983288.711463,events/second
1778663725,22350000000,29820047.806935,16095497.619648,152915826.887987,722983288.711463,events/second
1778663726,22350000000,29780230.054347,15608128.539344,150553636.043647,719033252.922033,events/second
1778663727,22360000000,29753844.470206,15608128.539344,150553636.043647,719033252.922033,events/second
1778663728,22370000000,29727536.229553,15608128.539344,150553636.043647,719033252.922033,events/second
1778663729,22370000000,29688018.619775,15608128.539344,150553636.043647,719033252.922033,events/second
1778663730,22390000000,29675099.164149,15608128.539344,150553636.043647,719033252.922033,events/second
1778663731,22400000000,29648966.740879,15159727.339146,148230488.779760,715105100.931263,events/second
1778663732,22420000000,29636145.423025,15159727.339146,148230488.779760,715105100.931263,events/second
1778663733,22430000000,29610166.737183,15159727.339146,148230488.779760,715105100.931263,events/second
1778663734,22440000000,29584223.123272,15159727.339146,148230488.779760,715105100.931263,events/second
1778663735,22460000000,29571515.088029,15159727.339146,148230488.779760,715105100.931263,events/second
1778663736,22470000000,29545691.578745,15067000.660875,146011853.947417,711220872.107561,events/second
1778663737,22480000000,29519962.791758,15067000.660875,146011853.947417,711220872.107561,events/second
1778663738,22490000000,29494292.133781,15067000.660875,146011853.947417,711220872.107561,events/second
1778663739,22500000000,29468689.615410,15067000.660875,146011853.947417,711220872.107561,events/second
1778663740,22510000000,29443165.855732,15067000.660875,146011853.947417,711220872.107561,events/second
1778663741,22520000000,29417689.674396,14661865.656961,143763775.738640,707336001.893947,events/second
1778663742,22530000000,29392295.373094,14661865.656961,143763775.738640,707336001.893947,events/second
1778663743,22540000000,29366954.873495,14661865.656961,143763775.738640,707336001.893947,events/second
1778663744,22540000000,29328678.358940,14661865.656961,143763775.738640,707336001.893947,events/second
1778663745,22560000000,29316469.555351,14661865.656961,143763775.738640,707336001.893947,events/second
1778663746,22570000000,29291333.593362,14289123.459439,141552854.994349,703472654.451796,events/second
1778663747,22580000000,29266257.866650,14289123.459439,141552854.994349,703472654.451796,events/second
1778663748,22660000000,29331863.326204,14289123.459439,141552854.994349,703472654.451796,events/second
1778663749,22680000000,29319714.470302,14289123.459439,141552854.994349,703472654.451796,events/second
1778663750,22680000000,29281805.381803,14289123.459439,141552854.994349,703472654.451796,events/second
1778663751,22690000000,29256885.745825,15065562.277702,139609877.202174,699708272.669617,events/second
1778663752,22900000000,29489551.478142,15065562.277702,139609877.202174,699708272.669617,events/second
1778663753,22910000000,29464404.383568,15065562.277702,139609877.202174,699708272.669617,events/second
1778663754,22920000000,29439345.405310,15065562.277702,139609877.202174,699708272.669617,events/second
1778663755,22930000000,29414350.395441,15065562.277702,139609877.202174,699708272.669617,events/second
1778663756,22950000000,29402220.703179,18018676.866125,138161813.301155,696119870.390542,events/second
1778663757,22950000000,29364530.691399,18018676.866125,138161813.301155,696119870.390542,events/second
1778663758,22960000000,29339709.996885,18018676.866125,138161813.301155,696119870.390542,events/second
1778663759,22980000000,29327726.835726,18018676.866125,138161813.301155,696119870.390542,events/second
1778663760,22990000000,29303020.222880,18018676.866125,138161813.301155,696119870.390542,events/second
1778663761,22990000000,29265653.370806,17217627.692654,136010427.759345,692307581.717727,events/second
1778663762,23000000000,29241099.432809,17217627.692654,136010427.759345,692307581.717727,events/second
1778663763,23020000000,29229294.686530,17217627.692654,136010427.759345,692307581.717727,events/second
1778663764,23030000000,29204842.404194,17217627.692654,136010427.759345,692307581.717727,events/second
1778663765,23030000000,29167780.139359,17217627.692654,136010427.759345,692307581.717727,events/second
1778663766,23040000000,29143466.891542,16640538.045501,133927658.585167,688527494.007600,events/second
1778663767,23070000000,29144469.345266,16640538.045501,133927658.585167,688527494.007600,events/second
1778663768,23080000000,29120256.880364,16640538.045501,133927658.585167,688527494.007600,events/second
1778663769,23100000000,29108687.806209,16640538.045501,133927658.585167,688527494.007600,events/second
1778663770,23110000000,29084550.489311,16640538.045501,133927658.585167,688527494.007600,events/second
1778663771,23120000000,29060506.157021,16589323.451120,131978485.834534,684801589.469912,events/second
1778663772,23130000000,29036519.719454,16589323.451120,131978485.834534,684801589.469912,events/second
1778663773,23140000000,29012581.600658,16589323.451120,131978485.834534,684801589.469912,events/second
1778663774,23150000000,28988687.573213,16589323.451120,131978485.834534,684801589.469912,events/second
1778663775,23160000000,28964874.364083,16589323.451120,131978485.834534,684801589.469912,events/second
1778663776,23170000000,28941128.806902,16062470.237389,129962358.798648,681063086.097711,events/second
1778663777,23180000000,28917429.432668,16062470.237389,129962358.798648,681063086.097711,events/second
1778663778,23190000000,28893774.523653,16062470.237389,129962358.798648,681063086.097711,events/second
1778663779,23200000000,28870198.990037,16062470.237389,129962358.798648,681063086.097711,events/second
1778663780,23220000000,28859106.720690,16062470.237389,129962358.798648,681063086.097711,events/second
1778663781,23230000000,28835637.168125,15737653.051508,128012612.503934,677356374.906417,events/second
1778663782,23240000000,28812211.376593,15737653.051508,128012612.503934,677356374.906417,events/second
1778663783,23250000000,28788858.873327,15737653.051508,128012612.503934,677356374.906417,events/second
1778663784,23260000000,28765546.377514,15737653.051508,128012612.503934,677356374.906417,events/second
1778663785,23270000000,28742307.169335,15737653.051508,128012612.503934,677356374.906417,events/second
1778663786,23280000000,28719132.465899,15278895.643121,126062035.588531,673659119.154535,events/second
1778663787,23280000000,28683681.404832,15278895.643121,126062035.588531,673659119.154535,events/second
1778663788,23290000000,28660605.353602,15278895.643121,126062035.588531,673659119.154535,events/second
1778663789,23310000000,28649902.617648,15278895.643121,126062035.588531,673659119.154535,events/second
1778663790,23320000000,28626950.743964,15278895.643121,126062035.588531,673659119.154535,events/second
1778663791,23330000000,28604064.303894,14856818.451864,124143698.873749,669982346.761482,events/second
1778663792,23340000000,28581210.725390,14856818.451864,124143698.873749,669982346.761482,events/second
1778663793,23350000000,28558401.534979,14856818.451864,124143698.873749,669982346.761482,events/second
1778663794,23360000000,28535646.758019,14856818.451864,124143698.873749,669982346.761482,events/second
1778663795,23370000000,28512950.335718,14856818.451864,124143698.873749,669982346.761482,events/second
1778663796,23400000000,28514679.738466,14788311.030989,122323183.660656,666348104.854319,events/second
1778663797,23430000000,28516427.938779,14788311.030989,122323183.660656,666348104.854319,events/second
1778663798,23450000000,28506006.853395,14788311.030989,122323183.660656,666348104.854319,events/second
1778663799,23460000000,28483483.282869,14788311.030989,122323183.660656,666348104.854319,events/second
1778663800,23500000000,28497395.911515,14788311.030989,122323183.660656,666348104.854319,events/second
1778663801,23510000000,28474919.027342,15364925.844018,120664987.286759,662778318.415669,events/second
1778663802,23520000000,28452511.375689,15364925.844018,120664987.286759,662778318.415669,events/second
1778663803,23520000000,28418058.918235,15364925.844018,120664987.286759,662778318.415669,events/second
1778663804,23560000000,28431979.264296,15364925.844018,120664987.286759,662778318.415669,events/second
1778663805,23580000000,28421748.261027,15364925.844018,120664987.286759,662778318.415669,events/second
1778663806,23590000000,28399514.186447,15415703.569913,118935027.211130,659195068.224509,events/second
1778663807,23600000000,28377320.183616,15415703.569913,118935027.211130,659195068.224509,events/second
1778663808,23630000000,28379196.765801,15415703.569913,118935027.211130,659195068.224509,events/second
1778663809,23640000000,28357080.260105,15415703.569913,118935027.211130,659195068.224509,events/second
1778663810,23640000000,28323055.885978,15415703.569913,118935027.211130,659195068.224509,events/second
1778663811,23650000000,28301069.032538,15142598.991528,117167546.675784,655609509.176064,events/second
1778663812,23670000000,28291091.079440,15142598.991528,117167546.675784,655609509.176064,events/second
1778663813,23670000000,28257264.142549,15142598.991528,117167546.675784,655609509.176064,events/second
1778663814,23680000000,28235424.080153,15142598.991528,117167546.675784,655609509.176064,events/second
1778663815,23690000000,28213626.587274,15142598.991528,117167546.675784,655609509.176064,events/second
1778663816,23700000000,28191908.635197,14731419.478834,115396222.931729,652032734.365745,events/second
1778663817,23720000000,28182103.442877,14731419.478834,115396222.931729,652032734.365745,events/second
1778663818,23770000000,28207936.909620,14731419.478834,115396222.931729,652032734.365745,events/second
1778663819,23780000000,28186290.561611,14731419.478834,115396222.931729,652032734.365745,events/second
1778663820,23790000000,28164703.975406,14731419.478834,115396222.931729,652032734.365745,events/second
1778663821,23800000000,28143174.148996,15152671.918476,113819462.055759,648531176.951478,events/second
1778663822,23810000000,28121679.800292,15152671.918476,113819462.055759,648531176.951478,events/second
1778663823,23820000000,28100242.344080,15152671.918476,113819462.055759,648531176.951478,events/second
1778663824,23830000000,28078844.044558,15152671.918476,113819462.055759,648531176.951478,events/second
1778663825,23840000000,28057512.620085,15152671.918476,113819462.055759,648531176.951478,events/second
1778663826,23890000000,28083234.830081,15380331.701977,112235705.652383,645037938.393515,events/second
1778663827,23900000000,28061945.079711,15380331.701977,112235705.652383,645037938.393515,events/second
1778663828,23920000000,28052429.176940,15380331.701977,112235705.652383,645037938.393515,events/second
1778663829,23920000000,28019509.810745,15380331.701977,112235705.652383,645037938.393515,events/second
1778663830,23930000000,27998366.221737,15380331.701977,112235705.652383,645037938.393515,events/second
1778663831,23940000000,27977274.088562,14950144.131257,110545898.070428,641519731.692158,events/second
1778663832,23950000000,27956221.414618,14950144.131257,110545898.070428,641519731.692158,events/second
1778663833,23960000000,27935225.255602,14950144.131257,110545898.070428,641519731.692158,events/second
1778663834,24000000000,27949210.888179,14950144.131257,110545898.070428,641519731.692158,events/second
1778663835,24030000000,27951516.153278,14950144.131257,110545898.070428,641519731.692158,events/second
1778663836,24040000000,27930606.914311,15353908.313280,109049306.012908,638076417.910628,events/second
1778663837,24050000000,27909733.798880,15353908.313280,109049306.012908,638076417.910628,events/second
1778663838,24070000000,27900511.473091,15353908.313280,109049306.012908,638076417.910628,events/second
1778663839,24080000000,27879731.839796,15353908.313280,109049306.012908,638076417.910628,events/second
1778663840,24090000000,27858996.868195,15353908.313280,109049306.012908,638076417.910628,events/second
1778663841,24100000000,27838315.788515,15085744.610812,107445222.076893,634607859.394853,events/second
1778663842,24140000000,27852271.749584,15085744.610812,107445222.076893,634607859.394853,events/second
1778663843,24150000000,27831620.593766,15085744.610812,107445222.076893,634607859.394853,events/second
1778663844,24160000000,27811042.156430,15085744.610812,107445222.076893,634607859.394853,events/second
1778663845,24160000000,27778999.837993,15085744.610812,107445222.076893,634607859.394853,events/second
1778663846,24170000000,27758532.626131,14998933.264891,105900708.408646,631169597.524450,events/second
1778663847,24190000000,27749580.805754,14998933.264891,105900708.408646,631169597.524450,events/second
1778663848,24200000000,27729178.409887,14998933.264891,105900708.408646,631169597.524450,events/second
1778663849,24210000000,27708815.955246,14998933.264891,105900708.408646,631169597.524450,events/second
1778663850,24240000000,27711377.679580,14998933.264891,105900708.408646,631169597.524450,events/second
1778663851,24250000000,27691092.717983,15078974.141692,104414780.398245,627761464.451398,events/second
1778663852,24260000000,27670860.918774,15078974.141692,104414780.398245,627761464.451398,events/second
1778663853,24260000000,27639265.515446,15078974.141692,104414780.398245,627761464.451398,events/second
1778663854,24270000000,27619142.395747,15078974.141692,104414780.398245,627761464.451398,events/second
1778663855,24280000000,27599066.433819,15078974.141692,104414780.398245,627761464.451398,events/second
1778663856,24290000000,27579027.558833,14512970.620369,102821184.248154,624327891.737629,events/second
1778663857,24300000000,27559042.361455,14512970.620369,102821184.248154,624327891.737629,events/second
1778663858,24310000000,27539103.130699,14512970.620369,102821184.248154,624327891.737629,events/second
1778663859,24320000000,27519211.203664,14512970.620369,102821184.248154,624327891.737629,events/second
1778663860,24330000000,27499345.119081,14512970.620369,102821184.248154,624327891.737629,events/second
1778663861,24350000000,27490823.114328,14312044.583398,101320042.110333,620935502.146562,events/second
1778663862,24360000000,27471035.454486,14312044.583398,101320042.110333,620935502.146562,events/second
1778663863,24370000000,27451308.493892,14312044.583398,101320042.110333,620935502.146562,events/second
1778663864,24380000000,27431611.915903,14312044.583398,101320042.110333,620935502.146562,events/second
1778663865,24380000000,27400723.461871,14312044.583398,101320042.110333,620935502.146562,events/second
1778663866,24390000000,27381120.909335,13807361.363847,99777597.484943,617539746.301475,events/second
1778663867,24410000000,27372771.525324,13807361.363847,99777597.484943,617539746.301475,events/second
1778663868,24430000000,27364435.269336,13807361.363847,99777597.484943,617539746.301475,events/second
1778663869,24440000000,27344954.851138,13807361.363847,99777597.484943,617539746.301475,events/second
1778663870,24450000000,27325508.652395,13807361.363847,99777597.484943,617539746.301475,events/second
1778663871,24450000000,27294952.186419,13662852.728024,98326761.411486,614184964.067889,events/second
1778663872,24480000000,27297897.282464,13662852.728024,98326761.411486,614184964.067889,events/second
1778663873,24490000000,27278570.288795,13662852.728024,98326761.411486,614184964.067889,events/second
1778663874,24510000000,27270415.531716,13662852.728024,98326761.411486,614184964.067889,events/second
1778663875,24530000000,27262273.985662,13662852.728024,98326761.411486,614184964.067889,events/second
1778663876,24560000000,27265262.082935,14329454.218476,97065191.010850,610904169.357738,events/second
1778663877,24570000000,27246050.281625,14329454.218476,97065191.010850,610904169.357738,events/second
1778663878,24580000000,27226900.419529,14329454.218476,97065191.010850,610904169.357738,events/second
1778663879,24590000000,27207795.800947,14329454.218476,97065191.010850,610904169.357738,events/second
1778663880,24600000000,27188716.249686,14329454.218476,97065191.010850,610904169.357738,events/second
1778663881,24610000000,27169669.835454,13983290.172103,95626129.980697,607575068.925005,events/second
1778663882,24620000000,27150680.158585,13983290.172103,95626129.980697,607575068.925005,events/second
1778663883,24630000000,27131738.838713,13983290.172103,95626129.980697,607575068.925005,events/second
1778663884,24640000000,27112829.781190,13983290.172103,95626129.980697,607575068.925005,events/second
1778663885,24650000000,27093955.118838,13983290.172103,95626129.980697,607575068.925005,events/second
1778663886,24660000000,27075138.465871,13664803.874691,94210854.537235,604264412.214676,events/second
1778663887,24680000000,27067332.121967,13664803.874691,94210854.537235,604264412.214676,events/second
1778663888,24690000000,27048582.504975,13664803.874691,94210854.537235,604264412.214676,events/second
1778663889,24710000000,27040815.444672,13664803.874691,94210854.537235,604264412.214676,events/second
1778663890,24720000000,27022144.091466,13664803.874691,94210854.537235,604264412.214676,events/second
1778663891,24730000000,27003495.912722,13691604.677104,92885085.724009,600994257.653706,events/second
1778663892,24740000000,26984879.173913,13691604.677104,92885085.724009,600994257.653706,events/second
1778663893,24750000000,26966305.555513,13691604.677104,92885085.724009,600994257.653706,events/second
1778663894,24760000000,26947791.761539,13691604.677104,92885085.724009,600994257.653706,events/second
1778663895,24760000000,26918428.889393,13691604.677104,92885085.724009,600994257.653706,events/second
1778663896,24780000000,26910866.588127,13396440.264189,91515115.757120,597720059.638071,events/second
1778663897,24790000000,26892467.641120,13396440.264189,91515115.757120,597720059.638071,events/second
1778663898,24810000000,26884942.104759,13396440.264189,91515115.757120,597720059.638071,events/second
1778663899,24830000000,26877423.242913,13396440.264189,91515115.757120,597720059.638071,events/second
1778663900,24850000000,26869920.604522,13396440.264189,91515115.757120,597720059.638071,events/second
1778663901,24870000000,26862453.518244,13764520.577655,90300017.771520,594508322.393066,events/second
1778663902,24880000000,26844200.579147,13764520.577655,90300017.771520,594508322.393066,events/second
1778663903,24900000000,26836774.739563,13764520.577655,90300017.771520,594508322.393066,events/second
1778663904,24930000000,26840125.424248,13764520.577655,90300017.771520,594508322.393066,events/second
1778663905,24950000000,26832723.813775,13764520.577655,90300017.771520,594508322.393066,events/second
1778663906,24960000000,26814573.590162,14103170.814194,89105003.589085,591314378.660566,events/second
1778663907,24970000000,26796480.916223,14103170.814194,89105003.589085,591314378.660566,events/second
1778663908,24970000000,26767696.150694,14103170.814194,89105003.589085,591314378.660566,events/second
1778663909,24970000000,26738991.946238,14103170.814194,89105003.589085,591314378.660566,events/second
1778663910,24980000000,26721043.225610,14103170.814194,89105003.589085,591314378.660566,events/second
1778663911,24980000000,26692447.996567,13295365.877645,87698341.607252,588060567.733877,events/second
1778663912,24990000000,26674566.057445,13295365.877645,87698341.607252,588060567.733877,events/second
1778663913,24990000000,26646080.725157,13295365.877645,87698341.607252,588060567.733877,events/second
1778663914,25000000000,26628289.029034,13295365.877645,87698341.607252,588060567.733877,events/second
1778663915,25000000000,26599912.503196,13295365.877645,87698341.607252,588060567.733877,events/second
1778663916,25000000000,26571598.684206,12552149.457663,86314929.702942,584824783.414285,events/second
1778663917,25010000000,26553957.964237,12552149.457663,86314929.702942,584824783.414285,events/second
1778663918,25010000000,26525741.798150,12552149.457663,86314929.702942,584824783.414285,events/second
1778663919,25020000000,26508190.606152,12552149.457663,86314929.702942,584824783.414285,events/second
1778663920,25020000000,26480072.492675,12552149.457663,86314929.702942,584824783.414285,events/second
1778663921,25020000000,26452029.103682,11868357.341598,84954383.586177,581606925.831647,events/second
1778663922,25020000000,26424040.951698,11868357.341598,84954383.586177,581606925.831647,events/second
1778663923,25030000000,26406661.212958,11868357.341598,84954383.586177,581606925.831647,events/second
1778663924,25040000000,26389318.037771,11868357.341598,84954383.586177,581606925.831647,events/second
1778663925,25040000000,26361486.774591,11868357.341598,84954383.586177,581606925.831647,events/second
1778663926,25040000000,26333701.399524,11239238.224445,83616325.318730,578406895.669116,events/second
1778663927,25050000000,26316475.643786,11239238.224445,83616325.318730,578406895.669116,events/second
1778663928,25060000000,26299306.692417,11239238.224445,83616325.318730,578406895.669116,events/second
1778663929,25060000000,26271683.447184,11239238.224445,83616325.318730,578406895.669116,events/second
1778663930,25060000000,26244121.979799,11239238.224445,83616325.318730,578406895.669116,events/second
1778663931,25070000000,26227084.083052,10820331.865313,82333440.301503,575235674.464063,events/second
1778663932,25070000000,26199620.704776,10820331.865313,82333440.301503,575235674.464063,events/second
1778663933,25070000000,26172227.692279,10820331.865313,82333440.301503,575235674.464063,events/second
1778663934,25080000000,26155322.339962,10820331.865313,82333440.301503,575235674.464063,events/second
1778663935,25080000000,26128023.086409,10820331.865313,82333440.301503,575235674.464063,events/second
1778663936,25090000000,26111198.933373,10275008.238600,81038702.416168,572070942.002507,events/second
1778663937,25090000000,26084005.651491,10275008.238600,81038702.416168,572070942.002507,events/second
1778663938,25100000000,26067242.295117,10275008.238600,81038702.416168,572070942.002507,events/second
1778663939,25110000000,26050529.484483,10275008.238600,81038702.416168,572070942.002507,events/second
1778663940,25110000000,26023496.633239,10275008.238600,81038702.416168,572070942.002507,events/second
1778663941,25110000000,25996512.275376,9773286.281677,79765364.665760,568923742.639812,events/second
1778663942,25120000000,25979927.768311,9773286.281677,79765364.665760,568923742.639812,events/second
1778663943,25120000000,25953044.771849,9773286.281677,79765364.665760,568923742.639812,events/second
1778663944,25140000000,25946851.886497,9773286.281677,79765364.665760,568923742.639812,events/second
1778663945,25140000000,25920056.015766,9773286.281677,79765364.665760,568923742.639812,events/second
1778663946,25150000000,25903601.566852,9631502.138995,78579187.521874,565816139.847925,events/second
1778663947,25160000000,25887196.832599,9631502.138995,78579187.521874,565816139.847925,events/second
1778663948,25160000000,25860548.456560,9631502.138995,78579187.521874,565816139.847925,events/second
1778663949,25170000000,25844212.337403,9631502.138995,78579187.521874,565816139.847925,events/second
1778663950,25170000000,25817657.049970,9631502.138995,78579187.521874,565816139.847925,events/second
1778663951,25170000000,25791143.473871,9181232.088956,77346501.976972,562703593.039865,events/second
1778663952,25180000000,25774935.478231,9181232.088956,77346501.976972,562703593.039865,events/second
1778663953,25180000000,25748523.801359,9181232.088956,77346501.976972,562703593.039865,events/second
