t,count,max,mean,min,stddev,p50,p75,p95,p98,p99,p999,mean_rate,m1_rate,m5_rate,m15_rate,rate_unit,duration_unit
1778488097,0,0.000000,0.000000,0.000000,0.000000,0.000000,0.000000,0.000000,0.000000,0.000000,0.000000,0.000000,0.000000,0.000000,0.000000,calls/second,milliseconds
1778488098,3,72.881720,24.642826,0.006387,34.112661,1.040371,72.881720,72.881720,72.881720,72.881720,72.881720,1.519945,0.000000,0.000000,0.000000,calls/second,milliseconds
1778488099,5,72.881720,15.564110,0.006387,28.590371,1.040371,4.143940,72.881720,72.881720,72.881720,72.881720,1.678885,0.000000,0.000000,0.000000,calls/second,milliseconds
1778488100,10,72.881720,8.500381,0.003124,21.318151,0.153625,4.143940,72.881720,72.881720,72.881720,72.881720,2.511068,0.000000,0.000000,0.000000,calls/second,milliseconds
1778488102,15,72.881720,6.175991,0.003124,17.663586,0.189782,4.143940,72.881720,72.881720,72.881720,72.881720,3.008208,0.000000,0.000000,0.000000,calls/second,milliseconds
1778488103,20,72.881720,5.057176,0.003124,15.392579,0.153625,3.594875,5.251547,72.881720,72.881720,72.881720,3.338590,3.000000,3.000000,3.000000,calls/second,milliseconds
1778488104,25,72.881720,4.409954,0.003124,13.809527,0.153625,4.143940,5.251547,72.881720,72.881720,72.881720,3.574384,3.000000,3.000000,3.000000,calls/second,milliseconds
1778488105,30,72.881720,3.976121,0.003124,12.625711,0.153625,4.260596,5.251547,72.881720,72.881720,72.881720,3.751097,3.000000,3.000000,3.000000,calls/second,milliseconds
1778488106,35,72.881720,3.697100,0.003124,11.707539,0.173692,4.260596,6.666402,72.881720,72.881720,72.881720,3.888009,3.000000,3.000000,3.000000,calls/second,milliseconds
1778488107,38,72.881720,3.515733,0.003124,11.240225,0.153625,4.260596,6.666402,72.881720,72.881720,72.881720,3.798096,3.127929,3.026446,3.008864,calls/second,milliseconds
1778488108,40,72.881720,3.427197,0.003124,10.949130,0.153625,4.260596,5.251547,72.881720,72.881720,72.881720,3.633672,3.127929,3.026446,3.008864,calls/second,milliseconds
1778488109,45,72.881720,3.198803,0.002842,10.311718,0.153625,4.125474,5.251547,72.881720,72.881720,72.881720,3.746422,3.127929,3.026446,3.008864,calls/second,milliseconds
1778488110,50,72.881720,3.007833,0.002842,9.768681,0.153625,3.865862,5.251547,6.666402,72.881720,72.881720,3.841809,3.127929,3.026446,3.008864,calls/second,milliseconds
1778488111,55,72.881720,2.864317,0.002842,9.300811,0.153625,3.865862,5.251547,6.666402,72.881720,72.881720,3.923616,3.127929,3.026446,3.008864,calls/second,milliseconds
1778488112,60,72.881720,2.733266,0.002842,8.889897,0.153625,3.625684,5.101292,6.666402,72.881720,72.881720,3.994544,3.229638,3.049149,3.016571,calls/second,milliseconds
1778488113,65,72.881720,2.628704,0.002842,8.527164,0.153625,3.625684,5.101292,6.666402,72.881720,72.881720,4.056432,3.229638,3.049149,3.016571,calls/second,milliseconds
1778488114,70,72.881720,2.537635,0.002842,8.202066,0.160946,3.625684,5.101292,6.666402,72.881720,72.881720,4.111136,3.229638,3.049149,3.016571,calls/second,milliseconds
1778488115,75,72.881720,2.478313,0.002842,7.912349,0.160946,3.628839,4.924263,6.666402,72.881720,72.881720,4.159645,3.229638,3.049149,3.016571,calls/second,milliseconds
1778488116,78,72.881720,2.429118,0.002842,7.749470,0.172782,3.628839,4.924263,6.666402,72.881720,72.881720,4.098041,3.229638,3.049149,3.016571,calls/second,milliseconds
1778488117,80,72.881720,2.411238,0.002842,7.644109,0.172782,3.625684,4.924263,6.666402,72.881720,72.881720,3.992833,3.291233,3.064865,3.022020,calls/second,milliseconds
1778488118,85,72.881720,2.346832,0.002842,7.398925,0.160946,3.625684,4.924263,6.666402,72.881720,72.881720,4.040201,3.291233,3.064865,3.022020,calls/second,milliseconds
1778488119,90,72.881720,2.280410,0.002810,7.173272,0.153625,3.625684,4.924263,6.666402,6.666402,72.881720,4.083257,3.291233,3.064865,3.022020,calls/second,milliseconds
1778488120,95,72.881720,2.220316,0.002771,6.964686,0.153625,3.594875,4.759747,5.251547,6.666402,72.881720,4.122586,3.291233,3.064865,3.022020,calls/second,milliseconds
1778488121,100,72.881720,2.181515,0.002771,6.774647,0.140658,3.594875,4.759747,5.251547,6.666402,72.881720,4.158604,3.291233,3.064865,3.022020,calls/second,milliseconds
1778488122,105,72.881720,2.131166,0.002771,6.595548,0.140658,3.591073,4.759747,5.251547,6.666402,72.881720,4.191760,3.427858,3.096850,3.032978,calls/second,milliseconds
1778488123,110,72.881720,2.094905,0.002687,6.430073,0.136672,3.584850,4.450286,5.251547,6.666402,72.881720,4.222388,3.427858,3.096850,3.032978,calls/second,milliseconds
1778488124,113,72.881720,2.067494,0.002687,6.336347,0.132943,3.591073,4.450286,5.251547,6.666402,72.881720,4.176837,3.427858,3.096850,3.032978,calls/second,milliseconds
1778488125,115,72.881720,2.052005,0.002687,6.272801,0.132943,3.584850,4.450286,5.251547,6.666402,72.881720,4.098862,3.427858,3.096850,3.032978,calls/second,milliseconds
1778488126,120,72.881720,2.008691,0.002687,6.123076,0.132943,3.479883,4.450286,5.251547,6.666402,72.881720,4.129515,3.427858,3.096850,3.032978,calls/second,milliseconds
1778488127,125,72.881720,1.970407,0.002687,5.982377,0.132943,3.471059,4.346746,5.251547,6.666402,72.881720,4.158142,3.473604,3.111777,3.038335,calls/second,milliseconds
1778488128,130,72.881720,1.945480,0.002687,5.851934,0.136672,3.464099,4.346746,5.101292,6.666402,72.881720,4.184945,3.473604,3.111777,3.038335,calls/second,milliseconds
1778488129,135,72.881720,1.914898,0.002687,5.727147,0.132943,3.341806,4.334388,5.101292,6.666402,72.881720,4.210046,3.473604,3.111777,3.038335,calls/second,milliseconds
1778488130,140,72.881720,1.885913,0.002687,5.608377,0.136672,3.341806,4.334388,5.101292,6.666402,72.881720,4.233658,3.473604,3.111777,3.038335,calls/second,milliseconds
1778488131,145,72.881720,1.854922,0.002608,5.495610,0.132943,3.341806,4.334388,5.101292,6.666402,72.881720,4.255885,3.473604,3.111777,3.038335,calls/second,milliseconds
1778488132,150,72.881720,1.835909,0.002289,5.390578,0.132943,3.304272,4.334388,5.101292,6.666402,72.881720,4.276789,3.563666,3.136376,3.046987,calls/second,milliseconds
1778488133,153,72.881720,1.822716,0.002289,5.330015,0.132943,3.341806,4.291609,5.101292,6.666402,72.881720,4.241050,3.563666,3.136376,3.046987,calls/second,milliseconds
1778488134,155,72.881720,1.814319,0.002289,5.288394,0.132943,3.304272,4.291609,5.101292,6.666402,72.881720,4.180286,3.563666,3.136376,3.046987,calls/second,milliseconds
1778488135,160,72.881720,1.792175,0.002289,5.189787,0.136074,3.304272,4.291609,4.924263,5.251547,72.881720,4.201517,3.563666,3.136376,3.046987,calls/second,milliseconds
1778488136,165,72.881720,1.774313,0.002289,5.097014,0.132943,3.272697,4.291609,4.924263,5.251547,72.881720,4.221613,3.563666,3.136376,3.046987,calls/second,milliseconds
1778488137,170,72.881720,1.748802,0.002142,5.006634,0.132943,3.191939,4.264539,4.924263,5.251547,72.881720,4.240757,3.630535,3.157261,3.054483,calls/second,milliseconds
1778488138,175,72.881720,1.728921,0.002142,4.920459,0.131863,3.171996,4.264539,4.924263,5.251547,72.881720,4.259019,3.630535,3.157261,3.054483,calls/second,milliseconds
1778488139,180,72.881720,1.711408,0.002142,4.838251,0.131412,3.171996,4.260596,4.924263,5.251547,72.881720,4.276376,3.630535,3.157261,3.054483,calls/second,milliseconds
1778488140,185,72.881720,1.692613,0.002142,4.758759,0.131412,3.156274,4.260596,4.924263,5.251547,72.881720,4.292957,3.630535,3.157261,3.054483,calls/second,milliseconds
1778488141,188,72.881720,1.679297,0.002142,4.712907,0.130582,3.158095,4.260596,4.924263,5.251547,72.881720,4.263397,3.630535,3.157261,3.054483,calls/second,milliseconds
1778488142,190,72.881720,1.679695,0.002142,4.683007,0.130582,3.158095,4.260596,4.924263,5.251547,72.881720,4.213008,3.660076,3.171191,3.059722,calls/second,milliseconds
1778488143,195,72.881720,1.667353,0.002142,4.609825,0.126231,3.158095,4.143940,4.759747,5.251547,72.881720,4.229883,3.660076,3.171191,3.059722,calls/second,milliseconds
1778488144,200,72.881720,1.654143,0.002142,4.539292,0.130582,3.158095,4.143940,4.759747,5.251547,72.881720,4.246004,3.660076,3.171191,3.059722,calls/second,milliseconds
1778488145,205,72.881720,1.643224,0.002142,4.471147,0.131412,3.156274,4.125474,4.759747,5.251547,72.881720,4.261372,3.660076,3.171191,3.059722,calls/second,milliseconds
1778488146,210,72.881720,1.719113,0.002142,4.578609,0.130582,3.156274,4.260596,5.101292,6.666402,72.881720,4.276194,3.660076,3.171191,3.059722,calls/second,milliseconds
1778488147,215,72.881720,1.702175,0.002142,4.511819,0.126231,3.156274,4.143940,4.924263,6.666402,72.881720,4.290427,3.767211,3.201418,3.070471,calls/second,milliseconds
1778488148,220,72.881720,1.678565,0.002142,4.446096,0.126231,3.132469,4.143940,4.924263,6.666402,72.881720,4.304120,3.767211,3.201418,3.070471,calls/second,milliseconds
1778488149,225,72.881720,1.661248,0.002142,4.382762,0.126231,3.117491,4.125474,4.924263,6.666402,72.881720,4.317249,3.767211,3.201418,3.070471,calls/second,milliseconds
1778488150,228,72.881720,1.650882,0.002142,4.346680,0.126231,3.117491,4.125474,4.924263,6.666402,72.881720,4.292289,3.767211,3.201418,3.070471,calls/second,milliseconds
1778488151,230,72.881720,1.652513,0.002142,4.323575,0.126231,3.132469,4.125474,4.924263,6.666402,72.881720,4.249757,3.767211,3.201418,3.070471,calls/second,milliseconds
1778488152,235,72.881720,1.637449,0.001940,4.264160,0.125561,3.115677,4.038408,4.924263,6.666402,72.881720,4.263215,3.785823,3.214618,3.075621,calls/second,milliseconds
1778488153,240,72.881720,1.622285,0.001940,4.206403,0.123994,3.114610,4.038408,4.759747,6.666402,72.881720,4.276179,3.785823,3.214618,3.075621,calls/second,milliseconds
1778488154,245,72.881720,1.609276,0.001940,4.150686,0.119641,3.100500,4.038408,4.759747,6.666402,72.881720,4.288672,3.785823,3.214618,3.075621,calls/second,milliseconds
1778488155,250,72.881720,1.597140,0.001940,4.097197,0.120317,3.100500,4.031312,4.759747,6.666402,72.881720,4.300733,3.785823,3.214618,3.075621,calls/second,milliseconds
1778488156,255,72.881720,1.587485,0.001940,4.045683,0.120317,3.100500,4.031312,4.759747,6.666402,72.881720,4.312377,3.785823,3.214618,3.075621,calls/second,milliseconds
1778488157,260,72.881720,1.575762,0.001940,3.994773,0.120317,3.100500,3.997381,4.759747,5.251547,72.881720,4.323645,3.850921,3.237516,3.084066,calls/second,milliseconds
1778488158,263,72.881720,1.567931,0.001940,3.965356,0.120317,3.100500,3.997381,4.450286,5.251547,72.881720,4.301821,3.850921,3.237516,3.084066,calls/second,milliseconds
1778488159,265,72.881720,1.565911,0.001940,3.945158,0.120317,3.097458,3.997381,4.450286,5.251547,72.881720,4.264613,3.850921,3.237516,3.084066,calls/second,milliseconds
1778488160,270,72.881720,1.552865,0.001940,3.895785,0.120317,3.064749,3.969795,4.450286,5.251547,72.881720,4.276098,3.850921,3.237516,3.084066,calls/second,milliseconds
1778488161,275,72.881720,1.552904,0.001940,3.853183,0.120317,3.073073,3.969795,4.450286,5.251547,72.881720,4.287234,3.850921,3.237516,3.084066,calls/second,milliseconds
1778488162,280,72.881720,1.544480,0.001940,3.808047,0.120317,3.073073,3.966611,4.450286,5.251547,72.881720,4.298031,3.894823,3.256730,3.091356,calls/second,milliseconds
1778488163,285,72.881720,1.534648,0.001940,3.763774,0.119641,3.073073,3.966611,4.346746,5.251547,72.881720,4.308483,3.894823,3.256730,3.091356,calls/second,milliseconds
1778488164,290,72.881720,1.522963,0.001940,3.719610,0.118684,3.003995,3.866915,4.346746,5.251547,72.881720,4.318623,3.894823,3.256730,3.091356,calls/second,milliseconds
1778488165,295,72.881720,1.512851,0.001940,3.677003,0.118391,3.003995,3.866915,4.346746,5.251547,72.881720,4.328479,3.894823,3.256730,3.091356,calls/second,milliseconds
1778488166,300,72.881720,1.502283,0.001940,3.634877,0.117376,2.976861,3.865862,4.346746,5.101292,72.881720,4.338039,3.894823,3.256730,3.091356,calls/second,milliseconds
1778488167,303,72.881720,1.494217,0.001940,3.610302,0.116552,2.939940,3.865862,4.334388,5.101292,72.881720,4.318814,3.903233,3.269015,3.096390,calls/second,milliseconds
1778488168,305,72.881720,1.492756,0.001940,3.593691,0.116552,2.939940,3.865862,4.334388,5.101292,72.881720,4.286108,3.903233,3.269015,3.096390,calls/second,milliseconds
1778488169,310,72.881720,1.488207,0.001940,3.555938,0.116379,2.939940,3.858034,4.334388,5.101292,72.881720,4.295871,3.903233,3.269015,3.096390,calls/second,milliseconds
1778488170,315,72.881720,1.482306,0.001940,3.517717,0.116552,2.935686,3.858034,4.334388,5.101292,72.881720,4.305365,3.903233,3.269015,3.096390,calls/second,milliseconds
1778488171,320,72.881720,1.474479,0.001940,3.479795,0.118684,2.935686,3.802764,4.334388,5.101292,72.881720,4.314593,3.903233,3.269015,3.096390,calls/second,milliseconds
1778488172,325,72.881720,1.460298,0.001940,3.441332,0.118391,2.839832,3.802764,4.291609,5.101292,72.881720,4.323592,3.990925,3.297626,3.106937,calls/second,milliseconds
1778488173,330,72.881720,1.451917,0.001940,3.405213,0.117376,2.839832,3.796313,4.291609,5.101292,72.881720,4.332370,3.990925,3.297626,3.106937,calls/second,milliseconds
1778488174,335,72.881720,1.441739,0.001940,3.369051,0.116552,2.839832,3.796313,4.291609,5.101292,72.881720,4.340902,3.990925,3.297626,3.106937,calls/second,milliseconds
1778488175,338,72.881720,1.440461,0.001940,3.351486,0.116379,2.839832,3.802764,4.291609,4.924263,72.881720,4.323630,3.990925,3.297626,3.106937,calls/second,milliseconds
1778488176,340,72.881720,1.437219,0.001940,3.336630,0.116379,2.838537,3.802764,4.291609,4.924263,72.881720,4.294153,3.990925,3.297626,3.106937,calls/second,milliseconds
1778488177,345,72.881720,1.428263,0.001940,3.302058,0.115850,2.838537,3.802764,4.291609,4.924263,72.881720,4.302826,3.991651,3.309235,3.111884,calls/second,milliseconds
1778488178,350,72.881720,1.419449,0.001940,3.268130,0.113918,2.809627,3.796313,4.264539,4.924263,72.881720,4.311315,3.991651,3.309235,3.111884,calls/second,milliseconds
1778488179,355,72.881720,1.410017,0.001940,3.234504,0.113500,2.782569,3.796313,4.264539,4.924263,72.881720,4.319594,3.991651,3.309235,3.111884,calls/second,milliseconds
1778488180,360,72.881720,1.405289,0.001940,3.204613,0.112825,2.782569,3.802764,4.264539,4.924263,72.881720,4.327676,3.991651,3.309235,3.111884,calls/second,milliseconds
1778488181,365,72.881720,1.399802,0.001940,3.174077,0.112684,2.762325,3.802764,4.260596,4.924263,72.881720,4.335557,3.991651,3.309235,3.111884,calls/second,milliseconds
1778488182,370,72.881720,1.392681,0.001940,3.143020,0.112551,2.762325,3.796313,4.260596,4.759747,72.881720,4.343251,4.040292,3.330570,3.120129,calls/second,milliseconds
1778488183,375,72.881720,1.385843,0.001940,3.112623,0.112449,2.762325,3.796313,4.260596,4.759747,72.881720,4.350771,4.040292,3.330570,3.120129,calls/second,milliseconds
1778488184,378,72.881720,1.378766,0.001940,3.094494,0.112381,2.757296,3.796313,4.260596,4.759747,72.881720,4.335178,4.040292,3.330570,3.120129,calls/second,milliseconds
1778488185,380,72.881720,1.377850,0.001940,3.082259,0.112381,2.721950,3.796313,4.143940,4.759747,72.881720,4.308609,4.040292,3.330570,3.120129,calls/second,milliseconds
1778488186,385,72.881720,1.369444,0.001940,3.052275,0.112449,2.710823,3.770545,4.143940,4.759747,72.881720,4.316242,4.040292,3.330570,3.120129,calls/second,milliseconds
1778488187,390,72.881720,1.365205,0.001940,3.024464,0.112381,2.757296,3.770545,4.143940,4.759747,72.881720,4.323709,4.069053,3.348246,3.127220,calls/second,milliseconds
1778488188,395,72.881720,1.360404,0.001940,2.997688,0.112251,2.721950,3.770545,4.125474,4.759747,72.881720,4.331029,4.069053,3.348246,3.127220,calls/second,milliseconds
1778488189,400,72.881720,1.357347,0.001940,2.971734,0.110406,2.721950,3.769566,4.125474,4.450286,72.881720,4.338177,4.069053,3.348246,3.127220,calls/second,milliseconds
1778488190,405,72.881720,1.350877,0.001940,2.944668,0.110406,2.710823,3.742995,4.125474,4.450286,72.881720,4.345161,4.069053,3.348246,3.127220,calls/second,milliseconds
1778488191,410,72.881720,1.339550,0.001662,2.916309,0.108932,2.670294,3.742995,4.038408,4.450286,72.881720,4.352030,4.069053,3.348246,3.127220,calls/second,milliseconds
1778488192,413,72.881720,1.335022,0.001662,2.901174,0.108868,2.702574,3.742995,4.038408,4.450286,72.881720,4.337735,4.063531,3.359018,3.132055,calls/second,milliseconds
1778488193,415,72.881720,1.331877,0.001662,2.889665,0.108868,2.670294,3.742995,4.038408,4.450286,72.881720,4.313335,4.063531,3.359018,3.132055,calls/second,milliseconds
1778488194,420,72.881720,1.324699,0.001662,2.863403,0.108507,2.670294,3.664878,4.038408,4.450286,72.881720,4.320303,4.063531,3.359018,3.132055,calls/second,milliseconds
1778488195,425,72.881720,1.317936,0.001662,2.837612,0.108506,2.666351,3.631056,4.038408,4.346746,72.881720,4.327114,4.063531,3.359018,3.132055,calls/second,milliseconds
1778488196,430,72.881720,1.310819,0.001662,2.812384,0.108494,2.666351,3.629256,4.031312,4.346746,72.881720,4.333822,4.063531,3.359018,3.132055,calls/second,milliseconds
1778488197,435,72.881720,1.306641,0.001662,2.788683,0.106505,2.666351,3.629256,4.031312,4.346746,72.881720,4.340384,4.138407,3.386141,3.142404,calls/second,milliseconds
1778488198,440,72.881720,1.304925,0.001662,2.766822,0.105980,2.670294,3.628839,4.031312,4.346746,17.135590,4.346819,4.138407,3.386141,3.142404,calls/second,milliseconds
1778488199,445,72.881720,1.298209,0.001662,2.742911,0.105980,2.666351,3.625684,3.997381,4.346746,17.135590,4.353119,4.138407,3.386141,3.142404,calls/second,milliseconds
1778488200,450,72.881720,1.292487,0.001662,2.719174,0.105460,2.666351,3.611412,3.997381,4.334388,17.135590,4.359280,4.138407,3.386141,3.142404,calls/second,milliseconds
1778488201,453,72.881720,1.288837,0.001410,2.706217,0.105460,2.666351,3.601548,3.997381,4.334388,17.135590,4.346145,4.138407,3.386141,3.142404,calls/second,milliseconds
1778488202,455,72.881720,1.287936,0.001410,2.696535,0.105460,2.666351,3.601548,3.993195,4.334388,17.135590,4.323755,4.127341,3.396288,3.147155,calls/second,milliseconds
1778488203,460,72.881720,1.279841,0.001004,2.672814,0.104044,2.629648,3.594875,3.993195,4.334388,17.135590,4.330038,4.127341,3.396288,3.147155,calls/second,milliseconds
1778488204,465,72.881720,1.273604,0.001004,2.650184,0.103141,2.629648,3.591073,3.993195,4.334388,17.135590,4.336177,4.127341,3.396288,3.147155,calls/second,milliseconds
1778488205,470,72.881720,1.273142,0.001004,2.631155,0.102528,2.629132,3.584850,3.993195,4.334388,17.135590,4.342215,4.127341,3.396288,3.147155,calls/second,milliseconds
1778488206,475,72.881720,1.273335,0.001004,2.613546,0.100109,2.629132,3.601548,3.993195,4.291609,17.135590,4.348134,4.127341,3.396288,3.147155,calls/second,milliseconds
1778488207,480,72.881720,1.268983,0.001004,2.592361,0.102528,2.614675,3.594875,3.993195,4.291609,17.135590,4.353970,4.165133,3.416183,3.155204,calls/second,milliseconds
1778488208,485,72.881720,1.264462,0.001004,2.571532,0.100109,2.614675,3.591073,3.993195,4.291609,17.135590,4.359697,4.165133,3.416183,3.155204,calls/second,milliseconds
1778488209,488,72.881720,1.260802,0.001004,2.559830,0.100109,2.614675,3.591073,3.969795,4.291609,17.135590,4.347496,4.165133,3.416183,3.155204,calls/second,milliseconds
1778488210,490,72.881720,1.261172,0.001004,2.551651,0.100109,2.614675,3.584850,3.969795,4.291609,17.135590,4.326694,4.165133,3.416183,3.155204,calls/second,milliseconds
1778488211,495,72.881720,1.256129,0.001004,2.531221,0.099296,2.614675,3.579426,3.969795,4.291609,17.135590,4.332513,4.165133,3.416183,3.155204,calls/second,milliseconds
1778488212,500,72.881720,1.250407,0.001004,2.510833,0.098464,2.611415,3.567998,3.966611,4.291609,17.135590,4.338216,4.183912,3.432444,3.162100,calls/second,milliseconds
1778488213,505,72.881720,1.247146,0.001004,2.491874,0.098069,2.611415,3.523228,3.966611,4.264539,17.135590,4.343831,4.183912,3.432444,3.162100,calls/second,milliseconds
1778488214,510,72.881720,1.245452,0.001004,2.474357,0.094478,2.611415,3.523228,3.966611,4.264539,17.135590,4.349334,4.183912,3.432444,3.162100,calls/second,milliseconds
1778488215,515,72.881720,1.239021,0.000954,2.454538,0.092155,2.569649,3.506520,3.866915,4.264539,17.135590,4.354749,4.183912,3.432444,3.162100,calls/second,milliseconds
1778488216,520,72.881720,1.235573,0.000886,2.436394,0.092073,2.568559,3.506520,3.866915,4.260596,17.135590,4.360078,4.183912,3.432444,3.162100,calls/second,milliseconds
1778488217,525,72.881720,1.234485,0.000886,2.420309,0.090100,2.559739,3.506520,3.865862,4.260596,17.135590,4.365305,4.169207,3.441825,3.166742,calls/second,milliseconds
1778488218,528,72.881720,1.230695,0.000886,2.409732,0.090096,2.568559,3.506520,3.865862,4.260596,17.135590,4.353962,4.169207,3.441825,3.166742,calls/second,milliseconds
1778488219,530,72.881720,1.230336,0.000886,2.402076,0.090096,2.554287,3.481981,3.865862,4.260596,17.135590,4.334621,4.169207,3.441825,3.166742,calls/second,milliseconds
1778488220,535,72.881720,1.227998,0.000886,2.385359,0.089826,2.550187,3.481981,3.858712,4.260596,17.135590,4.339927,4.169207,3.441825,3.166742,calls/second,milliseconds
1778488221,540,72.881720,1.230664,0.000886,2.373386,0.088660,2.550187,3.506520,3.993195,4.143940,17.135590,4.345156,4.169207,3.441825,3.166742,calls/second,milliseconds
1778488222,545,72.881720,1.225130,0.000886,2.355475,0.088641,2.550187,3.506520,3.969795,4.143940,17.135590,4.350269,4.235633,3.467580,3.176899,calls/second,milliseconds
1778488223,550,72.881720,1.223593,0.000886,2.340366,0.088337,2.550187,3.481981,3.969795,4.143940,17.135590,4.355333,4.235633,3.467580,3.176899,calls/second,milliseconds
1778488224,555,72.881720,1.220496,0.000886,2.324158,0.087707,2.549210,3.481981,3.966611,4.125474,17.135590,4.360319,4.235633,3.467580,3.176899,calls/second,milliseconds
1778488225,560,72.881720,1.218864,0.000886,2.309113,0.088337,2.549210,3.481464,3.966611,4.125474,17.135590,4.365213,4.235633,3.467580,3.176899,calls/second,milliseconds
1778488226,563,72.881720,1.219438,0.000886,2.303316,0.087707,2.549210,3.506520,3.866915,4.125474,17.135590,4.354248,4.235633,3.467580,3.176899,calls/second,milliseconds
1778488227,565,72.881720,1.218276,0.000886,2.295966,0.087707,2.549210,3.506520,3.866915,4.125474,17.135590,4.336101,4.216793,3.476380,3.181459,calls/second,milliseconds
1778488228,570,72.881720,1.214301,0.000886,2.279931,0.086409,2.541669,3.481981,3.866915,4.125474,17.135590,4.341090,4.216793,3.476380,3.181459,calls/second,milliseconds
1778488229,575,72.881720,1.207495,0.000886,2.262526,0.085897,2.532964,3.481981,3.865862,4.118182,17.135590,4.346012,4.216793,3.476380,3.181459,calls/second,milliseconds
1778488230,580,72.881720,1.201928,0.000883,2.245852,0.085792,2.509480,3.481464,3.865862,4.118182,17.135590,4.350847,4.216793,3.476380,3.181459,calls/second,milliseconds
1778488231,585,72.881720,1.198469,0.000883,2.230426,0.085768,2.509228,3.481464,3.858712,4.118182,17.135590,4.355617,4.216793,3.476380,3.181459,calls/second,milliseconds
1778488232,590,72.881720,1.194522,0.000883,2.214890,0.084329,2.508044,3.471998,3.858712,4.118182,17.135590,4.360324,4.247433,3.494951,3.189318,calls/second,milliseconds
1778488233,595,72.881720,1.190679,0.000883,2.199427,0.084266,2.508044,3.471059,3.858712,4.118182,17.135590,4.364963,4.247433,3.494951,3.189318,calls/second,milliseconds
1778488234,600,72.881720,1.187895,0.000883,2.185203,0.083922,2.505581,3.464099,3.858712,4.118182,17.135590,4.369523,4.247433,3.494951,3.189318,calls/second,milliseconds
1778488235,603,72.881720,1.189900,0.000883,2.181857,0.083504,2.508044,3.481464,3.969795,4.118182,17.135590,4.359559,4.247433,3.494951,3.189318,calls/second,milliseconds
1778488236,605,72.881720,1.191304,0.000883,2.176513,0.083504,2.509228,3.481464,3.966611,4.118182,17.135590,4.342570,4.247433,3.494951,3.189318,calls/second,milliseconds
1778488237,610,72.881720,1.186729,0.000883,2.161174,0.083922,2.505581,3.471998,3.966611,4.118182,17.135590,4.347199,4.259631,3.509911,3.196025,calls/second,milliseconds
1778488238,615,72.881720,1.183597,0.000883,2.146734,0.084266,2.500838,3.471059,3.866915,4.118182,17.135590,4.351764,4.259631,3.509911,3.196025,calls/second,milliseconds
1778488239,620,72.881720,1.181609,0.000883,2.133990,0.084329,2.500838,3.464099,3.866915,4.118182,17.135590,4.356257,4.259631,3.509911,3.196025,calls/second,milliseconds
1778488240,625,72.881720,1.181315,0.000883,2.123004,0.084266,2.500838,3.481464,3.865862,4.118182,17.135590,4.360684,4.259631,3.509911,3.196025,calls/second,milliseconds
1778488241,630,72.881720,1.187565,0.000883,2.118612,0.083922,2.505581,3.506520,3.997381,4.264539,17.135590,4.365059,4.259631,3.509911,3.196025,calls/second,milliseconds
1778488242,635,72.881720,1.184796,0.000859,2.105157,0.084266,2.500838,3.481981,3.993195,4.264539,17.135590,4.369364,4.238872,3.518011,3.200479,calls/second,milliseconds
1778488243,638,72.881720,1.184757,0.000859,2.100373,0.083922,2.505581,3.500666,3.993195,4.260596,17.135590,4.359936,4.238872,3.518011,3.200479,calls/second,milliseconds
1778488244,640,72.881720,1.186182,0.000859,2.095371,0.084329,2.508044,3.500666,3.993195,4.260596,17.135590,4.343867,4.238872,3.518011,3.200479,calls/second,milliseconds
1778488245,645,72.881720,1.184147,0.000859,2.083087,0.084266,2.505581,3.500666,3.993195,4.260596,17.135590,4.348232,4.238872,3.518011,3.200479,calls/second,milliseconds
1778488246,650,72.881720,1.178223,0.000859,2.068703,0.083922,2.498851,3.500666,3.969795,4.260596,17.135590,4.352530,4.238872,3.518011,3.200479,calls/second,milliseconds
1778488247,655,72.881720,1.174672,0.000859,2.055513,0.083504,2.497279,3.481981,3.966611,4.143940,17.135590,4.356790,4.299729,3.542506,3.210449,calls/second,milliseconds
1778488248,660,72.881720,1.173734,0.000859,2.044514,0.082929,2.500838,3.481464,3.966611,4.143940,17.135590,4.360976,4.299729,3.542506,3.210449,calls/second,milliseconds
1778488249,665,72.881720,1.169507,0.000859,2.031466,0.082929,2.500838,3.479883,3.866915,4.125474,17.135590,4.365120,4.299729,3.542506,3.210449,calls/second,milliseconds
1778488250,670,72.881720,1.162777,0.000859,2.017523,0.081121,2.490210,3.471998,3.866915,4.125474,17.135590,4.369200,4.299729,3.542506,3.210449,calls/second,milliseconds
1778488251,675,72.881720,1.154453,0.000859,2.002840,0.081002,2.449643,3.464099,3.865862,4.118182,17.135590,4.373243,4.299729,3.542506,3.210449,calls/second,milliseconds
1778488252,678,72.881720,1.151788,0.000859,1.996109,0.081002,2.457779,3.454960,3.858712,4.118182,17.135590,4.364345,4.275764,3.550068,3.214823,calls/second,milliseconds
1778488253,680,72.881720,1.150508,0.000859,1.990238,0.081002,2.449643,3.454960,3.858712,4.118182,17.135590,4.349179,4.275764,3.550068,3.214823,calls/second,milliseconds
1778488254,685,72.881720,1.146400,0.000859,1.978070,0.080568,2.449643,3.446418,3.858712,4.118182,17.135590,4.353259,4.275764,3.550068,3.214823,calls/second,milliseconds
1778488255,690,72.881720,1.142150,0.000859,1.965299,0.080009,2.439534,3.441938,3.858712,4.118182,17.135590,4.357294,4.275764,3.550068,3.214823,calls/second,milliseconds
1778488256,695,72.881720,1.140067,0.000859,1.954221,0.079868,2.435640,3.441938,3.858712,4.118182,17.135590,4.361269,4.275764,3.550068,3.214823,calls/second,milliseconds
1778488257,700,72.881720,1.136142,0.000859,1.942152,0.078708,2.434488,3.432577,3.858301,4.118182,17.135590,4.365202,4.301688,3.567422,3.222497,calls/second,milliseconds
1778488258,705,72.881720,1.130953,0.000859,1.929329,0.078039,2.415997,3.432577,3.858301,4.118182,17.135590,4.369079,4.301688,3.567422,3.222497,calls/second,milliseconds
1778488259,710,72.881720,1.129498,0.000859,1.919098,0.076855,2.415997,3.424226,3.858301,4.118182,17.135590,4.372906,4.301688,3.567422,3.222497,calls/second,milliseconds
1778488260,713,72.881720,1.126675,0.000859,1.912775,0.076855,2.415997,3.390298,3.858301,4.118182,6.666402,4.364437,4.301688,3.567422,3.222497,calls/second,milliseconds
1778488261,715,72.881720,1.127531,0.000859,1.908430,0.076855,2.423273,3.390298,3.858301,4.118182,6.666402,4.350006,4.301688,3.567422,3.222497,calls/second,milliseconds
1778488262,720,72.881720,1.123011,0.000859,1.896285,0.076611,2.413406,3.390298,3.858034,4.118182,6.666402,4.353884,4.309549,3.581183,3.229021,calls/second,milliseconds
1778488263,725,72.881720,1.121658,0.000859,1.886499,0.076154,2.413406,3.366480,3.802764,4.118182,6.666402,4.357728,4.309549,3.581183,3.229021,calls/second,milliseconds
1778488264,730,72.881720,1.117333,0.000859,1.874790,0.075209,2.397205,3.362820,3.796313,4.038408,6.666402,4.361522,4.309549,3.581183,3.229021,calls/second,milliseconds
1778488265,735,72.881720,1.119990,0.000859,1.868748,0.072556,2.408765,3.343768,3.796313,4.038408,6.666402,4.365264,4.309549,3.581183,3.229021,calls/second,milliseconds
1778488266,740,72.881720,1.117838,0.000859,1.858751,0.072412,2.408765,3.341806,3.770545,4.038408,6.666402,4.368952,4.309549,3.581183,3.229021,calls/second,milliseconds
1778488267,745,72.881720,1.113318,0.000859,1.847159,0.071355,2.375941,3.341762,3.770545,4.031312,6.666402,4.372611,4.284799,3.588106,3.233292,calls/second,milliseconds
1778488268,750,72.881720,1.107620,0.000793,1.835108,0.070388,2.363895,3.341762,3.769566,4.031312,6.666402,4.376237,4.284799,3.588106,3.233292,calls/second,milliseconds
1778488269,753,72.881720,1.104483,0.000793,1.829147,0.070335,2.363895,3.298007,3.769566,4.031312,6.666402,4.368215,4.284799,3.588106,3.233292,calls/second,milliseconds
1778488270,755,72.881720,1.103721,0.000793,1.824263,0.070335,2.356482,3.298007,3.757737,4.004562,6.666402,4.354506,4.284799,3.588106,3.233292,calls/second,milliseconds
1778488271,760,72.881720,1.101038,0.000793,1.814140,0.070112,2.356482,3.282097,3.757737,4.004562,6.666402,4.358166,4.284799,3.588106,3.233292,calls/second,milliseconds
1778488272,765,72.881720,1.098848,0.000793,1.804555,0.069254,2.337431,3.276752,3.757737,4.004562,6.666402,4.361771,4.341983,3.611442,3.243080,calls/second,milliseconds
1778488273,770,72.881720,1.097455,0.000793,1.795776,0.068659,2.337431,3.273560,3.757737,4.004562,6.666402,4.365332,4.341983,3.611442,3.243080,calls/second,milliseconds
1778488274,775,72.881720,1.093473,0.000793,1.785099,0.068345,2.325157,3.252003,3.757737,4.004562,6.666402,4.368867,4.341983,3.611442,3.243080,calls/second,milliseconds
1778488275,780,72.881720,1.091494,0.000793,1.775869,0.068156,2.332590,3.252003,3.742995,4.004562,6.666402,4.372357,4.341983,3.611442,3.243080,calls/second,milliseconds
1778488276,785,72.881720,1.088671,0.000793,1.766461,0.068094,2.332590,3.249671,3.742995,4.004562,6.666402,4.375813,4.341983,3.611442,3.243080,calls/second,milliseconds
1778488277,788,72.881720,1.086886,0.000793,1.761830,0.067528,2.332590,3.248779,3.742995,4.004562,6.666402,4.368132,4.314640,3.617864,3.247273,calls/second,milliseconds
1778488278,790,72.881720,1.089781,0.000793,1.759979,0.067528,2.337431,3.243870,3.664878,4.004562,6.666402,4.355040,4.314640,3.617864,3.247273,calls/second,milliseconds
1778488279,795,72.881720,1.089860,0.000793,1.753455,0.066779,2.337431,3.252003,3.631056,4.004562,6.666402,4.358525,4.314640,3.617864,3.247273,calls/second,milliseconds
1778488280,800,72.881720,1.086633,0.000793,1.743708,0.066665,2.323065,3.252003,3.629256,4.004562,5.251547,4.361962,4.314640,3.617864,3.247273,calls/second,milliseconds
1778488281,805,72.881720,1.085191,0.000793,1.735986,0.066094,2.323065,3.249671,3.628839,4.004562,5.251547,4.365368,4.314640,3.617864,3.247273,calls/second,milliseconds
1778488282,810,72.881720,1.081433,0.000793,1.726077,0.066094,2.310107,3.243870,3.611412,3.997381,5.251547,4.368750,4.369438,3.640709,3.256984,calls/second,milliseconds
1778488283,815,72.881720,1.077751,0.000793,1.716166,0.066094,2.310107,3.231971,3.601548,3.997381,5.251547,4.372092,4.369438,3.640709,3.256984,calls/second,milliseconds
1778488284,820,72.881720,1.076510,0.000793,1.708824,0.066094,2.309785,3.194579,3.594875,3.993195,5.251547,4.375399,4.369438,3.640709,3.256984,calls/second,milliseconds
1778488285,825,72.881720,1.071695,0.000793,1.698586,0.065992,2.296048,3.194579,3.591073,3.993195,5.251547,4.378677,4.369438,3.640709,3.256984,calls/second,milliseconds
1778488286,828,72.881720,1.068638,0.000793,1.693452,0.065690,2.296768,3.174939,3.584850,3.993195,5.251547,4.371357,4.369438,3.640709,3.256984,calls/second,milliseconds
1778488287,830,72.881720,1.068789,0.000793,1.689635,0.065690,2.293822,3.174939,3.579426,3.993195,5.251547,4.358847,4.339899,3.646648,3.261100,calls/second,milliseconds
1778488288,835,72.881720,1.066479,0.000793,1.681202,0.065568,2.293822,3.174939,3.567998,3.969795,5.251547,4.362144,4.339899,3.646648,3.261100,calls/second,milliseconds
1778488289,840,72.881720,1.061285,0.000793,1.671071,0.065470,2.269341,3.174939,3.538396,3.969795,5.251547,4.365405,4.339899,3.646648,3.261100,calls/second,milliseconds
1778488290,845,72.881720,1.057647,0.000793,1.661914,0.065224,2.268048,3.161864,3.538396,3.966611,5.251547,4.368647,4.339899,3.646648,3.261100,calls/second,milliseconds
1778488291,850,72.881720,1.055601,0.000793,1.653839,0.064921,2.266057,3.153516,3.538396,3.866915,5.251547,4.371847,4.339899,3.646648,3.261100,calls/second,milliseconds
1778488292,855,72.881720,1.051004,0.000793,1.644141,0.064760,2.264079,3.117491,3.538396,3.866915,5.251547,4.375020,4.312722,3.652488,3.265194,calls/second,milliseconds
1778488293,860,72.881720,1.048411,0.000793,1.635830,0.064574,2.245268,3.113595,3.538396,3.865862,5.101292,4.378158,4.312722,3.652488,3.265194,calls/second,milliseconds
1778488294,863,72.881720,1.046614,0.000793,1.631947,0.064238,2.252335,3.100500,3.523228,3.865862,5.101292,4.371140,4.312722,3.652488,3.265194,calls/second,milliseconds
1778488295,865,72.881720,1.046651,0.000793,1.628338,0.064238,2.239236,3.097458,3.523228,3.858712,5.101292,4.359151,4.312722,3.652488,3.265194,calls/second,milliseconds
1778488296,870,72.881720,1.046534,0.000793,1.622264,0.064089,2.239236,3.053474,3.506520,3.858712,5.101292,4.362325,4.312722,3.652488,3.265194,calls/second,milliseconds
1778488297,875,72.881720,1.044246,0.000793,1.614523,0.064089,2.239236,3.044814,3.506520,3.858712,5.101292,4.365457,4.367674,3.674760,3.274805,calls/second,milliseconds
1778488298,880,72.881720,1.043248,0.000793,1.608393,0.063894,2.239236,3.037633,3.500666,3.858712,5.101292,4.368565,4.367674,3.674760,3.274805,calls/second,milliseconds
1778488299,885,72.881720,1.040790,0.000793,1.600493,0.063513,2.225937,3.028692,3.500666,3.858712,5.101292,4.371638,4.367674,3.674760,3.274805,calls/second,milliseconds
1778488300,890,72.881720,1.039050,0.000793,1.593264,0.062980,2.225937,3.028692,3.500666,3.858301,5.101292,4.374685,4.367674,3.674760,3.274805,calls/second,milliseconds
1778488301,895,72.881720,1.036930,0.000793,1.586011,0.062495,2.225937,3.028692,3.500666,3.858301,5.101292,4.377707,4.367674,3.674760,3.274805,calls/second,milliseconds
1778488302,900,72.881720,1.032725,0.000793,1.577284,0.062148,2.214385,3.024838,3.500666,3.858301,5.101292,4.380698,4.338277,3.680136,3.278823,calls/second,milliseconds
1778488303,901,72.881720,1.029172,0.000793,1.575561,0.061418,2.214385,3.024838,3.500666,3.858301,5.101292,4.364282,4.338277,3.680136,3.278823,calls/second,milliseconds
1778488304,905,72.881720,1.029958,0.000793,1.569888,0.061418,2.214385,3.024838,3.481981,3.858301,5.101292,4.362478,4.338277,3.680136,3.278823,calls/second,milliseconds
1778488305,910,72.881720,1.027355,0.000793,1.562562,0.061240,2.210870,3.017114,3.481464,3.858034,5.101292,4.365502,4.338277,3.680136,3.278823,calls/second,milliseconds
1778488306,915,72.881720,1.023624,0.000793,1.554387,0.060569,2.210752,3.017114,3.479883,3.802764,4.924263,4.368227,4.338277,3.680136,3.278823,calls/second,milliseconds
1778488307,920,72.881720,1.022089,0.000793,1.547840,0.060569,2.209852,3.007940,3.471998,3.796313,4.924263,4.371183,4.391185,3.701952,3.288358,calls/second,milliseconds
1778488308,925,72.881720,1.019568,0.000793,1.540731,0.059962,2.209852,3.003995,3.471059,3.796313,4.924263,4.374114,4.391185,3.701952,3.288358,calls/second,milliseconds
1778488309,930,72.881720,1.018425,0.000793,1.534600,0.059874,2.204323,2.995183,3.454960,3.770545,4.924263,4.377011,4.391185,3.701952,3.288358,calls/second,milliseconds
1778488310,935,72.881720,1.017074,0.000793,1.528266,0.059834,2.210752,2.995183,3.446418,3.770545,4.924263,4.379891,4.391185,3.701952,3.288358,calls/second,milliseconds
1778488311,938,72.881720,1.015387,0.000793,1.525112,0.059412,2.210752,2.995183,3.446418,3.770545,4.924263,4.373421,4.391185,3.701952,3.288358,calls/second,milliseconds
1778488312,940,72.881720,1.016135,0.000793,1.522425,0.059412,2.209852,2.995183,3.441938,3.770545,4.924263,4.362364,4.359908,3.706878,3.292301,calls/second,milliseconds
1778488313,945,72.881720,1.017311,0.000793,1.519125,0.059834,2.209852,3.007940,3.441938,3.757737,4.924263,4.365276,4.359908,3.706878,3.292301,calls/second,milliseconds
1778488314,950,72.881720,1.018685,0.000793,1.515994,0.059874,2.210752,3.017114,3.441938,3.757737,4.924263,4.368151,4.359908,3.706878,3.292301,calls/second,milliseconds
1778488315,955,72.881720,1.019828,0.000793,1.512417,0.059834,2.210870,3.017114,3.432577,3.757737,4.924263,4.371008,4.359908,3.706878,3.292301,calls/second,milliseconds
1778488316,960,72.881720,1.017098,0.000793,1.505546,0.059412,2.210870,3.007940,3.424226,3.757737,4.759747,4.373821,4.359908,3.706878,3.292301,calls/second,milliseconds
1778488317,965,72.881720,1.017910,0.000793,1.501577,0.059278,2.214385,3.003995,3.390298,3.757737,4.759747,4.376614,4.331131,3.711723,3.296222,calls/second,milliseconds
1778488318,970,72.881720,1.015258,0.000793,1.494760,0.059213,2.214385,2.995183,3.390298,3.757737,4.759747,4.379381,4.331131,3.711723,3.296222,calls/second,milliseconds
1778488319,975,72.881720,1.013430,0.000793,1.488698,0.059061,2.210870,2.995183,3.390298,3.742995,4.759747,4.382135,4.331131,3.711723,3.296222,calls/second,milliseconds
1778488320,978,72.881720,1.010105,0.000793,1.484469,0.058962,2.210752,2.995183,3.366480,3.742995,4.759747,4.375910,4.331131,3.711723,3.296222,calls/second,milliseconds
1778488321,980,72.881720,1.010522,0.000793,1.481747,0.058962,2.209852,2.988754,3.363931,3.742995,4.759747,4.365287,4.331131,3.711723,3.296222,calls/second,milliseconds
1778488322,985,72.881720,1.007622,0.000793,1.474767,0.058331,2.199440,2.978418,3.343768,3.664878,4.759747,4.368068,4.384611,3.733016,3.305661,calls/second,milliseconds
1778488323,990,72.881720,1.005604,0.000793,1.468599,0.058245,2.199440,2.974749,3.343768,3.631056,4.759747,4.370818,4.384611,3.733016,3.305661,calls/second,milliseconds
1778488324,995,72.881720,1.002359,0.000793,1.461506,0.058174,2.195144,2.974749,3.341762,3.629256,4.450286,4.373548,4.384611,3.733016,3.305661,calls/second,milliseconds
1778488325,1000,72.881720,1.000320,0.000793,1.455840,0.058245,2.185846,2.962241,3.341762,3.625684,4.450286,4.376247,4.384611,3.733016,3.305661,calls/second,milliseconds
1778488326,1005,72.881720,0.997471,0.000793,1.449117,0.058174,2.183912,2.956944,3.341762,3.611412,4.450286,4.378924,4.384611,3.733016,3.305661,calls/second,milliseconds
1778488327,1010,72.881720,0.992646,0.000793,1.441206,0.058174,2.177442,2.955156,3.298007,3.601548,4.450286,4.381573,4.353859,3.737429,3.309507,calls/second,milliseconds
1778488328,1013,72.881720,0.989933,0.000793,1.437554,0.058138,2.159585,2.949077,3.290406,3.601548,4.450286,4.375562,4.353859,3.737429,3.309507,calls/second,milliseconds
1778488329,1015,72.881720,0.991612,0.000793,1.436056,0.058138,2.170331,2.940621,3.287200,3.594875,4.450286,4.365307,4.353859,3.737429,3.309507,calls/second,milliseconds
1778488330,1020,72.881720,0.990333,0.000793,1.430702,0.056404,2.170331,2.940621,3.287200,3.591073,4.450286,4.367988,4.353859,3.737429,3.309507,calls/second,milliseconds
1778488331,1025,72.881720,0.986352,0.000793,1.423564,0.056374,2.158829,2.940621,3.287200,3.579426,4.450286,4.370641,4.353859,3.737429,3.309507,calls/second,milliseconds
1778488332,1030,72.881720,0.983129,0.000793,1.416815,0.056165,2.119957,2.934541,3.287200,3.567998,4.450286,4.373270,4.405522,3.758297,3.318873,calls/second,milliseconds
1778488333,1035,72.881720,0.980707,0.000793,1.411031,0.056014,2.119957,2.923235,3.287200,3.538396,4.416994,4.375885,4.405522,3.758297,3.318873,calls/second,milliseconds
1778488334,1040,72.881720,0.978758,0.000793,1.405242,0.055620,2.119957,2.916878,3.276752,3.538396,4.416994,4.378478,4.405522,3.758297,3.318873,calls/second,milliseconds
1778488335,1045,72.881720,0.976698,0.000793,1.399565,0.056014,2.117496,2.916878,3.252003,3.538396,4.416994,4.381051,4.405522,3.758297,3.318873,calls/second,milliseconds
1778488336,1050,72.881720,0.976407,0.000793,1.395094,0.056165,2.117496,2.900897,3.252003,3.523228,4.416994,4.383596,4.405522,3.758297,3.318873,calls/second,milliseconds
1778488337,1053,72.881720,0.973035,0.000793,1.391237,0.055873,2.116609,2.896796,3.252003,3.523228,4.416994,4.377811,4.373098,3.762292,3.322647,calls/second,milliseconds
1778488338,1055,72.881720,0.972204,0.000793,1.387989,0.055873,2.116609,2.896796,3.249671,3.506520,4.416994,4.367929,4.373098,3.762292,3.322647,calls/second,milliseconds
1778488339,1060,72.881720,0.966628,0.000793,1.380046,0.055620,2.101865,2.896796,3.231971,3.500666,4.416994,4.370494,4.373098,3.762292,3.322647,calls/second,milliseconds
1778488340,1065,72.881720,0.961100,0.000793,1.372342,0.055873,2.098328,2.881633,3.211050,3.500666,4.416994,4.373033,4.373098,3.762292,3.322647,calls/second,milliseconds
1778488341,1070,72.881720,0.959907,0.000793,1.368035,0.056064,2.092890,2.873910,3.194579,3.500666,4.416994,4.375557,4.373098,3.762292,3.322647,calls/second,milliseconds
1778488342,1075,72.881720,0.958663,0.000793,1.363175,0.056374,2.092890,2.873832,3.174939,3.481981,4.416994,4.378068,4.343267,3.766221,3.326399,calls/second,milliseconds
1778488343,1080,72.881720,0.957650,0.000793,1.358983,0.056043,2.092580,2.862701,3.174939,3.481464,4.416994,4.380556,4.343267,3.766221,3.326399,calls/second,milliseconds
1778488344,1085,72.881720,0.957076,0.000793,1.355078,0.055620,2.092580,2.841721,3.173954,3.479883,4.416994,4.383024,4.343267,3.766221,3.326399,calls/second,milliseconds
1778488345,1088,72.881720,0.955847,0.000793,1.352935,0.055392,2.092580,2.838537,3.173954,3.479883,4.416994,4.377425,4.343267,3.766221,3.326399,calls/second,milliseconds
1778488346,1090,72.881720,0.955791,0.000793,1.350241,0.055873,2.092580,2.835805,3.173954,3.471998,4.416994,4.367861,4.343267,3.766221,3.326399,calls/second,milliseconds
1778488347,1095,72.881720,0.955892,0.000793,1.347324,0.055620,2.092580,2.809290,3.173954,3.454960,4.416994,4.370344,4.395776,3.786614,3.335671,calls/second,milliseconds
1778488348,1100,72.881720,0.952064,0.000793,1.340647,0.055392,2.088266,2.805299,3.173954,3.446418,4.416994,4.372805,4.395776,3.786614,3.335671,calls/second,milliseconds
1778488349,1105,72.881720,0.950901,0.000793,1.336005,0.055263,2.087704,2.785987,3.171996,3.441938,4.416994,4.375253,4.395776,3.786614,3.335671,calls/second,milliseconds
1778488350,1110,72.881720,0.950390,0.000793,1.332460,0.055392,2.091725,2.762325,3.117491,3.441938,4.416994,4.377661,4.395776,3.786614,3.335671,calls/second,milliseconds
1778488351,1115,72.881720,0.951562,0.000793,1.331368,0.055620,2.088266,2.805299,3.174939,3.432577,4.416994,4.380061,4.395776,3.786614,3.335671,calls/second,milliseconds
1778488352,1120,72.881720,0.948905,0.000793,1.325894,0.055392,2.087704,2.785987,3.173954,3.390298,4.416994,4.382453,4.364132,3.790141,3.339352,calls/second,milliseconds
1778488353,1125,72.881720,0.945404,0.000793,1.319785,0.055392,2.080589,2.785383,3.173954,3.390298,4.416994,4.384821,4.364132,3.790141,3.339352,calls/second,milliseconds
1778488354,1128,72.881720,0.943729,0.000793,1.317375,0.055263,2.083409,2.762325,3.173954,3.390298,4.416994,4.379406,4.364132,3.790141,3.339352,calls/second,milliseconds
1778488355,1130,72.881720,0.943094,0.000793,1.314739,0.055263,2.072135,2.757182,3.173954,3.390298,4.416994,4.370160,4.364132,3.790141,3.339352,calls/second,milliseconds
1778488356,1135,72.881720,0.943058,0.000793,1.311550,0.055258,2.072135,2.747110,3.173954,3.363931,4.416994,4.372549,4.364132,3.790141,3.339352,calls/second,milliseconds
1778488357,1140,72.881720,0.939546,0.000793,1.305663,0.055209,2.064790,2.747110,3.173954,3.343768,4.416994,4.374926,4.414973,3.810138,3.348552,calls/second,milliseconds
1778488358,1145,72.881720,0.936724,0.000793,1.300163,0.054800,2.064241,2.747110,3.153516,3.341762,4.416994,4.377285,4.414973,3.810138,3.348552,calls/second,milliseconds
1778488359,1150,72.881720,0.933804,0.000793,1.294632,0.054954,2.064241,2.718284,3.115644,3.290406,4.416994,4.379623,4.414973,3.810138,3.348552,calls/second,milliseconds
1778488360,1155,72.881720,0.932389,0.000793,1.290552,0.055258,2.063532,2.717334,3.115644,3.287200,4.416994,4.381946,4.414973,3.810138,3.348552,calls/second,milliseconds
1778488361,1160,72.881720,0.929555,0.000793,1.285098,0.054839,2.062214,2.712974,3.115644,3.287200,4.416994,4.384252,4.414973,3.810138,3.348552,calls/second,milliseconds
1778488362,1163,72.881720,0.927579,0.000793,1.282667,0.054630,2.062214,2.706878,3.115644,3.287200,4.416994,4.379008,4.381793,3.813276,3.352161,calls/second,milliseconds
1778488363,1165,72.881720,0.928020,0.000793,1.280661,0.054630,2.062923,2.702574,3.114610,3.287200,4.416994,4.370061,4.381793,3.813276,3.352161,calls/second,milliseconds
1778488364,1170,72.881720,0.922470,0.000793,1.274076,0.054189,2.059382,2.684770,3.100500,3.287200,4.416994,4.372389,4.381793,3.813276,3.352161,calls/second,milliseconds
1778488365,1175,72.881720,0.918443,0.000793,1.268068,0.053787,2.057196,2.682686,3.053474,3.279952,4.416994,4.374698,4.381793,3.813276,3.352161,calls/second,milliseconds
1778488366,1180,72.881720,0.919332,0.000793,1.266728,0.053389,2.059175,2.706878,3.037633,3.276118,4.416994,4.376979,4.381793,3.813276,3.352161,calls/second,milliseconds
1778488367,1185,72.881720,0.917732,0.000793,1.262418,0.053374,2.059175,2.699897,3.028692,3.276118,4.334388,4.379246,4.351267,3.816363,3.355750,calls/second,milliseconds
1778488368,1190,72.881720,0.913545,0.000768,1.255932,0.053342,2.043332,2.682686,3.024838,3.276118,4.118182,4.381500,4.351267,3.816363,3.355750,calls/second,milliseconds
1778488369,1195,72.881720,0.913265,0.000768,1.252634,0.052993,2.050014,2.671131,3.017114,3.276118,4.118182,4.383741,4.351267,3.816363,3.355750,calls/second,milliseconds
1778488370,1200,17.135590,0.909407,0.000768,1.121521,0.053227,2.049113,2.654059,3.017114,3.276118,4.118182,4.385956,4.351267,3.816363,3.355750,calls/second,milliseconds
1778488371,1203,17.135590,0.907443,0.000768,1.120107,0.052940,2.057196,2.654059,3.017114,3.276118,4.118182,4.380875,4.351267,3.816363,3.355750,calls/second,milliseconds
1778488372,1205,17.135590,0.906501,0.000768,1.117895,0.052940,2.048160,2.652466,3.007940,3.276118,4.118182,4.372208,4.403137,3.835926,3.364860,calls/second,milliseconds
1778488373,1210,17.135590,0.902961,0.000768,1.113479,0.052913,2.035931,2.652466,2.998743,3.276118,4.118182,4.374442,4.403137,3.835926,3.364860,calls/second,milliseconds
1778488374,1215,17.135590,0.900330,0.000768,1.110052,0.052913,2.016840,2.651905,2.995183,3.276118,4.118182,4.376666,4.403137,3.835926,3.364860,calls/second,milliseconds
1778488375,1220,17.135590,0.900468,0.000768,1.109006,0.052420,2.026569,2.648364,2.995183,3.276118,4.118182,4.378875,4.403137,3.835926,3.364860,calls/second,milliseconds
1778488376,1225,17.135590,0.897904,0.000768,1.105900,0.052316,2.026569,2.639829,2.978418,3.276118,4.118182,4.381067,4.403137,3.835926,3.364860,calls/second,milliseconds
1778488377,1230,17.135590,0.897902,0.000768,1.105050,0.052299,2.026569,2.639829,2.974749,3.252003,4.118182,4.383240,4.370904,3.838638,3.368378,calls/second,milliseconds
1778488378,1235,17.135590,0.896732,0.000768,1.102785,0.052244,2.016840,2.635178,2.970980,3.252003,4.118182,4.385397,4.370904,3.838638,3.368378,calls/second,milliseconds
1778488379,1238,17.135590,0.894918,0.000768,1.101504,0.052122,2.022337,2.635178,2.962241,3.252003,4.118182,4.380457,4.370904,3.838638,3.368378,calls/second,milliseconds
1778488380,1240,17.135590,0.895522,0.000768,1.100295,0.052299,2.013585,2.635178,2.961446,3.252003,4.118182,4.372039,4.370904,3.838638,3.368378,calls/second,milliseconds
1778488381,1245,17.135590,0.892874,0.000768,1.097289,0.052316,2.005712,2.635178,2.955156,3.231971,4.118182,4.374210,4.370904,3.838638,3.368378,calls/second,milliseconds
1778488382,1250,17.135590,0.892116,0.000768,1.095382,0.052420,2.022337,2.634632,2.949077,3.194579,4.118182,4.376376,4.421203,3.857834,3.377418,calls/second,milliseconds
1778488383,1255,17.135590,0.890077,0.000768,1.092287,0.052316,2.002581,2.629132,2.940621,3.174939,4.118182,4.378519,4.421203,3.857834,3.377418,calls/second,milliseconds
1778488384,1260,17.135590,0.923875,0.000768,1.263640,0.052366,2.013585,2.635178,2.995183,3.276118,11.713018,4.380647,4.421203,3.857834,3.377418,calls/second,milliseconds
1778488385,1265,17.135590,0.921102,0.000768,1.258308,0.052913,2.005712,2.635178,2.995183,3.276118,11.713018,4.382758,4.421203,3.857834,3.377418,calls/second,milliseconds
1778488386,1270,17.135590,0.916635,0.000768,1.251934,0.052366,1.993305,2.634632,2.978418,3.276118,11.713018,4.384867,4.421203,3.857834,3.377418,calls/second,milliseconds
1778488387,1275,17.135590,0.914101,0.000768,1.248927,0.052312,1.993305,2.635178,2.974749,3.276118,11.713018,4.386960,4.387526,3.860184,3.380867,calls/second,milliseconds
1778488388,1278,17.135590,0.911519,0.000768,1.246149,0.052366,1.993305,2.635178,2.970980,3.276118,11.713018,4.382178,4.387526,3.860184,3.380867,calls/second,milliseconds
1778488389,1280,17.135590,0.913171,0.000768,1.245336,0.052913,1.996708,2.635178,2.961446,3.276118,11.713018,4.374007,4.387526,3.860184,3.380867,calls/second,milliseconds
1778488390,1285,17.135590,0.910540,0.000768,1.240594,0.052940,1.996264,2.634632,2.955156,3.276118,11.713018,4.376104,4.387526,3.860184,3.380867,calls/second,milliseconds
1778488391,1290,17.135590,0.907976,0.000768,1.235888,0.052913,1.974135,2.611415,2.940621,3.276118,11.713018,4.378197,4.387526,3.860184,3.380867,calls/second,milliseconds
1778488392,1295,17.135590,0.901662,0.000768,1.228789,0.052366,1.966320,2.604672,2.940621,3.276118,11.713018,4.380271,4.404514,3.872412,3.387621,calls/second,milliseconds
1778488393,1300,17.135590,0.897934,0.000768,1.223141,0.052351,1.964618,2.604672,2.940621,3.276118,11.713018,4.382336,4.404514,3.872412,3.387621,calls/second,milliseconds
1778488394,1305,17.135590,0.894437,0.000768,1.217668,0.052327,1.938267,2.603448,2.934541,3.276118,11.713018,4.384382,4.404514,3.872412,3.387621,calls/second,milliseconds
1778488395,1310,17.135590,0.890804,0.000768,1.212123,0.052299,1.937258,2.597602,2.923235,3.276118,11.713018,4.386418,4.404514,3.872412,3.387621,calls/second,milliseconds
1778488396,1313,17.135590,0.888184,0.000768,1.208985,0.052244,1.936014,2.587514,2.921943,3.273560,11.713018,4.381758,4.404514,3.872412,3.387621,calls/second,milliseconds
1778488397,1315,17.135590,0.887004,0.000768,1.205979,0.052244,1.918952,2.587514,2.916878,3.252003,11.713018,4.373812,4.404153,3.881132,3.393230,calls/second,milliseconds
1778488398,1320,17.135590,0.883043,0.000768,1.200159,0.052299,1.908175,2.586630,2.900897,3.252003,11.713018,4.375862,4.404153,3.881132,3.393230,calls/second,milliseconds
1778488399,1325,17.135590,0.881816,0.000768,1.196344,0.052242,1.903670,2.570676,2.896796,3.231971,11.713018,4.377894,4.404153,3.881132,3.393230,calls/second,milliseconds
1778488400,1330,17.135590,0.877615,0.000768,1.190828,0.051847,1.900455,2.567594,2.896796,3.194579,11.713018,4.379913,4.404153,3.881132,3.393230,calls/second,milliseconds
1778488401,1335,17.135590,0.874497,0.000768,1.185497,0.051763,1.896014,2.567594,2.896796,3.174939,11.713018,4.381914,4.404153,3.881132,3.393230,calls/second,milliseconds
1778488402,1340,17.135590,0.870354,0.000768,1.179674,0.051847,1.873776,2.561898,2.881633,3.174939,11.713018,4.383902,4.371839,3.883097,3.396592,calls/second,milliseconds
1778488403,1345,17.135590,0.867818,0.000768,1.174666,0.051692,1.873776,2.559895,2.873910,3.173954,11.713018,4.385887,4.371839,3.883097,3.396592,calls/second,milliseconds
1778488404,1350,17.135590,0.865228,0.000768,1.169691,0.052247,1.870069,2.559830,2.873832,3.173954,11.713018,4.387854,4.371839,3.883097,3.396592,calls/second,milliseconds
1778488405,1353,17.135590,0.862193,0.000748,1.166620,0.052194,1.856417,2.552742,2.873832,3.173954,11.713018,4.383334,4.371839,3.883097,3.396592,calls/second,milliseconds
1778488406,1355,17.135590,0.862032,0.000748,1.164257,0.052194,1.852325,2.552742,2.841721,3.173954,11.713018,4.375611,4.371839,3.883097,3.396592,calls/second,milliseconds
1778488407,1360,17.135590,0.860345,0.000748,1.160006,0.051827,1.846236,2.547433,2.837778,3.173954,11.713018,4.377595,4.422064,3.901558,3.405475,calls/second,milliseconds
1778488408,1365,17.135590,0.856669,0.000748,1.154491,0.052118,1.845948,2.535408,2.837778,3.117491,11.713018,4.379560,4.422064,3.901558,3.405475,calls/second,milliseconds
1778488409,1370,11.713018,0.853312,0.000748,1.142297,0.052247,1.845948,2.527492,2.837778,3.115644,11.713018,4.381517,4.422064,3.901558,3.405475,calls/second,milliseconds
1778488410,1375,11.713018,0.851349,0.000748,1.138408,0.052316,1.840712,2.522105,2.837778,3.115644,11.713018,4.383464,4.422064,3.901558,3.405475,calls/second,milliseconds
1778488411,1380,11.713018,0.849539,0.000725,1.134982,0.052244,1.840712,2.514749,2.835805,3.115644,11.713018,4.385391,4.422064,3.901558,3.405475,calls/second,milliseconds
1778488412,1385,11.713018,0.846235,0.000725,1.130268,0.051847,1.830845,2.512121,2.805299,3.115644,11.713018,4.387315,4.388318,3.903185,3.408768,calls/second,milliseconds
1778488413,1390,11.713018,0.845470,0.000725,1.127336,0.051763,1.840712,2.511108,2.785383,3.044814,11.713018,4.389228,4.388318,3.903185,3.408768,calls/second,milliseconds
1778488414,1393,11.713018,0.840930,0.000725,1.123405,0.051584,1.830845,2.501531,2.747110,3.028692,11.713018,4.384832,4.388318,3.903185,3.408768,calls/second,milliseconds
1778488415,1395,11.713018,0.840795,0.000725,1.121181,0.051584,1.828462,2.490868,2.747110,3.024838,11.713018,4.377320,4.388318,3.903185,3.408768,calls/second,milliseconds
1778488416,1400,11.713018,0.840273,0.000725,1.118271,0.051692,1.828462,2.485219,2.747110,3.024838,11.713018,4.379240,4.388318,3.903185,3.408768,calls/second,milliseconds
1778488417,1405,11.713018,0.837094,0.000725,1.113298,0.051584,1.820258,2.481062,2.735815,3.017114,11.713018,4.381153,4.405243,3.914702,3.415368,calls/second,milliseconds
1778488418,1410,11.713018,0.833911,0.000725,1.108266,0.050958,1.817415,2.478995,2.732928,3.017114,11.713018,4.383048,4.405243,3.914702,3.415368,calls/second,milliseconds
1778488419,1415,11.713018,0.830788,0.000725,1.103568,0.051210,1.804899,2.468238,2.732928,2.995183,11.713018,4.384930,4.405243,3.914702,3.415368,calls/second,milliseconds
1778488420,1420,11.713018,0.827425,0.000725,1.098576,0.050958,1.777997,2.468238,2.732928,2.995183,11.713018,4.386807,4.405243,3.914702,3.415368,calls/second,milliseconds
1778488421,1425,11.713018,0.825604,0.000725,1.095085,0.050290,1.777997,2.445536,2.732928,2.978418,11.713018,4.388668,4.405243,3.914702,3.415368,calls/second,milliseconds
1778488422,1428,11.713018,0.824117,0.000725,1.093449,0.050062,1.777997,2.433685,2.732928,2.974749,11.713018,4.384372,4.404824,3.922723,3.420823,calls/second,milliseconds
1778488423,1430,11.713018,0.826541,0.000725,1.093956,0.050958,1.790454,2.428776,2.718284,2.974749,11.713018,4.377049,4.404824,3.922723,3.420823,calls/second,milliseconds
1778488424,1435,11.713018,0.824493,0.000725,1.090033,0.050290,1.790454,2.415997,2.712974,2.940621,11.713018,4.378919,4.404824,3.922723,3.420823,calls/second,milliseconds
1778488425,1440,11.713018,0.821440,0.000725,1.085112,0.049964,1.777997,2.414979,2.699897,2.940621,11.713018,4.380784,4.404824,3.922723,3.420823,calls/second,milliseconds
1778488426,1445,11.713018,0.817911,0.000725,1.080260,0.049760,1.775441,2.413406,2.682686,2.934541,11.713018,4.382638,4.404824,3.922723,3.420823,calls/second,milliseconds
1778488427,1450,11.713018,0.814544,0.000725,1.075338,0.049851,1.761579,2.400171,2.670294,2.922675,11.713018,4.384474,4.372456,3.924001,3.424032,calls/second,milliseconds
1778488428,1455,11.713018,0.811703,0.000725,1.071034,0.049760,1.761579,2.398244,2.654059,2.916878,11.713018,4.386299,4.372456,3.924001,3.424032,calls/second,milliseconds
1778488429,1460,11.713018,0.807776,0.000725,1.066044,0.049455,1.741001,2.365903,2.652466,2.916878,11.713018,4.388119,4.372456,3.924001,3.424032,calls/second,milliseconds
1778488430,1465,11.713018,0.806409,0.000725,1.063039,0.049455,1.740253,2.365008,2.652466,2.900897,11.713018,4.389922,4.372456,3.924001,3.424032,calls/second,milliseconds
1778488431,1468,11.713018,0.803003,0.000725,1.060442,0.049455,1.731554,2.364991,2.651905,2.900897,11.713018,4.385744,4.372456,3.924001,3.424032,calls/second,milliseconds
1778488432,1470,11.713018,0.801687,0.000725,1.057887,0.049346,1.731554,2.364991,2.651905,2.900897,11.713018,4.378605,4.422631,3.941785,3.432763,calls/second,milliseconds
1778488433,1475,11.713018,0.800103,0.000725,1.054239,0.049241,1.726993,2.350647,2.648103,2.896796,11.713018,4.380426,4.422631,3.941785,3.432763,calls/second,milliseconds
1778488434,1480,11.713018,0.797941,0.000725,1.050384,0.049058,1.726993,2.343361,2.639829,2.896796,11.713018,4.382233,4.422631,3.941785,3.432763,calls/second,milliseconds
1778488435,1485,11.713018,0.795152,0.000725,1.046190,0.048982,1.726993,2.337431,2.639829,2.896796,11.713018,4.384035,4.422631,3.941785,3.432763,calls/second,milliseconds
1778488436,1490,11.713018,0.792263,0.000725,1.041670,0.048952,1.714425,2.325724,2.639829,2.873910,11.713018,4.385821,4.422631,3.941785,3.432763,calls/second,milliseconds
1778488437,1495,11.713018,0.789220,0.000725,1.037075,0.048952,1.706865,2.313230,2.635178,2.873910,11.713018,4.387597,4.388840,3.942747,3.435905,calls/second,milliseconds
1778488438,1500,11.713018,0.789104,0.000725,1.035239,0.048952,1.708404,2.313230,2.635178,2.873832,11.713018,4.389368,4.388840,3.942747,3.435905,calls/second,milliseconds
1778488439,1505,11.713018,0.786676,0.000725,1.031372,0.048952,1.708248,2.313230,2.635178,2.873832,11.713018,4.391121,4.388840,3.942747,3.435905,calls/second,milliseconds
1778488440,1508,11.713018,0.784211,0.000725,1.029143,0.048773,1.706865,2.313063,2.634632,2.841721,11.713018,4.387053,4.388840,3.942747,3.435905,calls/second,milliseconds
1778488441,1510,11.713018,0.784246,0.000725,1.027328,0.048773,1.703753,2.296877,2.605697,2.837778,11.713018,4.380108,4.388840,3.942747,3.435905,calls/second,milliseconds
1778488442,1515,11.713018,0.781987,0.000725,1.023410,0.048597,1.703753,2.296877,2.604672,2.837778,11.713018,4.381875,4.437705,3.960222,3.444571,calls/second,milliseconds
1778488443,1520,11.713018,0.779642,0.000725,1.019525,0.048773,1.696399,2.277089,2.604672,2.837778,11.713018,4.383631,4.437705,3.960222,3.444571,calls/second,milliseconds
1778488444,1525,11.713018,0.777774,0.000725,1.015734,0.049028,1.696399,2.275921,2.603448,2.837778,11.713018,4.385383,4.437705,3.960222,3.444571,calls/second,milliseconds
1778488445,1530,11.713018,0.774234,0.000725,1.011460,0.048952,1.690807,2.266057,2.597602,2.837778,11.713018,4.387116,4.437705,3.960222,3.444571,calls/second,milliseconds
1778488446,1535,11.713018,0.768740,0.000725,1.005747,0.048773,1.687467,2.258742,2.587514,2.835805,11.713018,4.388850,4.437705,3.960222,3.444571,calls/second,milliseconds
1778488447,1540,11.713018,0.765897,0.000725,1.001872,0.048773,1.687467,2.255373,2.567594,2.833380,11.713018,4.390563,4.402708,3.960880,3.447648,calls/second,milliseconds
1778488448,1545,11.713018,0.763558,0.000725,0.998242,0.048597,1.687467,2.252553,2.567594,2.805299,11.713018,4.392272,4.402708,3.960880,3.447648,calls/second,milliseconds
1778488449,1548,11.713018,0.762540,0.000725,0.997112,0.048587,1.687467,2.252553,2.567594,2.805299,11.713018,4.388303,4.402708,3.960880,3.447648,calls/second,milliseconds
1778488450,1550,11.713018,0.761689,0.000725,0.994973,0.048587,1.681555,2.239236,2.566957,2.747110,11.713018,4.381524,4.402708,3.960880,3.447648,calls/second,milliseconds
1778488451,1555,11.713018,0.759833,0.000725,0.991465,0.048363,1.669851,2.234741,2.561898,2.747110,11.713018,4.383247,4.402708,3.960880,3.447648,calls/second,milliseconds
1778488452,1560,11.713018,0.758625,0.000725,0.988446,0.048587,1.669851,2.233134,2.559830,2.747110,11.713018,4.384961,4.418483,3.971443,3.454032,calls/second,milliseconds
1778488453,1565,11.713018,0.757059,0.000725,0.985956,0.048260,1.667863,2.219513,2.552742,2.732928,11.713018,4.386662,4.418483,3.971443,3.454032,calls/second,milliseconds
1778488454,1570,11.713018,0.755666,0.000725,0.982938,0.048548,1.667863,2.216974,2.547433,2.732928,11.713018,4.388346,4.418483,3.971443,3.454032,calls/second,milliseconds
1778488455,1575,11.713018,0.753488,0.000725,0.979341,0.048597,1.655425,2.216974,2.535408,2.732928,11.713018,4.390030,4.418483,3.971443,3.454032,calls/second,milliseconds
1778488456,1580,11.713018,0.753172,0.000725,0.977485,0.048451,1.664148,2.210870,2.527492,2.732928,11.713018,4.391702,4.418483,3.971443,3.454032,calls/second,milliseconds
1778488457,1583,11.713018,0.751144,0.000725,0.975162,0.048003,1.667863,2.210360,2.527492,2.732928,11.713018,4.387821,4.417005,3.978527,3.459273,calls/second,milliseconds
1778488458,1585,11.713018,0.751185,0.000725,0.973678,0.048587,1.659504,2.210360,2.527492,2.717334,11.713018,4.381196,4.417005,3.978527,3.459273,calls/second,milliseconds
1778488459,1590,11.713018,0.750896,0.000725,0.971787,0.048380,1.656250,2.210360,2.522105,2.717334,11.713018,4.382881,4.417005,3.978527,3.459273,calls/second,milliseconds
1778488460,1595,11.713018,0.749540,0.000725,0.969355,0.048028,1.664148,2.209766,2.514749,2.699897,11.713018,4.384551,4.417005,3.978527,3.459273,calls/second,milliseconds
1778488461,1600,14.589732,0.794522,0.000725,1.267056,0.048140,1.667863,2.210360,2.559895,2.837778,14.589732,4.386212,4.417005,3.978527,3.459273,calls/second,milliseconds
1778488462,1605,14.589732,0.790303,0.000725,1.259396,0.048028,1.656250,2.210360,2.559830,2.837778,14.589732,4.387862,4.383663,3.978882,3.462269,calls/second,milliseconds
1778488463,1610,14.589732,0.788135,0.000725,1.253048,0.048028,1.655425,2.209766,2.552742,2.837778,14.589732,4.389512,4.383663,3.978882,3.462269,calls/second,milliseconds
1778488464,1615,14.589732,0.786659,0.000725,1.246906,0.048003,1.655425,2.207476,2.547433,2.837778,14.589732,4.391147,4.383663,3.978882,3.462269,calls/second,milliseconds
1778488465,1620,14.589732,0.783962,0.000725,1.239892,0.048028,1.644951,2.199138,2.535408,2.837778,14.589732,4.392776,4.383663,3.978882,3.462269,calls/second,milliseconds
1778488466,1623,14.589732,0.781832,0.000725,1.236512,0.048003,1.649580,2.198354,2.527492,2.835805,14.589732,4.388987,4.383663,3.978882,3.462269,calls/second,milliseconds
1778488467,1625,14.589732,0.781342,0.000725,1.233309,0.048028,1.644951,2.198220,2.527492,2.757296,14.589732,4.382522,4.432943,3.995759,3.470788,calls/second,milliseconds
1778488468,1630,14.589732,0.780229,0.000725,1.227569,0.048028,1.649580,2.183203,2.519987,2.747110,14.589732,4.384158,4.432943,3.995759,3.470788,calls/second,milliseconds
1778488469,1635,14.589732,0.778991,0.000725,1.221543,0.048028,1.649580,2.173316,2.514749,2.747110,14.589732,4.385780,4.432943,3.995759,3.470788,calls/second,milliseconds
1778488470,1640,14.589732,0.777726,0.000725,1.215882,0.048548,1.644951,2.164129,2.512121,2.732928,14.589732,4.387398,4.432943,3.995759,3.470788,calls/second,milliseconds
1778488471,1645,14.589732,0.776475,0.000725,1.210676,0.048597,1.644951,2.158829,2.508044,2.732928,14.589732,4.389012,4.432943,3.995759,3.470788,calls/second,milliseconds
1778488472,1650,14.589732,0.773392,0.000725,1.204274,0.048773,1.638812,2.140070,2.485219,2.732928,14.589732,4.390613,4.398327,3.995830,3.473720,calls/second,milliseconds
1778488473,1655,14.589732,0.771414,0.000725,1.198436,0.048587,1.637532,2.134325,2.485219,2.732928,14.589732,4.392203,4.398327,3.995830,3.473720,calls/second,milliseconds
1778488474,1660,14.589732,0.769533,0.000725,1.192977,0.048260,1.636457,2.126634,2.478995,2.706878,14.589732,4.393792,4.398327,3.995830,3.473720,calls/second,milliseconds
1778488475,1663,14.589732,0.768091,0.000725,1.190167,0.048587,1.637532,2.126634,2.468238,2.699897,14.589732,4.390088,4.398327,3.995830,3.473720,calls/second,milliseconds
1778488476,1665,14.589732,0.767717,0.000725,1.187307,0.048952,1.636457,2.126634,2.468238,2.684770,14.589732,4.383775,4.398327,3.995830,3.473720,calls/second,milliseconds
1778488477,1670,14.589732,0.765231,0.000725,1.181405,0.048597,1.632322,2.126634,2.468238,2.670294,14.589732,4.385369,4.414452,4.005816,3.479960,calls/second,milliseconds
1778488478,1675,14.589732,0.763977,0.000725,1.176051,0.048587,1.631882,2.126482,2.423273,2.652466,14.589732,4.386950,4.414452,4.005816,3.479960,calls/second,milliseconds
1778488479,1680,14.589732,0.762419,0.000725,1.170368,0.048597,1.631682,2.121099,2.414979,2.651905,14.589732,4.388529,4.414452,4.005816,3.479960,calls/second,milliseconds
1778488480,1685,14.589732,0.763497,0.000725,1.167010,0.048773,1.636457,2.126634,2.414979,2.651905,14.589732,4.390100,4.414452,4.005816,3.479960,calls/second,milliseconds
1778488481,1690,14.589732,0.760122,0.000725,1.160416,0.048597,1.623946,2.126634,2.410502,2.639829,14.589732,4.391662,4.414452,4.005816,3.479960,calls/second,milliseconds
1778488482,1695,14.589732,0.758972,0.000725,1.155472,0.048451,1.622554,2.126482,2.400171,2.635178,14.589732,4.393220,4.413296,4.012331,3.485057,calls/second,milliseconds
1778488483,1698,14.589732,0.757579,0.000725,1.152584,0.048140,1.631682,2.121099,2.398244,2.635178,14.589732,4.389600,4.413296,4.012331,3.485057,calls/second,milliseconds
1778488484,1700,14.589732,0.758179,0.000725,1.150550,0.048140,1.631682,2.121099,2.382283,2.635178,14.589732,4.383417,4.413296,4.012331,3.485057,calls/second,milliseconds
1778488485,1705,14.589732,0.757430,0.000725,1.145875,0.048140,1.631682,2.116894,2.365903,2.635178,14.589732,4.384976,4.413296,4.012331,3.485057,calls/second,milliseconds
1778488486,1710,14.589732,0.755672,0.000725,1.140645,0.048028,1.623946,2.114236,2.364991,2.635178,14.589732,4.386533,4.413296,4.012331,3.485057,calls/second,milliseconds
1778488487,1715,14.589732,0.755700,0.000725,1.136432,0.048140,1.622554,2.103131,2.350647,2.605697,14.589732,4.388081,4.380251,4.012127,3.487910,calls/second,milliseconds
1778488488,1720,14.589732,0.753391,0.000725,1.130894,0.048028,1.622512,2.103131,2.343361,2.604672,14.589732,4.389624,4.380251,4.012127,3.487910,calls/second,milliseconds
1778488489,1725,14.589732,0.752811,0.000725,1.126676,0.048587,1.622512,2.093947,2.325724,2.604672,14.589732,4.391151,4.380251,4.012127,3.487910,calls/second,milliseconds
1778488490,1730,14.589732,0.751696,0.000725,1.122656,0.048597,1.622554,2.103131,2.313230,2.587514,14.589732,4.392670,4.380251,4.012127,3.487910,calls/second,milliseconds
1778488491,1735,14.589732,0.751424,0.000725,1.119538,0.048380,1.622512,2.117496,2.310380,2.567594,14.589732,4.394185,4.380251,4.012127,3.487910,calls/second,milliseconds
1778488492,1738,14.589732,0.749239,0.000725,1.116293,0.048140,1.622501,2.116894,2.307978,2.567594,14.589732,4.390644,4.429803,4.028455,3.496287,calls/second,milliseconds
1778488493,1740,14.589732,0.749042,0.000725,1.113899,0.048140,1.621821,2.116894,2.307978,2.567594,14.589732,4.384603,4.429803,4.028455,3.496287,calls/second,milliseconds
1778488494,1745,14.589732,0.749139,0.000725,1.110993,0.048028,1.622512,2.108923,2.307978,2.561898,14.589732,4.386127,4.429803,4.028455,3.496287,calls/second,milliseconds
1778488495,1750,14.589732,0.747630,0.000725,1.106275,0.048003,1.622512,2.103131,2.307978,2.559895,14.589732,4.387640,4.429803,4.028455,3.496287,calls/second,milliseconds
1778488496,1755,14.589732,0.746665,0.000725,1.102073,0.048028,1.631682,2.093947,2.307978,2.535408,14.589732,4.389145,4.429803,4.028455,3.496287,calls/second,milliseconds
1778488497,1760,14.589732,0.744705,0.000725,1.097207,0.047980,1.623946,2.092670,2.307978,2.527492,14.589732,4.390645,4.395438,4.027985,3.499077,calls/second,milliseconds
1778488498,1765,14.589732,0.747445,0.000725,1.096624,0.047980,1.631882,2.103131,2.313230,2.519987,14.589732,4.392142,4.395438,4.027985,3.499077,calls/second,milliseconds
1778488499,1770,14.589732,0.744227,0.000725,1.090921,0.047874,1.622512,2.101865,2.313230,2.514749,14.589732,4.393626,4.395438,4.027985,3.499077,calls/second,milliseconds
1778488500,1773,14.589732,0.742147,0.000725,1.087994,0.047426,1.621821,2.093947,2.310380,2.512121,14.589732,4.390151,4.395438,4.027985,3.499077,calls/second,milliseconds
1778488501,1775,14.589732,0.742390,0.000725,1.085887,0.047426,1.617804,2.092670,2.307978,2.511108,14.589732,4.384225,4.395438,4.027985,3.499077,calls/second,milliseconds
1778488502,1780,14.589732,0.741386,0.000725,1.081857,0.047397,1.617404,2.092670,2.307978,2.490210,14.589732,4.385720,4.411794,4.037439,3.505177,calls/second,milliseconds
1778488503,1785,14.589732,0.738512,0.000725,1.076356,0.047364,1.616322,2.090577,2.307978,2.478995,14.589732,4.387208,4.411794,4.037439,3.505177,calls/second,milliseconds
1778488504,1790,14.589732,0.737176,0.000725,1.071899,0.047155,1.603274,2.090577,2.307978,2.478995,14.589732,4.388684,4.411794,4.037439,3.505177,calls/second,milliseconds
1778488505,1795,14.589732,0.735447,0.000725,1.066864,0.047364,1.603274,2.084677,2.307978,2.468238,14.589732,4.390161,4.411794,4.037439,3.505177,calls/second,milliseconds
1778488506,1800,14.589732,0.732030,0.000725,1.061182,0.047125,1.602460,2.084677,2.307978,2.468238,14.589732,4.391629,4.411794,4.037439,3.505177,calls/second,milliseconds
1778488507,1805,14.589732,0.728444,0.000706,1.055434,0.047125,1.597563,2.084677,2.296877,2.414979,14.589732,4.393093,4.410851,4.043432,3.510134,calls/second,milliseconds
1778488508,1810,14.589732,0.727217,0.000706,1.051129,0.047125,1.597563,2.083611,2.277089,2.414979,14.589732,4.394550,4.410851,4.043432,3.510134,calls/second,milliseconds
1778488509,1813,14.589732,0.725416,0.000706,1.048975,0.047125,1.597563,2.064374,2.275921,2.414979,14.589732,4.391148,4.410851,4.043432,3.510134,calls/second,milliseconds
1778488510,1815,14.589732,0.727235,0.000706,1.048413,0.047125,1.601562,2.064374,2.275921,2.413727,14.589732,4.385354,4.410851,4.043432,3.510134,calls/second,milliseconds
1778488511,1820,14.589732,0.726027,0.000706,1.044465,0.046812,1.601562,2.063441,2.258742,2.400171,14.589732,4.386815,4.410851,4.043432,3.510134,calls/second,milliseconds
1778488512,1825,14.589732,0.723234,0.000706,1.039355,0.046812,1.587975,2.059175,2.255373,2.400143,14.589732,4.388273,4.378001,4.042714,3.512848,calls/second,milliseconds
1778488513,1830,14.589732,0.721618,0.000706,1.035189,0.046615,1.587975,2.045438,2.252553,2.400143,14.589732,4.389723,4.378001,4.042714,3.512848,calls/second,milliseconds
1778488514,1835,14.589732,0.719986,0.000706,1.030658,0.046490,1.587975,2.041400,2.239236,2.400143,14.589732,4.391161,4.378001,4.042714,3.512848,calls/second,milliseconds
1778488515,1840,14.589732,0.718053,0.000706,1.025931,0.046450,1.578948,2.041400,2.234741,2.400143,14.589732,4.392598,4.378001,4.042714,3.512848,calls/second,milliseconds
1778488516,1845,14.589732,0.715268,0.000706,1.020520,0.046037,1.578948,2.041400,2.220696,2.400143,14.589732,4.394023,4.378001,4.042714,3.512848,calls/second,milliseconds
1778488517,1850,14.589732,0.713132,0.000706,1.015951,0.045764,1.578142,2.022337,2.216974,2.400143,14.589732,4.395444,4.427733,4.058537,3.521087,calls/second,milliseconds
1778488518,1853,14.589732,0.714537,0.000706,1.017278,0.045752,1.578948,2.041400,2.296877,2.400143,14.589732,4.392115,4.427733,4.058537,3.521087,calls/second,milliseconds
1778488519,1855,14.589732,0.714998,0.000706,1.015664,0.045764,1.576575,2.041400,2.277089,2.400143,14.589732,4.386438,4.427733,4.058537,3.521087,calls/second,milliseconds
1778488520,1860,14.589732,0.714505,0.000706,1.012382,0.045694,1.573639,2.041400,2.275921,2.400143,14.589732,4.387867,4.427733,4.058537,3.521087,calls/second,milliseconds
1778488521,1865,14.589732,0.713963,0.000706,1.008855,0.045349,1.573639,2.035931,2.258742,2.400143,14.589732,4.389291,4.427733,4.058537,3.521087,calls/second,milliseconds
1778488522,1870,14.589732,0.712998,0.000706,1.005173,0.045168,1.573639,2.020175,2.252553,2.400143,14.589732,4.390708,4.393534,4.057569,3.523740,calls/second,milliseconds
1778488523,1875,14.589732,0.711822,0.000706,1.001259,0.045349,1.568504,2.008732,2.252553,2.400143,14.589732,4.392118,4.393534,4.057569,3.523740,calls/second,milliseconds
1778488524,1880,14.589732,0.709453,0.000706,0.996758,0.045168,1.565572,1.993305,2.233134,2.400143,14.589732,4.393518,4.393534,4.057569,3.523740,calls/second,milliseconds
1778488525,1885,14.589732,0.707312,0.000706,0.992422,0.045344,1.565572,1.988896,2.219513,2.392651,14.589732,4.394912,4.393534,4.057569,3.523740,calls/second,milliseconds
1778488526,1890,14.589732,0.706200,0.000706,0.989151,0.045168,1.568504,1.988896,2.216974,2.392651,14.589732,4.396294,4.393534,4.057569,3.523740,calls/second,milliseconds
1778488527,1893,14.589732,0.705588,0.000706,0.988009,0.045119,1.573639,1.988896,2.216974,2.392651,14.589732,4.393038,4.442024,4.073146,3.531919,calls/second,milliseconds
1778488528,1895,14.589732,0.704963,0.000706,0.985842,0.045119,1.566069,1.988476,2.216974,2.392651,14.589732,4.387477,4.442024,4.073146,3.531919,calls/second,milliseconds
1778488529,1900,14.589732,0.702909,0.000706,0.981754,0.045168,1.560696,1.988476,2.210360,2.392651,14.589732,4.388874,4.442024,4.073146,3.531919,calls/second,milliseconds
1778488530,1905,14.589732,0.702962,0.000706,0.980154,0.045119,1.557546,1.988896,2.245155,2.392651,14.589732,4.390265,4.442024,4.073146,3.531919,calls/second,milliseconds
1778488531,1910,14.589732,0.701569,0.000706,0.976629,0.045130,1.555711,1.988896,2.245155,2.392651,14.589732,4.391646,4.442024,4.073146,3.531919,calls/second,milliseconds
1778488532,1915,14.589732,0.701743,0.000706,0.974414,0.045119,1.555711,1.988476,2.245155,2.392651,14.589732,4.393020,4.406682,4.071937,3.534512,calls/second,milliseconds
1778488533,1920,14.589732,0.701668,0.000706,0.972174,0.045130,1.554458,1.985097,2.234741,2.392651,14.589732,4.394391,4.406682,4.071937,3.534512,calls/second,milliseconds
1778488534,1925,14.589732,0.699954,0.000706,0.969067,0.045119,1.554458,1.964618,2.219513,2.392651,14.589732,4.395756,4.406682,4.071937,3.534512,calls/second,milliseconds
1778488535,1930,14.589732,0.700384,0.000706,0.967343,0.045130,1.550792,1.988476,2.216974,2.392651,14.589732,4.397115,4.406682,4.071937,3.534512,calls/second,milliseconds
1778488536,1933,14.589732,0.698711,0.000706,0.965255,0.045168,1.554458,1.988476,2.216974,2.392651,14.589732,4.393916,4.406682,4.071937,3.534512,calls/second,milliseconds
1778488537,1935,14.589732,0.699499,0.000706,0.964170,0.045168,1.554552,1.985097,2.210360,2.392651,14.589732,4.388373,4.422139,4.080665,3.540415,calls/second,milliseconds
1778488538,1940,14.589732,0.697700,0.000706,0.960349,0.045238,1.554458,1.968052,2.209766,2.382283,14.589732,4.389732,4.422139,4.080665,3.540415,calls/second,milliseconds
1778488539,1945,14.589732,0.697433,0.000706,0.957630,0.045238,1.554458,1.940204,2.207476,2.364991,14.589732,4.391092,4.422139,4.080665,3.540415,calls/second,milliseconds
1778488540,1950,14.589732,0.694830,0.000706,0.953254,0.045349,1.540983,1.938002,2.199138,2.343361,14.589732,4.392445,4.422139,4.080665,3.540415,calls/second,milliseconds
1778488541,1955,14.589732,0.692565,0.000706,0.949067,0.045752,1.537658,1.933751,2.164129,2.325724,14.589732,4.393788,4.422139,4.080665,3.540415,calls/second,milliseconds
1778488542,1960,14.589732,0.690605,0.000706,0.945267,0.045349,1.537658,1.933751,2.162379,2.313230,14.589732,4.395131,4.420369,4.085943,3.545178,calls/second,milliseconds
1778488543,1965,14.589732,0.689163,0.000706,0.941741,0.045238,1.532074,1.933751,2.162379,2.313230,14.589732,4.396464,4.420369,4.085943,3.545178,calls/second,milliseconds
1778488544,1968,14.589732,0.687105,0.000706,0.939488,0.045238,1.522870,1.933751,2.162379,2.313230,14.589732,4.393330,4.420369,4.085943,3.545178,calls/second,milliseconds
1778488545,1970,14.589732,0.686445,0.000706,0.937495,0.045238,1.520525,1.928946,2.162379,2.313230,14.589732,4.387979,4.420369,4.085943,3.545178,calls/second,milliseconds
1778488546,1975,14.589732,0.683526,0.000706,0.933168,0.045238,1.517493,1.914341,2.162379,2.313230,11.713018,4.389323,4.420369,4.085943,3.545178,calls/second,milliseconds
1778488547,1980,14.589732,0.681828,0.000706,0.929572,0.045238,1.513568,1.914341,2.158829,2.307978,11.713018,4.390657,4.386758,4.084523,3.547697,calls/second,milliseconds
1778488548,1985,14.589732,0.680574,0.000706,0.926831,0.045238,1.511585,1.914341,2.155878,2.307978,11.713018,4.391982,4.386758,4.084523,3.547697,calls/second,milliseconds
1778488549,1990,14.589732,0.680529,0.000706,0.925224,0.045168,1.513568,1.914341,2.155878,2.307978,11.713018,4.393307,4.386758,4.084523,3.547697,calls/second,milliseconds
1778488550,1995,14.589732,0.680881,0.000706,0.924287,0.045238,1.513568,1.933751,2.173316,2.296877,11.713018,4.394623,4.386758,4.084523,3.547697,calls/second,milliseconds
1778488551,2000,14.589732,0.679927,0.000706,0.921630,0.045130,1.513568,1.928946,2.162379,2.268048,11.713018,4.395931,4.386758,4.084523,3.547697,calls/second,milliseconds
1778488552,2005,14.589732,0.677320,0.000706,0.917665,0.045232,1.513568,1.914341,2.162379,2.258742,11.713018,4.397240,4.435790,4.099654,3.555743,calls/second,milliseconds
1778488553,2008,14.589732,0.675491,0.000706,0.915826,0.045130,1.513568,1.914341,2.162379,2.255373,11.713018,4.394162,4.435790,4.099654,3.555743,calls/second,milliseconds
1778488554,2010,14.589732,0.676271,0.000706,0.914650,0.045130,1.513568,1.914341,2.160311,2.252553,11.713018,4.388918,4.435790,4.099654,3.555743,calls/second,milliseconds
1778488555,2015,14.589732,0.674784,0.000706,0.911473,0.045025,1.511585,1.914341,2.155878,2.252553,11.713018,4.390229,4.435790,4.099654,3.555743,calls/second,milliseconds
1778488556,2020,14.589732,0.678235,0.000706,0.915254,0.045130,1.513568,1.928946,2.205035,2.392651,11.713018,4.391534,4.435790,4.099654,3.555743,calls/second,milliseconds
1778488557,2025,14.589732,0.675716,0.000706,0.911378,0.045025,1.500587,1.914341,2.205035,2.392651,11.713018,4.392838,4.400946,4.098007,3.558205,calls/second,milliseconds
1778488558,2030,14.589732,0.675249,0.000706,0.908716,0.045130,1.513568,1.914341,2.205035,2.392651,11.713018,4.394130,4.400946,4.098007,3.558205,calls/second,milliseconds
1778488559,2035,14.589732,0.677045,0.000706,0.909796,0.045168,1.513568,1.928946,2.199138,2.382283,11.713018,4.395422,4.400946,4.098007,3.558205,calls/second,milliseconds
1778488561,2040,14.589732,0.677081,0.000706,0.907821,0.045130,1.513568,1.928946,2.183203,2.340592,11.713018,4.396706,4.400946,4.098007,3.558205,calls/second,milliseconds
1778488562,2045,14.589732,0.675525,0.000706,0.904461,0.045025,1.513568,1.925571,2.162379,2.313230,11.713018,4.397989,4.400946,4.098007,3.558205,calls/second,milliseconds
1778488563,2048,14.589732,0.673092,0.000706,0.902321,0.045130,1.503940,1.925571,2.162379,2.313230,11.713018,4.394969,4.448844,4.112916,3.566192,calls/second,milliseconds
1778488564,2050,14.589732,0.673809,0.000706,0.901189,0.045130,1.494832,1.925571,2.162379,2.313230,11.713018,4.389819,4.448844,4.112916,3.566192,calls/second,milliseconds
1778488565,2055,14.589732,0.672800,0.000706,0.898243,0.045025,1.505480,1.925571,2.162379,2.307978,3.441938,4.391105,4.448844,4.112916,3.566192,calls/second,milliseconds
1778488566,2060,14.589732,0.670807,0.000706,0.895011,0.045130,1.503940,1.925571,2.155878,2.307978,3.252003,4.392388,4.448844,4.112916,3.566192,calls/second,milliseconds
1778488567,2065,14.589732,0.668896,0.000706,0.891629,0.044977,1.492763,1.914341,2.155878,2.307978,3.252003,4.393662,4.448844,4.112916,3.566192,calls/second,milliseconds
1778488568,2070,14.589732,0.667814,0.000706,0.888572,0.045130,1.492763,1.914341,2.155878,2.307978,3.173954,4.394929,4.412956,4.111050,3.568596,calls/second,milliseconds
1778488569,2075,14.589732,0.669409,0.000706,0.889916,0.045025,1.492763,1.925571,2.205035,2.391604,3.173954,4.396196,4.412956,4.111050,3.568596,calls/second,milliseconds
1778488570,2080,14.589732,0.670299,0.000706,0.889899,0.045119,1.492763,1.928946,2.205035,2.391604,3.173954,4.397452,4.412956,4.111050,3.568596,calls/second,milliseconds
1778488571,2085,14.589732,0.668716,0.000706,0.887096,0.044935,1.492763,1.925571,2.199138,2.391604,3.173954,4.398702,4.412956,4.111050,3.568596,calls/second,milliseconds
1778488572,2088,14.589732,0.667704,0.000706,0.886056,0.044921,1.492763,1.925571,2.164129,2.391604,3.173954,4.395742,4.427911,4.119131,3.574310,calls/second,milliseconds
1778488573,2090,14.589732,0.668114,0.000706,0.884755,0.044921,1.492763,1.925571,2.162379,2.391604,3.100500,4.390690,4.427911,4.119131,3.574310,calls/second,milliseconds
1778488574,2095,14.589732,0.669907,0.000706,0.885643,0.044746,1.494832,1.928946,2.162379,2.391604,2.916878,4.391952,4.427911,4.119131,3.574310,calls/second,milliseconds
1778488575,2100,14.589732,0.671789,0.000706,0.887282,0.044673,1.492763,1.938002,2.205035,2.391604,2.916878,4.393202,4.427911,4.119131,3.574310,calls/second,milliseconds
1778488576,2105,14.589732,0.670427,0.000706,0.884502,0.044547,1.492763,1.933751,2.205035,2.391604,2.916878,4.394450,4.427911,4.119131,3.574310,calls/second,milliseconds
1778488577,2110,14.589732,0.670267,0.000706,0.883068,0.044673,1.494832,1.933751,2.205035,2.391604,2.900897,4.395695,4.425680,4.123774,3.578884,calls/second,milliseconds
1778488578,2115,14.589732,0.673157,0.000706,0.885674,0.044547,1.503940,1.962274,2.232583,2.391604,2.900897,4.396937,4.425680,4.123774,3.578884,calls/second,milliseconds
1778488579,2120,14.589732,0.673254,0.000706,0.884892,0.044319,1.513568,1.938002,2.232583,2.391604,2.837778,4.398168,4.425680,4.123774,3.578884,calls/second,milliseconds
1778488580,2123,14.589732,0.672243,0.000706,0.883784,0.044201,1.514557,1.933751,2.232583,2.372625,2.837778,4.395253,4.425680,4.123774,3.578884,calls/second,milliseconds
1778488581,2125,14.589732,0.673675,0.000706,0.883668,0.044201,1.514557,1.933751,2.232583,2.372625,2.837778,4.390285,4.425680,4.123774,3.578884,calls/second,milliseconds
1778488582,2130,14.589732,0.673773,0.000706,0.882488,0.044145,1.514557,1.933751,2.219513,2.372625,2.837778,4.391527,4.391644,4.121728,3.581217,calls/second,milliseconds
1778488583,2135,14.589732,0.673718,0.000706,0.881456,0.044096,1.514105,1.940204,2.210360,2.372625,2.837778,4.392759,4.391644,4.121728,3.581217,calls/second,milliseconds
1778488584,2140,14.589732,0.673175,0.000706,0.879604,0.044010,1.513568,1.933751,2.205035,2.372625,2.837778,4.393991,4.391644,4.121728,3.581217,calls/second,milliseconds
1778488585,2145,14.589732,0.671639,0.000706,0.876774,0.044195,1.512005,1.933751,2.205035,2.372625,2.837778,4.395211,4.391644,4.121728,3.581217,calls/second,milliseconds
1778488586,2150,14.589732,0.672463,0.000706,0.876346,0.044145,1.514557,1.928946,2.205035,2.372625,2.706878,4.396428,4.391644,4.121728,3.581217,calls/second,milliseconds
1778488587,2155,14.589732,0.673701,0.000706,0.876041,0.044096,1.517052,1.925571,2.205035,2.372625,2.685879,4.397639,4.440286,4.136244,3.589078,calls/second,milliseconds
1778488588,2160,14.589732,0.673864,0.000706,0.875061,0.043942,1.517493,1.925571,2.205035,2.372625,2.685879,4.398850,4.440286,4.136244,3.589078,calls/second,milliseconds
1778488589,2163,14.589732,0.672547,0.000706,0.874047,0.043810,1.519005,1.925571,2.199138,2.372625,2.685879,4.395987,4.440286,4.136244,3.589078,calls/second,milliseconds
1778488590,2165,14.589732,0.673103,0.000706,0.873086,0.043810,1.517052,1.925571,2.198220,2.372625,2.685879,4.391108,4.440286,4.136244,3.589078,calls/second,milliseconds
1778488591,2170,14.589732,0.672891,0.000706,0.871327,0.043765,1.519457,1.923890,2.162379,2.372625,2.685879,4.392321,4.440286,4.136244,3.589078,calls/second,milliseconds
1778488592,2175,14.589732,0.673837,0.000706,0.871338,0.043658,1.524776,1.923890,2.162379,2.372625,2.685879,4.393533,4.405082,4.133992,3.591354,calls/second,milliseconds
1778488593,2180,14.589732,0.675393,0.000706,0.871269,0.043765,1.528443,1.923890,2.155878,2.372625,2.685879,4.394736,4.405082,4.133992,3.591354,calls/second,milliseconds
1778488594,2185,14.589732,0.673979,0.000706,0.868586,0.043658,1.528443,1.914341,2.155878,2.372625,2.685879,4.395940,4.405082,4.133992,3.591354,calls/second,milliseconds
1778488595,2190,14.589732,0.676492,0.000706,0.870653,0.043594,1.531036,1.923890,2.205035,2.372625,2.685879,4.397131,4.405082,4.133992,3.591354,calls/second,milliseconds
1778488596,2195,14.589732,0.678117,0.000706,0.871076,0.043658,1.531511,1.925571,2.205035,2.372625,2.685879,4.398320,4.405082,4.133992,3.591354,calls/second,milliseconds
1778488597,2200,14.589732,0.678725,0.000706,0.869933,0.043765,1.533794,1.925571,2.205035,2.314387,2.685879,4.399502,4.452649,4.148306,3.599158,calls/second,milliseconds
1778488598,2203,14.589732,0.677618,0.000706,0.869376,0.043658,1.535597,1.925571,2.205035,2.314387,2.685879,4.396695,4.452649,4.148306,3.599158,calls/second,milliseconds
1778488599,2205,14.589732,0.678459,0.000706,0.868879,0.043658,1.536526,1.925571,2.205035,2.314387,2.685879,4.391908,4.452649,4.148306,3.599158,calls/second,milliseconds
1778488600,2210,14.589732,0.677689,0.000706,0.867247,0.043462,1.536937,1.923890,2.205035,2.314387,2.685879,4.393098,4.452649,4.148306,3.599158,calls/second,milliseconds
1778488601,2215,14.589732,0.678902,0.000706,0.867106,0.043399,1.537658,1.923890,2.198220,2.314387,2.685879,4.394283,4.452649,4.148306,3.599158,calls/second,milliseconds
1778488602,2220,14.589732,0.677874,0.000706,0.864783,0.043339,1.536526,1.923890,2.162379,2.314387,2.685879,4.395461,4.416458,4.145855,3.601379,calls/second,milliseconds
1778488603,2225,14.589732,0.676109,0.000706,0.862074,0.043334,1.531511,1.914341,2.160311,2.314387,2.685879,4.396641,4.416458,4.145855,3.601379,calls/second,milliseconds
1778488604,2230,14.589732,0.675927,0.000706,0.861169,0.043291,1.535597,1.908653,2.155878,2.314387,2.685879,4.397812,4.416458,4.145855,3.601379,calls/second,milliseconds
1778488605,2235,14.589732,0.675207,0.000706,0.859839,0.043180,1.536526,1.904516,2.140070,2.314387,2.685879,4.398977,4.416458,4.145855,3.601379,calls/second,milliseconds
1778488606,2240,14.589732,0.675880,0.000706,0.859316,0.043081,1.536526,1.897782,2.126634,2.314387,2.685879,4.400138,4.416458,4.145855,3.601379,calls/second,milliseconds
1778488607,2243,14.589732,0.674518,0.000706,0.858485,0.043006,1.536526,1.897782,2.126634,2.314387,2.685879,4.397371,4.383159,4.143444,3.603587,calls/second,milliseconds
1778488608,2245,14.589732,0.676287,0.000706,0.858947,0.043006,1.536937,1.897782,2.116894,2.314387,2.685879,4.392666,4.383159,4.143444,3.603587,calls/second,milliseconds
1778488609,2250,14.589732,0.674814,0.000706,0.856438,0.042981,1.536937,1.895016,2.100963,2.314387,2.685879,4.393835,4.383159,4.143444,3.603587,calls/second,milliseconds
1778488610,2255,14.589732,0.672658,0.000706,0.853336,0.042896,1.532074,1.893318,2.100903,2.314387,2.685879,4.394998,4.383159,4.143444,3.603587,calls/second,milliseconds
1778488611,2260,14.589732,0.673928,0.000706,0.853381,0.042981,1.536526,1.891122,2.100903,2.314387,2.685879,4.396160,4.383159,4.143444,3.603587,calls/second,milliseconds
1778488612,2265,14.589732,0.673267,0.000706,0.851836,0.043006,1.536937,1.891122,2.100903,2.314387,2.685879,4.397316,4.432479,4.157602,3.611324,calls/second,milliseconds
1778488613,2270,14.589732,0.675685,0.000706,0.853753,0.042981,1.540983,1.893318,2.092670,2.314387,2.685879,4.398468,4.432479,4.157602,3.611324,calls/second,milliseconds
1778488614,2275,14.589732,0.675380,0.000706,0.852615,0.042896,1.537658,1.893318,2.090577,2.314387,2.685879,4.399501,4.432479,4.157602,3.611324,calls/second,milliseconds
1778488615,2280,14.589732,0.675919,0.000706,0.852783,0.042981,1.541351,1.891122,2.084677,2.314387,2.685879,4.400645,4.432479,4.157602,3.611324,calls/second,milliseconds
1778488616,2283,14.589732,0.674952,0.000706,0.852460,0.043006,1.541351,1.891122,2.084677,2.313230,2.685879,4.397929,4.432479,4.157602,3.611324,calls/second,milliseconds
1778488617,2285,14.589732,0.675999,0.000706,0.851936,0.043236,1.545360,1.891122,2.082892,2.313230,2.685879,4.393299,4.397900,4.154997,3.613477,calls/second,milliseconds
1778488618,2290,14.589732,0.677871,0.000706,0.852887,0.043363,1.546308,1.893318,2.140070,2.307978,2.685879,4.394448,4.397900,4.154997,3.613477,calls/second,milliseconds
1778488619,2295,14.589732,0.676933,0.000706,0.850936,0.043334,1.546308,1.893318,2.126634,2.307978,2.685879,4.395592,4.397900,4.154997,3.613477,calls/second,milliseconds
1778488620,2300,14.589732,0.677152,0.000706,0.850223,0.043339,1.545360,1.891122,2.114236,2.307978,2.685879,4.396727,4.397900,4.154997,3.613477,calls/second,milliseconds
1778488621,2305,14.589732,0.677022,0.000706,0.849169,0.043334,1.547346,1.891122,2.100903,2.245155,2.685879,4.397863,4.397900,4.154997,3.613477,calls/second,milliseconds
1778488622,2310,14.589732,0.674471,0.000706,0.839719,0.043291,1.546308,1.879339,2.100903,2.245155,2.685879,4.398995,4.446041,4.168964,3.621159,calls/second,milliseconds
1778488623,2315,14.589732,0.672810,0.000706,0.837304,0.043334,1.541351,1.876136,2.092670,2.245155,2.685879,4.400122,4.446041,4.168964,3.621159,calls/second,milliseconds
1778488624,2318,14.589732,0.672996,0.000706,0.838453,0.043263,1.545360,1.891122,2.092670,2.245155,2.685879,4.397453,4.446041,4.168964,3.621159,calls/second,milliseconds
1778488625,2320,14.589732,0.673504,0.000706,0.837512,0.043339,1.541351,1.891122,2.090577,2.245155,2.685879,4.392900,4.446041,4.168964,3.621159,calls/second,milliseconds
1778488626,2325,14.589732,0.670677,0.000706,0.834661,0.043334,1.536526,1.890298,2.084677,2.234741,2.685879,4.394032,4.446041,4.168964,3.621159,calls/second,milliseconds
1778488627,2330,14.589732,0.669704,0.000683,0.832840,0.043339,1.536526,1.876136,2.082892,2.232583,2.685879,4.395162,4.410378,4.166171,3.623258,calls/second,milliseconds
1778488628,2335,14.589732,0.666383,0.000683,0.829395,0.043334,1.531036,1.876136,2.082892,2.232583,2.685879,4.396281,4.410378,4.166171,3.623258,calls/second,milliseconds
1778488629,2340,14.589732,0.667275,0.000683,0.829738,0.043363,1.532074,1.891122,2.082892,2.232583,2.685879,4.397402,4.410378,4.166171,3.623258,calls/second,milliseconds
1778488630,2345,14.589732,0.665044,0.000683,0.826884,0.043334,1.530411,1.891122,2.082892,2.232583,2.685879,4.398516,4.410378,4.166171,3.623258,calls/second,milliseconds
1778488631,2350,14.589732,0.663431,0.000683,0.825017,0.043248,1.530411,1.879339,2.082892,2.232583,2.685879,4.399623,4.410378,4.166171,3.623258,calls/second,milliseconds
1778488632,2355,14.589732,0.663169,0.000683,0.824136,0.043046,1.531036,1.876136,2.082892,2.232583,2.685879,4.400732,4.425539,4.173341,3.628669,calls/second,milliseconds
1778488633,2358,14.589732,0.664210,0.000683,0.826824,0.042996,1.531511,1.891122,2.100903,2.232583,2.685879,4.398102,4.425539,4.173341,3.628669,calls/second,milliseconds
1778488634,2360,14.589732,0.664211,0.000683,0.825753,0.043180,1.530411,1.891122,2.100903,2.232583,2.685879,4.393617,4.425539,4.173341,3.628669,calls/second,milliseconds
1778488635,2365,14.589732,0.663681,0.000683,0.824884,0.043291,1.530411,1.890298,2.092670,2.232583,2.685879,4.394729,4.425539,4.173341,3.628669,calls/second,milliseconds
1778488636,2370,14.589732,0.662950,0.000683,0.823607,0.043113,1.528443,1.876136,2.090577,2.232583,2.685879,4.395835,4.425539,4.173341,3.628669,calls/second,milliseconds
1778488637,2375,3.173954,0.659303,0.000683,0.792575,0.042996,1.531036,1.876136,2.082892,2.226327,2.685879,4.396936,4.423497,4.177088,3.632942,calls/second,milliseconds
1778488638,2380,3.173954,0.658667,0.000683,0.791486,0.042996,1.530411,1.875486,2.082892,2.226327,2.685879,4.398037,4.423497,4.177088,3.632942,calls/second,milliseconds
1778488639,2385,3.173954,0.658080,0.000683,0.790895,0.042981,1.531511,1.863400,2.082892,2.226327,2.685879,4.399131,4.423497,4.177088,3.632942,calls/second,milliseconds
1778488640,2390,3.173954,0.658830,0.000683,0.791292,0.042996,1.531511,1.860141,2.082892,2.226327,2.685879,4.400221,4.423497,4.177088,3.632942,calls/second,milliseconds
1778488641,2395,3.173954,0.659029,0.000683,0.791757,0.042981,1.530411,1.876136,2.082892,2.226327,2.685879,4.401310,4.423497,4.177088,3.632942,calls/second,milliseconds
1778488642,2398,3.173954,0.657856,0.000683,0.791589,0.042859,1.531036,1.875486,2.082892,2.226327,2.685879,4.398724,4.389636,4.174161,3.634976,calls/second,milliseconds
1778488643,2400,3.097458,0.658895,0.000683,0.791390,0.042859,1.531511,1.875486,2.082892,2.226327,2.652466,4.394320,4.389636,4.174161,3.634976,calls/second,milliseconds
1778488644,2405,3.097458,0.658655,0.000683,0.790557,0.042727,1.531511,1.863400,2.082892,2.226327,2.635178,4.395412,4.389636,4.174161,3.634976,calls/second,milliseconds
1778488645,2410,3.097458,0.659672,0.000683,0.791662,0.042662,1.531036,1.876136,2.069698,2.226327,2.635178,4.396499,4.389636,4.174161,3.634976,calls/second,milliseconds
1778488646,2415,3.097458,0.660203,0.000683,0.792649,0.042709,1.530411,1.878147,2.069698,2.226327,2.635178,4.397582,4.389636,4.174161,3.634976,calls/second,milliseconds
1778488647,2420,3.097458,0.659892,0.000683,0.792154,0.042797,1.531511,1.878147,2.069698,2.226327,2.635178,4.398663,4.438438,4.187811,3.642538,calls/second,milliseconds
1778488648,2425,3.097458,0.660699,0.000683,0.792727,0.042701,1.536937,1.878147,2.069698,2.226327,2.559895,4.399738,4.438438,4.187811,3.642538,calls/second,milliseconds
1778488649,2430,3.097458,0.661318,0.000683,0.792669,0.042797,1.536526,1.876136,2.059840,2.226327,2.490868,4.400806,4.438438,4.187811,3.642538,calls/second,milliseconds
1778488650,2435,3.097458,0.660526,0.000683,0.791360,0.042701,1.535597,1.876136,2.059840,2.226327,2.445536,4.401877,4.438438,4.187811,3.642538,calls/second,milliseconds
1778488651,2438,3.097458,0.659437,0.000683,0.790934,0.042620,1.536526,1.875486,2.059840,2.226327,2.400143,4.399331,4.438438,4.187811,3.642538,calls/second,milliseconds
1778488652,2440,3.097458,0.659798,0.000683,0.790312,0.042620,1.535455,1.863400,2.059840,2.226327,2.400143,4.394997,4.403383,4.184706,3.644518,calls/second,milliseconds
1778488653,2445,3.097458,0.663475,0.000683,0.796947,0.042701,1.536937,1.876136,2.082892,2.232583,2.621651,4.396066,4.403383,4.184706,3.644518,calls/second,milliseconds
1778488654,2450,3.097458,0.662856,0.000683,0.796656,0.042604,1.535597,1.876136,2.082892,2.232583,2.621651,4.397131,4.403383,4.184706,3.644518,calls/second,milliseconds
1778488655,2455,2.685879,0.662090,0.000683,0.795725,0.042533,1.535455,1.875486,2.069698,2.232583,2.621651,4.398196,4.403383,4.184706,3.644518,calls/second,milliseconds
1778488656,2460,2.685879,0.664208,0.000683,0.797783,0.042604,1.537167,1.878147,2.069698,2.232583,2.621651,4.399258,4.403383,4.184706,3.644518,calls/second,milliseconds
1778488657,2465,2.685879,0.664667,0.000683,0.798536,0.042701,1.539114,1.891122,2.069698,2.232583,2.621651,4.400315,4.451086,4.198182,3.652028,calls/second,milliseconds
1778488658,2470,2.685879,0.664702,0.000683,0.798453,0.042588,1.539114,1.878147,2.069698,2.232583,2.621651,4.401369,4.451086,4.198182,3.652028,calls/second,milliseconds
1778488659,2475,2.685879,0.663689,0.000683,0.797440,0.042490,1.537167,1.878147,2.059840,2.226327,2.621651,4.402421,4.451086,4.198182,3.652028,calls/second,milliseconds
1778488660,2478,2.685879,0.661735,0.000683,0.796388,0.042391,1.535455,1.878147,2.059840,2.226327,2.621651,4.399916,4.451086,4.198182,3.652028,calls/second,milliseconds
1778488661,2480,2.685879,0.662902,0.000683,0.796151,0.042588,1.535455,1.878147,2.059840,2.226327,2.621651,4.395648,4.451086,4.198182,3.652028,calls/second,milliseconds
1778488662,2485,2.685879,0.661193,0.000683,0.794768,0.042437,1.532074,1.876136,2.059840,2.226327,2.621651,4.396700,4.415019,4.194906,3.653956,calls/second,milliseconds
1778488663,2490,2.685879,0.661449,0.000683,0.795090,0.042563,1.531511,1.876136,2.047100,2.226327,2.621651,4.397747,4.415019,4.194906,3.653956,calls/second,milliseconds
1778488664,2495,2.685879,0.660413,0.000683,0.793906,0.042600,1.531036,1.863400,2.047100,2.226327,2.621651,4.398797,4.415019,4.194906,3.653956,calls/second,milliseconds
1778488665,2500,2.685879,0.661230,0.000683,0.794811,0.042533,1.535455,1.860141,2.041400,2.226327,2.621651,4.399837,4.415019,4.194906,3.653956,calls/second,milliseconds
1778488666,2505,2.685879,0.659899,0.000683,0.793627,0.042391,1.531511,1.860141,2.026914,2.226327,2.621651,4.400876,4.415019,4.194906,3.653956,calls/second,milliseconds
1778488667,2510,2.685879,0.659923,0.000683,0.793948,0.042152,1.535455,1.843467,2.026914,2.226327,2.621651,4.401912,4.429809,4.201602,3.659197,calls/second,milliseconds
1778488668,2515,2.685879,0.658379,0.000683,0.792451,0.042104,1.535455,1.842653,2.026914,2.226327,2.621651,4.402947,4.429809,4.201602,3.659197,calls/second,milliseconds
1778488669,2518,2.685879,0.657642,0.000683,0.792700,0.042026,1.535455,1.838058,2.026914,2.226327,2.621651,4.400479,4.429809,4.201602,3.659197,calls/second,milliseconds
1778488670,2520,2.685879,0.657868,0.000683,0.792029,0.041912,1.531511,1.832685,2.026914,2.226327,2.621651,4.396277,4.429809,4.201602,3.659197,calls/second,milliseconds
1778488671,2525,2.685879,0.658047,0.000683,0.793002,0.041719,1.531511,1.860141,2.062214,2.226327,2.621651,4.397314,4.429809,4.201602,3.659197,calls/second,milliseconds
1778488672,2530,2.685879,0.660833,0.000683,0.797314,0.041583,1.530411,1.876136,2.072692,2.314387,2.621651,4.398348,4.427426,4.204881,3.663301,calls/second,milliseconds
1778488673,2535,2.685879,0.659764,0.000683,0.796120,0.041683,1.530411,1.863400,2.072692,2.313230,2.621651,4.399377,4.427426,4.204881,3.663301,calls/second,milliseconds
1778488674,2540,2.685879,0.658979,0.000683,0.795029,0.041583,1.530358,1.860141,2.072692,2.307978,2.621651,4.400399,4.427426,4.204881,3.663301,calls/second,milliseconds
1778488675,2545,2.685879,0.657222,0.000683,0.792971,0.041545,1.528801,1.860141,2.072692,2.245155,2.621651,4.401424,4.427426,4.204881,3.663301,calls/second,milliseconds
1778488676,2550,2.685879,0.657827,0.000683,0.793699,0.041312,1.530358,1.875025,2.072692,2.245155,2.621651,4.402446,4.427426,4.204881,3.663301,calls/second,milliseconds
1778488677,2553,2.685879,0.655938,0.000683,0.792677,0.041247,1.528801,1.875025,2.072692,2.245155,2.621651,4.400014,4.393251,4.201495,3.665167,calls/second,milliseconds
1778488678,2555,2.685879,0.656498,0.000683,0.792089,0.041247,1.528443,1.863400,2.072692,2.232583,2.621651,4.395873,4.393251,4.201495,3.665167,calls/second,milliseconds
1778488679,2560,2.685879,0.654233,0.000683,0.789813,0.041124,1.519700,1.860141,2.069698,2.232583,2.621651,4.396898,4.393251,4.201495,3.665167,calls/second,milliseconds
1778488680,2565,2.685879,0.656014,0.000683,0.791809,0.041247,1.524597,1.856745,2.069698,2.232583,2.621651,4.397917,4.393251,4.201495,3.665167,calls/second,milliseconds
1778488681,2570,2.685879,0.653951,0.000683,0.789490,0.041312,1.519700,1.856745,2.059840,2.232583,2.621651,4.398930,4.393251,4.201495,3.665167,calls/second,milliseconds
1778488682,2575,2.685879,0.651665,0.000683,0.787299,0.041232,1.508270,1.856745,2.059840,2.232583,2.621651,4.399945,4.441764,4.214693,3.672562,calls/second,milliseconds
1778488683,2580,2.685879,0.650883,0.000683,0.785760,0.041312,1.508270,1.856745,2.047100,2.226327,2.621651,4.400956,4.441764,4.214693,3.672562,calls/second,milliseconds
1778488684,2585,2.685879,0.650927,0.000683,0.785890,0.041545,1.506797,1.860141,2.047100,2.226327,2.621651,4.401961,4.441764,4.214693,3.672562,calls/second,milliseconds
1778488685,2590,2.685879,0.649443,0.000683,0.783907,0.041282,1.505324,1.856745,2.041400,2.226327,2.621651,4.402960,4.441764,4.214693,3.672562,calls/second,milliseconds
1778488686,2593,2.685879,0.647041,0.000683,0.782276,0.041247,1.501403,1.856745,2.026914,2.226327,2.621651,4.400563,4.441764,4.214693,3.672562,calls/second,milliseconds
1778488687,2595,2.685879,0.646215,0.000683,0.780737,0.041247,1.500052,1.856745,2.026914,2.226327,2.621651,4.396483,4.406442,4.211144,3.674376,calls/second,milliseconds
1778488688,2600,2.685879,0.644676,0.000683,0.778750,0.041312,1.486299,1.856745,2.026914,2.226327,2.621651,4.397488,4.406442,4.211144,3.674376,calls/second,milliseconds
1778488689,2605,2.685879,0.644213,0.000683,0.777894,0.041247,1.486299,1.843467,2.026914,2.226327,2.621651,4.398493,4.406442,4.211144,3.674376,calls/second,milliseconds
1778488690,2610,2.685879,0.644131,0.000683,0.777763,0.041061,1.487373,1.840712,2.026914,2.226327,2.621651,4.399491,4.406442,4.211144,3.674376,calls/second,milliseconds
1778488691,2615,2.685879,0.644521,0.000683,0.778349,0.040942,1.500052,1.834111,2.026914,2.226327,2.621651,4.400490,4.406442,4.211144,3.674376,calls/second,milliseconds
1778488692,2620,2.685879,0.643695,0.000683,0.776740,0.041025,1.486299,1.834111,2.026914,2.226327,2.621651,4.401485,4.453900,4.224183,3.681720,calls/second,milliseconds
1778488693,2625,2.685879,0.643511,0.000683,0.776298,0.041211,1.486299,1.834111,2.008687,2.205035,2.621651,4.402473,4.453900,4.224183,3.681720,calls/second,milliseconds
1778488694,2630,2.685879,0.643044,0.000683,0.776011,0.041025,1.481913,1.832685,2.008687,2.205035,2.621651,4.403456,4.453900,4.224183,3.681720,calls/second,milliseconds
1778488695,2633,2.685879,0.642183,0.000683,0.775826,0.040942,1.486299,1.825095,2.008687,2.205035,2.621651,4.401099,4.453900,4.224183,3.681720,calls/second,milliseconds
1778488696,2635,2.685879,0.644294,0.000683,0.777064,0.040942,1.486299,1.825095,2.008687,2.205035,2.621651,4.397078,4.453900,4.224183,3.681720,calls/second,milliseconds
1778488697,2640,2.685879,0.644080,0.000683,0.776495,0.041025,1.495249,1.825095,2.008687,2.154042,2.621651,4.398070,4.417609,4.220478,3.683483,calls/second,milliseconds
1778488698,2645,2.685879,0.643179,0.000683,0.775504,0.040942,1.494832,1.824833,1.997865,2.154042,2.621651,4.399060,4.417609,4.220478,3.683483,calls/second,milliseconds
1778488699,2650,2.685879,0.640851,0.000648,0.773026,0.040814,1.481913,1.824833,1.997865,2.154042,2.621651,4.400042,4.417609,4.220478,3.683483,calls/second,milliseconds
1778488700,2655,2.685879,0.639933,0.000648,0.772340,0.040795,1.486299,1.815713,1.989363,2.154042,2.621651,4.401024,4.417609,4.220478,3.683483,calls/second,milliseconds
1778488701,2660,2.685879,0.641710,0.000648,0.773792,0.040741,1.495249,1.825095,1.989363,2.154042,2.621651,4.402000,4.417609,4.220478,3.683483,calls/second,milliseconds
1778488702,2665,2.685879,0.642425,0.000648,0.774252,0.040463,1.502006,1.824833,1.989363,2.100903,2.621651,4.402976,4.432192,4.226751,3.688561,calls/second,milliseconds
1778488703,2670,2.685879,0.643376,0.000648,0.775699,0.040253,1.506797,1.824833,1.989363,2.100903,2.621651,4.403945,4.432192,4.226751,3.688561,calls/second,milliseconds
1778488704,2673,2.685879,0.642421,0.000648,0.775470,0.040036,1.506797,1.821736,1.988929,2.082892,2.621651,4.401616,4.432192,4.226751,3.688561,calls/second,milliseconds
1778488705,2675,2.685879,0.643983,0.000648,0.775790,0.040036,1.508270,1.821736,1.988929,2.082892,2.621651,4.397656,4.432192,4.226751,3.688561,calls/second,milliseconds
1778488706,2680,2.685879,0.643685,0.000648,0.775289,0.040253,1.508270,1.821736,1.988929,2.082892,2.621651,4.398630,4.432192,4.226751,3.688561,calls/second,milliseconds
1778488707,2685,2.685879,0.643423,0.000648,0.774973,0.040463,1.507769,1.821736,1.988929,2.082892,2.621651,4.399598,4.429618,4.229614,3.692502,calls/second,milliseconds
1778488708,2690,2.685879,0.643641,0.000648,0.775341,0.040493,1.508592,1.821736,1.970121,2.082892,2.621651,4.400563,4.429618,4.229614,3.692502,calls/second,milliseconds
1778488709,2695,2.685879,0.642973,0.000648,0.774833,0.040413,1.508270,1.815713,1.962274,2.082892,2.621651,4.401530,4.429618,4.229614,3.692502,calls/second,milliseconds
1778488710,2700,2.685879,0.643996,0.000648,0.775763,0.040277,1.508592,1.809633,1.933751,2.072692,2.621651,4.402495,4.429618,4.229614,3.692502,calls/second,milliseconds
1778488711,2705,2.685879,0.643610,0.000648,0.775189,0.040413,1.508592,1.809633,1.925571,2.072692,2.621651,4.403453,4.429618,4.229614,3.692502,calls/second,milliseconds
1778488712,2710,2.685879,0.643197,0.000648,0.774578,0.040277,1.508592,1.809633,1.923890,2.072692,2.621651,4.404406,4.395267,4.225819,3.694206,calls/second,milliseconds
1778488713,2713,2.685879,0.642704,0.000648,0.774940,0.040277,1.508592,1.809633,1.914341,2.072692,2.621651,4.402116,4.395267,4.225819,3.694206,calls/second,milliseconds
1778488714,2715,2.685879,0.643413,0.000648,0.774573,0.040277,1.508270,1.809013,1.914341,2.072692,2.621651,4.398210,4.395267,4.225819,3.694206,calls/second,milliseconds
1778488715,2720,2.685879,0.641999,0.000648,0.773688,0.040258,1.507769,1.807993,1.906359,2.072692,2.621651,4.399169,4.395267,4.225819,3.694206,calls/second,milliseconds
1778488716,2725,2.685879,0.643033,0.000648,0.775104,0.040258,1.507769,1.809633,1.982151,2.072692,2.621651,4.400125,4.395267,4.225819,3.694206,calls/second,milliseconds
1778488717,2730,2.685879,0.642817,0.000648,0.774407,0.040258,1.507769,1.809633,1.982151,2.072692,2.621651,4.401077,4.443619,4.238615,3.701440,calls/second,milliseconds
1778488718,2735,2.685879,0.642287,0.000648,0.773572,0.040277,1.507769,1.809013,1.982151,2.072692,2.621651,4.402028,4.443619,4.238615,3.701440,calls/second,milliseconds
1778488719,2740,2.685879,0.640361,0.000648,0.771535,0.040277,1.500052,1.807993,1.970121,2.072692,2.621651,4.402976,4.443619,4.238615,3.701440,calls/second,milliseconds
1778488720,2745,2.685879,0.639890,0.000648,0.770958,0.040258,1.500052,1.807168,1.933751,2.072692,2.621651,4.403921,4.443619,4.238615,3.701440,calls/second,milliseconds
1778488721,2750,2.685879,0.641742,0.000648,0.773121,0.040258,1.505324,1.809633,1.968902,2.069698,2.621651,4.404860,4.443619,4.238615,3.701440,calls/second,milliseconds
1778488722,2753,2.685879,0.639876,0.000648,0.772329,0.040126,1.495249,1.809633,1.968902,2.069698,2.621651,4.402603,4.408149,4.234671,3.703094,calls/second,milliseconds
1778488723,2755,2.685879,0.640243,0.000648,0.771492,0.040126,1.486299,1.809013,1.968902,2.069698,2.621651,4.398756,4.408149,4.234671,3.703094,calls/second,milliseconds
1778488724,2760,2.685879,0.640347,0.000648,0.771994,0.039986,1.486299,1.807993,1.968902,2.069698,2.621651,4.399700,4.408149,4.234671,3.703094,calls/second,milliseconds
1778488725,2765,2.685879,0.641630,0.000648,0.772976,0.040126,1.500052,1.809633,1.968902,2.059840,2.621651,4.400638,4.408149,4.234671,3.703094,calls/second,milliseconds
1778488726,2770,2.685879,0.641961,0.000648,0.773742,0.040258,1.495249,1.819696,1.982151,2.059840,2.621651,4.401574,4.408149,4.234671,3.703094,calls/second,milliseconds
1778488727,2775,2.685879,0.641119,0.000648,0.772922,0.040258,1.497785,1.819696,1.982151,2.047100,2.621651,4.402511,4.455471,4.247321,3.710279,calls/second,milliseconds
1778488728,2780,2.685879,0.641568,0.000648,0.773101,0.040277,1.497785,1.812095,1.982151,2.047100,2.621651,4.403443,4.455471,4.247321,3.710279,calls/second,milliseconds
1778488729,2785,2.685879,0.640768,0.000648,0.771980,0.040413,1.497785,1.809633,1.982151,2.030749,2.621651,4.404371,4.455471,4.247321,3.710279,calls/second,milliseconds
1778488730,2788,2.685879,0.642322,0.000648,0.775666,0.040277,1.497785,1.819696,1.989363,2.154042,2.621651,4.402135,4.455471,4.247321,3.710279,calls/second,milliseconds
1778488731,2790,2.685879,0.646987,0.000648,0.782962,0.040493,1.497785,1.821736,2.030749,2.249974,2.668648,4.398332,4.455471,4.247321,3.710279,calls/second,milliseconds
1778488732,2795,2.685879,0.646257,0.000648,0.781984,0.040575,1.497785,1.821736,2.026914,2.249974,2.668648,4.399264,4.419054,4.243233,3.711885,calls/second,milliseconds
1778488733,2800,2.685879,0.645094,0.000648,0.780712,0.040493,1.495061,1.819696,2.026914,2.249974,2.668648,4.400191,4.419054,4.243233,3.711885,calls/second,milliseconds
1778488734,2805,2.685879,0.643884,0.000648,0.778924,0.040575,1.484910,1.819696,2.026914,2.249974,2.668648,4.401122,4.419054,4.243233,3.711885,calls/second,milliseconds
1778488735,2810,2.685879,0.643551,0.000648,0.778723,0.040493,1.487373,1.819696,2.008687,2.249974,2.668648,4.402044,4.419054,4.243233,3.711885,calls/second,milliseconds
1778488736,2815,2.685879,0.642213,0.000648,0.777457,0.040277,1.486299,1.815713,2.008687,2.249974,2.668648,4.402968,4.419054,4.243233,3.711885,calls/second,milliseconds
1778488737,2820,2.685879,0.641671,0.000648,0.776561,0.040258,1.484910,1.809633,1.997865,2.249974,2.668648,4.403885,4.433521,4.249130,3.716805,calls/second,milliseconds
1778488738,2825,2.685879,0.640614,0.000648,0.775312,0.040258,1.484910,1.809633,1.989363,2.249974,2.668648,4.404804,4.433521,4.249130,3.716805,calls/second,milliseconds
1778488739,2828,2.685879,0.639229,0.000648,0.774908,0.039987,1.484910,1.809013,1.989363,2.232583,2.668648,4.402606,4.433521,4.249130,3.716805,calls/second,milliseconds
1778488740,2830,2.685879,0.639978,0.000648,0.774651,0.040258,1.486299,1.807993,1.989363,2.232583,2.668648,4.398861,4.433521,4.249130,3.716805,calls/second,milliseconds
1778488741,2835,2.685879,0.640228,0.000648,0.775016,0.040253,1.495061,1.807168,1.989363,2.232583,2.668648,4.399781,4.433521,4.249130,3.716805,calls/second,milliseconds
1778488742,2840,2.685879,0.640546,0.000648,0.775078,0.040258,1.495061,1.798054,1.988929,2.226327,2.668648,4.400696,4.430841,4.251623,3.720590,calls/second,milliseconds
1778488743,2845,2.685879,0.642004,0.000648,0.777033,0.040253,1.495293,1.809633,1.982151,2.226327,2.668648,4.401612,4.430841,4.251623,3.720590,calls/second,milliseconds
1778488744,2850,2.685879,0.641509,0.000648,0.776030,0.040258,1.495061,1.807993,1.982151,2.226327,2.668648,4.402523,4.430841,4.251623,3.720590,calls/second,milliseconds
1778488745,2855,2.685879,0.642905,0.000648,0.777559,0.040253,1.495061,1.812095,2.026914,2.226327,2.668648,4.403433,4.430841,4.251623,3.720590,calls/second,milliseconds
1778488746,2860,2.685879,0.643530,0.000648,0.777738,0.039987,1.495293,1.809633,2.008687,2.205035,2.668648,4.404336,4.430841,4.251623,3.720590,calls/second,milliseconds
1778488747,2865,2.685879,0.641274,0.000648,0.775480,0.039674,1.495061,1.809633,2.008687,2.154042,2.668648,4.405237,4.396393,4.247465,3.722138,calls/second,milliseconds
1778488748,2868,2.685879,0.639318,0.000648,0.774153,0.039669,1.484910,1.807993,2.008687,2.154042,2.668648,4.403069,4.396393,4.247465,3.722138,calls/second,milliseconds
1778488749,2870,2.685879,0.640398,0.000648,0.773951,0.039669,1.486299,1.807993,2.008687,2.154042,2.668648,4.399374,4.396393,4.247465,3.722138,calls/second,milliseconds
1778488750,2875,2.685879,0.641891,0.000648,0.776224,0.039674,1.486299,1.812095,2.030749,2.154042,2.668648,4.400280,4.396393,4.247465,3.722138,calls/second,milliseconds
1778488751,2880,2.685879,0.642463,0.000648,0.776860,0.039669,1.484910,1.819696,2.030749,2.145533,2.668648,4.401180,4.396393,4.247465,3.722138,calls/second,milliseconds
1778488752,2885,2.685879,0.642707,0.000648,0.776755,0.039674,1.489406,1.819696,2.030749,2.145533,2.668648,4.402077,4.444655,4.259903,3.729217,calls/second,milliseconds
1778488753,2890,2.685879,0.643340,0.000648,0.777959,0.039669,1.489406,1.821736,2.054639,2.145533,2.668648,4.402977,4.444655,4.259903,3.729217,calls/second,milliseconds
1778488754,2895,2.685879,0.643026,0.000648,0.777221,0.039504,1.486299,1.821736,2.054639,2.145533,2.668648,4.403873,4.444655,4.259903,3.729217,calls/second,milliseconds
1778488755,2900,2.685879,0.641086,0.000648,0.775330,0.039371,1.482681,1.819696,2.054639,2.145533,2.668648,4.404767,4.444655,4.259903,3.729217,calls/second,milliseconds
1778488756,2905,2.685879,0.639541,0.000648,0.773677,0.039210,1.476024,1.819696,2.054639,2.145533,2.668648,4.405659,4.444655,4.259903,3.729217,calls/second,milliseconds
1778488757,2908,2.685879,0.638731,0.000648,0.774165,0.038980,1.478317,1.819696,2.054639,2.145533,2.668648,4.403518,4.409102,4.255607,3.730718,calls/second,milliseconds
1778488758,2910,2.685879,0.638740,0.000648,0.773006,0.039334,1.472188,1.819696,2.054639,2.145533,2.668648,4.399873,4.409102,4.255607,3.730718,calls/second,milliseconds
1778488759,2915,2.685879,0.637924,0.000648,0.771972,0.039175,1.472188,1.809633,2.030749,2.145533,2.668648,4.400764,4.409102,4.255607,3.730718,calls/second,milliseconds
1778488760,2920,2.685879,0.636656,0.000648,0.770464,0.038911,1.464812,1.809633,2.030749,2.145533,2.668648,4.401654,4.409102,4.255607,3.730718,calls/second,milliseconds
1778488761,2925,2.685879,0.638459,0.000648,0.772879,0.038898,1.473679,1.819696,2.030749,2.145533,2.668648,4.402541,4.409102,4.255607,3.730718,calls/second,milliseconds
1778488762,2930,2.685879,0.641942,0.000648,0.778191,0.038322,1.481913,1.824833,2.054639,2.249974,2.668648,4.403424,4.456348,4.267911,3.737750,calls/second,milliseconds
1778488763,2935,2.685879,0.643099,0.000648,0.779260,0.038322,1.483439,1.821736,2.054639,2.249974,2.668648,4.404308,4.456348,4.267911,3.737750,calls/second,milliseconds
1778488764,2940,2.685879,0.642730,0.000648,0.778532,0.038282,1.484910,1.819696,2.054639,2.249974,2.668648,4.405187,4.456348,4.267911,3.737750,calls/second,milliseconds
1778488765,2945,2.685879,0.641133,0.000648,0.776459,0.038132,1.482681,1.819696,2.054639,2.232583,2.668648,4.406061,4.456348,4.267911,3.737750,calls/second,milliseconds
1778488766,2948,2.685879,0.640249,0.000648,0.776375,0.037933,1.483439,1.819696,2.054639,2.232583,2.668648,4.403947,4.456348,4.267911,3.737750,calls/second,milliseconds
1778488767,2950,2.685879,0.640347,0.000648,0.775386,0.038247,1.482681,1.815713,2.054639,2.232583,2.668648,4.400350,4.419860,4.263483,3.739202,calls/second,milliseconds
1778488768,2955,2.685879,0.638665,0.000648,0.773531,0.038099,1.471784,1.809633,2.054639,2.226327,2.668648,4.401228,4.419860,4.263483,3.739202,calls/second,milliseconds
1778488769,2960,2.685879,0.638358,0.000648,0.772700,0.037933,1.471784,1.809013,2.054639,2.226327,2.668648,4.402103,4.419860,4.263483,3.739202,calls/second,milliseconds
1778488770,2965,2.685879,0.642384,0.000648,0.778828,0.038132,1.477114,1.819696,2.062331,2.376135,2.668648,4.402981,4.419860,4.263483,3.739202,calls/second,milliseconds
1778488771,2970,2.685879,0.642243,0.000648,0.778255,0.037933,1.472188,1.819696,2.062331,2.376135,2.668648,4.403851,4.419860,4.263483,3.739202,calls/second,milliseconds
1778488772,2975,2.685879,0.641049,0.000648,0.776939,0.037815,1.472188,1.809633,2.054639,2.376135,2.668648,4.404722,4.434263,4.269045,3.743971,calls/second,milliseconds
1778488773,2980,2.685879,0.641592,0.000648,0.777189,0.037815,1.479458,1.809013,2.054639,2.372625,2.668648,4.405589,4.434263,4.269045,3.743971,calls/second,milliseconds
1778488774,2985,2.685879,0.641998,0.000648,0.777051,0.037773,1.483439,1.804584,2.054639,2.314387,2.668648,4.406452,4.434263,4.269045,3.743971,calls/second,milliseconds
1778488775,2988,2.685879,0.642192,0.000648,0.778866,0.037721,1.484910,1.819696,2.054639,2.314387,2.668648,4.404367,4.434263,4.269045,3.743971,calls/second,milliseconds
1778488776,2990,2.685879,0.643758,0.000648,0.779247,0.037815,1.486299,1.819696,2.054639,2.249974,2.668648,4.400815,4.434263,4.269045,3.743971,calls/second,milliseconds
1778488777,2995,2.685879,0.644131,0.000648,0.779454,0.037815,1.489406,1.809633,2.054639,2.249974,2.668648,4.401685,4.431524,4.271209,3.747606,calls/second,milliseconds
1778488778,3000,2.685879,0.643951,0.000648,0.778569,0.037933,1.489406,1.809013,2.054639,2.249974,2.668648,4.402549,4.431524,4.271209,3.747606,calls/second,milliseconds
1778488779,3005,2.685879,0.643040,0.000648,0.777380,0.037815,1.489406,1.804584,2.054639,2.249974,2.668648,4.403414,4.431524,4.271209,3.747606,calls/second,milliseconds
1778488780,3010,2.668648,0.641613,0.000648,0.775566,0.037790,1.486299,1.804584,2.030749,2.249974,2.668648,4.404274,4.431524,4.271209,3.747606,calls/second,milliseconds
1778488781,3015,2.668648,0.643412,0.000648,0.777408,0.037815,1.489406,1.809633,2.030749,2.249974,2.668648,4.405129,4.431524,4.271209,3.747606,calls/second,milliseconds
1778488782,3020,2.668648,0.643247,0.000648,0.777188,0.037933,1.489406,1.809013,2.030749,2.249974,2.668648,4.405985,4.397021,4.266727,3.749004,calls/second,milliseconds
1778488783,3023,2.668648,0.640710,0.000648,0.775717,0.037815,1.484910,1.807168,2.030749,2.249974,2.668648,4.403924,4.397021,4.266727,3.749004,calls/second,milliseconds
1778488784,3026,2.668648,0.640702,0.000648,0.774666,0.038007,1.482681,1.804584,2.030749,2.249974,2.668648,4.400410,4.397021,4.266727,3.749004,calls/second,milliseconds
1778488785,3030,2.668648,0.639859,0.000648,0.773770,0.037815,1.484910,1.804584,2.030749,2.249974,2.668648,4.401268,4.397021,4.266727,3.749004,calls/second,milliseconds
1778488786,3035,2.668648,0.639210,0.000648,0.772884,0.037815,1.484910,1.804584,2.026914,2.232583,2.668648,4.402126,4.397021,4.266727,3.749004,calls/second,milliseconds
1778488787,3040,2.668648,0.638079,0.000648,0.771259,0.037773,1.472188,1.798054,2.023487,2.226327,2.668648,4.402978,4.445233,4.278846,3.755935,calls/second,milliseconds
1778488788,3045,2.668648,0.638679,0.000648,0.771992,0.037686,1.482681,1.804584,2.023487,2.226327,2.668648,4.403826,4.445233,4.278846,3.755935,calls/second,milliseconds
1778488789,3050,2.668648,0.641008,0.000648,0.775976,0.037773,1.481913,1.809866,2.054639,2.376135,2.668648,4.404672,4.445233,4.278846,3.755935,calls/second,milliseconds
1778488790,3055,2.668648,0.641961,0.000648,0.777100,0.037686,1.484910,1.809866,2.054639,2.376135,2.668648,4.405517,4.445233,4.278846,3.755935,calls/second,milliseconds
1778488791,3060,2.668648,0.643394,0.000648,0.778458,0.037773,1.489406,1.809866,2.054639,2.376135,2.668648,4.406360,4.445233,4.278846,3.755935,calls/second,milliseconds
1778488792,3063,2.668648,0.642096,0.000648,0.777753,0.037686,1.484910,1.809866,2.047100,2.376135,2.668648,4.404326,4.409634,4.274238,3.757287,calls/second,milliseconds
1778488793,3065,2.668648,0.643253,0.000648,0.777983,0.037815,1.489406,1.809866,2.030749,2.376135,2.668648,4.400863,4.409634,4.274238,3.757287,calls/second,milliseconds
1778488794,3070,2.668648,0.642475,0.000648,0.777190,0.037815,1.484910,1.809866,2.030749,2.376135,2.668648,4.401708,4.409634,4.274238,3.757287,calls/second,milliseconds
1778488795,3075,2.668648,0.641596,0.000648,0.776022,0.037773,1.484910,1.809633,2.030749,2.376135,2.668648,4.402554,4.409634,4.274238,3.757287,calls/second,milliseconds
1778488796,3080,2.668648,0.643161,0.000648,0.777501,0.037773,1.483439,1.809866,2.030749,2.376135,2.668648,4.403395,4.409634,4.274238,3.757287,calls/second,milliseconds
1778488797,3085,2.668648,0.643629,0.000648,0.777249,0.037815,1.483679,1.809866,2.026914,2.372625,2.668648,4.404236,4.424855,4.279622,3.761956,calls/second,milliseconds
1778488798,3090,2.668648,0.643958,0.000648,0.777546,0.037721,1.483679,1.809866,2.023487,2.314387,2.668648,4.405072,4.424855,4.279622,3.761956,calls/second,milliseconds
1778488799,3095,2.668648,0.645173,0.000648,0.778689,0.037686,1.484910,1.809633,2.023487,2.249974,2.668648,4.405909,4.424855,4.279622,3.761956,calls/second,milliseconds
1778488800,3100,2.668648,0.644809,0.000648,0.778341,0.037721,1.483679,1.807168,2.023487,2.249974,2.668648,4.406740,4.424855,4.279622,3.761956,calls/second,milliseconds
1778488801,3103,2.668648,0.643158,0.000648,0.777574,0.037686,1.483679,1.804584,2.023487,2.249974,2.668648,4.404728,4.424855,4.279622,3.761956,calls/second,milliseconds
1778488802,3105,2.668648,0.643277,0.000648,0.776495,0.037686,1.483551,1.804584,2.023487,2.249974,2.668648,4.401305,4.422867,4.281612,3.765491,calls/second,milliseconds
1778488803,3110,2.668648,0.643924,0.000648,0.777388,0.037546,1.483679,1.809866,2.023487,2.249974,2.668648,4.402137,4.422867,4.281612,3.765491,calls/second,milliseconds
1778488804,3115,2.668648,0.643320,0.000648,0.776251,0.036822,1.483679,1.809633,2.008687,2.249974,2.668648,4.402968,4.422867,4.281612,3.765491,calls/second,milliseconds
1778488805,3120,2.668648,0.642823,0.000648,0.774959,0.037546,1.483439,1.807168,1.997865,2.249974,2.668648,4.403799,4.422867,4.281612,3.765491,calls/second,milliseconds
1778488806,3125,2.668648,0.640400,0.000648,0.772768,0.036824,1.482681,1.804584,1.990593,2.232583,2.668648,4.404630,4.422867,4.281612,3.765491,calls/second,milliseconds
1778488807,3130,2.668648,0.637438,0.000648,0.769874,0.036260,1.480177,1.804584,1.990593,2.226327,2.668648,4.405457,4.389057,4.276957,3.766790,calls/second,milliseconds
1778488808,3135,2.668648,0.638223,0.000648,0.770627,0.036156,1.480177,1.809866,1.990593,2.205035,2.668648,4.406281,4.389057,4.276957,3.766790,calls/second,milliseconds
1778488809,3140,2.668648,0.641911,0.000648,0.776957,0.036260,1.480513,1.819696,2.026914,2.380446,2.668648,4.407103,4.389057,4.276957,3.766790,calls/second,milliseconds
1778488810,3143,2.668648,0.640612,0.000648,0.776272,0.036156,1.480177,1.809866,2.023487,2.376135,2.668648,4.405120,4.389057,4.276957,3.766790,calls/second,milliseconds
1778488811,3145,2.668648,0.640407,0.000648,0.775080,0.036156,1.478317,1.809866,2.023487,2.376135,2.668648,4.401741,4.389057,4.276957,3.766790,calls/second,milliseconds
1778488812,3150,2.668648,0.639939,0.000648,0.774165,0.037546,1.475927,1.809866,2.023487,2.376135,2.668648,4.402567,4.437905,4.288908,3.773622,calls/second,milliseconds
1778488813,3155,2.668648,0.642293,0.000648,0.777219,0.037629,1.480177,1.819696,2.054639,2.376135,2.668648,4.403391,4.437905,4.288908,3.773622,calls/second,milliseconds
1778488814,3160,2.668648,0.641144,0.000648,0.775617,0.037629,1.475927,1.809866,2.054639,2.376135,2.668648,4.404210,4.437905,4.288908,3.773622,calls/second,milliseconds
1778488815,3165,2.668648,0.642072,0.000648,0.776825,0.037629,1.475927,1.821605,2.054639,2.376135,2.621651,4.405025,4.437905,4.288908,3.773622,calls/second,milliseconds
1778488816,3170,2.668648,0.641797,0.000648,0.776139,0.037629,1.480177,1.821605,2.054639,2.376135,2.621651,4.405841,4.437905,4.288908,3.773622,calls/second,milliseconds
1778488817,3175,2.668648,0.640502,0.000648,0.774750,0.037686,1.475927,1.821605,2.030749,2.376135,2.621651,4.406653,4.402892,4.284133,3.774876,calls/second,milliseconds
1778488818,3180,2.668648,0.640675,0.000648,0.774608,0.037773,1.478317,1.819696,2.030749,2.376135,2.621651,4.407465,4.402892,4.284133,3.774876,calls/second,milliseconds
1778488819,3183,2.668648,0.641619,0.000648,0.777579,0.037686,1.480177,1.821605,2.072692,2.376135,2.621651,4.405506,4.402892,4.284133,3.774876,calls/second,milliseconds
1778488820,3185,2.668648,0.642154,0.000648,0.777152,0.037686,1.475927,1.821605,2.072692,2.376135,2.621651,4.402167,4.402892,4.284133,3.774876,calls/second,milliseconds
1778488821,3190,2.668648,0.645858,0.000648,0.782760,0.037773,1.480177,1.840924,2.147142,2.372625,2.621651,4.402980,4.402892,4.284133,3.774876,calls/second,milliseconds
1778488822,3195,2.668648,0.646648,0.000648,0.782984,0.037815,1.481913,1.840924,2.147142,2.292179,2.621651,4.403790,4.450634,4.295965,3.781664,calls/second,milliseconds
1778488823,3200,2.668648,0.646451,0.000648,0.782250,0.038019,1.483551,1.834111,2.147142,2.292179,2.621651,4.404597,4.450634,4.295965,3.781664,calls/second,milliseconds
1778488824,3205,2.668648,0.646773,0.000648,0.782404,0.038315,1.483679,1.822169,2.147142,2.292179,2.621651,4.405404,4.450634,4.295965,3.781664,calls/second,milliseconds
1778488825,3210,2.668648,0.650416,0.000648,0.787805,0.038019,1.487598,1.843379,2.165564,2.329116,2.621651,4.406208,4.450634,4.295965,3.781664,calls/second,milliseconds
1778488826,3215,2.668648,0.651052,0.000648,0.787960,0.038315,1.486299,1.843379,2.165564,2.329116,2.621651,4.407007,4.450634,4.295965,3.781664,calls/second,milliseconds
1778488827,3220,2.668648,0.653186,0.000648,0.792642,0.038315,1.483679,1.845989,2.226327,2.380446,2.621651,4.407808,4.414603,4.291073,3.782873,calls/second,milliseconds
1778488828,3223,2.668648,0.652640,0.000648,0.793147,0.038315,1.484910,1.843379,2.165564,2.380446,2.621651,4.405872,4.414603,4.291073,3.782873,calls/second,milliseconds
1778488829,3225,2.668648,0.654226,0.000648,0.793380,0.038359,1.487598,1.843379,2.165564,2.380446,2.621651,4.402574,4.414603,4.291073,3.782873,calls/second,milliseconds
1778488830,3230,2.668648,0.653999,0.000648,0.792368,0.038359,1.487598,1.843379,2.165564,2.380446,2.621651,4.403374,4.414603,4.291073,3.782873,calls/second,milliseconds
1778488831,3235,2.668648,0.653106,0.000648,0.790973,0.038359,1.486299,1.843379,2.165564,2.380446,2.621651,4.404177,4.414603,4.291073,3.782873,calls/second,milliseconds
1778488832,3240,2.668648,0.653082,0.000648,0.790829,0.038322,1.483679,1.843379,2.165564,2.380446,2.621651,4.404974,4.429427,4.296179,3.787400,calls/second,milliseconds
1778488833,3245,2.668648,0.652873,0.000648,0.790106,0.038359,1.483679,1.840924,2.165564,2.380446,2.578984,4.405768,4.429427,4.296179,3.787400,calls/second,milliseconds
1778488834,3250,2.668648,0.652995,0.000648,0.789973,0.038322,1.483679,1.840924,2.165564,2.380446,2.578984,4.406563,4.429427,4.296179,3.787400,calls/second,milliseconds
1778488835,3255,2.668648,0.653823,0.000648,0.790486,0.038359,1.486299,1.838058,2.165564,2.376135,2.578984,4.407353,4.429427,4.296179,3.787400,calls/second,milliseconds
1778488836,3258,2.668648,0.652163,0.000648,0.789741,0.038322,1.487598,1.825095,2.165564,2.376135,2.578984,4.405437,4.429427,4.296179,3.787400,calls/second,milliseconds
1778488837,3260,2.668648,0.653818,0.000648,0.790501,0.038466,1.489406,1.822169,2.165564,2.376135,2.578984,4.402178,4.427074,4.297895,3.790794,calls/second,milliseconds
1778488838,3265,2.668648,0.653855,0.000648,0.790343,0.038359,1.490212,1.822169,2.154042,2.376135,2.578984,4.402973,4.427074,4.297895,3.790794,calls/second,milliseconds
1778488839,3270,2.668648,0.654203,0.000648,0.790612,0.038359,1.490994,1.822169,2.147142,2.376135,2.578984,4.403766,4.427074,4.297895,3.790794,calls/second,milliseconds
1778488840,3275,2.668648,0.653191,0.000648,0.789778,0.038466,1.491083,1.821605,2.147142,2.376135,2.578984,4.404555,4.427074,4.297895,3.790794,calls/second,milliseconds
1778488841,3280,2.668648,0.653110,0.000648,0.789561,0.038359,1.491655,1.821605,2.147142,2.376135,2.578984,4.405341,4.427074,4.297895,3.790794,calls/second,milliseconds
1778488842,3285,2.668648,0.650039,0.000648,0.786658,0.038322,1.490994,1.819696,2.147142,2.329116,2.578984,4.406129,4.392927,4.292971,3.791953,calls/second,milliseconds
1778488843,3290,2.668648,0.650616,0.000648,0.786566,0.038359,1.491655,1.809866,2.147142,2.329116,2.578984,4.406913,4.392927,4.292971,3.791953,calls/second,milliseconds
1778488844,3295,2.668648,0.650091,0.000648,0.785795,0.038359,1.491083,1.809866,2.147142,2.329116,2.578984,4.407696,4.392927,4.292971,3.791953,calls/second,milliseconds
1778488845,3298,2.668648,0.649182,0.000648,0.785786,0.038315,1.491655,1.807993,2.145533,2.329116,2.578984,4.405804,4.392927,4.292971,3.791953,calls/second,milliseconds
1778488846,3300,2.668648,0.650608,0.000648,0.786071,0.038315,1.492462,1.804827,2.145533,2.329116,2.578984,4.402580,4.392927,4.292971,3.791953,calls/second,milliseconds
1778488847,3305,2.668648,0.649768,0.000648,0.785211,0.037933,1.491655,1.804827,2.145533,2.329116,2.578984,4.403366,4.441466,4.304657,3.798646,calls/second,milliseconds
1778488848,3310,2.668648,0.650467,0.000648,0.786946,0.037773,1.491655,1.809866,2.090036,2.329116,2.578984,4.404148,4.441466,4.304657,3.798646,calls/second,milliseconds
1778488849,3315,2.668648,0.649633,0.000648,0.785875,0.037629,1.491083,1.809633,2.090036,2.329116,2.578984,4.404930,4.441466,4.304657,3.798646,calls/second,milliseconds
1778488850,3320,2.668648,0.652660,0.000648,0.790398,0.037773,1.491655,1.821605,2.155878,2.329116,2.578984,4.405709,4.441466,4.304657,3.798646,calls/second,milliseconds
1778488851,3325,2.668648,0.652017,0.000648,0.789773,0.037629,1.491655,1.819696,2.147142,2.329116,2.578984,4.406484,4.441466,4.304657,3.798646,calls/second,milliseconds
1778488852,3330,2.668648,0.652742,0.000648,0.790643,0.037773,1.491655,1.822169,2.147142,2.329116,2.578984,4.407258,4.406168,4.299622,3.799761,calls/second,milliseconds
1778488853,3335,2.668648,0.652575,0.000648,0.790394,0.037629,1.491083,1.821736,2.147142,2.329116,2.578984,4.408028,4.406168,4.299622,3.799761,calls/second,milliseconds
1778488854,3338,2.668648,0.651185,0.000648,0.789709,0.037546,1.491655,1.821605,2.147142,2.329116,2.578984,4.406159,4.406168,4.299622,3.799761,calls/second,milliseconds
1778488855,3340,2.668648,0.651546,0.000648,0.788964,0.037546,1.490994,1.821605,2.147142,2.329116,2.578984,4.402976,4.406168,4.299622,3.799761,calls/second,milliseconds
1778488856,3345,2.668648,0.651658,0.000648,0.788665,0.037149,1.490994,1.819696,2.147142,2.329116,2.578984,4.403752,4.406168,4.299622,3.799761,calls/second,milliseconds
1778488857,3350,2.668648,0.651143,0.000648,0.788044,0.037149,1.490994,1.809866,2.145533,2.329116,2.578984,4.404527,4.453649,4.311198,3.806411,calls/second,milliseconds
1778488858,3355,2.668648,0.651663,0.000648,0.788428,0.037149,1.490212,1.821736,2.145533,2.329116,2.578984,4.405296,4.453649,4.311198,3.806411,calls/second,milliseconds
1778488859,3360,2.668648,0.651156,0.000648,0.787830,0.037546,1.490994,1.821605,2.090036,2.292179,2.578984,4.406063,4.453649,4.311198,3.806411,calls/second,milliseconds
1778488860,3365,2.668648,0.653293,0.000648,0.789608,0.037686,1.491655,1.822169,2.090036,2.292179,2.578984,4.406827,4.453649,4.311198,3.806411,calls/second,milliseconds
1778488861,3370,2.668648,0.654184,0.000648,0.790422,0.037629,1.492956,1.822169,2.090036,2.292179,2.578984,4.407593,4.453649,4.311198,3.806411,calls/second,milliseconds
1778488862,3375,2.668648,0.654671,0.000648,0.790723,0.037686,1.494369,1.821605,2.090036,2.292179,2.578984,4.408354,4.417377,4.306055,3.807484,calls/second,milliseconds
1778488863,3378,2.668648,0.653740,0.000648,0.790439,0.037629,1.494369,1.821605,2.090036,2.292179,2.578984,4.406508,4.417377,4.306055,3.807484,calls/second,milliseconds
1778488864,3380,2.668648,0.654454,0.000648,0.789983,0.037629,1.494369,1.821605,2.090036,2.292179,2.578984,4.403361,4.417377,4.306055,3.807484,calls/second,milliseconds
1778488865,3385,2.668648,0.654241,0.000648,0.789487,0.037149,1.495293,1.809866,2.090036,2.292179,2.578984,4.404128,4.417377,4.306055,3.807484,calls/second,milliseconds
1778488866,3390,2.668648,0.650886,0.000648,0.786815,0.037546,1.492956,1.809866,2.090036,2.292179,2.578984,4.404893,4.417377,4.306055,3.807484,calls/second,milliseconds
1778488867,3395,2.668648,0.648122,0.000648,0.784291,0.037149,1.490994,1.804827,2.090036,2.292179,2.578984,4.405657,4.431979,4.310913,3.811874,calls/second,milliseconds
1778488868,3400,2.668648,0.645149,0.000648,0.781218,0.037546,1.487598,1.804827,2.062331,2.292179,2.578984,4.406416,4.431979,4.310913,3.811874,calls/second,milliseconds
1778488869,3405,2.668648,0.644988,0.000648,0.780847,0.037686,1.486299,1.804827,2.062331,2.292179,2.578984,4.407174,4.431979,4.310913,3.811874,calls/second,milliseconds
1778488870,3410,2.668648,0.644742,0.000648,0.781199,0.037546,1.489536,1.804584,2.054639,2.291948,2.578984,4.407928,4.431979,4.310913,3.811874,calls/second,milliseconds
1778488871,3415,2.668648,0.644451,0.000648,0.780487,0.037253,1.489536,1.799789,2.054639,2.291948,2.578984,4.408680,4.431979,4.310913,3.811874,calls/second,milliseconds
1778488872,3418,2.668648,0.643466,0.000648,0.780028,0.037253,1.490212,1.799789,2.030749,2.291948,2.578984,4.406855,4.429422,4.312385,3.815132,calls/second,milliseconds
1778488873,3420,2.668648,0.643532,0.000648,0.779080,0.037149,1.487598,1.799789,2.030749,2.291948,2.578984,4.403744,4.429422,4.312385,3.815132,calls/second,milliseconds
1778488874,3425,2.668648,0.645652,0.000648,0.781472,0.037149,1.490994,1.804827,2.023487,2.291948,2.578984,4.404501,4.429422,4.312385,3.815132,calls/second,milliseconds
1778488875,3430,2.668648,0.646693,0.000648,0.782992,0.037253,1.491083,1.809866,2.023487,2.291948,2.578984,4.405253,4.429422,4.312385,3.815132,calls/second,milliseconds
1778488876,3435,2.668648,0.645025,0.000648,0.780976,0.037253,1.489536,1.804827,2.005224,2.291948,2.578984,4.406002,4.429422,4.312385,3.815132,calls/second,milliseconds
1778488877,3440,2.668648,0.646256,0.000648,0.783632,0.037546,1.487598,1.821605,2.090036,2.291948,2.578984,4.406750,4.395087,4.307222,3.816157,calls/second,milliseconds
1778488878,3445,2.668648,0.648649,0.000648,0.786709,0.037253,1.490994,1.843379,2.090036,2.291948,2.578984,4.407496,4.395087,4.307222,3.816157,calls/second,milliseconds
1778488879,3450,2.668648,0.647944,0.000648,0.785915,0.037149,1.490212,1.840924,2.090036,2.291948,2.578984,4.408244,4.395087,4.307222,3.816157,calls/second,milliseconds
1778488880,3453,2.668648,0.649508,0.000648,0.789531,0.037149,1.490994,1.854281,2.147142,2.291948,2.578984,4.406436,4.395087,4.307222,3.816157,calls/second,milliseconds
1778488881,3455,2.668648,0.650760,0.000648,0.789416,0.037253,1.491083,1.854281,2.147142,2.291948,2.578984,4.403359,4.395087,4.307222,3.816157,calls/second,milliseconds
1778488882,3460,2.668648,0.650715,0.000648,0.789002,0.037149,1.492462,1.843379,2.147142,2.291948,2.578984,4.404107,4.443453,4.318673,3.822715,calls/second,milliseconds
1778488883,3465,2.668648,0.650673,0.000648,0.788437,0.037253,1.492462,1.843379,2.147142,2.291948,2.578984,4.404856,4.443453,4.318673,3.822715,calls/second,milliseconds
1778488884,3470,2.668648,0.650450,0.000648,0.787642,0.037629,1.491655,1.840924,2.145533,2.291948,2.578984,4.405602,4.443453,4.318673,3.822715,calls/second,milliseconds
1778488885,3475,2.668648,0.648944,0.000648,0.785822,0.037773,1.489406,1.822169,2.090036,2.276450,2.578984,4.406344,4.443453,4.318673,3.822715,calls/second,milliseconds
1778488886,3480,2.668648,0.650789,0.000648,0.787927,0.037629,1.490994,1.843379,2.090036,2.276450,2.578984,4.407086,4.443453,4.318673,3.822715,calls/second,milliseconds
1778488887,3485,2.668648,0.652820,0.000648,0.791484,0.037253,1.490994,1.854281,2.165564,2.292179,2.578984,4.407826,4.407997,4.313406,3.823698,calls/second,milliseconds
1778488888,3490,2.668648,0.653016,0.000648,0.791374,0.037253,1.490212,1.854281,2.165564,2.292179,2.578984,4.408565,4.407997,4.313406,3.823698,calls/second,milliseconds
1778488889,3493,2.668648,0.651946,0.000648,0.790997,0.037149,1.490994,1.854281,2.165564,2.292179,2.578984,4.406780,4.407997,4.313406,3.823698,calls/second,milliseconds
1778488890,3495,2.668648,0.651870,0.000648,0.789996,0.037253,1.489536,1.854281,2.165564,2.292179,2.578984,4.403735,4.407997,4.313406,3.823698,calls/second,milliseconds
1778488891,3500,2.668648,0.651566,0.000648,0.789431,0.037253,1.490994,1.843379,2.147142,2.292179,2.578984,4.404472,4.407997,4.313406,3.823698,calls/second,milliseconds
1778488892,3505,2.668648,0.651164,0.000648,0.788569,0.037149,1.490994,1.843379,2.147142,2.292179,2.578984,4.405212,4.455331,4.324754,3.830214,calls/second,milliseconds
1778488893,3510,2.668648,0.650142,0.000648,0.787038,0.037132,1.483551,1.840924,2.147142,2.292179,2.578984,4.405946,4.455331,4.324754,3.830214,calls/second,milliseconds
1778488894,3515,2.668648,0.649852,0.000648,0.786407,0.037071,1.482681,1.822169,2.147142,2.292179,2.578984,4.406681,4.455331,4.324754,3.830214,calls/second,milliseconds
1778488895,3520,2.668648,0.650234,0.000648,0.786210,0.036306,1.482729,1.821605,2.145533,2.291948,2.578984,4.407412,4.455331,4.324754,3.830214,calls/second,milliseconds
1778488896,3525,2.668648,0.650930,0.000648,0.787289,0.036306,1.483679,1.840924,2.090036,2.291948,2.578984,4.408141,4.455331,4.324754,3.830214,calls/second,milliseconds
1778488897,3530,2.668648,0.651108,0.000648,0.787685,0.036134,1.483551,1.854281,2.090036,2.291948,2.578984,4.408866,4.418924,4.319386,3.831155,calls/second,milliseconds
1778488898,3533,2.668648,0.650028,0.000648,0.787600,0.036096,1.483679,1.854281,2.090036,2.291948,2.578984,4.407096,4.418924,4.319386,3.831155,calls/second,milliseconds
1778488899,3535,2.668648,0.649565,0.000648,0.786205,0.036136,1.482729,1.854281,2.090036,2.291948,2.578984,4.404088,4.418924,4.319386,3.831155,calls/second,milliseconds
1778488900,3540,2.668648,0.649075,0.000648,0.785501,0.036134,1.482729,1.843379,2.090036,2.291948,2.578984,4.404821,4.418924,4.319386,3.831155,calls/second,milliseconds
1778488901,3545,2.668648,0.649555,0.000648,0.785899,0.036096,1.483679,1.843379,2.087605,2.291948,2.578984,4.405549,4.418924,4.319386,3.831155,calls/second,milliseconds
1778488902,3550,2.668648,0.648084,0.000648,0.783911,0.035984,1.482729,1.840924,2.087605,2.291948,2.578984,4.406275,4.433402,4.324024,3.835415,calls/second,milliseconds
1778488903,3555,2.668648,0.647007,0.000648,0.782470,0.035982,1.479199,1.822169,2.087605,2.291948,2.578984,4.407003,4.433402,4.324024,3.835415,calls/second,milliseconds
1778488904,3560,2.668648,0.646985,0.000648,0.782537,0.035984,1.482209,1.819696,2.087605,2.291948,2.578984,4.407724,4.433402,4.324024,3.835415,calls/second,milliseconds
1778488905,3565,2.668648,0.646685,0.000648,0.781722,0.035973,1.482209,1.809633,2.087605,2.291948,2.578984,4.408448,4.433402,4.324024,3.835415,calls/second,milliseconds
1778488906,3570,2.668648,0.645675,0.000660,0.780660,0.035956,1.480513,1.804827,2.087605,2.276450,2.578984,4.409167,4.433402,4.324024,3.835415,calls/second,milliseconds
1778488907,3573,2.668648,0.645308,0.000660,0.781293,0.035863,1.482209,1.804584,2.087605,2.276450,2.578984,4.407416,4.430732,4.325280,3.838542,calls/second,milliseconds
1778488908,3575,2.668648,0.646332,0.000660,0.781209,0.035982,1.482209,1.799789,2.087605,2.276450,2.578984,4.404442,4.430732,4.325280,3.838542,calls/second,milliseconds
1778488909,3580,2.668648,0.646378,0.000660,0.781022,0.035984,1.482209,1.799789,2.076917,2.276450,2.578984,4.405163,4.430732,4.325280,3.838542,calls/second,milliseconds
1778488910,3585,2.668648,0.645521,0.000660,0.779327,0.036096,1.478998,1.799219,2.076917,2.276450,2.578984,4.405883,4.430732,4.325280,3.838542,calls/second,milliseconds
1778488911,3590,2.668648,0.645187,0.000660,0.778685,0.036136,1.478998,1.799219,2.076917,2.276450,2.508337,4.406601,4.430732,4.325280,3.838542,calls/second,milliseconds
1778488912,3595,2.668648,0.644768,0.000660,0.778221,0.036096,1.478664,1.795965,2.076917,2.276450,2.508337,4.407318,4.396292,4.319904,3.839437,calls/second,milliseconds
1778488913,3600,2.668648,0.643878,0.000660,0.776841,0.036071,1.475927,1.794560,2.076917,2.276450,2.508337,4.408035,4.396292,4.319904,3.839437,calls/second,milliseconds
1778488914,3605,10.835283,0.676122,0.000660,0.981740,0.036096,1.478594,1.799219,2.087605,2.329116,10.835283,4.408750,4.396292,4.319904,3.839437,calls/second,milliseconds
1778488915,3610,10.835283,0.676747,0.000660,0.980148,0.035984,1.478998,1.804827,2.087605,2.292179,10.835283,4.409464,4.396292,4.319904,3.839437,calls/second,milliseconds
1778488916,3613,10.835283,0.675867,0.000660,0.978763,0.035956,1.478998,1.804827,2.087605,2.292179,10.835283,4.407735,4.396292,4.319904,3.839437,calls/second,milliseconds
1778488917,3615,10.835283,0.677203,0.000660,0.977891,0.035956,1.480177,1.804584,2.087605,2.292179,10.835283,4.404794,4.444562,4.331145,3.845867,calls/second,milliseconds
1778488918,3620,10.835283,0.676580,0.000660,0.974761,0.035863,1.482209,1.799789,2.087605,2.292179,10.835283,4.405509,4.444562,4.331145,3.845867,calls/second,milliseconds
1778488919,3625,10.835283,0.677648,0.000660,0.973222,0.035956,1.482729,1.821605,2.087605,2.292179,10.835283,4.406223,4.444562,4.331145,3.845867,calls/second,milliseconds
1778488920,3630,10.835283,0.675924,0.000660,0.969243,0.035984,1.482729,1.804827,2.076917,2.292179,10.835283,4.406933,4.444562,4.331145,3.845867,calls/second,milliseconds
1778488921,3635,10.835283,0.674043,0.000660,0.965403,0.036096,1.482729,1.804584,2.076917,2.291948,10.835283,4.407643,4.444562,4.331145,3.845867,calls/second,milliseconds
1778488922,3640,10.835283,0.674090,0.000660,0.963437,0.035984,1.482209,1.822169,2.076917,2.291948,10.835283,4.408349,4.409017,4.325671,3.846721,calls/second,milliseconds
1778488923,3645,10.835283,0.674264,0.000660,0.960704,0.035956,1.482600,1.819696,2.076917,2.291948,10.835283,4.409056,4.409017,4.325671,3.846721,calls/second,milliseconds
1778488924,3648,10.835283,0.671928,0.000660,0.958204,0.035863,1.482209,1.809866,2.076917,2.291948,10.835283,4.407343,4.409017,4.325671,3.846721,calls/second,milliseconds
1778488925,3651,10.835283,0.669738,0.000660,0.955603,0.035956,1.479199,1.804827,2.076917,2.291948,10.835283,4.405636,4.409017,4.325671,3.846721,calls/second,milliseconds
1778488926,3655,10.835283,0.669465,0.000660,0.951823,0.035956,1.478664,1.804584,2.076917,2.291948,10.835283,4.405139,4.409017,4.325671,3.846721,calls/second,milliseconds
1778488927,3660,10.835283,0.665593,0.000660,0.946657,0.035863,1.475010,1.799789,2.062331,2.291948,10.835283,4.405844,4.456269,4.336817,3.853110,calls/second,milliseconds
1778488928,3665,10.835283,0.664899,0.000660,0.943272,0.035982,1.472502,1.799219,2.054639,2.291948,10.835283,4.406546,4.456269,4.336817,3.853110,calls/second,milliseconds
1778488929,3670,10.835283,0.664468,0.000660,0.941101,0.035863,1.475927,1.795965,2.023487,2.276450,10.835283,4.407250,4.456269,4.336817,3.853110,calls/second,milliseconds
1778488930,3675,10.835283,0.663570,0.000660,0.937451,0.035956,1.475010,1.794560,2.005224,2.276450,10.835283,4.407950,4.456269,4.336817,3.853110,calls/second,milliseconds
1778488931,3680,10.835283,0.663587,0.000660,0.935247,0.035863,1.477099,1.794560,2.005224,2.276450,10.835283,4.408650,4.456269,4.336817,3.853110,calls/second,milliseconds
1778488932,3685,10.835283,0.661159,0.000660,0.931017,0.035956,1.472502,1.792275,2.005224,2.276450,10.835283,4.409348,4.419788,4.331250,3.853924,calls/second,milliseconds
1778488933,3688,10.835283,0.660085,0.000660,0.929735,0.035863,1.475010,1.792275,2.005224,2.276450,10.835283,4.407654,4.419788,4.331250,3.853924,calls/second,milliseconds
1778488934,3690,10.835283,0.660776,0.000660,0.928357,0.035863,1.472502,1.792275,2.005224,2.276450,10.835283,4.404772,4.419788,4.331250,3.853924,calls/second,milliseconds
1778488935,3695,10.835283,0.660565,0.000660,0.925861,0.035863,1.471784,1.786198,2.005224,2.276450,10.835283,4.405470,4.419788,4.331250,3.853924,calls/second,milliseconds
1778488936,3700,10.835283,0.659203,0.000660,0.922326,0.035863,1.462489,1.785980,1.988535,2.276450,10.835283,4.406166,4.419788,4.331250,3.853924,calls/second,milliseconds
1778488937,3705,10.835283,0.656213,0.000660,0.917696,0.035863,1.457630,1.784522,1.988535,2.276450,10.835283,4.406865,4.386224,4.325775,3.854733,calls/second,milliseconds
1778488938,3710,10.835283,0.654320,0.000660,0.914066,0.035731,1.457551,1.775815,1.988535,2.276450,10.835283,4.407561,4.386224,4.325775,3.854733,calls/second,milliseconds
1778488939,3715,10.835283,0.653529,0.000660,0.911219,0.035838,1.458836,1.774308,1.988535,2.273649,10.835283,4.408253,4.386224,4.325775,3.854733,calls/second,milliseconds
1778488940,3720,10.835283,0.652472,0.000660,0.908336,0.035863,1.458836,1.771704,1.988535,2.273649,10.835283,4.408945,4.386224,4.325775,3.854733,calls/second,milliseconds
1778488941,3725,10.835283,0.650642,0.000660,0.904873,0.035840,1.457551,1.771704,1.988535,2.273649,10.835283,4.409635,4.386224,4.325775,3.854733,calls/second,milliseconds
1778488942,3728,10.835283,0.649602,0.000660,0.903437,0.035840,1.458788,1.770949,1.982151,2.273649,10.835283,4.407959,4.435298,4.336919,3.861078,calls/second,milliseconds
1778488943,3730,10.835283,0.649748,0.000660,0.901767,0.035863,1.456795,1.770949,1.981101,2.273649,10.835283,4.405105,4.435298,4.336919,3.861078,calls/second,milliseconds
1778488944,3735,10.835283,0.651445,0.000660,0.901761,0.035982,1.458836,1.774308,2.005224,2.273649,10.835283,4.405794,4.435298,4.336919,3.861078,calls/second,milliseconds
1778488945,3740,10.835283,0.651827,0.000660,0.900086,0.036096,1.458836,1.785980,2.005224,2.273649,10.835283,4.406485,4.435298,4.336919,3.861078,calls/second,milliseconds
1778488946,3745,10.835283,0.651264,0.000660,0.897552,0.036136,1.461211,1.784522,1.990593,2.165564,10.835283,4.407174,4.435298,4.336919,3.861078,calls/second,milliseconds
1778488947,3750,10.835283,0.651080,0.000660,0.895155,0.036306,1.459090,1.775815,1.988535,2.165564,10.835283,4.407862,4.400494,4.331350,3.861848,calls/second,milliseconds
1778488948,3755,10.835283,0.648459,0.000660,0.891043,0.036633,1.450634,1.774308,1.988535,2.165564,10.835283,4.408547,4.400494,4.331350,3.861848,calls/second,milliseconds
1778488949,3760,10.835283,0.646944,0.000660,0.887549,0.036633,1.450634,1.771704,1.988535,2.147142,10.835283,4.409232,4.400494,4.331350,3.861848,calls/second,milliseconds
1778488950,3765,10.835283,0.646307,0.000660,0.885231,0.036633,1.450206,1.771704,1.988535,2.147142,10.835283,4.409915,4.400494,4.331350,3.861848,calls/second,milliseconds
1778488951,3768,10.835283,0.645367,0.000660,0.884126,0.036306,1.450634,1.770949,1.988535,2.147142,10.835283,4.408258,4.400494,4.331350,3.861848,calls/second,milliseconds
1778488952,3770,10.835283,0.646364,0.000660,0.883324,0.036633,1.456795,1.765200,1.988535,2.147142,10.835283,4.405432,4.448428,4.342402,3.868153,calls/second,milliseconds
1778488953,3775,10.835283,0.646130,0.000660,0.881038,0.036829,1.458836,1.760896,1.981101,2.090036,10.835283,4.406117,4.448428,4.342402,3.868153,calls/second,milliseconds
1778488954,3780,10.835283,0.646499,0.000660,0.879558,0.037071,1.460790,1.760896,1.981101,2.090036,10.835283,4.406800,4.448428,4.342402,3.868153,calls/second,milliseconds
1778488955,3785,10.835283,0.647473,0.000660,0.879154,0.037149,1.461373,1.771704,1.981101,2.090036,10.835283,4.407478,4.448428,4.342402,3.868153,calls/second,milliseconds
1778488956,3790,10.835283,0.646350,0.000660,0.876085,0.037132,1.461127,1.765200,1.981101,2.090036,10.835283,4.408159,4.448428,4.342402,3.868153,calls/second,milliseconds
1778488957,3795,10.835283,0.645070,0.000660,0.872989,0.037253,1.458836,1.760896,1.970013,2.087605,10.835283,4.408837,4.412573,4.336743,3.868884,calls/second,milliseconds
1778488958,3800,10.835283,0.645707,0.000660,0.871959,0.037132,1.458836,1.771704,1.970013,2.087605,10.835283,4.409515,4.412573,4.336743,3.868884,calls/second,milliseconds
1778488959,3805,10.835283,0.643771,0.000660,0.868683,0.036829,1.452597,1.771704,1.970013,2.087605,10.835283,4.410187,4.412573,4.336743,3.868884,calls/second,milliseconds
1778488960,3808,10.835283,0.642306,0.000660,0.867543,0.036633,1.452597,1.770949,1.970013,2.087605,10.835283,4.408546,4.412573,4.336743,3.868884,calls/second,milliseconds
1778488961,3810,10.835283,0.643268,0.000660,0.866880,0.037071,1.452597,1.765200,1.970013,2.087605,10.835283,4.405751,4.412573,4.336743,3.868884,calls/second,milliseconds
1778488962,3815,10.835283,0.643970,0.000660,0.865687,0.037253,1.458836,1.773317,1.970013,2.087605,10.835283,4.406429,4.459541,4.347705,3.875150,calls/second,milliseconds
1778488963,3820,10.835283,0.642918,0.000660,0.862802,0.037132,1.452597,1.771704,1.970013,2.087605,10.835283,4.407105,4.459541,4.347705,3.875150,calls/second,milliseconds
1778488964,3825,10.835283,0.643939,0.000660,0.863259,0.037253,1.457551,1.773317,1.982151,2.076917,10.835283,4.407780,4.459541,4.347705,3.875150,calls/second,milliseconds
1778488965,3830,10.835283,0.645671,0.000660,0.864149,0.037071,1.460790,1.784522,2.002324,2.116025,10.835283,4.408451,4.459541,4.347705,3.875150,calls/second,milliseconds
1778488966,3835,10.835283,0.644875,0.000660,0.861909,0.036633,1.458836,1.774308,2.002324,2.116025,10.835283,4.409121,4.459541,4.347705,3.875150,calls/second,milliseconds
1778488967,3840,10.835283,0.644706,0.000660,0.859963,0.037071,1.458836,1.773317,2.002324,2.116025,10.835283,4.409788,4.422799,4.341958,3.875842,calls/second,milliseconds
1778488968,3845,10.835283,0.643275,0.000660,0.857161,0.036829,1.457551,1.773317,2.002324,2.116025,10.835283,4.410457,4.422799,4.341958,3.875842,calls/second,milliseconds
1778488969,3848,10.835283,0.641358,0.000660,0.855244,0.036633,1.452597,1.773317,2.002324,2.116025,10.835283,4.408833,4.422799,4.341958,3.875842,calls/second,milliseconds
1778488970,3850,10.835283,0.641594,0.000660,0.854044,0.037071,1.450634,1.773317,2.002324,2.116025,10.835283,4.406065,4.422799,4.341958,3.875842,calls/second,milliseconds
1778488971,3855,10.835283,0.640705,0.000660,0.851386,0.037253,1.450338,1.773317,1.988535,2.116025,10.835283,4.406736,4.422799,4.341958,3.875842,calls/second,milliseconds
1778488972,3860,10.835283,0.639636,0.000660,0.848688,0.037132,1.450206,1.771704,1.988535,2.116025,10.835283,4.407404,4.388993,4.336306,3.876530,calls/second,milliseconds
1778488973,3863,10.835283,0.638650,0.000660,0.847965,0.036829,1.450338,1.771704,1.988535,2.116025,10.835283,4.405787,4.388993,4.336306,3.876530,calls/second,milliseconds
1778488974,3863,10.835283,0.638650,0.000660,0.847965,0.036829,1.450338,1.771704,1.988535,2.116025,10.835283,4.400759,4.388993,4.336306,3.876530,calls/second,milliseconds
1778488975,3863,10.835283,0.638650,0.000660,0.847965,0.036829,1.450338,1.771704,1.988535,2.116025,10.835283,4.395744,4.388993,4.336306,3.876530,calls/second,milliseconds
1778488976,3863,10.835283,0.638650,0.000660,0.847965,0.036829,1.450338,1.771704,1.988535,2.116025,10.835283,4.390737,4.388993,4.336306,3.876530,calls/second,milliseconds
1778488977,3863,10.835283,0.638650,0.000660,0.847965,0.036829,1.450338,1.771704,1.988535,2.116025,10.835283,4.385745,4.165998,4.291079,3.863917,calls/second,milliseconds
1778488978,3863,10.835283,0.638650,0.000660,0.847965,0.036829,1.450338,1.771704,1.988535,2.116025,10.835283,4.380760,4.165998,4.291079,3.863917,calls/second,milliseconds
1778488979,3863,10.835283,0.638650,0.000660,0.847965,0.036829,1.450338,1.771704,1.988535,2.116025,10.835283,4.375791,4.165998,4.291079,3.863917,calls/second,milliseconds
1778488980,3863,10.835283,0.638650,0.000660,0.847965,0.036829,1.450338,1.771704,1.988535,2.116025,10.835283,4.370832,4.165998,4.291079,3.863917,calls/second,milliseconds
1778488981,3863,10.835283,0.638650,0.000660,0.847965,0.036829,1.450338,1.771704,1.988535,2.116025,10.835283,4.365884,4.165998,4.291079,3.863917,calls/second,milliseconds
1778488982,3863,10.835283,0.638650,0.000660,0.847965,0.036829,1.450338,1.771704,1.988535,2.116025,10.835283,4.360946,3.832903,4.220154,3.842511,calls/second,milliseconds
1778488983,3863,10.835283,0.638650,0.000660,0.847965,0.036829,1.450338,1.771704,1.988535,2.116025,10.835283,4.356021,3.832903,4.220154,3.842511,calls/second,milliseconds
1778488984,3863,10.835283,0.638650,0.000660,0.847965,0.036829,1.450338,1.771704,1.988535,2.116025,10.835283,4.351104,3.832903,4.220154,3.842511,calls/second,milliseconds
1778488985,3863,10.835283,0.638650,0.000660,0.847965,0.036829,1.450338,1.771704,1.988535,2.116025,10.835283,4.346200,3.832903,4.220154,3.842511,calls/second,milliseconds
1778488986,3863,10.835283,0.638650,0.000660,0.847965,0.036829,1.450338,1.771704,1.988535,2.116025,10.835283,4.341306,3.832903,4.220154,3.842511,calls/second,milliseconds
1778488987,3863,10.835283,0.638650,0.000660,0.847965,0.036829,1.450338,1.771704,1.988535,2.116025,10.835283,4.336425,3.526441,4.150401,3.821223,calls/second,milliseconds
1778488988,3863,10.835283,0.638650,0.000660,0.847965,0.036829,1.450338,1.771704,1.988535,2.116025,10.835283,4.331551,3.526441,4.150401,3.821223,calls/second,milliseconds
1778488989,3863,10.835283,0.638650,0.000660,0.847965,0.036829,1.450338,1.771704,1.988535,2.116025,10.835283,4.326688,3.526441,4.150401,3.821223,calls/second,milliseconds
1778488990,3863,10.835283,0.638650,0.000660,0.847965,0.036829,1.450338,1.771704,1.988535,2.116025,10.835283,4.321839,3.526441,4.150401,3.821223,calls/second,milliseconds
1778488991,3863,10.835283,0.638650,0.000660,0.847965,0.036829,1.450338,1.771704,1.988535,2.116025,10.835283,4.316999,3.526441,4.150401,3.821223,calls/second,milliseconds
1778488992,3863,10.835283,0.638650,0.000660,0.847965,0.036829,1.450338,1.771704,1.988535,2.116025,10.835283,4.312109,3.244482,4.081801,3.800052,calls/second,milliseconds
1778488993,3863,10.835283,0.638650,0.000660,0.847965,0.036829,1.450338,1.771704,1.988535,2.116025,10.835283,4.307292,3.244482,4.081801,3.800052,calls/second,milliseconds
1778488994,3863,10.835283,0.638650,0.000660,0.847965,0.036829,1.450338,1.771704,1.988535,2.116025,10.835283,4.302487,3.244482,4.081801,3.800052,calls/second,milliseconds
1778488995,3863,10.835283,0.638650,0.000660,0.847965,0.036829,1.450338,1.771704,1.988535,2.116025,10.835283,4.297690,3.244482,4.081801,3.800052,calls/second,milliseconds
1778488996,3863,10.835283,0.638650,0.000660,0.847965,0.036829,1.450338,1.771704,1.988535,2.116025,10.835283,4.292907,3.244482,4.081801,3.800052,calls/second,milliseconds
1778488997,3863,10.835283,0.638650,0.000660,0.847965,0.036829,1.450338,1.771704,1.988535,2.116025,10.835283,4.288134,2.985068,4.014334,3.779000,calls/second,milliseconds
1778488998,3863,10.835283,0.638650,0.000660,0.847965,0.036829,1.450338,1.771704,1.988535,2.116025,10.835283,4.283370,2.985068,4.014334,3.779000,calls/second,milliseconds
1778488999,3863,10.835283,0.638650,0.000660,0.847965,0.036829,1.450338,1.771704,1.988535,2.116025,10.835283,4.278618,2.985068,4.014334,3.779000,calls/second,milliseconds
1778489000,3863,10.835283,0.638650,0.000660,0.847965,0.036829,1.450338,1.771704,1.988535,2.116025,10.835283,4.273876,2.985068,4.014334,3.779000,calls/second,milliseconds
1778489001,3863,10.835283,0.638650,0.000660,0.847965,0.036829,1.450338,1.771704,1.988535,2.116025,10.835283,4.269144,2.985068,4.014334,3.779000,calls/second,milliseconds
1778489002,3863,10.835283,0.638650,0.000660,0.847965,0.036829,1.450338,1.771704,1.988535,2.116025,10.835283,4.264420,2.746395,3.947983,3.758063,calls/second,milliseconds
1778489003,3863,10.835283,0.638650,0.000660,0.847965,0.036829,1.450338,1.771704,1.988535,2.116025,10.835283,4.259710,2.746395,3.947983,3.758063,calls/second,milliseconds
1778489004,3863,10.835283,0.638650,0.000660,0.847965,0.036829,1.450338,1.771704,1.988535,2.116025,10.835283,4.255011,2.746395,3.947983,3.758063,calls/second,milliseconds
1778489005,3863,10.835283,0.638650,0.000660,0.847965,0.036829,1.450338,1.771704,1.988535,2.116025,10.835283,4.250322,2.746395,3.947983,3.758063,calls/second,milliseconds
1778489006,3863,10.835283,0.638650,0.000660,0.847965,0.036829,1.450338,1.771704,1.988535,2.116025,10.835283,4.245643,2.746395,3.947983,3.758063,calls/second,milliseconds
1778489007,3863,10.835283,0.638650,0.000660,0.847965,0.036829,1.450338,1.771704,1.988535,2.116025,10.835283,4.240973,2.526805,3.882729,3.737243,calls/second,milliseconds
1778489008,3863,10.835283,0.638650,0.000660,0.847965,0.036829,1.450338,1.771704,1.988535,2.116025,10.835283,4.236316,2.526805,3.882729,3.737243,calls/second,milliseconds
1778489009,3863,10.835283,0.638650,0.000660,0.847965,0.036829,1.450338,1.771704,1.988535,2.116025,10.835283,4.231666,2.526805,3.882729,3.737243,calls/second,milliseconds
1778489010,3863,10.835283,0.638650,0.000660,0.847965,0.036829,1.450338,1.771704,1.988535,2.116025,10.835283,4.227028,2.526805,3.882729,3.737243,calls/second,milliseconds
1778489011,3863,10.835283,0.638650,0.000660,0.847965,0.036829,1.450338,1.771704,1.988535,2.116025,10.835283,4.222401,2.526805,3.882729,3.737243,calls/second,milliseconds
1778489012,3863,10.835283,0.638650,0.000660,0.847965,0.036829,1.450338,1.771704,1.988535,2.116025,10.835283,4.217781,2.324773,3.818553,3.716538,calls/second,milliseconds
1778489013,3863,10.835283,0.638650,0.000660,0.847965,0.036829,1.450338,1.771704,1.988535,2.116025,10.835283,4.213174,2.324773,3.818553,3.716538,calls/second,milliseconds
1778489014,3863,10.835283,0.638650,0.000660,0.847965,0.036829,1.450338,1.771704,1.988535,2.116025,10.835283,4.208573,2.324773,3.818553,3.716538,calls/second,milliseconds
1778489015,3863,10.835283,0.638650,0.000660,0.847965,0.036829,1.450338,1.771704,1.988535,2.116025,10.835283,4.203981,2.324773,3.818553,3.716538,calls/second,milliseconds
1778489016,3863,10.835283,0.638650,0.000660,0.847965,0.036829,1.450338,1.771704,1.988535,2.116025,10.835283,4.199401,2.324773,3.818553,3.716538,calls/second,milliseconds
1778489017,3863,10.835283,0.638650,0.000660,0.847965,0.036829,1.450338,1.771704,1.988535,2.116025,10.835283,4.194834,2.138895,3.755438,3.695948,calls/second,milliseconds
1778489018,3863,10.835283,0.638650,0.000660,0.847965,0.036829,1.450338,1.771704,1.988535,2.116025,10.835283,4.190274,2.138895,3.755438,3.695948,calls/second,milliseconds
1778489019,3863,10.835283,0.638650,0.000660,0.847965,0.036829,1.450338,1.771704,1.988535,2.116025,10.835283,4.185727,2.138895,3.755438,3.695948,calls/second,milliseconds
1778489020,3863,10.835283,0.638650,0.000660,0.847965,0.036829,1.450338,1.771704,1.988535,2.116025,10.835283,4.181186,2.138895,3.755438,3.695948,calls/second,milliseconds
1778489021,3863,10.835283,0.638650,0.000660,0.847965,0.036829,1.450338,1.771704,1.988535,2.116025,10.835283,4.176659,2.138895,3.755438,3.695948,calls/second,milliseconds
1778489022,3863,10.835283,0.638650,0.000660,0.847965,0.036829,1.450338,1.771704,1.988535,2.116025,10.835283,4.172141,1.967878,3.693366,3.675472,calls/second,milliseconds
1778489023,3863,10.835283,0.638650,0.000660,0.847965,0.036829,1.450338,1.771704,1.988535,2.116025,10.835283,4.167629,1.967878,3.693366,3.675472,calls/second,milliseconds
1778489024,3863,10.835283,0.638650,0.000660,0.847965,0.036829,1.450338,1.771704,1.988535,2.116025,10.835283,4.163131,1.967878,3.693366,3.675472,calls/second,milliseconds
1778489025,3863,10.835283,0.638650,0.000660,0.847965,0.036829,1.450338,1.771704,1.988535,2.116025,10.835283,4.158640,1.967878,3.693366,3.675472,calls/second,milliseconds
1778489026,3863,10.835283,0.638650,0.000660,0.847965,0.036829,1.450338,1.771704,1.988535,2.116025,10.835283,4.154157,1.967878,3.693366,3.675472,calls/second,milliseconds
1778489027,3863,10.835283,0.638650,0.000660,0.847965,0.036829,1.450338,1.771704,1.988535,2.116025,10.835283,4.149687,1.810535,3.632320,3.655109,calls/second,milliseconds
1778489028,3863,10.835283,0.638650,0.000660,0.847965,0.036829,1.450338,1.771704,1.988535,2.116025,10.835283,4.145226,1.810535,3.632320,3.655109,calls/second,milliseconds
1778489029,3863,10.835283,0.638650,0.000660,0.847965,0.036829,1.450338,1.771704,1.988535,2.116025,10.835283,4.140773,1.810535,3.632320,3.655109,calls/second,milliseconds
1778489030,3863,10.835283,0.638650,0.000660,0.847965,0.036829,1.450338,1.771704,1.988535,2.116025,10.835283,4.136330,1.810535,3.632320,3.655109,calls/second,milliseconds
1778489031,3863,10.835283,0.638650,0.000660,0.847965,0.036829,1.450338,1.771704,1.988535,2.116025,10.835283,4.131897,1.810535,3.632320,3.655109,calls/second,milliseconds
1778489032,3863,10.835283,0.638650,0.000660,0.847965,0.036829,1.450338,1.771704,1.988535,2.116025,10.835283,4.127476,1.665773,3.572283,3.634859,calls/second,milliseconds
1778489033,3863,10.835283,0.638650,0.000660,0.847965,0.036829,1.450338,1.771704,1.988535,2.116025,10.835283,4.123063,1.665773,3.572283,3.634859,calls/second,milliseconds
1778489034,3863,10.835283,0.638650,0.000660,0.847965,0.036829,1.450338,1.771704,1.988535,2.116025,10.835283,4.118660,1.665773,3.572283,3.634859,calls/second,milliseconds
1778489035,3863,10.835283,0.638650,0.000660,0.847965,0.036829,1.450338,1.771704,1.988535,2.116025,10.835283,4.114265,1.665773,3.572283,3.634859,calls/second,milliseconds
1778489036,3863,10.835283,0.638650,0.000660,0.847965,0.036829,1.450338,1.771704,1.988535,2.116025,10.835283,4.109881,1.665773,3.572283,3.634859,calls/second,milliseconds
1778489037,3863,10.835283,0.638650,0.000660,0.847965,0.036829,1.450338,1.771704,1.988535,2.116025,10.835283,4.105505,1.532585,3.513238,3.614722,calls/second,milliseconds
1778489038,3863,10.835283,0.638650,0.000660,0.847965,0.036829,1.450338,1.771704,1.988535,2.116025,10.835283,4.101139,1.532585,3.513238,3.614722,calls/second,milliseconds
1778489039,3863,10.835283,0.638650,0.000660,0.847965,0.036829,1.450338,1.771704,1.988535,2.116025,10.835283,4.096782,1.532585,3.513238,3.614722,calls/second,milliseconds
1778489040,3863,10.835283,0.638650,0.000660,0.847965,0.036829,1.450338,1.771704,1.988535,2.116025,10.835283,4.092435,1.532585,3.513238,3.614722,calls/second,milliseconds
1778489041,3863,10.835283,0.638650,0.000660,0.847965,0.036829,1.450338,1.771704,1.988535,2.116025,10.835283,4.088096,1.532585,3.513238,3.614722,calls/second,milliseconds
1778489042,3863,10.835283,0.638650,0.000660,0.847965,0.036829,1.450338,1.771704,1.988535,2.116025,10.835283,4.083768,1.410046,3.455170,3.594696,calls/second,milliseconds
1778489043,3863,10.835283,0.638650,0.000660,0.847965,0.036829,1.450338,1.771704,1.988535,2.116025,10.835283,4.079449,1.410046,3.455170,3.594696,calls/second,milliseconds
1778489044,3863,10.835283,0.638650,0.000660,0.847965,0.036829,1.450338,1.771704,1.988535,2.116025,10.835283,4.075138,1.410046,3.455170,3.594696,calls/second,milliseconds
1778489045,3863,10.835283,0.638650,0.000660,0.847965,0.036829,1.450338,1.771704,1.988535,2.116025,10.835283,4.070837,1.410046,3.455170,3.594696,calls/second,milliseconds
1778489046,3863,10.835283,0.638650,0.000660,0.847965,0.036829,1.450338,1.771704,1.988535,2.116025,10.835283,4.066546,1.410046,3.455170,3.594696,calls/second,milliseconds
1778489047,3863,10.835283,0.638650,0.000660,0.847965,0.036829,1.450338,1.771704,1.988535,2.116025,10.835283,4.062262,1.297305,3.398061,3.574780,calls/second,milliseconds
1778489048,3863,10.835283,0.638650,0.000660,0.847965,0.036829,1.450338,1.771704,1.988535,2.116025,10.835283,4.057988,1.297305,3.398061,3.574780,calls/second,milliseconds
1778489049,3863,10.835283,0.638650,0.000660,0.847965,0.036829,1.450338,1.771704,1.988535,2.116025,10.835283,4.053721,1.297305,3.398061,3.574780,calls/second,milliseconds
1778489050,3863,10.835283,0.638650,0.000660,0.847965,0.036829,1.450338,1.771704,1.988535,2.116025,10.835283,4.049464,1.297305,3.398061,3.574780,calls/second,milliseconds
1778489051,3863,10.835283,0.638650,0.000660,0.847965,0.036829,1.450338,1.771704,1.988535,2.116025,10.835283,4.045214,1.297305,3.398061,3.574780,calls/second,milliseconds
1778489052,3863,10.835283,0.638650,0.000660,0.847965,0.036829,1.450338,1.771704,1.988535,2.116025,10.835283,4.040977,1.193578,3.341896,3.554976,calls/second,milliseconds
1778489053,3863,10.835283,0.638650,0.000660,0.847965,0.036829,1.450338,1.771704,1.988535,2.116025,10.835283,4.036747,1.193578,3.341896,3.554976,calls/second,milliseconds
1778489054,3863,10.835283,0.638650,0.000660,0.847965,0.036829,1.450338,1.771704,1.988535,2.116025,10.835283,4.032525,1.193578,3.341896,3.554976,calls/second,milliseconds
1778489055,3863,10.835283,0.638650,0.000660,0.847965,0.036829,1.450338,1.771704,1.988535,2.116025,10.835283,4.028313,1.193578,3.341896,3.554976,calls/second,milliseconds
1778489056,3863,10.835283,0.638650,0.000660,0.847965,0.036829,1.450338,1.771704,1.988535,2.116025,10.835283,4.024111,1.193578,3.341896,3.554976,calls/second,milliseconds
1778489057,3863,10.835283,0.638650,0.000660,0.847965,0.036829,1.450338,1.771704,1.988535,2.116025,10.835283,4.019914,1.098145,3.286659,3.535280,calls/second,milliseconds
1778489058,3863,10.835283,0.638650,0.000660,0.847965,0.036829,1.450338,1.771704,1.988535,2.116025,10.835283,4.015729,1.098145,3.286659,3.535280,calls/second,milliseconds
1778489059,3863,10.835283,0.638650,0.000660,0.847965,0.036829,1.450338,1.771704,1.988535,2.116025,10.835283,4.011552,1.098145,3.286659,3.535280,calls/second,milliseconds
1778489060,3863,10.835283,0.638650,0.000660,0.847965,0.036829,1.450338,1.771704,1.988535,2.116025,10.835283,4.007381,1.098145,3.286659,3.535280,calls/second,milliseconds
1778489061,3863,10.835283,0.638650,0.000660,0.847965,0.036829,1.450338,1.771704,1.988535,2.116025,10.835283,4.003222,1.098145,3.286659,3.535280,calls/second,milliseconds
1778489062,3863,10.835283,0.638650,0.000660,0.847965,0.036829,1.450338,1.771704,1.988535,2.116025,10.835283,3.999069,1.010342,3.232335,3.515695,calls/second,milliseconds
1778489063,3863,10.835283,0.638650,0.000660,0.847965,0.036829,1.450338,1.771704,1.988535,2.116025,10.835283,3.994927,1.010342,3.232335,3.515695,calls/second,milliseconds
1778489064,3863,10.835283,0.638650,0.000660,0.847965,0.036829,1.450338,1.771704,1.988535,2.116025,10.835283,3.990794,1.010342,3.232335,3.515695,calls/second,milliseconds
1778489065,3863,10.835283,0.638650,0.000660,0.847965,0.036829,1.450338,1.771704,1.988535,2.116025,10.835283,3.986667,1.010342,3.232335,3.515695,calls/second,milliseconds
1778489066,3863,10.835283,0.638650,0.000660,0.847965,0.036829,1.450338,1.771704,1.988535,2.116025,10.835283,3.982551,1.010342,3.232335,3.515695,calls/second,milliseconds
1778489068,3863,10.835283,0.638650,0.000660,0.847965,0.036829,1.450338,1.771704,1.988535,2.116025,10.835283,3.978443,0.929560,3.178909,3.496217,calls/second,milliseconds
1778489069,3863,10.835283,0.638650,0.000660,0.847965,0.036829,1.450338,1.771704,1.988535,2.116025,10.835283,3.974341,0.929560,3.178909,3.496217,calls/second,milliseconds
1778489070,3863,10.835283,0.638650,0.000660,0.847965,0.036829,1.450338,1.771704,1.988535,2.116025,10.835283,3.970250,0.929560,3.178909,3.496217,calls/second,milliseconds
1778489071,3863,10.835283,0.638650,0.000660,0.847965,0.036829,1.450338,1.771704,1.988535,2.116025,10.835283,3.966167,0.929560,3.178909,3.496217,calls/second,milliseconds
1778489072,3863,10.835283,0.638650,0.000660,0.847965,0.036829,1.450338,1.771704,1.988535,2.116025,10.835283,3.962091,0.929560,3.178909,3.496217,calls/second,milliseconds
1778489073,3863,10.835283,0.638650,0.000660,0.847965,0.036829,1.450338,1.771704,1.988535,2.116025,10.835283,3.958025,0.855236,3.126367,3.476847,calls/second,milliseconds
1778489074,3863,10.835283,0.638650,0.000660,0.847965,0.036829,1.450338,1.771704,1.988535,2.116025,10.835283,3.953966,0.855236,3.126367,3.476847,calls/second,milliseconds
1778489075,3863,10.835283,0.638650,0.000660,0.847965,0.036829,1.450338,1.771704,1.988535,2.116025,10.835283,3.949915,0.855236,3.126367,3.476847,calls/second,milliseconds
1778489076,3863,10.835283,0.638650,0.000660,0.847965,0.036829,1.450338,1.771704,1.988535,2.116025,10.835283,3.945873,0.855236,3.126367,3.476847,calls/second,milliseconds
1778489077,3863,10.835283,0.638650,0.000660,0.847965,0.036829,1.450338,1.771704,1.988535,2.116025,10.835283,3.941840,0.855236,3.126367,3.476847,calls/second,milliseconds
1778489078,3863,10.835283,0.638650,0.000660,0.847965,0.036829,1.450338,1.771704,1.988535,2.116025,10.835283,3.937817,0.786855,3.074692,3.457585,calls/second,milliseconds
1778489079,3863,10.835283,0.638650,0.000660,0.847965,0.036829,1.450338,1.771704,1.988535,2.116025,10.835283,3.933800,0.786855,3.074692,3.457585,calls/second,milliseconds
1778489080,3863,10.835283,0.638650,0.000660,0.847965,0.036829,1.450338,1.771704,1.988535,2.116025,10.835283,3.929792,0.786855,3.074692,3.457585,calls/second,milliseconds
1778489081,3863,10.835283,0.638650,0.000660,0.847965,0.036829,1.450338,1.771704,1.988535,2.116025,10.835283,3.925791,0.786855,3.074692,3.457585,calls/second,milliseconds
1778489082,3863,10.835283,0.638650,0.000660,0.847965,0.036829,1.450338,1.771704,1.988535,2.116025,10.835283,3.921799,0.723942,3.023872,3.438430,calls/second,milliseconds
1778489083,3863,10.835283,0.638650,0.000660,0.847965,0.036829,1.450338,1.771704,1.988535,2.116025,10.835283,3.917777,0.723942,3.023872,3.438430,calls/second,milliseconds
1778489084,3863,10.835283,0.638650,0.000660,0.847965,0.036829,1.450338,1.771704,1.988535,2.116025,10.835283,3.913801,0.723942,3.023872,3.438430,calls/second,milliseconds
1778489085,3863,10.835283,0.638650,0.000660,0.847965,0.036829,1.450338,1.771704,1.988535,2.116025,10.835283,3.909834,0.723942,3.023872,3.438430,calls/second,milliseconds
1778489086,3863,10.835283,0.638650,0.000660,0.847965,0.036829,1.450338,1.771704,1.988535,2.116025,10.835283,3.905875,0.723942,3.023872,3.438430,calls/second,milliseconds
1778489087,3863,10.835283,0.638650,0.000660,0.847965,0.036829,1.450338,1.771704,1.988535,2.116025,10.835283,3.901923,0.666059,2.973892,3.419380,calls/second,milliseconds
1778489088,3863,10.835283,0.638650,0.000660,0.847965,0.036829,1.450338,1.771704,1.988535,2.116025,10.835283,3.897979,0.666059,2.973892,3.419380,calls/second,milliseconds
1778489089,3863,10.835283,0.638650,0.000660,0.847965,0.036829,1.450338,1.771704,1.988535,2.116025,10.835283,3.894044,0.666059,2.973892,3.419380,calls/second,milliseconds
1778489090,3863,10.835283,0.638650,0.000660,0.847965,0.036829,1.450338,1.771704,1.988535,2.116025,10.835283,3.890116,0.666059,2.973892,3.419380,calls/second,milliseconds
1778489091,3863,10.835283,0.638650,0.000660,0.847965,0.036829,1.450338,1.771704,1.988535,2.116025,10.835283,3.886194,0.666059,2.973892,3.419380,calls/second,milliseconds
1778489092,3863,10.835283,0.638650,0.000660,0.847965,0.036829,1.450338,1.771704,1.988535,2.116025,10.835283,3.882283,0.612804,2.924738,3.400436,calls/second,milliseconds
1778489093,3863,10.835283,0.638650,0.000660,0.847965,0.036829,1.450338,1.771704,1.988535,2.116025,10.835283,3.878380,0.612804,2.924738,3.400436,calls/second,milliseconds
1778489094,3863,10.835283,0.638650,0.000660,0.847965,0.036829,1.450338,1.771704,1.988535,2.116025,10.835283,3.874481,0.612804,2.924738,3.400436,calls/second,milliseconds
1778489095,3863,10.835283,0.638650,0.000660,0.847965,0.036829,1.450338,1.771704,1.988535,2.116025,10.835283,3.870593,0.612804,2.924738,3.400436,calls/second,milliseconds
1778489096,3863,10.835283,0.638650,0.000660,0.847965,0.036829,1.450338,1.771704,1.988535,2.116025,10.835283,3.866713,0.612804,2.924738,3.400436,calls/second,milliseconds
1778489097,3863,10.835283,0.638650,0.000660,0.847965,0.036829,1.450338,1.771704,1.988535,2.116025,10.835283,3.862839,0.563807,2.876396,3.381597,calls/second,milliseconds
1778489098,3863,10.835283,0.638650,0.000660,0.847965,0.036829,1.450338,1.771704,1.988535,2.116025,10.835283,3.858973,0.563807,2.876396,3.381597,calls/second,milliseconds
1778489099,3863,10.835283,0.638650,0.000660,0.847965,0.036829,1.450338,1.771704,1.988535,2.116025,10.835283,3.855114,0.563807,2.876396,3.381597,calls/second,milliseconds
1778489100,3863,10.835283,0.638650,0.000660,0.847965,0.036829,1.450338,1.771704,1.988535,2.116025,10.835283,3.851264,0.563807,2.876396,3.381597,calls/second,milliseconds
1778489101,3863,10.835283,0.638650,0.000660,0.847965,0.036829,1.450338,1.771704,1.988535,2.116025,10.835283,3.847420,0.563807,2.876396,3.381597,calls/second,milliseconds
1778489102,3863,10.835283,0.638650,0.000660,0.847965,0.036829,1.450338,1.771704,1.988535,2.116025,10.835283,3.843586,0.518727,2.828854,3.362863,calls/second,milliseconds
1778489103,3863,10.835283,0.638650,0.000660,0.847965,0.036829,1.450338,1.771704,1.988535,2.116025,10.835283,3.839760,0.518727,2.828854,3.362863,calls/second,milliseconds
1778489104,3863,10.835283,0.638650,0.000660,0.847965,0.036829,1.450338,1.771704,1.988535,2.116025,10.835283,3.835939,0.518727,2.828854,3.362863,calls/second,milliseconds
1778489105,3863,10.835283,0.638650,0.000660,0.847965,0.036829,1.450338,1.771704,1.988535,2.116025,10.835283,3.832127,0.518727,2.828854,3.362863,calls/second,milliseconds
1778489106,3863,10.835283,0.638650,0.000660,0.847965,0.036829,1.450338,1.771704,1.988535,2.116025,10.835283,3.828324,0.518727,2.828854,3.362863,calls/second,milliseconds
1778489107,3863,10.835283,0.638650,0.000660,0.847965,0.036829,1.450338,1.771704,1.988535,2.116025,10.835283,3.824528,0.477252,2.782097,3.344232,calls/second,milliseconds
1778489108,3863,10.835283,0.638650,0.000660,0.847965,0.036829,1.450338,1.771704,1.988535,2.116025,10.835283,3.820738,0.477252,2.782097,3.344232,calls/second,milliseconds
1778489109,3863,10.835283,0.638650,0.000660,0.847965,0.036829,1.450338,1.771704,1.988535,2.116025,10.835283,3.816957,0.477252,2.782097,3.344232,calls/second,milliseconds
1778489110,3863,10.835283,0.638650,0.000660,0.847965,0.036829,1.450338,1.771704,1.988535,2.116025,10.835283,3.813182,0.477252,2.782097,3.344232,calls/second,milliseconds
1778489111,3863,10.835283,0.638650,0.000660,0.847965,0.036829,1.450338,1.771704,1.988535,2.116025,10.835283,3.809415,0.477252,2.782097,3.344232,calls/second,milliseconds
1778489112,3863,10.835283,0.638650,0.000660,0.847965,0.036829,1.450338,1.771704,1.988535,2.116025,10.835283,3.805654,0.439093,2.736113,3.325705,calls/second,milliseconds
1778489113,3863,10.835283,0.638650,0.000660,0.847965,0.036829,1.450338,1.771704,1.988535,2.116025,10.835283,3.801902,0.439093,2.736113,3.325705,calls/second,milliseconds
1778489114,3863,10.835283,0.638650,0.000660,0.847965,0.036829,1.450338,1.771704,1.988535,2.116025,10.835283,3.798159,0.439093,2.736113,3.325705,calls/second,milliseconds
1778489115,3863,10.835283,0.638650,0.000660,0.847965,0.036829,1.450338,1.771704,1.988535,2.116025,10.835283,3.794421,0.439093,2.736113,3.325705,calls/second,milliseconds
1778489116,3863,10.835283,0.638650,0.000660,0.847965,0.036829,1.450338,1.771704,1.988535,2.116025,10.835283,3.790689,0.439093,2.736113,3.325705,calls/second,milliseconds
1778489117,3863,10.835283,0.638650,0.000660,0.847965,0.036829,1.450338,1.771704,1.988535,2.116025,10.835283,3.786966,0.403985,2.690889,3.307280,calls/second,milliseconds
