t,count,max,mean,min,stddev,p50,p75,p95,p98,p99,p999,mean_rate,m1_rate,m5_rate,m15_rate,rate_unit,duration_unit
1779781403,5,500.664304,356.650591,297.595375,73.696531,328.528948,344.393610,500.664304,500.664304,500.664304,500.664304,15.915963,0.000000,0.000000,0.000000,calls/second,milliseconds
1779781404,5,500.664304,356.650591,297.595375,73.696531,328.528948,344.393610,500.664304,500.664304,500.664304,500.664304,3.792468,0.000000,0.000000,0.000000,calls/second,milliseconds
1779781405,5,500.664304,356.650591,297.595375,73.696531,328.528948,344.393610,500.664304,500.664304,500.664304,500.664304,2.152477,0.000000,0.000000,0.000000,calls/second,milliseconds
1779781406,5,500.664304,356.650591,297.595375,73.696531,328.528948,344.393610,500.664304,500.664304,500.664304,500.664304,1.503019,0.000000,0.000000,0.000000,calls/second,milliseconds
1779781407,5,500.664304,356.650591,297.595375,73.696531,328.528948,344.393610,500.664304,500.664304,500.664304,500.664304,1.154768,0.000000,0.000000,0.000000,calls/second,milliseconds
1779781408,5,500.664304,356.650591,297.595375,73.696531,328.528948,344.393610,500.664304,500.664304,500.664304,500.664304,0.937462,1.000000,1.000000,1.000000,calls/second,milliseconds
1779781409,5,500.664304,356.650591,297.595375,73.696531,328.528948,344.393610,500.664304,500.664304,500.664304,500.664304,0.789002,1.000000,1.000000,1.000000,calls/second,milliseconds
1779781410,5,500.664304,356.650591,297.595375,73.696531,328.528948,344.393610,500.664304,500.664304,500.664304,500.664304,0.681227,1.000000,1.000000,1.000000,calls/second,milliseconds
1779781411,5,500.664304,356.650591,297.595375,73.696531,328.528948,344.393610,500.664304,500.664304,500.664304,500.664304,0.599343,1.000000,1.000000,1.000000,calls/second,milliseconds
1779781412,5,500.664304,356.650591,297.595375,73.696531,328.528948,344.393610,500.664304,500.664304,500.664304,500.664304,0.535019,1.000000,1.000000,1.000000,calls/second,milliseconds
1779781413,5,500.664304,356.650591,297.595375,73.696531,328.528948,344.393610,500.664304,500.664304,500.664304,500.664304,0.483123,0.920044,0.983471,0.994460,calls/second,milliseconds
1779781414,5,500.664304,356.650591,297.595375,73.696531,328.528948,344.393610,500.664304,500.664304,500.664304,500.664304,0.440449,0.920044,0.983471,0.994460,calls/second,milliseconds
1779781415,5,500.664304,356.650591,297.595375,73.696531,328.528948,344.393610,500.664304,500.664304,500.664304,500.664304,0.404721,0.920044,0.983471,0.994460,calls/second,milliseconds
1779781416,5,500.664304,356.650591,297.595375,73.696531,328.528948,344.393610,500.664304,500.664304,500.664304,500.664304,0.374337,0.920044,0.983471,0.994460,calls/second,milliseconds
1779781417,5,500.664304,356.650591,297.595375,73.696531,328.528948,344.393610,500.664304,500.664304,500.664304,500.664304,0.348205,0.920044,0.983471,0.994460,calls/second,milliseconds
1779781418,5,500.664304,356.650591,297.595375,73.696531,328.528948,344.393610,500.664304,500.664304,500.664304,500.664304,0.325471,0.846482,0.967216,0.988950,calls/second,milliseconds
1779781419,5,500.664304,356.650591,297.595375,73.696531,328.528948,344.393610,500.664304,500.664304,500.664304,500.664304,0.305529,0.846482,0.967216,0.988950,calls/second,milliseconds
1779781420,5,500.664304,356.650591,297.595375,73.696531,328.528948,344.393610,500.664304,500.664304,500.664304,500.664304,0.287881,0.846482,0.967216,0.988950,calls/second,milliseconds
1779781421,5,500.664304,356.650591,297.595375,73.696531,328.528948,344.393610,500.664304,500.664304,500.664304,500.664304,0.272166,0.846482,0.967216,0.988950,calls/second,milliseconds
1779781422,5,500.664304,356.650591,297.595375,73.696531,328.528948,344.393610,500.664304,500.664304,500.664304,500.664304,0.258080,0.846482,0.967216,0.988950,calls/second,milliseconds
1779781423,10,500.664304,156.374165,5.230308,178.961721,9.855018,328.528948,500.664304,500.664304,500.664304,500.664304,0.490758,0.778801,0.951229,0.983471,calls/second,milliseconds
1779781424,10,500.664304,156.374165,5.230308,178.961721,9.855018,328.528948,500.664304,500.664304,500.664304,500.664304,0.467744,0.778801,0.951229,0.983471,calls/second,milliseconds
1779781425,10,500.664304,156.374165,5.230308,178.961721,9.855018,328.528948,500.664304,500.664304,500.664304,500.664304,0.446787,0.778801,0.951229,0.983471,calls/second,milliseconds
1779781426,10,500.664304,156.374165,5.230308,178.961721,9.855018,328.528948,500.664304,500.664304,500.664304,500.664304,0.427632,0.778801,0.951229,0.983471,calls/second,milliseconds
1779781427,10,500.664304,156.374165,5.230308,178.961721,9.855018,328.528948,500.664304,500.664304,500.664304,500.664304,0.410055,0.778801,0.951229,0.983471,calls/second,milliseconds
1779781428,10,500.664304,156.374165,5.230308,178.961721,9.855018,328.528948,500.664304,500.664304,500.664304,500.664304,0.393860,0.796487,0.952036,0.983563,calls/second,milliseconds
1779781429,10,500.664304,156.374165,5.230308,178.961721,9.855018,328.528948,500.664304,500.664304,500.664304,500.664304,0.378904,0.796487,0.952036,0.983563,calls/second,milliseconds
1779781430,10,500.664304,156.374165,5.230308,178.961721,9.855018,328.528948,500.664304,500.664304,500.664304,500.664304,0.365042,0.796487,0.952036,0.983563,calls/second,milliseconds
1779781431,10,500.664304,156.374165,5.230308,178.961721,9.855018,328.528948,500.664304,500.664304,500.664304,500.664304,0.352151,0.796487,0.952036,0.983563,calls/second,milliseconds
1779781432,15,500.664304,96.007103,2.277816,157.695174,8.073615,297.595375,500.664304,500.664304,500.664304,500.664304,0.510214,0.796487,0.952036,0.983563,calls/second,milliseconds
1779781433,15,500.664304,96.007103,2.277816,157.695174,8.073615,297.595375,500.664304,500.664304,500.664304,500.664304,0.493386,0.812759,0.952828,0.983654,calls/second,milliseconds
1779781434,15,500.664304,96.007103,2.277816,157.695174,8.073615,297.595375,500.664304,500.664304,500.664304,500.664304,0.477644,0.812759,0.952828,0.983654,calls/second,milliseconds
1779781435,15,500.664304,96.007103,2.277816,157.695174,8.073615,297.595375,500.664304,500.664304,500.664304,500.664304,0.462870,0.812759,0.952828,0.983654,calls/second,milliseconds
1779781436,15,500.664304,96.007103,2.277816,157.695174,8.073615,297.595375,500.664304,500.664304,500.664304,500.664304,0.448978,0.812759,0.952828,0.983654,calls/second,milliseconds
1779781437,15,500.664304,96.007103,2.277816,157.695174,8.073615,297.595375,500.664304,500.664304,500.664304,500.664304,0.435901,0.812759,0.952828,0.983654,calls/second,milliseconds
1779781438,15,500.664304,96.007103,2.277816,157.695174,8.073615,297.595375,500.664304,500.664304,500.664304,500.664304,0.423561,0.747774,0.937079,0.978204,calls/second,milliseconds
1779781439,15,500.664304,96.007103,2.277816,157.695174,8.073615,297.595375,500.664304,500.664304,500.664304,500.664304,0.411906,0.747774,0.937079,0.978204,calls/second,milliseconds
1779781440,15,500.664304,96.007103,2.277816,157.695174,8.073615,297.595375,500.664304,500.664304,500.664304,500.664304,0.400871,0.747774,0.937079,0.978204,calls/second,milliseconds
1779781441,15,500.664304,96.007103,2.277816,157.695174,8.073615,297.595375,500.664304,500.664304,500.664304,500.664304,0.390411,0.747774,0.937079,0.978204,calls/second,milliseconds
1779781442,15,500.664304,96.007103,2.277816,157.695174,8.073615,297.595375,500.664304,500.664304,500.664304,500.664304,0.380484,0.747774,0.937079,0.978204,calls/second,milliseconds
1779781443,15,500.664304,96.007103,2.277816,157.695174,8.073615,297.595375,500.664304,500.664304,500.664304,500.664304,0.371049,0.687986,0.921591,0.972785,calls/second,milliseconds
1779781444,20,500.664304,66.111734,2.085459,136.905535,5.555451,8.449309,344.393610,500.664304,500.664304,500.664304,0.482763,0.687986,0.921591,0.972785,calls/second,milliseconds
1779781445,20,500.664304,66.111734,2.085459,136.905535,5.555451,8.449309,344.393610,500.664304,500.664304,500.664304,0.471365,0.687986,0.921591,0.972785,calls/second,milliseconds
1779781446,20,500.664304,66.111734,2.085459,136.905535,5.555451,8.449309,344.393610,500.664304,500.664304,500.664304,0.460488,0.687986,0.921591,0.972785,calls/second,milliseconds
1779781447,20,500.664304,66.111734,2.085459,136.905535,5.555451,8.449309,344.393610,500.664304,500.664304,500.664304,0.450102,0.687986,0.921591,0.972785,calls/second,milliseconds
1779781448,20,500.664304,66.111734,2.085459,136.905535,5.555451,8.449309,344.393610,500.664304,500.664304,500.664304,0.440173,0.712933,0.922887,0.972936,calls/second,milliseconds
1779781449,20,500.664304,66.111734,2.085459,136.905535,5.555451,8.449309,344.393610,500.664304,500.664304,500.664304,0.430677,0.712933,0.922887,0.972936,calls/second,milliseconds
1779781450,20,500.664304,66.111734,2.085459,136.905535,5.555451,8.449309,344.393610,500.664304,500.664304,500.664304,0.421582,0.712933,0.922887,0.972936,calls/second,milliseconds
1779781451,20,500.664304,66.111734,2.085459,136.905535,5.555451,8.449309,344.393610,500.664304,500.664304,500.664304,0.412864,0.712933,0.922887,0.972936,calls/second,milliseconds
1779781452,20,500.664304,66.111734,2.085459,136.905535,5.555451,8.449309,344.393610,500.664304,500.664304,500.664304,0.404495,0.712933,0.922887,0.972936,calls/second,milliseconds
1779781453,20,500.664304,66.111734,2.085459,136.905535,5.555451,8.449309,344.393610,500.664304,500.664304,500.664304,0.396458,0.655930,0.907633,0.967546,calls/second,milliseconds
1779781454,25,500.664304,48.835849,2.085459,120.158899,3.397679,8.073615,344.393610,500.664304,500.664304,500.664304,0.485919,0.655930,0.907633,0.967546,calls/second,milliseconds
1779781455,25,500.664304,48.835849,2.085459,120.158899,3.397679,8.073615,344.393610,500.664304,500.664304,500.664304,0.476637,0.655930,0.907633,0.967546,calls/second,milliseconds
1779781456,25,500.664304,48.835849,2.085459,120.158899,3.397679,8.073615,344.393610,500.664304,500.664304,500.664304,0.467704,0.655930,0.907633,0.967546,calls/second,milliseconds
1779781457,25,500.664304,48.835849,2.085459,120.158899,3.397679,8.073615,344.393610,500.664304,500.664304,500.664304,0.459094,0.655930,0.907633,0.967546,calls/second,milliseconds
1779781458,25,500.664304,48.835849,2.085459,120.158899,3.397679,8.073615,344.393610,500.664304,500.664304,500.664304,0.450728,0.683440,0.909160,0.967725,calls/second,milliseconds
1779781459,25,500.664304,48.835849,2.085459,120.158899,3.397679,8.073615,344.393610,500.664304,500.664304,500.664304,0.442731,0.683440,0.909160,0.967725,calls/second,milliseconds
1779781460,25,500.664304,48.835849,2.085459,120.158899,3.397679,8.073615,344.393610,500.664304,500.664304,500.664304,0.435014,0.683440,0.909160,0.967725,calls/second,milliseconds
1779781461,25,500.664304,48.835849,2.085459,120.158899,3.397679,8.073615,344.393610,500.664304,500.664304,500.664304,0.427563,0.683440,0.909160,0.967725,calls/second,milliseconds
1779781462,25,500.664304,48.835849,2.085459,120.158899,3.397679,8.073615,344.393610,500.664304,500.664304,500.664304,0.420358,0.683440,0.909160,0.967725,calls/second,milliseconds
1779781463,25,500.664304,48.835849,2.085459,120.158899,3.397679,8.073615,344.393610,500.664304,500.664304,500.664304,0.413396,0.628795,0.894133,0.962364,calls/second,milliseconds
1779781464,25,500.664304,48.835849,2.085459,120.158899,3.397679,8.073615,344.393610,500.664304,500.664304,500.664304,0.406658,0.628795,0.894133,0.962364,calls/second,milliseconds
1779781465,25,500.664304,48.835849,2.085459,120.158899,3.397679,8.073615,344.393610,500.664304,500.664304,500.664304,0.400140,0.628795,0.894133,0.962364,calls/second,milliseconds
1779781466,25,500.664304,48.835849,2.085459,120.158899,3.397679,8.073615,344.393610,500.664304,500.664304,500.664304,0.393827,0.628795,0.894133,0.962364,calls/second,milliseconds
1779781467,25,500.664304,48.835849,2.085459,120.158899,3.397679,8.073615,344.393610,500.664304,500.664304,500.664304,0.387706,0.628795,0.894133,0.962364,calls/second,milliseconds
1779781468,25,500.664304,48.835849,2.085459,120.158899,3.397679,8.073615,344.393610,500.664304,500.664304,500.664304,0.381775,0.578520,0.879354,0.957032,calls/second,milliseconds
1779781469,25,500.664304,48.835849,2.085459,120.158899,3.397679,8.073615,344.393610,500.664304,500.664304,500.664304,0.376023,0.578520,0.879354,0.957032,calls/second,milliseconds
1779781470,25,500.664304,48.835849,2.085459,120.158899,3.397679,8.073615,344.393610,500.664304,500.664304,500.664304,0.370442,0.578520,0.879354,0.957032,calls/second,milliseconds
1779781471,25,500.664304,48.835849,2.085459,120.158899,3.397679,8.073615,344.393610,500.664304,500.664304,500.664304,0.365023,0.578520,0.879354,0.957032,calls/second,milliseconds
1779781472,25,500.664304,48.835849,2.085459,120.158899,3.397679,8.073615,344.393610,500.664304,500.664304,500.664304,0.359761,0.578520,0.879354,0.957032,calls/second,milliseconds
1779781473,25,500.664304,48.835849,2.085459,120.158899,3.397679,8.073615,344.393610,500.664304,500.664304,500.664304,0.354649,0.532264,0.864819,0.951730,calls/second,milliseconds
1779781474,25,500.664304,48.835849,2.085459,120.158899,3.397679,8.073615,344.393610,500.664304,500.664304,500.664304,0.349681,0.532264,0.864819,0.951730,calls/second,milliseconds
1779781475,25,500.664304,48.835849,2.085459,120.158899,3.397679,8.073615,344.393610,500.664304,500.664304,500.664304,0.344851,0.532264,0.864819,0.951730,calls/second,milliseconds
1779781476,25,500.664304,48.835849,2.085459,120.158899,3.397679,8.073615,344.393610,500.664304,500.664304,500.664304,0.340150,0.532264,0.864819,0.951730,calls/second,milliseconds
1779781477,25,500.664304,48.835849,2.085459,120.158899,3.397679,8.073615,344.393610,500.664304,500.664304,500.664304,0.335577,0.532264,0.864819,0.951730,calls/second,milliseconds
1779781478,25,500.664304,48.835849,2.085459,120.158899,3.397679,8.073615,344.393610,500.664304,500.664304,500.664304,0.331125,0.489706,0.850525,0.946458,calls/second,milliseconds
1779781479,25,500.664304,48.835849,2.085459,120.158899,3.397679,8.073615,344.393610,500.664304,500.664304,500.664304,0.326787,0.489706,0.850525,0.946458,calls/second,milliseconds
1779781480,25,500.664304,48.835849,2.085459,120.158899,3.397679,8.073615,344.393610,500.664304,500.664304,500.664304,0.322565,0.489706,0.850525,0.946458,calls/second,milliseconds
1779781481,30,500.664304,35.444534,1.991075,103.404424,2.607741,5.555451,328.528948,344.393610,500.664304,500.664304,0.382136,0.489706,0.850525,0.946458,calls/second,milliseconds
1779781482,30,500.664304,35.444534,1.991075,103.404424,2.607741,5.555451,328.528948,344.393610,500.664304,500.664304,0.377321,0.489706,0.850525,0.946458,calls/second,milliseconds
1779781483,30,500.664304,35.444534,1.991075,103.404424,2.607741,5.555451,328.528948,344.393610,500.664304,500.664304,0.372627,0.530507,0.852996,0.946754,calls/second,milliseconds
1779781484,30,500.664304,35.444534,1.991075,103.404424,2.607741,5.555451,328.528948,344.393610,500.664304,500.664304,0.368046,0.530507,0.852996,0.946754,calls/second,milliseconds
1779781485,30,500.664304,35.444534,1.991075,103.404424,2.607741,5.555451,328.528948,344.393610,500.664304,500.664304,0.363577,0.530507,0.852996,0.946754,calls/second,milliseconds
1779781486,30,500.664304,35.444534,1.991075,103.404424,2.607741,5.555451,328.528948,344.393610,500.664304,500.664304,0.359215,0.530507,0.852996,0.946754,calls/second,milliseconds
1779781487,30,500.664304,35.444534,1.991075,103.404424,2.607741,5.555451,328.528948,344.393610,500.664304,500.664304,0.354960,0.530507,0.852996,0.946754,calls/second,milliseconds
1779781488,30,500.664304,35.444534,1.991075,103.404424,2.607741,5.555451,328.528948,344.393610,500.664304,500.664304,0.350800,0.488090,0.838897,0.941509,calls/second,milliseconds
1779781489,30,500.664304,35.444534,1.991075,103.404424,2.607741,5.555451,328.528948,344.393610,500.664304,500.664304,0.346738,0.488090,0.838897,0.941509,calls/second,milliseconds
1779781490,30,500.664304,35.444534,1.991075,103.404424,2.607741,5.555451,328.528948,344.393610,500.664304,500.664304,0.342768,0.488090,0.838897,0.941509,calls/second,milliseconds
1779781491,35,500.664304,27.161613,1.991075,90.567416,2.576817,3.740873,312.070719,344.393610,500.664304,500.664304,0.395370,0.488090,0.838897,0.941509,calls/second,milliseconds
1779781492,35,500.664304,27.161613,1.991075,90.567416,2.576817,3.740873,312.070719,344.393610,500.664304,500.664304,0.390945,0.488090,0.838897,0.941509,calls/second,milliseconds
1779781493,35,500.664304,27.161613,1.991075,90.567416,2.576817,3.740873,312.070719,344.393610,500.664304,500.664304,0.386620,0.529020,0.841560,0.941833,calls/second,milliseconds
1779781494,35,500.664304,27.161613,1.991075,90.567416,2.576817,3.740873,312.070719,344.393610,500.664304,500.664304,0.382387,0.529020,0.841560,0.941833,calls/second,milliseconds
1779781495,35,500.664304,27.161613,1.991075,90.567416,2.576817,3.740873,312.070719,344.393610,500.664304,500.664304,0.378248,0.529020,0.841560,0.941833,calls/second,milliseconds
1779781496,35,500.664304,27.161613,1.991075,90.567416,2.576817,3.740873,312.070719,344.393610,500.664304,500.664304,0.374196,0.529020,0.841560,0.941833,calls/second,milliseconds
1779781497,35,500.664304,27.161613,1.991075,90.567416,2.576817,3.740873,312.070719,344.393610,500.664304,500.664304,0.370231,0.529020,0.841560,0.941833,calls/second,milliseconds
1779781498,35,500.664304,27.161613,1.991075,90.567416,2.576817,3.740873,312.070719,344.393610,500.664304,500.664304,0.366347,0.486722,0.827650,0.936615,calls/second,milliseconds
1779781499,35,500.664304,27.161613,1.991075,90.567416,2.576817,3.740873,312.070719,344.393610,500.664304,500.664304,0.362546,0.486722,0.827650,0.936615,calls/second,milliseconds
1779781500,35,500.664304,27.161613,1.991075,90.567416,2.576817,3.740873,312.070719,344.393610,500.664304,500.664304,0.358823,0.486722,0.827650,0.936615,calls/second,milliseconds
1779781501,35,500.664304,27.161613,1.991075,90.567416,2.576817,3.740873,312.070719,344.393610,500.664304,500.664304,0.355175,0.486722,0.827650,0.936615,calls/second,milliseconds
1779781502,35,500.664304,27.161613,1.991075,90.567416,2.576817,3.740873,312.070719,344.393610,500.664304,500.664304,0.351601,0.486722,0.827650,0.936615,calls/second,milliseconds
1779781503,35,500.664304,27.161613,1.991075,90.567416,2.576817,3.740873,312.070719,344.393610,500.664304,500.664304,0.348097,0.447806,0.813970,0.931426,calls/second,milliseconds
1779781504,35,500.664304,27.161613,1.991075,90.567416,2.576817,3.740873,312.070719,344.393610,500.664304,500.664304,0.344661,0.447806,0.813970,0.931426,calls/second,milliseconds
1779781505,35,500.664304,27.161613,1.991075,90.567416,2.576817,3.740873,312.070719,344.393610,500.664304,500.664304,0.341294,0.447806,0.813970,0.931426,calls/second,milliseconds
1779781506,35,500.664304,27.161613,1.991075,90.567416,2.576817,3.740873,312.070719,344.393610,500.664304,500.664304,0.337992,0.447806,0.813970,0.931426,calls/second,milliseconds
1779781507,35,500.664304,27.161613,1.991075,90.567416,2.576817,3.740873,312.070719,344.393610,500.664304,500.664304,0.334752,0.447806,0.813970,0.931426,calls/second,milliseconds
1779781508,40,500.664304,21.058844,1.831688,79.401792,2.444425,3.246508,297.595375,344.393610,500.664304,500.664304,0.378942,0.491957,0.817045,0.931806,calls/second,milliseconds
1779781509,40,500.664304,21.058844,1.831688,79.401792,2.444425,3.246508,297.595375,344.393610,500.664304,500.664304,0.375378,0.491957,0.817045,0.931806,calls/second,milliseconds
1779781510,40,500.664304,21.058844,1.831688,79.401792,2.444425,3.246508,297.595375,344.393610,500.664304,500.664304,0.371882,0.491957,0.817045,0.931806,calls/second,milliseconds
1779781511,40,500.664304,21.058844,1.831688,79.401792,2.444425,3.246508,297.595375,344.393610,500.664304,500.664304,0.368449,0.491957,0.817045,0.931806,calls/second,milliseconds
1779781512,40,500.664304,21.058844,1.831688,79.401792,2.444425,3.246508,297.595375,344.393610,500.664304,500.664304,0.365081,0.491957,0.817045,0.931806,calls/second,milliseconds
1779781513,40,500.664304,21.058844,1.831688,79.401792,2.444425,3.246508,297.595375,344.393610,500.664304,500.664304,0.361773,0.452622,0.803540,0.926644,calls/second,milliseconds
1779781514,40,500.664304,21.058844,1.831688,79.401792,2.444425,3.246508,297.595375,344.393610,500.664304,500.664304,0.358523,0.452622,0.803540,0.926644,calls/second,milliseconds
1779781515,40,500.664304,21.058844,1.831688,79.401792,2.444425,3.246508,297.595375,344.393610,500.664304,500.664304,0.355331,0.452622,0.803540,0.926644,calls/second,milliseconds
1779781516,40,500.664304,21.058844,1.831688,79.401792,2.444425,3.246508,297.595375,344.393610,500.664304,500.664304,0.352196,0.452622,0.803540,0.926644,calls/second,milliseconds
1779781517,40,500.664304,21.058844,1.831688,79.401792,2.444425,3.246508,297.595375,344.393610,500.664304,500.664304,0.349117,0.452622,0.803540,0.926644,calls/second,milliseconds
1779781518,45,500.664304,16.938030,1.831688,70.468110,2.411905,3.205100,9.855018,328.528948,344.393610,500.664304,0.389352,0.496388,0.806788,0.927050,calls/second,milliseconds
1779781519,45,500.664304,16.938030,1.831688,70.468110,2.411905,3.205100,9.855018,328.528948,344.393610,500.664304,0.386005,0.496388,0.806788,0.927050,calls/second,milliseconds
1779781520,45,500.664304,16.938030,1.831688,70.468110,2.411905,3.205100,9.855018,328.528948,344.393610,500.664304,0.382718,0.496388,0.806788,0.927050,calls/second,milliseconds
1779781521,45,500.664304,16.938030,1.831688,70.468110,2.411905,3.205100,9.855018,328.528948,344.393610,500.664304,0.379485,0.496388,0.806788,0.927050,calls/second,milliseconds
1779781522,45,500.664304,16.938030,1.831688,70.468110,2.411905,3.205100,9.855018,328.528948,344.393610,500.664304,0.376307,0.496388,0.806788,0.927050,calls/second,milliseconds
1779781523,45,500.664304,16.938030,1.831688,70.468110,2.411905,3.205100,9.855018,328.528948,344.393610,500.664304,0.373182,0.456699,0.793453,0.921914,calls/second,milliseconds
1779781524,45,500.664304,16.938030,1.831688,70.468110,2.411905,3.205100,9.855018,328.528948,344.393610,500.664304,0.370108,0.456699,0.793453,0.921914,calls/second,milliseconds
1779781525,45,500.664304,16.938030,1.831688,70.468110,2.411905,3.205100,9.855018,328.528948,344.393610,500.664304,0.367085,0.456699,0.793453,0.921914,calls/second,milliseconds
1779781526,45,500.664304,16.938030,1.831688,70.468110,2.411905,3.205100,9.855018,328.528948,344.393610,500.664304,0.364109,0.456699,0.793453,0.921914,calls/second,milliseconds
1779781527,45,500.664304,16.938030,1.831688,70.468110,2.411905,3.205100,9.855018,328.528948,344.393610,500.664304,0.361179,0.456699,0.793453,0.921914,calls/second,milliseconds
1779781528,45,500.664304,16.938030,1.831688,70.468110,2.411905,3.205100,9.855018,328.528948,344.393610,500.664304,0.358298,0.420183,0.780338,0.916807,calls/second,milliseconds
1779781529,45,500.664304,16.938030,1.831688,70.468110,2.411905,3.205100,9.855018,328.528948,344.393610,500.664304,0.355464,0.420183,0.780338,0.916807,calls/second,milliseconds
1779781530,50,500.664304,13.850661,1.831688,62.925880,2.384768,3.016057,8.420447,312.070719,344.393610,500.664304,0.391859,0.420183,0.780338,0.916807,calls/second,milliseconds
1779781531,50,500.664304,13.850661,1.831688,62.925880,2.384768,3.016057,8.420447,312.070719,344.393610,500.664304,0.388807,0.420183,0.780338,0.916807,calls/second,milliseconds
1779781532,50,500.664304,13.850661,1.831688,62.925880,2.384768,3.016057,8.420447,312.070719,344.393610,500.664304,0.385803,0.420183,0.780338,0.916807,calls/second,milliseconds
1779781533,50,500.664304,13.850661,1.831688,62.925880,2.384768,3.016057,8.420447,312.070719,344.393610,500.664304,0.382844,0.466543,0.783969,0.917268,calls/second,milliseconds
1779781534,50,500.664304,13.850661,1.831688,62.925880,2.384768,3.016057,8.420447,312.070719,344.393610,500.664304,0.379929,0.466543,0.783969,0.917268,calls/second,milliseconds
1779781535,50,500.664304,13.850661,1.831688,62.925880,2.384768,3.016057,8.420447,312.070719,344.393610,500.664304,0.377060,0.466543,0.783969,0.917268,calls/second,milliseconds
1779781536,50,500.664304,13.850661,1.831688,62.925880,2.384768,3.016057,8.420447,312.070719,344.393610,500.664304,0.374233,0.466543,0.783969,0.917268,calls/second,milliseconds
1779781537,50,500.664304,13.850661,1.831688,62.925880,2.384768,3.016057,8.420447,312.070719,344.393610,500.664304,0.371447,0.466543,0.783969,0.917268,calls/second,milliseconds
1779781538,50,500.664304,13.850661,1.831688,62.925880,2.384768,3.016057,8.420447,312.070719,344.393610,500.664304,0.368703,0.429240,0.771011,0.912186,calls/second,milliseconds
1779781539,50,500.664304,13.850661,1.831688,62.925880,2.384768,3.016057,8.420447,312.070719,344.393610,500.664304,0.366001,0.429240,0.771011,0.912186,calls/second,milliseconds
1779781540,55,500.664304,11.600067,1.831688,56.606852,2.326738,3.016057,8.073615,312.070719,344.393610,500.664304,0.399671,0.429240,0.771011,0.912186,calls/second,milliseconds
1779781541,55,500.664304,11.600067,1.831688,56.606852,2.326738,3.016057,8.073615,312.070719,344.393610,500.664304,0.396782,0.429240,0.771011,0.912186,calls/second,milliseconds
1779781542,55,500.664304,11.600067,1.831688,56.606852,2.326738,3.016057,8.073615,312.070719,344.393610,500.664304,0.393936,0.429240,0.771011,0.912186,calls/second,milliseconds
1779781543,55,500.664304,11.600067,1.831688,56.606852,2.326738,3.016057,8.073615,312.070719,344.393610,500.664304,0.391130,0.474876,0.774796,0.912672,calls/second,milliseconds
1779781544,55,500.664304,11.600067,1.831688,56.606852,2.326738,3.016057,8.073615,312.070719,344.393610,500.664304,0.388364,0.474876,0.774796,0.912672,calls/second,milliseconds
1779781545,55,500.664304,11.600067,1.831688,56.606852,2.326738,3.016057,8.073615,312.070719,344.393610,500.664304,0.385637,0.474876,0.774796,0.912672,calls/second,milliseconds
1779781546,55,500.664304,11.600067,1.831688,56.606852,2.326738,3.016057,8.073615,312.070719,344.393610,500.664304,0.382949,0.474876,0.774796,0.912672,calls/second,milliseconds
1779781547,55,500.664304,11.600067,1.831688,56.606852,2.326738,3.016057,8.073615,312.070719,344.393610,500.664304,0.380295,0.474876,0.774796,0.912672,calls/second,milliseconds
1779781548,55,500.664304,11.600067,1.831688,56.606852,2.326738,3.016057,8.073615,312.070719,344.393610,500.664304,0.377680,0.436907,0.761989,0.907616,calls/second,milliseconds
1779781549,55,500.664304,11.600067,1.831688,56.606852,2.326738,3.016057,8.073615,312.070719,344.393610,500.664304,0.375100,0.436907,0.761989,0.907616,calls/second,milliseconds
1779781550,55,500.664304,11.600067,1.831688,56.606852,2.326738,3.016057,8.073615,312.070719,344.393610,500.664304,0.372554,0.436907,0.761989,0.907616,calls/second,milliseconds
1779781551,55,500.664304,11.600067,1.831688,56.606852,2.326738,3.016057,8.073615,312.070719,344.393610,500.664304,0.370043,0.436907,0.761989,0.907616,calls/second,milliseconds
1779781552,55,500.664304,11.600067,1.831688,56.606852,2.326738,3.016057,8.073615,312.070719,344.393610,500.664304,0.367567,0.436907,0.761989,0.907616,calls/second,milliseconds
1779781553,55,500.664304,11.600067,1.831688,56.606852,2.326738,3.016057,8.073615,312.070719,344.393610,500.664304,0.365121,0.401974,0.749395,0.902588,calls/second,milliseconds
1779781554,55,500.664304,11.600067,1.831688,56.606852,2.326738,3.016057,8.073615,312.070719,344.393610,500.664304,0.362710,0.401974,0.749395,0.902588,calls/second,milliseconds
1779781555,55,500.664304,11.600067,1.831688,56.606852,2.326738,3.016057,8.073615,312.070719,344.393610,500.664304,0.360330,0.401974,0.749395,0.902588,calls/second,milliseconds
1779781556,55,500.664304,11.600067,1.831688,56.606852,2.326738,3.016057,8.073615,312.070719,344.393610,500.664304,0.357982,0.401974,0.749395,0.902588,calls/second,milliseconds
1779781557,55,500.664304,11.600067,1.831688,56.606852,2.326738,3.016057,8.073615,312.070719,344.393610,500.664304,0.355664,0.401974,0.749395,0.902588,calls/second,milliseconds
1779781558,55,500.664304,11.600067,1.831688,56.606852,2.326738,3.016057,8.073615,312.070719,344.393610,500.664304,0.353375,0.369834,0.737008,0.897587,calls/second,milliseconds
1779781559,55,500.664304,11.600067,1.831688,56.606852,2.326738,3.016057,8.073615,312.070719,344.393610,500.664304,0.351115,0.369834,0.737008,0.897587,calls/second,milliseconds
1779781560,55,500.664304,11.600067,1.831688,56.606852,2.326738,3.016057,8.073615,312.070719,344.393610,500.664304,0.348884,0.369834,0.737008,0.897587,calls/second,milliseconds
1779781561,55,500.664304,11.600067,1.831688,56.606852,2.326738,3.016057,8.073615,312.070719,344.393610,500.664304,0.346681,0.369834,0.737008,0.897587,calls/second,milliseconds
1779781562,60,500.664304,9.601035,1.831688,50.324403,2.254797,3.016057,5.832937,9.855018,328.528948,500.664304,0.375823,0.369834,0.737008,0.897587,calls/second,milliseconds
1779781563,60,500.664304,9.601035,1.831688,50.324403,2.254797,3.016057,5.832937,9.855018,328.528948,500.664304,0.373481,0.420219,0.741355,0.898155,calls/second,milliseconds
1779781564,60,500.664304,9.601035,1.831688,50.324403,2.254797,3.016057,5.832937,9.855018,328.528948,500.664304,0.371167,0.420219,0.741355,0.898155,calls/second,milliseconds
1779781565,60,500.664304,9.601035,1.831688,50.324403,2.254797,3.016057,5.832937,9.855018,328.528948,500.664304,0.368880,0.420219,0.741355,0.898155,calls/second,milliseconds
1779781566,60,500.664304,9.601035,1.831688,50.324403,2.254797,3.016057,5.832937,9.855018,328.528948,500.664304,0.366623,0.420219,0.741355,0.898155,calls/second,milliseconds
1779781567,60,500.664304,9.601035,1.831688,50.324403,2.254797,3.016057,5.832937,9.855018,328.528948,500.664304,0.364393,0.420219,0.741355,0.898155,calls/second,milliseconds
1779781568,60,500.664304,9.601035,1.831688,50.324403,2.254797,3.016057,5.832937,9.855018,328.528948,500.664304,0.362190,0.386620,0.729102,0.893179,calls/second,milliseconds
1779781569,60,500.664304,9.601035,1.831688,50.324403,2.254797,3.016057,5.832937,9.855018,328.528948,500.664304,0.360014,0.386620,0.729102,0.893179,calls/second,milliseconds
1779781570,60,500.664304,9.601035,1.831688,50.324403,2.254797,3.016057,5.832937,9.855018,328.528948,500.664304,0.357862,0.386620,0.729102,0.893179,calls/second,milliseconds
1779781571,60,500.664304,9.601035,1.831688,50.324403,2.254797,3.016057,5.832937,9.855018,328.528948,500.664304,0.355737,0.386620,0.729102,0.893179,calls/second,milliseconds
1779781572,65,500.664304,8.159713,1.831688,45.124011,2.252797,2.873410,5.230308,9.855018,312.070719,500.664304,0.383107,0.386620,0.729102,0.893179,calls/second,milliseconds
1779781573,65,500.664304,8.159713,1.831688,45.124011,2.252797,2.873410,5.230308,9.855018,312.070719,500.664304,0.380859,0.435663,0.733579,0.893770,calls/second,milliseconds
1779781574,65,500.664304,8.159713,1.831688,45.124011,2.252797,2.873410,5.230308,9.855018,312.070719,500.664304,0.378636,0.435663,0.733579,0.893770,calls/second,milliseconds
1779781575,65,500.664304,8.159713,1.831688,45.124011,2.252797,2.873410,5.230308,9.855018,312.070719,500.664304,0.376440,0.435663,0.733579,0.893770,calls/second,milliseconds
1779781576,65,500.664304,8.159713,1.831688,45.124011,2.252797,2.873410,5.230308,9.855018,312.070719,500.664304,0.374269,0.435663,0.733579,0.893770,calls/second,milliseconds
1779781577,65,500.664304,8.159713,1.831688,45.124011,2.252797,2.873410,5.230308,9.855018,312.070719,500.664304,0.372123,0.435663,0.733579,0.893770,calls/second,milliseconds
1779781578,65,500.664304,8.159713,1.831688,45.124011,2.252797,2.873410,5.230308,9.855018,312.070719,500.664304,0.370002,0.400830,0.721454,0.888819,calls/second,milliseconds
1779781579,65,500.664304,8.159713,1.831688,45.124011,2.252797,2.873410,5.230308,9.855018,312.070719,500.664304,0.367905,0.400830,0.721454,0.888819,calls/second,milliseconds
1779781580,65,500.664304,8.159713,1.831688,45.124011,2.252797,2.873410,5.230308,9.855018,312.070719,500.664304,0.365832,0.400830,0.721454,0.888819,calls/second,milliseconds
1779781581,65,500.664304,8.159713,1.831688,45.124011,2.252797,2.873410,5.230308,9.855018,312.070719,500.664304,0.363782,0.400830,0.721454,0.888819,calls/second,milliseconds
1779781582,65,500.664304,8.159713,1.831688,45.124011,2.252797,2.873410,5.230308,9.855018,312.070719,500.664304,0.361754,0.400830,0.721454,0.888819,calls/second,milliseconds
1779781583,65,500.664304,8.159713,1.831688,45.124011,2.252797,2.873410,5.230308,9.855018,312.070719,500.664304,0.359749,0.368781,0.709530,0.883895,calls/second,milliseconds
1779781584,65,500.664304,8.159713,1.831688,45.124011,2.252797,2.873410,5.230308,9.855018,312.070719,500.664304,0.357765,0.368781,0.709530,0.883895,calls/second,milliseconds
1779781585,65,500.664304,8.159713,1.831688,45.124011,2.252797,2.873410,5.230308,9.855018,312.070719,500.664304,0.355803,0.368781,0.709530,0.883895,calls/second,milliseconds
1779781586,65,500.664304,8.159713,1.831688,45.124011,2.252797,2.873410,5.230308,9.855018,312.070719,500.664304,0.353863,0.368781,0.709530,0.883895,calls/second,milliseconds
1779781587,65,500.664304,8.159713,1.831688,45.124011,2.252797,2.873410,5.230308,9.855018,312.070719,500.664304,0.351945,0.368781,0.709530,0.883895,calls/second,milliseconds
1779781588,65,500.664304,8.159713,1.831688,45.124011,2.252797,2.873410,5.230308,9.855018,312.070719,500.664304,0.350045,0.339295,0.697802,0.878998,calls/second,milliseconds
1779781589,65,500.664304,8.159713,1.831688,45.124011,2.252797,2.873410,5.230308,9.855018,312.070719,500.664304,0.348168,0.339295,0.697802,0.878998,calls/second,milliseconds
1779781590,65,500.664304,8.159713,1.831688,45.124011,2.252797,2.873410,5.230308,9.855018,312.070719,500.664304,0.346310,0.339295,0.697802,0.878998,calls/second,milliseconds
1779781591,65,500.664304,8.159713,1.831688,45.124011,2.252797,2.873410,5.230308,9.855018,312.070719,500.664304,0.344472,0.339295,0.697802,0.878998,calls/second,milliseconds
1779781592,65,500.664304,8.159713,1.831688,45.124011,2.252797,2.873410,5.230308,9.855018,312.070719,500.664304,0.342653,0.339295,0.697802,0.878998,calls/second,milliseconds
1779781593,65,500.664304,8.159713,1.831688,45.124011,2.252797,2.873410,5.230308,9.855018,312.070719,500.664304,0.340853,0.312166,0.686269,0.874128,calls/second,milliseconds
1779781594,65,500.664304,8.159713,1.831688,45.124011,2.252797,2.873410,5.230308,9.855018,312.070719,500.664304,0.339072,0.312166,0.686269,0.874128,calls/second,milliseconds
1779781595,65,500.664304,8.159713,1.831688,45.124011,2.252797,2.873410,5.230308,9.855018,312.070719,500.664304,0.337310,0.312166,0.686269,0.874128,calls/second,milliseconds
1779781596,65,500.664304,8.159713,1.831688,45.124011,2.252797,2.873410,5.230308,9.855018,312.070719,500.664304,0.335566,0.312166,0.686269,0.874128,calls/second,milliseconds
1779781597,65,500.664304,8.159713,1.831688,45.124011,2.252797,2.873410,5.230308,9.855018,312.070719,500.664304,0.333840,0.312166,0.686269,0.874128,calls/second,milliseconds
1779781598,65,500.664304,8.159713,1.831688,45.124011,2.252797,2.873410,5.230308,9.855018,312.070719,500.664304,0.332132,0.287207,0.674926,0.869285,calls/second,milliseconds
1779781599,65,500.664304,8.159713,1.831688,45.124011,2.252797,2.873410,5.230308,9.855018,312.070719,500.664304,0.330441,0.287207,0.674926,0.869285,calls/second,milliseconds
1779781600,65,500.664304,8.159713,1.831688,45.124011,2.252797,2.873410,5.230308,9.855018,312.070719,500.664304,0.328767,0.287207,0.674926,0.869285,calls/second,milliseconds
1779781601,65,500.664304,8.159713,1.831688,45.124011,2.252797,2.873410,5.230308,9.855018,312.070719,500.664304,0.327110,0.287207,0.674926,0.869285,calls/second,milliseconds
1779781602,65,500.664304,8.159713,1.831688,45.124011,2.252797,2.873410,5.230308,9.855018,312.070719,500.664304,0.325470,0.287207,0.674926,0.869285,calls/second,milliseconds
1779781603,65,500.664304,8.159713,1.831688,45.124011,2.252797,2.873410,5.230308,9.855018,312.070719,500.664304,0.323847,0.264243,0.663770,0.864469,calls/second,milliseconds
1779781604,65,500.664304,8.159713,1.831688,45.124011,2.252797,2.873410,5.230308,9.855018,312.070719,500.664304,0.322239,0.264243,0.663770,0.864469,calls/second,milliseconds
1779781605,65,500.664304,8.159713,1.831688,45.124011,2.252797,2.873410,5.230308,9.855018,312.070719,500.664304,0.320646,0.264243,0.663770,0.864469,calls/second,milliseconds
1779781606,65,500.664304,8.159713,1.831688,45.124011,2.252797,2.873410,5.230308,9.855018,312.070719,500.664304,0.319070,0.264243,0.663770,0.864469,calls/second,milliseconds
1779781607,65,500.664304,8.159713,1.831688,45.124011,2.252797,2.873410,5.230308,9.855018,312.070719,500.664304,0.317502,0.264243,0.663770,0.864469,calls/second,milliseconds
1779781608,65,500.664304,8.159713,1.831688,45.124011,2.252797,2.873410,5.230308,9.855018,312.070719,500.664304,0.315956,0.243115,0.652799,0.859680,calls/second,milliseconds
1779781609,65,500.664304,8.159713,1.831688,45.124011,2.252797,2.873410,5.230308,9.855018,312.070719,500.664304,0.314426,0.243115,0.652799,0.859680,calls/second,milliseconds
1779781610,65,500.664304,8.159713,1.831688,45.124011,2.252797,2.873410,5.230308,9.855018,312.070719,500.664304,0.312910,0.243115,0.652799,0.859680,calls/second,milliseconds
1779781611,65,500.664304,8.159713,1.831688,45.124011,2.252797,2.873410,5.230308,9.855018,312.070719,500.664304,0.311408,0.243115,0.652799,0.859680,calls/second,milliseconds
1779781612,65,500.664304,8.159713,1.831688,45.124011,2.252797,2.873410,5.230308,9.855018,312.070719,500.664304,0.309921,0.243115,0.652799,0.859680,calls/second,milliseconds
1779781613,65,500.664304,8.159713,1.831688,45.124011,2.252797,2.873410,5.230308,9.855018,312.070719,500.664304,0.308448,0.223677,0.642009,0.854917,calls/second,milliseconds
1779781614,65,500.664304,8.159713,1.831688,45.124011,2.252797,2.873410,5.230308,9.855018,312.070719,500.664304,0.306990,0.223677,0.642009,0.854917,calls/second,milliseconds
1779781615,65,500.664304,8.159713,1.831688,45.124011,2.252797,2.873410,5.230308,9.855018,312.070719,500.664304,0.305545,0.223677,0.642009,0.854917,calls/second,milliseconds
1779781616,65,500.664304,8.159713,1.831688,45.124011,2.252797,2.873410,5.230308,9.855018,312.070719,500.664304,0.304113,0.223677,0.642009,0.854917,calls/second,milliseconds
1779781617,65,500.664304,8.159713,1.831688,45.124011,2.252797,2.873410,5.230308,9.855018,312.070719,500.664304,0.302695,0.223677,0.642009,0.854917,calls/second,milliseconds
1779781618,65,500.664304,8.159713,1.831688,45.124011,2.252797,2.873410,5.230308,9.855018,312.070719,500.664304,0.301290,0.205793,0.631398,0.850181,calls/second,milliseconds
1779781619,65,500.664304,8.159713,1.831688,45.124011,2.252797,2.873410,5.230308,9.855018,312.070719,500.664304,0.299897,0.205793,0.631398,0.850181,calls/second,milliseconds
1779781620,65,500.664304,8.159713,1.831688,45.124011,2.252797,2.873410,5.230308,9.855018,312.070719,500.664304,0.298517,0.205793,0.631398,0.850181,calls/second,milliseconds
1779781621,65,500.664304,8.159713,1.831688,45.124011,2.252797,2.873410,5.230308,9.855018,312.070719,500.664304,0.297150,0.205793,0.631398,0.850181,calls/second,milliseconds
1779781622,65,500.664304,8.159713,1.831688,45.124011,2.252797,2.873410,5.230308,9.855018,312.070719,500.664304,0.295795,0.205793,0.631398,0.850181,calls/second,milliseconds
1779781623,65,500.664304,8.159713,1.831688,45.124011,2.252797,2.873410,5.230308,9.855018,312.070719,500.664304,0.294454,0.189338,0.620961,0.845471,calls/second,milliseconds
1779781624,65,500.664304,8.159713,1.831688,45.124011,2.252797,2.873410,5.230308,9.855018,312.070719,500.664304,0.293124,0.189338,0.620961,0.845471,calls/second,milliseconds
1779781625,65,500.664304,8.159713,1.831688,45.124011,2.252797,2.873410,5.230308,9.855018,312.070719,500.664304,0.291806,0.189338,0.620961,0.845471,calls/second,milliseconds
1779781626,65,500.664304,8.159713,1.831688,45.124011,2.252797,2.873410,5.230308,9.855018,312.070719,500.664304,0.290500,0.189338,0.620961,0.845471,calls/second,milliseconds
1779781627,65,500.664304,8.159713,1.831688,45.124011,2.252797,2.873410,5.230308,9.855018,312.070719,500.664304,0.289206,0.189338,0.620961,0.845471,calls/second,milliseconds
1779781628,65,500.664304,8.159713,1.831688,45.124011,2.252797,2.873410,5.230308,9.855018,312.070719,500.664304,0.287922,0.174200,0.610698,0.840787,calls/second,milliseconds
1779781629,65,500.664304,8.159713,1.831688,45.124011,2.252797,2.873410,5.230308,9.855018,312.070719,500.664304,0.286650,0.174200,0.610698,0.840787,calls/second,milliseconds
1779781630,65,500.664304,8.159713,1.831688,45.124011,2.252797,2.873410,5.230308,9.855018,312.070719,500.664304,0.285390,0.174200,0.610698,0.840787,calls/second,milliseconds
1779781631,65,500.664304,8.159713,1.831688,45.124011,2.252797,2.873410,5.230308,9.855018,312.070719,500.664304,0.284141,0.174200,0.610698,0.840787,calls/second,milliseconds
1779781632,65,500.664304,8.159713,1.831688,45.124011,2.252797,2.873410,5.230308,9.855018,312.070719,500.664304,0.282902,0.174200,0.610698,0.840787,calls/second,milliseconds
1779781633,65,500.664304,8.159713,1.831688,45.124011,2.252797,2.873410,5.230308,9.855018,312.070719,500.664304,0.281674,0.160272,0.600604,0.836128,calls/second,milliseconds
1779781634,65,500.664304,8.159713,1.831688,45.124011,2.252797,2.873410,5.230308,9.855018,312.070719,500.664304,0.280458,0.160272,0.600604,0.836128,calls/second,milliseconds
1779781635,65,500.664304,8.159713,1.831688,45.124011,2.252797,2.873410,5.230308,9.855018,312.070719,500.664304,0.279251,0.160272,0.600604,0.836128,calls/second,milliseconds
1779781636,65,500.664304,8.159713,1.831688,45.124011,2.252797,2.873410,5.230308,9.855018,312.070719,500.664304,0.278054,0.160272,0.600604,0.836128,calls/second,milliseconds
1779781637,65,500.664304,8.159713,1.831688,45.124011,2.252797,2.873410,5.230308,9.855018,312.070719,500.664304,0.276868,0.160272,0.600604,0.836128,calls/second,milliseconds
1779781638,65,500.664304,8.159713,1.831688,45.124011,2.252797,2.873410,5.230308,9.855018,312.070719,500.664304,0.275691,0.147457,0.590677,0.831496,calls/second,milliseconds
1779781639,65,500.664304,8.159713,1.831688,45.124011,2.252797,2.873410,5.230308,9.855018,312.070719,500.664304,0.274526,0.147457,0.590677,0.831496,calls/second,milliseconds
1779781640,65,500.664304,8.159713,1.831688,45.124011,2.252797,2.873410,5.230308,9.855018,312.070719,500.664304,0.273369,0.147457,0.590677,0.831496,calls/second,milliseconds
1779781641,65,500.664304,8.159713,1.831688,45.124011,2.252797,2.873410,5.230308,9.855018,312.070719,500.664304,0.272223,0.147457,0.590677,0.831496,calls/second,milliseconds
1779781642,65,500.664304,8.159713,1.831688,45.124011,2.252797,2.873410,5.230308,9.855018,312.070719,500.664304,0.271086,0.147457,0.590677,0.831496,calls/second,milliseconds
1779781643,65,500.664304,8.159713,1.831688,45.124011,2.252797,2.873410,5.230308,9.855018,312.070719,500.664304,0.269959,0.135667,0.580914,0.826890,calls/second,milliseconds
1779781644,65,500.664304,8.159713,1.831688,45.124011,2.252797,2.873410,5.230308,9.855018,312.070719,500.664304,0.268841,0.135667,0.580914,0.826890,calls/second,milliseconds
1779781645,65,500.664304,8.159713,1.831688,45.124011,2.252797,2.873410,5.230308,9.855018,312.070719,500.664304,0.267732,0.135667,0.580914,0.826890,calls/second,milliseconds
1779781646,65,500.664304,8.159713,1.831688,45.124011,2.252797,2.873410,5.230308,9.855018,312.070719,500.664304,0.266632,0.135667,0.580914,0.826890,calls/second,milliseconds
1779781647,65,500.664304,8.159713,1.831688,45.124011,2.252797,2.873410,5.230308,9.855018,312.070719,500.664304,0.265541,0.135667,0.580914,0.826890,calls/second,milliseconds
1779781648,65,500.664304,8.159713,1.831688,45.124011,2.252797,2.873410,5.230308,9.855018,312.070719,500.664304,0.264459,0.124820,0.571312,0.822308,calls/second,milliseconds
1779781649,65,500.664304,8.159713,1.831688,45.124011,2.252797,2.873410,5.230308,9.855018,312.070719,500.664304,0.263386,0.124820,0.571312,0.822308,calls/second,milliseconds
1779781650,65,500.664304,8.159713,1.831688,45.124011,2.252797,2.873410,5.230308,9.855018,312.070719,500.664304,0.262322,0.124820,0.571312,0.822308,calls/second,milliseconds
1779781651,65,500.664304,8.159713,1.831688,45.124011,2.252797,2.873410,5.230308,9.855018,312.070719,500.664304,0.261266,0.124820,0.571312,0.822308,calls/second,milliseconds
1779781652,65,500.664304,8.159713,1.831688,45.124011,2.252797,2.873410,5.230308,9.855018,312.070719,500.664304,0.260219,0.124820,0.571312,0.822308,calls/second,milliseconds
1779781653,65,500.664304,8.159713,1.831688,45.124011,2.252797,2.873410,5.230308,9.855018,312.070719,500.664304,0.259179,0.114840,0.561869,0.817753,calls/second,milliseconds
1779781654,70,500.664304,7.311323,1.831688,34.814734,3.079687,5.689610,7.568517,7.870289,9.855018,500.664304,0.278006,0.114840,0.561869,0.817753,calls/second,milliseconds
1779781655,70,500.664304,7.311323,1.831688,34.814734,3.079687,5.689610,7.568517,7.870289,9.855018,500.664304,0.276904,0.114840,0.561869,0.817753,calls/second,milliseconds
1779781656,70,500.664304,7.311323,1.831688,34.814734,3.079687,5.689610,7.568517,7.870289,9.855018,500.664304,0.275810,0.114840,0.561869,0.817753,calls/second,milliseconds
1779781657,70,500.664304,7.311323,1.831688,34.814734,3.079687,5.689610,7.568517,7.870289,9.855018,500.664304,0.274726,0.114840,0.561869,0.817753,calls/second,milliseconds
1779781658,70,500.664304,7.311323,1.831688,34.814734,3.079687,5.689610,7.568517,7.870289,9.855018,500.664304,0.273651,0.185613,0.569111,0.818762,calls/second,milliseconds
1779781659,70,500.664304,7.311323,1.831688,34.814734,3.079687,5.689610,7.568517,7.870289,9.855018,500.664304,0.272583,0.185613,0.569111,0.818762,calls/second,milliseconds
1779781660,70,500.664304,7.311323,1.831688,34.814734,3.079687,5.689610,7.568517,7.870289,9.855018,500.664304,0.271524,0.185613,0.569111,0.818762,calls/second,milliseconds
1779781661,70,500.664304,7.311323,1.831688,34.814734,3.079687,5.689610,7.568517,7.870289,9.855018,500.664304,0.270473,0.185613,0.569111,0.818762,calls/second,milliseconds
1779781662,70,500.664304,7.311323,1.831688,34.814734,3.079687,5.689610,7.568517,7.870289,9.855018,500.664304,0.269431,0.185613,0.569111,0.818762,calls/second,milliseconds
1779781663,75,500.664304,6.149607,1.831688,28.762763,3.246508,5.249644,7.568517,7.568517,8.420447,500.664304,0.287568,0.170772,0.559704,0.814226,calls/second,milliseconds
1779781664,75,500.664304,6.149607,1.831688,28.762763,3.246508,5.249644,7.568517,7.568517,8.420447,500.664304,0.286468,0.170772,0.559704,0.814226,calls/second,milliseconds
1779781665,75,500.664304,6.149607,1.831688,28.762763,3.246508,5.249644,7.568517,7.568517,8.420447,500.664304,0.285376,0.170772,0.559704,0.814226,calls/second,milliseconds
1779781666,75,500.664304,6.149607,1.831688,28.762763,3.246508,5.249644,7.568517,7.568517,8.420447,500.664304,0.284292,0.170772,0.559704,0.814226,calls/second,milliseconds
1779781667,75,500.664304,6.149607,1.831688,28.762763,3.246508,5.249644,7.568517,7.568517,8.420447,500.664304,0.283217,0.170772,0.559704,0.814226,calls/second,milliseconds
1779781668,75,500.664304,6.149607,1.831688,28.762763,3.246508,5.249644,7.568517,7.568517,8.420447,500.664304,0.282150,0.237074,0.566982,0.815256,calls/second,milliseconds
1779781669,75,500.664304,6.149607,1.831688,28.762763,3.246508,5.249644,7.568517,7.568517,8.420447,500.664304,0.281091,0.237074,0.566982,0.815256,calls/second,milliseconds
1779781670,75,500.664304,6.149607,1.831688,28.762763,3.246508,5.249644,7.568517,7.568517,8.420447,500.664304,0.280040,0.237074,0.566982,0.815256,calls/second,milliseconds
1779781671,75,500.664304,6.149607,1.831688,28.762763,3.246508,5.249644,7.568517,7.568517,8.420447,500.664304,0.278997,0.237074,0.566982,0.815256,calls/second,milliseconds
1779781672,75,500.664304,6.149607,1.831688,28.762763,3.246508,5.249644,7.568517,7.568517,8.420447,500.664304,0.277961,0.237074,0.566982,0.815256,calls/second,milliseconds
1779781673,75,500.664304,6.149607,1.831688,28.762763,3.246508,5.249644,7.568517,7.568517,8.420447,500.664304,0.276934,0.218118,0.557610,0.810739,calls/second,milliseconds
1779781674,75,500.664304,6.149607,1.831688,28.762763,3.246508,5.249644,7.568517,7.568517,8.420447,500.664304,0.275913,0.218118,0.557610,0.810739,calls/second,milliseconds
1779781675,75,500.664304,6.149607,1.831688,28.762763,3.246508,5.249644,7.568517,7.568517,8.420447,500.664304,0.274900,0.218118,0.557610,0.810739,calls/second,milliseconds
1779781676,75,500.664304,6.149607,1.831688,28.762763,3.246508,5.249644,7.568517,7.568517,8.420447,500.664304,0.273894,0.218118,0.557610,0.810739,calls/second,milliseconds
1779781677,75,500.664304,6.149607,1.831688,28.762763,3.246508,5.249644,7.568517,7.568517,8.420447,500.664304,0.272897,0.218118,0.557610,0.810739,calls/second,milliseconds
1779781678,75,500.664304,6.149607,1.831688,28.762763,3.246508,5.249644,7.568517,7.568517,8.420447,500.664304,0.271906,0.200679,0.548394,0.806247,calls/second,milliseconds
1779781679,75,500.664304,6.149607,1.831688,28.762763,3.246508,5.249644,7.568517,7.568517,8.420447,500.664304,0.270922,0.200679,0.548394,0.806247,calls/second,milliseconds
1779781680,75,500.664304,6.149607,1.831688,28.762763,3.246508,5.249644,7.568517,7.568517,8.420447,500.664304,0.269946,0.200679,0.548394,0.806247,calls/second,milliseconds
1779781681,75,500.664304,6.149607,1.831688,28.762763,3.246508,5.249644,7.568517,7.568517,8.420447,500.664304,0.268976,0.200679,0.548394,0.806247,calls/second,milliseconds
1779781682,75,500.664304,6.149607,1.831688,28.762763,3.246508,5.249644,7.568517,7.568517,8.420447,500.664304,0.268014,0.200679,0.548394,0.806247,calls/second,milliseconds
1779781683,75,500.664304,6.149607,1.831688,28.762763,3.246508,5.249644,7.568517,7.568517,8.420447,500.664304,0.267058,0.184633,0.539330,0.801781,calls/second,milliseconds
1779781684,75,500.664304,6.149607,1.831688,28.762763,3.246508,5.249644,7.568517,7.568517,8.420447,500.664304,0.266109,0.184633,0.539330,0.801781,calls/second,milliseconds
1779781685,75,500.664304,6.149607,1.831688,28.762763,3.246508,5.249644,7.568517,7.568517,8.420447,500.664304,0.265166,0.184633,0.539330,0.801781,calls/second,milliseconds
1779781686,75,500.664304,6.149607,1.831688,28.762763,3.246508,5.249644,7.568517,7.568517,8.420447,500.664304,0.264230,0.184633,0.539330,0.801781,calls/second,milliseconds
1779781687,75,500.664304,6.149607,1.831688,28.762763,3.246508,5.249644,7.568517,7.568517,8.420447,500.664304,0.263301,0.184633,0.539330,0.801781,calls/second,milliseconds
1779781688,75,500.664304,6.149607,1.831688,28.762763,3.246508,5.249644,7.568517,7.568517,8.420447,500.664304,0.262378,0.169871,0.530415,0.797339,calls/second,milliseconds
1779781689,75,500.664304,6.149607,1.831688,28.762763,3.246508,5.249644,7.568517,7.568517,8.420447,500.664304,0.261462,0.169871,0.530415,0.797339,calls/second,milliseconds
1779781690,75,500.664304,6.149607,1.831688,28.762763,3.246508,5.249644,7.568517,7.568517,8.420447,500.664304,0.260553,0.169871,0.530415,0.797339,calls/second,milliseconds
1779781691,80,500.664304,5.155934,1.831688,23.709608,2.503768,5.249644,6.810199,7.568517,7.870289,344.393610,0.276959,0.169871,0.530415,0.797339,calls/second,milliseconds
1779781692,80,500.664304,5.155934,1.831688,23.709608,2.503768,5.249644,6.810199,7.568517,7.870289,344.393610,0.276002,0.169871,0.530415,0.797339,calls/second,milliseconds
1779781693,80,500.664304,5.155934,1.831688,23.709608,2.503768,5.249644,6.810199,7.568517,7.870289,344.393610,0.275052,0.236244,0.538177,0.798461,calls/second,milliseconds
1779781694,80,500.664304,5.155934,1.831688,23.709608,2.503768,5.249644,6.810199,7.568517,7.870289,344.393610,0.274109,0.236244,0.538177,0.798461,calls/second,milliseconds
1779781695,80,500.664304,5.155934,1.831688,23.709608,2.503768,5.249644,6.810199,7.568517,7.870289,344.393610,0.273171,0.236244,0.538177,0.798461,calls/second,milliseconds
1779781696,80,500.664304,5.155934,1.831688,23.709608,2.503768,5.249644,6.810199,7.568517,7.870289,344.393610,0.272240,0.236244,0.538177,0.798461,calls/second,milliseconds
1779781697,80,500.664304,5.155934,1.831688,23.709608,2.503768,5.249644,6.810199,7.568517,7.870289,344.393610,0.271316,0.236244,0.538177,0.798461,calls/second,milliseconds
1779781698,80,500.664304,5.155934,1.831688,23.709608,2.503768,5.249644,6.810199,7.568517,7.870289,344.393610,0.270398,0.217355,0.529282,0.794038,calls/second,milliseconds
1779781699,80,500.664304,5.155934,1.831688,23.709608,2.503768,5.249644,6.810199,7.568517,7.870289,344.393610,0.269485,0.217355,0.529282,0.794038,calls/second,milliseconds
1779781700,85,500.664304,4.435700,1.831688,20.241334,2.416939,4.877732,6.810199,7.568517,7.568517,344.393610,0.285366,0.217355,0.529282,0.794038,calls/second,milliseconds
1779781701,85,500.664304,4.435700,1.831688,20.241334,2.416939,4.877732,6.810199,7.568517,7.568517,344.393610,0.284410,0.217355,0.529282,0.794038,calls/second,milliseconds
1779781702,85,500.664304,4.435700,1.831688,20.241334,2.416939,4.877732,6.810199,7.568517,7.568517,344.393610,0.283460,0.217355,0.529282,0.794038,calls/second,milliseconds
1779781703,85,500.664304,4.435700,1.831688,20.241334,2.416939,4.877732,6.810199,7.568517,7.568517,344.393610,0.282517,0.279932,0.537062,0.795179,calls/second,milliseconds
1779781704,85,500.664304,4.435700,1.831688,20.241334,2.416939,4.877732,6.810199,7.568517,7.568517,344.393610,0.281580,0.279932,0.537062,0.795179,calls/second,milliseconds
1779781705,85,500.664304,4.435700,1.831688,20.241334,2.416939,4.877732,6.810199,7.568517,7.568517,344.393610,0.280649,0.279932,0.537062,0.795179,calls/second,milliseconds
1779781706,85,500.664304,4.435700,1.831688,20.241334,2.416939,4.877732,6.810199,7.568517,7.568517,344.393610,0.279724,0.279932,0.537062,0.795179,calls/second,milliseconds
1779781707,85,500.664304,4.435700,1.831688,20.241334,2.416939,4.877732,6.810199,7.568517,7.568517,344.393610,0.278806,0.279932,0.537062,0.795179,calls/second,milliseconds
1779781708,85,500.664304,4.435700,1.831688,20.241334,2.416939,4.877732,6.810199,7.568517,7.568517,344.393610,0.277893,0.257550,0.528185,0.790773,calls/second,milliseconds
1779781709,85,500.664304,4.435700,1.831688,20.241334,2.416939,4.877732,6.810199,7.568517,7.568517,344.393610,0.276986,0.257550,0.528185,0.790773,calls/second,milliseconds
1779781710,85,500.664304,4.435700,1.831688,20.241334,2.416939,4.877732,6.810199,7.568517,7.568517,344.393610,0.276085,0.257550,0.528185,0.790773,calls/second,milliseconds
1779781711,85,500.664304,4.435700,1.831688,20.241334,2.416939,4.877732,6.810199,7.568517,7.568517,344.393610,0.275190,0.257550,0.528185,0.790773,calls/second,milliseconds
1779781712,85,500.664304,4.435700,1.831688,20.241334,2.416939,4.877732,6.810199,7.568517,7.568517,344.393610,0.274300,0.257550,0.528185,0.790773,calls/second,milliseconds
1779781713,85,500.664304,4.435700,1.831688,20.241334,2.416939,4.877732,6.810199,7.568517,7.568517,344.393610,0.273416,0.236957,0.519455,0.786392,calls/second,milliseconds
1779781714,85,500.664304,4.435700,1.831688,20.241334,2.416939,4.877732,6.810199,7.568517,7.568517,344.393610,0.272538,0.236957,0.519455,0.786392,calls/second,milliseconds
1779781715,85,500.664304,4.435700,1.831688,20.241334,2.416939,4.877732,6.810199,7.568517,7.568517,344.393610,0.271666,0.236957,0.519455,0.786392,calls/second,milliseconds
1779781716,85,500.664304,4.435700,1.831688,20.241334,2.416939,4.877732,6.810199,7.568517,7.568517,344.393610,0.270799,0.236957,0.519455,0.786392,calls/second,milliseconds
1779781717,85,500.664304,4.435700,1.831688,20.241334,2.416939,4.877732,6.810199,7.568517,7.568517,344.393610,0.269938,0.236957,0.519455,0.786392,calls/second,milliseconds
1779781718,85,500.664304,4.435700,1.831688,20.241334,2.416939,4.877732,6.810199,7.568517,7.568517,344.393610,0.269082,0.218011,0.510869,0.782036,calls/second,milliseconds
1779781719,85,500.664304,4.435700,1.831688,20.241334,2.416939,4.877732,6.810199,7.568517,7.568517,344.393610,0.268232,0.218011,0.510869,0.782036,calls/second,milliseconds
1779781720,85,500.664304,4.435700,1.831688,20.241334,2.416939,4.877732,6.810199,7.568517,7.568517,344.393610,0.267387,0.218011,0.510869,0.782036,calls/second,milliseconds
1779781721,85,500.664304,4.435700,1.831688,20.241334,2.416939,4.877732,6.810199,7.568517,7.568517,344.393610,0.266547,0.218011,0.510869,0.782036,calls/second,milliseconds
1779781722,85,500.664304,4.435700,1.831688,20.241334,2.416939,4.877732,6.810199,7.568517,7.568517,344.393610,0.265712,0.218011,0.510869,0.782036,calls/second,milliseconds
1779781723,85,500.664304,4.435700,1.831688,20.241334,2.416939,4.877732,6.810199,7.568517,7.568517,344.393610,0.264883,0.200580,0.502425,0.777703,calls/second,milliseconds
1779781724,85,500.664304,4.435700,1.831688,20.241334,2.416939,4.877732,6.810199,7.568517,7.568517,344.393610,0.264059,0.200580,0.502425,0.777703,calls/second,milliseconds
1779781725,85,500.664304,4.435700,1.831688,20.241334,2.416939,4.877732,6.810199,7.568517,7.568517,344.393610,0.263240,0.200580,0.502425,0.777703,calls/second,milliseconds
1779781726,85,500.664304,4.435700,1.831688,20.241334,2.416939,4.877732,6.810199,7.568517,7.568517,344.393610,0.262426,0.200580,0.502425,0.777703,calls/second,milliseconds
1779781727,85,500.664304,4.435700,1.831688,20.241334,2.416939,4.877732,6.810199,7.568517,7.568517,344.393610,0.261618,0.200580,0.502425,0.777703,calls/second,milliseconds
1779781728,90,500.664304,3.811215,1.659469,17.074606,2.400706,3.148377,6.810199,7.568517,7.568517,328.528948,0.276155,0.264498,0.510649,0.778935,calls/second,milliseconds
1779781729,90,500.664304,3.811215,1.659469,17.074606,2.400706,3.148377,6.810199,7.568517,7.568517,328.528948,0.275309,0.264498,0.510649,0.778935,calls/second,milliseconds
1779781730,90,500.664304,3.811215,1.659469,17.074606,2.400706,3.148377,6.810199,7.568517,7.568517,328.528948,0.274469,0.264498,0.510649,0.778935,calls/second,milliseconds
1779781731,90,500.664304,3.811215,1.659469,17.074606,2.400706,3.148377,6.810199,7.568517,7.568517,328.528948,0.273633,0.264498,0.510649,0.778935,calls/second,milliseconds
1779781732,90,500.664304,3.811215,1.659469,17.074606,2.400706,3.148377,6.810199,7.568517,7.568517,328.528948,0.272802,0.264498,0.510649,0.778935,calls/second,milliseconds
1779781733,90,500.664304,3.811215,1.659469,17.074606,2.400706,3.148377,6.810199,7.568517,7.568517,328.528948,0.271976,0.243350,0.502209,0.774619,calls/second,milliseconds
1779781734,90,500.664304,3.811215,1.659469,17.074606,2.400706,3.148377,6.810199,7.568517,7.568517,328.528948,0.271155,0.243350,0.502209,0.774619,calls/second,milliseconds
1779781735,90,500.664304,3.811215,1.659469,17.074606,2.400706,3.148377,6.810199,7.568517,7.568517,328.528948,0.270339,0.243350,0.502209,0.774619,calls/second,milliseconds
1779781736,90,500.664304,3.811215,1.659469,17.074606,2.400706,3.148377,6.810199,7.568517,7.568517,328.528948,0.269529,0.243350,0.502209,0.774619,calls/second,milliseconds
1779781737,95,500.664304,3.387043,1.659469,14.779784,2.239727,2.869865,6.613731,6.810199,7.568517,312.070719,0.283652,0.243350,0.502209,0.774619,calls/second,milliseconds
1779781738,95,500.664304,3.387043,1.659469,14.779784,2.239727,2.869865,6.613731,6.810199,7.568517,312.070719,0.282805,0.303848,0.510437,0.775868,calls/second,milliseconds
1779781739,95,500.664304,3.387043,1.659469,14.779784,2.239727,2.869865,6.613731,6.810199,7.568517,312.070719,0.281965,0.303848,0.510437,0.775868,calls/second,milliseconds
1779781740,95,500.664304,3.387043,1.659469,14.779784,2.239727,2.869865,6.613731,6.810199,7.568517,312.070719,0.281129,0.303848,0.510437,0.775868,calls/second,milliseconds
1779781741,95,500.664304,3.387043,1.659469,14.779784,2.239727,2.869865,6.613731,6.810199,7.568517,312.070719,0.280298,0.303848,0.510437,0.775868,calls/second,milliseconds
1779781742,95,500.664304,3.387043,1.659469,14.779784,2.239727,2.869865,6.613731,6.810199,7.568517,312.070719,0.279473,0.303848,0.510437,0.775868,calls/second,milliseconds
1779781743,95,500.664304,3.387043,1.659469,14.779784,2.239727,2.869865,6.613731,6.810199,7.568517,312.070719,0.278651,0.279554,0.502000,0.771569,calls/second,milliseconds
1779781744,95,500.664304,3.387043,1.659469,14.779784,2.239727,2.869865,6.613731,6.810199,7.568517,312.070719,0.277835,0.279554,0.502000,0.771569,calls/second,milliseconds
1779781745,95,500.664304,3.387043,1.659469,14.779784,2.239727,2.869865,6.613731,6.810199,7.568517,312.070719,0.277024,0.279554,0.502000,0.771569,calls/second,milliseconds
1779781746,95,500.664304,3.387043,1.659469,14.779784,2.239727,2.869865,6.613731,6.810199,7.568517,312.070719,0.276217,0.279554,0.502000,0.771569,calls/second,milliseconds
1779781747,95,500.664304,3.387043,1.659469,14.779784,2.239727,2.869865,6.613731,6.810199,7.568517,312.070719,0.275415,0.279554,0.502000,0.771569,calls/second,milliseconds
1779781748,95,500.664304,3.387043,1.659469,14.779784,2.239727,2.869865,6.613731,6.810199,7.568517,312.070719,0.274617,0.257202,0.493703,0.767295,calls/second,milliseconds
1779781749,95,500.664304,3.387043,1.659469,14.779784,2.239727,2.869865,6.613731,6.810199,7.568517,312.070719,0.273825,0.257202,0.493703,0.767295,calls/second,milliseconds
1779781750,95,500.664304,3.387043,1.659469,14.779784,2.239727,2.869865,6.613731,6.810199,7.568517,312.070719,0.273036,0.257202,0.493703,0.767295,calls/second,milliseconds
1779781751,95,500.664304,3.387043,1.659469,14.779784,2.239727,2.869865,6.613731,6.810199,7.568517,312.070719,0.272253,0.257202,0.493703,0.767295,calls/second,milliseconds
1779781752,95,500.664304,3.387043,1.659469,14.779784,2.239727,2.869865,6.613731,6.810199,7.568517,312.070719,0.271474,0.257202,0.493703,0.767295,calls/second,milliseconds
1779781753,95,500.664304,3.387043,1.659469,14.779784,2.239727,2.869865,6.613731,6.810199,7.568517,312.070719,0.270699,0.236637,0.485543,0.763044,calls/second,milliseconds
1779781754,95,500.664304,3.387043,1.659469,14.779784,2.239727,2.869865,6.613731,6.810199,7.568517,312.070719,0.269929,0.236637,0.485543,0.763044,calls/second,milliseconds
1779781755,95,500.664304,3.387043,1.659469,14.779784,2.239727,2.869865,6.613731,6.810199,7.568517,312.070719,0.269163,0.236637,0.485543,0.763044,calls/second,milliseconds
1779781756,95,500.664304,3.387043,1.659469,14.779784,2.239727,2.869865,6.613731,6.810199,7.568517,312.070719,0.268402,0.236637,0.485543,0.763044,calls/second,milliseconds
1779781757,95,500.664304,3.387043,1.659469,14.779784,2.239727,2.869865,6.613731,6.810199,7.568517,312.070719,0.267644,0.236637,0.485543,0.763044,calls/second,milliseconds
1779781758,95,500.664304,3.387043,1.659469,14.779784,2.239727,2.869865,6.613731,6.810199,7.568517,312.070719,0.266891,0.217717,0.477517,0.758817,calls/second,milliseconds
1779781759,95,500.664304,3.387043,1.659469,14.779784,2.239727,2.869865,6.613731,6.810199,7.568517,312.070719,0.266142,0.217717,0.477517,0.758817,calls/second,milliseconds
1779781760,95,500.664304,3.387043,1.659469,14.779784,2.239727,2.869865,6.613731,6.810199,7.568517,312.070719,0.265398,0.217717,0.477517,0.758817,calls/second,milliseconds
1779781761,95,500.664304,3.387043,1.659469,14.779784,2.239727,2.869865,6.613731,6.810199,7.568517,312.070719,0.264656,0.217717,0.477517,0.758817,calls/second,milliseconds
1779781762,95,500.664304,3.387043,1.659469,14.779784,2.239727,2.869865,6.613731,6.810199,7.568517,312.070719,0.263919,0.217717,0.477517,0.758817,calls/second,milliseconds
1779781763,95,500.664304,3.387043,1.659469,14.779784,2.239727,2.869865,6.613731,6.810199,7.568517,312.070719,0.263187,0.200309,0.469625,0.754613,calls/second,milliseconds
1779781764,95,500.664304,3.387043,1.659469,14.779784,2.239727,2.869865,6.613731,6.810199,7.568517,312.070719,0.262458,0.200309,0.469625,0.754613,calls/second,milliseconds
1779781765,95,500.664304,3.387043,1.659469,14.779784,2.239727,2.869865,6.613731,6.810199,7.568517,312.070719,0.261734,0.200309,0.469625,0.754613,calls/second,milliseconds
1779781766,95,500.664304,3.387043,1.659469,14.779784,2.239727,2.869865,6.613731,6.810199,7.568517,312.070719,0.261014,0.200309,0.469625,0.754613,calls/second,milliseconds
1779781767,95,500.664304,3.387043,1.659469,14.779784,2.239727,2.869865,6.613731,6.810199,7.568517,312.070719,0.260298,0.200309,0.469625,0.754613,calls/second,milliseconds
1779781768,95,500.664304,3.387043,1.659469,14.779784,2.239727,2.869865,6.613731,6.810199,7.568517,312.070719,0.259586,0.184293,0.461862,0.750432,calls/second,milliseconds
1779781769,95,500.664304,3.387043,1.659469,14.779784,2.239727,2.869865,6.613731,6.810199,7.568517,312.070719,0.258877,0.184293,0.461862,0.750432,calls/second,milliseconds
1779781770,95,500.664304,3.387043,1.659469,14.779784,2.239727,2.869865,6.613731,6.810199,7.568517,312.070719,0.258173,0.184293,0.461862,0.750432,calls/second,milliseconds
1779781771,95,500.664304,3.387043,1.659469,14.779784,2.239727,2.869865,6.613731,6.810199,7.568517,312.070719,0.257472,0.184293,0.461862,0.750432,calls/second,milliseconds
1779781772,95,500.664304,3.387043,1.659469,14.779784,2.239727,2.869865,6.613731,6.810199,7.568517,312.070719,0.256775,0.184293,0.461862,0.750432,calls/second,milliseconds
1779781773,95,500.664304,3.387043,1.659469,14.779784,2.239727,2.869865,6.613731,6.810199,7.568517,312.070719,0.256082,0.169558,0.454228,0.746274,calls/second,milliseconds
1779781774,95,500.664304,3.387043,1.659469,14.779784,2.239727,2.869865,6.613731,6.810199,7.568517,312.070719,0.255393,0.169558,0.454228,0.746274,calls/second,milliseconds
1779781775,95,500.664304,3.387043,1.659469,14.779784,2.239727,2.869865,6.613731,6.810199,7.568517,312.070719,0.254707,0.169558,0.454228,0.746274,calls/second,milliseconds
1779781776,95,500.664304,3.387043,1.659469,14.779784,2.239727,2.869865,6.613731,6.810199,7.568517,312.070719,0.254025,0.169558,0.454228,0.746274,calls/second,milliseconds
1779781777,95,500.664304,3.387043,1.659469,14.779784,2.239727,2.869865,6.613731,6.810199,7.568517,312.070719,0.253347,0.169558,0.454228,0.746274,calls/second,milliseconds
1779781778,95,500.664304,3.387043,1.659469,14.779784,2.239727,2.869865,6.613731,6.810199,7.568517,312.070719,0.252672,0.156001,0.446721,0.742140,calls/second,milliseconds
1779781779,95,500.664304,3.387043,1.659469,14.779784,2.239727,2.869865,6.613731,6.810199,7.568517,312.070719,0.252001,0.156001,0.446721,0.742140,calls/second,milliseconds
1779781780,95,500.664304,3.387043,1.659469,14.779784,2.239727,2.869865,6.613731,6.810199,7.568517,312.070719,0.251333,0.156001,0.446721,0.742140,calls/second,milliseconds
1779781781,95,500.664304,3.387043,1.659469,14.779784,2.239727,2.869865,6.613731,6.810199,7.568517,312.070719,0.250669,0.156001,0.446721,0.742140,calls/second,milliseconds
1779781782,95,500.664304,3.387043,1.659469,14.779784,2.239727,2.869865,6.613731,6.810199,7.568517,312.070719,0.250008,0.156001,0.446721,0.742140,calls/second,milliseconds
1779781783,95,500.664304,3.387043,1.659469,14.779784,2.239727,2.869865,6.613731,6.810199,7.568517,312.070719,0.249351,0.143528,0.439337,0.738028,calls/second,milliseconds
1779781784,95,500.664304,3.387043,1.659469,14.779784,2.239727,2.869865,6.613731,6.810199,7.568517,312.070719,0.248697,0.143528,0.439337,0.738028,calls/second,milliseconds
1779781785,95,500.664304,3.387043,1.659469,14.779784,2.239727,2.869865,6.613731,6.810199,7.568517,312.070719,0.248047,0.143528,0.439337,0.738028,calls/second,milliseconds
1779781786,95,500.664304,3.387043,1.659469,14.779784,2.239727,2.869865,6.613731,6.810199,7.568517,312.070719,0.247400,0.143528,0.439337,0.738028,calls/second,milliseconds
1779781787,95,500.664304,3.387043,1.659469,14.779784,2.239727,2.869865,6.613731,6.810199,7.568517,312.070719,0.246757,0.143528,0.439337,0.738028,calls/second,milliseconds
1779781788,95,500.664304,3.387043,1.659469,14.779784,2.239727,2.869865,6.613731,6.810199,7.568517,312.070719,0.246116,0.132052,0.432075,0.733940,calls/second,milliseconds
1779781789,95,500.664304,3.387043,1.659469,14.779784,2.239727,2.869865,6.613731,6.810199,7.568517,312.070719,0.245479,0.132052,0.432075,0.733940,calls/second,milliseconds
1779781790,100,500.664304,4.917341,1.659469,12.180931,3.052860,6.383740,11.402757,11.402757,11.402757,297.595375,0.257732,0.132052,0.432075,0.733940,calls/second,milliseconds
1779781791,100,500.664304,4.917341,1.659469,12.180931,3.052860,6.383740,11.402757,11.402757,11.402757,297.595375,0.257069,0.132052,0.432075,0.733940,calls/second,milliseconds
1779781792,100,500.664304,4.917341,1.659469,12.180931,3.052860,6.383740,11.402757,11.402757,11.402757,297.595375,0.256408,0.201449,0.441462,0.735414,calls/second,milliseconds
1779781793,100,500.664304,4.917341,1.659469,12.180931,3.052860,6.383740,11.402757,11.402757,11.402757,297.595375,0.255752,0.201449,0.441462,0.735414,calls/second,milliseconds
1779781794,100,500.664304,4.917341,1.659469,12.180931,3.052860,6.383740,11.402757,11.402757,11.402757,297.595375,0.255098,0.201449,0.441462,0.735414,calls/second,milliseconds
1779781795,100,500.664304,4.917341,1.659469,12.180931,3.052860,6.383740,11.402757,11.402757,11.402757,297.595375,0.254448,0.201449,0.441462,0.735414,calls/second,milliseconds
1779781796,100,500.664304,4.917341,1.659469,12.180931,3.052860,6.383740,11.402757,11.402757,11.402757,297.595375,0.253802,0.201449,0.441462,0.735414,calls/second,milliseconds
1779781797,100,500.664304,4.917341,1.659469,12.180931,3.052860,6.383740,11.402757,11.402757,11.402757,297.595375,0.253158,0.185342,0.434166,0.731339,calls/second,milliseconds
1779781798,100,500.664304,4.917341,1.659469,12.180931,3.052860,6.383740,11.402757,11.402757,11.402757,297.595375,0.252518,0.185342,0.434166,0.731339,calls/second,milliseconds
1779781799,105,500.664304,4.158180,1.659469,10.317647,2.416939,4.861229,11.402757,11.402757,11.402757,11.402757,0.264474,0.185342,0.434166,0.731339,calls/second,milliseconds
1779781800,105,500.664304,4.158180,1.659469,10.317647,2.416939,4.861229,11.402757,11.402757,11.402757,11.402757,0.263809,0.185342,0.434166,0.731339,calls/second,milliseconds
1779781801,105,500.664304,4.158180,1.659469,10.317647,2.416939,4.861229,11.402757,11.402757,11.402757,11.402757,0.263146,0.185342,0.434166,0.731339,calls/second,milliseconds
1779781802,105,500.664304,4.158180,1.659469,10.317647,2.416939,4.861229,11.402757,11.402757,11.402757,11.402757,0.262488,0.250479,0.443518,0.732828,calls/second,milliseconds
1779781803,105,500.664304,4.158180,1.659469,10.317647,2.416939,4.861229,11.402757,11.402757,11.402757,11.402757,0.261832,0.250479,0.443518,0.732828,calls/second,milliseconds
1779781804,105,500.664304,4.158180,1.659469,10.317647,2.416939,4.861229,11.402757,11.402757,11.402757,11.402757,0.261180,0.250479,0.443518,0.732828,calls/second,milliseconds
1779781805,105,500.664304,4.158180,1.659469,10.317647,2.416939,4.861229,11.402757,11.402757,11.402757,11.402757,0.260531,0.250479,0.443518,0.732828,calls/second,milliseconds
1779781806,105,500.664304,4.158180,1.659469,10.317647,2.416939,4.861229,11.402757,11.402757,11.402757,11.402757,0.259885,0.250479,0.443518,0.732828,calls/second,milliseconds
1779781807,105,500.664304,4.158180,1.659469,10.317647,2.416939,4.861229,11.402757,11.402757,11.402757,11.402757,0.259243,0.230452,0.436187,0.728768,calls/second,milliseconds
1779781808,105,500.664304,4.158180,1.659469,10.317647,2.416939,4.861229,11.402757,11.402757,11.402757,11.402757,0.258603,0.230452,0.436187,0.728768,calls/second,milliseconds
1779781809,105,500.664304,4.158180,1.659469,10.317647,2.416939,4.861229,11.402757,11.402757,11.402757,11.402757,0.257967,0.230452,0.436187,0.728768,calls/second,milliseconds
1779781810,105,500.664304,4.158180,1.659469,10.317647,2.416939,4.861229,11.402757,11.402757,11.402757,11.402757,0.257334,0.230452,0.436187,0.728768,calls/second,milliseconds
1779781811,105,500.664304,4.158180,1.659469,10.317647,2.416939,4.861229,11.402757,11.402757,11.402757,11.402757,0.256704,0.230452,0.436187,0.728768,calls/second,milliseconds
1779781812,105,500.664304,4.158180,1.659469,10.317647,2.416939,4.861229,11.402757,11.402757,11.402757,11.402757,0.256077,0.212026,0.428978,0.724730,calls/second,milliseconds
1779781813,105,500.664304,4.158180,1.659469,10.317647,2.416939,4.861229,11.402757,11.402757,11.402757,11.402757,0.255453,0.212026,0.428978,0.724730,calls/second,milliseconds
1779781814,105,500.664304,4.158180,1.659469,10.317647,2.416939,4.861229,11.402757,11.402757,11.402757,11.402757,0.254832,0.212026,0.428978,0.724730,calls/second,milliseconds
1779781815,105,500.664304,4.158180,1.659469,10.317647,2.416939,4.861229,11.402757,11.402757,11.402757,11.402757,0.254214,0.212026,0.428978,0.724730,calls/second,milliseconds
1779781816,105,500.664304,4.158180,1.659469,10.317647,2.416939,4.861229,11.402757,11.402757,11.402757,11.402757,0.253599,0.212026,0.428978,0.724730,calls/second,milliseconds
1779781817,105,500.664304,4.158180,1.659469,10.317647,2.416939,4.861229,11.402757,11.402757,11.402757,11.402757,0.252987,0.195073,0.421887,0.720715,calls/second,milliseconds
1779781818,105,500.664304,4.158180,1.659469,10.317647,2.416939,4.861229,11.402757,11.402757,11.402757,11.402757,0.252379,0.195073,0.421887,0.720715,calls/second,milliseconds
1779781819,105,500.664304,4.158180,1.659469,10.317647,2.416939,4.861229,11.402757,11.402757,11.402757,11.402757,0.251773,0.195073,0.421887,0.720715,calls/second,milliseconds
1779781820,105,500.664304,4.158180,1.659469,10.317647,2.416939,4.861229,11.402757,11.402757,11.402757,11.402757,0.251169,0.195073,0.421887,0.720715,calls/second,milliseconds
1779781821,105,500.664304,4.158180,1.659469,10.317647,2.416939,4.861229,11.402757,11.402757,11.402757,11.402757,0.250569,0.195073,0.421887,0.720715,calls/second,milliseconds
1779781822,105,500.664304,4.158180,1.659469,10.317647,2.416939,4.861229,11.402757,11.402757,11.402757,11.402757,0.249972,0.179476,0.414914,0.716722,calls/second,milliseconds
1779781823,105,500.664304,4.158180,1.659469,10.317647,2.416939,4.861229,11.402757,11.402757,11.402757,11.402757,0.249377,0.179476,0.414914,0.716722,calls/second,milliseconds
1779781824,105,500.664304,4.158180,1.659469,10.317647,2.416939,4.861229,11.402757,11.402757,11.402757,11.402757,0.248786,0.179476,0.414914,0.716722,calls/second,milliseconds
1779781825,105,500.664304,4.158180,1.659469,10.317647,2.416939,4.861229,11.402757,11.402757,11.402757,11.402757,0.248197,0.179476,0.414914,0.716722,calls/second,milliseconds
1779781826,105,500.664304,4.158180,1.659469,10.317647,2.416939,4.861229,11.402757,11.402757,11.402757,11.402757,0.247611,0.179476,0.414914,0.716722,calls/second,milliseconds
1779781827,105,500.664304,4.158180,1.659469,10.317647,2.416939,4.861229,11.402757,11.402757,11.402757,11.402757,0.247027,0.165126,0.408056,0.712752,calls/second,milliseconds
1779781828,105,500.664304,4.158180,1.659469,10.317647,2.416939,4.861229,11.402757,11.402757,11.402757,11.402757,0.246446,0.165126,0.408056,0.712752,calls/second,milliseconds
1779781829,105,500.664304,4.158180,1.659469,10.317647,2.416939,4.861229,11.402757,11.402757,11.402757,11.402757,0.245868,0.165126,0.408056,0.712752,calls/second,milliseconds
1779781830,105,500.664304,4.158180,1.659469,10.317647,2.416939,4.861229,11.402757,11.402757,11.402757,11.402757,0.245293,0.165126,0.408056,0.712752,calls/second,milliseconds
1779781831,105,500.664304,4.158180,1.659469,10.317647,2.416939,4.861229,11.402757,11.402757,11.402757,11.402757,0.244721,0.165126,0.408056,0.712752,calls/second,milliseconds
1779781832,105,500.664304,4.158180,1.659469,10.317647,2.416939,4.861229,11.402757,11.402757,11.402757,11.402757,0.244151,0.151923,0.401312,0.708803,calls/second,milliseconds
1779781833,105,500.664304,4.158180,1.659469,10.317647,2.416939,4.861229,11.402757,11.402757,11.402757,11.402757,0.243583,0.151923,0.401312,0.708803,calls/second,milliseconds
1779781834,105,500.664304,4.158180,1.659469,10.317647,2.416939,4.861229,11.402757,11.402757,11.402757,11.402757,0.243019,0.151923,0.401312,0.708803,calls/second,milliseconds
1779781835,105,500.664304,4.158180,1.659469,10.317647,2.416939,4.861229,11.402757,11.402757,11.402757,11.402757,0.242457,0.151923,0.401312,0.708803,calls/second,milliseconds
1779781836,105,500.664304,4.158180,1.659469,10.317647,2.416939,4.861229,11.402757,11.402757,11.402757,11.402757,0.241898,0.151923,0.401312,0.708803,calls/second,milliseconds
1779781837,105,500.664304,4.158180,1.659469,10.317647,2.416939,4.861229,11.402757,11.402757,11.402757,11.402757,0.241341,0.139776,0.394679,0.704876,calls/second,milliseconds
1779781838,105,500.664304,4.158180,1.659469,10.317647,2.416939,4.861229,11.402757,11.402757,11.402757,11.402757,0.240787,0.139776,0.394679,0.704876,calls/second,milliseconds
1779781839,105,500.664304,4.158180,1.659469,10.317647,2.416939,4.861229,11.402757,11.402757,11.402757,11.402757,0.240235,0.139776,0.394679,0.704876,calls/second,milliseconds
1779781840,105,500.664304,4.158180,1.659469,10.317647,2.416939,4.861229,11.402757,11.402757,11.402757,11.402757,0.239686,0.139776,0.394679,0.704876,calls/second,milliseconds
1779781841,105,500.664304,4.158180,1.659469,10.317647,2.416939,4.861229,11.402757,11.402757,11.402757,11.402757,0.239139,0.139776,0.394679,0.704876,calls/second,milliseconds
1779781842,105,500.664304,4.158180,1.659469,10.317647,2.416939,4.861229,11.402757,11.402757,11.402757,11.402757,0.238595,0.128600,0.388155,0.700971,calls/second,milliseconds
1779781843,105,500.664304,4.158180,1.659469,10.317647,2.416939,4.861229,11.402757,11.402757,11.402757,11.402757,0.238053,0.128600,0.388155,0.700971,calls/second,milliseconds
1779781844,105,500.664304,4.158180,1.659469,10.317647,2.416939,4.861229,11.402757,11.402757,11.402757,11.402757,0.237514,0.128600,0.388155,0.700971,calls/second,milliseconds
1779781845,105,500.664304,4.158180,1.659469,10.317647,2.416939,4.861229,11.402757,11.402757,11.402757,11.402757,0.236977,0.128600,0.388155,0.700971,calls/second,milliseconds
1779781846,105,500.664304,4.158180,1.659469,10.317647,2.416939,4.861229,11.402757,11.402757,11.402757,11.402757,0.236443,0.128600,0.388155,0.700971,calls/second,milliseconds
1779781847,105,500.664304,4.158180,1.659469,10.317647,2.416939,4.861229,11.402757,11.402757,11.402757,11.402757,0.235911,0.118318,0.381740,0.697087,calls/second,milliseconds
1779781848,105,500.664304,4.158180,1.659469,10.317647,2.416939,4.861229,11.402757,11.402757,11.402757,11.402757,0.235381,0.118318,0.381740,0.697087,calls/second,milliseconds
1779781849,105,500.664304,4.158180,1.659469,10.317647,2.416939,4.861229,11.402757,11.402757,11.402757,11.402757,0.234854,0.118318,0.381740,0.697087,calls/second,milliseconds
1779781850,105,500.664304,4.158180,1.659469,10.317647,2.416939,4.861229,11.402757,11.402757,11.402757,11.402757,0.234329,0.118318,0.381740,0.697087,calls/second,milliseconds
1779781851,105,500.664304,4.158180,1.659469,10.317647,2.416939,4.861229,11.402757,11.402757,11.402757,11.402757,0.233807,0.118318,0.381740,0.697087,calls/second,milliseconds
1779781852,105,500.664304,4.158180,1.659469,10.317647,2.416939,4.861229,11.402757,11.402757,11.402757,11.402757,0.233287,0.108858,0.375430,0.693225,calls/second,milliseconds
1779781853,105,500.664304,4.158180,1.659469,10.317647,2.416939,4.861229,11.402757,11.402757,11.402757,11.402757,0.232769,0.108858,0.375430,0.693225,calls/second,milliseconds
1779781854,105,500.664304,4.158180,1.659469,10.317647,2.416939,4.861229,11.402757,11.402757,11.402757,11.402757,0.232253,0.108858,0.375430,0.693225,calls/second,milliseconds
1779781855,105,500.664304,4.158180,1.659469,10.317647,2.416939,4.861229,11.402757,11.402757,11.402757,11.402757,0.231740,0.108858,0.375430,0.693225,calls/second,milliseconds
1779781856,105,500.664304,4.158180,1.659469,10.317647,2.416939,4.861229,11.402757,11.402757,11.402757,11.402757,0.231229,0.108858,0.375430,0.693225,calls/second,milliseconds
1779781857,105,500.664304,4.158180,1.659469,10.317647,2.416939,4.861229,11.402757,11.402757,11.402757,11.402757,0.230720,0.100154,0.369225,0.689385,calls/second,milliseconds
1779781858,105,500.664304,4.158180,1.659469,10.317647,2.416939,4.861229,11.402757,11.402757,11.402757,11.402757,0.230214,0.100154,0.369225,0.689385,calls/second,milliseconds
1779781859,105,500.664304,4.158180,1.659469,10.317647,2.416939,4.861229,11.402757,11.402757,11.402757,11.402757,0.229709,0.100154,0.369225,0.689385,calls/second,milliseconds
1779781860,105,500.664304,4.158180,1.659469,10.317647,2.416939,4.861229,11.402757,11.402757,11.402757,11.402757,0.229207,0.100154,0.369225,0.689385,calls/second,milliseconds
1779781861,105,500.664304,4.158180,1.659469,10.317647,2.416939,4.861229,11.402757,11.402757,11.402757,11.402757,0.228707,0.100154,0.369225,0.689385,calls/second,milliseconds
1779781862,105,500.664304,4.158180,1.659469,10.317647,2.416939,4.861229,11.402757,11.402757,11.402757,11.402757,0.228209,0.092146,0.363122,0.685565,calls/second,milliseconds
1779781863,105,500.664304,4.158180,1.659469,10.317647,2.416939,4.861229,11.402757,11.402757,11.402757,11.402757,0.227714,0.092146,0.363122,0.685565,calls/second,milliseconds
1779781864,105,500.664304,4.158180,1.659469,10.317647,2.416939,4.861229,11.402757,11.402757,11.402757,11.402757,0.227220,0.092146,0.363122,0.685565,calls/second,milliseconds
1779781865,105,500.664304,4.158180,1.659469,10.317647,2.416939,4.861229,11.402757,11.402757,11.402757,11.402757,0.226729,0.092146,0.363122,0.685565,calls/second,milliseconds
1779781866,105,500.664304,4.158180,1.659469,10.317647,2.416939,4.861229,11.402757,11.402757,11.402757,11.402757,0.226240,0.092146,0.363122,0.685565,calls/second,milliseconds
1779781867,105,500.664304,4.158180,1.659469,10.317647,2.416939,4.861229,11.402757,11.402757,11.402757,11.402757,0.225753,0.084778,0.357120,0.681767,calls/second,milliseconds
1779781868,105,500.664304,4.158180,1.659469,10.317647,2.416939,4.861229,11.402757,11.402757,11.402757,11.402757,0.225268,0.084778,0.357120,0.681767,calls/second,milliseconds
1779781869,105,500.664304,4.158180,1.659469,10.317647,2.416939,4.861229,11.402757,11.402757,11.402757,11.402757,0.224785,0.084778,0.357120,0.681767,calls/second,milliseconds
1779781870,105,500.664304,4.158180,1.659469,10.317647,2.416939,4.861229,11.402757,11.402757,11.402757,11.402757,0.224304,0.084778,0.357120,0.681767,calls/second,milliseconds
1779781871,105,500.664304,4.158180,1.659469,10.317647,2.416939,4.861229,11.402757,11.402757,11.402757,11.402757,0.223825,0.084778,0.357120,0.681767,calls/second,milliseconds
1779781872,105,500.664304,4.158180,1.659469,10.317647,2.416939,4.861229,11.402757,11.402757,11.402757,11.402757,0.223348,0.078000,0.351217,0.677990,calls/second,milliseconds
1779781873,105,500.664304,4.158180,1.659469,10.317647,2.416939,4.861229,11.402757,11.402757,11.402757,11.402757,0.222874,0.078000,0.351217,0.677990,calls/second,milliseconds
1779781874,105,500.664304,4.158180,1.659469,10.317647,2.416939,4.861229,11.402757,11.402757,11.402757,11.402757,0.222401,0.078000,0.351217,0.677990,calls/second,milliseconds
1779781875,105,500.664304,4.158180,1.659469,10.317647,2.416939,4.861229,11.402757,11.402757,11.402757,11.402757,0.221930,0.078000,0.351217,0.677990,calls/second,milliseconds
1779781876,105,500.664304,4.158180,1.659469,10.317647,2.416939,4.861229,11.402757,11.402757,11.402757,11.402757,0.221461,0.078000,0.351217,0.677990,calls/second,milliseconds
1779781877,105,500.664304,4.158180,1.659469,10.317647,2.416939,4.861229,11.402757,11.402757,11.402757,11.402757,0.220995,0.071763,0.345412,0.674234,calls/second,milliseconds
1779781878,105,500.664304,4.158180,1.659469,10.317647,2.416939,4.861229,11.402757,11.402757,11.402757,11.402757,0.220530,0.071763,0.345412,0.674234,calls/second,milliseconds
1779781879,105,500.664304,4.158180,1.659469,10.317647,2.416939,4.861229,11.402757,11.402757,11.402757,11.402757,0.220067,0.071763,0.345412,0.674234,calls/second,milliseconds
1779781880,105,500.664304,4.158180,1.659469,10.317647,2.416939,4.861229,11.402757,11.402757,11.402757,11.402757,0.219606,0.071763,0.345412,0.674234,calls/second,milliseconds
1779781881,105,500.664304,4.158180,1.659469,10.317647,2.416939,4.861229,11.402757,11.402757,11.402757,11.402757,0.219148,0.071763,0.345412,0.674234,calls/second,milliseconds
1779781882,105,500.664304,4.158180,1.659469,10.317647,2.416939,4.861229,11.402757,11.402757,11.402757,11.402757,0.218691,0.066025,0.339703,0.670499,calls/second,milliseconds
1779781883,105,500.664304,4.158180,1.659469,10.317647,2.416939,4.861229,11.402757,11.402757,11.402757,11.402757,0.218235,0.066025,0.339703,0.670499,calls/second,milliseconds
1779781884,105,500.664304,4.158180,1.659469,10.317647,2.416939,4.861229,11.402757,11.402757,11.402757,11.402757,0.217782,0.066025,0.339703,0.670499,calls/second,milliseconds
1779781885,105,500.664304,4.158180,1.659469,10.317647,2.416939,4.861229,11.402757,11.402757,11.402757,11.402757,0.217330,0.066025,0.339703,0.670499,calls/second,milliseconds
1779781886,105,500.664304,4.158180,1.659469,10.317647,2.416939,4.861229,11.402757,11.402757,11.402757,11.402757,0.216881,0.066025,0.339703,0.670499,calls/second,milliseconds
1779781887,105,500.664304,4.158180,1.659469,10.317647,2.416939,4.861229,11.402757,11.402757,11.402757,11.402757,0.216433,0.060746,0.334088,0.666784,calls/second,milliseconds
1779781888,105,500.664304,4.158180,1.659469,10.317647,2.416939,4.861229,11.402757,11.402757,11.402757,11.402757,0.215987,0.060746,0.334088,0.666784,calls/second,milliseconds
1779781889,105,500.664304,4.158180,1.659469,10.317647,2.416939,4.861229,11.402757,11.402757,11.402757,11.402757,0.215543,0.060746,0.334088,0.666784,calls/second,milliseconds
1779781890,105,500.664304,4.158180,1.659469,10.317647,2.416939,4.861229,11.402757,11.402757,11.402757,11.402757,0.215101,0.060746,0.334088,0.666784,calls/second,milliseconds
1779781891,105,500.664304,4.158180,1.659469,10.317647,2.416939,4.861229,11.402757,11.402757,11.402757,11.402757,0.214660,0.060746,0.334088,0.666784,calls/second,milliseconds
1779781892,105,500.664304,4.158180,1.659469,10.317647,2.416939,4.861229,11.402757,11.402757,11.402757,11.402757,0.214222,0.055889,0.328566,0.663090,calls/second,milliseconds
1779781893,105,500.664304,4.158180,1.659469,10.317647,2.416939,4.861229,11.402757,11.402757,11.402757,11.402757,0.213785,0.055889,0.328566,0.663090,calls/second,milliseconds
1779781894,105,500.664304,4.158180,1.659469,10.317647,2.416939,4.861229,11.402757,11.402757,11.402757,11.402757,0.213350,0.055889,0.328566,0.663090,calls/second,milliseconds
1779781895,105,500.664304,4.158180,1.659469,10.317647,2.416939,4.861229,11.402757,11.402757,11.402757,11.402757,0.212917,0.055889,0.328566,0.663090,calls/second,milliseconds
1779781896,105,500.664304,4.158180,1.659469,10.317647,2.416939,4.861229,11.402757,11.402757,11.402757,11.402757,0.212485,0.055889,0.328566,0.663090,calls/second,milliseconds
1779781897,105,500.664304,4.158180,1.659469,10.317647,2.416939,4.861229,11.402757,11.402757,11.402757,11.402757,0.212055,0.051421,0.323136,0.659416,calls/second,milliseconds
1779781898,105,500.664304,4.158180,1.659469,10.317647,2.416939,4.861229,11.402757,11.402757,11.402757,11.402757,0.211628,0.051421,0.323136,0.659416,calls/second,milliseconds
1779781899,105,500.664304,4.158180,1.659469,10.317647,2.416939,4.861229,11.402757,11.402757,11.402757,11.402757,0.211201,0.051421,0.323136,0.659416,calls/second,milliseconds
1779781900,105,500.664304,4.158180,1.659469,10.317647,2.416939,4.861229,11.402757,11.402757,11.402757,11.402757,0.210777,0.051421,0.323136,0.659416,calls/second,milliseconds
1779781901,105,500.664304,4.158180,1.659469,10.317647,2.416939,4.861229,11.402757,11.402757,11.402757,11.402757,0.210354,0.051421,0.323136,0.659416,calls/second,milliseconds
1779781902,105,500.664304,4.158180,1.659469,10.317647,2.416939,4.861229,11.402757,11.402757,11.402757,11.402757,0.209933,0.047309,0.317795,0.655763,calls/second,milliseconds
1779781903,105,500.664304,4.158180,1.659469,10.317647,2.416939,4.861229,11.402757,11.402757,11.402757,11.402757,0.209513,0.047309,0.317795,0.655763,calls/second,milliseconds
1779781904,105,500.664304,4.158180,1.659469,10.317647,2.416939,4.861229,11.402757,11.402757,11.402757,11.402757,0.209095,0.047309,0.317795,0.655763,calls/second,milliseconds
1779781905,105,500.664304,4.158180,1.659469,10.317647,2.416939,4.861229,11.402757,11.402757,11.402757,11.402757,0.208679,0.047309,0.317795,0.655763,calls/second,milliseconds
1779781906,105,500.664304,4.158180,1.659469,10.317647,2.416939,4.861229,11.402757,11.402757,11.402757,11.402757,0.208265,0.047309,0.317795,0.655763,calls/second,milliseconds
1779781907,105,500.664304,4.158180,1.659469,10.317647,2.416939,4.861229,11.402757,11.402757,11.402757,11.402757,0.207852,0.043527,0.312542,0.652130,calls/second,milliseconds
1779781908,105,500.664304,4.158180,1.659469,10.317647,2.416939,4.861229,11.402757,11.402757,11.402757,11.402757,0.207441,0.043527,0.312542,0.652130,calls/second,milliseconds
1779781909,105,500.664304,4.158180,1.659469,10.317647,2.416939,4.861229,11.402757,11.402757,11.402757,11.402757,0.207031,0.043527,0.312542,0.652130,calls/second,milliseconds
1779781910,105,500.664304,4.158180,1.659469,10.317647,2.416939,4.861229,11.402757,11.402757,11.402757,11.402757,0.206623,0.043527,0.312542,0.652130,calls/second,milliseconds
1779781911,105,500.664304,4.158180,1.659469,10.317647,2.416939,4.861229,11.402757,11.402757,11.402757,11.402757,0.206217,0.043527,0.312542,0.652130,calls/second,milliseconds
1779781912,105,500.664304,4.158180,1.659469,10.317647,2.416939,4.861229,11.402757,11.402757,11.402757,11.402757,0.205812,0.040046,0.307376,0.648517,calls/second,milliseconds
1779781913,105,500.664304,4.158180,1.659469,10.317647,2.416939,4.861229,11.402757,11.402757,11.402757,11.402757,0.205409,0.040046,0.307376,0.648517,calls/second,milliseconds
1779781914,105,500.664304,4.158180,1.659469,10.317647,2.416939,4.861229,11.402757,11.402757,11.402757,11.402757,0.205007,0.040046,0.307376,0.648517,calls/second,milliseconds
1779781915,105,500.664304,4.158180,1.659469,10.317647,2.416939,4.861229,11.402757,11.402757,11.402757,11.402757,0.204607,0.040046,0.307376,0.648517,calls/second,milliseconds
1779781916,105,500.664304,4.158180,1.659469,10.317647,2.416939,4.861229,11.402757,11.402757,11.402757,11.402757,0.204208,0.040046,0.307376,0.648517,calls/second,milliseconds
1779781917,105,500.664304,4.158180,1.659469,10.317647,2.416939,4.861229,11.402757,11.402757,11.402757,11.402757,0.203812,0.036845,0.302296,0.644924,calls/second,milliseconds
1779781918,105,500.664304,4.158180,1.659469,10.317647,2.416939,4.861229,11.402757,11.402757,11.402757,11.402757,0.203416,0.036845,0.302296,0.644924,calls/second,milliseconds
1779781919,105,500.664304,4.158180,1.659469,10.317647,2.416939,4.861229,11.402757,11.402757,11.402757,11.402757,0.203022,0.036845,0.302296,0.644924,calls/second,milliseconds
1779781920,105,500.664304,4.158180,1.659469,10.317647,2.416939,4.861229,11.402757,11.402757,11.402757,11.402757,0.202630,0.036845,0.302296,0.644924,calls/second,milliseconds
1779781921,105,500.664304,4.158180,1.659469,10.317647,2.416939,4.861229,11.402757,11.402757,11.402757,11.402757,0.202239,0.036845,0.302296,0.644924,calls/second,milliseconds
1779781922,105,500.664304,4.158180,1.659469,10.317647,2.416939,4.861229,11.402757,11.402757,11.402757,11.402757,0.201850,0.033899,0.297299,0.641351,calls/second,milliseconds
1779781923,105,500.664304,4.158180,1.659469,10.317647,2.416939,4.861229,11.402757,11.402757,11.402757,11.402757,0.201461,0.033899,0.297299,0.641351,calls/second,milliseconds
1779781924,105,500.664304,4.158180,1.659469,10.317647,2.416939,4.861229,11.402757,11.402757,11.402757,11.402757,0.201074,0.033899,0.297299,0.641351,calls/second,milliseconds
1779781925,105,500.664304,4.158180,1.659469,10.317647,2.416939,4.861229,11.402757,11.402757,11.402757,11.402757,0.200689,0.033899,0.297299,0.641351,calls/second,milliseconds
1779781926,105,500.664304,4.158180,1.659469,10.317647,2.416939,4.861229,11.402757,11.402757,11.402757,11.402757,0.200306,0.033899,0.297299,0.641351,calls/second,milliseconds
1779781927,105,500.664304,4.158180,1.659469,10.317647,2.416939,4.861229,11.402757,11.402757,11.402757,11.402757,0.199924,0.031188,0.292385,0.637798,calls/second,milliseconds
1779781928,105,500.664304,4.158180,1.659469,10.317647,2.416939,4.861229,11.402757,11.402757,11.402757,11.402757,0.199543,0.031188,0.292385,0.637798,calls/second,milliseconds
1779781929,105,500.664304,4.158180,1.659469,10.317647,2.416939,4.861229,11.402757,11.402757,11.402757,11.402757,0.199164,0.031188,0.292385,0.637798,calls/second,milliseconds
1779781930,105,500.664304,4.158180,1.659469,10.317647,2.416939,4.861229,11.402757,11.402757,11.402757,11.402757,0.198787,0.031188,0.292385,0.637798,calls/second,milliseconds
1779781931,110,500.664304,3.183988,1.659469,5.903378,2.438824,3.052860,6.383740,11.290157,11.402757,11.402757,0.207859,0.031188,0.292385,0.637798,calls/second,milliseconds
1779781932,110,500.664304,3.183988,1.659469,5.903378,2.438824,3.052860,6.383740,11.290157,11.402757,11.402757,0.207466,0.108650,0.304081,0.639805,calls/second,milliseconds
1779781933,110,500.664304,3.183988,1.659469,5.903378,2.438824,3.052860,6.383740,11.290157,11.402757,11.402757,0.207075,0.108650,0.304081,0.639805,calls/second,milliseconds
1779781934,110,500.664304,3.183988,1.659469,5.903378,2.438824,3.052860,6.383740,11.290157,11.402757,11.402757,0.206685,0.108650,0.304081,0.639805,calls/second,milliseconds
1779781935,110,500.664304,3.183988,1.659469,5.903378,2.438824,3.052860,6.383740,11.290157,11.402757,11.402757,0.206297,0.108650,0.304081,0.639805,calls/second,milliseconds
1779781936,110,500.664304,3.183988,1.659469,5.903378,2.438824,3.052860,6.383740,11.290157,11.402757,11.402757,0.205911,0.108650,0.304081,0.639805,calls/second,milliseconds
1779781937,110,500.664304,3.183988,1.659469,5.903378,2.438824,3.052860,6.383740,11.290157,11.402757,11.402757,0.205525,0.099963,0.299055,0.636260,calls/second,milliseconds
1779781938,110,500.664304,3.183988,1.659469,5.903378,2.438824,3.052860,6.383740,11.290157,11.402757,11.402757,0.205142,0.099963,0.299055,0.636260,calls/second,milliseconds
1779781939,110,500.664304,3.183988,1.659469,5.903378,2.438824,3.052860,6.383740,11.290157,11.402757,11.402757,0.204759,0.099963,0.299055,0.636260,calls/second,milliseconds
1779781940,110,500.664304,3.183988,1.659469,5.903378,2.438824,3.052860,6.383740,11.290157,11.402757,11.402757,0.204378,0.099963,0.299055,0.636260,calls/second,milliseconds
1779781941,115,500.664304,2.599784,1.477074,4.466278,2.340817,2.438824,4.531842,6.810199,11.290157,11.402757,0.213271,0.099963,0.299055,0.636260,calls/second,milliseconds
1779781942,115,500.664304,2.599784,1.477074,4.466278,2.340817,2.438824,4.531842,6.810199,11.290157,11.402757,0.212876,0.171926,0.310641,0.638275,calls/second,milliseconds
1779781943,115,500.664304,2.599784,1.477074,4.466278,2.340817,2.438824,4.531842,6.810199,11.290157,11.402757,0.212482,0.171926,0.310641,0.638275,calls/second,milliseconds
1779781944,115,500.664304,2.599784,1.477074,4.466278,2.340817,2.438824,4.531842,6.810199,11.290157,11.402757,0.212090,0.171926,0.310641,0.638275,calls/second,milliseconds
1779781945,115,500.664304,2.599784,1.477074,4.466278,2.340817,2.438824,4.531842,6.810199,11.290157,11.402757,0.211699,0.171926,0.310641,0.638275,calls/second,milliseconds
1779781946,115,500.664304,2.599784,1.477074,4.466278,2.340817,2.438824,4.531842,6.810199,11.290157,11.402757,0.211309,0.171926,0.310641,0.638275,calls/second,milliseconds
1779781947,115,500.664304,2.599784,1.477074,4.466278,2.340817,2.438824,4.531842,6.810199,11.290157,11.402757,0.210921,0.158180,0.305506,0.634739,calls/second,milliseconds
1779781948,120,500.664304,2.437838,1.477074,3.672947,2.340817,2.438824,3.910112,6.383740,11.290157,11.402757,0.219688,0.158180,0.305506,0.634739,calls/second,milliseconds
1779781949,120,500.664304,2.437838,1.477074,3.672947,2.340817,2.438824,3.910112,6.383740,11.290157,11.402757,0.219286,0.158180,0.305506,0.634739,calls/second,milliseconds
1779781950,120,500.664304,2.437838,1.477074,3.672947,2.340817,2.438824,3.910112,6.383740,11.290157,11.402757,0.218886,0.158180,0.305506,0.634739,calls/second,milliseconds
1779781951,120,500.664304,2.437838,1.477074,3.672947,2.340817,2.438824,3.910112,6.383740,11.290157,11.402757,0.218486,0.158180,0.305506,0.634739,calls/second,milliseconds
1779781952,120,500.664304,2.437838,1.477074,3.672947,2.340817,2.438824,3.910112,6.383740,11.290157,11.402757,0.218089,0.225488,0.316985,0.636763,calls/second,milliseconds
1779781953,120,500.664304,2.437838,1.477074,3.672947,2.340817,2.438824,3.910112,6.383740,11.290157,11.402757,0.217692,0.225488,0.316985,0.636763,calls/second,milliseconds
1779781954,120,500.664304,2.437838,1.477074,3.672947,2.340817,2.438824,3.910112,6.383740,11.290157,11.402757,0.217297,0.225488,0.316985,0.636763,calls/second,milliseconds
1779781955,120,500.664304,2.437838,1.477074,3.672947,2.340817,2.438824,3.910112,6.383740,11.290157,11.402757,0.216904,0.225488,0.316985,0.636763,calls/second,milliseconds
1779781956,120,500.664304,2.437838,1.477074,3.672947,2.340817,2.438824,3.910112,6.383740,11.290157,11.402757,0.216512,0.225488,0.316985,0.636763,calls/second,milliseconds
1779781957,120,500.664304,2.437838,1.477074,3.672947,2.340817,2.438824,3.910112,6.383740,11.290157,11.402757,0.216122,0.207459,0.311746,0.633235,calls/second,milliseconds
1779781958,125,500.664304,2.263218,1.477074,3.139793,1.970980,2.346438,3.910112,4.861229,6.810199,11.402757,0.224721,0.207459,0.311746,0.633235,calls/second,milliseconds
1779781959,125,500.664304,2.263218,1.477074,3.139793,1.970980,2.346438,3.910112,4.861229,6.810199,11.402757,0.224318,0.207459,0.311746,0.633235,calls/second,milliseconds
1779781960,125,500.664304,2.263218,1.477074,3.139793,1.970980,2.346438,3.910112,4.861229,6.810199,11.402757,0.223915,0.207459,0.311746,0.633235,calls/second,milliseconds
1779781961,125,500.664304,2.263218,1.477074,3.139793,1.970980,2.346438,3.910112,4.861229,6.810199,11.402757,0.223514,0.207459,0.311746,0.633235,calls/second,milliseconds
1779781962,125,500.664304,2.263218,1.477074,3.139793,1.970980,2.346438,3.910112,4.861229,6.810199,11.402757,0.223115,0.270827,0.323122,0.635267,calls/second,milliseconds
1779781963,125,500.664304,2.263218,1.477074,3.139793,1.970980,2.346438,3.910112,4.861229,6.810199,11.402757,0.222717,0.270827,0.323122,0.635267,calls/second,milliseconds
1779781964,125,500.664304,2.263218,1.477074,3.139793,1.970980,2.346438,3.910112,4.861229,6.810199,11.402757,0.222320,0.270827,0.323122,0.635267,calls/second,milliseconds
1779781965,125,500.664304,2.263218,1.477074,3.139793,1.970980,2.346438,3.910112,4.861229,6.810199,11.402757,0.221925,0.270827,0.323122,0.635267,calls/second,milliseconds
1779781966,125,500.664304,2.263218,1.477074,3.139793,1.970980,2.346438,3.910112,4.861229,6.810199,11.402757,0.221531,0.270827,0.323122,0.635267,calls/second,milliseconds
1779781967,125,500.664304,2.263218,1.477074,3.139793,1.970980,2.346438,3.910112,4.861229,6.810199,11.402757,0.221139,0.249173,0.317781,0.631747,calls/second,milliseconds
1779781968,125,500.664304,2.263218,1.477074,3.139793,1.970980,2.346438,3.910112,4.861229,6.810199,11.402757,0.220748,0.249173,0.317781,0.631747,calls/second,milliseconds
1779781969,125,500.664304,2.263218,1.477074,3.139793,1.970980,2.346438,3.910112,4.861229,6.810199,11.402757,0.220358,0.249173,0.317781,0.631747,calls/second,milliseconds
1779781970,125,500.664304,2.263218,1.477074,3.139793,1.970980,2.346438,3.910112,4.861229,6.810199,11.402757,0.219970,0.249173,0.317781,0.631747,calls/second,milliseconds
1779781971,125,500.664304,2.263218,1.477074,3.139793,1.970980,2.346438,3.910112,4.861229,6.810199,11.402757,0.219583,0.249173,0.317781,0.631747,calls/second,milliseconds
1779781972,125,500.664304,2.263218,1.477074,3.139793,1.970980,2.346438,3.910112,4.861229,6.810199,11.402757,0.219197,0.229250,0.312528,0.628247,calls/second,milliseconds
1779781973,125,500.664304,2.263218,1.477074,3.139793,1.970980,2.346438,3.910112,4.861229,6.810199,11.402757,0.218813,0.229250,0.312528,0.628247,calls/second,milliseconds
1779781974,125,500.664304,2.263218,1.477074,3.139793,1.970980,2.346438,3.910112,4.861229,6.810199,11.402757,0.218430,0.229250,0.312528,0.628247,calls/second,milliseconds
1779781975,125,500.664304,2.263218,1.477074,3.139793,1.970980,2.346438,3.910112,4.861229,6.810199,11.402757,0.218048,0.229250,0.312528,0.628247,calls/second,milliseconds
1779781976,125,500.664304,2.263218,1.477074,3.139793,1.970980,2.346438,3.910112,4.861229,6.810199,11.402757,0.217668,0.229250,0.312528,0.628247,calls/second,milliseconds
1779781977,125,500.664304,2.263218,1.477074,3.139793,1.970980,2.346438,3.910112,4.861229,6.810199,11.402757,0.217289,0.210920,0.307363,0.624767,calls/second,milliseconds
1779781978,125,500.664304,2.263218,1.477074,3.139793,1.970980,2.346438,3.910112,4.861229,6.810199,11.402757,0.216911,0.210920,0.307363,0.624767,calls/second,milliseconds
1779781979,125,500.664304,2.263218,1.477074,3.139793,1.970980,2.346438,3.910112,4.861229,6.810199,11.402757,0.216535,0.210920,0.307363,0.624767,calls/second,milliseconds
1779781980,125,500.664304,2.263218,1.477074,3.139793,1.970980,2.346438,3.910112,4.861229,6.810199,11.402757,0.216160,0.210920,0.307363,0.624767,calls/second,milliseconds
1779781981,125,500.664304,2.263218,1.477074,3.139793,1.970980,2.346438,3.910112,4.861229,6.810199,11.402757,0.215786,0.210920,0.307363,0.624767,calls/second,milliseconds
1779781982,125,500.664304,2.263218,1.477074,3.139793,1.970980,2.346438,3.910112,4.861229,6.810199,11.402757,0.215414,0.194056,0.302283,0.621306,calls/second,milliseconds
1779781983,125,500.664304,2.263218,1.477074,3.139793,1.970980,2.346438,3.910112,4.861229,6.810199,11.402757,0.215043,0.194056,0.302283,0.621306,calls/second,milliseconds
1779781984,125,500.664304,2.263218,1.477074,3.139793,1.970980,2.346438,3.910112,4.861229,6.810199,11.402757,0.214673,0.194056,0.302283,0.621306,calls/second,milliseconds
1779781985,125,500.664304,2.263218,1.477074,3.139793,1.970980,2.346438,3.910112,4.861229,6.810199,11.402757,0.214304,0.194056,0.302283,0.621306,calls/second,milliseconds
1779781986,125,500.664304,2.263218,1.477074,3.139793,1.970980,2.346438,3.910112,4.861229,6.810199,11.402757,0.213937,0.194056,0.302283,0.621306,calls/second,milliseconds
1779781987,125,500.664304,2.263218,1.477074,3.139793,1.970980,2.346438,3.910112,4.861229,6.810199,11.402757,0.213571,0.178540,0.297286,0.617863,calls/second,milliseconds
1779781988,125,500.664304,2.263218,1.477074,3.139793,1.970980,2.346438,3.910112,4.861229,6.810199,11.402757,0.213206,0.178540,0.297286,0.617863,calls/second,milliseconds
1779781989,125,500.664304,2.263218,1.477074,3.139793,1.970980,2.346438,3.910112,4.861229,6.810199,11.402757,0.212843,0.178540,0.297286,0.617863,calls/second,milliseconds
1779781990,125,500.664304,2.263218,1.477074,3.139793,1.970980,2.346438,3.910112,4.861229,6.810199,11.402757,0.212481,0.178540,0.297286,0.617863,calls/second,milliseconds
1779781991,125,500.664304,2.263218,1.477074,3.139793,1.970980,2.346438,3.910112,4.861229,6.810199,11.402757,0.212120,0.178540,0.297286,0.617863,calls/second,milliseconds
1779781992,125,500.664304,2.263218,1.477074,3.139793,1.970980,2.346438,3.910112,4.861229,6.810199,11.402757,0.211760,0.164265,0.292373,0.614440,calls/second,milliseconds
1779781993,125,500.664304,2.263218,1.477074,3.139793,1.970980,2.346438,3.910112,4.861229,6.810199,11.402757,0.211401,0.164265,0.292373,0.614440,calls/second,milliseconds
1779781994,125,500.664304,2.263218,1.477074,3.139793,1.970980,2.346438,3.910112,4.861229,6.810199,11.402757,0.211044,0.164265,0.292373,0.614440,calls/second,milliseconds
1779781995,125,500.664304,2.263218,1.477074,3.139793,1.970980,2.346438,3.910112,4.861229,6.810199,11.402757,0.210687,0.164265,0.292373,0.614440,calls/second,milliseconds
1779781996,125,500.664304,2.263218,1.477074,3.139793,1.970980,2.346438,3.910112,4.861229,6.810199,11.402757,0.210332,0.164265,0.292373,0.614440,calls/second,milliseconds
1779781997,125,500.664304,2.263218,1.477074,3.139793,1.970980,2.346438,3.910112,4.861229,6.810199,11.402757,0.209979,0.151131,0.287540,0.611036,calls/second,milliseconds
1779781998,125,500.664304,2.263218,1.477074,3.139793,1.970980,2.346438,3.910112,4.861229,6.810199,11.402757,0.209626,0.151131,0.287540,0.611036,calls/second,milliseconds
1779781999,125,500.664304,2.263218,1.477074,3.139793,1.970980,2.346438,3.910112,4.861229,6.810199,11.402757,0.209274,0.151131,0.287540,0.611036,calls/second,milliseconds
1779782000,125,500.664304,2.263218,1.477074,3.139793,1.970980,2.346438,3.910112,4.861229,6.810199,11.402757,0.208924,0.151131,0.287540,0.611036,calls/second,milliseconds
1779782001,125,500.664304,2.263218,1.477074,3.139793,1.970980,2.346438,3.910112,4.861229,6.810199,11.402757,0.208575,0.151131,0.287540,0.611036,calls/second,milliseconds
1779782002,125,500.664304,2.263218,1.477074,3.139793,1.970980,2.346438,3.910112,4.861229,6.810199,11.402757,0.208227,0.139047,0.282787,0.607651,calls/second,milliseconds
1779782004,125,500.664304,2.263218,1.477074,3.139793,1.970980,2.346438,3.910112,4.861229,6.810199,11.402757,0.207880,0.139047,0.282787,0.607651,calls/second,milliseconds
1779782005,125,500.664304,2.263218,1.477074,3.139793,1.970980,2.346438,3.910112,4.861229,6.810199,11.402757,0.207535,0.139047,0.282787,0.607651,calls/second,milliseconds
1779782006,125,500.664304,2.263218,1.477074,3.139793,1.970980,2.346438,3.910112,4.861229,6.810199,11.402757,0.207190,0.139047,0.282787,0.607651,calls/second,milliseconds
1779782007,125,500.664304,2.263218,1.477074,3.139793,1.970980,2.346438,3.910112,4.861229,6.810199,11.402757,0.206847,0.139047,0.282787,0.607651,calls/second,milliseconds
1779782008,125,500.664304,2.263218,1.477074,3.139793,1.970980,2.346438,3.910112,4.861229,6.810199,11.402757,0.206504,0.127930,0.278113,0.604285,calls/second,milliseconds
1779782009,125,500.664304,2.263218,1.477074,3.139793,1.970980,2.346438,3.910112,4.861229,6.810199,11.402757,0.206163,0.127930,0.278113,0.604285,calls/second,milliseconds
1779782010,125,500.664304,2.263218,1.477074,3.139793,1.970980,2.346438,3.910112,4.861229,6.810199,11.402757,0.205823,0.127930,0.278113,0.604285,calls/second,milliseconds
1779782011,125,500.664304,2.263218,1.477074,3.139793,1.970980,2.346438,3.910112,4.861229,6.810199,11.402757,0.205485,0.127930,0.278113,0.604285,calls/second,milliseconds
1779782012,125,500.664304,2.263218,1.477074,3.139793,1.970980,2.346438,3.910112,4.861229,6.810199,11.402757,0.205147,0.127930,0.278113,0.604285,calls/second,milliseconds
1779782013,125,500.664304,2.263218,1.477074,3.139793,1.970980,2.346438,3.910112,4.861229,6.810199,11.402757,0.204810,0.117701,0.273517,0.600937,calls/second,milliseconds
1779782014,125,500.664304,2.263218,1.477074,3.139793,1.970980,2.346438,3.910112,4.861229,6.810199,11.402757,0.204475,0.117701,0.273517,0.600937,calls/second,milliseconds
1779782015,125,500.664304,2.263218,1.477074,3.139793,1.970980,2.346438,3.910112,4.861229,6.810199,11.402757,0.204141,0.117701,0.273517,0.600937,calls/second,milliseconds
1779782016,125,500.664304,2.263218,1.477074,3.139793,1.970980,2.346438,3.910112,4.861229,6.810199,11.402757,0.203807,0.117701,0.273517,0.600937,calls/second,milliseconds
1779782017,125,500.664304,2.263218,1.477074,3.139793,1.970980,2.346438,3.910112,4.861229,6.810199,11.402757,0.203475,0.117701,0.273517,0.600937,calls/second,milliseconds
1779782018,125,500.664304,2.263218,1.477074,3.139793,1.970980,2.346438,3.910112,4.861229,6.810199,11.402757,0.203144,0.108290,0.268996,0.597607,calls/second,milliseconds
1779782019,125,500.664304,2.263218,1.477074,3.139793,1.970980,2.346438,3.910112,4.861229,6.810199,11.402757,0.202814,0.108290,0.268996,0.597607,calls/second,milliseconds
1779782020,125,500.664304,2.263218,1.477074,3.139793,1.970980,2.346438,3.910112,4.861229,6.810199,11.402757,0.202484,0.108290,0.268996,0.597607,calls/second,milliseconds
1779782021,125,500.664304,2.263218,1.477074,3.139793,1.970980,2.346438,3.910112,4.861229,6.810199,11.402757,0.202157,0.108290,0.268996,0.597607,calls/second,milliseconds
1779782022,125,500.664304,2.263218,1.477074,3.139793,1.970980,2.346438,3.910112,4.861229,6.810199,11.402757,0.201830,0.108290,0.268996,0.597607,calls/second,milliseconds
1779782023,125,500.664304,2.263218,1.477074,3.139793,1.970980,2.346438,3.910112,4.861229,6.810199,11.402757,0.201504,0.099632,0.264550,0.594297,calls/second,milliseconds
1779782024,125,500.664304,2.263218,1.477074,3.139793,1.970980,2.346438,3.910112,4.861229,6.810199,11.402757,0.201179,0.099632,0.264550,0.594297,calls/second,milliseconds
1779782025,125,500.664304,2.263218,1.477074,3.139793,1.970980,2.346438,3.910112,4.861229,6.810199,11.402757,0.200855,0.099632,0.264550,0.594297,calls/second,milliseconds
1779782026,125,500.664304,2.263218,1.477074,3.139793,1.970980,2.346438,3.910112,4.861229,6.810199,11.402757,0.200533,0.099632,0.264550,0.594297,calls/second,milliseconds
1779782027,125,500.664304,2.263218,1.477074,3.139793,1.970980,2.346438,3.910112,4.861229,6.810199,11.402757,0.200211,0.099632,0.264550,0.594297,calls/second,milliseconds
1779782028,125,500.664304,2.263218,1.477074,3.139793,1.970980,2.346438,3.910112,4.861229,6.810199,11.402757,0.199890,0.091666,0.260177,0.591004,calls/second,milliseconds
1779782029,125,500.664304,2.263218,1.477074,3.139793,1.970980,2.346438,3.910112,4.861229,6.810199,11.402757,0.199571,0.091666,0.260177,0.591004,calls/second,milliseconds
1779782030,125,500.664304,2.263218,1.477074,3.139793,1.970980,2.346438,3.910112,4.861229,6.810199,11.402757,0.199252,0.091666,0.260177,0.591004,calls/second,milliseconds
1779782031,125,500.664304,2.263218,1.477074,3.139793,1.970980,2.346438,3.910112,4.861229,6.810199,11.402757,0.198935,0.091666,0.260177,0.591004,calls/second,milliseconds
1779782032,125,500.664304,2.263218,1.477074,3.139793,1.970980,2.346438,3.910112,4.861229,6.810199,11.402757,0.198618,0.091666,0.260177,0.591004,calls/second,milliseconds
1779782033,125,500.664304,2.263218,1.477074,3.139793,1.970980,2.346438,3.910112,4.861229,6.810199,11.402757,0.198303,0.084336,0.255877,0.587730,calls/second,milliseconds
1779782034,125,500.664304,2.263218,1.477074,3.139793,1.970980,2.346438,3.910112,4.861229,6.810199,11.402757,0.197988,0.084336,0.255877,0.587730,calls/second,milliseconds
1779782035,125,500.664304,2.263218,1.477074,3.139793,1.970980,2.346438,3.910112,4.861229,6.810199,11.402757,0.197675,0.084336,0.255877,0.587730,calls/second,milliseconds
1779782036,125,500.664304,2.263218,1.477074,3.139793,1.970980,2.346438,3.910112,4.861229,6.810199,11.402757,0.197362,0.084336,0.255877,0.587730,calls/second,milliseconds
1779782037,125,500.664304,2.263218,1.477074,3.139793,1.970980,2.346438,3.910112,4.861229,6.810199,11.402757,0.197051,0.084336,0.255877,0.587730,calls/second,milliseconds
1779782038,125,500.664304,2.263218,1.477074,3.139793,1.970980,2.346438,3.910112,4.861229,6.810199,11.402757,0.196740,0.077593,0.251647,0.584474,calls/second,milliseconds
1779782039,125,500.664304,2.263218,1.477074,3.139793,1.970980,2.346438,3.910112,4.861229,6.810199,11.402757,0.196430,0.077593,0.251647,0.584474,calls/second,milliseconds
1779782040,125,500.664304,2.263218,1.477074,3.139793,1.970980,2.346438,3.910112,4.861229,6.810199,11.402757,0.196122,0.077593,0.251647,0.584474,calls/second,milliseconds
1779782041,125,500.664304,2.263218,1.477074,3.139793,1.970980,2.346438,3.910112,4.861229,6.810199,11.402757,0.195814,0.077593,0.251647,0.584474,calls/second,milliseconds
1779782042,125,500.664304,2.263218,1.477074,3.139793,1.970980,2.346438,3.910112,4.861229,6.810199,11.402757,0.195507,0.077593,0.251647,0.584474,calls/second,milliseconds
1779782043,125,500.664304,2.263218,1.477074,3.139793,1.970980,2.346438,3.910112,4.861229,6.810199,11.402757,0.195202,0.071389,0.247488,0.581236,calls/second,milliseconds
1779782044,125,500.664304,2.263218,1.477074,3.139793,1.970980,2.346438,3.910112,4.861229,6.810199,11.402757,0.194897,0.071389,0.247488,0.581236,calls/second,milliseconds
1779782045,125,500.664304,2.263218,1.477074,3.139793,1.970980,2.346438,3.910112,4.861229,6.810199,11.402757,0.194593,0.071389,0.247488,0.581236,calls/second,milliseconds
1779782046,125,500.664304,2.263218,1.477074,3.139793,1.970980,2.346438,3.910112,4.861229,6.810199,11.402757,0.194290,0.071389,0.247488,0.581236,calls/second,milliseconds
1779782047,125,500.664304,2.263218,1.477074,3.139793,1.970980,2.346438,3.910112,4.861229,6.810199,11.402757,0.193988,0.071389,0.247488,0.581236,calls/second,milliseconds
1779782048,125,500.664304,2.263218,1.477074,3.139793,1.970980,2.346438,3.910112,4.861229,6.810199,11.402757,0.193687,0.065681,0.243397,0.578016,calls/second,milliseconds
1779782049,125,500.664304,2.263218,1.477074,3.139793,1.970980,2.346438,3.910112,4.861229,6.810199,11.402757,0.193387,0.065681,0.243397,0.578016,calls/second,milliseconds
1779782050,125,500.664304,2.263218,1.477074,3.139793,1.970980,2.346438,3.910112,4.861229,6.810199,11.402757,0.193088,0.065681,0.243397,0.578016,calls/second,milliseconds
1779782051,125,500.664304,2.263218,1.477074,3.139793,1.970980,2.346438,3.910112,4.861229,6.810199,11.402757,0.192789,0.065681,0.243397,0.578016,calls/second,milliseconds
1779782052,125,500.664304,2.263218,1.477074,3.139793,1.970980,2.346438,3.910112,4.861229,6.810199,11.402757,0.192492,0.065681,0.243397,0.578016,calls/second,milliseconds
1779782053,125,500.664304,2.263218,1.477074,3.139793,1.970980,2.346438,3.910112,4.861229,6.810199,11.402757,0.192196,0.060430,0.239374,0.574813,calls/second,milliseconds
1779782054,125,500.664304,2.263218,1.477074,3.139793,1.970980,2.346438,3.910112,4.861229,6.810199,11.402757,0.191900,0.060430,0.239374,0.574813,calls/second,milliseconds
1779782055,125,500.664304,2.263218,1.477074,3.139793,1.970980,2.346438,3.910112,4.861229,6.810199,11.402757,0.191606,0.060430,0.239374,0.574813,calls/second,milliseconds
1779782056,130,500.664304,3.223814,1.477074,2.429155,2.505910,3.818497,5.568400,5.568400,5.568400,11.402757,0.198964,0.060430,0.239374,0.574813,calls/second,milliseconds
1779782057,130,500.664304,3.223814,1.477074,2.429155,2.505910,3.818497,5.568400,5.568400,5.568400,11.402757,0.198660,0.060430,0.239374,0.574813,calls/second,milliseconds
1779782058,130,500.664304,3.223814,1.477074,2.429155,2.505910,3.818497,5.568400,5.568400,5.568400,11.402757,0.198356,0.135554,0.251946,0.577169,calls/second,milliseconds
1779782059,130,500.664304,3.223814,1.477074,2.429155,2.505910,3.818497,5.568400,5.568400,5.568400,11.402757,0.198054,0.135554,0.251946,0.577169,calls/second,milliseconds
1779782060,130,500.664304,3.223814,1.477074,2.429155,2.505910,3.818497,5.568400,5.568400,5.568400,11.402757,0.197752,0.135554,0.251946,0.577169,calls/second,milliseconds
1779782061,130,500.664304,3.223814,1.477074,2.429155,2.505910,3.818497,5.568400,5.568400,5.568400,11.402757,0.197451,0.135554,0.251946,0.577169,calls/second,milliseconds
1779782062,130,500.664304,3.223814,1.477074,2.429155,2.505910,3.818497,5.568400,5.568400,5.568400,11.402757,0.197152,0.135554,0.251946,0.577169,calls/second,milliseconds
1779782063,130,500.664304,3.223814,1.477074,2.429155,2.505910,3.818497,5.568400,5.568400,5.568400,11.402757,0.196853,0.124715,0.247782,0.573971,calls/second,milliseconds
1779782064,130,500.664304,3.223814,1.477074,2.429155,2.505910,3.818497,5.568400,5.568400,5.568400,11.402757,0.196555,0.124715,0.247782,0.573971,calls/second,milliseconds
1779782065,130,500.664304,3.223814,1.477074,2.429155,2.505910,3.818497,5.568400,5.568400,5.568400,11.402757,0.196257,0.124715,0.247782,0.573971,calls/second,milliseconds
1779782066,135,500.664304,3.103681,1.477074,2.201395,2.405844,3.818497,6.416901,6.416901,6.416901,11.402757,0.203498,0.124715,0.247782,0.573971,calls/second,milliseconds
1779782067,135,500.664304,3.103681,1.477074,2.201395,2.405844,3.818497,6.416901,6.416901,6.416901,11.402757,0.203191,0.124715,0.247782,0.573971,calls/second,milliseconds
1779782068,135,500.664304,3.103681,1.477074,2.201395,2.405844,3.818497,6.416901,6.416901,6.416901,11.402757,0.202886,0.194699,0.260215,0.576332,calls/second,milliseconds
1779782069,135,500.664304,3.103681,1.477074,2.201395,2.405844,3.818497,6.416901,6.416901,6.416901,11.402757,0.202581,0.194699,0.260215,0.576332,calls/second,milliseconds
1779782070,135,500.664304,3.103681,1.477074,2.201395,2.405844,3.818497,6.416901,6.416901,6.416901,11.402757,0.202277,0.194699,0.260215,0.576332,calls/second,milliseconds
1779782071,135,500.664304,3.103681,1.477074,2.201395,2.405844,3.818497,6.416901,6.416901,6.416901,11.402757,0.201974,0.194699,0.260215,0.576332,calls/second,milliseconds
1779782072,135,500.664304,3.103681,1.477074,2.201395,2.405844,3.818497,6.416901,6.416901,6.416901,11.402757,0.201672,0.194699,0.260215,0.576332,calls/second,milliseconds
1779782073,140,500.664304,2.818791,1.477074,1.895843,2.223878,3.551384,6.416901,6.416901,6.416901,11.290157,0.208828,0.179132,0.255914,0.573139,calls/second,milliseconds
1779782074,140,500.664304,2.818791,1.477074,1.895843,2.223878,3.551384,6.416901,6.416901,6.416901,11.290157,0.208517,0.179132,0.255914,0.573139,calls/second,milliseconds
1779782075,140,500.664304,2.818791,1.477074,1.895843,2.223878,3.551384,6.416901,6.416901,6.416901,11.290157,0.208206,0.179132,0.255914,0.573139,calls/second,milliseconds
1779782076,140,500.664304,2.818791,1.477074,1.895843,2.223878,3.551384,6.416901,6.416901,6.416901,11.290157,0.207897,0.179132,0.255914,0.573139,calls/second,milliseconds
1779782077,140,500.664304,2.818791,1.477074,1.895843,2.223878,3.551384,6.416901,6.416901,6.416901,11.290157,0.207587,0.179132,0.255914,0.573139,calls/second,milliseconds
1779782078,140,500.664304,2.818791,1.477074,1.895843,2.223878,3.551384,6.416901,6.416901,6.416901,11.290157,0.207279,0.244765,0.268213,0.575503,calls/second,milliseconds
1779782079,140,500.664304,2.818791,1.477074,1.895843,2.223878,3.551384,6.416901,6.416901,6.416901,11.290157,0.206972,0.244765,0.268213,0.575503,calls/second,milliseconds
1779782080,140,500.664304,2.818791,1.477074,1.895843,2.223878,3.551384,6.416901,6.416901,6.416901,11.290157,0.206666,0.244765,0.268213,0.575503,calls/second,milliseconds
1779782081,140,500.664304,2.818791,1.477074,1.895843,2.223878,3.551384,6.416901,6.416901,6.416901,11.290157,0.206361,0.244765,0.268213,0.575503,calls/second,milliseconds
1779782082,140,500.664304,2.818791,1.477074,1.895843,2.223878,3.551384,6.416901,6.416901,6.416901,11.290157,0.206057,0.244765,0.268213,0.575503,calls/second,milliseconds
1779782083,145,500.664304,2.624146,1.477074,1.680093,2.223878,2.505910,5.568400,6.416901,6.416901,11.290157,0.213102,0.305150,0.280308,0.577855,calls/second,milliseconds
1779782084,145,500.664304,2.624146,1.477074,1.680093,2.223878,2.505910,5.568400,6.416901,6.416901,11.290157,0.212789,0.305150,0.280308,0.577855,calls/second,milliseconds
1779782085,145,500.664304,2.624146,1.477074,1.680093,2.223878,2.505910,5.568400,6.416901,6.416901,11.290157,0.212477,0.305150,0.280308,0.577855,calls/second,milliseconds
1779782086,145,500.664304,2.624146,1.477074,1.680093,2.223878,2.505910,5.568400,6.416901,6.416901,11.290157,0.212166,0.305150,0.280308,0.577855,calls/second,milliseconds
1779782087,145,500.664304,2.624146,1.477074,1.680093,2.223878,2.505910,5.568400,6.416901,6.416901,11.290157,0.211855,0.305150,0.280308,0.577855,calls/second,milliseconds
1779782088,145,500.664304,2.624146,1.477074,1.680093,2.223878,2.505910,5.568400,6.416901,6.416901,11.290157,0.211546,0.280752,0.275675,0.574654,calls/second,milliseconds
1779782089,145,500.664304,2.624146,1.477074,1.680093,2.223878,2.505910,5.568400,6.416901,6.416901,11.290157,0.211237,0.280752,0.275675,0.574654,calls/second,milliseconds
1779782090,145,500.664304,2.624146,1.477074,1.680093,2.223878,2.505910,5.568400,6.416901,6.416901,11.290157,0.210929,0.280752,0.275675,0.574654,calls/second,milliseconds
1779782091,145,500.664304,2.624146,1.477074,1.680093,2.223878,2.505910,5.568400,6.416901,6.416901,11.290157,0.210622,0.280752,0.275675,0.574654,calls/second,milliseconds
1779782092,145,500.664304,2.624146,1.477074,1.680093,2.223878,2.505910,5.568400,6.416901,6.416901,11.290157,0.210316,0.280752,0.275675,0.574654,calls/second,milliseconds
1779782093,145,500.664304,2.624146,1.477074,1.680093,2.223878,2.505910,5.568400,6.416901,6.416901,11.290157,0.210011,0.258304,0.271119,0.571470,calls/second,milliseconds
1779782094,145,500.664304,2.624146,1.477074,1.680093,2.223878,2.505910,5.568400,6.416901,6.416901,11.290157,0.209707,0.258304,0.271119,0.571470,calls/second,milliseconds
1779782095,145,500.664304,2.624146,1.477074,1.680093,2.223878,2.505910,5.568400,6.416901,6.416901,11.290157,0.209404,0.258304,0.271119,0.571470,calls/second,milliseconds
1779782096,145,500.664304,2.624146,1.477074,1.680093,2.223878,2.505910,5.568400,6.416901,6.416901,11.290157,0.209101,0.258304,0.271119,0.571470,calls/second,milliseconds
1779782097,145,500.664304,2.624146,1.477074,1.680093,2.223878,2.505910,5.568400,6.416901,6.416901,11.290157,0.208800,0.258304,0.271119,0.571470,calls/second,milliseconds
1779782098,145,500.664304,2.624146,1.477074,1.680093,2.223878,2.505910,5.568400,6.416901,6.416901,11.290157,0.208499,0.237651,0.266637,0.568304,calls/second,milliseconds
1779782099,145,500.664304,2.624146,1.477074,1.680093,2.223878,2.505910,5.568400,6.416901,6.416901,11.290157,0.208199,0.237651,0.266637,0.568304,calls/second,milliseconds
1779782100,145,500.664304,2.624146,1.477074,1.680093,2.223878,2.505910,5.568400,6.416901,6.416901,11.290157,0.207901,0.237651,0.266637,0.568304,calls/second,milliseconds
1779782101,145,500.664304,2.624146,1.477074,1.680093,2.223878,2.505910,5.568400,6.416901,6.416901,11.290157,0.207602,0.237651,0.266637,0.568304,calls/second,milliseconds
1779782102,145,500.664304,2.624146,1.477074,1.680093,2.223878,2.505910,5.568400,6.416901,6.416901,11.290157,0.207305,0.237651,0.266637,0.568304,calls/second,milliseconds
1779782103,145,500.664304,2.624146,1.477074,1.680093,2.223878,2.505910,5.568400,6.416901,6.416901,11.290157,0.207009,0.218650,0.262230,0.565156,calls/second,milliseconds
1779782104,145,500.664304,2.624146,1.477074,1.680093,2.223878,2.505910,5.568400,6.416901,6.416901,11.290157,0.206713,0.218650,0.262230,0.565156,calls/second,milliseconds
1779782105,145,500.664304,2.624146,1.477074,1.680093,2.223878,2.505910,5.568400,6.416901,6.416901,11.290157,0.206419,0.218650,0.262230,0.565156,calls/second,milliseconds
1779782106,145,500.664304,2.624146,1.477074,1.680093,2.223878,2.505910,5.568400,6.416901,6.416901,11.290157,0.206125,0.218650,0.262230,0.565156,calls/second,milliseconds
1779782107,145,500.664304,2.624146,1.477074,1.680093,2.223878,2.505910,5.568400,6.416901,6.416901,11.290157,0.205832,0.218650,0.262230,0.565156,calls/second,milliseconds
1779782108,145,500.664304,2.624146,1.477074,1.680093,2.223878,2.505910,5.568400,6.416901,6.416901,11.290157,0.205540,0.201167,0.257896,0.562025,calls/second,milliseconds
1779782109,145,500.664304,2.624146,1.477074,1.680093,2.223878,2.505910,5.568400,6.416901,6.416901,11.290157,0.205248,0.201167,0.257896,0.562025,calls/second,milliseconds
1779782110,145,500.664304,2.624146,1.477074,1.680093,2.223878,2.505910,5.568400,6.416901,6.416901,11.290157,0.204958,0.201167,0.257896,0.562025,calls/second,milliseconds
1779782111,145,500.664304,2.624146,1.477074,1.680093,2.223878,2.505910,5.568400,6.416901,6.416901,11.290157,0.204668,0.201167,0.257896,0.562025,calls/second,milliseconds
1779782112,145,500.664304,2.624146,1.477074,1.680093,2.223878,2.505910,5.568400,6.416901,6.416901,11.290157,0.204379,0.201167,0.257896,0.562025,calls/second,milliseconds
1779782113,145,500.664304,2.624146,1.477074,1.680093,2.223878,2.505910,5.568400,6.416901,6.416901,11.290157,0.204091,0.185083,0.253633,0.558911,calls/second,milliseconds
1779782114,145,500.664304,2.624146,1.477074,1.680093,2.223878,2.505910,5.568400,6.416901,6.416901,11.290157,0.203804,0.185083,0.253633,0.558911,calls/second,milliseconds
1779782115,150,500.664304,2.580845,1.477074,1.435353,2.224658,2.686533,5.568400,6.416901,6.416901,6.810199,0.210535,0.185083,0.253633,0.558911,calls/second,milliseconds
1779782116,150,500.664304,2.580845,1.477074,1.435353,2.224658,2.686533,5.568400,6.416901,6.416901,6.810199,0.210240,0.185083,0.253633,0.558911,calls/second,milliseconds
1779782117,150,500.664304,2.580845,1.477074,1.435353,2.224658,2.686533,5.568400,6.416901,6.416901,6.810199,0.209945,0.185083,0.253633,0.558911,calls/second,milliseconds
1779782118,150,500.664304,2.580845,1.477074,1.435353,2.224658,2.686533,5.568400,6.416901,6.416901,6.810199,0.209651,0.250240,0.265970,0.561355,calls/second,milliseconds
1779782119,150,500.664304,2.580845,1.477074,1.435353,2.224658,2.686533,5.568400,6.416901,6.416901,6.810199,0.209358,0.250240,0.265970,0.561355,calls/second,milliseconds
1779782120,150,500.664304,2.580845,1.477074,1.435353,2.224658,2.686533,5.568400,6.416901,6.416901,6.810199,0.209066,0.250240,0.265970,0.561355,calls/second,milliseconds
1779782121,150,500.664304,2.580845,1.477074,1.435353,2.224658,2.686533,5.568400,6.416901,6.416901,6.810199,0.208774,0.250240,0.265970,0.561355,calls/second,milliseconds
1779782122,150,500.664304,2.580845,1.477074,1.435353,2.224658,2.686533,5.568400,6.416901,6.416901,6.810199,0.208484,0.250240,0.265970,0.561355,calls/second,milliseconds
1779782123,150,500.664304,2.580845,1.477074,1.435353,2.224658,2.686533,5.568400,6.416901,6.416901,6.810199,0.208194,0.230232,0.261574,0.558245,calls/second,milliseconds
1779782124,150,500.664304,2.580845,1.477074,1.435353,2.224658,2.686533,5.568400,6.416901,6.416901,6.810199,0.207905,0.230232,0.261574,0.558245,calls/second,milliseconds
1779782125,155,500.664304,2.414769,1.477074,1.282186,2.170232,2.576542,4.765082,6.416901,6.416901,6.416901,0.214538,0.230232,0.261574,0.558245,calls/second,milliseconds
1779782126,155,500.664304,2.414769,1.477074,1.282186,2.170232,2.576542,4.765082,6.416901,6.416901,6.416901,0.214241,0.230232,0.261574,0.558245,calls/second,milliseconds
1779782127,155,500.664304,2.414769,1.477074,1.282186,2.170232,2.576542,4.765082,6.416901,6.416901,6.416901,0.213945,0.230232,0.261574,0.558245,calls/second,milliseconds
1779782128,155,500.664304,2.414769,1.477074,1.282186,2.170232,2.576542,4.765082,6.416901,6.416901,6.416901,0.213649,0.291779,0.273779,0.560692,calls/second,milliseconds
1779782129,155,500.664304,2.414769,1.477074,1.282186,2.170232,2.576542,4.765082,6.416901,6.416901,6.416901,0.213355,0.291779,0.273779,0.560692,calls/second,milliseconds
1779782130,155,500.664304,2.414769,1.477074,1.282186,2.170232,2.576542,4.765082,6.416901,6.416901,6.416901,0.213061,0.291779,0.273779,0.560692,calls/second,milliseconds
1779782131,155,500.664304,2.414769,1.477074,1.282186,2.170232,2.576542,4.765082,6.416901,6.416901,6.416901,0.212768,0.291779,0.273779,0.560692,calls/second,milliseconds
1779782132,155,500.664304,2.414769,1.477074,1.282186,2.170232,2.576542,4.765082,6.416901,6.416901,6.416901,0.212476,0.291779,0.273779,0.560692,calls/second,milliseconds
1779782133,155,500.664304,2.414769,1.477074,1.282186,2.170232,2.576542,4.765082,6.416901,6.416901,6.416901,0.212185,0.268450,0.269254,0.557586,calls/second,milliseconds
1779782134,155,500.664304,2.414769,1.477074,1.282186,2.170232,2.576542,4.765082,6.416901,6.416901,6.416901,0.211895,0.268450,0.269254,0.557586,calls/second,milliseconds
1779782135,155,500.664304,2.414769,1.477074,1.282186,2.170232,2.576542,4.765082,6.416901,6.416901,6.416901,0.211605,0.268450,0.269254,0.557586,calls/second,milliseconds
1779782136,155,500.664304,2.414769,1.477074,1.282186,2.170232,2.576542,4.765082,6.416901,6.416901,6.416901,0.211316,0.268450,0.269254,0.557586,calls/second,milliseconds
1779782137,155,500.664304,2.414769,1.477074,1.282186,2.170232,2.576542,4.765082,6.416901,6.416901,6.416901,0.211028,0.268450,0.269254,0.557586,calls/second,milliseconds
1779782138,155,500.664304,2.414769,1.477074,1.282186,2.170232,2.576542,4.765082,6.416901,6.416901,6.416901,0.210741,0.246986,0.264803,0.554497,calls/second,milliseconds
1779782139,155,500.664304,2.414769,1.477074,1.282186,2.170232,2.576542,4.765082,6.416901,6.416901,6.416901,0.210454,0.246986,0.264803,0.554497,calls/second,milliseconds
1779782140,155,500.664304,2.414769,1.477074,1.282186,2.170232,2.576542,4.765082,6.416901,6.416901,6.416901,0.210168,0.246986,0.264803,0.554497,calls/second,milliseconds
1779782141,155,500.664304,2.414769,1.477074,1.282186,2.170232,2.576542,4.765082,6.416901,6.416901,6.416901,0.209883,0.246986,0.264803,0.554497,calls/second,milliseconds
1779782142,155,500.664304,2.414769,1.477074,1.282186,2.170232,2.576542,4.765082,6.416901,6.416901,6.416901,0.209599,0.246986,0.264803,0.554497,calls/second,milliseconds
1779782143,155,500.664304,2.414769,1.477074,1.282186,2.170232,2.576542,4.765082,6.416901,6.416901,6.416901,0.209316,0.227238,0.260426,0.551425,calls/second,milliseconds
1779782144,155,500.664304,2.414769,1.477074,1.282186,2.170232,2.576542,4.765082,6.416901,6.416901,6.416901,0.209033,0.227238,0.260426,0.551425,calls/second,milliseconds
1779782145,155,500.664304,2.414769,1.477074,1.282186,2.170232,2.576542,4.765082,6.416901,6.416901,6.416901,0.208751,0.227238,0.260426,0.551425,calls/second,milliseconds
1779782146,155,500.664304,2.414769,1.477074,1.282186,2.170232,2.576542,4.765082,6.416901,6.416901,6.416901,0.208470,0.227238,0.260426,0.551425,calls/second,milliseconds
1779782147,155,500.664304,2.414769,1.477074,1.282186,2.170232,2.576542,4.765082,6.416901,6.416901,6.416901,0.208189,0.227238,0.260426,0.551425,calls/second,milliseconds
1779782148,155,500.664304,2.414769,1.477074,1.282186,2.170232,2.576542,4.765082,6.416901,6.416901,6.416901,0.207910,0.209069,0.256122,0.548370,calls/second,milliseconds
1779782149,155,500.664304,2.414769,1.477074,1.282186,2.170232,2.576542,4.765082,6.416901,6.416901,6.416901,0.207631,0.209069,0.256122,0.548370,calls/second,milliseconds
1779782150,155,500.664304,2.414769,1.477074,1.282186,2.170232,2.576542,4.765082,6.416901,6.416901,6.416901,0.207353,0.209069,0.256122,0.548370,calls/second,milliseconds
1779782151,155,500.664304,2.414769,1.477074,1.282186,2.170232,2.576542,4.765082,6.416901,6.416901,6.416901,0.207075,0.209069,0.256122,0.548370,calls/second,milliseconds
1779782152,155,500.664304,2.414769,1.477074,1.282186,2.170232,2.576542,4.765082,6.416901,6.416901,6.416901,0.206799,0.209069,0.256122,0.548370,calls/second,milliseconds
1779782153,155,500.664304,2.414769,1.477074,1.282186,2.170232,2.576542,4.765082,6.416901,6.416901,6.416901,0.206523,0.192353,0.251889,0.545332,calls/second,milliseconds
1779782154,155,500.664304,2.414769,1.477074,1.282186,2.170232,2.576542,4.765082,6.416901,6.416901,6.416901,0.206247,0.192353,0.251889,0.545332,calls/second,milliseconds
1779782155,155,500.664304,2.414769,1.477074,1.282186,2.170232,2.576542,4.765082,6.416901,6.416901,6.416901,0.205973,0.192353,0.251889,0.545332,calls/second,milliseconds
1779782156,155,500.664304,2.414769,1.477074,1.282186,2.170232,2.576542,4.765082,6.416901,6.416901,6.416901,0.205699,0.192353,0.251889,0.545332,calls/second,milliseconds
1779782157,160,500.664304,2.367669,1.477074,1.109001,2.059486,2.505910,3.818497,5.568400,6.416901,6.416901,0.212053,0.192353,0.251889,0.545332,calls/second,milliseconds
1779782158,160,500.664304,2.367669,1.477074,1.109001,2.059486,2.505910,3.818497,5.568400,6.416901,6.416901,0.211772,0.256929,0.264254,0.547850,calls/second,milliseconds
1779782159,160,500.664304,2.367669,1.477074,1.109001,2.059486,2.505910,3.818497,5.568400,6.416901,6.416901,0.211492,0.256929,0.264254,0.547850,calls/second,milliseconds
1779782160,160,500.664304,2.367669,1.477074,1.109001,2.059486,2.505910,3.818497,5.568400,6.416901,6.416901,0.211212,0.256929,0.264254,0.547850,calls/second,milliseconds
1779782161,160,500.664304,2.367669,1.477074,1.109001,2.059486,2.505910,3.818497,5.568400,6.416901,6.416901,0.210933,0.256929,0.264254,0.547850,calls/second,milliseconds
1779782162,160,500.664304,2.367669,1.477074,1.109001,2.059486,2.505910,3.818497,5.568400,6.416901,6.416901,0.210655,0.256929,0.264254,0.547850,calls/second,milliseconds
1779782163,160,500.664304,2.367669,1.477074,1.109001,2.059486,2.505910,3.818497,5.568400,6.416901,6.416901,0.210378,0.236386,0.259886,0.544815,calls/second,milliseconds
1779782164,160,500.664304,2.367669,1.477074,1.109001,2.059486,2.505910,3.818497,5.568400,6.416901,6.416901,0.210101,0.236386,0.259886,0.544815,calls/second,milliseconds
1779782165,160,500.664304,2.367669,1.477074,1.109001,2.059486,2.505910,3.818497,5.568400,6.416901,6.416901,0.209825,0.236386,0.259886,0.544815,calls/second,milliseconds
1779782166,160,500.664304,2.367669,1.477074,1.109001,2.059486,2.505910,3.818497,5.568400,6.416901,6.416901,0.209550,0.236386,0.259886,0.544815,calls/second,milliseconds
1779782167,165,500.664304,2.299796,1.477074,0.977278,2.059486,2.503420,3.551384,5.568400,6.416901,6.416901,0.215815,0.236386,0.259886,0.544815,calls/second,milliseconds
1779782168,165,500.664304,2.299796,1.477074,0.977278,2.059486,2.503420,3.551384,5.568400,6.416901,6.416901,0.215533,0.297441,0.272119,0.547337,calls/second,milliseconds
1779782169,165,500.664304,2.299796,1.477074,0.977278,2.059486,2.503420,3.551384,5.568400,6.416901,6.416901,0.215251,0.297441,0.272119,0.547337,calls/second,milliseconds
1779782170,165,500.664304,2.299796,1.477074,0.977278,2.059486,2.503420,3.551384,5.568400,6.416901,6.416901,0.214970,0.297441,0.272119,0.547337,calls/second,milliseconds
1779782171,165,500.664304,2.299796,1.477074,0.977278,2.059486,2.503420,3.551384,5.568400,6.416901,6.416901,0.214690,0.297441,0.272119,0.547337,calls/second,milliseconds
1779782172,165,500.664304,2.299796,1.477074,0.977278,2.059486,2.503420,3.551384,5.568400,6.416901,6.416901,0.214411,0.297441,0.272119,0.547337,calls/second,milliseconds
1779782173,165,500.664304,2.299796,1.477074,0.977278,2.059486,2.503420,3.551384,5.568400,6.416901,6.416901,0.214132,0.273659,0.267621,0.544305,calls/second,milliseconds
1779782174,165,500.664304,2.299796,1.477074,0.977278,2.059486,2.503420,3.551384,5.568400,6.416901,6.416901,0.213854,0.273659,0.267621,0.544305,calls/second,milliseconds
1779782175,165,500.664304,2.299796,1.477074,0.977278,2.059486,2.503420,3.551384,5.568400,6.416901,6.416901,0.213577,0.273659,0.267621,0.544305,calls/second,milliseconds
1779782176,165,500.664304,2.299796,1.477074,0.977278,2.059486,2.503420,3.551384,5.568400,6.416901,6.416901,0.213301,0.273659,0.267621,0.544305,calls/second,milliseconds
1779782177,165,500.664304,2.299796,1.477074,0.977278,2.059486,2.503420,3.551384,5.568400,6.416901,6.416901,0.213025,0.273659,0.267621,0.544305,calls/second,milliseconds
1779782178,165,500.664304,2.299796,1.477074,0.977278,2.059486,2.503420,3.551384,5.568400,6.416901,6.416901,0.212750,0.251778,0.263198,0.541289,calls/second,milliseconds
1779782179,165,500.664304,2.299796,1.477074,0.977278,2.059486,2.503420,3.551384,5.568400,6.416901,6.416901,0.212475,0.251778,0.263198,0.541289,calls/second,milliseconds
1779782180,165,500.664304,2.299796,1.477074,0.977278,2.059486,2.503420,3.551384,5.568400,6.416901,6.416901,0.212202,0.251778,0.263198,0.541289,calls/second,milliseconds
1779782181,165,500.664304,2.299796,1.477074,0.977278,2.059486,2.503420,3.551384,5.568400,6.416901,6.416901,0.211929,0.251778,0.263198,0.541289,calls/second,milliseconds
1779782182,165,500.664304,2.299796,1.477074,0.977278,2.059486,2.503420,3.551384,5.568400,6.416901,6.416901,0.211657,0.251778,0.263198,0.541289,calls/second,milliseconds
1779782183,165,500.664304,2.299796,1.477074,0.977278,2.059486,2.503420,3.551384,5.568400,6.416901,6.416901,0.211385,0.231647,0.258848,0.538290,calls/second,milliseconds
1779782184,165,500.664304,2.299796,1.477074,0.977278,2.059486,2.503420,3.551384,5.568400,6.416901,6.416901,0.211114,0.231647,0.258848,0.538290,calls/second,milliseconds
1779782185,165,500.664304,2.299796,1.477074,0.977278,2.059486,2.503420,3.551384,5.568400,6.416901,6.416901,0.210844,0.231647,0.258848,0.538290,calls/second,milliseconds
1779782186,165,500.664304,2.299796,1.477074,0.977278,2.059486,2.503420,3.551384,5.568400,6.416901,6.416901,0.210575,0.231647,0.258848,0.538290,calls/second,milliseconds
1779782187,165,500.664304,2.299796,1.477074,0.977278,2.059486,2.503420,3.551384,5.568400,6.416901,6.416901,0.210306,0.231647,0.258848,0.538290,calls/second,milliseconds
1779782188,165,500.664304,2.299796,1.477074,0.977278,2.059486,2.503420,3.551384,5.568400,6.416901,6.416901,0.210038,0.213126,0.254569,0.535308,calls/second,milliseconds
1779782189,170,500.664304,2.230868,1.477074,0.867021,1.971697,2.405844,3.292597,4.765082,5.568400,6.416901,0.216127,0.213126,0.254569,0.535308,calls/second,milliseconds
1779782190,170,500.664304,2.230868,1.477074,0.867021,1.971697,2.405844,3.292597,4.765082,5.568400,6.416901,0.215852,0.213126,0.254569,0.535308,calls/second,milliseconds
1779782191,170,500.664304,2.230868,1.477074,0.867021,1.971697,2.405844,3.292597,4.765082,5.568400,6.416901,0.215578,0.213126,0.254569,0.535308,calls/second,milliseconds
1779782192,170,500.664304,2.230868,1.477074,0.867021,1.971697,2.405844,3.292597,4.765082,5.568400,6.416901,0.215305,0.213126,0.254569,0.535308,calls/second,milliseconds
1779782193,170,500.664304,2.230868,1.477074,0.867021,1.971697,2.405844,3.292597,4.765082,5.568400,6.416901,0.215032,0.276041,0.266890,0.537883,calls/second,milliseconds
1779782194,170,500.664304,2.230868,1.477074,0.867021,1.971697,2.405844,3.292597,4.765082,5.568400,6.416901,0.214760,0.276041,0.266890,0.537883,calls/second,milliseconds
1779782195,170,500.664304,2.230868,1.477074,0.867021,1.971697,2.405844,3.292597,4.765082,5.568400,6.416901,0.214489,0.276041,0.266890,0.537883,calls/second,milliseconds
1779782196,170,500.664304,2.230868,1.477074,0.867021,1.971697,2.405844,3.292597,4.765082,5.568400,6.416901,0.214218,0.276041,0.266890,0.537883,calls/second,milliseconds
1779782197,170,500.664304,2.230868,1.477074,0.867021,1.971697,2.405844,3.292597,4.765082,5.568400,6.416901,0.213948,0.276041,0.266890,0.537883,calls/second,milliseconds
1779782198,170,500.664304,2.230868,1.477074,0.867021,1.971697,2.405844,3.292597,4.765082,5.568400,6.416901,0.213678,0.253970,0.262479,0.534903,calls/second,milliseconds
1779782199,175,500.664304,2.189689,1.477074,0.789034,1.946313,2.269038,3.124933,3.818497,5.568400,6.416901,0.219687,0.253970,0.262479,0.534903,calls/second,milliseconds
1779782200,175,500.664304,2.189689,1.477074,0.789034,1.946313,2.269038,3.124933,3.818497,5.568400,6.416901,0.219411,0.253970,0.262479,0.534903,calls/second,milliseconds
1779782201,175,500.664304,2.189689,1.477074,0.789034,1.946313,2.269038,3.124933,3.818497,5.568400,6.416901,0.219136,0.253970,0.262479,0.534903,calls/second,milliseconds
1779782202,175,500.664304,2.189689,1.477074,0.789034,1.946313,2.269038,3.124933,3.818497,5.568400,6.416901,0.218861,0.253970,0.262479,0.534903,calls/second,milliseconds
1779782203,175,500.664304,2.189689,1.477074,0.789034,1.946313,2.269038,3.124933,3.818497,5.568400,6.416901,0.218588,0.313619,0.274669,0.537479,calls/second,milliseconds
1779782204,175,500.664304,2.189689,1.477074,0.789034,1.946313,2.269038,3.124933,3.818497,5.568400,6.416901,0.218314,0.313619,0.274669,0.537479,calls/second,milliseconds
1779782205,175,500.664304,2.189689,1.477074,0.789034,1.946313,2.269038,3.124933,3.818497,5.568400,6.416901,0.218042,0.313619,0.274669,0.537479,calls/second,milliseconds
1779782206,175,500.664304,2.189689,1.477074,0.789034,1.946313,2.269038,3.124933,3.818497,5.568400,6.416901,0.217770,0.313619,0.274669,0.537479,calls/second,milliseconds
1779782207,175,500.664304,2.189689,1.477074,0.789034,1.946313,2.269038,3.124933,3.818497,5.568400,6.416901,0.217499,0.313619,0.274669,0.537479,calls/second,milliseconds
1779782208,175,500.664304,2.189689,1.477074,0.789034,1.946313,2.269038,3.124933,3.818497,5.568400,6.416901,0.217229,0.288543,0.270129,0.534502,calls/second,milliseconds
1779782209,175,500.664304,2.189689,1.477074,0.789034,1.946313,2.269038,3.124933,3.818497,5.568400,6.416901,0.216959,0.288543,0.270129,0.534502,calls/second,milliseconds
1779782210,175,500.664304,2.189689,1.477074,0.789034,1.946313,2.269038,3.124933,3.818497,5.568400,6.416901,0.216690,0.288543,0.270129,0.534502,calls/second,milliseconds
1779782211,175,500.664304,2.189689,1.477074,0.789034,1.946313,2.269038,3.124933,3.818497,5.568400,6.416901,0.216422,0.288543,0.270129,0.534502,calls/second,milliseconds
1779782212,175,500.664304,2.189689,1.477074,0.789034,1.946313,2.269038,3.124933,3.818497,5.568400,6.416901,0.216154,0.288543,0.270129,0.534502,calls/second,milliseconds
1779782213,175,500.664304,2.189689,1.477074,0.789034,1.946313,2.269038,3.124933,3.818497,5.568400,6.416901,0.215887,0.265473,0.265664,0.531540,calls/second,milliseconds
1779782214,175,500.664304,2.189689,1.477074,0.789034,1.946313,2.269038,3.124933,3.818497,5.568400,6.416901,0.215621,0.265473,0.265664,0.531540,calls/second,milliseconds
1779782215,175,500.664304,2.189689,1.477074,0.789034,1.946313,2.269038,3.124933,3.818497,5.568400,6.416901,0.215355,0.265473,0.265664,0.531540,calls/second,milliseconds
1779782216,175,500.664304,2.189689,1.477074,0.789034,1.946313,2.269038,3.124933,3.818497,5.568400,6.416901,0.215090,0.265473,0.265664,0.531540,calls/second,milliseconds
1779782217,175,500.664304,2.189689,1.477074,0.789034,1.946313,2.269038,3.124933,3.818497,5.568400,6.416901,0.214825,0.265473,0.265664,0.531540,calls/second,milliseconds
1779782218,175,500.664304,2.189689,1.477074,0.789034,1.946313,2.269038,3.124933,3.818497,5.568400,6.416901,0.214562,0.244247,0.261273,0.528596,calls/second,milliseconds
1779782219,175,500.664304,2.189689,1.477074,0.789034,1.946313,2.269038,3.124933,3.818497,5.568400,6.416901,0.214299,0.244247,0.261273,0.528596,calls/second,milliseconds
1779782220,175,500.664304,2.189689,1.477074,0.789034,1.946313,2.269038,3.124933,3.818497,5.568400,6.416901,0.214036,0.244247,0.261273,0.528596,calls/second,milliseconds
1779782221,175,500.664304,2.189689,1.477074,0.789034,1.946313,2.269038,3.124933,3.818497,5.568400,6.416901,0.213774,0.244247,0.261273,0.528596,calls/second,milliseconds
1779782222,175,500.664304,2.189689,1.477074,0.789034,1.946313,2.269038,3.124933,3.818497,5.568400,6.416901,0.213513,0.244247,0.261273,0.528596,calls/second,milliseconds
1779782223,175,500.664304,2.189689,1.477074,0.789034,1.946313,2.269038,3.124933,3.818497,5.568400,6.416901,0.213253,0.224718,0.256955,0.525667,calls/second,milliseconds
1779782224,175,500.664304,2.189689,1.477074,0.789034,1.946313,2.269038,3.124933,3.818497,5.568400,6.416901,0.212993,0.224718,0.256955,0.525667,calls/second,milliseconds
1779782225,175,500.664304,2.189689,1.477074,0.789034,1.946313,2.269038,3.124933,3.818497,5.568400,6.416901,0.212733,0.224718,0.256955,0.525667,calls/second,milliseconds
1779782226,180,500.664304,2.169994,1.477074,0.731375,1.918725,2.256109,3.140884,3.551384,4.765082,6.416901,0.218545,0.224718,0.256955,0.525667,calls/second,milliseconds
1779782227,180,500.664304,2.169994,1.477074,0.731375,1.918725,2.256109,3.140884,3.551384,4.765082,6.416901,0.218280,0.224718,0.256955,0.525667,calls/second,milliseconds
1779782228,180,500.664304,2.169994,1.477074,0.731375,1.918725,2.256109,3.140884,3.551384,4.765082,6.416901,0.218015,0.286706,0.269236,0.528295,calls/second,milliseconds
1779782229,180,500.664304,2.169994,1.477074,0.731375,1.918725,2.256109,3.140884,3.551384,4.765082,6.416901,0.217751,0.286706,0.269236,0.528295,calls/second,milliseconds
1779782230,180,500.664304,2.169994,1.477074,0.731375,1.918725,2.256109,3.140884,3.551384,4.765082,6.416901,0.217488,0.286706,0.269236,0.528295,calls/second,milliseconds
1779782231,180,500.664304,2.169994,1.477074,0.731375,1.918725,2.256109,3.140884,3.551384,4.765082,6.416901,0.217224,0.286706,0.269236,0.528295,calls/second,milliseconds
1779782232,180,500.664304,2.169994,1.477074,0.731375,1.918725,2.256109,3.140884,3.551384,4.765082,6.416901,0.216962,0.286706,0.269236,0.528295,calls/second,milliseconds
1779782233,180,500.664304,2.169994,1.477074,0.731375,1.918725,2.256109,3.140884,3.551384,4.765082,6.416901,0.216700,0.263782,0.264786,0.525368,calls/second,milliseconds
1779782234,180,500.664304,2.169994,1.477074,0.731375,1.918725,2.256109,3.140884,3.551384,4.765082,6.416901,0.216439,0.263782,0.264786,0.525368,calls/second,milliseconds
1779782235,180,500.664304,2.169994,1.477074,0.731375,1.918725,2.256109,3.140884,3.551384,4.765082,6.416901,0.216179,0.263782,0.264786,0.525368,calls/second,milliseconds
1779782236,185,500.664304,2.139476,1.477074,0.669272,1.895907,2.224658,3.140884,3.292597,4.765082,6.416901,0.221917,0.263782,0.264786,0.525368,calls/second,milliseconds
1779782237,185,500.664304,2.139476,1.477074,0.669272,1.895907,2.224658,3.140884,3.292597,4.765082,6.416901,0.221650,0.263782,0.264786,0.525368,calls/second,milliseconds
1779782238,185,500.664304,2.139476,1.477074,0.669272,1.895907,2.224658,3.140884,3.292597,4.765082,6.416901,0.221385,0.322647,0.276938,0.527998,calls/second,milliseconds
1779782239,185,500.664304,2.139476,1.477074,0.669272,1.895907,2.224658,3.140884,3.292597,4.765082,6.416901,0.221120,0.322647,0.276938,0.527998,calls/second,milliseconds
1779782240,185,500.664304,2.139476,1.477074,0.669272,1.895907,2.224658,3.140884,3.292597,4.765082,6.416901,0.220855,0.322647,0.276938,0.527998,calls/second,milliseconds
1779782241,185,500.664304,2.139476,1.477074,0.669272,1.895907,2.224658,3.140884,3.292597,4.765082,6.416901,0.220592,0.322647,0.276938,0.527998,calls/second,milliseconds
1779782242,185,500.664304,2.139476,1.477074,0.669272,1.895907,2.224658,3.140884,3.292597,4.765082,6.416901,0.220329,0.322647,0.276938,0.527998,calls/second,milliseconds
1779782243,185,500.664304,2.139476,1.477074,0.669272,1.895907,2.224658,3.140884,3.292597,4.765082,6.416901,0.220066,0.296850,0.272361,0.525073,calls/second,milliseconds
1779782244,185,500.664304,2.139476,1.477074,0.669272,1.895907,2.224658,3.140884,3.292597,4.765082,6.416901,0.219805,0.296850,0.272361,0.525073,calls/second,milliseconds
1779782245,185,500.664304,2.139476,1.477074,0.669272,1.895907,2.224658,3.140884,3.292597,4.765082,6.416901,0.219543,0.296850,0.272361,0.525073,calls/second,milliseconds
1779782246,185,500.664304,2.139476,1.477074,0.669272,1.895907,2.224658,3.140884,3.292597,4.765082,6.416901,0.219283,0.296850,0.272361,0.525073,calls/second,milliseconds
1779782247,185,500.664304,2.139476,1.477074,0.669272,1.895907,2.224658,3.140884,3.292597,4.765082,6.416901,0.219023,0.296850,0.272361,0.525073,calls/second,milliseconds
1779782248,185,500.664304,2.139476,1.477074,0.669272,1.895907,2.224658,3.140884,3.292597,4.765082,6.416901,0.218764,0.273115,0.267859,0.522164,calls/second,milliseconds
1779782249,185,500.664304,2.139476,1.477074,0.669272,1.895907,2.224658,3.140884,3.292597,4.765082,6.416901,0.218505,0.273115,0.267859,0.522164,calls/second,milliseconds
1779782250,185,500.664304,2.139476,1.477074,0.669272,1.895907,2.224658,3.140884,3.292597,4.765082,6.416901,0.218247,0.273115,0.267859,0.522164,calls/second,milliseconds
1779782251,185,500.664304,2.139476,1.477074,0.669272,1.895907,2.224658,3.140884,3.292597,4.765082,6.416901,0.217989,0.273115,0.267859,0.522164,calls/second,milliseconds
1779782252,185,500.664304,2.139476,1.477074,0.669272,1.895907,2.224658,3.140884,3.292597,4.765082,6.416901,0.217732,0.273115,0.267859,0.522164,calls/second,milliseconds
1779782253,190,500.664304,2.121852,1.477074,0.626978,1.881945,2.233017,3.124933,3.140884,3.818497,6.416901,0.223354,0.251278,0.263432,0.519271,calls/second,milliseconds
1779782254,190,500.664304,2.121852,1.477074,0.626978,1.881945,2.233017,3.124933,3.140884,3.818497,6.416901,0.223091,0.251278,0.263432,0.519271,calls/second,milliseconds
1779782255,190,500.664304,2.121852,1.477074,0.626978,1.881945,2.233017,3.124933,3.140884,3.818497,6.416901,0.222829,0.251278,0.263432,0.519271,calls/second,milliseconds
1779782256,190,500.664304,2.121852,1.477074,0.626978,1.881945,2.233017,3.124933,3.140884,3.818497,6.416901,0.222568,0.251278,0.263432,0.519271,calls/second,milliseconds
1779782257,190,500.664304,2.121852,1.477074,0.626978,1.881945,2.233017,3.124933,3.140884,3.818497,6.416901,0.222307,0.251278,0.263432,0.519271,calls/second,milliseconds
1779782258,190,500.664304,2.121852,1.477074,0.626978,1.881945,2.233017,3.124933,3.140884,3.818497,6.416901,0.222047,0.311142,0.275606,0.521934,calls/second,milliseconds
1779782259,190,500.664304,2.121852,1.477074,0.626978,1.881945,2.233017,3.124933,3.140884,3.818497,6.416901,0.221787,0.311142,0.275606,0.521934,calls/second,milliseconds
1779782260,190,500.664304,2.121852,1.477074,0.626978,1.881945,2.233017,3.124933,3.140884,3.818497,6.416901,0.221528,0.311142,0.275606,0.521934,calls/second,milliseconds
1779782261,190,500.664304,2.121852,1.477074,0.626978,1.881945,2.233017,3.124933,3.140884,3.818497,6.416901,0.221270,0.311142,0.275606,0.521934,calls/second,milliseconds
1779782262,190,500.664304,2.121852,1.477074,0.626978,1.881945,2.233017,3.124933,3.140884,3.818497,6.416901,0.221012,0.311142,0.275606,0.521934,calls/second,milliseconds
1779782263,195,500.664304,2.161972,1.477074,0.587072,1.988562,2.283206,3.017218,3.140884,3.551384,6.416901,0.226564,0.286265,0.271051,0.519042,calls/second,milliseconds
1779782264,195,500.664304,2.161972,1.477074,0.587072,1.988562,2.283206,3.017218,3.140884,3.551384,6.416901,0.226301,0.286265,0.271051,0.519042,calls/second,milliseconds
1779782265,195,500.664304,2.161972,1.477074,0.587072,1.988562,2.283206,3.017218,3.140884,3.551384,6.416901,0.226038,0.286265,0.271051,0.519042,calls/second,milliseconds
1779782266,195,500.664304,2.161972,1.477074,0.587072,1.988562,2.283206,3.017218,3.140884,3.551384,6.416901,0.225776,0.286265,0.271051,0.519042,calls/second,milliseconds
1779782267,195,500.664304,2.161972,1.477074,0.587072,1.988562,2.283206,3.017218,3.140884,3.551384,6.416901,0.225515,0.286265,0.271051,0.519042,calls/second,milliseconds
1779782268,195,500.664304,2.161972,1.477074,0.587072,1.988562,2.283206,3.017218,3.140884,3.551384,6.416901,0.225254,0.343332,0.283099,0.521707,calls/second,milliseconds
1779782269,195,500.664304,2.161972,1.477074,0.587072,1.988562,2.283206,3.017218,3.140884,3.551384,6.416901,0.224994,0.343332,0.283099,0.521707,calls/second,milliseconds
1779782270,195,500.664304,2.161972,1.477074,0.587072,1.988562,2.283206,3.017218,3.140884,3.551384,6.416901,0.224734,0.343332,0.283099,0.521707,calls/second,milliseconds
1779782271,195,500.664304,2.161972,1.477074,0.587072,1.988562,2.283206,3.017218,3.140884,3.551384,6.416901,0.224475,0.343332,0.283099,0.521707,calls/second,milliseconds
1779782272,195,500.664304,2.161972,1.477074,0.587072,1.988562,2.283206,3.017218,3.140884,3.551384,6.416901,0.224216,0.343332,0.283099,0.521707,calls/second,milliseconds
1779782273,195,500.664304,2.161972,1.477074,0.587072,1.988562,2.283206,3.017218,3.140884,3.551384,6.416901,0.223959,0.315881,0.278420,0.518817,calls/second,milliseconds
1779782274,195,500.664304,2.161972,1.477074,0.587072,1.988562,2.283206,3.017218,3.140884,3.551384,6.416901,0.223701,0.315881,0.278420,0.518817,calls/second,milliseconds
1779782275,195,500.664304,2.161972,1.477074,0.587072,1.988562,2.283206,3.017218,3.140884,3.551384,6.416901,0.223445,0.315881,0.278420,0.518817,calls/second,milliseconds
1779782276,195,500.664304,2.161972,1.477074,0.587072,1.988562,2.283206,3.017218,3.140884,3.551384,6.416901,0.223189,0.315881,0.278420,0.518817,calls/second,milliseconds
1779782277,195,500.664304,2.161972,1.477074,0.587072,1.988562,2.283206,3.017218,3.140884,3.551384,6.416901,0.222933,0.315881,0.278420,0.518817,calls/second,milliseconds
1779782278,195,500.664304,2.161972,1.477074,0.587072,1.988562,2.283206,3.017218,3.140884,3.551384,6.416901,0.222678,0.290624,0.273818,0.515942,calls/second,milliseconds
1779782279,195,500.664304,2.161972,1.477074,0.587072,1.988562,2.283206,3.017218,3.140884,3.551384,6.416901,0.222424,0.290624,0.273818,0.515942,calls/second,milliseconds
1779782280,200,500.664304,2.110673,1.477074,0.548084,1.943235,2.256109,3.017218,3.140884,3.292597,6.416901,0.227867,0.290624,0.273818,0.515942,calls/second,milliseconds
1779782281,200,500.664304,2.110673,1.477074,0.548084,1.943235,2.256109,3.017218,3.140884,3.292597,6.416901,0.227607,0.290624,0.273818,0.515942,calls/second,milliseconds
1779782282,200,500.664304,2.110673,1.477074,0.548084,1.943235,2.256109,3.017218,3.140884,3.292597,6.416901,0.227348,0.290624,0.273818,0.515942,calls/second,milliseconds
1779782283,200,500.664304,2.110673,1.477074,0.548084,1.943235,2.256109,3.017218,3.140884,3.292597,6.416901,0.227089,0.347343,0.285821,0.518624,calls/second,milliseconds
1779782284,200,500.664304,2.110673,1.477074,0.548084,1.943235,2.256109,3.017218,3.140884,3.292597,6.416901,0.226831,0.347343,0.285821,0.518624,calls/second,milliseconds
1779782285,200,500.664304,2.110673,1.477074,0.548084,1.943235,2.256109,3.017218,3.140884,3.292597,6.416901,0.226574,0.347343,0.285821,0.518624,calls/second,milliseconds
1779782286,200,500.664304,2.110673,1.477074,0.548084,1.943235,2.256109,3.017218,3.140884,3.292597,6.416901,0.226317,0.347343,0.285821,0.518624,calls/second,milliseconds
1779782287,200,500.664304,2.110673,1.477074,0.548084,1.943235,2.256109,3.017218,3.140884,3.292597,6.416901,0.226061,0.347343,0.285821,0.518624,calls/second,milliseconds
1779782288,200,500.664304,2.110673,1.477074,0.548084,1.943235,2.256109,3.017218,3.140884,3.292597,6.416901,0.225806,0.319571,0.281097,0.515751,calls/second,milliseconds
1779782289,200,500.664304,2.110673,1.477074,0.548084,1.943235,2.256109,3.017218,3.140884,3.292597,6.416901,0.225551,0.319571,0.281097,0.515751,calls/second,milliseconds
1779782290,205,500.664304,2.075084,1.477074,0.523797,1.923754,2.233017,3.017218,3.140884,3.140884,6.416901,0.230929,0.319571,0.281097,0.515751,calls/second,milliseconds
1779782291,205,500.664304,2.075084,1.477074,0.523797,1.923754,2.233017,3.017218,3.140884,3.140884,6.416901,0.230668,0.319571,0.281097,0.515751,calls/second,milliseconds
1779782292,205,500.664304,2.075084,1.477074,0.523797,1.923754,2.233017,3.017218,3.140884,3.140884,6.416901,0.230409,0.319571,0.281097,0.515751,calls/second,milliseconds
1779782293,205,500.664304,2.075084,1.477074,0.523797,1.923754,2.233017,3.017218,3.140884,3.140884,6.416901,0.230150,0.373975,0.292979,0.518434,calls/second,milliseconds
1779782294,205,500.664304,2.075084,1.477074,0.523797,1.923754,2.233017,3.017218,3.140884,3.140884,6.416901,0.229891,0.373975,0.292979,0.518434,calls/second,milliseconds
1779782295,205,500.664304,2.075084,1.477074,0.523797,1.923754,2.233017,3.017218,3.140884,3.140884,6.416901,0.229633,0.373975,0.292979,0.518434,calls/second,milliseconds
1779782296,205,500.664304,2.075084,1.477074,0.523797,1.923754,2.233017,3.017218,3.140884,3.140884,6.416901,0.229376,0.373975,0.292979,0.518434,calls/second,milliseconds
1779782297,205,500.664304,2.075084,1.477074,0.523797,1.923754,2.233017,3.017218,3.140884,3.140884,6.416901,0.229119,0.373975,0.292979,0.518434,calls/second,milliseconds
1779782298,205,500.664304,2.075084,1.477074,0.523797,1.923754,2.233017,3.017218,3.140884,3.140884,6.416901,0.228863,0.344073,0.288137,0.515561,calls/second,milliseconds
1779782299,205,500.664304,2.075084,1.477074,0.523797,1.923754,2.233017,3.017218,3.140884,3.140884,6.416901,0.228608,0.344073,0.288137,0.515561,calls/second,milliseconds
1779782300,205,500.664304,2.075084,1.477074,0.523797,1.923754,2.233017,3.017218,3.140884,3.140884,6.416901,0.228353,0.344073,0.288137,0.515561,calls/second,milliseconds
1779782301,205,500.664304,2.075084,1.477074,0.523797,1.923754,2.233017,3.017218,3.140884,3.140884,6.416901,0.228098,0.344073,0.288137,0.515561,calls/second,milliseconds
1779782302,205,500.664304,2.075084,1.477074,0.523797,1.923754,2.233017,3.017218,3.140884,3.140884,6.416901,0.227845,0.344073,0.288137,0.515561,calls/second,milliseconds
1779782303,205,500.664304,2.075084,1.477074,0.523797,1.923754,2.233017,3.017218,3.140884,3.140884,6.416901,0.227591,0.316563,0.283374,0.512705,calls/second,milliseconds
1779782304,205,500.664304,2.075084,1.477074,0.523797,1.923754,2.233017,3.017218,3.140884,3.140884,6.416901,0.227339,0.316563,0.283374,0.512705,calls/second,milliseconds
1779782305,205,500.664304,2.075084,1.477074,0.523797,1.923754,2.233017,3.017218,3.140884,3.140884,6.416901,0.227086,0.316563,0.283374,0.512705,calls/second,milliseconds
1779782306,205,500.664304,2.075084,1.477074,0.523797,1.923754,2.233017,3.017218,3.140884,3.140884,6.416901,0.226835,0.316563,0.283374,0.512705,calls/second,milliseconds
1779782307,205,500.664304,2.075084,1.477074,0.523797,1.923754,2.233017,3.017218,3.140884,3.140884,6.416901,0.226584,0.316563,0.283374,0.512705,calls/second,milliseconds
1779782308,205,500.664304,2.075084,1.477074,0.523797,1.923754,2.233017,3.017218,3.140884,3.140884,6.416901,0.226333,0.291252,0.278690,0.509865,calls/second,milliseconds
1779782309,205,500.664304,2.075084,1.477074,0.523797,1.923754,2.233017,3.017218,3.140884,3.140884,6.416901,0.226083,0.291252,0.278690,0.509865,calls/second,milliseconds
1779782310,205,500.664304,2.075084,1.477074,0.523797,1.923754,2.233017,3.017218,3.140884,3.140884,6.416901,0.225834,0.291252,0.278690,0.509865,calls/second,milliseconds
1779782311,205,500.664304,2.075084,1.477074,0.523797,1.923754,2.233017,3.017218,3.140884,3.140884,6.416901,0.225585,0.291252,0.278690,0.509865,calls/second,milliseconds
1779782312,205,500.664304,2.075084,1.477074,0.523797,1.923754,2.233017,3.017218,3.140884,3.140884,6.416901,0.225337,0.291252,0.278690,0.509865,calls/second,milliseconds
1779782313,205,500.664304,2.075084,1.477074,0.523797,1.923754,2.233017,3.017218,3.140884,3.140884,6.416901,0.225089,0.267965,0.274084,0.507040,calls/second,milliseconds
1779782314,205,500.664304,2.075084,1.477074,0.523797,1.923754,2.233017,3.017218,3.140884,3.140884,6.416901,0.224842,0.267965,0.274084,0.507040,calls/second,milliseconds
1779782315,205,500.664304,2.075084,1.477074,0.523797,1.923754,2.233017,3.017218,3.140884,3.140884,6.416901,0.224595,0.267965,0.274084,0.507040,calls/second,milliseconds
1779782316,205,500.664304,2.075084,1.477074,0.523797,1.923754,2.233017,3.017218,3.140884,3.140884,6.416901,0.224349,0.267965,0.274084,0.507040,calls/second,milliseconds
1779782317,210,500.664304,2.048648,1.477074,0.518913,1.881985,2.233017,2.877578,3.124933,3.140884,6.416901,0.229569,0.267965,0.274084,0.507040,calls/second,milliseconds
1779782318,210,500.664304,2.048648,1.477074,0.518913,1.881985,2.233017,2.877578,3.124933,3.140884,6.416901,0.229318,0.326495,0.286082,0.509771,calls/second,milliseconds
1779782319,210,500.664304,2.048648,1.477074,0.518913,1.881985,2.233017,2.877578,3.124933,3.140884,6.416901,0.229068,0.326495,0.286082,0.509771,calls/second,milliseconds
1779782320,210,500.664304,2.048648,1.477074,0.518913,1.881985,2.233017,2.877578,3.124933,3.140884,6.416901,0.228818,0.326495,0.286082,0.509771,calls/second,milliseconds
1779782321,210,500.664304,2.048648,1.477074,0.518913,1.881985,2.233017,2.877578,3.124933,3.140884,6.416901,0.228568,0.326495,0.286082,0.509771,calls/second,milliseconds
1779782322,210,500.664304,2.048648,1.477074,0.518913,1.881985,2.233017,2.877578,3.124933,3.140884,6.416901,0.228320,0.326495,0.286082,0.509771,calls/second,milliseconds
1779782323,210,500.664304,2.048648,1.477074,0.518913,1.881985,2.233017,2.877578,3.124933,3.140884,6.416901,0.228071,0.300390,0.281354,0.506947,calls/second,milliseconds
1779782324,210,500.664304,2.048648,1.477074,0.518913,1.881985,2.233017,2.877578,3.124933,3.140884,6.416901,0.227823,0.300390,0.281354,0.506947,calls/second,milliseconds
1779782325,210,500.664304,2.048648,1.477074,0.518913,1.881985,2.233017,2.877578,3.124933,3.140884,6.416901,0.227576,0.300390,0.281354,0.506947,calls/second,milliseconds
1779782326,210,500.664304,2.048648,1.477074,0.518913,1.881985,2.233017,2.877578,3.124933,3.140884,6.416901,0.227330,0.300390,0.281354,0.506947,calls/second,milliseconds
1779782327,215,500.664304,1.968496,1.476122,0.498008,1.836022,2.123931,2.870289,3.017218,3.140884,5.568400,0.232490,0.300390,0.281354,0.506947,calls/second,milliseconds
1779782328,215,500.664304,1.968496,1.476122,0.498008,1.836022,2.123931,2.870289,3.017218,3.140884,5.568400,0.232239,0.356328,0.293232,0.509678,calls/second,milliseconds
1779782329,215,500.664304,1.968496,1.476122,0.498008,1.836022,2.123931,2.870289,3.017218,3.140884,5.568400,0.231988,0.356328,0.293232,0.509678,calls/second,milliseconds
1779782330,215,500.664304,1.968496,1.476122,0.498008,1.836022,2.123931,2.870289,3.017218,3.140884,5.568400,0.231737,0.356328,0.293232,0.509678,calls/second,milliseconds
1779782331,215,500.664304,1.968496,1.476122,0.498008,1.836022,2.123931,2.870289,3.017218,3.140884,5.568400,0.231487,0.356328,0.293232,0.509678,calls/second,milliseconds
1779782332,215,500.664304,1.968496,1.476122,0.498008,1.836022,2.123931,2.870289,3.017218,3.140884,5.568400,0.231238,0.356328,0.293232,0.509678,calls/second,milliseconds
1779782333,215,500.664304,1.968496,1.476122,0.498008,1.836022,2.123931,2.870289,3.017218,3.140884,5.568400,0.230989,0.327837,0.288385,0.506855,calls/second,milliseconds
1779782334,215,500.664304,1.968496,1.476122,0.498008,1.836022,2.123931,2.870289,3.017218,3.140884,5.568400,0.230741,0.327837,0.288385,0.506855,calls/second,milliseconds
1779782335,215,500.664304,1.968496,1.476122,0.498008,1.836022,2.123931,2.870289,3.017218,3.140884,5.568400,0.230493,0.327837,0.288385,0.506855,calls/second,milliseconds
1779782336,215,500.664304,1.968496,1.476122,0.498008,1.836022,2.123931,2.870289,3.017218,3.140884,5.568400,0.230246,0.327837,0.288385,0.506855,calls/second,milliseconds
