t,count,max,mean,min,stddev,p50,p75,p95,p98,p99,p999,mean_rate,m1_rate,m5_rate,m15_rate,rate_unit,duration_unit
1778486003,1,4.000000,4.000000,4.000000,0.000000,4.000000,4.000000,4.000000,4.000000,4.000000,4.000000,2.276218,0.000000,0.000000,0.000000,calls/second,milliseconds
1778486004,1,4.000000,4.000000,4.000000,0.000000,4.000000,4.000000,4.000000,4.000000,4.000000,4.000000,0.692019,0.000000,0.000000,0.000000,calls/second,milliseconds
1778486005,1,4.000000,4.000000,4.000000,0.000000,4.000000,4.000000,4.000000,4.000000,4.000000,4.000000,0.408319,0.000000,0.000000,0.000000,calls/second,milliseconds
1778486006,1,4.000000,4.000000,4.000000,0.000000,4.000000,4.000000,4.000000,4.000000,4.000000,4.000000,0.289479,0.000000,0.000000,0.000000,calls/second,milliseconds
1778486007,1,4.000000,4.000000,4.000000,0.000000,4.000000,4.000000,4.000000,4.000000,4.000000,4.000000,0.224285,0.000000,0.000000,0.000000,calls/second,milliseconds
1778486008,1,4.000000,4.000000,4.000000,0.000000,4.000000,4.000000,4.000000,4.000000,4.000000,4.000000,0.183065,0.200000,0.200000,0.200000,calls/second,milliseconds
1778486009,1,4.000000,4.000000,4.000000,0.000000,4.000000,4.000000,4.000000,4.000000,4.000000,4.000000,0.154652,0.200000,0.200000,0.200000,calls/second,milliseconds
1778486010,1,4.000000,4.000000,4.000000,0.000000,4.000000,4.000000,4.000000,4.000000,4.000000,4.000000,0.133864,0.200000,0.200000,0.200000,calls/second,milliseconds
1778486011,1,4.000000,4.000000,4.000000,0.000000,4.000000,4.000000,4.000000,4.000000,4.000000,4.000000,0.118000,0.200000,0.200000,0.200000,calls/second,milliseconds
1778486012,1,4.000000,4.000000,4.000000,0.000000,4.000000,4.000000,4.000000,4.000000,4.000000,4.000000,0.105505,0.200000,0.200000,0.200000,calls/second,milliseconds
1778486013,1,4.000000,4.000000,4.000000,0.000000,4.000000,4.000000,4.000000,4.000000,4.000000,4.000000,0.095407,0.184009,0.196694,0.198892,calls/second,milliseconds
1778486014,1,4.000000,4.000000,4.000000,0.000000,4.000000,4.000000,4.000000,4.000000,4.000000,4.000000,0.087071,0.184009,0.196694,0.198892,calls/second,milliseconds
1778486015,1,4.000000,4.000000,4.000000,0.000000,4.000000,4.000000,4.000000,4.000000,4.000000,4.000000,0.080077,0.184009,0.196694,0.198892,calls/second,milliseconds
1778486016,1,4.000000,4.000000,4.000000,0.000000,4.000000,4.000000,4.000000,4.000000,4.000000,4.000000,0.074125,0.184009,0.196694,0.198892,calls/second,milliseconds
1778486017,1,4.000000,4.000000,4.000000,0.000000,4.000000,4.000000,4.000000,4.000000,4.000000,4.000000,0.068995,0.184009,0.196694,0.198892,calls/second,milliseconds
1778486018,1,4.000000,4.000000,4.000000,0.000000,4.000000,4.000000,4.000000,4.000000,4.000000,4.000000,0.064529,0.169296,0.193443,0.197790,calls/second,milliseconds
1778486019,1,4.000000,4.000000,4.000000,0.000000,4.000000,4.000000,4.000000,4.000000,4.000000,4.000000,0.060605,0.169296,0.193443,0.197790,calls/second,milliseconds
1778486020,1,4.000000,4.000000,4.000000,0.000000,4.000000,4.000000,4.000000,4.000000,4.000000,4.000000,0.057134,0.169296,0.193443,0.197790,calls/second,milliseconds
1778486021,1,4.000000,4.000000,4.000000,0.000000,4.000000,4.000000,4.000000,4.000000,4.000000,4.000000,0.054039,0.169296,0.193443,0.197790,calls/second,milliseconds
1778486022,1,4.000000,4.000000,4.000000,0.000000,4.000000,4.000000,4.000000,4.000000,4.000000,4.000000,0.051262,0.169296,0.193443,0.197790,calls/second,milliseconds
1778486023,1,4.000000,4.000000,4.000000,0.000000,4.000000,4.000000,4.000000,4.000000,4.000000,4.000000,0.048755,0.155760,0.190246,0.196694,calls/second,milliseconds
1778486024,1,4.000000,4.000000,4.000000,0.000000,4.000000,4.000000,4.000000,4.000000,4.000000,4.000000,0.046481,0.155760,0.190246,0.196694,calls/second,milliseconds
1778486025,1,4.000000,4.000000,4.000000,0.000000,4.000000,4.000000,4.000000,4.000000,4.000000,4.000000,0.044410,0.155760,0.190246,0.196694,calls/second,milliseconds
1778486026,1,4.000000,4.000000,4.000000,0.000000,4.000000,4.000000,4.000000,4.000000,4.000000,4.000000,0.042517,0.155760,0.190246,0.196694,calls/second,milliseconds
1778486027,1,4.000000,4.000000,4.000000,0.000000,4.000000,4.000000,4.000000,4.000000,4.000000,4.000000,0.040779,0.155760,0.190246,0.196694,calls/second,milliseconds
1778486028,1,4.000000,4.000000,4.000000,0.000000,4.000000,4.000000,4.000000,4.000000,4.000000,4.000000,0.039177,0.143306,0.187101,0.195605,calls/second,milliseconds
1778486029,1,4.000000,4.000000,4.000000,0.000000,4.000000,4.000000,4.000000,4.000000,4.000000,4.000000,0.037697,0.143306,0.187101,0.195605,calls/second,milliseconds
1778486030,1,4.000000,4.000000,4.000000,0.000000,4.000000,4.000000,4.000000,4.000000,4.000000,4.000000,0.036325,0.143306,0.187101,0.195605,calls/second,milliseconds
1778486031,1,4.000000,4.000000,4.000000,0.000000,4.000000,4.000000,4.000000,4.000000,4.000000,4.000000,0.035049,0.143306,0.187101,0.195605,calls/second,milliseconds
1778486032,1,4.000000,4.000000,4.000000,0.000000,4.000000,4.000000,4.000000,4.000000,4.000000,4.000000,0.033859,0.143306,0.187101,0.195605,calls/second,milliseconds
1778486033,1,4.000000,4.000000,4.000000,0.000000,4.000000,4.000000,4.000000,4.000000,4.000000,4.000000,0.032747,0.131848,0.184009,0.194521,calls/second,milliseconds
1778486034,1,4.000000,4.000000,4.000000,0.000000,4.000000,4.000000,4.000000,4.000000,4.000000,4.000000,0.031706,0.131848,0.184009,0.194521,calls/second,milliseconds
1778486035,1,4.000000,4.000000,4.000000,0.000000,4.000000,4.000000,4.000000,4.000000,4.000000,4.000000,0.030729,0.131848,0.184009,0.194521,calls/second,milliseconds
1778486036,1,4.000000,4.000000,4.000000,0.000000,4.000000,4.000000,4.000000,4.000000,4.000000,4.000000,0.029811,0.131848,0.184009,0.194521,calls/second,milliseconds
1778486037,1,4.000000,4.000000,4.000000,0.000000,4.000000,4.000000,4.000000,4.000000,4.000000,4.000000,0.028946,0.131848,0.184009,0.194521,calls/second,milliseconds
1778486038,1,4.000000,4.000000,4.000000,0.000000,4.000000,4.000000,4.000000,4.000000,4.000000,4.000000,0.028130,0.121306,0.180967,0.193443,calls/second,milliseconds
1778486039,1,4.000000,4.000000,4.000000,0.000000,4.000000,4.000000,4.000000,4.000000,4.000000,4.000000,0.027359,0.121306,0.180967,0.193443,calls/second,milliseconds
1778486040,1,4.000000,4.000000,4.000000,0.000000,4.000000,4.000000,4.000000,4.000000,4.000000,4.000000,0.026629,0.121306,0.180967,0.193443,calls/second,milliseconds
1778486041,1,4.000000,4.000000,4.000000,0.000000,4.000000,4.000000,4.000000,4.000000,4.000000,4.000000,0.025936,0.121306,0.180967,0.193443,calls/second,milliseconds
1778486042,1,4.000000,4.000000,4.000000,0.000000,4.000000,4.000000,4.000000,4.000000,4.000000,4.000000,0.025279,0.121306,0.180967,0.193443,calls/second,milliseconds
1778486043,1,4.000000,4.000000,4.000000,0.000000,4.000000,4.000000,4.000000,4.000000,4.000000,4.000000,0.024654,0.111607,0.177976,0.192372,calls/second,milliseconds
1778486044,1,4.000000,4.000000,4.000000,0.000000,4.000000,4.000000,4.000000,4.000000,4.000000,4.000000,0.024060,0.111607,0.177976,0.192372,calls/second,milliseconds
1778486045,1,4.000000,4.000000,4.000000,0.000000,4.000000,4.000000,4.000000,4.000000,4.000000,4.000000,0.023493,0.111607,0.177976,0.192372,calls/second,milliseconds
1778486046,1,4.000000,4.000000,4.000000,0.000000,4.000000,4.000000,4.000000,4.000000,4.000000,4.000000,0.022952,0.111607,0.177976,0.192372,calls/second,milliseconds
1778486047,1,4.000000,4.000000,4.000000,0.000000,4.000000,4.000000,4.000000,4.000000,4.000000,4.000000,0.022436,0.111607,0.177976,0.192372,calls/second,milliseconds
1778486048,2,7.000000,5.987866,4.000000,1.418445,7.000000,7.000000,7.000000,7.000000,7.000000,7.000000,0.043879,0.102683,0.175035,0.191306,calls/second,milliseconds
1778486049,2,7.000000,5.987866,4.000000,1.418445,7.000000,7.000000,7.000000,7.000000,7.000000,7.000000,0.042935,0.102683,0.175035,0.191306,calls/second,milliseconds
1778486050,2,7.000000,5.987866,4.000000,1.418445,7.000000,7.000000,7.000000,7.000000,7.000000,7.000000,0.042031,0.102683,0.175035,0.191306,calls/second,milliseconds
1778486051,2,7.000000,5.987866,4.000000,1.418445,7.000000,7.000000,7.000000,7.000000,7.000000,7.000000,0.041164,0.102683,0.175035,0.191306,calls/second,milliseconds
1778486052,2,7.000000,5.987866,4.000000,1.418445,7.000000,7.000000,7.000000,7.000000,7.000000,7.000000,0.040332,0.102683,0.175035,0.191306,calls/second,milliseconds
1778486053,2,7.000000,5.987866,4.000000,1.418445,7.000000,7.000000,7.000000,7.000000,7.000000,7.000000,0.039533,0.110464,0.175447,0.191354,calls/second,milliseconds
1778486054,2,7.000000,5.987866,4.000000,1.418445,7.000000,7.000000,7.000000,7.000000,7.000000,7.000000,0.038765,0.110464,0.175447,0.191354,calls/second,milliseconds
1778486055,2,7.000000,5.987866,4.000000,1.418445,7.000000,7.000000,7.000000,7.000000,7.000000,7.000000,0.038027,0.110464,0.175447,0.191354,calls/second,milliseconds
1778486056,2,7.000000,5.987866,4.000000,1.418445,7.000000,7.000000,7.000000,7.000000,7.000000,7.000000,0.037316,0.110464,0.175447,0.191354,calls/second,milliseconds
1778486057,2,7.000000,5.987866,4.000000,1.418445,7.000000,7.000000,7.000000,7.000000,7.000000,7.000000,0.036631,0.110464,0.175447,0.191354,calls/second,milliseconds
1778486058,2,7.000000,5.987866,4.000000,1.418445,7.000000,7.000000,7.000000,7.000000,7.000000,7.000000,0.035970,0.101632,0.172547,0.190294,calls/second,milliseconds
1778486059,2,7.000000,5.987866,4.000000,1.418445,7.000000,7.000000,7.000000,7.000000,7.000000,7.000000,0.035334,0.101632,0.172547,0.190294,calls/second,milliseconds
1778486060,2,7.000000,5.987866,4.000000,1.418445,7.000000,7.000000,7.000000,7.000000,7.000000,7.000000,0.034719,0.101632,0.172547,0.190294,calls/second,milliseconds
1778486061,2,7.000000,5.987866,4.000000,1.418445,7.000000,7.000000,7.000000,7.000000,7.000000,7.000000,0.034126,0.101632,0.172547,0.190294,calls/second,milliseconds
1778486062,2,7.000000,5.987866,4.000000,1.418445,7.000000,7.000000,7.000000,7.000000,7.000000,7.000000,0.033552,0.101632,0.172547,0.190294,calls/second,milliseconds
1778486063,2,7.000000,5.987866,4.000000,1.418445,7.000000,7.000000,7.000000,7.000000,7.000000,7.000000,0.032998,0.093506,0.169695,0.189240,calls/second,milliseconds
1778486064,2,7.000000,5.987866,4.000000,1.418445,7.000000,7.000000,7.000000,7.000000,7.000000,7.000000,0.032461,0.093506,0.169695,0.189240,calls/second,milliseconds
1778486065,2,7.000000,5.987866,4.000000,1.418445,7.000000,7.000000,7.000000,7.000000,7.000000,7.000000,0.031942,0.093506,0.169695,0.189240,calls/second,milliseconds
1778486066,2,7.000000,5.987866,4.000000,1.418445,7.000000,7.000000,7.000000,7.000000,7.000000,7.000000,0.031438,0.093506,0.169695,0.189240,calls/second,milliseconds
1778486067,2,7.000000,5.987866,4.000000,1.418445,7.000000,7.000000,7.000000,7.000000,7.000000,7.000000,0.030951,0.093506,0.169695,0.189240,calls/second,milliseconds
1778486068,2,7.000000,5.987866,4.000000,1.418445,7.000000,7.000000,7.000000,7.000000,7.000000,7.000000,0.030478,0.086030,0.166891,0.188191,calls/second,milliseconds
1778486069,2,7.000000,5.987866,4.000000,1.418445,7.000000,7.000000,7.000000,7.000000,7.000000,7.000000,0.030020,0.086030,0.166891,0.188191,calls/second,milliseconds
1778486070,2,7.000000,5.987866,4.000000,1.418445,7.000000,7.000000,7.000000,7.000000,7.000000,7.000000,0.029575,0.086030,0.166891,0.188191,calls/second,milliseconds
1778486071,2,7.000000,5.987866,4.000000,1.418445,7.000000,7.000000,7.000000,7.000000,7.000000,7.000000,0.029143,0.086030,0.166891,0.188191,calls/second,milliseconds
1778486072,2,7.000000,5.987866,4.000000,1.418445,7.000000,7.000000,7.000000,7.000000,7.000000,7.000000,0.028724,0.086030,0.166891,0.188191,calls/second,milliseconds
1778486073,2,7.000000,5.987866,4.000000,1.418445,7.000000,7.000000,7.000000,7.000000,7.000000,7.000000,0.028316,0.079151,0.164132,0.187149,calls/second,milliseconds
1778486074,2,7.000000,5.987866,4.000000,1.418445,7.000000,7.000000,7.000000,7.000000,7.000000,7.000000,0.027920,0.079151,0.164132,0.187149,calls/second,milliseconds
1778486075,2,7.000000,5.987866,4.000000,1.418445,7.000000,7.000000,7.000000,7.000000,7.000000,7.000000,0.027535,0.079151,0.164132,0.187149,calls/second,milliseconds
1778486076,2,7.000000,5.987866,4.000000,1.418445,7.000000,7.000000,7.000000,7.000000,7.000000,7.000000,0.027160,0.079151,0.164132,0.187149,calls/second,milliseconds
1778486077,2,7.000000,5.987866,4.000000,1.418445,7.000000,7.000000,7.000000,7.000000,7.000000,7.000000,0.026796,0.079151,0.164132,0.187149,calls/second,milliseconds
1778486078,2,7.000000,5.987866,4.000000,1.418445,7.000000,7.000000,7.000000,7.000000,7.000000,7.000000,0.026441,0.072823,0.161419,0.186112,calls/second,milliseconds
1778486079,2,7.000000,5.987866,4.000000,1.418445,7.000000,7.000000,7.000000,7.000000,7.000000,7.000000,0.026095,0.072823,0.161419,0.186112,calls/second,milliseconds
1778486080,2,7.000000,5.987866,4.000000,1.418445,7.000000,7.000000,7.000000,7.000000,7.000000,7.000000,0.025759,0.072823,0.161419,0.186112,calls/second,milliseconds
1778486081,2,7.000000,5.987866,4.000000,1.418445,7.000000,7.000000,7.000000,7.000000,7.000000,7.000000,0.025430,0.072823,0.161419,0.186112,calls/second,milliseconds
1778486082,2,7.000000,5.987866,4.000000,1.418445,7.000000,7.000000,7.000000,7.000000,7.000000,7.000000,0.025110,0.072823,0.161419,0.186112,calls/second,milliseconds
1778486083,2,7.000000,5.987866,4.000000,1.418445,7.000000,7.000000,7.000000,7.000000,7.000000,7.000000,0.024798,0.067000,0.158751,0.185081,calls/second,milliseconds
1778486084,2,7.000000,5.987866,4.000000,1.418445,7.000000,7.000000,7.000000,7.000000,7.000000,7.000000,0.024494,0.067000,0.158751,0.185081,calls/second,milliseconds
1778486085,2,7.000000,5.987866,4.000000,1.418445,7.000000,7.000000,7.000000,7.000000,7.000000,7.000000,0.024197,0.067000,0.158751,0.185081,calls/second,milliseconds
1778486086,2,7.000000,5.987866,4.000000,1.418445,7.000000,7.000000,7.000000,7.000000,7.000000,7.000000,0.023908,0.067000,0.158751,0.185081,calls/second,milliseconds
1778486087,2,7.000000,5.987866,4.000000,1.418445,7.000000,7.000000,7.000000,7.000000,7.000000,7.000000,0.023625,0.067000,0.158751,0.185081,calls/second,milliseconds
1778486088,2,7.000000,5.987866,4.000000,1.418445,7.000000,7.000000,7.000000,7.000000,7.000000,7.000000,0.023348,0.061643,0.156127,0.184055,calls/second,milliseconds
1778486089,2,7.000000,5.987866,4.000000,1.418445,7.000000,7.000000,7.000000,7.000000,7.000000,7.000000,0.023078,0.061643,0.156127,0.184055,calls/second,milliseconds
1778486090,2,7.000000,5.987866,4.000000,1.418445,7.000000,7.000000,7.000000,7.000000,7.000000,7.000000,0.022815,0.061643,0.156127,0.184055,calls/second,milliseconds
1778486091,2,7.000000,5.987866,4.000000,1.418445,7.000000,7.000000,7.000000,7.000000,7.000000,7.000000,0.022557,0.061643,0.156127,0.184055,calls/second,milliseconds
1778486092,2,7.000000,5.987866,4.000000,1.418445,7.000000,7.000000,7.000000,7.000000,7.000000,7.000000,0.022305,0.061643,0.156127,0.184055,calls/second,milliseconds
1778486093,2,7.000000,5.987866,4.000000,1.418445,7.000000,7.000000,7.000000,7.000000,7.000000,7.000000,0.022058,0.056714,0.153547,0.183036,calls/second,milliseconds
1778486094,2,7.000000,5.987866,4.000000,1.418445,7.000000,7.000000,7.000000,7.000000,7.000000,7.000000,0.021817,0.056714,0.153547,0.183036,calls/second,milliseconds
1778486095,2,7.000000,5.987866,4.000000,1.418445,7.000000,7.000000,7.000000,7.000000,7.000000,7.000000,0.021581,0.056714,0.153547,0.183036,calls/second,milliseconds
1778486096,2,7.000000,5.987866,4.000000,1.418445,7.000000,7.000000,7.000000,7.000000,7.000000,7.000000,0.021351,0.056714,0.153547,0.183036,calls/second,milliseconds
1778486097,2,7.000000,5.987866,4.000000,1.418445,7.000000,7.000000,7.000000,7.000000,7.000000,7.000000,0.021125,0.056714,0.153547,0.183036,calls/second,milliseconds
1778486098,2,7.000000,5.987866,4.000000,1.418445,7.000000,7.000000,7.000000,7.000000,7.000000,7.000000,0.020903,0.052180,0.151009,0.182021,calls/second,milliseconds
1778486099,2,7.000000,5.987866,4.000000,1.418445,7.000000,7.000000,7.000000,7.000000,7.000000,7.000000,0.020687,0.052180,0.151009,0.182021,calls/second,milliseconds
1778486100,2,7.000000,5.987866,4.000000,1.418445,7.000000,7.000000,7.000000,7.000000,7.000000,7.000000,0.020475,0.052180,0.151009,0.182021,calls/second,milliseconds
1778486101,2,7.000000,5.987866,4.000000,1.418445,7.000000,7.000000,7.000000,7.000000,7.000000,7.000000,0.020267,0.052180,0.151009,0.182021,calls/second,milliseconds
1778486102,2,7.000000,5.987866,4.000000,1.418445,7.000000,7.000000,7.000000,7.000000,7.000000,7.000000,0.020063,0.052180,0.151009,0.182021,calls/second,milliseconds
1778486103,2,7.000000,5.987866,4.000000,1.418445,7.000000,7.000000,7.000000,7.000000,7.000000,7.000000,0.019863,0.048008,0.148513,0.181013,calls/second,milliseconds
1778486104,2,7.000000,5.987866,4.000000,1.418445,7.000000,7.000000,7.000000,7.000000,7.000000,7.000000,0.019668,0.048008,0.148513,0.181013,calls/second,milliseconds
1778486105,2,7.000000,5.987866,4.000000,1.418445,7.000000,7.000000,7.000000,7.000000,7.000000,7.000000,0.019476,0.048008,0.148513,0.181013,calls/second,milliseconds
1778486106,2,7.000000,5.987866,4.000000,1.418445,7.000000,7.000000,7.000000,7.000000,7.000000,7.000000,0.019288,0.048008,0.148513,0.181013,calls/second,milliseconds
1778486107,2,7.000000,5.987866,4.000000,1.418445,7.000000,7.000000,7.000000,7.000000,7.000000,7.000000,0.019103,0.048008,0.148513,0.181013,calls/second,milliseconds
1778486108,2,7.000000,5.987866,4.000000,1.418445,7.000000,7.000000,7.000000,7.000000,7.000000,7.000000,0.018922,0.044169,0.146058,0.180010,calls/second,milliseconds
1778486109,2,7.000000,5.987866,4.000000,1.418445,7.000000,7.000000,7.000000,7.000000,7.000000,7.000000,0.018744,0.044169,0.146058,0.180010,calls/second,milliseconds
1778486110,2,7.000000,5.987866,4.000000,1.418445,7.000000,7.000000,7.000000,7.000000,7.000000,7.000000,0.018570,0.044169,0.146058,0.180010,calls/second,milliseconds
1778486111,2,7.000000,5.987866,4.000000,1.418445,7.000000,7.000000,7.000000,7.000000,7.000000,7.000000,0.018399,0.044169,0.146058,0.180010,calls/second,milliseconds
1778486112,2,7.000000,5.987866,4.000000,1.418445,7.000000,7.000000,7.000000,7.000000,7.000000,7.000000,0.018231,0.044169,0.146058,0.180010,calls/second,milliseconds
1778486113,2,7.000000,5.987866,4.000000,1.418445,7.000000,7.000000,7.000000,7.000000,7.000000,7.000000,0.018066,0.040638,0.143644,0.179013,calls/second,milliseconds
1778486114,2,7.000000,5.987866,4.000000,1.418445,7.000000,7.000000,7.000000,7.000000,7.000000,7.000000,0.017904,0.040638,0.143644,0.179013,calls/second,milliseconds
1778486115,2,7.000000,5.987866,4.000000,1.418445,7.000000,7.000000,7.000000,7.000000,7.000000,7.000000,0.017745,0.040638,0.143644,0.179013,calls/second,milliseconds
1778486116,2,7.000000,5.987866,4.000000,1.418445,7.000000,7.000000,7.000000,7.000000,7.000000,7.000000,0.017588,0.040638,0.143644,0.179013,calls/second,milliseconds
1778486117,2,7.000000,5.987866,4.000000,1.418445,7.000000,7.000000,7.000000,7.000000,7.000000,7.000000,0.017435,0.040638,0.143644,0.179013,calls/second,milliseconds
1778486118,2,7.000000,5.987866,4.000000,1.418445,7.000000,7.000000,7.000000,7.000000,7.000000,7.000000,0.017284,0.037388,0.141270,0.178021,calls/second,milliseconds
1778486119,2,7.000000,5.987866,4.000000,1.418445,7.000000,7.000000,7.000000,7.000000,7.000000,7.000000,0.017135,0.037388,0.141270,0.178021,calls/second,milliseconds
1778486120,2,7.000000,5.987866,4.000000,1.418445,7.000000,7.000000,7.000000,7.000000,7.000000,7.000000,0.016989,0.037388,0.141270,0.178021,calls/second,milliseconds
1778486121,2,7.000000,5.987866,4.000000,1.418445,7.000000,7.000000,7.000000,7.000000,7.000000,7.000000,0.016846,0.037388,0.141270,0.178021,calls/second,milliseconds
1778486122,2,7.000000,5.987866,4.000000,1.418445,7.000000,7.000000,7.000000,7.000000,7.000000,7.000000,0.016705,0.037388,0.141270,0.178021,calls/second,milliseconds
1778486123,2,7.000000,5.987866,4.000000,1.418445,7.000000,7.000000,7.000000,7.000000,7.000000,7.000000,0.016566,0.034399,0.138935,0.177035,calls/second,milliseconds
1778486124,2,7.000000,5.987866,4.000000,1.418445,7.000000,7.000000,7.000000,7.000000,7.000000,7.000000,0.016430,0.034399,0.138935,0.177035,calls/second,milliseconds
1778486125,2,7.000000,5.987866,4.000000,1.418445,7.000000,7.000000,7.000000,7.000000,7.000000,7.000000,0.016296,0.034399,0.138935,0.177035,calls/second,milliseconds
1778486126,2,7.000000,5.987866,4.000000,1.418445,7.000000,7.000000,7.000000,7.000000,7.000000,7.000000,0.016164,0.034399,0.138935,0.177035,calls/second,milliseconds
1778486127,2,7.000000,5.987866,4.000000,1.418445,7.000000,7.000000,7.000000,7.000000,7.000000,7.000000,0.016034,0.034399,0.138935,0.177035,calls/second,milliseconds
1778486128,2,7.000000,5.987866,4.000000,1.418445,7.000000,7.000000,7.000000,7.000000,7.000000,7.000000,0.015907,0.031649,0.136638,0.176054,calls/second,milliseconds
1778486129,2,7.000000,5.987866,4.000000,1.418445,7.000000,7.000000,7.000000,7.000000,7.000000,7.000000,0.015781,0.031649,0.136638,0.176054,calls/second,milliseconds
1778486130,2,7.000000,5.987866,4.000000,1.418445,7.000000,7.000000,7.000000,7.000000,7.000000,7.000000,0.015657,0.031649,0.136638,0.176054,calls/second,milliseconds
1778486131,2,7.000000,5.987866,4.000000,1.418445,7.000000,7.000000,7.000000,7.000000,7.000000,7.000000,0.015535,0.031649,0.136638,0.176054,calls/second,milliseconds
1778486132,2,7.000000,5.987866,4.000000,1.418445,7.000000,7.000000,7.000000,7.000000,7.000000,7.000000,0.015415,0.031649,0.136638,0.176054,calls/second,milliseconds
1778486133,2,7.000000,5.987866,4.000000,1.418445,7.000000,7.000000,7.000000,7.000000,7.000000,7.000000,0.015297,0.029118,0.134380,0.175079,calls/second,milliseconds
1778486134,2,7.000000,5.987866,4.000000,1.418445,7.000000,7.000000,7.000000,7.000000,7.000000,7.000000,0.015181,0.029118,0.134380,0.175079,calls/second,milliseconds
1778486135,2,7.000000,5.987866,4.000000,1.418445,7.000000,7.000000,7.000000,7.000000,7.000000,7.000000,0.015066,0.029118,0.134380,0.175079,calls/second,milliseconds
1778486136,2,7.000000,5.987866,4.000000,1.418445,7.000000,7.000000,7.000000,7.000000,7.000000,7.000000,0.014953,0.029118,0.134380,0.175079,calls/second,milliseconds
1778486137,2,7.000000,5.987866,4.000000,1.418445,7.000000,7.000000,7.000000,7.000000,7.000000,7.000000,0.014842,0.029118,0.134380,0.175079,calls/second,milliseconds
1778486138,2,7.000000,5.987866,4.000000,1.418445,7.000000,7.000000,7.000000,7.000000,7.000000,7.000000,0.014733,0.026790,0.132159,0.174109,calls/second,milliseconds
1778486139,2,7.000000,5.987866,4.000000,1.418445,7.000000,7.000000,7.000000,7.000000,7.000000,7.000000,0.014625,0.026790,0.132159,0.174109,calls/second,milliseconds
1778486140,2,7.000000,5.987866,4.000000,1.418445,7.000000,7.000000,7.000000,7.000000,7.000000,7.000000,0.014518,0.026790,0.132159,0.174109,calls/second,milliseconds
1778486141,2,7.000000,5.987866,4.000000,1.418445,7.000000,7.000000,7.000000,7.000000,7.000000,7.000000,0.014414,0.026790,0.132159,0.174109,calls/second,milliseconds
1778486142,2,7.000000,5.987866,4.000000,1.418445,7.000000,7.000000,7.000000,7.000000,7.000000,7.000000,0.014310,0.026790,0.132159,0.174109,calls/second,milliseconds
1778486143,2,7.000000,5.987866,4.000000,1.418445,7.000000,7.000000,7.000000,7.000000,7.000000,7.000000,0.014209,0.024648,0.129975,0.173144,calls/second,milliseconds
1778486144,2,7.000000,5.987866,4.000000,1.418445,7.000000,7.000000,7.000000,7.000000,7.000000,7.000000,0.014108,0.024648,0.129975,0.173144,calls/second,milliseconds
1778486145,2,7.000000,5.987866,4.000000,1.418445,7.000000,7.000000,7.000000,7.000000,7.000000,7.000000,0.014009,0.024648,0.129975,0.173144,calls/second,milliseconds
1778486146,2,7.000000,5.987866,4.000000,1.418445,7.000000,7.000000,7.000000,7.000000,7.000000,7.000000,0.013912,0.024648,0.129975,0.173144,calls/second,milliseconds
1778486147,2,7.000000,5.987866,4.000000,1.418445,7.000000,7.000000,7.000000,7.000000,7.000000,7.000000,0.013815,0.024648,0.129975,0.173144,calls/second,milliseconds
1778486148,2,7.000000,5.987866,4.000000,1.418445,7.000000,7.000000,7.000000,7.000000,7.000000,7.000000,0.013720,0.022677,0.127826,0.172185,calls/second,milliseconds
1778486149,3,7.000000,4.500764,4.000000,1.118717,4.000000,4.000000,7.000000,7.000000,7.000000,7.000000,0.020440,0.022677,0.127826,0.172185,calls/second,milliseconds
1778486150,3,7.000000,4.500764,4.000000,1.118717,4.000000,4.000000,7.000000,7.000000,7.000000,7.000000,0.020302,0.022677,0.127826,0.172185,calls/second,milliseconds
1778486151,3,7.000000,4.500764,4.000000,1.118717,4.000000,4.000000,7.000000,7.000000,7.000000,7.000000,0.020165,0.022677,0.127826,0.172185,calls/second,milliseconds
1778486152,3,7.000000,4.500764,4.000000,1.118717,4.000000,4.000000,7.000000,7.000000,7.000000,7.000000,0.020030,0.022677,0.127826,0.172185,calls/second,milliseconds
1778486153,3,7.000000,4.500764,4.000000,1.118717,4.000000,4.000000,7.000000,7.000000,7.000000,7.000000,0.019897,0.036855,0.129019,0.172339,calls/second,milliseconds
1778486154,3,7.000000,4.500764,4.000000,1.118717,4.000000,4.000000,7.000000,7.000000,7.000000,7.000000,0.019766,0.036855,0.129019,0.172339,calls/second,milliseconds
1778486155,3,7.000000,4.500764,4.000000,1.118717,4.000000,4.000000,7.000000,7.000000,7.000000,7.000000,0.019636,0.036855,0.129019,0.172339,calls/second,milliseconds
1778486156,3,7.000000,4.500764,4.000000,1.118717,4.000000,4.000000,7.000000,7.000000,7.000000,7.000000,0.019508,0.036855,0.129019,0.172339,calls/second,milliseconds
1778486157,3,7.000000,4.500764,4.000000,1.118717,4.000000,4.000000,7.000000,7.000000,7.000000,7.000000,0.019382,0.036855,0.129019,0.172339,calls/second,milliseconds
1778486158,3,7.000000,4.500764,4.000000,1.118717,4.000000,4.000000,7.000000,7.000000,7.000000,7.000000,0.019257,0.033908,0.126887,0.171384,calls/second,milliseconds
1778486159,3,7.000000,4.500764,4.000000,1.118717,4.000000,4.000000,7.000000,7.000000,7.000000,7.000000,0.019134,0.033908,0.126887,0.171384,calls/second,milliseconds
1778486160,3,7.000000,4.500764,4.000000,1.118717,4.000000,4.000000,7.000000,7.000000,7.000000,7.000000,0.019013,0.033908,0.126887,0.171384,calls/second,milliseconds
1778486161,3,7.000000,4.500764,4.000000,1.118717,4.000000,4.000000,7.000000,7.000000,7.000000,7.000000,0.018893,0.033908,0.126887,0.171384,calls/second,milliseconds
1778486162,3,7.000000,4.500764,4.000000,1.118717,4.000000,4.000000,7.000000,7.000000,7.000000,7.000000,0.018774,0.033908,0.126887,0.171384,calls/second,milliseconds
1778486163,3,7.000000,4.500764,4.000000,1.118717,4.000000,4.000000,7.000000,7.000000,7.000000,7.000000,0.018657,0.031197,0.124789,0.170435,calls/second,milliseconds
1778486164,3,7.000000,4.500764,4.000000,1.118717,4.000000,4.000000,7.000000,7.000000,7.000000,7.000000,0.018542,0.031197,0.124789,0.170435,calls/second,milliseconds
1778486165,3,7.000000,4.500764,4.000000,1.118717,4.000000,4.000000,7.000000,7.000000,7.000000,7.000000,0.018428,0.031197,0.124789,0.170435,calls/second,milliseconds
1778486166,3,7.000000,4.500764,4.000000,1.118717,4.000000,4.000000,7.000000,7.000000,7.000000,7.000000,0.018315,0.031197,0.124789,0.170435,calls/second,milliseconds
1778486167,3,7.000000,4.500764,4.000000,1.118717,4.000000,4.000000,7.000000,7.000000,7.000000,7.000000,0.018204,0.031197,0.124789,0.170435,calls/second,milliseconds
1778486168,3,7.000000,4.500764,4.000000,1.118717,4.000000,4.000000,7.000000,7.000000,7.000000,7.000000,0.018094,0.028703,0.122727,0.169491,calls/second,milliseconds
1778486169,3,7.000000,4.500764,4.000000,1.118717,4.000000,4.000000,7.000000,7.000000,7.000000,7.000000,0.017985,0.028703,0.122727,0.169491,calls/second,milliseconds
1778486170,3,7.000000,4.500764,4.000000,1.118717,4.000000,4.000000,7.000000,7.000000,7.000000,7.000000,0.017878,0.028703,0.122727,0.169491,calls/second,milliseconds
1778486171,3,7.000000,4.500764,4.000000,1.118717,4.000000,4.000000,7.000000,7.000000,7.000000,7.000000,0.017772,0.028703,0.122727,0.169491,calls/second,milliseconds
1778486172,3,7.000000,4.500764,4.000000,1.118717,4.000000,4.000000,7.000000,7.000000,7.000000,7.000000,0.017667,0.028703,0.122727,0.169491,calls/second,milliseconds
1778486173,3,7.000000,4.500764,4.000000,1.118717,4.000000,4.000000,7.000000,7.000000,7.000000,7.000000,0.017563,0.026408,0.120698,0.168552,calls/second,milliseconds
1778486174,3,7.000000,4.500764,4.000000,1.118717,4.000000,4.000000,7.000000,7.000000,7.000000,7.000000,0.017461,0.026408,0.120698,0.168552,calls/second,milliseconds
1778486175,3,7.000000,4.500764,4.000000,1.118717,4.000000,4.000000,7.000000,7.000000,7.000000,7.000000,0.017360,0.026408,0.120698,0.168552,calls/second,milliseconds
1778486176,3,7.000000,4.500764,4.000000,1.118717,4.000000,4.000000,7.000000,7.000000,7.000000,7.000000,0.017260,0.026408,0.120698,0.168552,calls/second,milliseconds
1778486177,3,7.000000,4.500764,4.000000,1.118717,4.000000,4.000000,7.000000,7.000000,7.000000,7.000000,0.017161,0.026408,0.120698,0.168552,calls/second,milliseconds
1778486178,3,7.000000,4.500764,4.000000,1.118717,4.000000,4.000000,7.000000,7.000000,7.000000,7.000000,0.017063,0.024296,0.118703,0.167618,calls/second,milliseconds
1778486179,3,7.000000,4.500764,4.000000,1.118717,4.000000,4.000000,7.000000,7.000000,7.000000,7.000000,0.016966,0.024296,0.118703,0.167618,calls/second,milliseconds
1778486180,3,7.000000,4.500764,4.000000,1.118717,4.000000,4.000000,7.000000,7.000000,7.000000,7.000000,0.016871,0.024296,0.118703,0.167618,calls/second,milliseconds
1778486181,3,7.000000,4.500764,4.000000,1.118717,4.000000,4.000000,7.000000,7.000000,7.000000,7.000000,0.016776,0.024296,0.118703,0.167618,calls/second,milliseconds
1778486182,3,7.000000,4.500764,4.000000,1.118717,4.000000,4.000000,7.000000,7.000000,7.000000,7.000000,0.016683,0.024296,0.118703,0.167618,calls/second,milliseconds
1778486183,3,7.000000,4.500764,4.000000,1.118717,4.000000,4.000000,7.000000,7.000000,7.000000,7.000000,0.016590,0.022354,0.116741,0.166689,calls/second,milliseconds
1778486184,3,7.000000,4.500764,4.000000,1.118717,4.000000,4.000000,7.000000,7.000000,7.000000,7.000000,0.016499,0.022354,0.116741,0.166689,calls/second,milliseconds
1778486185,3,7.000000,4.500764,4.000000,1.118717,4.000000,4.000000,7.000000,7.000000,7.000000,7.000000,0.016408,0.022354,0.116741,0.166689,calls/second,milliseconds
1778486186,3,7.000000,4.500764,4.000000,1.118717,4.000000,4.000000,7.000000,7.000000,7.000000,7.000000,0.016319,0.022354,0.116741,0.166689,calls/second,milliseconds
1778486187,3,7.000000,4.500764,4.000000,1.118717,4.000000,4.000000,7.000000,7.000000,7.000000,7.000000,0.016231,0.022354,0.116741,0.166689,calls/second,milliseconds
1778486188,3,7.000000,4.500764,4.000000,1.118717,4.000000,4.000000,7.000000,7.000000,7.000000,7.000000,0.016143,0.020566,0.114812,0.165766,calls/second,milliseconds
1778486189,3,7.000000,4.500764,4.000000,1.118717,4.000000,4.000000,7.000000,7.000000,7.000000,7.000000,0.016057,0.020566,0.114812,0.165766,calls/second,milliseconds
1778486190,3,7.000000,4.500764,4.000000,1.118717,4.000000,4.000000,7.000000,7.000000,7.000000,7.000000,0.015971,0.020566,0.114812,0.165766,calls/second,milliseconds
1778486191,3,7.000000,4.500764,4.000000,1.118717,4.000000,4.000000,7.000000,7.000000,7.000000,7.000000,0.015886,0.020566,0.114812,0.165766,calls/second,milliseconds
1778486192,3,7.000000,4.500764,4.000000,1.118717,4.000000,4.000000,7.000000,7.000000,7.000000,7.000000,0.015802,0.020566,0.114812,0.165766,calls/second,milliseconds
1778486193,3,7.000000,4.500764,4.000000,1.118717,4.000000,4.000000,7.000000,7.000000,7.000000,7.000000,0.015720,0.018922,0.112914,0.164847,calls/second,milliseconds
1778486194,3,7.000000,4.500764,4.000000,1.118717,4.000000,4.000000,7.000000,7.000000,7.000000,7.000000,0.015637,0.018922,0.112914,0.164847,calls/second,milliseconds
1778486195,3,7.000000,4.500764,4.000000,1.118717,4.000000,4.000000,7.000000,7.000000,7.000000,7.000000,0.015556,0.018922,0.112914,0.164847,calls/second,milliseconds
1778486196,3,7.000000,4.500764,4.000000,1.118717,4.000000,4.000000,7.000000,7.000000,7.000000,7.000000,0.015476,0.018922,0.112914,0.164847,calls/second,milliseconds
1778486197,3,7.000000,4.500764,4.000000,1.118717,4.000000,4.000000,7.000000,7.000000,7.000000,7.000000,0.015396,0.018922,0.112914,0.164847,calls/second,milliseconds
1778486198,3,7.000000,4.500764,4.000000,1.118717,4.000000,4.000000,7.000000,7.000000,7.000000,7.000000,0.015318,0.017409,0.111048,0.163934,calls/second,milliseconds
1778486199,3,7.000000,4.500764,4.000000,1.118717,4.000000,4.000000,7.000000,7.000000,7.000000,7.000000,0.015240,0.017409,0.111048,0.163934,calls/second,milliseconds
1778486200,3,7.000000,4.500764,4.000000,1.118717,4.000000,4.000000,7.000000,7.000000,7.000000,7.000000,0.015162,0.017409,0.111048,0.163934,calls/second,milliseconds
1778486201,3,7.000000,4.500764,4.000000,1.118717,4.000000,4.000000,7.000000,7.000000,7.000000,7.000000,0.015086,0.017409,0.111048,0.163934,calls/second,milliseconds
1778486202,3,7.000000,4.500764,4.000000,1.118717,4.000000,4.000000,7.000000,7.000000,7.000000,7.000000,0.015010,0.017409,0.111048,0.163934,calls/second,milliseconds
1778486203,3,7.000000,4.500764,4.000000,1.118717,4.000000,4.000000,7.000000,7.000000,7.000000,7.000000,0.014936,0.016017,0.109212,0.163026,calls/second,milliseconds
1778486204,3,7.000000,4.500764,4.000000,1.118717,4.000000,4.000000,7.000000,7.000000,7.000000,7.000000,0.014861,0.016017,0.109212,0.163026,calls/second,milliseconds
1778486205,3,7.000000,4.500764,4.000000,1.118717,4.000000,4.000000,7.000000,7.000000,7.000000,7.000000,0.014788,0.016017,0.109212,0.163026,calls/second,milliseconds
1778486206,3,7.000000,4.500764,4.000000,1.118717,4.000000,4.000000,7.000000,7.000000,7.000000,7.000000,0.014715,0.016017,0.109212,0.163026,calls/second,milliseconds
1778486207,3,7.000000,4.500764,4.000000,1.118717,4.000000,4.000000,7.000000,7.000000,7.000000,7.000000,0.014643,0.016017,0.109212,0.163026,calls/second,milliseconds
1778486208,3,7.000000,4.500764,4.000000,1.118717,4.000000,4.000000,7.000000,7.000000,7.000000,7.000000,0.014572,0.014737,0.107407,0.162123,calls/second,milliseconds
1778486209,3,7.000000,4.500764,4.000000,1.118717,4.000000,4.000000,7.000000,7.000000,7.000000,7.000000,0.014502,0.014737,0.107407,0.162123,calls/second,milliseconds
1778486210,3,7.000000,4.500764,4.000000,1.118717,4.000000,4.000000,7.000000,7.000000,7.000000,7.000000,0.014432,0.014737,0.107407,0.162123,calls/second,milliseconds
1778486211,3,7.000000,4.500764,4.000000,1.118717,4.000000,4.000000,7.000000,7.000000,7.000000,7.000000,0.014363,0.014737,0.107407,0.162123,calls/second,milliseconds
1778486212,3,7.000000,4.500764,4.000000,1.118717,4.000000,4.000000,7.000000,7.000000,7.000000,7.000000,0.014294,0.014737,0.107407,0.162123,calls/second,milliseconds
1778486213,3,7.000000,4.500764,4.000000,1.118717,4.000000,4.000000,7.000000,7.000000,7.000000,7.000000,0.014226,0.013558,0.105632,0.161224,calls/second,milliseconds
1778486215,3,7.000000,4.500764,4.000000,1.118717,4.000000,4.000000,7.000000,7.000000,7.000000,7.000000,0.014159,0.013558,0.105632,0.161224,calls/second,milliseconds
1778486216,3,7.000000,4.500764,4.000000,1.118717,4.000000,4.000000,7.000000,7.000000,7.000000,7.000000,0.014092,0.013558,0.105632,0.161224,calls/second,milliseconds
1778486217,3,7.000000,4.500764,4.000000,1.118717,4.000000,4.000000,7.000000,7.000000,7.000000,7.000000,0.014026,0.013558,0.105632,0.161224,calls/second,milliseconds
1778486218,3,7.000000,4.500764,4.000000,1.118717,4.000000,4.000000,7.000000,7.000000,7.000000,7.000000,0.013961,0.013558,0.105632,0.161224,calls/second,milliseconds
1778486219,3,7.000000,4.500764,4.000000,1.118717,4.000000,4.000000,7.000000,7.000000,7.000000,7.000000,0.013896,0.012474,0.103886,0.160331,calls/second,milliseconds
1778486220,3,7.000000,4.500764,4.000000,1.118717,4.000000,4.000000,7.000000,7.000000,7.000000,7.000000,0.013832,0.012474,0.103886,0.160331,calls/second,milliseconds
1778486221,3,7.000000,4.500764,4.000000,1.118717,4.000000,4.000000,7.000000,7.000000,7.000000,7.000000,0.013768,0.012474,0.103886,0.160331,calls/second,milliseconds
1778486222,3,7.000000,4.500764,4.000000,1.118717,4.000000,4.000000,7.000000,7.000000,7.000000,7.000000,0.013705,0.012474,0.103886,0.160331,calls/second,milliseconds
1778486223,3,7.000000,4.500764,4.000000,1.118717,4.000000,4.000000,7.000000,7.000000,7.000000,7.000000,0.013643,0.012474,0.103886,0.160331,calls/second,milliseconds
1778486224,3,7.000000,4.500764,4.000000,1.118717,4.000000,4.000000,7.000000,7.000000,7.000000,7.000000,0.013581,0.011477,0.102169,0.159443,calls/second,milliseconds
1778486225,3,7.000000,4.500764,4.000000,1.118717,4.000000,4.000000,7.000000,7.000000,7.000000,7.000000,0.013520,0.011477,0.102169,0.159443,calls/second,milliseconds
1778486226,3,7.000000,4.500764,4.000000,1.118717,4.000000,4.000000,7.000000,7.000000,7.000000,7.000000,0.013459,0.011477,0.102169,0.159443,calls/second,milliseconds
1778486227,3,7.000000,4.500764,4.000000,1.118717,4.000000,4.000000,7.000000,7.000000,7.000000,7.000000,0.013399,0.011477,0.102169,0.159443,calls/second,milliseconds
1778486228,3,7.000000,4.500764,4.000000,1.118717,4.000000,4.000000,7.000000,7.000000,7.000000,7.000000,0.013339,0.011477,0.102169,0.159443,calls/second,milliseconds
1778486229,3,7.000000,4.500764,4.000000,1.118717,4.000000,4.000000,7.000000,7.000000,7.000000,7.000000,0.013280,0.010559,0.100480,0.158560,calls/second,milliseconds
1778486230,3,7.000000,4.500764,4.000000,1.118717,4.000000,4.000000,7.000000,7.000000,7.000000,7.000000,0.013221,0.010559,0.100480,0.158560,calls/second,milliseconds
1778486231,3,7.000000,4.500764,4.000000,1.118717,4.000000,4.000000,7.000000,7.000000,7.000000,7.000000,0.013163,0.010559,0.100480,0.158560,calls/second,milliseconds
1778486232,3,7.000000,4.500764,4.000000,1.118717,4.000000,4.000000,7.000000,7.000000,7.000000,7.000000,0.013105,0.010559,0.100480,0.158560,calls/second,milliseconds
1778486233,3,7.000000,4.500764,4.000000,1.118717,4.000000,4.000000,7.000000,7.000000,7.000000,7.000000,0.013048,0.010559,0.100480,0.158560,calls/second,milliseconds
1778486234,3,7.000000,4.500764,4.000000,1.118717,4.000000,4.000000,7.000000,7.000000,7.000000,7.000000,0.012992,0.009715,0.098819,0.157681,calls/second,milliseconds
1778486235,3,7.000000,4.500764,4.000000,1.118717,4.000000,4.000000,7.000000,7.000000,7.000000,7.000000,0.012936,0.009715,0.098819,0.157681,calls/second,milliseconds
1778486236,3,7.000000,4.500764,4.000000,1.118717,4.000000,4.000000,7.000000,7.000000,7.000000,7.000000,0.012880,0.009715,0.098819,0.157681,calls/second,milliseconds
1778486237,3,7.000000,4.500764,4.000000,1.118717,4.000000,4.000000,7.000000,7.000000,7.000000,7.000000,0.012825,0.009715,0.098819,0.157681,calls/second,milliseconds
1778486238,3,7.000000,4.500764,4.000000,1.118717,4.000000,4.000000,7.000000,7.000000,7.000000,7.000000,0.012770,0.009715,0.098819,0.157681,calls/second,milliseconds
1778486239,3,7.000000,4.500764,4.000000,1.118717,4.000000,4.000000,7.000000,7.000000,7.000000,7.000000,0.012716,0.008938,0.097186,0.156808,calls/second,milliseconds
1778486240,3,7.000000,4.500764,4.000000,1.118717,4.000000,4.000000,7.000000,7.000000,7.000000,7.000000,0.012662,0.008938,0.097186,0.156808,calls/second,milliseconds
1778486241,3,7.000000,4.500764,4.000000,1.118717,4.000000,4.000000,7.000000,7.000000,7.000000,7.000000,0.012609,0.008938,0.097186,0.156808,calls/second,milliseconds
1778486242,3,7.000000,4.500764,4.000000,1.118717,4.000000,4.000000,7.000000,7.000000,7.000000,7.000000,0.012556,0.008938,0.097186,0.156808,calls/second,milliseconds
1778486243,3,7.000000,4.500764,4.000000,1.118717,4.000000,4.000000,7.000000,7.000000,7.000000,7.000000,0.012503,0.008938,0.097186,0.156808,calls/second,milliseconds
1778486244,3,7.000000,4.500764,4.000000,1.118717,4.000000,4.000000,7.000000,7.000000,7.000000,7.000000,0.012451,0.008223,0.095580,0.155939,calls/second,milliseconds
1778486245,3,7.000000,4.500764,4.000000,1.118717,4.000000,4.000000,7.000000,7.000000,7.000000,7.000000,0.012400,0.008223,0.095580,0.155939,calls/second,milliseconds
1778486246,3,7.000000,4.500764,4.000000,1.118717,4.000000,4.000000,7.000000,7.000000,7.000000,7.000000,0.012349,0.008223,0.095580,0.155939,calls/second,milliseconds
1778486247,3,7.000000,4.500764,4.000000,1.118717,4.000000,4.000000,7.000000,7.000000,7.000000,7.000000,0.012298,0.008223,0.095580,0.155939,calls/second,milliseconds
1778486248,3,7.000000,4.500764,4.000000,1.118717,4.000000,4.000000,7.000000,7.000000,7.000000,7.000000,0.012248,0.008223,0.095580,0.155939,calls/second,milliseconds
1778486249,3,7.000000,4.500764,4.000000,1.118717,4.000000,4.000000,7.000000,7.000000,7.000000,7.000000,0.012198,0.007566,0.094000,0.155075,calls/second,milliseconds
1778486250,3,7.000000,4.500764,4.000000,1.118717,4.000000,4.000000,7.000000,7.000000,7.000000,7.000000,0.012148,0.007566,0.094000,0.155075,calls/second,milliseconds
1778486251,3,7.000000,4.500764,4.000000,1.118717,4.000000,4.000000,7.000000,7.000000,7.000000,7.000000,0.012099,0.007566,0.094000,0.155075,calls/second,milliseconds
1778486252,4,7.000000,3.332983,3.000000,0.816416,3.000000,3.000000,4.000000,7.000000,7.000000,7.000000,0.016067,0.007566,0.094000,0.155075,calls/second,milliseconds
1778486253,4,7.000000,3.332983,3.000000,0.816416,3.000000,3.000000,4.000000,7.000000,7.000000,7.000000,0.016003,0.007566,0.094000,0.155075,calls/second,milliseconds
1778486254,4,7.000000,3.332983,3.000000,0.816416,3.000000,3.000000,4.000000,7.000000,7.000000,7.000000,0.015939,0.022952,0.095752,0.155324,calls/second,milliseconds
1778486255,4,7.000000,3.332983,3.000000,0.816416,3.000000,3.000000,4.000000,7.000000,7.000000,7.000000,0.015876,0.022952,0.095752,0.155324,calls/second,milliseconds
1778486256,4,7.000000,3.332983,3.000000,0.816416,3.000000,3.000000,4.000000,7.000000,7.000000,7.000000,0.015813,0.022952,0.095752,0.155324,calls/second,milliseconds
1778486257,4,7.000000,3.332983,3.000000,0.816416,3.000000,3.000000,4.000000,7.000000,7.000000,7.000000,0.015751,0.022952,0.095752,0.155324,calls/second,milliseconds
1778486258,4,7.000000,3.332983,3.000000,0.816416,3.000000,3.000000,4.000000,7.000000,7.000000,7.000000,0.015689,0.022952,0.095752,0.155324,calls/second,milliseconds
1778486259,4,7.000000,3.332983,3.000000,0.816416,3.000000,3.000000,4.000000,7.000000,7.000000,7.000000,0.015627,0.021117,0.094169,0.154463,calls/second,milliseconds
1778486260,4,7.000000,3.332983,3.000000,0.816416,3.000000,3.000000,4.000000,7.000000,7.000000,7.000000,0.015566,0.021117,0.094169,0.154463,calls/second,milliseconds
1778486261,4,7.000000,3.332983,3.000000,0.816416,3.000000,3.000000,4.000000,7.000000,7.000000,7.000000,0.015506,0.021117,0.094169,0.154463,calls/second,milliseconds
1778486262,4,7.000000,3.332983,3.000000,0.816416,3.000000,3.000000,4.000000,7.000000,7.000000,7.000000,0.015446,0.021117,0.094169,0.154463,calls/second,milliseconds
1778486263,4,7.000000,3.332983,3.000000,0.816416,3.000000,3.000000,4.000000,7.000000,7.000000,7.000000,0.015386,0.021117,0.094169,0.154463,calls/second,milliseconds
1778486264,4,7.000000,3.332983,3.000000,0.816416,3.000000,3.000000,4.000000,7.000000,7.000000,7.000000,0.015327,0.019429,0.092613,0.153608,calls/second,milliseconds
1778486265,4,7.000000,3.332983,3.000000,0.816416,3.000000,3.000000,4.000000,7.000000,7.000000,7.000000,0.015269,0.019429,0.092613,0.153608,calls/second,milliseconds
1778486266,4,7.000000,3.332983,3.000000,0.816416,3.000000,3.000000,4.000000,7.000000,7.000000,7.000000,0.015211,0.019429,0.092613,0.153608,calls/second,milliseconds
1778486267,4,7.000000,3.332983,3.000000,0.816416,3.000000,3.000000,4.000000,7.000000,7.000000,7.000000,0.015153,0.019429,0.092613,0.153608,calls/second,milliseconds
1778486268,4,7.000000,3.332983,3.000000,0.816416,3.000000,3.000000,4.000000,7.000000,7.000000,7.000000,0.015096,0.019429,0.092613,0.153608,calls/second,milliseconds
1778486269,4,7.000000,3.332983,3.000000,0.816416,3.000000,3.000000,4.000000,7.000000,7.000000,7.000000,0.015039,0.017875,0.091082,0.152757,calls/second,milliseconds
1778486270,4,7.000000,3.332983,3.000000,0.816416,3.000000,3.000000,4.000000,7.000000,7.000000,7.000000,0.014982,0.017875,0.091082,0.152757,calls/second,milliseconds
1778486271,4,7.000000,3.332983,3.000000,0.816416,3.000000,3.000000,4.000000,7.000000,7.000000,7.000000,0.014926,0.017875,0.091082,0.152757,calls/second,milliseconds
1778486272,4,7.000000,3.332983,3.000000,0.816416,3.000000,3.000000,4.000000,7.000000,7.000000,7.000000,0.014871,0.017875,0.091082,0.152757,calls/second,milliseconds
1778486273,4,7.000000,3.332983,3.000000,0.816416,3.000000,3.000000,4.000000,7.000000,7.000000,7.000000,0.014816,0.017875,0.091082,0.152757,calls/second,milliseconds
1778486274,4,7.000000,3.332983,3.000000,0.816416,3.000000,3.000000,4.000000,7.000000,7.000000,7.000000,0.014761,0.016446,0.089577,0.151910,calls/second,milliseconds
1778486275,4,7.000000,3.332983,3.000000,0.816416,3.000000,3.000000,4.000000,7.000000,7.000000,7.000000,0.014706,0.016446,0.089577,0.151910,calls/second,milliseconds
1778486276,4,7.000000,3.332983,3.000000,0.816416,3.000000,3.000000,4.000000,7.000000,7.000000,7.000000,0.014653,0.016446,0.089577,0.151910,calls/second,milliseconds
1778486277,4,7.000000,3.332983,3.000000,0.816416,3.000000,3.000000,4.000000,7.000000,7.000000,7.000000,0.014599,0.016446,0.089577,0.151910,calls/second,milliseconds
1778486278,4,7.000000,3.332983,3.000000,0.816416,3.000000,3.000000,4.000000,7.000000,7.000000,7.000000,0.014546,0.016446,0.089577,0.151910,calls/second,milliseconds
1778486279,4,7.000000,3.332983,3.000000,0.816416,3.000000,3.000000,4.000000,7.000000,7.000000,7.000000,0.014493,0.015131,0.088096,0.151069,calls/second,milliseconds
1778486280,4,7.000000,3.332983,3.000000,0.816416,3.000000,3.000000,4.000000,7.000000,7.000000,7.000000,0.014441,0.015131,0.088096,0.151069,calls/second,milliseconds
1778486281,4,7.000000,3.332983,3.000000,0.816416,3.000000,3.000000,4.000000,7.000000,7.000000,7.000000,0.014389,0.015131,0.088096,0.151069,calls/second,milliseconds
1778486282,4,7.000000,3.332983,3.000000,0.816416,3.000000,3.000000,4.000000,7.000000,7.000000,7.000000,0.014337,0.015131,0.088096,0.151069,calls/second,milliseconds
1778486283,4,7.000000,3.332983,3.000000,0.816416,3.000000,3.000000,4.000000,7.000000,7.000000,7.000000,0.014286,0.013921,0.086640,0.150232,calls/second,milliseconds
1778486284,4,7.000000,3.332983,3.000000,0.816416,3.000000,3.000000,4.000000,7.000000,7.000000,7.000000,0.014235,0.013921,0.086640,0.150232,calls/second,milliseconds
1778486285,4,7.000000,3.332983,3.000000,0.816416,3.000000,3.000000,4.000000,7.000000,7.000000,7.000000,0.014184,0.013921,0.086640,0.150232,calls/second,milliseconds
1778486286,4,7.000000,3.332983,3.000000,0.816416,3.000000,3.000000,4.000000,7.000000,7.000000,7.000000,0.014134,0.013921,0.086640,0.150232,calls/second,milliseconds
1778486287,4,7.000000,3.332983,3.000000,0.816416,3.000000,3.000000,4.000000,7.000000,7.000000,7.000000,0.014084,0.013921,0.086640,0.150232,calls/second,milliseconds
1778486288,4,7.000000,3.332983,3.000000,0.816416,3.000000,3.000000,4.000000,7.000000,7.000000,7.000000,0.014035,0.012808,0.085208,0.149399,calls/second,milliseconds
1778486289,4,7.000000,3.332983,3.000000,0.816416,3.000000,3.000000,4.000000,7.000000,7.000000,7.000000,0.013985,0.012808,0.085208,0.149399,calls/second,milliseconds
1778486290,4,7.000000,3.332983,3.000000,0.816416,3.000000,3.000000,4.000000,7.000000,7.000000,7.000000,0.013937,0.012808,0.085208,0.149399,calls/second,milliseconds
1778486291,4,7.000000,3.332983,3.000000,0.816416,3.000000,3.000000,4.000000,7.000000,7.000000,7.000000,0.013888,0.012808,0.085208,0.149399,calls/second,milliseconds
1778486292,4,7.000000,3.332983,3.000000,0.816416,3.000000,3.000000,4.000000,7.000000,7.000000,7.000000,0.013840,0.012808,0.085208,0.149399,calls/second,milliseconds
1778486293,4,7.000000,3.332983,3.000000,0.816416,3.000000,3.000000,4.000000,7.000000,7.000000,7.000000,0.013792,0.011784,0.083800,0.148572,calls/second,milliseconds
1778486294,4,7.000000,3.332983,3.000000,0.816416,3.000000,3.000000,4.000000,7.000000,7.000000,7.000000,0.013745,0.011784,0.083800,0.148572,calls/second,milliseconds
1778486295,4,7.000000,3.332983,3.000000,0.816416,3.000000,3.000000,4.000000,7.000000,7.000000,7.000000,0.013698,0.011784,0.083800,0.148572,calls/second,milliseconds
1778486296,4,7.000000,3.332983,3.000000,0.816416,3.000000,3.000000,4.000000,7.000000,7.000000,7.000000,0.013651,0.011784,0.083800,0.148572,calls/second,milliseconds
1778486297,4,7.000000,3.332983,3.000000,0.816416,3.000000,3.000000,4.000000,7.000000,7.000000,7.000000,0.013604,0.011784,0.083800,0.148572,calls/second,milliseconds
1778486298,4,7.000000,3.332983,3.000000,0.816416,3.000000,3.000000,4.000000,7.000000,7.000000,7.000000,0.013558,0.010842,0.082415,0.147749,calls/second,milliseconds
1778486299,4,7.000000,3.332983,3.000000,0.816416,3.000000,3.000000,4.000000,7.000000,7.000000,7.000000,0.013512,0.010842,0.082415,0.147749,calls/second,milliseconds
1778486300,4,7.000000,3.332983,3.000000,0.816416,3.000000,3.000000,4.000000,7.000000,7.000000,7.000000,0.013467,0.010842,0.082415,0.147749,calls/second,milliseconds
1778486301,4,7.000000,3.332983,3.000000,0.816416,3.000000,3.000000,4.000000,7.000000,7.000000,7.000000,0.013421,0.010842,0.082415,0.147749,calls/second,milliseconds
1778486302,4,7.000000,3.332983,3.000000,0.816416,3.000000,3.000000,4.000000,7.000000,7.000000,7.000000,0.013376,0.010842,0.082415,0.147749,calls/second,milliseconds
1778486303,4,7.000000,3.332983,3.000000,0.816416,3.000000,3.000000,4.000000,7.000000,7.000000,7.000000,0.013332,0.009975,0.081052,0.146930,calls/second,milliseconds
1778486304,4,7.000000,3.332983,3.000000,0.816416,3.000000,3.000000,4.000000,7.000000,7.000000,7.000000,0.013287,0.009975,0.081052,0.146930,calls/second,milliseconds
1778486305,4,7.000000,3.332983,3.000000,0.816416,3.000000,3.000000,4.000000,7.000000,7.000000,7.000000,0.013243,0.009975,0.081052,0.146930,calls/second,milliseconds
1778486306,4,7.000000,3.332983,3.000000,0.816416,3.000000,3.000000,4.000000,7.000000,7.000000,7.000000,0.013200,0.009975,0.081052,0.146930,calls/second,milliseconds
1778486307,4,7.000000,3.332983,3.000000,0.816416,3.000000,3.000000,4.000000,7.000000,7.000000,7.000000,0.013156,0.009975,0.081052,0.146930,calls/second,milliseconds
1778486308,4,7.000000,3.332983,3.000000,0.816416,3.000000,3.000000,4.000000,7.000000,7.000000,7.000000,0.013113,0.009177,0.079713,0.146116,calls/second,milliseconds
1778486309,4,7.000000,3.332983,3.000000,0.816416,3.000000,3.000000,4.000000,7.000000,7.000000,7.000000,0.013070,0.009177,0.079713,0.146116,calls/second,milliseconds
1778486310,4,7.000000,3.332983,3.000000,0.816416,3.000000,3.000000,4.000000,7.000000,7.000000,7.000000,0.013027,0.009177,0.079713,0.146116,calls/second,milliseconds
1778486311,4,7.000000,3.332983,3.000000,0.816416,3.000000,3.000000,4.000000,7.000000,7.000000,7.000000,0.012985,0.009177,0.079713,0.146116,calls/second,milliseconds
1778486312,4,7.000000,3.332983,3.000000,0.816416,3.000000,3.000000,4.000000,7.000000,7.000000,7.000000,0.012943,0.009177,0.079713,0.146116,calls/second,milliseconds
1778486313,4,7.000000,3.332983,3.000000,0.816416,3.000000,3.000000,4.000000,7.000000,7.000000,7.000000,0.012901,0.008444,0.078395,0.145306,calls/second,milliseconds
1778486314,4,7.000000,3.332983,3.000000,0.816416,3.000000,3.000000,4.000000,7.000000,7.000000,7.000000,0.012859,0.008444,0.078395,0.145306,calls/second,milliseconds
1778486315,4,7.000000,3.332983,3.000000,0.816416,3.000000,3.000000,4.000000,7.000000,7.000000,7.000000,0.012818,0.008444,0.078395,0.145306,calls/second,milliseconds
1778486316,4,7.000000,3.332983,3.000000,0.816416,3.000000,3.000000,4.000000,7.000000,7.000000,7.000000,0.012777,0.008444,0.078395,0.145306,calls/second,milliseconds
1778486317,4,7.000000,3.332983,3.000000,0.816416,3.000000,3.000000,4.000000,7.000000,7.000000,7.000000,0.012736,0.008444,0.078395,0.145306,calls/second,milliseconds
1778486318,4,7.000000,3.332983,3.000000,0.816416,3.000000,3.000000,4.000000,7.000000,7.000000,7.000000,0.012696,0.007769,0.077099,0.144501,calls/second,milliseconds
1778486319,4,7.000000,3.332983,3.000000,0.816416,3.000000,3.000000,4.000000,7.000000,7.000000,7.000000,0.012656,0.007769,0.077099,0.144501,calls/second,milliseconds
1778486320,4,7.000000,3.332983,3.000000,0.816416,3.000000,3.000000,4.000000,7.000000,7.000000,7.000000,0.012616,0.007769,0.077099,0.144501,calls/second,milliseconds
1778486321,4,7.000000,3.332983,3.000000,0.816416,3.000000,3.000000,4.000000,7.000000,7.000000,7.000000,0.012576,0.007769,0.077099,0.144501,calls/second,milliseconds
1778486322,4,7.000000,3.332983,3.000000,0.816416,3.000000,3.000000,4.000000,7.000000,7.000000,7.000000,0.012536,0.007769,0.077099,0.144501,calls/second,milliseconds
1778486323,4,7.000000,3.332983,3.000000,0.816416,3.000000,3.000000,4.000000,7.000000,7.000000,7.000000,0.012497,0.007147,0.075825,0.143701,calls/second,milliseconds
1778486324,4,7.000000,3.332983,3.000000,0.816416,3.000000,3.000000,4.000000,7.000000,7.000000,7.000000,0.012458,0.007147,0.075825,0.143701,calls/second,milliseconds
1778486325,4,7.000000,3.332983,3.000000,0.816416,3.000000,3.000000,4.000000,7.000000,7.000000,7.000000,0.012419,0.007147,0.075825,0.143701,calls/second,milliseconds
1778486326,4,7.000000,3.332983,3.000000,0.816416,3.000000,3.000000,4.000000,7.000000,7.000000,7.000000,0.012381,0.007147,0.075825,0.143701,calls/second,milliseconds
1778486327,4,7.000000,3.332983,3.000000,0.816416,3.000000,3.000000,4.000000,7.000000,7.000000,7.000000,0.012343,0.007147,0.075825,0.143701,calls/second,milliseconds
1778486328,4,7.000000,3.332983,3.000000,0.816416,3.000000,3.000000,4.000000,7.000000,7.000000,7.000000,0.012305,0.006576,0.074572,0.142905,calls/second,milliseconds
1778486329,4,7.000000,3.332983,3.000000,0.816416,3.000000,3.000000,4.000000,7.000000,7.000000,7.000000,0.012267,0.006576,0.074572,0.142905,calls/second,milliseconds
1778486330,4,7.000000,3.332983,3.000000,0.816416,3.000000,3.000000,4.000000,7.000000,7.000000,7.000000,0.012229,0.006576,0.074572,0.142905,calls/second,milliseconds
1778486331,4,7.000000,3.332983,3.000000,0.816416,3.000000,3.000000,4.000000,7.000000,7.000000,7.000000,0.012192,0.006576,0.074572,0.142905,calls/second,milliseconds
1778486332,4,7.000000,3.332983,3.000000,0.816416,3.000000,3.000000,4.000000,7.000000,7.000000,7.000000,0.012155,0.006576,0.074572,0.142905,calls/second,milliseconds
1778486333,4,7.000000,3.332983,3.000000,0.816416,3.000000,3.000000,4.000000,7.000000,7.000000,7.000000,0.012118,0.006050,0.073339,0.142113,calls/second,milliseconds
1778486334,4,7.000000,3.332983,3.000000,0.816416,3.000000,3.000000,4.000000,7.000000,7.000000,7.000000,0.012081,0.006050,0.073339,0.142113,calls/second,milliseconds
1778486335,4,7.000000,3.332983,3.000000,0.816416,3.000000,3.000000,4.000000,7.000000,7.000000,7.000000,0.012045,0.006050,0.073339,0.142113,calls/second,milliseconds
1778486336,4,7.000000,3.332983,3.000000,0.816416,3.000000,3.000000,4.000000,7.000000,7.000000,7.000000,0.012009,0.006050,0.073339,0.142113,calls/second,milliseconds
1778486337,4,7.000000,3.332983,3.000000,0.816416,3.000000,3.000000,4.000000,7.000000,7.000000,7.000000,0.011973,0.006050,0.073339,0.142113,calls/second,milliseconds
1778486338,4,7.000000,3.332983,3.000000,0.816416,3.000000,3.000000,4.000000,7.000000,7.000000,7.000000,0.011937,0.005566,0.072127,0.141326,calls/second,milliseconds
1778486339,4,7.000000,3.332983,3.000000,0.816416,3.000000,3.000000,4.000000,7.000000,7.000000,7.000000,0.011901,0.005566,0.072127,0.141326,calls/second,milliseconds
1778486340,4,7.000000,3.332983,3.000000,0.816416,3.000000,3.000000,4.000000,7.000000,7.000000,7.000000,0.011866,0.005566,0.072127,0.141326,calls/second,milliseconds
1778486341,4,7.000000,3.332983,3.000000,0.816416,3.000000,3.000000,4.000000,7.000000,7.000000,7.000000,0.011831,0.005566,0.072127,0.141326,calls/second,milliseconds
1778486342,4,7.000000,3.332983,3.000000,0.816416,3.000000,3.000000,4.000000,7.000000,7.000000,7.000000,0.011796,0.005566,0.072127,0.141326,calls/second,milliseconds
1778486343,4,7.000000,3.332983,3.000000,0.816416,3.000000,3.000000,4.000000,7.000000,7.000000,7.000000,0.011761,0.005121,0.070935,0.140543,calls/second,milliseconds
1778486344,4,7.000000,3.332983,3.000000,0.816416,3.000000,3.000000,4.000000,7.000000,7.000000,7.000000,0.011727,0.005121,0.070935,0.140543,calls/second,milliseconds
1778486345,4,7.000000,3.332983,3.000000,0.816416,3.000000,3.000000,4.000000,7.000000,7.000000,7.000000,0.011692,0.005121,0.070935,0.140543,calls/second,milliseconds
1778486346,4,7.000000,3.332983,3.000000,0.816416,3.000000,3.000000,4.000000,7.000000,7.000000,7.000000,0.011658,0.005121,0.070935,0.140543,calls/second,milliseconds
1778486347,4,7.000000,3.332983,3.000000,0.816416,3.000000,3.000000,4.000000,7.000000,7.000000,7.000000,0.011624,0.005121,0.070935,0.140543,calls/second,milliseconds
1778486348,4,7.000000,3.332983,3.000000,0.816416,3.000000,3.000000,4.000000,7.000000,7.000000,7.000000,0.011590,0.004712,0.069762,0.139764,calls/second,milliseconds
1778486349,4,7.000000,3.332983,3.000000,0.816416,3.000000,3.000000,4.000000,7.000000,7.000000,7.000000,0.011557,0.004712,0.069762,0.139764,calls/second,milliseconds
1778486350,4,7.000000,3.332983,3.000000,0.816416,3.000000,3.000000,4.000000,7.000000,7.000000,7.000000,0.011524,0.004712,0.069762,0.139764,calls/second,milliseconds
1778486351,4,7.000000,3.332983,3.000000,0.816416,3.000000,3.000000,4.000000,7.000000,7.000000,7.000000,0.011490,0.004712,0.069762,0.139764,calls/second,milliseconds
1778486352,4,7.000000,3.332983,3.000000,0.816416,3.000000,3.000000,4.000000,7.000000,7.000000,7.000000,0.011457,0.004712,0.069762,0.139764,calls/second,milliseconds
1778486353,4,7.000000,3.332983,3.000000,0.816416,3.000000,3.000000,4.000000,7.000000,7.000000,7.000000,0.011425,0.004335,0.068609,0.138990,calls/second,milliseconds
1778486354,4,7.000000,3.332983,3.000000,0.816416,3.000000,3.000000,4.000000,7.000000,7.000000,7.000000,0.011392,0.004335,0.068609,0.138990,calls/second,milliseconds
1778486355,5,7.000000,3.071643,3.000000,0.402655,3.000000,3.000000,3.000000,4.000000,4.000000,7.000000,0.014199,0.004335,0.068609,0.138990,calls/second,milliseconds
1778486356,5,7.000000,3.071643,3.000000,0.402655,3.000000,3.000000,3.000000,4.000000,4.000000,7.000000,0.014159,0.004335,0.068609,0.138990,calls/second,milliseconds
1778486357,5,7.000000,3.071643,3.000000,0.402655,3.000000,3.000000,3.000000,4.000000,4.000000,7.000000,0.014119,0.004335,0.068609,0.138990,calls/second,milliseconds
1778486358,5,7.000000,3.071643,3.000000,0.402655,3.000000,3.000000,3.000000,4.000000,4.000000,7.000000,0.014079,0.019980,0.070781,0.139328,calls/second,milliseconds
1778486359,5,7.000000,3.071643,3.000000,0.402655,3.000000,3.000000,3.000000,4.000000,4.000000,7.000000,0.014040,0.019980,0.070781,0.139328,calls/second,milliseconds
1778486360,5,7.000000,3.071643,3.000000,0.402655,3.000000,3.000000,3.000000,4.000000,4.000000,7.000000,0.014000,0.019980,0.070781,0.139328,calls/second,milliseconds
1778486361,5,7.000000,3.071643,3.000000,0.402655,3.000000,3.000000,3.000000,4.000000,4.000000,7.000000,0.013961,0.019980,0.070781,0.139328,calls/second,milliseconds
1778486362,5,7.000000,3.071643,3.000000,0.402655,3.000000,3.000000,3.000000,4.000000,4.000000,7.000000,0.013922,0.019980,0.070781,0.139328,calls/second,milliseconds
1778486363,5,7.000000,3.071643,3.000000,0.402655,3.000000,3.000000,3.000000,4.000000,4.000000,7.000000,0.013883,0.018382,0.069611,0.138556,calls/second,milliseconds
1778486364,5,7.000000,3.071643,3.000000,0.402655,3.000000,3.000000,3.000000,4.000000,4.000000,7.000000,0.013845,0.018382,0.069611,0.138556,calls/second,milliseconds
1778486365,5,7.000000,3.071643,3.000000,0.402655,3.000000,3.000000,3.000000,4.000000,4.000000,7.000000,0.013807,0.018382,0.069611,0.138556,calls/second,milliseconds
1778486366,5,7.000000,3.071643,3.000000,0.402655,3.000000,3.000000,3.000000,4.000000,4.000000,7.000000,0.013769,0.018382,0.069611,0.138556,calls/second,milliseconds
1778486367,5,7.000000,3.071643,3.000000,0.402655,3.000000,3.000000,3.000000,4.000000,4.000000,7.000000,0.013731,0.018382,0.069611,0.138556,calls/second,milliseconds
1778486368,5,7.000000,3.071643,3.000000,0.402655,3.000000,3.000000,3.000000,4.000000,4.000000,7.000000,0.013693,0.016912,0.068461,0.137788,calls/second,milliseconds
1778486369,5,7.000000,3.071643,3.000000,0.402655,3.000000,3.000000,3.000000,4.000000,4.000000,7.000000,0.013656,0.016912,0.068461,0.137788,calls/second,milliseconds
1778486370,5,7.000000,3.071643,3.000000,0.402655,3.000000,3.000000,3.000000,4.000000,4.000000,7.000000,0.013618,0.016912,0.068461,0.137788,calls/second,milliseconds
1778486371,5,7.000000,3.071643,3.000000,0.402655,3.000000,3.000000,3.000000,4.000000,4.000000,7.000000,0.013581,0.016912,0.068461,0.137788,calls/second,milliseconds
1778486372,5,7.000000,3.071643,3.000000,0.402655,3.000000,3.000000,3.000000,4.000000,4.000000,7.000000,0.013544,0.016912,0.068461,0.137788,calls/second,milliseconds
1778486373,5,7.000000,3.071643,3.000000,0.402655,3.000000,3.000000,3.000000,4.000000,4.000000,7.000000,0.013508,0.015560,0.067329,0.137025,calls/second,milliseconds
1778486374,5,7.000000,3.071643,3.000000,0.402655,3.000000,3.000000,3.000000,4.000000,4.000000,7.000000,0.013471,0.015560,0.067329,0.137025,calls/second,milliseconds
1778486375,5,7.000000,3.071643,3.000000,0.402655,3.000000,3.000000,3.000000,4.000000,4.000000,7.000000,0.013435,0.015560,0.067329,0.137025,calls/second,milliseconds
1778486376,5,7.000000,3.071643,3.000000,0.402655,3.000000,3.000000,3.000000,4.000000,4.000000,7.000000,0.013399,0.015560,0.067329,0.137025,calls/second,milliseconds
1778486377,5,7.000000,3.071643,3.000000,0.402655,3.000000,3.000000,3.000000,4.000000,4.000000,7.000000,0.013363,0.015560,0.067329,0.137025,calls/second,milliseconds
1778486378,5,7.000000,3.071643,3.000000,0.402655,3.000000,3.000000,3.000000,4.000000,4.000000,7.000000,0.013327,0.014316,0.066216,0.136266,calls/second,milliseconds
1778486379,5,7.000000,3.071643,3.000000,0.402655,3.000000,3.000000,3.000000,4.000000,4.000000,7.000000,0.013292,0.014316,0.066216,0.136266,calls/second,milliseconds
1778486380,5,7.000000,3.071643,3.000000,0.402655,3.000000,3.000000,3.000000,4.000000,4.000000,7.000000,0.013257,0.014316,0.066216,0.136266,calls/second,milliseconds
1778486381,5,7.000000,3.071643,3.000000,0.402655,3.000000,3.000000,3.000000,4.000000,4.000000,7.000000,0.013221,0.014316,0.066216,0.136266,calls/second,milliseconds
1778486382,5,7.000000,3.071643,3.000000,0.402655,3.000000,3.000000,3.000000,4.000000,4.000000,7.000000,0.013187,0.014316,0.066216,0.136266,calls/second,milliseconds
1778486383,5,7.000000,3.071643,3.000000,0.402655,3.000000,3.000000,3.000000,4.000000,4.000000,7.000000,0.013152,0.013171,0.065122,0.135511,calls/second,milliseconds
1778486384,5,7.000000,3.071643,3.000000,0.402655,3.000000,3.000000,3.000000,4.000000,4.000000,7.000000,0.013117,0.013171,0.065122,0.135511,calls/second,milliseconds
1778486385,5,7.000000,3.071643,3.000000,0.402655,3.000000,3.000000,3.000000,4.000000,4.000000,7.000000,0.013083,0.013171,0.065122,0.135511,calls/second,milliseconds
1778486386,5,7.000000,3.071643,3.000000,0.402655,3.000000,3.000000,3.000000,4.000000,4.000000,7.000000,0.013049,0.013171,0.065122,0.135511,calls/second,milliseconds
1778486387,5,7.000000,3.071643,3.000000,0.402655,3.000000,3.000000,3.000000,4.000000,4.000000,7.000000,0.013015,0.013171,0.065122,0.135511,calls/second,milliseconds
1778486388,5,7.000000,3.071643,3.000000,0.402655,3.000000,3.000000,3.000000,4.000000,4.000000,7.000000,0.012981,0.012118,0.064045,0.134760,calls/second,milliseconds
1778486389,5,7.000000,3.071643,3.000000,0.402655,3.000000,3.000000,3.000000,4.000000,4.000000,7.000000,0.012947,0.012118,0.064045,0.134760,calls/second,milliseconds
1778486390,5,7.000000,3.071643,3.000000,0.402655,3.000000,3.000000,3.000000,4.000000,4.000000,7.000000,0.012914,0.012118,0.064045,0.134760,calls/second,milliseconds
1778486391,5,7.000000,3.071643,3.000000,0.402655,3.000000,3.000000,3.000000,4.000000,4.000000,7.000000,0.012880,0.012118,0.064045,0.134760,calls/second,milliseconds
1778486392,5,7.000000,3.071643,3.000000,0.402655,3.000000,3.000000,3.000000,4.000000,4.000000,7.000000,0.012847,0.012118,0.064045,0.134760,calls/second,milliseconds
1778486393,5,7.000000,3.071643,3.000000,0.402655,3.000000,3.000000,3.000000,4.000000,4.000000,7.000000,0.012814,0.011149,0.062987,0.134014,calls/second,milliseconds
1778486394,5,7.000000,3.071643,3.000000,0.402655,3.000000,3.000000,3.000000,4.000000,4.000000,7.000000,0.012781,0.011149,0.062987,0.134014,calls/second,milliseconds
1778486395,5,7.000000,3.071643,3.000000,0.402655,3.000000,3.000000,3.000000,4.000000,4.000000,7.000000,0.012749,0.011149,0.062987,0.134014,calls/second,milliseconds
1778486396,5,7.000000,3.071643,3.000000,0.402655,3.000000,3.000000,3.000000,4.000000,4.000000,7.000000,0.012716,0.011149,0.062987,0.134014,calls/second,milliseconds
1778486397,5,7.000000,3.071643,3.000000,0.402655,3.000000,3.000000,3.000000,4.000000,4.000000,7.000000,0.012684,0.011149,0.062987,0.134014,calls/second,milliseconds
1778486398,5,7.000000,3.071643,3.000000,0.402655,3.000000,3.000000,3.000000,4.000000,4.000000,7.000000,0.012652,0.010258,0.061946,0.133271,calls/second,milliseconds
1778486399,5,7.000000,3.071643,3.000000,0.402655,3.000000,3.000000,3.000000,4.000000,4.000000,7.000000,0.012620,0.010258,0.061946,0.133271,calls/second,milliseconds
1778486400,5,7.000000,3.071643,3.000000,0.402655,3.000000,3.000000,3.000000,4.000000,4.000000,7.000000,0.012588,0.010258,0.061946,0.133271,calls/second,milliseconds
1778486401,5,7.000000,3.071643,3.000000,0.402655,3.000000,3.000000,3.000000,4.000000,4.000000,7.000000,0.012556,0.010258,0.061946,0.133271,calls/second,milliseconds
1778486402,5,7.000000,3.071643,3.000000,0.402655,3.000000,3.000000,3.000000,4.000000,4.000000,7.000000,0.012525,0.010258,0.061946,0.133271,calls/second,milliseconds
1778486403,5,7.000000,3.071643,3.000000,0.402655,3.000000,3.000000,3.000000,4.000000,4.000000,7.000000,0.012493,0.009438,0.060922,0.132533,calls/second,milliseconds
1778486404,5,7.000000,3.071643,3.000000,0.402655,3.000000,3.000000,3.000000,4.000000,4.000000,7.000000,0.012462,0.009438,0.060922,0.132533,calls/second,milliseconds
1778486405,5,7.000000,3.071643,3.000000,0.402655,3.000000,3.000000,3.000000,4.000000,4.000000,7.000000,0.012431,0.009438,0.060922,0.132533,calls/second,milliseconds
1778486406,5,7.000000,3.071643,3.000000,0.402655,3.000000,3.000000,3.000000,4.000000,4.000000,7.000000,0.012400,0.009438,0.060922,0.132533,calls/second,milliseconds
1778486407,5,7.000000,3.071643,3.000000,0.402655,3.000000,3.000000,3.000000,4.000000,4.000000,7.000000,0.012370,0.009438,0.060922,0.132533,calls/second,milliseconds
1778486408,5,7.000000,3.071643,3.000000,0.402655,3.000000,3.000000,3.000000,4.000000,4.000000,7.000000,0.012339,0.008683,0.059915,0.131798,calls/second,milliseconds
1778486409,5,7.000000,3.071643,3.000000,0.402655,3.000000,3.000000,3.000000,4.000000,4.000000,7.000000,0.012309,0.008683,0.059915,0.131798,calls/second,milliseconds
1778486410,5,7.000000,3.071643,3.000000,0.402655,3.000000,3.000000,3.000000,4.000000,4.000000,7.000000,0.012278,0.008683,0.059915,0.131798,calls/second,milliseconds
1778486411,5,7.000000,3.071643,3.000000,0.402655,3.000000,3.000000,3.000000,4.000000,4.000000,7.000000,0.012248,0.008683,0.059915,0.131798,calls/second,milliseconds
1778486412,5,7.000000,3.071643,3.000000,0.402655,3.000000,3.000000,3.000000,4.000000,4.000000,7.000000,0.012218,0.008683,0.059915,0.131798,calls/second,milliseconds
1778486413,5,7.000000,3.071643,3.000000,0.402655,3.000000,3.000000,3.000000,4.000000,4.000000,7.000000,0.012188,0.007989,0.058925,0.131068,calls/second,milliseconds
1778486414,5,7.000000,3.071643,3.000000,0.402655,3.000000,3.000000,3.000000,4.000000,4.000000,7.000000,0.012159,0.007989,0.058925,0.131068,calls/second,milliseconds
1778486415,5,7.000000,3.071643,3.000000,0.402655,3.000000,3.000000,3.000000,4.000000,4.000000,7.000000,0.012129,0.007989,0.058925,0.131068,calls/second,milliseconds
1778486416,5,7.000000,3.071643,3.000000,0.402655,3.000000,3.000000,3.000000,4.000000,4.000000,7.000000,0.012100,0.007989,0.058925,0.131068,calls/second,milliseconds
1778486417,5,7.000000,3.071643,3.000000,0.402655,3.000000,3.000000,3.000000,4.000000,4.000000,7.000000,0.012070,0.007989,0.058925,0.131068,calls/second,milliseconds
1778486418,5,7.000000,3.071643,3.000000,0.402655,3.000000,3.000000,3.000000,4.000000,4.000000,7.000000,0.012041,0.007350,0.057951,0.130342,calls/second,milliseconds
1778486419,5,7.000000,3.071643,3.000000,0.402655,3.000000,3.000000,3.000000,4.000000,4.000000,7.000000,0.012012,0.007350,0.057951,0.130342,calls/second,milliseconds
1778486420,5,7.000000,3.071643,3.000000,0.402655,3.000000,3.000000,3.000000,4.000000,4.000000,7.000000,0.011983,0.007350,0.057951,0.130342,calls/second,milliseconds
1778486421,5,7.000000,3.071643,3.000000,0.402655,3.000000,3.000000,3.000000,4.000000,4.000000,7.000000,0.011955,0.007350,0.057951,0.130342,calls/second,milliseconds
1778486422,5,7.000000,3.071643,3.000000,0.402655,3.000000,3.000000,3.000000,4.000000,4.000000,7.000000,0.011926,0.007350,0.057951,0.130342,calls/second,milliseconds
1778486423,5,7.000000,3.071643,3.000000,0.402655,3.000000,3.000000,3.000000,4.000000,4.000000,7.000000,0.011898,0.006762,0.056993,0.129620,calls/second,milliseconds
1778486424,5,7.000000,3.071643,3.000000,0.402655,3.000000,3.000000,3.000000,4.000000,4.000000,7.000000,0.011869,0.006762,0.056993,0.129620,calls/second,milliseconds
1778486425,5,7.000000,3.071643,3.000000,0.402655,3.000000,3.000000,3.000000,4.000000,4.000000,7.000000,0.011841,0.006762,0.056993,0.129620,calls/second,milliseconds
1778486426,5,7.000000,3.071643,3.000000,0.402655,3.000000,3.000000,3.000000,4.000000,4.000000,7.000000,0.011813,0.006762,0.056993,0.129620,calls/second,milliseconds
1778486427,5,7.000000,3.071643,3.000000,0.402655,3.000000,3.000000,3.000000,4.000000,4.000000,7.000000,0.011785,0.006762,0.056993,0.129620,calls/second,milliseconds
1778486428,5,7.000000,3.071643,3.000000,0.402655,3.000000,3.000000,3.000000,4.000000,4.000000,7.000000,0.011758,0.006222,0.056051,0.128902,calls/second,milliseconds
1778486429,5,7.000000,3.071643,3.000000,0.402655,3.000000,3.000000,3.000000,4.000000,4.000000,7.000000,0.011730,0.006222,0.056051,0.128902,calls/second,milliseconds
1778486430,5,7.000000,3.071643,3.000000,0.402655,3.000000,3.000000,3.000000,4.000000,4.000000,7.000000,0.011703,0.006222,0.056051,0.128902,calls/second,milliseconds
1778486431,5,7.000000,3.071643,3.000000,0.402655,3.000000,3.000000,3.000000,4.000000,4.000000,7.000000,0.011675,0.006222,0.056051,0.128902,calls/second,milliseconds
1778486432,5,7.000000,3.071643,3.000000,0.402655,3.000000,3.000000,3.000000,4.000000,4.000000,7.000000,0.011648,0.006222,0.056051,0.128902,calls/second,milliseconds
1778486433,5,7.000000,3.071643,3.000000,0.402655,3.000000,3.000000,3.000000,4.000000,4.000000,7.000000,0.011621,0.005724,0.055124,0.128188,calls/second,milliseconds
1778486434,5,7.000000,3.071643,3.000000,0.402655,3.000000,3.000000,3.000000,4.000000,4.000000,7.000000,0.011594,0.005724,0.055124,0.128188,calls/second,milliseconds
1778486435,5,7.000000,3.071643,3.000000,0.402655,3.000000,3.000000,3.000000,4.000000,4.000000,7.000000,0.011567,0.005724,0.055124,0.128188,calls/second,milliseconds
1778486436,5,7.000000,3.071643,3.000000,0.402655,3.000000,3.000000,3.000000,4.000000,4.000000,7.000000,0.011540,0.005724,0.055124,0.128188,calls/second,milliseconds
1778486437,5,7.000000,3.071643,3.000000,0.402655,3.000000,3.000000,3.000000,4.000000,4.000000,7.000000,0.011514,0.005724,0.055124,0.128188,calls/second,milliseconds
1778486438,5,7.000000,3.071643,3.000000,0.402655,3.000000,3.000000,3.000000,4.000000,4.000000,7.000000,0.011487,0.005267,0.054213,0.127478,calls/second,milliseconds
1778486439,5,7.000000,3.071643,3.000000,0.402655,3.000000,3.000000,3.000000,4.000000,4.000000,7.000000,0.011461,0.005267,0.054213,0.127478,calls/second,milliseconds
1778486440,5,7.000000,3.071643,3.000000,0.402655,3.000000,3.000000,3.000000,4.000000,4.000000,7.000000,0.011434,0.005267,0.054213,0.127478,calls/second,milliseconds
1778486441,5,7.000000,3.071643,3.000000,0.402655,3.000000,3.000000,3.000000,4.000000,4.000000,7.000000,0.011408,0.005267,0.054213,0.127478,calls/second,milliseconds
1778486442,5,7.000000,3.071643,3.000000,0.402655,3.000000,3.000000,3.000000,4.000000,4.000000,7.000000,0.011382,0.005267,0.054213,0.127478,calls/second,milliseconds
1778486443,5,7.000000,3.071643,3.000000,0.402655,3.000000,3.000000,3.000000,4.000000,4.000000,7.000000,0.011356,0.004845,0.053317,0.126771,calls/second,milliseconds
1778486444,5,7.000000,3.071643,3.000000,0.402655,3.000000,3.000000,3.000000,4.000000,4.000000,7.000000,0.011331,0.004845,0.053317,0.126771,calls/second,milliseconds
1778486445,5,7.000000,3.071643,3.000000,0.402655,3.000000,3.000000,3.000000,4.000000,4.000000,7.000000,0.011305,0.004845,0.053317,0.126771,calls/second,milliseconds
1778486446,5,7.000000,3.071643,3.000000,0.402655,3.000000,3.000000,3.000000,4.000000,4.000000,7.000000,0.011279,0.004845,0.053317,0.126771,calls/second,milliseconds
1778486447,5,7.000000,3.071643,3.000000,0.402655,3.000000,3.000000,3.000000,4.000000,4.000000,7.000000,0.011254,0.004845,0.053317,0.126771,calls/second,milliseconds
1778486448,5,7.000000,3.071643,3.000000,0.402655,3.000000,3.000000,3.000000,4.000000,4.000000,7.000000,0.011229,0.004458,0.052436,0.126069,calls/second,milliseconds
1778486449,5,7.000000,3.071643,3.000000,0.402655,3.000000,3.000000,3.000000,4.000000,4.000000,7.000000,0.011203,0.004458,0.052436,0.126069,calls/second,milliseconds
1778486450,5,7.000000,3.071643,3.000000,0.402655,3.000000,3.000000,3.000000,4.000000,4.000000,7.000000,0.011178,0.004458,0.052436,0.126069,calls/second,milliseconds
1778486451,5,7.000000,3.071643,3.000000,0.402655,3.000000,3.000000,3.000000,4.000000,4.000000,7.000000,0.011153,0.004458,0.052436,0.126069,calls/second,milliseconds
1778486452,5,7.000000,3.071643,3.000000,0.402655,3.000000,3.000000,3.000000,4.000000,4.000000,7.000000,0.011128,0.004458,0.052436,0.126069,calls/second,milliseconds
1778486453,5,7.000000,3.071643,3.000000,0.402655,3.000000,3.000000,3.000000,4.000000,4.000000,7.000000,0.011104,0.004102,0.051569,0.125371,calls/second,milliseconds
1778486454,5,7.000000,3.071643,3.000000,0.402655,3.000000,3.000000,3.000000,4.000000,4.000000,7.000000,0.011079,0.004102,0.051569,0.125371,calls/second,milliseconds
1778486455,6,7.000000,3.015859,3.000000,0.191768,3.000000,3.000000,3.000000,3.000000,4.000000,7.000000,0.013265,0.004102,0.051569,0.125371,calls/second,milliseconds
1778486456,6,7.000000,3.015859,3.000000,0.191768,3.000000,3.000000,3.000000,3.000000,4.000000,7.000000,0.013236,0.004102,0.051569,0.125371,calls/second,milliseconds
1778486457,6,7.000000,3.015859,3.000000,0.191768,3.000000,3.000000,3.000000,3.000000,4.000000,7.000000,0.013207,0.004102,0.051569,0.125371,calls/second,milliseconds
1778486458,6,7.000000,3.015859,3.000000,0.191768,3.000000,3.000000,3.000000,3.000000,4.000000,7.000000,0.013178,0.019765,0.054023,0.125784,calls/second,milliseconds
1778486459,6,7.000000,3.015859,3.000000,0.191768,3.000000,3.000000,3.000000,3.000000,4.000000,7.000000,0.013149,0.019765,0.054023,0.125784,calls/second,milliseconds
1778486460,6,7.000000,3.015859,3.000000,0.191768,3.000000,3.000000,3.000000,3.000000,4.000000,7.000000,0.013120,0.019765,0.054023,0.125784,calls/second,milliseconds
1778486461,6,7.000000,3.015859,3.000000,0.191768,3.000000,3.000000,3.000000,3.000000,4.000000,7.000000,0.013092,0.019765,0.054023,0.125784,calls/second,milliseconds
1778486462,6,7.000000,3.015859,3.000000,0.191768,3.000000,3.000000,3.000000,3.000000,4.000000,7.000000,0.013063,0.019765,0.054023,0.125784,calls/second,milliseconds
1778486463,6,7.000000,3.015859,3.000000,0.191768,3.000000,3.000000,3.000000,3.000000,4.000000,7.000000,0.013035,0.018184,0.053130,0.125087,calls/second,milliseconds
1778486464,6,7.000000,3.015859,3.000000,0.191768,3.000000,3.000000,3.000000,3.000000,4.000000,7.000000,0.013006,0.018184,0.053130,0.125087,calls/second,milliseconds
1778486465,6,7.000000,3.015859,3.000000,0.191768,3.000000,3.000000,3.000000,3.000000,4.000000,7.000000,0.012978,0.018184,0.053130,0.125087,calls/second,milliseconds
1778486466,6,7.000000,3.015859,3.000000,0.191768,3.000000,3.000000,3.000000,3.000000,4.000000,7.000000,0.012950,0.018184,0.053130,0.125087,calls/second,milliseconds
1778486467,6,7.000000,3.015859,3.000000,0.191768,3.000000,3.000000,3.000000,3.000000,4.000000,7.000000,0.012922,0.018184,0.053130,0.125087,calls/second,milliseconds
1778486468,6,7.000000,3.015859,3.000000,0.191768,3.000000,3.000000,3.000000,3.000000,4.000000,7.000000,0.012894,0.016731,0.052251,0.124394,calls/second,milliseconds
1778486469,6,7.000000,3.015859,3.000000,0.191768,3.000000,3.000000,3.000000,3.000000,4.000000,7.000000,0.012867,0.016731,0.052251,0.124394,calls/second,milliseconds
1778486470,6,7.000000,3.015859,3.000000,0.191768,3.000000,3.000000,3.000000,3.000000,4.000000,7.000000,0.012839,0.016731,0.052251,0.124394,calls/second,milliseconds
1778486471,6,7.000000,3.015859,3.000000,0.191768,3.000000,3.000000,3.000000,3.000000,4.000000,7.000000,0.012812,0.016731,0.052251,0.124394,calls/second,milliseconds
1778486472,6,7.000000,3.015859,3.000000,0.191768,3.000000,3.000000,3.000000,3.000000,4.000000,7.000000,0.012784,0.016731,0.052251,0.124394,calls/second,milliseconds
1778486473,6,7.000000,3.015859,3.000000,0.191768,3.000000,3.000000,3.000000,3.000000,4.000000,7.000000,0.012757,0.015393,0.051388,0.123705,calls/second,milliseconds
1778486474,6,7.000000,3.015859,3.000000,0.191768,3.000000,3.000000,3.000000,3.000000,4.000000,7.000000,0.012730,0.015393,0.051388,0.123705,calls/second,milliseconds
1778486475,6,7.000000,3.015859,3.000000,0.191768,3.000000,3.000000,3.000000,3.000000,4.000000,7.000000,0.012703,0.015393,0.051388,0.123705,calls/second,milliseconds
1778486476,6,7.000000,3.015859,3.000000,0.191768,3.000000,3.000000,3.000000,3.000000,4.000000,7.000000,0.012676,0.015393,0.051388,0.123705,calls/second,milliseconds
1778486477,6,7.000000,3.015859,3.000000,0.191768,3.000000,3.000000,3.000000,3.000000,4.000000,7.000000,0.012649,0.015393,0.051388,0.123705,calls/second,milliseconds
1778486478,6,7.000000,3.015859,3.000000,0.191768,3.000000,3.000000,3.000000,3.000000,4.000000,7.000000,0.012623,0.014162,0.050538,0.123020,calls/second,milliseconds
1778486479,6,7.000000,3.015859,3.000000,0.191768,3.000000,3.000000,3.000000,3.000000,4.000000,7.000000,0.012596,0.014162,0.050538,0.123020,calls/second,milliseconds
1778486480,6,7.000000,3.015859,3.000000,0.191768,3.000000,3.000000,3.000000,3.000000,4.000000,7.000000,0.012570,0.014162,0.050538,0.123020,calls/second,milliseconds
1778486481,6,7.000000,3.015859,3.000000,0.191768,3.000000,3.000000,3.000000,3.000000,4.000000,7.000000,0.012543,0.014162,0.050538,0.123020,calls/second,milliseconds
1778486482,6,7.000000,3.015859,3.000000,0.191768,3.000000,3.000000,3.000000,3.000000,4.000000,7.000000,0.012517,0.014162,0.050538,0.123020,calls/second,milliseconds
1778486483,6,7.000000,3.015859,3.000000,0.191768,3.000000,3.000000,3.000000,3.000000,4.000000,7.000000,0.012491,0.013030,0.049703,0.122338,calls/second,milliseconds
1778486484,6,7.000000,3.015859,3.000000,0.191768,3.000000,3.000000,3.000000,3.000000,4.000000,7.000000,0.012465,0.013030,0.049703,0.122338,calls/second,milliseconds
1778486485,6,7.000000,3.015859,3.000000,0.191768,3.000000,3.000000,3.000000,3.000000,4.000000,7.000000,0.012439,0.013030,0.049703,0.122338,calls/second,milliseconds
1778486486,6,7.000000,3.015859,3.000000,0.191768,3.000000,3.000000,3.000000,3.000000,4.000000,7.000000,0.012413,0.013030,0.049703,0.122338,calls/second,milliseconds
1778486487,6,7.000000,3.015859,3.000000,0.191768,3.000000,3.000000,3.000000,3.000000,4.000000,7.000000,0.012388,0.013030,0.049703,0.122338,calls/second,milliseconds
1778486488,6,7.000000,3.015859,3.000000,0.191768,3.000000,3.000000,3.000000,3.000000,4.000000,7.000000,0.012362,0.011988,0.048882,0.121660,calls/second,milliseconds
1778486489,6,7.000000,3.015859,3.000000,0.191768,3.000000,3.000000,3.000000,3.000000,4.000000,7.000000,0.012337,0.011988,0.048882,0.121660,calls/second,milliseconds
1778486490,6,7.000000,3.015859,3.000000,0.191768,3.000000,3.000000,3.000000,3.000000,4.000000,7.000000,0.012311,0.011988,0.048882,0.121660,calls/second,milliseconds
1778486491,6,7.000000,3.015859,3.000000,0.191768,3.000000,3.000000,3.000000,3.000000,4.000000,7.000000,0.012286,0.011988,0.048882,0.121660,calls/second,milliseconds
1778486492,6,7.000000,3.015859,3.000000,0.191768,3.000000,3.000000,3.000000,3.000000,4.000000,7.000000,0.012261,0.011988,0.048882,0.121660,calls/second,milliseconds
1778486493,6,7.000000,3.015859,3.000000,0.191768,3.000000,3.000000,3.000000,3.000000,4.000000,7.000000,0.012236,0.011029,0.048074,0.120986,calls/second,milliseconds
1778486494,6,7.000000,3.015859,3.000000,0.191768,3.000000,3.000000,3.000000,3.000000,4.000000,7.000000,0.012211,0.011029,0.048074,0.120986,calls/second,milliseconds
1778486495,6,7.000000,3.015859,3.000000,0.191768,3.000000,3.000000,3.000000,3.000000,4.000000,7.000000,0.012186,0.011029,0.048074,0.120986,calls/second,milliseconds
1778486496,6,7.000000,3.015859,3.000000,0.191768,3.000000,3.000000,3.000000,3.000000,4.000000,7.000000,0.012161,0.011029,0.048074,0.120986,calls/second,milliseconds
1778486497,6,7.000000,3.015859,3.000000,0.191768,3.000000,3.000000,3.000000,3.000000,4.000000,7.000000,0.012137,0.011029,0.048074,0.120986,calls/second,milliseconds
1778486498,6,7.000000,3.015859,3.000000,0.191768,3.000000,3.000000,3.000000,3.000000,4.000000,7.000000,0.012112,0.010148,0.047279,0.120316,calls/second,milliseconds
1778486499,6,7.000000,3.015859,3.000000,0.191768,3.000000,3.000000,3.000000,3.000000,4.000000,7.000000,0.012088,0.010148,0.047279,0.120316,calls/second,milliseconds
1778486500,6,7.000000,3.015859,3.000000,0.191768,3.000000,3.000000,3.000000,3.000000,4.000000,7.000000,0.012063,0.010148,0.047279,0.120316,calls/second,milliseconds
1778486501,6,7.000000,3.015859,3.000000,0.191768,3.000000,3.000000,3.000000,3.000000,4.000000,7.000000,0.012039,0.010148,0.047279,0.120316,calls/second,milliseconds
1778486502,6,7.000000,3.015859,3.000000,0.191768,3.000000,3.000000,3.000000,3.000000,4.000000,7.000000,0.012015,0.010148,0.047279,0.120316,calls/second,milliseconds
1778486503,6,7.000000,3.015859,3.000000,0.191768,3.000000,3.000000,3.000000,3.000000,4.000000,7.000000,0.011991,0.009336,0.046498,0.119649,calls/second,milliseconds
1778486504,6,7.000000,3.015859,3.000000,0.191768,3.000000,3.000000,3.000000,3.000000,4.000000,7.000000,0.011967,0.009336,0.046498,0.119649,calls/second,milliseconds
1778486505,6,7.000000,3.015859,3.000000,0.191768,3.000000,3.000000,3.000000,3.000000,4.000000,7.000000,0.011943,0.009336,0.046498,0.119649,calls/second,milliseconds
1778486506,6,7.000000,3.015859,3.000000,0.191768,3.000000,3.000000,3.000000,3.000000,4.000000,7.000000,0.011919,0.009336,0.046498,0.119649,calls/second,milliseconds
1778486507,6,7.000000,3.015859,3.000000,0.191768,3.000000,3.000000,3.000000,3.000000,4.000000,7.000000,0.011896,0.009336,0.046498,0.119649,calls/second,milliseconds
1778486508,6,7.000000,3.015859,3.000000,0.191768,3.000000,3.000000,3.000000,3.000000,4.000000,7.000000,0.011872,0.008590,0.045729,0.118987,calls/second,milliseconds
1778486509,6,7.000000,3.015859,3.000000,0.191768,3.000000,3.000000,3.000000,3.000000,4.000000,7.000000,0.011849,0.008590,0.045729,0.118987,calls/second,milliseconds
1778486510,6,7.000000,3.015859,3.000000,0.191768,3.000000,3.000000,3.000000,3.000000,4.000000,7.000000,0.011825,0.008590,0.045729,0.118987,calls/second,milliseconds
1778486511,6,7.000000,3.015859,3.000000,0.191768,3.000000,3.000000,3.000000,3.000000,4.000000,7.000000,0.011802,0.008590,0.045729,0.118987,calls/second,milliseconds
1778486512,6,7.000000,3.015859,3.000000,0.191768,3.000000,3.000000,3.000000,3.000000,4.000000,7.000000,0.011779,0.008590,0.045729,0.118987,calls/second,milliseconds
1778486513,6,7.000000,3.015859,3.000000,0.191768,3.000000,3.000000,3.000000,3.000000,4.000000,7.000000,0.011755,0.007903,0.044973,0.118327,calls/second,milliseconds
1778486514,6,7.000000,3.015859,3.000000,0.191768,3.000000,3.000000,3.000000,3.000000,4.000000,7.000000,0.011732,0.007903,0.044973,0.118327,calls/second,milliseconds
1778486515,6,7.000000,3.015859,3.000000,0.191768,3.000000,3.000000,3.000000,3.000000,4.000000,7.000000,0.011710,0.007903,0.044973,0.118327,calls/second,milliseconds
1778486516,6,7.000000,3.015859,3.000000,0.191768,3.000000,3.000000,3.000000,3.000000,4.000000,7.000000,0.011687,0.007903,0.044973,0.118327,calls/second,milliseconds
1778486517,6,7.000000,3.015859,3.000000,0.191768,3.000000,3.000000,3.000000,3.000000,4.000000,7.000000,0.011664,0.007903,0.044973,0.118327,calls/second,milliseconds
1778486518,6,7.000000,3.015859,3.000000,0.191768,3.000000,3.000000,3.000000,3.000000,4.000000,7.000000,0.011641,0.007271,0.044230,0.117672,calls/second,milliseconds
1778486519,6,7.000000,3.015859,3.000000,0.191768,3.000000,3.000000,3.000000,3.000000,4.000000,7.000000,0.011619,0.007271,0.044230,0.117672,calls/second,milliseconds
1778486520,6,7.000000,3.015859,3.000000,0.191768,3.000000,3.000000,3.000000,3.000000,4.000000,7.000000,0.011596,0.007271,0.044230,0.117672,calls/second,milliseconds
1778486521,6,7.000000,3.015859,3.000000,0.191768,3.000000,3.000000,3.000000,3.000000,4.000000,7.000000,0.011574,0.007271,0.044230,0.117672,calls/second,milliseconds
1778486522,6,7.000000,3.015859,3.000000,0.191768,3.000000,3.000000,3.000000,3.000000,4.000000,7.000000,0.011551,0.007271,0.044230,0.117672,calls/second,milliseconds
1778486523,6,7.000000,3.015859,3.000000,0.191768,3.000000,3.000000,3.000000,3.000000,4.000000,7.000000,0.011529,0.006690,0.043499,0.117020,calls/second,milliseconds
1778486524,6,7.000000,3.015859,3.000000,0.191768,3.000000,3.000000,3.000000,3.000000,4.000000,7.000000,0.011507,0.006690,0.043499,0.117020,calls/second,milliseconds
1778486525,6,7.000000,3.015859,3.000000,0.191768,3.000000,3.000000,3.000000,3.000000,4.000000,7.000000,0.011485,0.006690,0.043499,0.117020,calls/second,milliseconds
1778486526,6,7.000000,3.015859,3.000000,0.191768,3.000000,3.000000,3.000000,3.000000,4.000000,7.000000,0.011463,0.006690,0.043499,0.117020,calls/second,milliseconds
1778486527,6,7.000000,3.015859,3.000000,0.191768,3.000000,3.000000,3.000000,3.000000,4.000000,7.000000,0.011441,0.006690,0.043499,0.117020,calls/second,milliseconds
1778486528,6,7.000000,3.015859,3.000000,0.191768,3.000000,3.000000,3.000000,3.000000,4.000000,7.000000,0.011419,0.006155,0.042780,0.116372,calls/second,milliseconds
1778486529,6,7.000000,3.015859,3.000000,0.191768,3.000000,3.000000,3.000000,3.000000,4.000000,7.000000,0.011398,0.006155,0.042780,0.116372,calls/second,milliseconds
1778486530,6,7.000000,3.015859,3.000000,0.191768,3.000000,3.000000,3.000000,3.000000,4.000000,7.000000,0.011376,0.006155,0.042780,0.116372,calls/second,milliseconds
1778486531,6,7.000000,3.015859,3.000000,0.191768,3.000000,3.000000,3.000000,3.000000,4.000000,7.000000,0.011354,0.006155,0.042780,0.116372,calls/second,milliseconds
1778486532,6,7.000000,3.015859,3.000000,0.191768,3.000000,3.000000,3.000000,3.000000,4.000000,7.000000,0.011333,0.006155,0.042780,0.116372,calls/second,milliseconds
1778486533,6,7.000000,3.015859,3.000000,0.191768,3.000000,3.000000,3.000000,3.000000,4.000000,7.000000,0.011311,0.005663,0.042073,0.115727,calls/second,milliseconds
1778486534,6,7.000000,3.015859,3.000000,0.191768,3.000000,3.000000,3.000000,3.000000,4.000000,7.000000,0.011290,0.005663,0.042073,0.115727,calls/second,milliseconds
1778486535,6,7.000000,3.015859,3.000000,0.191768,3.000000,3.000000,3.000000,3.000000,4.000000,7.000000,0.011269,0.005663,0.042073,0.115727,calls/second,milliseconds
1778486536,6,7.000000,3.015859,3.000000,0.191768,3.000000,3.000000,3.000000,3.000000,4.000000,7.000000,0.011248,0.005663,0.042073,0.115727,calls/second,milliseconds
1778486537,6,7.000000,3.015859,3.000000,0.191768,3.000000,3.000000,3.000000,3.000000,4.000000,7.000000,0.011227,0.005663,0.042073,0.115727,calls/second,milliseconds
1778486538,6,7.000000,3.015859,3.000000,0.191768,3.000000,3.000000,3.000000,3.000000,4.000000,7.000000,0.011206,0.005210,0.041377,0.115086,calls/second,milliseconds
1778486539,6,7.000000,3.015859,3.000000,0.191768,3.000000,3.000000,3.000000,3.000000,4.000000,7.000000,0.011185,0.005210,0.041377,0.115086,calls/second,milliseconds
1778486540,6,7.000000,3.015859,3.000000,0.191768,3.000000,3.000000,3.000000,3.000000,4.000000,7.000000,0.011164,0.005210,0.041377,0.115086,calls/second,milliseconds
1778486541,6,7.000000,3.015859,3.000000,0.191768,3.000000,3.000000,3.000000,3.000000,4.000000,7.000000,0.011143,0.005210,0.041377,0.115086,calls/second,milliseconds
1778486542,6,7.000000,3.015859,3.000000,0.191768,3.000000,3.000000,3.000000,3.000000,4.000000,7.000000,0.011122,0.005210,0.041377,0.115086,calls/second,milliseconds
1778486543,6,7.000000,3.015859,3.000000,0.191768,3.000000,3.000000,3.000000,3.000000,4.000000,7.000000,0.011102,0.004793,0.040693,0.114448,calls/second,milliseconds
1778486544,6,7.000000,3.015859,3.000000,0.191768,3.000000,3.000000,3.000000,3.000000,4.000000,7.000000,0.011081,0.004793,0.040693,0.114448,calls/second,milliseconds
1778486545,6,7.000000,3.015859,3.000000,0.191768,3.000000,3.000000,3.000000,3.000000,4.000000,7.000000,0.011061,0.004793,0.040693,0.114448,calls/second,milliseconds
1778486546,6,7.000000,3.015859,3.000000,0.191768,3.000000,3.000000,3.000000,3.000000,4.000000,7.000000,0.011040,0.004793,0.040693,0.114448,calls/second,milliseconds
1778486547,6,7.000000,3.015859,3.000000,0.191768,3.000000,3.000000,3.000000,3.000000,4.000000,7.000000,0.011020,0.004793,0.040693,0.114448,calls/second,milliseconds
1778486548,6,7.000000,3.015859,3.000000,0.191768,3.000000,3.000000,3.000000,3.000000,4.000000,7.000000,0.011000,0.004410,0.040021,0.113814,calls/second,milliseconds
1778486549,6,7.000000,3.015859,3.000000,0.191768,3.000000,3.000000,3.000000,3.000000,4.000000,7.000000,0.010980,0.004410,0.040021,0.113814,calls/second,milliseconds
1778486550,6,7.000000,3.015859,3.000000,0.191768,3.000000,3.000000,3.000000,3.000000,4.000000,7.000000,0.010960,0.004410,0.040021,0.113814,calls/second,milliseconds
1778486551,6,7.000000,3.015859,3.000000,0.191768,3.000000,3.000000,3.000000,3.000000,4.000000,7.000000,0.010940,0.004410,0.040021,0.113814,calls/second,milliseconds
1778486552,6,7.000000,3.015859,3.000000,0.191768,3.000000,3.000000,3.000000,3.000000,4.000000,7.000000,0.010920,0.004410,0.040021,0.113814,calls/second,milliseconds
1778486553,6,7.000000,3.015859,3.000000,0.191768,3.000000,3.000000,3.000000,3.000000,4.000000,7.000000,0.010900,0.004058,0.039359,0.113184,calls/second,milliseconds
1778486554,7,7.000000,3.003574,3.000000,0.091274,3.000000,3.000000,3.000000,3.000000,3.000000,4.000000,0.012693,0.004058,0.039359,0.113184,calls/second,milliseconds
1778486555,7,7.000000,3.003574,3.000000,0.091274,3.000000,3.000000,3.000000,3.000000,3.000000,4.000000,0.012670,0.004058,0.039359,0.113184,calls/second,milliseconds
1778486556,7,7.000000,3.003574,3.000000,0.091274,3.000000,3.000000,3.000000,3.000000,3.000000,4.000000,0.012647,0.004058,0.039359,0.113184,calls/second,milliseconds
1778486557,7,7.000000,3.003574,3.000000,0.091274,3.000000,3.000000,3.000000,3.000000,3.000000,4.000000,0.012625,0.004058,0.039359,0.113184,calls/second,milliseconds
1778486558,7,7.000000,3.003574,3.000000,0.091274,3.000000,3.000000,3.000000,3.000000,3.000000,4.000000,0.012602,0.019724,0.042015,0.113665,calls/second,milliseconds
1778486559,7,7.000000,3.003574,3.000000,0.091274,3.000000,3.000000,3.000000,3.000000,3.000000,4.000000,0.012579,0.019724,0.042015,0.113665,calls/second,milliseconds
1778486560,7,7.000000,3.003574,3.000000,0.091274,3.000000,3.000000,3.000000,3.000000,3.000000,4.000000,0.012556,0.019724,0.042015,0.113665,calls/second,milliseconds
1778486561,7,7.000000,3.003574,3.000000,0.091274,3.000000,3.000000,3.000000,3.000000,3.000000,4.000000,0.012534,0.019724,0.042015,0.113665,calls/second,milliseconds
1778486562,7,7.000000,3.003574,3.000000,0.091274,3.000000,3.000000,3.000000,3.000000,3.000000,4.000000,0.012512,0.019724,0.042015,0.113665,calls/second,milliseconds
1778486563,7,7.000000,3.003574,3.000000,0.091274,3.000000,3.000000,3.000000,3.000000,3.000000,4.000000,0.012489,0.018147,0.041320,0.113035,calls/second,milliseconds
1778486564,7,7.000000,3.003574,3.000000,0.091274,3.000000,3.000000,3.000000,3.000000,3.000000,4.000000,0.012467,0.018147,0.041320,0.113035,calls/second,milliseconds
1778486565,7,7.000000,3.003574,3.000000,0.091274,3.000000,3.000000,3.000000,3.000000,3.000000,4.000000,0.012445,0.018147,0.041320,0.113035,calls/second,milliseconds
1778486566,7,7.000000,3.003574,3.000000,0.091274,3.000000,3.000000,3.000000,3.000000,3.000000,4.000000,0.012423,0.018147,0.041320,0.113035,calls/second,milliseconds
1778486567,7,7.000000,3.003574,3.000000,0.091274,3.000000,3.000000,3.000000,3.000000,3.000000,4.000000,0.012400,0.018147,0.041320,0.113035,calls/second,milliseconds
1778486568,7,7.000000,3.003574,3.000000,0.091274,3.000000,3.000000,3.000000,3.000000,3.000000,4.000000,0.012379,0.016696,0.040637,0.112409,calls/second,milliseconds
1778486569,7,7.000000,3.003574,3.000000,0.091274,3.000000,3.000000,3.000000,3.000000,3.000000,4.000000,0.012357,0.016696,0.040637,0.112409,calls/second,milliseconds
1778486570,7,7.000000,3.003574,3.000000,0.091274,3.000000,3.000000,3.000000,3.000000,3.000000,4.000000,0.012335,0.016696,0.040637,0.112409,calls/second,milliseconds
1778486571,7,7.000000,3.003574,3.000000,0.091274,3.000000,3.000000,3.000000,3.000000,3.000000,4.000000,0.012313,0.016696,0.040637,0.112409,calls/second,milliseconds
1778486572,7,7.000000,3.003574,3.000000,0.091274,3.000000,3.000000,3.000000,3.000000,3.000000,4.000000,0.012291,0.016696,0.040637,0.112409,calls/second,milliseconds
1778486573,7,7.000000,3.003574,3.000000,0.091274,3.000000,3.000000,3.000000,3.000000,3.000000,4.000000,0.012270,0.015361,0.039965,0.111786,calls/second,milliseconds
1778486574,7,7.000000,3.003574,3.000000,0.091274,3.000000,3.000000,3.000000,3.000000,3.000000,4.000000,0.012248,0.015361,0.039965,0.111786,calls/second,milliseconds
1778486575,7,7.000000,3.003574,3.000000,0.091274,3.000000,3.000000,3.000000,3.000000,3.000000,4.000000,0.012227,0.015361,0.039965,0.111786,calls/second,milliseconds
1778486576,7,7.000000,3.003574,3.000000,0.091274,3.000000,3.000000,3.000000,3.000000,3.000000,4.000000,0.012206,0.015361,0.039965,0.111786,calls/second,milliseconds
1778486577,7,7.000000,3.003574,3.000000,0.091274,3.000000,3.000000,3.000000,3.000000,3.000000,4.000000,0.012184,0.015361,0.039965,0.111786,calls/second,milliseconds
1778486578,7,7.000000,3.003574,3.000000,0.091274,3.000000,3.000000,3.000000,3.000000,3.000000,4.000000,0.012163,0.014133,0.039305,0.111167,calls/second,milliseconds
1778486579,7,7.000000,3.003574,3.000000,0.091274,3.000000,3.000000,3.000000,3.000000,3.000000,4.000000,0.012142,0.014133,0.039305,0.111167,calls/second,milliseconds
1778486580,7,7.000000,3.003574,3.000000,0.091274,3.000000,3.000000,3.000000,3.000000,3.000000,4.000000,0.012121,0.014133,0.039305,0.111167,calls/second,milliseconds
1778486581,7,7.000000,3.003574,3.000000,0.091274,3.000000,3.000000,3.000000,3.000000,3.000000,4.000000,0.012100,0.014133,0.039305,0.111167,calls/second,milliseconds
1778486582,7,7.000000,3.003574,3.000000,0.091274,3.000000,3.000000,3.000000,3.000000,3.000000,4.000000,0.012079,0.014133,0.039305,0.111167,calls/second,milliseconds
1778486583,7,7.000000,3.003574,3.000000,0.091274,3.000000,3.000000,3.000000,3.000000,3.000000,4.000000,0.012058,0.013003,0.038655,0.110551,calls/second,milliseconds
1778486584,7,7.000000,3.003574,3.000000,0.091274,3.000000,3.000000,3.000000,3.000000,3.000000,4.000000,0.012037,0.013003,0.038655,0.110551,calls/second,milliseconds
1778486585,7,7.000000,3.003574,3.000000,0.091274,3.000000,3.000000,3.000000,3.000000,3.000000,4.000000,0.012017,0.013003,0.038655,0.110551,calls/second,milliseconds
1778486586,7,7.000000,3.003574,3.000000,0.091274,3.000000,3.000000,3.000000,3.000000,3.000000,4.000000,0.011996,0.013003,0.038655,0.110551,calls/second,milliseconds
1778486587,7,7.000000,3.003574,3.000000,0.091274,3.000000,3.000000,3.000000,3.000000,3.000000,4.000000,0.011975,0.013003,0.038655,0.110551,calls/second,milliseconds
1778486588,7,7.000000,3.003574,3.000000,0.091274,3.000000,3.000000,3.000000,3.000000,3.000000,4.000000,0.011955,0.011963,0.038016,0.109938,calls/second,milliseconds
1778486589,7,7.000000,3.003574,3.000000,0.091274,3.000000,3.000000,3.000000,3.000000,3.000000,4.000000,0.011935,0.011963,0.038016,0.109938,calls/second,milliseconds
1778486590,7,7.000000,3.003574,3.000000,0.091274,3.000000,3.000000,3.000000,3.000000,3.000000,4.000000,0.011914,0.011963,0.038016,0.109938,calls/second,milliseconds
1778486591,7,7.000000,3.003574,3.000000,0.091274,3.000000,3.000000,3.000000,3.000000,3.000000,4.000000,0.011894,0.011963,0.038016,0.109938,calls/second,milliseconds
1778486592,7,7.000000,3.003574,3.000000,0.091274,3.000000,3.000000,3.000000,3.000000,3.000000,4.000000,0.011874,0.011963,0.038016,0.109938,calls/second,milliseconds
1778486593,7,7.000000,3.003574,3.000000,0.091274,3.000000,3.000000,3.000000,3.000000,3.000000,4.000000,0.011854,0.011007,0.037388,0.109329,calls/second,milliseconds
1778486594,7,7.000000,3.003574,3.000000,0.091274,3.000000,3.000000,3.000000,3.000000,3.000000,4.000000,0.011834,0.011007,0.037388,0.109329,calls/second,milliseconds
1778486595,7,7.000000,3.003574,3.000000,0.091274,3.000000,3.000000,3.000000,3.000000,3.000000,4.000000,0.011814,0.011007,0.037388,0.109329,calls/second,milliseconds
1778486596,7,7.000000,3.003574,3.000000,0.091274,3.000000,3.000000,3.000000,3.000000,3.000000,4.000000,0.011794,0.011007,0.037388,0.109329,calls/second,milliseconds
1778486597,7,7.000000,3.003574,3.000000,0.091274,3.000000,3.000000,3.000000,3.000000,3.000000,4.000000,0.011774,0.011007,0.037388,0.109329,calls/second,milliseconds
1778486598,7,7.000000,3.003574,3.000000,0.091274,3.000000,3.000000,3.000000,3.000000,3.000000,4.000000,0.011754,0.010127,0.036770,0.108723,calls/second,milliseconds
1778486599,7,7.000000,3.003574,3.000000,0.091274,3.000000,3.000000,3.000000,3.000000,3.000000,4.000000,0.011734,0.010127,0.036770,0.108723,calls/second,milliseconds
1778486600,7,7.000000,3.003574,3.000000,0.091274,3.000000,3.000000,3.000000,3.000000,3.000000,4.000000,0.011714,0.010127,0.036770,0.108723,calls/second,milliseconds
1778486601,7,7.000000,3.003574,3.000000,0.091274,3.000000,3.000000,3.000000,3.000000,3.000000,4.000000,0.011695,0.010127,0.036770,0.108723,calls/second,milliseconds
1778486602,7,7.000000,3.003574,3.000000,0.091274,3.000000,3.000000,3.000000,3.000000,3.000000,4.000000,0.011675,0.010127,0.036770,0.108723,calls/second,milliseconds
1778486603,7,7.000000,3.003574,3.000000,0.091274,3.000000,3.000000,3.000000,3.000000,3.000000,4.000000,0.011656,0.009317,0.036162,0.108121,calls/second,milliseconds
1778486604,7,7.000000,3.003574,3.000000,0.091274,3.000000,3.000000,3.000000,3.000000,3.000000,4.000000,0.011636,0.009317,0.036162,0.108121,calls/second,milliseconds
1778486605,7,7.000000,3.003574,3.000000,0.091274,3.000000,3.000000,3.000000,3.000000,3.000000,4.000000,0.011617,0.009317,0.036162,0.108121,calls/second,milliseconds
1778486606,7,7.000000,3.003574,3.000000,0.091274,3.000000,3.000000,3.000000,3.000000,3.000000,4.000000,0.011598,0.009317,0.036162,0.108121,calls/second,milliseconds
1778486607,7,7.000000,3.003574,3.000000,0.091274,3.000000,3.000000,3.000000,3.000000,3.000000,4.000000,0.011579,0.009317,0.036162,0.108121,calls/second,milliseconds
1778486608,7,7.000000,3.003574,3.000000,0.091274,3.000000,3.000000,3.000000,3.000000,3.000000,4.000000,0.011559,0.008572,0.035565,0.107522,calls/second,milliseconds
1778486609,7,7.000000,3.003574,3.000000,0.091274,3.000000,3.000000,3.000000,3.000000,3.000000,4.000000,0.011540,0.008572,0.035565,0.107522,calls/second,milliseconds
1778486610,7,7.000000,3.003574,3.000000,0.091274,3.000000,3.000000,3.000000,3.000000,3.000000,4.000000,0.011521,0.008572,0.035565,0.107522,calls/second,milliseconds
1778486611,7,7.000000,3.003574,3.000000,0.091274,3.000000,3.000000,3.000000,3.000000,3.000000,4.000000,0.011502,0.008572,0.035565,0.107522,calls/second,milliseconds
1778486612,7,7.000000,3.003574,3.000000,0.091274,3.000000,3.000000,3.000000,3.000000,3.000000,4.000000,0.011483,0.008572,0.035565,0.107522,calls/second,milliseconds
1778486613,7,7.000000,3.003574,3.000000,0.091274,3.000000,3.000000,3.000000,3.000000,3.000000,4.000000,0.011465,0.007887,0.034977,0.106926,calls/second,milliseconds
1778486614,7,7.000000,3.003574,3.000000,0.091274,3.000000,3.000000,3.000000,3.000000,3.000000,4.000000,0.011446,0.007887,0.034977,0.106926,calls/second,milliseconds
1778486615,7,7.000000,3.003574,3.000000,0.091274,3.000000,3.000000,3.000000,3.000000,3.000000,4.000000,0.011427,0.007887,0.034977,0.106926,calls/second,milliseconds
1778486616,7,7.000000,3.003574,3.000000,0.091274,3.000000,3.000000,3.000000,3.000000,3.000000,4.000000,0.011408,0.007887,0.034977,0.106926,calls/second,milliseconds
1778486617,7,7.000000,3.003574,3.000000,0.091274,3.000000,3.000000,3.000000,3.000000,3.000000,4.000000,0.011390,0.007887,0.034977,0.106926,calls/second,milliseconds
1778486618,7,7.000000,3.003574,3.000000,0.091274,3.000000,3.000000,3.000000,3.000000,3.000000,4.000000,0.011371,0.007256,0.034399,0.106334,calls/second,milliseconds
1778486619,7,7.000000,3.003574,3.000000,0.091274,3.000000,3.000000,3.000000,3.000000,3.000000,4.000000,0.011353,0.007256,0.034399,0.106334,calls/second,milliseconds
1778486620,7,7.000000,3.003574,3.000000,0.091274,3.000000,3.000000,3.000000,3.000000,3.000000,4.000000,0.011334,0.007256,0.034399,0.106334,calls/second,milliseconds
1778486621,7,7.000000,3.003574,3.000000,0.091274,3.000000,3.000000,3.000000,3.000000,3.000000,4.000000,0.011316,0.007256,0.034399,0.106334,calls/second,milliseconds
1778486622,7,7.000000,3.003574,3.000000,0.091274,3.000000,3.000000,3.000000,3.000000,3.000000,4.000000,0.011298,0.007256,0.034399,0.106334,calls/second,milliseconds
1778486623,7,7.000000,3.003574,3.000000,0.091274,3.000000,3.000000,3.000000,3.000000,3.000000,4.000000,0.011279,0.006676,0.033830,0.105745,calls/second,milliseconds
1778486624,7,7.000000,3.003574,3.000000,0.091274,3.000000,3.000000,3.000000,3.000000,3.000000,4.000000,0.011261,0.006676,0.033830,0.105745,calls/second,milliseconds
1778486625,7,7.000000,3.003574,3.000000,0.091274,3.000000,3.000000,3.000000,3.000000,3.000000,4.000000,0.011243,0.006676,0.033830,0.105745,calls/second,milliseconds
1778486626,7,7.000000,3.003574,3.000000,0.091274,3.000000,3.000000,3.000000,3.000000,3.000000,4.000000,0.011225,0.006676,0.033830,0.105745,calls/second,milliseconds
1778486627,7,7.000000,3.003574,3.000000,0.091274,3.000000,3.000000,3.000000,3.000000,3.000000,4.000000,0.011207,0.006676,0.033830,0.105745,calls/second,milliseconds
1778486628,7,7.000000,3.003574,3.000000,0.091274,3.000000,3.000000,3.000000,3.000000,3.000000,4.000000,0.011189,0.006142,0.033271,0.105159,calls/second,milliseconds
1778486629,7,7.000000,3.003574,3.000000,0.091274,3.000000,3.000000,3.000000,3.000000,3.000000,4.000000,0.011171,0.006142,0.033271,0.105159,calls/second,milliseconds
1778486630,7,7.000000,3.003574,3.000000,0.091274,3.000000,3.000000,3.000000,3.000000,3.000000,4.000000,0.011153,0.006142,0.033271,0.105159,calls/second,milliseconds
1778486631,7,7.000000,3.003574,3.000000,0.091274,3.000000,3.000000,3.000000,3.000000,3.000000,4.000000,0.011136,0.006142,0.033271,0.105159,calls/second,milliseconds
1778486632,7,7.000000,3.003574,3.000000,0.091274,3.000000,3.000000,3.000000,3.000000,3.000000,4.000000,0.011118,0.006142,0.033271,0.105159,calls/second,milliseconds
1778486633,7,7.000000,3.003574,3.000000,0.091274,3.000000,3.000000,3.000000,3.000000,3.000000,4.000000,0.011100,0.005651,0.032721,0.104576,calls/second,milliseconds
1778486634,7,7.000000,3.003574,3.000000,0.091274,3.000000,3.000000,3.000000,3.000000,3.000000,4.000000,0.011083,0.005651,0.032721,0.104576,calls/second,milliseconds
1778486635,7,7.000000,3.003574,3.000000,0.091274,3.000000,3.000000,3.000000,3.000000,3.000000,4.000000,0.011065,0.005651,0.032721,0.104576,calls/second,milliseconds
1778486636,7,7.000000,3.003574,3.000000,0.091274,3.000000,3.000000,3.000000,3.000000,3.000000,4.000000,0.011048,0.005651,0.032721,0.104576,calls/second,milliseconds
1778486637,7,7.000000,3.003574,3.000000,0.091274,3.000000,3.000000,3.000000,3.000000,3.000000,4.000000,0.011030,0.005651,0.032721,0.104576,calls/second,milliseconds
1778486638,7,7.000000,3.003574,3.000000,0.091274,3.000000,3.000000,3.000000,3.000000,3.000000,4.000000,0.011013,0.005199,0.032180,0.103997,calls/second,milliseconds
1778486639,7,7.000000,3.003574,3.000000,0.091274,3.000000,3.000000,3.000000,3.000000,3.000000,4.000000,0.010995,0.005199,0.032180,0.103997,calls/second,milliseconds
1778486640,7,7.000000,3.003574,3.000000,0.091274,3.000000,3.000000,3.000000,3.000000,3.000000,4.000000,0.010978,0.005199,0.032180,0.103997,calls/second,milliseconds
1778486641,7,7.000000,3.003574,3.000000,0.091274,3.000000,3.000000,3.000000,3.000000,3.000000,4.000000,0.010961,0.005199,0.032180,0.103997,calls/second,milliseconds
1778486642,7,7.000000,3.003574,3.000000,0.091274,3.000000,3.000000,3.000000,3.000000,3.000000,4.000000,0.010944,0.005199,0.032180,0.103997,calls/second,milliseconds
1778486643,7,7.000000,3.003574,3.000000,0.091274,3.000000,3.000000,3.000000,3.000000,3.000000,4.000000,0.010927,0.004784,0.031648,0.103421,calls/second,milliseconds
1778486644,7,7.000000,3.003574,3.000000,0.091274,3.000000,3.000000,3.000000,3.000000,3.000000,4.000000,0.010910,0.004784,0.031648,0.103421,calls/second,milliseconds
1778486645,7,7.000000,3.003574,3.000000,0.091274,3.000000,3.000000,3.000000,3.000000,3.000000,4.000000,0.010893,0.004784,0.031648,0.103421,calls/second,milliseconds
1778486646,7,7.000000,3.003574,3.000000,0.091274,3.000000,3.000000,3.000000,3.000000,3.000000,4.000000,0.010876,0.004784,0.031648,0.103421,calls/second,milliseconds
1778486647,7,7.000000,3.003574,3.000000,0.091274,3.000000,3.000000,3.000000,3.000000,3.000000,4.000000,0.010859,0.004784,0.031648,0.103421,calls/second,milliseconds
1778486648,7,7.000000,3.003574,3.000000,0.091274,3.000000,3.000000,3.000000,3.000000,3.000000,4.000000,0.010842,0.004401,0.031125,0.102848,calls/second,milliseconds
1778486649,7,7.000000,3.003574,3.000000,0.091274,3.000000,3.000000,3.000000,3.000000,3.000000,4.000000,0.010825,0.004401,0.031125,0.102848,calls/second,milliseconds
1778486650,7,7.000000,3.003574,3.000000,0.091274,3.000000,3.000000,3.000000,3.000000,3.000000,4.000000,0.010808,0.004401,0.031125,0.102848,calls/second,milliseconds
1778486651,8,7.000000,3.771941,3.000000,0.420880,4.000000,4.000000,4.000000,4.000000,4.000000,4.000000,0.012333,0.004401,0.031125,0.102848,calls/second,milliseconds
1778486652,8,7.000000,3.771941,3.000000,0.420880,4.000000,4.000000,4.000000,4.000000,4.000000,4.000000,0.012314,0.004401,0.031125,0.102848,calls/second,milliseconds
1778486653,8,7.000000,3.771941,3.000000,0.420880,4.000000,4.000000,4.000000,4.000000,4.000000,4.000000,0.012295,0.020040,0.033916,0.103386,calls/second,milliseconds
1778486654,8,7.000000,3.771941,3.000000,0.420880,4.000000,4.000000,4.000000,4.000000,4.000000,4.000000,0.012276,0.020040,0.033916,0.103386,calls/second,milliseconds
1778486655,8,7.000000,3.771941,3.000000,0.420880,4.000000,4.000000,4.000000,4.000000,4.000000,4.000000,0.012258,0.020040,0.033916,0.103386,calls/second,milliseconds
1778486656,8,7.000000,3.771941,3.000000,0.420880,4.000000,4.000000,4.000000,4.000000,4.000000,4.000000,0.012239,0.020040,0.033916,0.103386,calls/second,milliseconds
1778486657,8,7.000000,3.771941,3.000000,0.420880,4.000000,4.000000,4.000000,4.000000,4.000000,4.000000,0.012220,0.020040,0.033916,0.103386,calls/second,milliseconds
1778486658,8,7.000000,3.771941,3.000000,0.420880,4.000000,4.000000,4.000000,4.000000,4.000000,4.000000,0.012201,0.018438,0.033356,0.102813,calls/second,milliseconds
1778486659,8,7.000000,3.771941,3.000000,0.420880,4.000000,4.000000,4.000000,4.000000,4.000000,4.000000,0.012183,0.018438,0.033356,0.102813,calls/second,milliseconds
1778486660,8,7.000000,3.771941,3.000000,0.420880,4.000000,4.000000,4.000000,4.000000,4.000000,4.000000,0.012164,0.018438,0.033356,0.102813,calls/second,milliseconds
1778486661,8,7.000000,3.771941,3.000000,0.420880,4.000000,4.000000,4.000000,4.000000,4.000000,4.000000,0.012146,0.018438,0.033356,0.102813,calls/second,milliseconds
1778486662,8,7.000000,3.771941,3.000000,0.420880,4.000000,4.000000,4.000000,4.000000,4.000000,4.000000,0.012127,0.018438,0.033356,0.102813,calls/second,milliseconds
1778486663,8,7.000000,3.771941,3.000000,0.420880,4.000000,4.000000,4.000000,4.000000,4.000000,4.000000,0.012109,0.016964,0.032804,0.102244,calls/second,milliseconds
1778486664,8,7.000000,3.771941,3.000000,0.420880,4.000000,4.000000,4.000000,4.000000,4.000000,4.000000,0.012091,0.016964,0.032804,0.102244,calls/second,milliseconds
1778486665,8,7.000000,3.771941,3.000000,0.420880,4.000000,4.000000,4.000000,4.000000,4.000000,4.000000,0.012072,0.016964,0.032804,0.102244,calls/second,milliseconds
1778486666,8,7.000000,3.771941,3.000000,0.420880,4.000000,4.000000,4.000000,4.000000,4.000000,4.000000,0.012054,0.016964,0.032804,0.102244,calls/second,milliseconds
1778486667,8,7.000000,3.771941,3.000000,0.420880,4.000000,4.000000,4.000000,4.000000,4.000000,4.000000,0.012036,0.016964,0.032804,0.102244,calls/second,milliseconds
1778486668,8,7.000000,3.771941,3.000000,0.420880,4.000000,4.000000,4.000000,4.000000,4.000000,4.000000,0.012018,0.015607,0.032262,0.101677,calls/second,milliseconds
1778486669,8,7.000000,3.771941,3.000000,0.420880,4.000000,4.000000,4.000000,4.000000,4.000000,4.000000,0.012000,0.015607,0.032262,0.101677,calls/second,milliseconds
1778486670,8,7.000000,3.771941,3.000000,0.420880,4.000000,4.000000,4.000000,4.000000,4.000000,4.000000,0.011982,0.015607,0.032262,0.101677,calls/second,milliseconds
1778486671,8,7.000000,3.771941,3.000000,0.420880,4.000000,4.000000,4.000000,4.000000,4.000000,4.000000,0.011964,0.015607,0.032262,0.101677,calls/second,milliseconds
1778486672,8,7.000000,3.771941,3.000000,0.420880,4.000000,4.000000,4.000000,4.000000,4.000000,4.000000,0.011946,0.015607,0.032262,0.101677,calls/second,milliseconds
1778486673,8,7.000000,3.771941,3.000000,0.420880,4.000000,4.000000,4.000000,4.000000,4.000000,4.000000,0.011928,0.014359,0.031729,0.101114,calls/second,milliseconds
1778486674,8,7.000000,3.771941,3.000000,0.420880,4.000000,4.000000,4.000000,4.000000,4.000000,4.000000,0.011910,0.014359,0.031729,0.101114,calls/second,milliseconds
1778486675,8,7.000000,3.771941,3.000000,0.420880,4.000000,4.000000,4.000000,4.000000,4.000000,4.000000,0.011893,0.014359,0.031729,0.101114,calls/second,milliseconds
1778486676,8,7.000000,3.771941,3.000000,0.420880,4.000000,4.000000,4.000000,4.000000,4.000000,4.000000,0.011875,0.014359,0.031729,0.101114,calls/second,milliseconds
1778486677,8,7.000000,3.771941,3.000000,0.420880,4.000000,4.000000,4.000000,4.000000,4.000000,4.000000,0.011857,0.014359,0.031729,0.101114,calls/second,milliseconds
1778486678,8,7.000000,3.771941,3.000000,0.420880,4.000000,4.000000,4.000000,4.000000,4.000000,4.000000,0.011840,0.013211,0.031205,0.100554,calls/second,milliseconds
1778486679,8,7.000000,3.771941,3.000000,0.420880,4.000000,4.000000,4.000000,4.000000,4.000000,4.000000,0.011822,0.013211,0.031205,0.100554,calls/second,milliseconds
1778486680,8,7.000000,3.771941,3.000000,0.420880,4.000000,4.000000,4.000000,4.000000,4.000000,4.000000,0.011805,0.013211,0.031205,0.100554,calls/second,milliseconds
1778486681,8,7.000000,3.771941,3.000000,0.420880,4.000000,4.000000,4.000000,4.000000,4.000000,4.000000,0.011787,0.013211,0.031205,0.100554,calls/second,milliseconds
1778486682,8,7.000000,3.771941,3.000000,0.420880,4.000000,4.000000,4.000000,4.000000,4.000000,4.000000,0.011770,0.013211,0.031205,0.100554,calls/second,milliseconds
1778486683,8,7.000000,3.771941,3.000000,0.420880,4.000000,4.000000,4.000000,4.000000,4.000000,4.000000,0.011753,0.012155,0.030689,0.099997,calls/second,milliseconds
1778486684,8,7.000000,3.771941,3.000000,0.420880,4.000000,4.000000,4.000000,4.000000,4.000000,4.000000,0.011735,0.012155,0.030689,0.099997,calls/second,milliseconds
1778486685,8,7.000000,3.771941,3.000000,0.420880,4.000000,4.000000,4.000000,4.000000,4.000000,4.000000,0.011718,0.012155,0.030689,0.099997,calls/second,milliseconds
1778486686,8,7.000000,3.771941,3.000000,0.420880,4.000000,4.000000,4.000000,4.000000,4.000000,4.000000,0.011701,0.012155,0.030689,0.099997,calls/second,milliseconds
1778486687,8,7.000000,3.771941,3.000000,0.420880,4.000000,4.000000,4.000000,4.000000,4.000000,4.000000,0.011684,0.012155,0.030689,0.099997,calls/second,milliseconds
1778486688,8,7.000000,3.771941,3.000000,0.420880,4.000000,4.000000,4.000000,4.000000,4.000000,4.000000,0.011667,0.011183,0.030182,0.099443,calls/second,milliseconds
1778486689,8,7.000000,3.771941,3.000000,0.420880,4.000000,4.000000,4.000000,4.000000,4.000000,4.000000,0.011650,0.011183,0.030182,0.099443,calls/second,milliseconds
1778486690,8,7.000000,3.771941,3.000000,0.420880,4.000000,4.000000,4.000000,4.000000,4.000000,4.000000,0.011633,0.011183,0.030182,0.099443,calls/second,milliseconds
1778486691,8,7.000000,3.771941,3.000000,0.420880,4.000000,4.000000,4.000000,4.000000,4.000000,4.000000,0.011616,0.011183,0.030182,0.099443,calls/second,milliseconds
1778486692,8,7.000000,3.771941,3.000000,0.420880,4.000000,4.000000,4.000000,4.000000,4.000000,4.000000,0.011599,0.011183,0.030182,0.099443,calls/second,milliseconds
1778486693,8,7.000000,3.771941,3.000000,0.420880,4.000000,4.000000,4.000000,4.000000,4.000000,4.000000,0.011582,0.010289,0.029683,0.098892,calls/second,milliseconds
1778486694,8,7.000000,3.771941,3.000000,0.420880,4.000000,4.000000,4.000000,4.000000,4.000000,4.000000,0.011565,0.010289,0.029683,0.098892,calls/second,milliseconds
1778486695,8,7.000000,3.771941,3.000000,0.420880,4.000000,4.000000,4.000000,4.000000,4.000000,4.000000,0.011549,0.010289,0.029683,0.098892,calls/second,milliseconds
1778486696,8,7.000000,3.771941,3.000000,0.420880,4.000000,4.000000,4.000000,4.000000,4.000000,4.000000,0.011532,0.010289,0.029683,0.098892,calls/second,milliseconds
1778486697,8,7.000000,3.771941,3.000000,0.420880,4.000000,4.000000,4.000000,4.000000,4.000000,4.000000,0.011515,0.010289,0.029683,0.098892,calls/second,milliseconds
1778486698,8,7.000000,3.771941,3.000000,0.420880,4.000000,4.000000,4.000000,4.000000,4.000000,4.000000,0.011499,0.009466,0.029192,0.098344,calls/second,milliseconds
1778486699,8,7.000000,3.771941,3.000000,0.420880,4.000000,4.000000,4.000000,4.000000,4.000000,4.000000,0.011482,0.009466,0.029192,0.098344,calls/second,milliseconds
1778486700,8,7.000000,3.771941,3.000000,0.420880,4.000000,4.000000,4.000000,4.000000,4.000000,4.000000,0.011466,0.009466,0.029192,0.098344,calls/second,milliseconds
1778486701,8,7.000000,3.771941,3.000000,0.420880,4.000000,4.000000,4.000000,4.000000,4.000000,4.000000,0.011449,0.009466,0.029192,0.098344,calls/second,milliseconds
1778486702,8,7.000000,3.771941,3.000000,0.420880,4.000000,4.000000,4.000000,4.000000,4.000000,4.000000,0.011433,0.009466,0.029192,0.098344,calls/second,milliseconds
1778486703,8,7.000000,3.771941,3.000000,0.420880,4.000000,4.000000,4.000000,4.000000,4.000000,4.000000,0.011417,0.008709,0.028710,0.097799,calls/second,milliseconds
1778486704,8,7.000000,3.771941,3.000000,0.420880,4.000000,4.000000,4.000000,4.000000,4.000000,4.000000,0.011400,0.008709,0.028710,0.097799,calls/second,milliseconds
1778486705,8,7.000000,3.771941,3.000000,0.420880,4.000000,4.000000,4.000000,4.000000,4.000000,4.000000,0.011384,0.008709,0.028710,0.097799,calls/second,milliseconds
1778486706,8,7.000000,3.771941,3.000000,0.420880,4.000000,4.000000,4.000000,4.000000,4.000000,4.000000,0.011368,0.008709,0.028710,0.097799,calls/second,milliseconds
1778486707,8,7.000000,3.771941,3.000000,0.420880,4.000000,4.000000,4.000000,4.000000,4.000000,4.000000,0.011352,0.008709,0.028710,0.097799,calls/second,milliseconds
1778486708,8,7.000000,3.771941,3.000000,0.420880,4.000000,4.000000,4.000000,4.000000,4.000000,4.000000,0.011335,0.008013,0.028235,0.097257,calls/second,milliseconds
1778486709,8,7.000000,3.771941,3.000000,0.420880,4.000000,4.000000,4.000000,4.000000,4.000000,4.000000,0.011319,0.008013,0.028235,0.097257,calls/second,milliseconds
1778486710,8,7.000000,3.771941,3.000000,0.420880,4.000000,4.000000,4.000000,4.000000,4.000000,4.000000,0.011303,0.008013,0.028235,0.097257,calls/second,milliseconds
1778486711,8,7.000000,3.771941,3.000000,0.420880,4.000000,4.000000,4.000000,4.000000,4.000000,4.000000,0.011287,0.008013,0.028235,0.097257,calls/second,milliseconds
1778486712,8,7.000000,3.771941,3.000000,0.420880,4.000000,4.000000,4.000000,4.000000,4.000000,4.000000,0.011272,0.008013,0.028235,0.097257,calls/second,milliseconds
1778486713,8,7.000000,3.771941,3.000000,0.420880,4.000000,4.000000,4.000000,4.000000,4.000000,4.000000,0.011256,0.007372,0.027768,0.096718,calls/second,milliseconds
1778486714,8,7.000000,3.771941,3.000000,0.420880,4.000000,4.000000,4.000000,4.000000,4.000000,4.000000,0.011240,0.007372,0.027768,0.096718,calls/second,milliseconds
1778486715,8,7.000000,3.771941,3.000000,0.420880,4.000000,4.000000,4.000000,4.000000,4.000000,4.000000,0.011224,0.007372,0.027768,0.096718,calls/second,milliseconds
1778486716,8,7.000000,3.771941,3.000000,0.420880,4.000000,4.000000,4.000000,4.000000,4.000000,4.000000,0.011208,0.007372,0.027768,0.096718,calls/second,milliseconds
1778486717,8,7.000000,3.771941,3.000000,0.420880,4.000000,4.000000,4.000000,4.000000,4.000000,4.000000,0.011193,0.007372,0.027768,0.096718,calls/second,milliseconds
1778486718,8,7.000000,3.771941,3.000000,0.420880,4.000000,4.000000,4.000000,4.000000,4.000000,4.000000,0.011177,0.006783,0.027309,0.096183,calls/second,milliseconds
1778486719,8,7.000000,3.771941,3.000000,0.420880,4.000000,4.000000,4.000000,4.000000,4.000000,4.000000,0.011161,0.006783,0.027309,0.096183,calls/second,milliseconds
1778486720,8,7.000000,3.771941,3.000000,0.420880,4.000000,4.000000,4.000000,4.000000,4.000000,4.000000,0.011146,0.006783,0.027309,0.096183,calls/second,milliseconds
1778486721,8,7.000000,3.771941,3.000000,0.420880,4.000000,4.000000,4.000000,4.000000,4.000000,4.000000,0.011130,0.006783,0.027309,0.096183,calls/second,milliseconds
1778486722,8,7.000000,3.771941,3.000000,0.420880,4.000000,4.000000,4.000000,4.000000,4.000000,4.000000,0.011115,0.006783,0.027309,0.096183,calls/second,milliseconds
1778486723,8,7.000000,3.771941,3.000000,0.420880,4.000000,4.000000,4.000000,4.000000,4.000000,4.000000,0.011099,0.006241,0.026858,0.095650,calls/second,milliseconds
1778486724,8,7.000000,3.771941,3.000000,0.420880,4.000000,4.000000,4.000000,4.000000,4.000000,4.000000,0.011084,0.006241,0.026858,0.095650,calls/second,milliseconds
1778486725,8,7.000000,3.771941,3.000000,0.420880,4.000000,4.000000,4.000000,4.000000,4.000000,4.000000,0.011068,0.006241,0.026858,0.095650,calls/second,milliseconds
1778486726,8,7.000000,3.771941,3.000000,0.420880,4.000000,4.000000,4.000000,4.000000,4.000000,4.000000,0.011053,0.006241,0.026858,0.095650,calls/second,milliseconds
1778486727,8,7.000000,3.771941,3.000000,0.420880,4.000000,4.000000,4.000000,4.000000,4.000000,4.000000,0.011038,0.006241,0.026858,0.095650,calls/second,milliseconds
1778486728,8,7.000000,3.771941,3.000000,0.420880,4.000000,4.000000,4.000000,4.000000,4.000000,4.000000,0.011023,0.005742,0.026414,0.095120,calls/second,milliseconds
1778486729,8,7.000000,3.771941,3.000000,0.420880,4.000000,4.000000,4.000000,4.000000,4.000000,4.000000,0.011007,0.005742,0.026414,0.095120,calls/second,milliseconds
1778486730,8,7.000000,3.771941,3.000000,0.420880,4.000000,4.000000,4.000000,4.000000,4.000000,4.000000,0.010992,0.005742,0.026414,0.095120,calls/second,milliseconds
1778486731,8,7.000000,3.771941,3.000000,0.420880,4.000000,4.000000,4.000000,4.000000,4.000000,4.000000,0.010977,0.005742,0.026414,0.095120,calls/second,milliseconds
1778486732,8,7.000000,3.771941,3.000000,0.420880,4.000000,4.000000,4.000000,4.000000,4.000000,4.000000,0.010962,0.005742,0.026414,0.095120,calls/second,milliseconds
1778486733,8,7.000000,3.771941,3.000000,0.420880,4.000000,4.000000,4.000000,4.000000,4.000000,4.000000,0.010947,0.005283,0.025978,0.094593,calls/second,milliseconds
1778486734,8,7.000000,3.771941,3.000000,0.420880,4.000000,4.000000,4.000000,4.000000,4.000000,4.000000,0.010932,0.005283,0.025978,0.094593,calls/second,milliseconds
1778486735,8,7.000000,3.771941,3.000000,0.420880,4.000000,4.000000,4.000000,4.000000,4.000000,4.000000,0.010917,0.005283,0.025978,0.094593,calls/second,milliseconds
1778486736,8,7.000000,3.771941,3.000000,0.420880,4.000000,4.000000,4.000000,4.000000,4.000000,4.000000,0.010902,0.005283,0.025978,0.094593,calls/second,milliseconds
1778486737,8,7.000000,3.771941,3.000000,0.420880,4.000000,4.000000,4.000000,4.000000,4.000000,4.000000,0.010887,0.005283,0.025978,0.094593,calls/second,milliseconds
1778486738,8,7.000000,3.771941,3.000000,0.420880,4.000000,4.000000,4.000000,4.000000,4.000000,4.000000,0.010873,0.004860,0.025548,0.094069,calls/second,milliseconds
1778486739,8,7.000000,3.771941,3.000000,0.420880,4.000000,4.000000,4.000000,4.000000,4.000000,4.000000,0.010858,0.004860,0.025548,0.094069,calls/second,milliseconds
1778486740,8,7.000000,3.771941,3.000000,0.420880,4.000000,4.000000,4.000000,4.000000,4.000000,4.000000,0.010843,0.004860,0.025548,0.094069,calls/second,milliseconds
1778486741,8,7.000000,3.771941,3.000000,0.420880,4.000000,4.000000,4.000000,4.000000,4.000000,4.000000,0.010828,0.004860,0.025548,0.094069,calls/second,milliseconds
1778486742,8,7.000000,3.771941,3.000000,0.420880,4.000000,4.000000,4.000000,4.000000,4.000000,4.000000,0.010814,0.004860,0.025548,0.094069,calls/second,milliseconds
1778486743,8,7.000000,3.771941,3.000000,0.420880,4.000000,4.000000,4.000000,4.000000,4.000000,4.000000,0.010799,0.004472,0.025126,0.093548,calls/second,milliseconds
1778486744,8,7.000000,3.771941,3.000000,0.420880,4.000000,4.000000,4.000000,4.000000,4.000000,4.000000,0.010784,0.004472,0.025126,0.093548,calls/second,milliseconds
1778486745,8,7.000000,3.771941,3.000000,0.420880,4.000000,4.000000,4.000000,4.000000,4.000000,4.000000,0.010770,0.004472,0.025126,0.093548,calls/second,milliseconds
1778486746,8,7.000000,3.771941,3.000000,0.420880,4.000000,4.000000,4.000000,4.000000,4.000000,4.000000,0.010755,0.004472,0.025126,0.093548,calls/second,milliseconds
1778486747,8,7.000000,3.771941,3.000000,0.420880,4.000000,4.000000,4.000000,4.000000,4.000000,4.000000,0.010741,0.004472,0.025126,0.093548,calls/second,milliseconds
1778486748,8,7.000000,3.771941,3.000000,0.420880,4.000000,4.000000,4.000000,4.000000,4.000000,4.000000,0.010726,0.004114,0.024711,0.093029,calls/second,milliseconds
1778486749,9,7.000000,3.947618,3.000000,0.223358,4.000000,4.000000,4.000000,4.000000,4.000000,4.000000,0.012051,0.004114,0.024711,0.093029,calls/second,milliseconds
1778486750,9,7.000000,3.947618,3.000000,0.223358,4.000000,4.000000,4.000000,4.000000,4.000000,4.000000,0.012035,0.004114,0.024711,0.093029,calls/second,milliseconds
1778486751,9,7.000000,3.947618,3.000000,0.223358,4.000000,4.000000,4.000000,4.000000,4.000000,4.000000,0.012019,0.004114,0.024711,0.093029,calls/second,milliseconds
1778486752,9,7.000000,3.947618,3.000000,0.223358,4.000000,4.000000,4.000000,4.000000,4.000000,4.000000,0.012003,0.004114,0.024711,0.093029,calls/second,milliseconds
1778486753,9,7.000000,3.947618,3.000000,0.223358,4.000000,4.000000,4.000000,4.000000,4.000000,4.000000,0.011987,0.019776,0.027608,0.093622,calls/second,milliseconds
1778486754,9,7.000000,3.947618,3.000000,0.223358,4.000000,4.000000,4.000000,4.000000,4.000000,4.000000,0.011971,0.019776,0.027608,0.093622,calls/second,milliseconds
1778486755,9,7.000000,3.947618,3.000000,0.223358,4.000000,4.000000,4.000000,4.000000,4.000000,4.000000,0.011955,0.019776,0.027608,0.093622,calls/second,milliseconds
1778486756,9,7.000000,3.947618,3.000000,0.223358,4.000000,4.000000,4.000000,4.000000,4.000000,4.000000,0.011939,0.019776,0.027608,0.093622,calls/second,milliseconds
1778486757,9,7.000000,3.947618,3.000000,0.223358,4.000000,4.000000,4.000000,4.000000,4.000000,4.000000,0.011923,0.019776,0.027608,0.093622,calls/second,milliseconds
1778486758,9,7.000000,3.947618,3.000000,0.223358,4.000000,4.000000,4.000000,4.000000,4.000000,4.000000,0.011907,0.018195,0.027152,0.093103,calls/second,milliseconds
1778486759,9,7.000000,3.947618,3.000000,0.223358,4.000000,4.000000,4.000000,4.000000,4.000000,4.000000,0.011892,0.018195,0.027152,0.093103,calls/second,milliseconds
1778486760,9,7.000000,3.947618,3.000000,0.223358,4.000000,4.000000,4.000000,4.000000,4.000000,4.000000,0.011876,0.018195,0.027152,0.093103,calls/second,milliseconds
1778486761,9,7.000000,3.947618,3.000000,0.223358,4.000000,4.000000,4.000000,4.000000,4.000000,4.000000,0.011860,0.018195,0.027152,0.093103,calls/second,milliseconds
1778486762,9,7.000000,3.947618,3.000000,0.223358,4.000000,4.000000,4.000000,4.000000,4.000000,4.000000,0.011845,0.018195,0.027152,0.093103,calls/second,milliseconds
1778486763,9,7.000000,3.947618,3.000000,0.223358,4.000000,4.000000,4.000000,4.000000,4.000000,4.000000,0.011829,0.016740,0.026703,0.092588,calls/second,milliseconds
1778486764,9,7.000000,3.947618,3.000000,0.223358,4.000000,4.000000,4.000000,4.000000,4.000000,4.000000,0.011813,0.016740,0.026703,0.092588,calls/second,milliseconds
1778486765,9,7.000000,3.947618,3.000000,0.223358,4.000000,4.000000,4.000000,4.000000,4.000000,4.000000,0.011798,0.016740,0.026703,0.092588,calls/second,milliseconds
1778486766,9,7.000000,3.947618,3.000000,0.223358,4.000000,4.000000,4.000000,4.000000,4.000000,4.000000,0.011782,0.016740,0.026703,0.092588,calls/second,milliseconds
1778486767,9,7.000000,3.947618,3.000000,0.223358,4.000000,4.000000,4.000000,4.000000,4.000000,4.000000,0.011767,0.016740,0.026703,0.092588,calls/second,milliseconds
1778486768,9,7.000000,3.947618,3.000000,0.223358,4.000000,4.000000,4.000000,4.000000,4.000000,4.000000,0.011752,0.015402,0.026261,0.092075,calls/second,milliseconds
1778486769,9,7.000000,3.947618,3.000000,0.223358,4.000000,4.000000,4.000000,4.000000,4.000000,4.000000,0.011736,0.015402,0.026261,0.092075,calls/second,milliseconds
1778486770,9,7.000000,3.947618,3.000000,0.223358,4.000000,4.000000,4.000000,4.000000,4.000000,4.000000,0.011721,0.015402,0.026261,0.092075,calls/second,milliseconds
1778486771,9,7.000000,3.947618,3.000000,0.223358,4.000000,4.000000,4.000000,4.000000,4.000000,4.000000,0.011706,0.015402,0.026261,0.092075,calls/second,milliseconds
1778486772,9,7.000000,3.947618,3.000000,0.223358,4.000000,4.000000,4.000000,4.000000,4.000000,4.000000,0.011690,0.015402,0.026261,0.092075,calls/second,milliseconds
1778486773,9,7.000000,3.947618,3.000000,0.223358,4.000000,4.000000,4.000000,4.000000,4.000000,4.000000,0.011675,0.014170,0.025827,0.091564,calls/second,milliseconds
1778486774,9,7.000000,3.947618,3.000000,0.223358,4.000000,4.000000,4.000000,4.000000,4.000000,4.000000,0.011660,0.014170,0.025827,0.091564,calls/second,milliseconds
1778486775,9,7.000000,3.947618,3.000000,0.223358,4.000000,4.000000,4.000000,4.000000,4.000000,4.000000,0.011645,0.014170,0.025827,0.091564,calls/second,milliseconds
1778486776,9,7.000000,3.947618,3.000000,0.223358,4.000000,4.000000,4.000000,4.000000,4.000000,4.000000,0.011630,0.014170,0.025827,0.091564,calls/second,milliseconds
1778486777,9,7.000000,3.947618,3.000000,0.223358,4.000000,4.000000,4.000000,4.000000,4.000000,4.000000,0.011615,0.014170,0.025827,0.091564,calls/second,milliseconds
1778486778,9,7.000000,3.947618,3.000000,0.223358,4.000000,4.000000,4.000000,4.000000,4.000000,4.000000,0.011600,0.013037,0.025400,0.091057,calls/second,milliseconds
1778486779,9,7.000000,3.947618,3.000000,0.223358,4.000000,4.000000,4.000000,4.000000,4.000000,4.000000,0.011585,0.013037,0.025400,0.091057,calls/second,milliseconds
1778486780,9,7.000000,3.947618,3.000000,0.223358,4.000000,4.000000,4.000000,4.000000,4.000000,4.000000,0.011570,0.013037,0.025400,0.091057,calls/second,milliseconds
1778486781,9,7.000000,3.947618,3.000000,0.223358,4.000000,4.000000,4.000000,4.000000,4.000000,4.000000,0.011555,0.013037,0.025400,0.091057,calls/second,milliseconds
1778486782,9,7.000000,3.947618,3.000000,0.223358,4.000000,4.000000,4.000000,4.000000,4.000000,4.000000,0.011540,0.013037,0.025400,0.091057,calls/second,milliseconds
1778486783,9,7.000000,3.947618,3.000000,0.223358,4.000000,4.000000,4.000000,4.000000,4.000000,4.000000,0.011526,0.011995,0.024981,0.090553,calls/second,milliseconds
1778486784,9,7.000000,3.947618,3.000000,0.223358,4.000000,4.000000,4.000000,4.000000,4.000000,4.000000,0.011511,0.011995,0.024981,0.090553,calls/second,milliseconds
1778486785,9,7.000000,3.947618,3.000000,0.223358,4.000000,4.000000,4.000000,4.000000,4.000000,4.000000,0.011496,0.011995,0.024981,0.090553,calls/second,milliseconds
1778486787,9,7.000000,3.947618,3.000000,0.223358,4.000000,4.000000,4.000000,4.000000,4.000000,4.000000,0.011481,0.011995,0.024981,0.090553,calls/second,milliseconds
1778486788,9,7.000000,3.947618,3.000000,0.223358,4.000000,4.000000,4.000000,4.000000,4.000000,4.000000,0.011467,0.011995,0.024981,0.090553,calls/second,milliseconds
1778486789,9,7.000000,3.947618,3.000000,0.223358,4.000000,4.000000,4.000000,4.000000,4.000000,4.000000,0.011452,0.011036,0.024568,0.090051,calls/second,milliseconds
1778486790,9,7.000000,3.947618,3.000000,0.223358,4.000000,4.000000,4.000000,4.000000,4.000000,4.000000,0.011437,0.011036,0.024568,0.090051,calls/second,milliseconds
1778486791,9,7.000000,3.947618,3.000000,0.223358,4.000000,4.000000,4.000000,4.000000,4.000000,4.000000,0.011423,0.011036,0.024568,0.090051,calls/second,milliseconds
1778486792,9,7.000000,3.947618,3.000000,0.223358,4.000000,4.000000,4.000000,4.000000,4.000000,4.000000,0.011408,0.011036,0.024568,0.090051,calls/second,milliseconds
1778486793,9,7.000000,3.947618,3.000000,0.223358,4.000000,4.000000,4.000000,4.000000,4.000000,4.000000,0.011394,0.011036,0.024568,0.090051,calls/second,milliseconds
1778486794,9,7.000000,3.947618,3.000000,0.223358,4.000000,4.000000,4.000000,4.000000,4.000000,4.000000,0.011380,0.010153,0.024162,0.089552,calls/second,milliseconds
1778486795,9,7.000000,3.947618,3.000000,0.223358,4.000000,4.000000,4.000000,4.000000,4.000000,4.000000,0.011365,0.010153,0.024162,0.089552,calls/second,milliseconds
1778486796,9,7.000000,3.947618,3.000000,0.223358,4.000000,4.000000,4.000000,4.000000,4.000000,4.000000,0.011351,0.010153,0.024162,0.089552,calls/second,milliseconds
1778486797,9,7.000000,3.947618,3.000000,0.223358,4.000000,4.000000,4.000000,4.000000,4.000000,4.000000,0.011336,0.010153,0.024162,0.089552,calls/second,milliseconds
1778486798,9,7.000000,3.947618,3.000000,0.223358,4.000000,4.000000,4.000000,4.000000,4.000000,4.000000,0.011322,0.010153,0.024162,0.089552,calls/second,milliseconds
1778486799,9,7.000000,3.947618,3.000000,0.223358,4.000000,4.000000,4.000000,4.000000,4.000000,4.000000,0.011308,0.009342,0.023762,0.089056,calls/second,milliseconds
1778486800,9,7.000000,3.947618,3.000000,0.223358,4.000000,4.000000,4.000000,4.000000,4.000000,4.000000,0.011294,0.009342,0.023762,0.089056,calls/second,milliseconds
1778486801,9,7.000000,3.947618,3.000000,0.223358,4.000000,4.000000,4.000000,4.000000,4.000000,4.000000,0.011280,0.009342,0.023762,0.089056,calls/second,milliseconds
1778486802,9,7.000000,3.947618,3.000000,0.223358,4.000000,4.000000,4.000000,4.000000,4.000000,4.000000,0.011265,0.009342,0.023762,0.089056,calls/second,milliseconds
1778486803,9,7.000000,3.947618,3.000000,0.223358,4.000000,4.000000,4.000000,4.000000,4.000000,4.000000,0.011251,0.009342,0.023762,0.089056,calls/second,milliseconds
1778486804,9,7.000000,3.947618,3.000000,0.223358,4.000000,4.000000,4.000000,4.000000,4.000000,4.000000,0.011237,0.008595,0.023370,0.088563,calls/second,milliseconds
1778486805,9,7.000000,3.947618,3.000000,0.223358,4.000000,4.000000,4.000000,4.000000,4.000000,4.000000,0.011223,0.008595,0.023370,0.088563,calls/second,milliseconds
1778486806,9,7.000000,3.947618,3.000000,0.223358,4.000000,4.000000,4.000000,4.000000,4.000000,4.000000,0.011209,0.008595,0.023370,0.088563,calls/second,milliseconds
1778486807,9,7.000000,3.947618,3.000000,0.223358,4.000000,4.000000,4.000000,4.000000,4.000000,4.000000,0.011195,0.008595,0.023370,0.088563,calls/second,milliseconds
1778486808,9,7.000000,3.947618,3.000000,0.223358,4.000000,4.000000,4.000000,4.000000,4.000000,4.000000,0.011181,0.008595,0.023370,0.088563,calls/second,milliseconds
1778486809,9,7.000000,3.947618,3.000000,0.223358,4.000000,4.000000,4.000000,4.000000,4.000000,4.000000,0.011167,0.007908,0.022983,0.088072,calls/second,milliseconds
1778486810,9,7.000000,3.947618,3.000000,0.223358,4.000000,4.000000,4.000000,4.000000,4.000000,4.000000,0.011154,0.007908,0.022983,0.088072,calls/second,milliseconds
1778486811,9,7.000000,3.947618,3.000000,0.223358,4.000000,4.000000,4.000000,4.000000,4.000000,4.000000,0.011140,0.007908,0.022983,0.088072,calls/second,milliseconds
1778486812,9,7.000000,3.947618,3.000000,0.223358,4.000000,4.000000,4.000000,4.000000,4.000000,4.000000,0.011126,0.007908,0.022983,0.088072,calls/second,milliseconds
1778486813,9,7.000000,3.947618,3.000000,0.223358,4.000000,4.000000,4.000000,4.000000,4.000000,4.000000,0.011112,0.007908,0.022983,0.088072,calls/second,milliseconds
1778486814,9,7.000000,3.947618,3.000000,0.223358,4.000000,4.000000,4.000000,4.000000,4.000000,4.000000,0.011098,0.007275,0.022603,0.087584,calls/second,milliseconds
1778486815,9,7.000000,3.947618,3.000000,0.223358,4.000000,4.000000,4.000000,4.000000,4.000000,4.000000,0.011085,0.007275,0.022603,0.087584,calls/second,milliseconds
1778486816,9,7.000000,3.947618,3.000000,0.223358,4.000000,4.000000,4.000000,4.000000,4.000000,4.000000,0.011071,0.007275,0.022603,0.087584,calls/second,milliseconds
1778486817,9,7.000000,3.947618,3.000000,0.223358,4.000000,4.000000,4.000000,4.000000,4.000000,4.000000,0.011057,0.007275,0.022603,0.087584,calls/second,milliseconds
1778486818,9,7.000000,3.947618,3.000000,0.223358,4.000000,4.000000,4.000000,4.000000,4.000000,4.000000,0.011044,0.007275,0.022603,0.087584,calls/second,milliseconds
1778486819,9,7.000000,3.947618,3.000000,0.223358,4.000000,4.000000,4.000000,4.000000,4.000000,4.000000,0.011030,0.006694,0.022230,0.087099,calls/second,milliseconds
1778486820,9,7.000000,3.947618,3.000000,0.223358,4.000000,4.000000,4.000000,4.000000,4.000000,4.000000,0.011017,0.006694,0.022230,0.087099,calls/second,milliseconds
1778486821,9,7.000000,3.947618,3.000000,0.223358,4.000000,4.000000,4.000000,4.000000,4.000000,4.000000,0.011003,0.006694,0.022230,0.087099,calls/second,milliseconds
1778486822,9,7.000000,3.947618,3.000000,0.223358,4.000000,4.000000,4.000000,4.000000,4.000000,4.000000,0.010990,0.006694,0.022230,0.087099,calls/second,milliseconds
1778486823,9,7.000000,3.947618,3.000000,0.223358,4.000000,4.000000,4.000000,4.000000,4.000000,4.000000,0.010976,0.006694,0.022230,0.087099,calls/second,milliseconds
1778486824,9,7.000000,3.947618,3.000000,0.223358,4.000000,4.000000,4.000000,4.000000,4.000000,4.000000,0.010963,0.006158,0.021862,0.086616,calls/second,milliseconds
1778486825,9,7.000000,3.947618,3.000000,0.223358,4.000000,4.000000,4.000000,4.000000,4.000000,4.000000,0.010950,0.006158,0.021862,0.086616,calls/second,milliseconds
1778486826,9,7.000000,3.947618,3.000000,0.223358,4.000000,4.000000,4.000000,4.000000,4.000000,4.000000,0.010936,0.006158,0.021862,0.086616,calls/second,milliseconds
1778486827,9,7.000000,3.947618,3.000000,0.223358,4.000000,4.000000,4.000000,4.000000,4.000000,4.000000,0.010923,0.006158,0.021862,0.086616,calls/second,milliseconds
1778486828,9,7.000000,3.947618,3.000000,0.223358,4.000000,4.000000,4.000000,4.000000,4.000000,4.000000,0.010910,0.006158,0.021862,0.086616,calls/second,milliseconds
1778486829,9,7.000000,3.947618,3.000000,0.223358,4.000000,4.000000,4.000000,4.000000,4.000000,4.000000,0.010897,0.005666,0.021501,0.086136,calls/second,milliseconds
1778486830,9,7.000000,3.947618,3.000000,0.223358,4.000000,4.000000,4.000000,4.000000,4.000000,4.000000,0.010883,0.005666,0.021501,0.086136,calls/second,milliseconds
1778486831,9,7.000000,3.947618,3.000000,0.223358,4.000000,4.000000,4.000000,4.000000,4.000000,4.000000,0.010870,0.005666,0.021501,0.086136,calls/second,milliseconds
1778486832,9,7.000000,3.947618,3.000000,0.223358,4.000000,4.000000,4.000000,4.000000,4.000000,4.000000,0.010857,0.005666,0.021501,0.086136,calls/second,milliseconds
1778486833,9,7.000000,3.947618,3.000000,0.223358,4.000000,4.000000,4.000000,4.000000,4.000000,4.000000,0.010844,0.005666,0.021501,0.086136,calls/second,milliseconds
1778486834,9,7.000000,3.947618,3.000000,0.223358,4.000000,4.000000,4.000000,4.000000,4.000000,4.000000,0.010831,0.005213,0.021146,0.085659,calls/second,milliseconds
1778486835,9,7.000000,3.947618,3.000000,0.223358,4.000000,4.000000,4.000000,4.000000,4.000000,4.000000,0.010818,0.005213,0.021146,0.085659,calls/second,milliseconds
1778486836,9,7.000000,3.947618,3.000000,0.223358,4.000000,4.000000,4.000000,4.000000,4.000000,4.000000,0.010805,0.005213,0.021146,0.085659,calls/second,milliseconds
1778486837,9,7.000000,3.947618,3.000000,0.223358,4.000000,4.000000,4.000000,4.000000,4.000000,4.000000,0.010792,0.005213,0.021146,0.085659,calls/second,milliseconds
1778486838,9,7.000000,3.947618,3.000000,0.223358,4.000000,4.000000,4.000000,4.000000,4.000000,4.000000,0.010779,0.005213,0.021146,0.085659,calls/second,milliseconds
1778486839,9,7.000000,3.947618,3.000000,0.223358,4.000000,4.000000,4.000000,4.000000,4.000000,4.000000,0.010766,0.004796,0.020796,0.085185,calls/second,milliseconds
1778486840,9,7.000000,3.947618,3.000000,0.223358,4.000000,4.000000,4.000000,4.000000,4.000000,4.000000,0.010753,0.004796,0.020796,0.085185,calls/second,milliseconds
1778486841,9,7.000000,3.947618,3.000000,0.223358,4.000000,4.000000,4.000000,4.000000,4.000000,4.000000,0.010740,0.004796,0.020796,0.085185,calls/second,milliseconds
1778486842,9,7.000000,3.947618,3.000000,0.223358,4.000000,4.000000,4.000000,4.000000,4.000000,4.000000,0.010727,0.004796,0.020796,0.085185,calls/second,milliseconds
1778486843,9,7.000000,3.947618,3.000000,0.223358,4.000000,4.000000,4.000000,4.000000,4.000000,4.000000,0.010715,0.004796,0.020796,0.085185,calls/second,milliseconds
1778486844,9,7.000000,3.947618,3.000000,0.223358,4.000000,4.000000,4.000000,4.000000,4.000000,4.000000,0.010702,0.004413,0.020452,0.084713,calls/second,milliseconds
1778486845,9,7.000000,3.947618,3.000000,0.223358,4.000000,4.000000,4.000000,4.000000,4.000000,4.000000,0.010689,0.004413,0.020452,0.084713,calls/second,milliseconds
1778486846,9,7.000000,3.947618,3.000000,0.223358,4.000000,4.000000,4.000000,4.000000,4.000000,4.000000,0.010676,0.004413,0.020452,0.084713,calls/second,milliseconds
1778486847,9,7.000000,3.947618,3.000000,0.223358,4.000000,4.000000,4.000000,4.000000,4.000000,4.000000,0.010664,0.004413,0.020452,0.084713,calls/second,milliseconds
1778486848,10,7.000000,3.215323,3.000000,0.411116,3.000000,3.000000,4.000000,4.000000,4.000000,4.000000,0.011835,0.004413,0.020452,0.084713,calls/second,milliseconds
1778486849,10,7.000000,3.215323,3.000000,0.411116,3.000000,3.000000,4.000000,4.000000,4.000000,4.000000,0.011821,0.020051,0.023420,0.085351,calls/second,milliseconds
1778486850,10,7.000000,3.215323,3.000000,0.411116,3.000000,3.000000,4.000000,4.000000,4.000000,4.000000,0.011807,0.020051,0.023420,0.085351,calls/second,milliseconds
1778486851,10,7.000000,3.215323,3.000000,0.411116,3.000000,3.000000,4.000000,4.000000,4.000000,4.000000,0.011793,0.020051,0.023420,0.085351,calls/second,milliseconds
1778486852,10,7.000000,3.215323,3.000000,0.411116,3.000000,3.000000,4.000000,4.000000,4.000000,4.000000,0.011779,0.020051,0.023420,0.085351,calls/second,milliseconds
1778486853,10,7.000000,3.215323,3.000000,0.411116,3.000000,3.000000,4.000000,4.000000,4.000000,4.000000,0.011765,0.020051,0.023420,0.085351,calls/second,milliseconds
1778486854,10,7.000000,3.215323,3.000000,0.411116,3.000000,3.000000,4.000000,4.000000,4.000000,4.000000,0.011751,0.018448,0.023033,0.084879,calls/second,milliseconds
1778486855,10,7.000000,3.215323,3.000000,0.411116,3.000000,3.000000,4.000000,4.000000,4.000000,4.000000,0.011737,0.018448,0.023033,0.084879,calls/second,milliseconds
1778486856,10,7.000000,3.215323,3.000000,0.411116,3.000000,3.000000,4.000000,4.000000,4.000000,4.000000,0.011723,0.018448,0.023033,0.084879,calls/second,milliseconds
1778486857,10,7.000000,3.215323,3.000000,0.411116,3.000000,3.000000,4.000000,4.000000,4.000000,4.000000,0.011710,0.018448,0.023033,0.084879,calls/second,milliseconds
1778486858,10,7.000000,3.215323,3.000000,0.411116,3.000000,3.000000,4.000000,4.000000,4.000000,4.000000,0.011696,0.016973,0.022652,0.084408,calls/second,milliseconds
1778486859,10,7.000000,3.215323,3.000000,0.411116,3.000000,3.000000,4.000000,4.000000,4.000000,4.000000,0.011682,0.016973,0.022652,0.084408,calls/second,milliseconds
1778486860,10,7.000000,3.215323,3.000000,0.411116,3.000000,3.000000,4.000000,4.000000,4.000000,4.000000,0.011669,0.016973,0.022652,0.084408,calls/second,milliseconds
1778486861,10,7.000000,3.215323,3.000000,0.411116,3.000000,3.000000,4.000000,4.000000,4.000000,4.000000,0.011655,0.016973,0.022652,0.084408,calls/second,milliseconds
1778486862,10,7.000000,3.215323,3.000000,0.411116,3.000000,3.000000,4.000000,4.000000,4.000000,4.000000,0.011641,0.016973,0.022652,0.084408,calls/second,milliseconds
1778486863,10,7.000000,3.215323,3.000000,0.411116,3.000000,3.000000,4.000000,4.000000,4.000000,4.000000,0.011628,0.015616,0.022278,0.083941,calls/second,milliseconds
1778486864,10,7.000000,3.215323,3.000000,0.411116,3.000000,3.000000,4.000000,4.000000,4.000000,4.000000,0.011614,0.015616,0.022278,0.083941,calls/second,milliseconds
1778486865,10,7.000000,3.215323,3.000000,0.411116,3.000000,3.000000,4.000000,4.000000,4.000000,4.000000,0.011601,0.015616,0.022278,0.083941,calls/second,milliseconds
1778486866,10,7.000000,3.215323,3.000000,0.411116,3.000000,3.000000,4.000000,4.000000,4.000000,4.000000,0.011587,0.015616,0.022278,0.083941,calls/second,milliseconds
1778486867,10,7.000000,3.215323,3.000000,0.411116,3.000000,3.000000,4.000000,4.000000,4.000000,4.000000,0.011574,0.015616,0.022278,0.083941,calls/second,milliseconds
1778486868,10,7.000000,3.215323,3.000000,0.411116,3.000000,3.000000,4.000000,4.000000,4.000000,4.000000,0.011560,0.014367,0.021910,0.083476,calls/second,milliseconds
1778486869,10,7.000000,3.215323,3.000000,0.411116,3.000000,3.000000,4.000000,4.000000,4.000000,4.000000,0.011547,0.014367,0.021910,0.083476,calls/second,milliseconds
1778486870,10,7.000000,3.215323,3.000000,0.411116,3.000000,3.000000,4.000000,4.000000,4.000000,4.000000,0.011534,0.014367,0.021910,0.083476,calls/second,milliseconds
1778486871,10,7.000000,3.215323,3.000000,0.411116,3.000000,3.000000,4.000000,4.000000,4.000000,4.000000,0.011520,0.014367,0.021910,0.083476,calls/second,milliseconds
1778486872,10,7.000000,3.215323,3.000000,0.411116,3.000000,3.000000,4.000000,4.000000,4.000000,4.000000,0.011507,0.014367,0.021910,0.083476,calls/second,milliseconds
1778486873,10,7.000000,3.215323,3.000000,0.411116,3.000000,3.000000,4.000000,4.000000,4.000000,4.000000,0.011494,0.013218,0.021548,0.083013,calls/second,milliseconds
1778486874,10,7.000000,3.215323,3.000000,0.411116,3.000000,3.000000,4.000000,4.000000,4.000000,4.000000,0.011481,0.013218,0.021548,0.083013,calls/second,milliseconds
1778486875,10,7.000000,3.215323,3.000000,0.411116,3.000000,3.000000,4.000000,4.000000,4.000000,4.000000,0.011467,0.013218,0.021548,0.083013,calls/second,milliseconds
1778486876,10,7.000000,3.215323,3.000000,0.411116,3.000000,3.000000,4.000000,4.000000,4.000000,4.000000,0.011454,0.013218,0.021548,0.083013,calls/second,milliseconds
1778486877,10,7.000000,3.215323,3.000000,0.411116,3.000000,3.000000,4.000000,4.000000,4.000000,4.000000,0.011441,0.013218,0.021548,0.083013,calls/second,milliseconds
1778486878,10,7.000000,3.215323,3.000000,0.411116,3.000000,3.000000,4.000000,4.000000,4.000000,4.000000,0.011428,0.012162,0.021191,0.082553,calls/second,milliseconds
1778486879,10,7.000000,3.215323,3.000000,0.411116,3.000000,3.000000,4.000000,4.000000,4.000000,4.000000,0.011415,0.012162,0.021191,0.082553,calls/second,milliseconds
1778486880,10,7.000000,3.215323,3.000000,0.411116,3.000000,3.000000,4.000000,4.000000,4.000000,4.000000,0.011402,0.012162,0.021191,0.082553,calls/second,milliseconds
1778486881,10,7.000000,3.215323,3.000000,0.411116,3.000000,3.000000,4.000000,4.000000,4.000000,4.000000,0.011389,0.012162,0.021191,0.082553,calls/second,milliseconds
1778486882,10,7.000000,3.215323,3.000000,0.411116,3.000000,3.000000,4.000000,4.000000,4.000000,4.000000,0.011376,0.012162,0.021191,0.082553,calls/second,milliseconds
1778486883,10,7.000000,3.215323,3.000000,0.411116,3.000000,3.000000,4.000000,4.000000,4.000000,4.000000,0.011363,0.011189,0.020841,0.082096,calls/second,milliseconds
1778486884,10,7.000000,3.215323,3.000000,0.411116,3.000000,3.000000,4.000000,4.000000,4.000000,4.000000,0.011350,0.011189,0.020841,0.082096,calls/second,milliseconds
1778486885,10,7.000000,3.215323,3.000000,0.411116,3.000000,3.000000,4.000000,4.000000,4.000000,4.000000,0.011337,0.011189,0.020841,0.082096,calls/second,milliseconds
1778486886,10,7.000000,3.215323,3.000000,0.411116,3.000000,3.000000,4.000000,4.000000,4.000000,4.000000,0.011324,0.011189,0.020841,0.082096,calls/second,milliseconds
1778486887,10,7.000000,3.215323,3.000000,0.411116,3.000000,3.000000,4.000000,4.000000,4.000000,4.000000,0.011312,0.011189,0.020841,0.082096,calls/second,milliseconds
1778486888,10,7.000000,3.215323,3.000000,0.411116,3.000000,3.000000,4.000000,4.000000,4.000000,4.000000,0.011299,0.010295,0.020497,0.081641,calls/second,milliseconds
1778486889,10,7.000000,3.215323,3.000000,0.411116,3.000000,3.000000,4.000000,4.000000,4.000000,4.000000,0.011286,0.010295,0.020497,0.081641,calls/second,milliseconds
1778486890,10,7.000000,3.215323,3.000000,0.411116,3.000000,3.000000,4.000000,4.000000,4.000000,4.000000,0.011273,0.010295,0.020497,0.081641,calls/second,milliseconds
1778486891,10,7.000000,3.215323,3.000000,0.411116,3.000000,3.000000,4.000000,4.000000,4.000000,4.000000,0.011261,0.010295,0.020497,0.081641,calls/second,milliseconds
1778486892,10,7.000000,3.215323,3.000000,0.411116,3.000000,3.000000,4.000000,4.000000,4.000000,4.000000,0.011248,0.010295,0.020497,0.081641,calls/second,milliseconds
1778486893,10,7.000000,3.215323,3.000000,0.411116,3.000000,3.000000,4.000000,4.000000,4.000000,4.000000,0.011235,0.009471,0.020158,0.081189,calls/second,milliseconds
1778486894,10,7.000000,3.215323,3.000000,0.411116,3.000000,3.000000,4.000000,4.000000,4.000000,4.000000,0.011223,0.009471,0.020158,0.081189,calls/second,milliseconds
1778486895,10,7.000000,3.215323,3.000000,0.411116,3.000000,3.000000,4.000000,4.000000,4.000000,4.000000,0.011210,0.009471,0.020158,0.081189,calls/second,milliseconds
1778486896,10,7.000000,3.215323,3.000000,0.411116,3.000000,3.000000,4.000000,4.000000,4.000000,4.000000,0.011197,0.009471,0.020158,0.081189,calls/second,milliseconds
1778486897,10,7.000000,3.215323,3.000000,0.411116,3.000000,3.000000,4.000000,4.000000,4.000000,4.000000,0.011185,0.009471,0.020158,0.081189,calls/second,milliseconds
1778486898,10,7.000000,3.215323,3.000000,0.411116,3.000000,3.000000,4.000000,4.000000,4.000000,4.000000,0.011172,0.008714,0.019825,0.080739,calls/second,milliseconds
1778486899,10,7.000000,3.215323,3.000000,0.411116,3.000000,3.000000,4.000000,4.000000,4.000000,4.000000,0.011160,0.008714,0.019825,0.080739,calls/second,milliseconds
1778486900,10,7.000000,3.215323,3.000000,0.411116,3.000000,3.000000,4.000000,4.000000,4.000000,4.000000,0.011147,0.008714,0.019825,0.080739,calls/second,milliseconds
1778486901,10,7.000000,3.215323,3.000000,0.411116,3.000000,3.000000,4.000000,4.000000,4.000000,4.000000,0.011135,0.008714,0.019825,0.080739,calls/second,milliseconds
1778486902,10,7.000000,3.215323,3.000000,0.411116,3.000000,3.000000,4.000000,4.000000,4.000000,4.000000,0.011123,0.008714,0.019825,0.080739,calls/second,milliseconds
1778486903,10,7.000000,3.215323,3.000000,0.411116,3.000000,3.000000,4.000000,4.000000,4.000000,4.000000,0.011110,0.008017,0.019497,0.080292,calls/second,milliseconds
1778486904,10,7.000000,3.215323,3.000000,0.411116,3.000000,3.000000,4.000000,4.000000,4.000000,4.000000,0.011098,0.008017,0.019497,0.080292,calls/second,milliseconds
1778486905,10,7.000000,3.215323,3.000000,0.411116,3.000000,3.000000,4.000000,4.000000,4.000000,4.000000,0.011086,0.008017,0.019497,0.080292,calls/second,milliseconds
1778486906,10,7.000000,3.215323,3.000000,0.411116,3.000000,3.000000,4.000000,4.000000,4.000000,4.000000,0.011073,0.008017,0.019497,0.080292,calls/second,milliseconds
1778486907,10,7.000000,3.215323,3.000000,0.411116,3.000000,3.000000,4.000000,4.000000,4.000000,4.000000,0.011061,0.008017,0.019497,0.080292,calls/second,milliseconds
1778486908,10,7.000000,3.215323,3.000000,0.411116,3.000000,3.000000,4.000000,4.000000,4.000000,4.000000,0.011049,0.007376,0.019175,0.079847,calls/second,milliseconds
1778486909,10,7.000000,3.215323,3.000000,0.411116,3.000000,3.000000,4.000000,4.000000,4.000000,4.000000,0.011036,0.007376,0.019175,0.079847,calls/second,milliseconds
1778486910,10,7.000000,3.215323,3.000000,0.411116,3.000000,3.000000,4.000000,4.000000,4.000000,4.000000,0.011024,0.007376,0.019175,0.079847,calls/second,milliseconds
1778486911,10,7.000000,3.215323,3.000000,0.411116,3.000000,3.000000,4.000000,4.000000,4.000000,4.000000,0.011012,0.007376,0.019175,0.079847,calls/second,milliseconds
1778486912,10,7.000000,3.215323,3.000000,0.411116,3.000000,3.000000,4.000000,4.000000,4.000000,4.000000,0.011000,0.007376,0.019175,0.079847,calls/second,milliseconds
1778486913,10,7.000000,3.215323,3.000000,0.411116,3.000000,3.000000,4.000000,4.000000,4.000000,4.000000,0.010988,0.006787,0.018858,0.079404,calls/second,milliseconds
1778486914,10,7.000000,3.215323,3.000000,0.411116,3.000000,3.000000,4.000000,4.000000,4.000000,4.000000,0.010976,0.006787,0.018858,0.079404,calls/second,milliseconds
1778486915,10,7.000000,3.215323,3.000000,0.411116,3.000000,3.000000,4.000000,4.000000,4.000000,4.000000,0.010964,0.006787,0.018858,0.079404,calls/second,milliseconds
1778486916,10,7.000000,3.215323,3.000000,0.411116,3.000000,3.000000,4.000000,4.000000,4.000000,4.000000,0.010952,0.006787,0.018858,0.079404,calls/second,milliseconds
1778486917,10,7.000000,3.215323,3.000000,0.411116,3.000000,3.000000,4.000000,4.000000,4.000000,4.000000,0.010940,0.006787,0.018858,0.079404,calls/second,milliseconds
1778486918,10,7.000000,3.215323,3.000000,0.411116,3.000000,3.000000,4.000000,4.000000,4.000000,4.000000,0.010928,0.006244,0.018546,0.078965,calls/second,milliseconds
1778486919,10,7.000000,3.215323,3.000000,0.411116,3.000000,3.000000,4.000000,4.000000,4.000000,4.000000,0.010916,0.006244,0.018546,0.078965,calls/second,milliseconds
1778486920,10,7.000000,3.215323,3.000000,0.411116,3.000000,3.000000,4.000000,4.000000,4.000000,4.000000,0.010904,0.006244,0.018546,0.078965,calls/second,milliseconds
1778486921,10,7.000000,3.215323,3.000000,0.411116,3.000000,3.000000,4.000000,4.000000,4.000000,4.000000,0.010892,0.006244,0.018546,0.078965,calls/second,milliseconds
1778486922,10,7.000000,3.215323,3.000000,0.411116,3.000000,3.000000,4.000000,4.000000,4.000000,4.000000,0.010880,0.006244,0.018546,0.078965,calls/second,milliseconds
1778486923,10,7.000000,3.215323,3.000000,0.411116,3.000000,3.000000,4.000000,4.000000,4.000000,4.000000,0.010868,0.005745,0.018240,0.078527,calls/second,milliseconds
1778486924,10,7.000000,3.215323,3.000000,0.411116,3.000000,3.000000,4.000000,4.000000,4.000000,4.000000,0.010856,0.005745,0.018240,0.078527,calls/second,milliseconds
1778486925,10,7.000000,3.215323,3.000000,0.411116,3.000000,3.000000,4.000000,4.000000,4.000000,4.000000,0.010845,0.005745,0.018240,0.078527,calls/second,milliseconds
1778486926,10,7.000000,3.215323,3.000000,0.411116,3.000000,3.000000,4.000000,4.000000,4.000000,4.000000,0.010833,0.005745,0.018240,0.078527,calls/second,milliseconds
1778486927,10,7.000000,3.215323,3.000000,0.411116,3.000000,3.000000,4.000000,4.000000,4.000000,4.000000,0.010821,0.005745,0.018240,0.078527,calls/second,milliseconds
1778486928,10,7.000000,3.215323,3.000000,0.411116,3.000000,3.000000,4.000000,4.000000,4.000000,4.000000,0.010809,0.005285,0.017938,0.078092,calls/second,milliseconds
1778486929,10,7.000000,3.215323,3.000000,0.411116,3.000000,3.000000,4.000000,4.000000,4.000000,4.000000,0.010798,0.005285,0.017938,0.078092,calls/second,milliseconds
1778486930,10,7.000000,3.215323,3.000000,0.411116,3.000000,3.000000,4.000000,4.000000,4.000000,4.000000,0.010786,0.005285,0.017938,0.078092,calls/second,milliseconds
1778486931,10,7.000000,3.215323,3.000000,0.411116,3.000000,3.000000,4.000000,4.000000,4.000000,4.000000,0.010775,0.005285,0.017938,0.078092,calls/second,milliseconds
1778486932,10,7.000000,3.215323,3.000000,0.411116,3.000000,3.000000,4.000000,4.000000,4.000000,4.000000,0.010763,0.005285,0.017938,0.078092,calls/second,milliseconds
1778486933,10,7.000000,3.215323,3.000000,0.411116,3.000000,3.000000,4.000000,4.000000,4.000000,4.000000,0.010751,0.004863,0.017642,0.077659,calls/second,milliseconds
1778486934,10,7.000000,3.215323,3.000000,0.411116,3.000000,3.000000,4.000000,4.000000,4.000000,4.000000,0.010740,0.004863,0.017642,0.077659,calls/second,milliseconds
1778486935,10,7.000000,3.215323,3.000000,0.411116,3.000000,3.000000,4.000000,4.000000,4.000000,4.000000,0.010728,0.004863,0.017642,0.077659,calls/second,milliseconds
1778486936,10,7.000000,3.215323,3.000000,0.411116,3.000000,3.000000,4.000000,4.000000,4.000000,4.000000,0.010717,0.004863,0.017642,0.077659,calls/second,milliseconds
1778486937,10,7.000000,3.215323,3.000000,0.411116,3.000000,3.000000,4.000000,4.000000,4.000000,4.000000,0.010705,0.004863,0.017642,0.077659,calls/second,milliseconds
1778486938,10,7.000000,3.215323,3.000000,0.411116,3.000000,3.000000,4.000000,4.000000,4.000000,4.000000,0.010694,0.004474,0.017350,0.077229,calls/second,milliseconds
1778486939,10,7.000000,3.215323,3.000000,0.411116,3.000000,3.000000,4.000000,4.000000,4.000000,4.000000,0.010682,0.004474,0.017350,0.077229,calls/second,milliseconds
1778486940,10,7.000000,3.215323,3.000000,0.411116,3.000000,3.000000,4.000000,4.000000,4.000000,4.000000,0.010671,0.004474,0.017350,0.077229,calls/second,milliseconds
1778486941,10,7.000000,3.215323,3.000000,0.411116,3.000000,3.000000,4.000000,4.000000,4.000000,4.000000,0.010659,0.004474,0.017350,0.077229,calls/second,milliseconds
1778486942,10,7.000000,3.215323,3.000000,0.411116,3.000000,3.000000,4.000000,4.000000,4.000000,4.000000,0.010648,0.004474,0.017350,0.077229,calls/second,milliseconds
1778486943,10,7.000000,3.215323,3.000000,0.411116,3.000000,3.000000,4.000000,4.000000,4.000000,4.000000,0.010637,0.004116,0.017063,0.076801,calls/second,milliseconds
1778486944,10,7.000000,3.215323,3.000000,0.411116,3.000000,3.000000,4.000000,4.000000,4.000000,4.000000,0.010625,0.004116,0.017063,0.076801,calls/second,milliseconds
1778486945,10,7.000000,3.215323,3.000000,0.411116,3.000000,3.000000,4.000000,4.000000,4.000000,4.000000,0.010614,0.004116,0.017063,0.076801,calls/second,milliseconds
1778486946,10,7.000000,3.215323,3.000000,0.411116,3.000000,3.000000,4.000000,4.000000,4.000000,4.000000,0.010603,0.004116,0.017063,0.076801,calls/second,milliseconds
1778486947,10,7.000000,3.215323,3.000000,0.411116,3.000000,3.000000,4.000000,4.000000,4.000000,4.000000,0.010592,0.004116,0.017063,0.076801,calls/second,milliseconds
1778486948,10,7.000000,3.215323,3.000000,0.411116,3.000000,3.000000,4.000000,4.000000,4.000000,4.000000,0.010580,0.003787,0.016781,0.076376,calls/second,milliseconds
1778486949,10,7.000000,3.215323,3.000000,0.411116,3.000000,3.000000,4.000000,4.000000,4.000000,4.000000,0.010569,0.003787,0.016781,0.076376,calls/second,milliseconds
1778486950,10,7.000000,3.215323,3.000000,0.411116,3.000000,3.000000,4.000000,4.000000,4.000000,4.000000,0.010558,0.003787,0.016781,0.076376,calls/second,milliseconds
1778486951,10,7.000000,3.215323,3.000000,0.411116,3.000000,3.000000,4.000000,4.000000,4.000000,4.000000,0.010547,0.003787,0.016781,0.076376,calls/second,milliseconds
1778486952,10,7.000000,3.215323,3.000000,0.411116,3.000000,3.000000,4.000000,4.000000,4.000000,4.000000,0.010536,0.003787,0.016781,0.076376,calls/second,milliseconds
1778486953,10,7.000000,3.215323,3.000000,0.411116,3.000000,3.000000,4.000000,4.000000,4.000000,4.000000,0.010525,0.003484,0.016504,0.075953,calls/second,milliseconds
1778486954,10,7.000000,3.215323,3.000000,0.411116,3.000000,3.000000,4.000000,4.000000,4.000000,4.000000,0.010514,0.003484,0.016504,0.075953,calls/second,milliseconds
1778486955,10,7.000000,3.215323,3.000000,0.411116,3.000000,3.000000,4.000000,4.000000,4.000000,4.000000,0.010502,0.003484,0.016504,0.075953,calls/second,milliseconds
1778486956,10,7.000000,3.215323,3.000000,0.411116,3.000000,3.000000,4.000000,4.000000,4.000000,4.000000,0.010491,0.003484,0.016504,0.075953,calls/second,milliseconds
1778486957,10,7.000000,3.215323,3.000000,0.411116,3.000000,3.000000,4.000000,4.000000,4.000000,4.000000,0.010480,0.003484,0.016504,0.075953,calls/second,milliseconds
1778486958,10,7.000000,3.215323,3.000000,0.411116,3.000000,3.000000,4.000000,4.000000,4.000000,4.000000,0.010469,0.003206,0.016231,0.075532,calls/second,milliseconds
1778486959,10,7.000000,3.215323,3.000000,0.411116,3.000000,3.000000,4.000000,4.000000,4.000000,4.000000,0.010458,0.003206,0.016231,0.075532,calls/second,milliseconds
1778486960,10,7.000000,3.215323,3.000000,0.411116,3.000000,3.000000,4.000000,4.000000,4.000000,4.000000,0.010448,0.003206,0.016231,0.075532,calls/second,milliseconds
1778486961,10,7.000000,3.215323,3.000000,0.411116,3.000000,3.000000,4.000000,4.000000,4.000000,4.000000,0.010437,0.003206,0.016231,0.075532,calls/second,milliseconds
1778486962,10,7.000000,3.215323,3.000000,0.411116,3.000000,3.000000,4.000000,4.000000,4.000000,4.000000,0.010426,0.003206,0.016231,0.075532,calls/second,milliseconds
1778486963,10,7.000000,3.215323,3.000000,0.411116,3.000000,3.000000,4.000000,4.000000,4.000000,4.000000,0.010415,0.002949,0.015963,0.075113,calls/second,milliseconds
1778486964,10,7.000000,3.215323,3.000000,0.411116,3.000000,3.000000,4.000000,4.000000,4.000000,4.000000,0.010404,0.002949,0.015963,0.075113,calls/second,milliseconds
1778486965,11,7.000000,3.856531,3.000000,0.350566,4.000000,4.000000,4.000000,4.000000,4.000000,4.000000,0.011432,0.002949,0.015963,0.075113,calls/second,milliseconds
1778486966,11,7.000000,3.856531,3.000000,0.350566,4.000000,4.000000,4.000000,4.000000,4.000000,4.000000,0.011421,0.002949,0.015963,0.075113,calls/second,milliseconds
1778486967,11,7.000000,3.856531,3.000000,0.350566,4.000000,4.000000,4.000000,4.000000,4.000000,4.000000,0.011409,0.002949,0.015963,0.075113,calls/second,milliseconds
1778486968,11,7.000000,3.856531,3.000000,0.350566,4.000000,4.000000,4.000000,4.000000,4.000000,4.000000,0.011397,0.018705,0.019005,0.075805,calls/second,milliseconds
1778486969,11,7.000000,3.856531,3.000000,0.350566,4.000000,4.000000,4.000000,4.000000,4.000000,4.000000,0.011385,0.018705,0.019005,0.075805,calls/second,milliseconds
1778486970,11,7.000000,3.856531,3.000000,0.350566,4.000000,4.000000,4.000000,4.000000,4.000000,4.000000,0.011373,0.018705,0.019005,0.075805,calls/second,milliseconds
1778486971,11,7.000000,3.856531,3.000000,0.350566,4.000000,4.000000,4.000000,4.000000,4.000000,4.000000,0.011361,0.018705,0.019005,0.075805,calls/second,milliseconds
1778486972,11,7.000000,3.856531,3.000000,0.350566,4.000000,4.000000,4.000000,4.000000,4.000000,4.000000,0.011350,0.018705,0.019005,0.075805,calls/second,milliseconds
1778486973,11,7.000000,3.856531,3.000000,0.350566,4.000000,4.000000,4.000000,4.000000,4.000000,4.000000,0.011338,0.017209,0.018691,0.075385,calls/second,milliseconds
1778486974,11,7.000000,3.856531,3.000000,0.350566,4.000000,4.000000,4.000000,4.000000,4.000000,4.000000,0.011326,0.017209,0.018691,0.075385,calls/second,milliseconds
1778486975,11,7.000000,3.856531,3.000000,0.350566,4.000000,4.000000,4.000000,4.000000,4.000000,4.000000,0.011315,0.017209,0.018691,0.075385,calls/second,milliseconds
1778486976,11,7.000000,3.856531,3.000000,0.350566,4.000000,4.000000,4.000000,4.000000,4.000000,4.000000,0.011303,0.017209,0.018691,0.075385,calls/second,milliseconds
1778486977,11,7.000000,3.856531,3.000000,0.350566,4.000000,4.000000,4.000000,4.000000,4.000000,4.000000,0.011291,0.017209,0.018691,0.075385,calls/second,milliseconds
1778486978,11,7.000000,3.856531,3.000000,0.350566,4.000000,4.000000,4.000000,4.000000,4.000000,4.000000,0.011280,0.015833,0.018382,0.074968,calls/second,milliseconds
1778486979,11,7.000000,3.856531,3.000000,0.350566,4.000000,4.000000,4.000000,4.000000,4.000000,4.000000,0.011268,0.015833,0.018382,0.074968,calls/second,milliseconds
1778486980,11,7.000000,3.856531,3.000000,0.350566,4.000000,4.000000,4.000000,4.000000,4.000000,4.000000,0.011257,0.015833,0.018382,0.074968,calls/second,milliseconds
1778486981,11,7.000000,3.856531,3.000000,0.350566,4.000000,4.000000,4.000000,4.000000,4.000000,4.000000,0.011245,0.015833,0.018382,0.074968,calls/second,milliseconds
1778486982,11,7.000000,3.856531,3.000000,0.350566,4.000000,4.000000,4.000000,4.000000,4.000000,4.000000,0.011234,0.015833,0.018382,0.074968,calls/second,milliseconds
1778486983,11,7.000000,3.856531,3.000000,0.350566,4.000000,4.000000,4.000000,4.000000,4.000000,4.000000,0.011222,0.014567,0.018078,0.074552,calls/second,milliseconds
1778486984,11,7.000000,3.856531,3.000000,0.350566,4.000000,4.000000,4.000000,4.000000,4.000000,4.000000,0.011211,0.014567,0.018078,0.074552,calls/second,milliseconds
1778486985,11,7.000000,3.856531,3.000000,0.350566,4.000000,4.000000,4.000000,4.000000,4.000000,4.000000,0.011199,0.014567,0.018078,0.074552,calls/second,milliseconds
1778486986,11,7.000000,3.856531,3.000000,0.350566,4.000000,4.000000,4.000000,4.000000,4.000000,4.000000,0.011188,0.014567,0.018078,0.074552,calls/second,milliseconds
1778486987,11,7.000000,3.856531,3.000000,0.350566,4.000000,4.000000,4.000000,4.000000,4.000000,4.000000,0.011176,0.014567,0.018078,0.074552,calls/second,milliseconds
1778486988,11,7.000000,3.856531,3.000000,0.350566,4.000000,4.000000,4.000000,4.000000,4.000000,4.000000,0.011165,0.013403,0.017779,0.074139,calls/second,milliseconds
1778486989,11,7.000000,3.856531,3.000000,0.350566,4.000000,4.000000,4.000000,4.000000,4.000000,4.000000,0.011154,0.013403,0.017779,0.074139,calls/second,milliseconds
1778486990,11,7.000000,3.856531,3.000000,0.350566,4.000000,4.000000,4.000000,4.000000,4.000000,4.000000,0.011142,0.013403,0.017779,0.074139,calls/second,milliseconds
1778486991,11,7.000000,3.856531,3.000000,0.350566,4.000000,4.000000,4.000000,4.000000,4.000000,4.000000,0.011131,0.013403,0.017779,0.074139,calls/second,milliseconds
1778486992,11,7.000000,3.856531,3.000000,0.350566,4.000000,4.000000,4.000000,4.000000,4.000000,4.000000,0.011120,0.013403,0.017779,0.074139,calls/second,milliseconds
1778486993,11,7.000000,3.856531,3.000000,0.350566,4.000000,4.000000,4.000000,4.000000,4.000000,4.000000,0.011109,0.012331,0.017485,0.073729,calls/second,milliseconds
1778486994,11,7.000000,3.856531,3.000000,0.350566,4.000000,4.000000,4.000000,4.000000,4.000000,4.000000,0.011097,0.012331,0.017485,0.073729,calls/second,milliseconds
1778486995,11,7.000000,3.856531,3.000000,0.350566,4.000000,4.000000,4.000000,4.000000,4.000000,4.000000,0.011086,0.012331,0.017485,0.073729,calls/second,milliseconds
1778486996,11,7.000000,3.856531,3.000000,0.350566,4.000000,4.000000,4.000000,4.000000,4.000000,4.000000,0.011075,0.012331,0.017485,0.073729,calls/second,milliseconds
1778486997,11,7.000000,3.856531,3.000000,0.350566,4.000000,4.000000,4.000000,4.000000,4.000000,4.000000,0.011064,0.012331,0.017485,0.073729,calls/second,milliseconds
1778486998,11,7.000000,3.856531,3.000000,0.350566,4.000000,4.000000,4.000000,4.000000,4.000000,4.000000,0.011053,0.011345,0.017196,0.073320,calls/second,milliseconds
1778486999,11,7.000000,3.856531,3.000000,0.350566,4.000000,4.000000,4.000000,4.000000,4.000000,4.000000,0.011042,0.011345,0.017196,0.073320,calls/second,milliseconds
1778487000,11,7.000000,3.856531,3.000000,0.350566,4.000000,4.000000,4.000000,4.000000,4.000000,4.000000,0.011031,0.011345,0.017196,0.073320,calls/second,milliseconds
1778487001,11,7.000000,3.856531,3.000000,0.350566,4.000000,4.000000,4.000000,4.000000,4.000000,4.000000,0.011019,0.011345,0.017196,0.073320,calls/second,milliseconds
1778487002,11,7.000000,3.856531,3.000000,0.350566,4.000000,4.000000,4.000000,4.000000,4.000000,4.000000,0.011008,0.011345,0.017196,0.073320,calls/second,milliseconds
1778487003,11,7.000000,3.856531,3.000000,0.350566,4.000000,4.000000,4.000000,4.000000,4.000000,4.000000,0.010997,0.010438,0.016912,0.072914,calls/second,milliseconds
1778487004,11,7.000000,3.856531,3.000000,0.350566,4.000000,4.000000,4.000000,4.000000,4.000000,4.000000,0.010986,0.010438,0.016912,0.072914,calls/second,milliseconds
1778487005,11,7.000000,3.856531,3.000000,0.350566,4.000000,4.000000,4.000000,4.000000,4.000000,4.000000,0.010975,0.010438,0.016912,0.072914,calls/second,milliseconds
1778487006,11,7.000000,3.856531,3.000000,0.350566,4.000000,4.000000,4.000000,4.000000,4.000000,4.000000,0.010964,0.010438,0.016912,0.072914,calls/second,milliseconds
1778487007,11,7.000000,3.856531,3.000000,0.350566,4.000000,4.000000,4.000000,4.000000,4.000000,4.000000,0.010954,0.010438,0.016912,0.072914,calls/second,milliseconds
1778487008,11,7.000000,3.856531,3.000000,0.350566,4.000000,4.000000,4.000000,4.000000,4.000000,4.000000,0.010943,0.009603,0.016632,0.072510,calls/second,milliseconds
1778487009,11,7.000000,3.856531,3.000000,0.350566,4.000000,4.000000,4.000000,4.000000,4.000000,4.000000,0.010932,0.009603,0.016632,0.072510,calls/second,milliseconds
1778487010,11,7.000000,3.856531,3.000000,0.350566,4.000000,4.000000,4.000000,4.000000,4.000000,4.000000,0.010921,0.009603,0.016632,0.072510,calls/second,milliseconds
1778487011,11,7.000000,3.856531,3.000000,0.350566,4.000000,4.000000,4.000000,4.000000,4.000000,4.000000,0.010910,0.009603,0.016632,0.072510,calls/second,milliseconds
1778487012,11,7.000000,3.856531,3.000000,0.350566,4.000000,4.000000,4.000000,4.000000,4.000000,4.000000,0.010899,0.009603,0.016632,0.072510,calls/second,milliseconds
1778487013,11,7.000000,3.856531,3.000000,0.350566,4.000000,4.000000,4.000000,4.000000,4.000000,4.000000,0.010888,0.008835,0.016357,0.072108,calls/second,milliseconds
1778487014,11,7.000000,3.856531,3.000000,0.350566,4.000000,4.000000,4.000000,4.000000,4.000000,4.000000,0.010878,0.008835,0.016357,0.072108,calls/second,milliseconds
1778487015,11,7.000000,3.856531,3.000000,0.350566,4.000000,4.000000,4.000000,4.000000,4.000000,4.000000,0.010867,0.008835,0.016357,0.072108,calls/second,milliseconds
1778487016,11,7.000000,3.856531,3.000000,0.350566,4.000000,4.000000,4.000000,4.000000,4.000000,4.000000,0.010856,0.008835,0.016357,0.072108,calls/second,milliseconds
1778487017,11,7.000000,3.856531,3.000000,0.350566,4.000000,4.000000,4.000000,4.000000,4.000000,4.000000,0.010845,0.008835,0.016357,0.072108,calls/second,milliseconds
1778487018,11,7.000000,3.856531,3.000000,0.350566,4.000000,4.000000,4.000000,4.000000,4.000000,4.000000,0.010835,0.008129,0.016087,0.071709,calls/second,milliseconds
1778487019,11,7.000000,3.856531,3.000000,0.350566,4.000000,4.000000,4.000000,4.000000,4.000000,4.000000,0.010824,0.008129,0.016087,0.071709,calls/second,milliseconds
1778487020,11,7.000000,3.856531,3.000000,0.350566,4.000000,4.000000,4.000000,4.000000,4.000000,4.000000,0.010813,0.008129,0.016087,0.071709,calls/second,milliseconds
1778487021,11,7.000000,3.856531,3.000000,0.350566,4.000000,4.000000,4.000000,4.000000,4.000000,4.000000,0.010803,0.008129,0.016087,0.071709,calls/second,milliseconds
1778487022,11,7.000000,3.856531,3.000000,0.350566,4.000000,4.000000,4.000000,4.000000,4.000000,4.000000,0.010792,0.008129,0.016087,0.071709,calls/second,milliseconds
1778487023,11,7.000000,3.856531,3.000000,0.350566,4.000000,4.000000,4.000000,4.000000,4.000000,4.000000,0.010782,0.007479,0.015821,0.071311,calls/second,milliseconds
1778487024,11,7.000000,3.856531,3.000000,0.350566,4.000000,4.000000,4.000000,4.000000,4.000000,4.000000,0.010771,0.007479,0.015821,0.071311,calls/second,milliseconds
1778487025,11,7.000000,3.856531,3.000000,0.350566,4.000000,4.000000,4.000000,4.000000,4.000000,4.000000,0.010760,0.007479,0.015821,0.071311,calls/second,milliseconds
1778487026,11,7.000000,3.856531,3.000000,0.350566,4.000000,4.000000,4.000000,4.000000,4.000000,4.000000,0.010750,0.007479,0.015821,0.071311,calls/second,milliseconds
