t,count,max,mean,min,stddev,p50,p75,p95,p98,p99,p999,mean_rate,m1_rate,m5_rate,m15_rate,rate_unit,duration_unit
1778666036,1,5.000000,5.000000,5.000000,0.000000,5.000000,5.000000,5.000000,5.000000,5.000000,5.000000,1.934039,0.000000,0.000000,0.000000,calls/second,milliseconds
1778666037,2,5.000000,3.992500,3.000000,0.999972,3.000000,5.000000,5.000000,5.000000,5.000000,5.000000,1.313421,0.000000,0.000000,0.000000,calls/second,milliseconds
1778666038,2,5.000000,3.992500,3.000000,0.999972,3.000000,5.000000,5.000000,5.000000,5.000000,5.000000,0.791043,0.000000,0.000000,0.000000,calls/second,milliseconds
1778666039,2,5.000000,3.992500,3.000000,0.999972,3.000000,5.000000,5.000000,5.000000,5.000000,5.000000,0.566120,0.000000,0.000000,0.000000,calls/second,milliseconds
1778666040,2,5.000000,3.992500,3.000000,0.999972,3.000000,5.000000,5.000000,5.000000,5.000000,5.000000,0.440809,0.000000,0.000000,0.000000,calls/second,milliseconds
1778666041,2,5.000000,3.992500,3.000000,0.999972,3.000000,5.000000,5.000000,5.000000,5.000000,5.000000,0.360931,0.400000,0.400000,0.400000,calls/second,milliseconds
1778666042,2,5.000000,3.992500,3.000000,0.999972,3.000000,5.000000,5.000000,5.000000,5.000000,5.000000,0.305586,0.400000,0.400000,0.400000,calls/second,milliseconds
1778666043,2,5.000000,3.992500,3.000000,0.999972,3.000000,5.000000,5.000000,5.000000,5.000000,5.000000,0.264947,0.400000,0.400000,0.400000,calls/second,milliseconds
1778666044,2,5.000000,3.992500,3.000000,0.999972,3.000000,5.000000,5.000000,5.000000,5.000000,5.000000,0.233865,0.400000,0.400000,0.400000,calls/second,milliseconds
1778666045,2,5.000000,3.992500,3.000000,0.999972,3.000000,5.000000,5.000000,5.000000,5.000000,5.000000,0.209305,0.400000,0.400000,0.400000,calls/second,milliseconds
1778666046,2,5.000000,3.992500,3.000000,0.999972,3.000000,5.000000,5.000000,5.000000,5.000000,5.000000,0.189415,0.368018,0.393389,0.397784,calls/second,milliseconds
1778666047,2,5.000000,3.992500,3.000000,0.999972,3.000000,5.000000,5.000000,5.000000,5.000000,5.000000,0.172985,0.368018,0.393389,0.397784,calls/second,milliseconds
1778666048,2,5.000000,3.992500,3.000000,0.999972,3.000000,5.000000,5.000000,5.000000,5.000000,5.000000,0.159179,0.368018,0.393389,0.397784,calls/second,milliseconds
1778666049,2,5.000000,3.992500,3.000000,0.999972,3.000000,5.000000,5.000000,5.000000,5.000000,5.000000,0.147417,0.368018,0.393389,0.397784,calls/second,milliseconds
1778666050,2,5.000000,3.992500,3.000000,0.999972,3.000000,5.000000,5.000000,5.000000,5.000000,5.000000,0.137271,0.368018,0.393389,0.397784,calls/second,milliseconds
1778666051,2,5.000000,3.992500,3.000000,0.999972,3.000000,5.000000,5.000000,5.000000,5.000000,5.000000,0.128431,0.338593,0.386886,0.395580,calls/second,milliseconds
1778666052,2,5.000000,3.992500,3.000000,0.999972,3.000000,5.000000,5.000000,5.000000,5.000000,5.000000,0.120665,0.338593,0.386886,0.395580,calls/second,milliseconds
1778666053,2,5.000000,3.992500,3.000000,0.999972,3.000000,5.000000,5.000000,5.000000,5.000000,5.000000,0.113770,0.338593,0.386886,0.395580,calls/second,milliseconds
1778666054,2,5.000000,3.992500,3.000000,0.999972,3.000000,5.000000,5.000000,5.000000,5.000000,5.000000,0.107620,0.338593,0.386886,0.395580,calls/second,milliseconds
1778666055,2,5.000000,3.992500,3.000000,0.999972,3.000000,5.000000,5.000000,5.000000,5.000000,5.000000,0.102110,0.338593,0.386886,0.395580,calls/second,milliseconds
1778666056,2,5.000000,3.992500,3.000000,0.999972,3.000000,5.000000,5.000000,5.000000,5.000000,5.000000,0.097134,0.311520,0.380492,0.393389,calls/second,milliseconds
1778666057,2,5.000000,3.992500,3.000000,0.999972,3.000000,5.000000,5.000000,5.000000,5.000000,5.000000,0.092625,0.311520,0.380492,0.393389,calls/second,milliseconds
1778666058,2,5.000000,3.992500,3.000000,0.999972,3.000000,5.000000,5.000000,5.000000,5.000000,5.000000,0.088514,0.311520,0.380492,0.393389,calls/second,milliseconds
1778666059,2,5.000000,3.992500,3.000000,0.999972,3.000000,5.000000,5.000000,5.000000,5.000000,5.000000,0.084752,0.311520,0.380492,0.393389,calls/second,milliseconds
1778666060,2,5.000000,3.992500,3.000000,0.999972,3.000000,5.000000,5.000000,5.000000,5.000000,5.000000,0.081299,0.311520,0.380492,0.393389,calls/second,milliseconds
1778666061,2,5.000000,3.992500,3.000000,0.999972,3.000000,5.000000,5.000000,5.000000,5.000000,5.000000,0.078114,0.286613,0.374203,0.391209,calls/second,milliseconds
1778666062,2,5.000000,3.992500,3.000000,0.999972,3.000000,5.000000,5.000000,5.000000,5.000000,5.000000,0.075170,0.286613,0.374203,0.391209,calls/second,milliseconds
1778666063,2,5.000000,3.992500,3.000000,0.999972,3.000000,5.000000,5.000000,5.000000,5.000000,5.000000,0.072440,0.286613,0.374203,0.391209,calls/second,milliseconds
1778666064,2,5.000000,3.992500,3.000000,0.999972,3.000000,5.000000,5.000000,5.000000,5.000000,5.000000,0.069901,0.286613,0.374203,0.391209,calls/second,milliseconds
1778666065,2,5.000000,3.992500,3.000000,0.999972,3.000000,5.000000,5.000000,5.000000,5.000000,5.000000,0.067532,0.286613,0.374203,0.391209,calls/second,milliseconds
1778666066,2,5.000000,3.992500,3.000000,0.999972,3.000000,5.000000,5.000000,5.000000,5.000000,5.000000,0.065321,0.263696,0.368018,0.389042,calls/second,milliseconds
1778666067,2,5.000000,3.992500,3.000000,0.999972,3.000000,5.000000,5.000000,5.000000,5.000000,5.000000,0.063249,0.263696,0.368018,0.389042,calls/second,milliseconds
1778666068,2,5.000000,3.992500,3.000000,0.999972,3.000000,5.000000,5.000000,5.000000,5.000000,5.000000,0.061306,0.263696,0.368018,0.389042,calls/second,milliseconds
1778666069,2,5.000000,3.992500,3.000000,0.999972,3.000000,5.000000,5.000000,5.000000,5.000000,5.000000,0.059478,0.263696,0.368018,0.389042,calls/second,milliseconds
1778666070,2,5.000000,3.992500,3.000000,0.999972,3.000000,5.000000,5.000000,5.000000,5.000000,5.000000,0.057756,0.263696,0.368018,0.389042,calls/second,milliseconds
1778666071,2,5.000000,3.992500,3.000000,0.999972,3.000000,5.000000,5.000000,5.000000,5.000000,5.000000,0.056132,0.242612,0.361935,0.386886,calls/second,milliseconds
1778666072,2,5.000000,3.992500,3.000000,0.999972,3.000000,5.000000,5.000000,5.000000,5.000000,5.000000,0.054596,0.242612,0.361935,0.386886,calls/second,milliseconds
1778666073,2,5.000000,3.992500,3.000000,0.999972,3.000000,5.000000,5.000000,5.000000,5.000000,5.000000,0.053142,0.242612,0.361935,0.386886,calls/second,milliseconds
1778666074,2,5.000000,3.992500,3.000000,0.999972,3.000000,5.000000,5.000000,5.000000,5.000000,5.000000,0.051763,0.242612,0.361935,0.386886,calls/second,milliseconds
1778666075,2,5.000000,3.992500,3.000000,0.999972,3.000000,5.000000,5.000000,5.000000,5.000000,5.000000,0.050453,0.242612,0.361935,0.386886,calls/second,milliseconds
1778666076,2,5.000000,3.992500,3.000000,0.999972,3.000000,5.000000,5.000000,5.000000,5.000000,5.000000,0.049207,0.223214,0.355953,0.384743,calls/second,milliseconds
1778666077,2,5.000000,3.992500,3.000000,0.999972,3.000000,5.000000,5.000000,5.000000,5.000000,5.000000,0.048022,0.223214,0.355953,0.384743,calls/second,milliseconds
1778666078,2,5.000000,3.992500,3.000000,0.999972,3.000000,5.000000,5.000000,5.000000,5.000000,5.000000,0.046893,0.223214,0.355953,0.384743,calls/second,milliseconds
1778666079,2,5.000000,3.992500,3.000000,0.999972,3.000000,5.000000,5.000000,5.000000,5.000000,5.000000,0.045817,0.223214,0.355953,0.384743,calls/second,milliseconds
1778666080,2,5.000000,3.992500,3.000000,0.999972,3.000000,5.000000,5.000000,5.000000,5.000000,5.000000,0.044788,0.223214,0.355953,0.384743,calls/second,milliseconds
1778666081,2,5.000000,3.992500,3.000000,0.999972,3.000000,5.000000,5.000000,5.000000,5.000000,5.000000,0.043805,0.205367,0.350069,0.382611,calls/second,milliseconds
1778666082,2,5.000000,3.992500,3.000000,0.999972,3.000000,5.000000,5.000000,5.000000,5.000000,5.000000,0.042864,0.205367,0.350069,0.382611,calls/second,milliseconds
1778666083,2,5.000000,3.992500,3.000000,0.999972,3.000000,5.000000,5.000000,5.000000,5.000000,5.000000,0.041963,0.205367,0.350069,0.382611,calls/second,milliseconds
1778666084,2,5.000000,3.992500,3.000000,0.999972,3.000000,5.000000,5.000000,5.000000,5.000000,5.000000,0.041099,0.205367,0.350069,0.382611,calls/second,milliseconds
1778666085,2,5.000000,3.992500,3.000000,0.999972,3.000000,5.000000,5.000000,5.000000,5.000000,5.000000,0.040269,0.205367,0.350069,0.382611,calls/second,milliseconds
1778666086,2,5.000000,3.992500,3.000000,0.999972,3.000000,5.000000,5.000000,5.000000,5.000000,5.000000,0.039472,0.188947,0.344283,0.380492,calls/second,milliseconds
1778666087,2,5.000000,3.992500,3.000000,0.999972,3.000000,5.000000,5.000000,5.000000,5.000000,5.000000,0.038707,0.188947,0.344283,0.380492,calls/second,milliseconds
1778666088,2,5.000000,3.992500,3.000000,0.999972,3.000000,5.000000,5.000000,5.000000,5.000000,5.000000,0.037970,0.188947,0.344283,0.380492,calls/second,milliseconds
1778666089,2,5.000000,3.992500,3.000000,0.999972,3.000000,5.000000,5.000000,5.000000,5.000000,5.000000,0.037261,0.188947,0.344283,0.380492,calls/second,milliseconds
1778666090,2,5.000000,3.992500,3.000000,0.999972,3.000000,5.000000,5.000000,5.000000,5.000000,5.000000,0.036578,0.188947,0.344283,0.380492,calls/second,milliseconds
1778666091,2,5.000000,3.992500,3.000000,0.999972,3.000000,5.000000,5.000000,5.000000,5.000000,5.000000,0.035911,0.173839,0.338593,0.378384,calls/second,milliseconds
1778666092,2,5.000000,3.992500,3.000000,0.999972,3.000000,5.000000,5.000000,5.000000,5.000000,5.000000,0.035276,0.173839,0.338593,0.378384,calls/second,milliseconds
1778666093,2,5.000000,3.992500,3.000000,0.999972,3.000000,5.000000,5.000000,5.000000,5.000000,5.000000,0.034664,0.173839,0.338593,0.378384,calls/second,milliseconds
1778666094,2,5.000000,3.992500,3.000000,0.999972,3.000000,5.000000,5.000000,5.000000,5.000000,5.000000,0.034072,0.173839,0.338593,0.378384,calls/second,milliseconds
1778666095,2,5.000000,3.992500,3.000000,0.999972,3.000000,5.000000,5.000000,5.000000,5.000000,5.000000,0.033499,0.173839,0.338593,0.378384,calls/second,milliseconds
1778666096,2,5.000000,3.992500,3.000000,0.999972,3.000000,5.000000,5.000000,5.000000,5.000000,5.000000,0.032946,0.159940,0.332996,0.376287,calls/second,milliseconds
1778666097,2,5.000000,3.992500,3.000000,0.999972,3.000000,5.000000,5.000000,5.000000,5.000000,5.000000,0.032411,0.159940,0.332996,0.376287,calls/second,milliseconds
1778666098,2,5.000000,3.992500,3.000000,0.999972,3.000000,5.000000,5.000000,5.000000,5.000000,5.000000,0.031893,0.159940,0.332996,0.376287,calls/second,milliseconds
1778666099,2,5.000000,3.992500,3.000000,0.999972,3.000000,5.000000,5.000000,5.000000,5.000000,5.000000,0.031391,0.159940,0.332996,0.376287,calls/second,milliseconds
1778666100,2,5.000000,3.992500,3.000000,0.999972,3.000000,5.000000,5.000000,5.000000,5.000000,5.000000,0.030905,0.159940,0.332996,0.376287,calls/second,milliseconds
1778666101,2,5.000000,3.992500,3.000000,0.999972,3.000000,5.000000,5.000000,5.000000,5.000000,5.000000,0.030434,0.147152,0.327492,0.374203,calls/second,milliseconds
1778666102,2,5.000000,3.992500,3.000000,0.999972,3.000000,5.000000,5.000000,5.000000,5.000000,5.000000,0.029977,0.147152,0.327492,0.374203,calls/second,milliseconds
1778666103,2,5.000000,3.992500,3.000000,0.999972,3.000000,5.000000,5.000000,5.000000,5.000000,5.000000,0.029534,0.147152,0.327492,0.374203,calls/second,milliseconds
1778666104,2,5.000000,3.992500,3.000000,0.999972,3.000000,5.000000,5.000000,5.000000,5.000000,5.000000,0.029103,0.147152,0.327492,0.374203,calls/second,milliseconds
1778666105,2,5.000000,3.992500,3.000000,0.999972,3.000000,5.000000,5.000000,5.000000,5.000000,5.000000,0.028684,0.147152,0.327492,0.374203,calls/second,milliseconds
1778666106,2,5.000000,3.992500,3.000000,0.999972,3.000000,5.000000,5.000000,5.000000,5.000000,5.000000,0.028278,0.135386,0.322079,0.372130,calls/second,milliseconds
1778666107,2,5.000000,3.992500,3.000000,0.999972,3.000000,5.000000,5.000000,5.000000,5.000000,5.000000,0.027883,0.135386,0.322079,0.372130,calls/second,milliseconds
1778666108,2,5.000000,3.992500,3.000000,0.999972,3.000000,5.000000,5.000000,5.000000,5.000000,5.000000,0.027499,0.135386,0.322079,0.372130,calls/second,milliseconds
1778666109,2,5.000000,3.992500,3.000000,0.999972,3.000000,5.000000,5.000000,5.000000,5.000000,5.000000,0.027125,0.135386,0.322079,0.372130,calls/second,milliseconds
1778666110,2,5.000000,3.992500,3.000000,0.999972,3.000000,5.000000,5.000000,5.000000,5.000000,5.000000,0.026761,0.135386,0.322079,0.372130,calls/second,milliseconds
1778666111,2,5.000000,3.992500,3.000000,0.999972,3.000000,5.000000,5.000000,5.000000,5.000000,5.000000,0.026407,0.124561,0.316756,0.370068,calls/second,milliseconds
1778666112,2,5.000000,3.992500,3.000000,0.999972,3.000000,5.000000,5.000000,5.000000,5.000000,5.000000,0.026062,0.124561,0.316756,0.370068,calls/second,milliseconds
1778666113,2,5.000000,3.992500,3.000000,0.999972,3.000000,5.000000,5.000000,5.000000,5.000000,5.000000,0.025726,0.124561,0.316756,0.370068,calls/second,milliseconds
1778666114,2,5.000000,3.992500,3.000000,0.999972,3.000000,5.000000,5.000000,5.000000,5.000000,5.000000,0.025399,0.124561,0.316756,0.370068,calls/second,milliseconds
1778666115,2,5.000000,3.992500,3.000000,0.999972,3.000000,5.000000,5.000000,5.000000,5.000000,5.000000,0.025079,0.124561,0.316756,0.370068,calls/second,milliseconds
1778666116,2,5.000000,3.992500,3.000000,0.999972,3.000000,5.000000,5.000000,5.000000,5.000000,5.000000,0.024768,0.114602,0.311520,0.368018,calls/second,milliseconds
1778666117,2,5.000000,3.992500,3.000000,0.999972,3.000000,5.000000,5.000000,5.000000,5.000000,5.000000,0.024464,0.114602,0.311520,0.368018,calls/second,milliseconds
1778666118,2,5.000000,3.992500,3.000000,0.999972,3.000000,5.000000,5.000000,5.000000,5.000000,5.000000,0.024168,0.114602,0.311520,0.368018,calls/second,milliseconds
1778666119,2,5.000000,3.992500,3.000000,0.999972,3.000000,5.000000,5.000000,5.000000,5.000000,5.000000,0.023879,0.114602,0.311520,0.368018,calls/second,milliseconds
1778666120,2,5.000000,3.992500,3.000000,0.999972,3.000000,5.000000,5.000000,5.000000,5.000000,5.000000,0.023596,0.114602,0.311520,0.368018,calls/second,milliseconds
1778666121,2,5.000000,3.992500,3.000000,0.999972,3.000000,5.000000,5.000000,5.000000,5.000000,5.000000,0.023321,0.105439,0.306371,0.365979,calls/second,milliseconds
1778666122,2,5.000000,3.992500,3.000000,0.999972,3.000000,5.000000,5.000000,5.000000,5.000000,5.000000,0.023051,0.105439,0.306371,0.365979,calls/second,milliseconds
1778666123,2,5.000000,3.992500,3.000000,0.999972,3.000000,5.000000,5.000000,5.000000,5.000000,5.000000,0.022788,0.105439,0.306371,0.365979,calls/second,milliseconds
1778666124,2,5.000000,3.992500,3.000000,0.999972,3.000000,5.000000,5.000000,5.000000,5.000000,5.000000,0.022531,0.105439,0.306371,0.365979,calls/second,milliseconds
1778666125,2,5.000000,3.992500,3.000000,0.999972,3.000000,5.000000,5.000000,5.000000,5.000000,5.000000,0.022279,0.105439,0.306371,0.365979,calls/second,milliseconds
1778666126,2,5.000000,3.992500,3.000000,0.999972,3.000000,5.000000,5.000000,5.000000,5.000000,5.000000,0.022033,0.097008,0.301307,0.363951,calls/second,milliseconds
1778666127,2,5.000000,3.992500,3.000000,0.999972,3.000000,5.000000,5.000000,5.000000,5.000000,5.000000,0.021792,0.097008,0.301307,0.363951,calls/second,milliseconds
1778666128,2,5.000000,3.992500,3.000000,0.999972,3.000000,5.000000,5.000000,5.000000,5.000000,5.000000,0.021557,0.097008,0.301307,0.363951,calls/second,milliseconds
1778666129,2,5.000000,3.992500,3.000000,0.999972,3.000000,5.000000,5.000000,5.000000,5.000000,5.000000,0.021327,0.097008,0.301307,0.363951,calls/second,milliseconds
1778666130,2,5.000000,3.992500,3.000000,0.999972,3.000000,5.000000,5.000000,5.000000,5.000000,5.000000,0.021101,0.097008,0.301307,0.363951,calls/second,milliseconds
1778666131,2,5.000000,3.992500,3.000000,0.999972,3.000000,5.000000,5.000000,5.000000,5.000000,5.000000,0.020880,0.089252,0.296327,0.361935,calls/second,milliseconds
1778666132,2,5.000000,3.992500,3.000000,0.999972,3.000000,5.000000,5.000000,5.000000,5.000000,5.000000,0.020664,0.089252,0.296327,0.361935,calls/second,milliseconds
1778666133,2,5.000000,3.992500,3.000000,0.999972,3.000000,5.000000,5.000000,5.000000,5.000000,5.000000,0.020452,0.089252,0.296327,0.361935,calls/second,milliseconds
1778666134,2,5.000000,3.992500,3.000000,0.999972,3.000000,5.000000,5.000000,5.000000,5.000000,5.000000,0.020245,0.089252,0.296327,0.361935,calls/second,milliseconds
1778666135,2,5.000000,3.992500,3.000000,0.999972,3.000000,5.000000,5.000000,5.000000,5.000000,5.000000,0.020041,0.089252,0.296327,0.361935,calls/second,milliseconds
1778666136,2,5.000000,3.992500,3.000000,0.999972,3.000000,5.000000,5.000000,5.000000,5.000000,5.000000,0.019842,0.082116,0.291429,0.359930,calls/second,milliseconds
1778666137,2,5.000000,3.992500,3.000000,0.999972,3.000000,5.000000,5.000000,5.000000,5.000000,5.000000,0.019647,0.082116,0.291429,0.359930,calls/second,milliseconds
1778666138,2,5.000000,3.992500,3.000000,0.999972,3.000000,5.000000,5.000000,5.000000,5.000000,5.000000,0.019455,0.082116,0.291429,0.359930,calls/second,milliseconds
1778666139,2,5.000000,3.992500,3.000000,0.999972,3.000000,5.000000,5.000000,5.000000,5.000000,5.000000,0.019267,0.082116,0.291429,0.359930,calls/second,milliseconds
1778666140,2,5.000000,3.992500,3.000000,0.999972,3.000000,5.000000,5.000000,5.000000,5.000000,5.000000,0.019083,0.082116,0.291429,0.359930,calls/second,milliseconds
1778666141,2,5.000000,3.992500,3.000000,0.999972,3.000000,5.000000,5.000000,5.000000,5.000000,5.000000,0.018902,0.075550,0.286613,0.357936,calls/second,milliseconds
1778666142,2,5.000000,3.992500,3.000000,0.999972,3.000000,5.000000,5.000000,5.000000,5.000000,5.000000,0.018725,0.075550,0.286613,0.357936,calls/second,milliseconds
1778666143,2,5.000000,3.992500,3.000000,0.999972,3.000000,5.000000,5.000000,5.000000,5.000000,5.000000,0.018551,0.075550,0.286613,0.357936,calls/second,milliseconds
1778666144,2,5.000000,3.992500,3.000000,0.999972,3.000000,5.000000,5.000000,5.000000,5.000000,5.000000,0.018380,0.075550,0.286613,0.357936,calls/second,milliseconds
1778666145,2,5.000000,3.992500,3.000000,0.999972,3.000000,5.000000,5.000000,5.000000,5.000000,5.000000,0.018212,0.075550,0.286613,0.357936,calls/second,milliseconds
1778666146,2,5.000000,3.992500,3.000000,0.999972,3.000000,5.000000,5.000000,5.000000,5.000000,5.000000,0.018048,0.069510,0.281875,0.355953,calls/second,milliseconds
1778666147,2,5.000000,3.992500,3.000000,0.999972,3.000000,5.000000,5.000000,5.000000,5.000000,5.000000,0.017886,0.069510,0.281875,0.355953,calls/second,milliseconds
1778666148,2,5.000000,3.992500,3.000000,0.999972,3.000000,5.000000,5.000000,5.000000,5.000000,5.000000,0.017727,0.069510,0.281875,0.355953,calls/second,milliseconds
1778666149,2,5.000000,3.992500,3.000000,0.999972,3.000000,5.000000,5.000000,5.000000,5.000000,5.000000,0.017571,0.069510,0.281875,0.355953,calls/second,milliseconds
1778666150,2,5.000000,3.992500,3.000000,0.999972,3.000000,5.000000,5.000000,5.000000,5.000000,5.000000,0.017417,0.069510,0.281875,0.355953,calls/second,milliseconds
1778666151,2,5.000000,3.992500,3.000000,0.999972,3.000000,5.000000,5.000000,5.000000,5.000000,5.000000,0.017267,0.063952,0.277216,0.353981,calls/second,milliseconds
1778666152,2,5.000000,3.992500,3.000000,0.999972,3.000000,5.000000,5.000000,5.000000,5.000000,5.000000,0.017119,0.063952,0.277216,0.353981,calls/second,milliseconds
1778666153,2,5.000000,3.992500,3.000000,0.999972,3.000000,5.000000,5.000000,5.000000,5.000000,5.000000,0.016973,0.063952,0.277216,0.353981,calls/second,milliseconds
1778666154,2,5.000000,3.992500,3.000000,0.999972,3.000000,5.000000,5.000000,5.000000,5.000000,5.000000,0.016830,0.063952,0.277216,0.353981,calls/second,milliseconds
1778666155,2,5.000000,3.992500,3.000000,0.999972,3.000000,5.000000,5.000000,5.000000,5.000000,5.000000,0.016689,0.063952,0.277216,0.353981,calls/second,milliseconds
1778666156,2,5.000000,3.992500,3.000000,0.999972,3.000000,5.000000,5.000000,5.000000,5.000000,5.000000,0.016551,0.058839,0.272634,0.352020,calls/second,milliseconds
1778666157,2,5.000000,3.992500,3.000000,0.999972,3.000000,5.000000,5.000000,5.000000,5.000000,5.000000,0.016414,0.058839,0.272634,0.352020,calls/second,milliseconds
1778666158,2,5.000000,3.992500,3.000000,0.999972,3.000000,5.000000,5.000000,5.000000,5.000000,5.000000,0.016281,0.058839,0.272634,0.352020,calls/second,milliseconds
1778666159,2,5.000000,3.992500,3.000000,0.999972,3.000000,5.000000,5.000000,5.000000,5.000000,5.000000,0.016149,0.058839,0.272634,0.352020,calls/second,milliseconds
1778666160,2,5.000000,3.992500,3.000000,0.999972,3.000000,5.000000,5.000000,5.000000,5.000000,5.000000,0.016019,0.058839,0.272634,0.352020,calls/second,milliseconds
1778666161,2,5.000000,3.992500,3.000000,0.999972,3.000000,5.000000,5.000000,5.000000,5.000000,5.000000,0.015892,0.054134,0.268128,0.350069,calls/second,milliseconds
1778666162,2,5.000000,3.992500,3.000000,0.999972,3.000000,5.000000,5.000000,5.000000,5.000000,5.000000,0.015766,0.054134,0.268128,0.350069,calls/second,milliseconds
1778666163,2,5.000000,3.992500,3.000000,0.999972,3.000000,5.000000,5.000000,5.000000,5.000000,5.000000,0.015642,0.054134,0.268128,0.350069,calls/second,milliseconds
1778666164,2,5.000000,3.992500,3.000000,0.999972,3.000000,5.000000,5.000000,5.000000,5.000000,5.000000,0.015521,0.054134,0.268128,0.350069,calls/second,milliseconds
1778666165,2,5.000000,3.992500,3.000000,0.999972,3.000000,5.000000,5.000000,5.000000,5.000000,5.000000,0.015401,0.054134,0.268128,0.350069,calls/second,milliseconds
1778666166,2,5.000000,3.992500,3.000000,0.999972,3.000000,5.000000,5.000000,5.000000,5.000000,5.000000,0.015283,0.049806,0.263696,0.348130,calls/second,milliseconds
1778666167,2,5.000000,3.992500,3.000000,0.999972,3.000000,5.000000,5.000000,5.000000,5.000000,5.000000,0.015167,0.049806,0.263696,0.348130,calls/second,milliseconds
1778666168,2,5.000000,3.992500,3.000000,0.999972,3.000000,5.000000,5.000000,5.000000,5.000000,5.000000,0.015052,0.049806,0.263696,0.348130,calls/second,milliseconds
1778666169,2,5.000000,3.992500,3.000000,0.999972,3.000000,5.000000,5.000000,5.000000,5.000000,5.000000,0.014940,0.049806,0.263696,0.348130,calls/second,milliseconds
1778666170,2,5.000000,3.992500,3.000000,0.999972,3.000000,5.000000,5.000000,5.000000,5.000000,5.000000,0.014829,0.049806,0.263696,0.348130,calls/second,milliseconds
1778666171,2,5.000000,3.992500,3.000000,0.999972,3.000000,5.000000,5.000000,5.000000,5.000000,5.000000,0.014719,0.045824,0.259338,0.346201,calls/second,milliseconds
1778666172,2,5.000000,3.992500,3.000000,0.999972,3.000000,5.000000,5.000000,5.000000,5.000000,5.000000,0.014611,0.045824,0.259338,0.346201,calls/second,milliseconds
1778666173,2,5.000000,3.992500,3.000000,0.999972,3.000000,5.000000,5.000000,5.000000,5.000000,5.000000,0.014505,0.045824,0.259338,0.346201,calls/second,milliseconds
1778666174,2,5.000000,3.992500,3.000000,0.999972,3.000000,5.000000,5.000000,5.000000,5.000000,5.000000,0.014401,0.045824,0.259338,0.346201,calls/second,milliseconds
1778666175,2,5.000000,3.992500,3.000000,0.999972,3.000000,5.000000,5.000000,5.000000,5.000000,5.000000,0.014297,0.045824,0.259338,0.346201,calls/second,milliseconds
1778666176,2,5.000000,3.992500,3.000000,0.999972,3.000000,5.000000,5.000000,5.000000,5.000000,5.000000,0.014196,0.042160,0.255051,0.344283,calls/second,milliseconds
1778666177,2,5.000000,3.992500,3.000000,0.999972,3.000000,5.000000,5.000000,5.000000,5.000000,5.000000,0.014095,0.042160,0.255051,0.344283,calls/second,milliseconds
1778666178,2,5.000000,3.992500,3.000000,0.999972,3.000000,5.000000,5.000000,5.000000,5.000000,5.000000,0.013997,0.042160,0.255051,0.344283,calls/second,milliseconds
1778666179,2,5.000000,3.992500,3.000000,0.999972,3.000000,5.000000,5.000000,5.000000,5.000000,5.000000,0.013899,0.042160,0.255051,0.344283,calls/second,milliseconds
1778666180,2,5.000000,3.992500,3.000000,0.999972,3.000000,5.000000,5.000000,5.000000,5.000000,5.000000,0.013803,0.042160,0.255051,0.344283,calls/second,milliseconds
1778666181,2,5.000000,3.992500,3.000000,0.999972,3.000000,5.000000,5.000000,5.000000,5.000000,5.000000,0.013708,0.038789,0.250836,0.342376,calls/second,milliseconds
1778666182,2,5.000000,3.992500,3.000000,0.999972,3.000000,5.000000,5.000000,5.000000,5.000000,5.000000,0.013615,0.038789,0.250836,0.342376,calls/second,milliseconds
1778666183,2,5.000000,3.992500,3.000000,0.999972,3.000000,5.000000,5.000000,5.000000,5.000000,5.000000,0.013522,0.038789,0.250836,0.342376,calls/second,milliseconds
1778666184,2,5.000000,3.992500,3.000000,0.999972,3.000000,5.000000,5.000000,5.000000,5.000000,5.000000,0.013432,0.038789,0.250836,0.342376,calls/second,milliseconds
1778666185,2,5.000000,3.992500,3.000000,0.999972,3.000000,5.000000,5.000000,5.000000,5.000000,5.000000,0.013342,0.038789,0.250836,0.342376,calls/second,milliseconds
1778666186,2,5.000000,3.992500,3.000000,0.999972,3.000000,5.000000,5.000000,5.000000,5.000000,5.000000,0.013253,0.035687,0.246690,0.340479,calls/second,milliseconds
1778666187,2,5.000000,3.992500,3.000000,0.999972,3.000000,5.000000,5.000000,5.000000,5.000000,5.000000,0.013166,0.035687,0.246690,0.340479,calls/second,milliseconds
1778666188,2,5.000000,3.992500,3.000000,0.999972,3.000000,5.000000,5.000000,5.000000,5.000000,5.000000,0.013079,0.035687,0.246690,0.340479,calls/second,milliseconds
1778666189,2,5.000000,3.992500,3.000000,0.999972,3.000000,5.000000,5.000000,5.000000,5.000000,5.000000,0.012994,0.035687,0.246690,0.340479,calls/second,milliseconds
1778666190,2,5.000000,3.992500,3.000000,0.999972,3.000000,5.000000,5.000000,5.000000,5.000000,5.000000,0.012910,0.035687,0.246690,0.340479,calls/second,milliseconds
1778666191,2,5.000000,3.992500,3.000000,0.999972,3.000000,5.000000,5.000000,5.000000,5.000000,5.000000,0.012827,0.032834,0.242612,0.338593,calls/second,milliseconds
1778666192,2,5.000000,3.992500,3.000000,0.999972,3.000000,5.000000,5.000000,5.000000,5.000000,5.000000,0.012745,0.032834,0.242612,0.338593,calls/second,milliseconds
1778666193,2,5.000000,3.992500,3.000000,0.999972,3.000000,5.000000,5.000000,5.000000,5.000000,5.000000,0.012664,0.032834,0.242612,0.338593,calls/second,milliseconds
1778666194,2,5.000000,3.992500,3.000000,0.999972,3.000000,5.000000,5.000000,5.000000,5.000000,5.000000,0.012585,0.032834,0.242612,0.338593,calls/second,milliseconds
1778666195,2,5.000000,3.992500,3.000000,0.999972,3.000000,5.000000,5.000000,5.000000,5.000000,5.000000,0.012506,0.032834,0.242612,0.338593,calls/second,milliseconds
1778666196,2,5.000000,3.992500,3.000000,0.999972,3.000000,5.000000,5.000000,5.000000,5.000000,5.000000,0.012428,0.030209,0.238602,0.336717,calls/second,milliseconds
1778666197,2,5.000000,3.992500,3.000000,0.999972,3.000000,5.000000,5.000000,5.000000,5.000000,5.000000,0.012351,0.030209,0.238602,0.336717,calls/second,milliseconds
1778666198,2,5.000000,3.992500,3.000000,0.999972,3.000000,5.000000,5.000000,5.000000,5.000000,5.000000,0.012275,0.030209,0.238602,0.336717,calls/second,milliseconds
1778666199,2,5.000000,3.992500,3.000000,0.999972,3.000000,5.000000,5.000000,5.000000,5.000000,5.000000,0.012200,0.030209,0.238602,0.336717,calls/second,milliseconds
1778666200,2,5.000000,3.992500,3.000000,0.999972,3.000000,5.000000,5.000000,5.000000,5.000000,5.000000,0.012126,0.030209,0.238602,0.336717,calls/second,milliseconds
1778666201,2,5.000000,3.992500,3.000000,0.999972,3.000000,5.000000,5.000000,5.000000,5.000000,5.000000,0.012053,0.027793,0.234658,0.334851,calls/second,milliseconds
1778666202,2,5.000000,3.992500,3.000000,0.999972,3.000000,5.000000,5.000000,5.000000,5.000000,5.000000,0.011980,0.027793,0.234658,0.334851,calls/second,milliseconds
1778666203,2,5.000000,3.992500,3.000000,0.999972,3.000000,5.000000,5.000000,5.000000,5.000000,5.000000,0.011909,0.027793,0.234658,0.334851,calls/second,milliseconds
1778666204,2,5.000000,3.992500,3.000000,0.999972,3.000000,5.000000,5.000000,5.000000,5.000000,5.000000,0.011838,0.027793,0.234658,0.334851,calls/second,milliseconds
1778666205,2,5.000000,3.992500,3.000000,0.999972,3.000000,5.000000,5.000000,5.000000,5.000000,5.000000,0.011768,0.027793,0.234658,0.334851,calls/second,milliseconds
1778666206,2,5.000000,3.992500,3.000000,0.999972,3.000000,5.000000,5.000000,5.000000,5.000000,5.000000,0.011699,0.025571,0.230780,0.332996,calls/second,milliseconds
1778666207,2,5.000000,3.992500,3.000000,0.999972,3.000000,5.000000,5.000000,5.000000,5.000000,5.000000,0.011631,0.025571,0.230780,0.332996,calls/second,milliseconds
1778666208,2,5.000000,3.992500,3.000000,0.999972,3.000000,5.000000,5.000000,5.000000,5.000000,5.000000,0.011564,0.025571,0.230780,0.332996,calls/second,milliseconds
1778666209,2,5.000000,3.992500,3.000000,0.999972,3.000000,5.000000,5.000000,5.000000,5.000000,5.000000,0.011497,0.025571,0.230780,0.332996,calls/second,milliseconds
1778666210,2,5.000000,3.992500,3.000000,0.999972,3.000000,5.000000,5.000000,5.000000,5.000000,5.000000,0.011431,0.025571,0.230780,0.332996,calls/second,milliseconds
1778666211,2,5.000000,3.992500,3.000000,0.999972,3.000000,5.000000,5.000000,5.000000,5.000000,5.000000,0.011366,0.023527,0.226965,0.331151,calls/second,milliseconds
1778666212,2,5.000000,3.992500,3.000000,0.999972,3.000000,5.000000,5.000000,5.000000,5.000000,5.000000,0.011302,0.023527,0.226965,0.331151,calls/second,milliseconds
1778666213,2,5.000000,3.992500,3.000000,0.999972,3.000000,5.000000,5.000000,5.000000,5.000000,5.000000,0.011238,0.023527,0.226965,0.331151,calls/second,milliseconds
1778666214,2,5.000000,3.992500,3.000000,0.999972,3.000000,5.000000,5.000000,5.000000,5.000000,5.000000,0.011175,0.023527,0.226965,0.331151,calls/second,milliseconds
1778666215,2,5.000000,3.992500,3.000000,0.999972,3.000000,5.000000,5.000000,5.000000,5.000000,5.000000,0.011113,0.023527,0.226965,0.331151,calls/second,milliseconds
1778666216,2,5.000000,3.992500,3.000000,0.999972,3.000000,5.000000,5.000000,5.000000,5.000000,5.000000,0.011052,0.021646,0.223214,0.329317,calls/second,milliseconds
1778666217,2,5.000000,3.992500,3.000000,0.999972,3.000000,5.000000,5.000000,5.000000,5.000000,5.000000,0.010991,0.021646,0.223214,0.329317,calls/second,milliseconds
1778666218,2,5.000000,3.992500,3.000000,0.999972,3.000000,5.000000,5.000000,5.000000,5.000000,5.000000,0.010930,0.021646,0.223214,0.329317,calls/second,milliseconds
1778666219,2,5.000000,3.992500,3.000000,0.999972,3.000000,5.000000,5.000000,5.000000,5.000000,5.000000,0.010871,0.021646,0.223214,0.329317,calls/second,milliseconds
1778666220,2,5.000000,3.992500,3.000000,0.999972,3.000000,5.000000,5.000000,5.000000,5.000000,5.000000,0.010812,0.021646,0.223214,0.329317,calls/second,milliseconds
1778666221,2,5.000000,3.992500,3.000000,0.999972,3.000000,5.000000,5.000000,5.000000,5.000000,5.000000,0.010754,0.019915,0.219525,0.327492,calls/second,milliseconds
1778666222,2,5.000000,3.992500,3.000000,0.999972,3.000000,5.000000,5.000000,5.000000,5.000000,5.000000,0.010696,0.019915,0.219525,0.327492,calls/second,milliseconds
1778666223,2,5.000000,3.992500,3.000000,0.999972,3.000000,5.000000,5.000000,5.000000,5.000000,5.000000,0.010639,0.019915,0.219525,0.327492,calls/second,milliseconds
1778666224,2,5.000000,3.992500,3.000000,0.999972,3.000000,5.000000,5.000000,5.000000,5.000000,5.000000,0.010583,0.019915,0.219525,0.327492,calls/second,milliseconds
1778666225,2,5.000000,3.992500,3.000000,0.999972,3.000000,5.000000,5.000000,5.000000,5.000000,5.000000,0.010527,0.019915,0.219525,0.327492,calls/second,milliseconds
1778666226,2,5.000000,3.992500,3.000000,0.999972,3.000000,5.000000,5.000000,5.000000,5.000000,5.000000,0.010472,0.018323,0.215896,0.325678,calls/second,milliseconds
1778666227,2,5.000000,3.992500,3.000000,0.999972,3.000000,5.000000,5.000000,5.000000,5.000000,5.000000,0.010417,0.018323,0.215896,0.325678,calls/second,milliseconds
1778666228,2,5.000000,3.992500,3.000000,0.999972,3.000000,5.000000,5.000000,5.000000,5.000000,5.000000,0.010363,0.018323,0.215896,0.325678,calls/second,milliseconds
1778666229,2,5.000000,3.992500,3.000000,0.999972,3.000000,5.000000,5.000000,5.000000,5.000000,5.000000,0.010309,0.018323,0.215896,0.325678,calls/second,milliseconds
1778666230,2,5.000000,3.992500,3.000000,0.999972,3.000000,5.000000,5.000000,5.000000,5.000000,5.000000,0.010256,0.016858,0.212328,0.323874,calls/second,milliseconds
1778666231,2,5.000000,3.992500,3.000000,0.999972,3.000000,5.000000,5.000000,5.000000,5.000000,5.000000,0.010204,0.016858,0.212328,0.323874,calls/second,milliseconds
1778666232,2,5.000000,3.992500,3.000000,0.999972,3.000000,5.000000,5.000000,5.000000,5.000000,5.000000,0.010152,0.016858,0.212328,0.323874,calls/second,milliseconds
1778666233,2,5.000000,3.992500,3.000000,0.999972,3.000000,5.000000,5.000000,5.000000,5.000000,5.000000,0.010101,0.016858,0.212328,0.323874,calls/second,milliseconds
1778666234,2,5.000000,3.992500,3.000000,0.999972,3.000000,5.000000,5.000000,5.000000,5.000000,5.000000,0.010050,0.016858,0.212328,0.323874,calls/second,milliseconds
1778666235,2,5.000000,3.992500,3.000000,0.999972,3.000000,5.000000,5.000000,5.000000,5.000000,5.000000,0.009999,0.015510,0.208818,0.322079,calls/second,milliseconds
1778666236,2,5.000000,3.992500,3.000000,0.999972,3.000000,5.000000,5.000000,5.000000,5.000000,5.000000,0.009950,0.015510,0.208818,0.322079,calls/second,milliseconds
1778666237,2,5.000000,3.992500,3.000000,0.999972,3.000000,5.000000,5.000000,5.000000,5.000000,5.000000,0.009900,0.015510,0.208818,0.322079,calls/second,milliseconds
1778666238,2,5.000000,3.992500,3.000000,0.999972,3.000000,5.000000,5.000000,5.000000,5.000000,5.000000,0.009851,0.015510,0.208818,0.322079,calls/second,milliseconds
1778666239,2,5.000000,3.992500,3.000000,0.999972,3.000000,5.000000,5.000000,5.000000,5.000000,5.000000,0.009803,0.015510,0.208818,0.322079,calls/second,milliseconds
1778666240,2,5.000000,3.992500,3.000000,0.999972,3.000000,5.000000,5.000000,5.000000,5.000000,5.000000,0.009755,0.014270,0.205367,0.320295,calls/second,milliseconds
1778666241,2,5.000000,3.992500,3.000000,0.999972,3.000000,5.000000,5.000000,5.000000,5.000000,5.000000,0.009708,0.014270,0.205367,0.320295,calls/second,milliseconds
1778666242,2,5.000000,3.992500,3.000000,0.999972,3.000000,5.000000,5.000000,5.000000,5.000000,5.000000,0.009661,0.014270,0.205367,0.320295,calls/second,milliseconds
1778666243,2,5.000000,3.992500,3.000000,0.999972,3.000000,5.000000,5.000000,5.000000,5.000000,5.000000,0.009614,0.014270,0.205367,0.320295,calls/second,milliseconds
1778666244,2,5.000000,3.992500,3.000000,0.999972,3.000000,5.000000,5.000000,5.000000,5.000000,5.000000,0.009568,0.014270,0.205367,0.320295,calls/second,milliseconds
1778666245,2,5.000000,3.992500,3.000000,0.999972,3.000000,5.000000,5.000000,5.000000,5.000000,5.000000,0.009522,0.013129,0.201972,0.318520,calls/second,milliseconds
1778666246,2,5.000000,3.992500,3.000000,0.999972,3.000000,5.000000,5.000000,5.000000,5.000000,5.000000,0.009477,0.013129,0.201972,0.318520,calls/second,milliseconds
1778666247,2,5.000000,3.992500,3.000000,0.999972,3.000000,5.000000,5.000000,5.000000,5.000000,5.000000,0.009432,0.013129,0.201972,0.318520,calls/second,milliseconds
1778666248,2,5.000000,3.992500,3.000000,0.999972,3.000000,5.000000,5.000000,5.000000,5.000000,5.000000,0.009388,0.013129,0.201972,0.318520,calls/second,milliseconds
1778666249,2,5.000000,3.992500,3.000000,0.999972,3.000000,5.000000,5.000000,5.000000,5.000000,5.000000,0.009344,0.013129,0.201972,0.318520,calls/second,milliseconds
1778666250,2,5.000000,3.992500,3.000000,0.999972,3.000000,5.000000,5.000000,5.000000,5.000000,5.000000,0.009300,0.012079,0.198634,0.316756,calls/second,milliseconds
1778666251,2,5.000000,3.992500,3.000000,0.999972,3.000000,5.000000,5.000000,5.000000,5.000000,5.000000,0.009257,0.012079,0.198634,0.316756,calls/second,milliseconds
1778666252,2,5.000000,3.992500,3.000000,0.999972,3.000000,5.000000,5.000000,5.000000,5.000000,5.000000,0.009215,0.012079,0.198634,0.316756,calls/second,milliseconds
1778666253,2,5.000000,3.992500,3.000000,0.999972,3.000000,5.000000,5.000000,5.000000,5.000000,5.000000,0.009172,0.012079,0.198634,0.316756,calls/second,milliseconds
1778666254,2,5.000000,3.992500,3.000000,0.999972,3.000000,5.000000,5.000000,5.000000,5.000000,5.000000,0.009130,0.012079,0.198634,0.316756,calls/second,milliseconds
1778666255,2,5.000000,3.992500,3.000000,0.999972,3.000000,5.000000,5.000000,5.000000,5.000000,5.000000,0.009089,0.011113,0.195351,0.315001,calls/second,milliseconds
1778666256,2,5.000000,3.992500,3.000000,0.999972,3.000000,5.000000,5.000000,5.000000,5.000000,5.000000,0.009048,0.011113,0.195351,0.315001,calls/second,milliseconds
1778666257,2,5.000000,3.992500,3.000000,0.999972,3.000000,5.000000,5.000000,5.000000,5.000000,5.000000,0.009007,0.011113,0.195351,0.315001,calls/second,milliseconds
1778666258,2,5.000000,3.992500,3.000000,0.999972,3.000000,5.000000,5.000000,5.000000,5.000000,5.000000,0.008966,0.011113,0.195351,0.315001,calls/second,milliseconds
1778666259,2,5.000000,3.992500,3.000000,0.999972,3.000000,5.000000,5.000000,5.000000,5.000000,5.000000,0.008926,0.011113,0.195351,0.315001,calls/second,milliseconds
1778666260,2,5.000000,3.992500,3.000000,0.999972,3.000000,5.000000,5.000000,5.000000,5.000000,5.000000,0.008886,0.010225,0.192122,0.313256,calls/second,milliseconds
1778666261,2,5.000000,3.992500,3.000000,0.999972,3.000000,5.000000,5.000000,5.000000,5.000000,5.000000,0.008847,0.010225,0.192122,0.313256,calls/second,milliseconds
1778666262,2,5.000000,3.992500,3.000000,0.999972,3.000000,5.000000,5.000000,5.000000,5.000000,5.000000,0.008808,0.010225,0.192122,0.313256,calls/second,milliseconds
1778666263,2,5.000000,3.992500,3.000000,0.999972,3.000000,5.000000,5.000000,5.000000,5.000000,5.000000,0.008769,0.010225,0.192122,0.313256,calls/second,milliseconds
1778666264,2,5.000000,3.992500,3.000000,0.999972,3.000000,5.000000,5.000000,5.000000,5.000000,5.000000,0.008731,0.010225,0.192122,0.313256,calls/second,milliseconds
1778666265,2,5.000000,3.992500,3.000000,0.999972,3.000000,5.000000,5.000000,5.000000,5.000000,5.000000,0.008693,0.009407,0.188947,0.311520,calls/second,milliseconds
1778666266,2,5.000000,3.992500,3.000000,0.999972,3.000000,5.000000,5.000000,5.000000,5.000000,5.000000,0.008655,0.009407,0.188947,0.311520,calls/second,milliseconds
1778666267,2,5.000000,3.992500,3.000000,0.999972,3.000000,5.000000,5.000000,5.000000,5.000000,5.000000,0.008618,0.009407,0.188947,0.311520,calls/second,milliseconds
1778666268,2,5.000000,3.992500,3.000000,0.999972,3.000000,5.000000,5.000000,5.000000,5.000000,5.000000,0.008581,0.009407,0.188947,0.311520,calls/second,milliseconds
1778666269,2,5.000000,3.992500,3.000000,0.999972,3.000000,5.000000,5.000000,5.000000,5.000000,5.000000,0.008544,0.009407,0.188947,0.311520,calls/second,milliseconds
1778666270,2,5.000000,3.992500,3.000000,0.999972,3.000000,5.000000,5.000000,5.000000,5.000000,5.000000,0.008508,0.008655,0.185824,0.309794,calls/second,milliseconds
1778666271,2,5.000000,3.992500,3.000000,0.999972,3.000000,5.000000,5.000000,5.000000,5.000000,5.000000,0.008472,0.008655,0.185824,0.309794,calls/second,milliseconds
1778666272,2,5.000000,3.992500,3.000000,0.999972,3.000000,5.000000,5.000000,5.000000,5.000000,5.000000,0.008436,0.008655,0.185824,0.309794,calls/second,milliseconds
1778666273,2,5.000000,3.992500,3.000000,0.999972,3.000000,5.000000,5.000000,5.000000,5.000000,5.000000,0.008400,0.008655,0.185824,0.309794,calls/second,milliseconds
1778666274,2,5.000000,3.992500,3.000000,0.999972,3.000000,5.000000,5.000000,5.000000,5.000000,5.000000,0.008365,0.008655,0.185824,0.309794,calls/second,milliseconds
1778666275,2,5.000000,3.992500,3.000000,0.999972,3.000000,5.000000,5.000000,5.000000,5.000000,5.000000,0.008330,0.007963,0.182752,0.308078,calls/second,milliseconds
1778666276,2,5.000000,3.992500,3.000000,0.999972,3.000000,5.000000,5.000000,5.000000,5.000000,5.000000,0.008295,0.007963,0.182752,0.308078,calls/second,milliseconds
1778666277,2,5.000000,3.992500,3.000000,0.999972,3.000000,5.000000,5.000000,5.000000,5.000000,5.000000,0.008261,0.007963,0.182752,0.308078,calls/second,milliseconds
1778666278,2,5.000000,3.992500,3.000000,0.999972,3.000000,5.000000,5.000000,5.000000,5.000000,5.000000,0.008227,0.007963,0.182752,0.308078,calls/second,milliseconds
1778666279,2,5.000000,3.992500,3.000000,0.999972,3.000000,5.000000,5.000000,5.000000,5.000000,5.000000,0.008193,0.007963,0.182752,0.308078,calls/second,milliseconds
1778666280,2,5.000000,3.992500,3.000000,0.999972,3.000000,5.000000,5.000000,5.000000,5.000000,5.000000,0.008160,0.007326,0.179732,0.306371,calls/second,milliseconds
1778666281,2,5.000000,3.992500,3.000000,0.999972,3.000000,5.000000,5.000000,5.000000,5.000000,5.000000,0.008127,0.007326,0.179732,0.306371,calls/second,milliseconds
1778666282,2,5.000000,3.992500,3.000000,0.999972,3.000000,5.000000,5.000000,5.000000,5.000000,5.000000,0.008094,0.007326,0.179732,0.306371,calls/second,milliseconds
1778666283,2,5.000000,3.992500,3.000000,0.999972,3.000000,5.000000,5.000000,5.000000,5.000000,5.000000,0.008061,0.007326,0.179732,0.306371,calls/second,milliseconds
1778666284,2,5.000000,3.992500,3.000000,0.999972,3.000000,5.000000,5.000000,5.000000,5.000000,5.000000,0.008029,0.007326,0.179732,0.306371,calls/second,milliseconds
1778666285,2,5.000000,3.992500,3.000000,0.999972,3.000000,5.000000,5.000000,5.000000,5.000000,5.000000,0.007996,0.006740,0.176761,0.304674,calls/second,milliseconds
1778666286,2,5.000000,3.992500,3.000000,0.999972,3.000000,5.000000,5.000000,5.000000,5.000000,5.000000,0.007964,0.006740,0.176761,0.304674,calls/second,milliseconds
1778666287,2,5.000000,3.992500,3.000000,0.999972,3.000000,5.000000,5.000000,5.000000,5.000000,5.000000,0.007933,0.006740,0.176761,0.304674,calls/second,milliseconds
1778666288,2,5.000000,3.992500,3.000000,0.999972,3.000000,5.000000,5.000000,5.000000,5.000000,5.000000,0.007901,0.006740,0.176761,0.304674,calls/second,milliseconds
1778666289,2,5.000000,3.992500,3.000000,0.999972,3.000000,5.000000,5.000000,5.000000,5.000000,5.000000,0.007870,0.006740,0.176761,0.304674,calls/second,milliseconds
1778666290,2,5.000000,3.992500,3.000000,0.999972,3.000000,5.000000,5.000000,5.000000,5.000000,5.000000,0.007839,0.006202,0.173839,0.302986,calls/second,milliseconds
1778666291,2,5.000000,3.992500,3.000000,0.999972,3.000000,5.000000,5.000000,5.000000,5.000000,5.000000,0.007809,0.006202,0.173839,0.302986,calls/second,milliseconds
1778666292,2,5.000000,3.992500,3.000000,0.999972,3.000000,5.000000,5.000000,5.000000,5.000000,5.000000,0.007778,0.006202,0.173839,0.302986,calls/second,milliseconds
1778666293,2,5.000000,3.992500,3.000000,0.999972,3.000000,5.000000,5.000000,5.000000,5.000000,5.000000,0.007748,0.006202,0.173839,0.302986,calls/second,milliseconds
1778666294,2,5.000000,3.992500,3.000000,0.999972,3.000000,5.000000,5.000000,5.000000,5.000000,5.000000,0.007718,0.006202,0.173839,0.302986,calls/second,milliseconds
1778666295,2,5.000000,3.992500,3.000000,0.999972,3.000000,5.000000,5.000000,5.000000,5.000000,5.000000,0.007688,0.005706,0.170966,0.301307,calls/second,milliseconds
1778666296,2,5.000000,3.992500,3.000000,0.999972,3.000000,5.000000,5.000000,5.000000,5.000000,5.000000,0.007659,0.005706,0.170966,0.301307,calls/second,milliseconds
1778666297,2,5.000000,3.992500,3.000000,0.999972,3.000000,5.000000,5.000000,5.000000,5.000000,5.000000,0.007629,0.005706,0.170966,0.301307,calls/second,milliseconds
1778666298,2,5.000000,3.992500,3.000000,0.999972,3.000000,5.000000,5.000000,5.000000,5.000000,5.000000,0.007600,0.005706,0.170966,0.301307,calls/second,milliseconds
1778666299,2,5.000000,3.992500,3.000000,0.999972,3.000000,5.000000,5.000000,5.000000,5.000000,5.000000,0.007572,0.005706,0.170966,0.301307,calls/second,milliseconds
1778666300,2,5.000000,3.992500,3.000000,0.999972,3.000000,5.000000,5.000000,5.000000,5.000000,5.000000,0.007543,0.005249,0.168140,0.299638,calls/second,milliseconds
1778666301,2,5.000000,3.992500,3.000000,0.999972,3.000000,5.000000,5.000000,5.000000,5.000000,5.000000,0.007515,0.005249,0.168140,0.299638,calls/second,milliseconds
1778666302,2,5.000000,3.992500,3.000000,0.999972,3.000000,5.000000,5.000000,5.000000,5.000000,5.000000,0.007486,0.005249,0.168140,0.299638,calls/second,milliseconds
1778666303,2,5.000000,3.992500,3.000000,0.999972,3.000000,5.000000,5.000000,5.000000,5.000000,5.000000,0.007458,0.005249,0.168140,0.299638,calls/second,milliseconds
1778666304,2,5.000000,3.992500,3.000000,0.999972,3.000000,5.000000,5.000000,5.000000,5.000000,5.000000,0.007431,0.005249,0.168140,0.299638,calls/second,milliseconds
1778666305,2,5.000000,3.992500,3.000000,0.999972,3.000000,5.000000,5.000000,5.000000,5.000000,5.000000,0.007403,0.004830,0.165361,0.297978,calls/second,milliseconds
1778666306,2,5.000000,3.992500,3.000000,0.999972,3.000000,5.000000,5.000000,5.000000,5.000000,5.000000,0.007376,0.004830,0.165361,0.297978,calls/second,milliseconds
1778666307,2,5.000000,3.992500,3.000000,0.999972,3.000000,5.000000,5.000000,5.000000,5.000000,5.000000,0.007349,0.004830,0.165361,0.297978,calls/second,milliseconds
1778666308,2,5.000000,3.992500,3.000000,0.999972,3.000000,5.000000,5.000000,5.000000,5.000000,5.000000,0.007322,0.004830,0.165361,0.297978,calls/second,milliseconds
1778666309,2,5.000000,3.992500,3.000000,0.999972,3.000000,5.000000,5.000000,5.000000,5.000000,5.000000,0.007295,0.004830,0.165361,0.297978,calls/second,milliseconds
1778666310,2,5.000000,3.992500,3.000000,0.999972,3.000000,5.000000,5.000000,5.000000,5.000000,5.000000,0.007268,0.004444,0.162628,0.296327,calls/second,milliseconds
1778666311,2,5.000000,3.992500,3.000000,0.999972,3.000000,5.000000,5.000000,5.000000,5.000000,5.000000,0.007242,0.004444,0.162628,0.296327,calls/second,milliseconds
1778666312,2,5.000000,3.992500,3.000000,0.999972,3.000000,5.000000,5.000000,5.000000,5.000000,5.000000,0.007216,0.004444,0.162628,0.296327,calls/second,milliseconds
1778666313,2,5.000000,3.992500,3.000000,0.999972,3.000000,5.000000,5.000000,5.000000,5.000000,5.000000,0.007190,0.004444,0.162628,0.296327,calls/second,milliseconds
1778666314,2,5.000000,3.992500,3.000000,0.999972,3.000000,5.000000,5.000000,5.000000,5.000000,5.000000,0.007164,0.004444,0.162628,0.296327,calls/second,milliseconds
1778666315,2,5.000000,3.992500,3.000000,0.999972,3.000000,5.000000,5.000000,5.000000,5.000000,5.000000,0.007138,0.004088,0.159940,0.294686,calls/second,milliseconds
1778666316,2,5.000000,3.992500,3.000000,0.999972,3.000000,5.000000,5.000000,5.000000,5.000000,5.000000,0.007113,0.004088,0.159940,0.294686,calls/second,milliseconds
1778666317,2,5.000000,3.992500,3.000000,0.999972,3.000000,5.000000,5.000000,5.000000,5.000000,5.000000,0.007088,0.004088,0.159940,0.294686,calls/second,milliseconds
1778666318,2,5.000000,3.992500,3.000000,0.999972,3.000000,5.000000,5.000000,5.000000,5.000000,5.000000,0.007063,0.004088,0.159940,0.294686,calls/second,milliseconds
1778666319,2,5.000000,3.992500,3.000000,0.999972,3.000000,5.000000,5.000000,5.000000,5.000000,5.000000,0.007038,0.004088,0.159940,0.294686,calls/second,milliseconds
1778666320,2,5.000000,3.992500,3.000000,0.999972,3.000000,5.000000,5.000000,5.000000,5.000000,5.000000,0.007013,0.003761,0.157296,0.293053,calls/second,milliseconds
1778666321,2,5.000000,3.992500,3.000000,0.999972,3.000000,5.000000,5.000000,5.000000,5.000000,5.000000,0.006988,0.003761,0.157296,0.293053,calls/second,milliseconds
1778666322,2,5.000000,3.992500,3.000000,0.999972,3.000000,5.000000,5.000000,5.000000,5.000000,5.000000,0.006964,0.003761,0.157296,0.293053,calls/second,milliseconds
1778666323,2,5.000000,3.992500,3.000000,0.999972,3.000000,5.000000,5.000000,5.000000,5.000000,5.000000,0.006940,0.003761,0.157296,0.293053,calls/second,milliseconds
1778666324,2,5.000000,3.992500,3.000000,0.999972,3.000000,5.000000,5.000000,5.000000,5.000000,5.000000,0.006916,0.003761,0.157296,0.293053,calls/second,milliseconds
1778666325,2,5.000000,3.992500,3.000000,0.999972,3.000000,5.000000,5.000000,5.000000,5.000000,5.000000,0.006892,0.003461,0.154696,0.291429,calls/second,milliseconds
1778666326,2,5.000000,3.992500,3.000000,0.999972,3.000000,5.000000,5.000000,5.000000,5.000000,5.000000,0.006868,0.003461,0.154696,0.291429,calls/second,milliseconds
1778666327,2,5.000000,3.992500,3.000000,0.999972,3.000000,5.000000,5.000000,5.000000,5.000000,5.000000,0.006844,0.003461,0.154696,0.291429,calls/second,milliseconds
1778666328,2,5.000000,3.992500,3.000000,0.999972,3.000000,5.000000,5.000000,5.000000,5.000000,5.000000,0.006821,0.003461,0.154696,0.291429,calls/second,milliseconds
1778666329,2,5.000000,3.992500,3.000000,0.999972,3.000000,5.000000,5.000000,5.000000,5.000000,5.000000,0.006798,0.003461,0.154696,0.291429,calls/second,milliseconds
1778666330,2,5.000000,3.992500,3.000000,0.999972,3.000000,5.000000,5.000000,5.000000,5.000000,5.000000,0.006775,0.003184,0.152140,0.289815,calls/second,milliseconds
1778666331,2,5.000000,3.992500,3.000000,0.999972,3.000000,5.000000,5.000000,5.000000,5.000000,5.000000,0.006752,0.003184,0.152140,0.289815,calls/second,milliseconds
1778666332,2,5.000000,3.992500,3.000000,0.999972,3.000000,5.000000,5.000000,5.000000,5.000000,5.000000,0.006729,0.003184,0.152140,0.289815,calls/second,milliseconds
1778666333,2,5.000000,3.992500,3.000000,0.999972,3.000000,5.000000,5.000000,5.000000,5.000000,5.000000,0.006706,0.003184,0.152140,0.289815,calls/second,milliseconds
1778666334,2,5.000000,3.992500,3.000000,0.999972,3.000000,5.000000,5.000000,5.000000,5.000000,5.000000,0.006684,0.003184,0.152140,0.289815,calls/second,milliseconds
1778666335,2,5.000000,3.992500,3.000000,0.999972,3.000000,5.000000,5.000000,5.000000,5.000000,5.000000,0.006662,0.002929,0.149625,0.288209,calls/second,milliseconds
1778666336,2,5.000000,3.992500,3.000000,0.999972,3.000000,5.000000,5.000000,5.000000,5.000000,5.000000,0.006639,0.002929,0.149625,0.288209,calls/second,milliseconds
1778666337,2,5.000000,3.992500,3.000000,0.999972,3.000000,5.000000,5.000000,5.000000,5.000000,5.000000,0.006617,0.002929,0.149625,0.288209,calls/second,milliseconds
1778666338,2,5.000000,3.992500,3.000000,0.999972,3.000000,5.000000,5.000000,5.000000,5.000000,5.000000,0.006596,0.002929,0.149625,0.288209,calls/second,milliseconds
1778666339,2,5.000000,3.992500,3.000000,0.999972,3.000000,5.000000,5.000000,5.000000,5.000000,5.000000,0.006574,0.002929,0.149625,0.288209,calls/second,milliseconds
1778666340,2,5.000000,3.992500,3.000000,0.999972,3.000000,5.000000,5.000000,5.000000,5.000000,5.000000,0.006552,0.002695,0.147152,0.286613,calls/second,milliseconds
1778666341,2,5.000000,3.992500,3.000000,0.999972,3.000000,5.000000,5.000000,5.000000,5.000000,5.000000,0.006531,0.002695,0.147152,0.286613,calls/second,milliseconds
1778666342,2,5.000000,3.992500,3.000000,0.999972,3.000000,5.000000,5.000000,5.000000,5.000000,5.000000,0.006510,0.002695,0.147152,0.286613,calls/second,milliseconds
1778666343,2,5.000000,3.992500,3.000000,0.999972,3.000000,5.000000,5.000000,5.000000,5.000000,5.000000,0.006488,0.002695,0.147152,0.286613,calls/second,milliseconds
1778666344,2,5.000000,3.992500,3.000000,0.999972,3.000000,5.000000,5.000000,5.000000,5.000000,5.000000,0.006467,0.002695,0.147152,0.286613,calls/second,milliseconds
1778666345,2,5.000000,3.992500,3.000000,0.999972,3.000000,5.000000,5.000000,5.000000,5.000000,5.000000,0.006446,0.002480,0.144720,0.285025,calls/second,milliseconds
1778666346,2,5.000000,3.992500,3.000000,0.999972,3.000000,5.000000,5.000000,5.000000,5.000000,5.000000,0.006426,0.002480,0.144720,0.285025,calls/second,milliseconds
1778666347,2,5.000000,3.992500,3.000000,0.999972,3.000000,5.000000,5.000000,5.000000,5.000000,5.000000,0.006405,0.002480,0.144720,0.285025,calls/second,milliseconds
1778666348,2,5.000000,3.992500,3.000000,0.999972,3.000000,5.000000,5.000000,5.000000,5.000000,5.000000,0.006385,0.002480,0.144720,0.285025,calls/second,milliseconds
1778666349,2,5.000000,3.992500,3.000000,0.999972,3.000000,5.000000,5.000000,5.000000,5.000000,5.000000,0.006364,0.002480,0.144720,0.285025,calls/second,milliseconds
1778666350,2,5.000000,3.992500,3.000000,0.999972,3.000000,5.000000,5.000000,5.000000,5.000000,5.000000,0.006344,0.002281,0.142328,0.283446,calls/second,milliseconds
1778666351,2,5.000000,3.992500,3.000000,0.999972,3.000000,5.000000,5.000000,5.000000,5.000000,5.000000,0.006324,0.002281,0.142328,0.283446,calls/second,milliseconds
1778666352,2,5.000000,3.992500,3.000000,0.999972,3.000000,5.000000,5.000000,5.000000,5.000000,5.000000,0.006304,0.002281,0.142328,0.283446,calls/second,milliseconds
1778666353,2,5.000000,3.992500,3.000000,0.999972,3.000000,5.000000,5.000000,5.000000,5.000000,5.000000,0.006284,0.002281,0.142328,0.283446,calls/second,milliseconds
1778666354,2,5.000000,3.992500,3.000000,0.999972,3.000000,5.000000,5.000000,5.000000,5.000000,5.000000,0.006264,0.002281,0.142328,0.283446,calls/second,milliseconds
1778666355,2,5.000000,3.992500,3.000000,0.999972,3.000000,5.000000,5.000000,5.000000,5.000000,5.000000,0.006245,0.002099,0.139975,0.281875,calls/second,milliseconds
1778666356,2,5.000000,3.992500,3.000000,0.999972,3.000000,5.000000,5.000000,5.000000,5.000000,5.000000,0.006225,0.002099,0.139975,0.281875,calls/second,milliseconds
1778666357,2,5.000000,3.992500,3.000000,0.999972,3.000000,5.000000,5.000000,5.000000,5.000000,5.000000,0.006206,0.002099,0.139975,0.281875,calls/second,milliseconds
1778666358,2,5.000000,3.992500,3.000000,0.999972,3.000000,5.000000,5.000000,5.000000,5.000000,5.000000,0.006187,0.002099,0.139975,0.281875,calls/second,milliseconds
1778666359,2,5.000000,3.992500,3.000000,0.999972,3.000000,5.000000,5.000000,5.000000,5.000000,5.000000,0.006168,0.002099,0.139975,0.281875,calls/second,milliseconds
1778666360,2,5.000000,3.992500,3.000000,0.999972,3.000000,5.000000,5.000000,5.000000,5.000000,5.000000,0.006149,0.001931,0.137662,0.280314,calls/second,milliseconds
1778666361,2,5.000000,3.992500,3.000000,0.999972,3.000000,5.000000,5.000000,5.000000,5.000000,5.000000,0.006130,0.001931,0.137662,0.280314,calls/second,milliseconds
1778666362,2,5.000000,3.992500,3.000000,0.999972,3.000000,5.000000,5.000000,5.000000,5.000000,5.000000,0.006111,0.001931,0.137662,0.280314,calls/second,milliseconds
1778666363,2,5.000000,3.992500,3.000000,0.999972,3.000000,5.000000,5.000000,5.000000,5.000000,5.000000,0.006092,0.001931,0.137662,0.280314,calls/second,milliseconds
1778666364,2,5.000000,3.992500,3.000000,0.999972,3.000000,5.000000,5.000000,5.000000,5.000000,5.000000,0.006074,0.001931,0.137662,0.280314,calls/second,milliseconds
1778666365,2,5.000000,3.992500,3.000000,0.999972,3.000000,5.000000,5.000000,5.000000,5.000000,5.000000,0.006055,0.001777,0.135386,0.278761,calls/second,milliseconds
1778666366,2,5.000000,3.992500,3.000000,0.999972,3.000000,5.000000,5.000000,5.000000,5.000000,5.000000,0.006037,0.001777,0.135386,0.278761,calls/second,milliseconds
1778666367,2,5.000000,3.992500,3.000000,0.999972,3.000000,5.000000,5.000000,5.000000,5.000000,5.000000,0.006019,0.001777,0.135386,0.278761,calls/second,milliseconds
1778666368,2,5.000000,3.992500,3.000000,0.999972,3.000000,5.000000,5.000000,5.000000,5.000000,5.000000,0.006001,0.001777,0.135386,0.278761,calls/second,milliseconds
1778666369,2,5.000000,3.992500,3.000000,0.999972,3.000000,5.000000,5.000000,5.000000,5.000000,5.000000,0.005983,0.001777,0.135386,0.278761,calls/second,milliseconds
1778666370,2,5.000000,3.992500,3.000000,0.999972,3.000000,5.000000,5.000000,5.000000,5.000000,5.000000,0.005965,0.001635,0.133148,0.277216,calls/second,milliseconds
1778666371,2,5.000000,3.992500,3.000000,0.999972,3.000000,5.000000,5.000000,5.000000,5.000000,5.000000,0.005947,0.001635,0.133148,0.277216,calls/second,milliseconds
1778666372,2,5.000000,3.992500,3.000000,0.999972,3.000000,5.000000,5.000000,5.000000,5.000000,5.000000,0.005929,0.001635,0.133148,0.277216,calls/second,milliseconds
1778666373,2,5.000000,3.992500,3.000000,0.999972,3.000000,5.000000,5.000000,5.000000,5.000000,5.000000,0.005912,0.001635,0.133148,0.277216,calls/second,milliseconds
1778666374,2,5.000000,3.992500,3.000000,0.999972,3.000000,5.000000,5.000000,5.000000,5.000000,5.000000,0.005894,0.001635,0.133148,0.277216,calls/second,milliseconds
1778666375,2,5.000000,3.992500,3.000000,0.999972,3.000000,5.000000,5.000000,5.000000,5.000000,5.000000,0.005877,0.001504,0.130948,0.275680,calls/second,milliseconds
1778666376,2,5.000000,3.992500,3.000000,0.999972,3.000000,5.000000,5.000000,5.000000,5.000000,5.000000,0.005860,0.001504,0.130948,0.275680,calls/second,milliseconds
1778666377,2,5.000000,3.992500,3.000000,0.999972,3.000000,5.000000,5.000000,5.000000,5.000000,5.000000,0.005843,0.001504,0.130948,0.275680,calls/second,milliseconds
1778666378,2,5.000000,3.992500,3.000000,0.999972,3.000000,5.000000,5.000000,5.000000,5.000000,5.000000,0.005825,0.001504,0.130948,0.275680,calls/second,milliseconds
1778666379,2,5.000000,3.992500,3.000000,0.999972,3.000000,5.000000,5.000000,5.000000,5.000000,5.000000,0.005809,0.001504,0.130948,0.275680,calls/second,milliseconds
1778666380,2,5.000000,3.992500,3.000000,0.999972,3.000000,5.000000,5.000000,5.000000,5.000000,5.000000,0.005792,0.001384,0.128783,0.274153,calls/second,milliseconds
1778666381,2,5.000000,3.992500,3.000000,0.999972,3.000000,5.000000,5.000000,5.000000,5.000000,5.000000,0.005775,0.001384,0.128783,0.274153,calls/second,milliseconds
1778666382,2,5.000000,3.992500,3.000000,0.999972,3.000000,5.000000,5.000000,5.000000,5.000000,5.000000,0.005758,0.001384,0.128783,0.274153,calls/second,milliseconds
1778666383,2,5.000000,3.992500,3.000000,0.999972,3.000000,5.000000,5.000000,5.000000,5.000000,5.000000,0.005742,0.001384,0.128783,0.274153,calls/second,milliseconds
1778666384,2,5.000000,3.992500,3.000000,0.999972,3.000000,5.000000,5.000000,5.000000,5.000000,5.000000,0.005725,0.001384,0.128783,0.274153,calls/second,milliseconds
1778666385,2,5.000000,3.992500,3.000000,0.999972,3.000000,5.000000,5.000000,5.000000,5.000000,5.000000,0.005709,0.001273,0.126655,0.272634,calls/second,milliseconds
1778666386,2,5.000000,3.992500,3.000000,0.999972,3.000000,5.000000,5.000000,5.000000,5.000000,5.000000,0.005693,0.001273,0.126655,0.272634,calls/second,milliseconds
1778666387,2,5.000000,3.992500,3.000000,0.999972,3.000000,5.000000,5.000000,5.000000,5.000000,5.000000,0.005676,0.001273,0.126655,0.272634,calls/second,milliseconds
1778666388,2,5.000000,3.992500,3.000000,0.999972,3.000000,5.000000,5.000000,5.000000,5.000000,5.000000,0.005660,0.001273,0.126655,0.272634,calls/second,milliseconds
1778666389,2,5.000000,3.992500,3.000000,0.999972,3.000000,5.000000,5.000000,5.000000,5.000000,5.000000,0.005644,0.001273,0.126655,0.272634,calls/second,milliseconds
1778666390,2,5.000000,3.992500,3.000000,0.999972,3.000000,5.000000,5.000000,5.000000,5.000000,5.000000,0.005628,0.001171,0.124561,0.271124,calls/second,milliseconds
1778666391,2,5.000000,3.992500,3.000000,0.999972,3.000000,5.000000,5.000000,5.000000,5.000000,5.000000,0.005613,0.001171,0.124561,0.271124,calls/second,milliseconds
1778666392,2,5.000000,3.992500,3.000000,0.999972,3.000000,5.000000,5.000000,5.000000,5.000000,5.000000,0.005597,0.001171,0.124561,0.271124,calls/second,milliseconds
1778666393,2,5.000000,3.992500,3.000000,0.999972,3.000000,5.000000,5.000000,5.000000,5.000000,5.000000,0.005581,0.001171,0.124561,0.271124,calls/second,milliseconds
1778666394,2,5.000000,3.992500,3.000000,0.999972,3.000000,5.000000,5.000000,5.000000,5.000000,5.000000,0.005566,0.001171,0.124561,0.271124,calls/second,milliseconds
1778666395,2,5.000000,3.992500,3.000000,0.999972,3.000000,5.000000,5.000000,5.000000,5.000000,5.000000,0.005550,0.001078,0.122502,0.269622,calls/second,milliseconds
1778666396,2,5.000000,3.992500,3.000000,0.999972,3.000000,5.000000,5.000000,5.000000,5.000000,5.000000,0.005535,0.001078,0.122502,0.269622,calls/second,milliseconds
1778666397,2,5.000000,3.992500,3.000000,0.999972,3.000000,5.000000,5.000000,5.000000,5.000000,5.000000,0.005519,0.001078,0.122502,0.269622,calls/second,milliseconds
1778666398,2,5.000000,3.992500,3.000000,0.999972,3.000000,5.000000,5.000000,5.000000,5.000000,5.000000,0.005504,0.001078,0.122502,0.269622,calls/second,milliseconds
1778666399,2,5.000000,3.992500,3.000000,0.999972,3.000000,5.000000,5.000000,5.000000,5.000000,5.000000,0.005489,0.001078,0.122502,0.269622,calls/second,milliseconds
1778666400,2,5.000000,3.992500,3.000000,0.999972,3.000000,5.000000,5.000000,5.000000,5.000000,5.000000,0.005474,0.000992,0.120478,0.268128,calls/second,milliseconds
1778666401,2,5.000000,3.992500,3.000000,0.999972,3.000000,5.000000,5.000000,5.000000,5.000000,5.000000,0.005459,0.000992,0.120478,0.268128,calls/second,milliseconds
1778666402,2,5.000000,3.992500,3.000000,0.999972,3.000000,5.000000,5.000000,5.000000,5.000000,5.000000,0.005444,0.000992,0.120478,0.268128,calls/second,milliseconds
1778666403,2,5.000000,3.992500,3.000000,0.999972,3.000000,5.000000,5.000000,5.000000,5.000000,5.000000,0.005429,0.000992,0.120478,0.268128,calls/second,milliseconds
1778666404,2,5.000000,3.992500,3.000000,0.999972,3.000000,5.000000,5.000000,5.000000,5.000000,5.000000,0.005414,0.000992,0.120478,0.268128,calls/second,milliseconds
1778666405,2,5.000000,3.992500,3.000000,0.999972,3.000000,5.000000,5.000000,5.000000,5.000000,5.000000,0.005400,0.000912,0.118486,0.266643,calls/second,milliseconds
1778666406,2,5.000000,3.992500,3.000000,0.999972,3.000000,5.000000,5.000000,5.000000,5.000000,5.000000,0.005385,0.000912,0.118486,0.266643,calls/second,milliseconds
1778666408,2,5.000000,3.992500,3.000000,0.999972,3.000000,5.000000,5.000000,5.000000,5.000000,5.000000,0.005371,0.000912,0.118486,0.266643,calls/second,milliseconds
1778666409,2,5.000000,3.992500,3.000000,0.999972,3.000000,5.000000,5.000000,5.000000,5.000000,5.000000,0.005356,0.000912,0.118486,0.266643,calls/second,milliseconds
1778666410,2,5.000000,3.992500,3.000000,0.999972,3.000000,5.000000,5.000000,5.000000,5.000000,5.000000,0.005342,0.000912,0.118486,0.266643,calls/second,milliseconds
1778666411,2,5.000000,3.992500,3.000000,0.999972,3.000000,5.000000,5.000000,5.000000,5.000000,5.000000,0.005328,0.000839,0.116528,0.265165,calls/second,milliseconds
1778666412,2,5.000000,3.992500,3.000000,0.999972,3.000000,5.000000,5.000000,5.000000,5.000000,5.000000,0.005314,0.000839,0.116528,0.265165,calls/second,milliseconds
1778666413,2,5.000000,3.992500,3.000000,0.999972,3.000000,5.000000,5.000000,5.000000,5.000000,5.000000,0.005299,0.000839,0.116528,0.265165,calls/second,milliseconds
1778666414,2,5.000000,3.992500,3.000000,0.999972,3.000000,5.000000,5.000000,5.000000,5.000000,5.000000,0.005285,0.000839,0.116528,0.265165,calls/second,milliseconds
1778666415,2,5.000000,3.992500,3.000000,0.999972,3.000000,5.000000,5.000000,5.000000,5.000000,5.000000,0.005271,0.000839,0.116528,0.265165,calls/second,milliseconds
1778666416,2,5.000000,3.992500,3.000000,0.999972,3.000000,5.000000,5.000000,5.000000,5.000000,5.000000,0.005258,0.000772,0.114602,0.263696,calls/second,milliseconds
1778666417,2,5.000000,3.992500,3.000000,0.999972,3.000000,5.000000,5.000000,5.000000,5.000000,5.000000,0.005244,0.000772,0.114602,0.263696,calls/second,milliseconds
1778666418,2,5.000000,3.992500,3.000000,0.999972,3.000000,5.000000,5.000000,5.000000,5.000000,5.000000,0.005230,0.000772,0.114602,0.263696,calls/second,milliseconds
1778666419,2,5.000000,3.992500,3.000000,0.999972,3.000000,5.000000,5.000000,5.000000,5.000000,5.000000,0.005216,0.000772,0.114602,0.263696,calls/second,milliseconds
1778666420,2,5.000000,3.992500,3.000000,0.999972,3.000000,5.000000,5.000000,5.000000,5.000000,5.000000,0.005203,0.000772,0.114602,0.263696,calls/second,milliseconds
1778666421,2,5.000000,3.992500,3.000000,0.999972,3.000000,5.000000,5.000000,5.000000,5.000000,5.000000,0.005189,0.000710,0.112708,0.262235,calls/second,milliseconds
1778666422,2,5.000000,3.992500,3.000000,0.999972,3.000000,5.000000,5.000000,5.000000,5.000000,5.000000,0.005176,0.000710,0.112708,0.262235,calls/second,milliseconds
1778666423,2,5.000000,3.992500,3.000000,0.999972,3.000000,5.000000,5.000000,5.000000,5.000000,5.000000,0.005162,0.000710,0.112708,0.262235,calls/second,milliseconds
1778666424,2,5.000000,3.992500,3.000000,0.999972,3.000000,5.000000,5.000000,5.000000,5.000000,5.000000,0.005149,0.000710,0.112708,0.262235,calls/second,milliseconds
1778666425,2,5.000000,3.992500,3.000000,0.999972,3.000000,5.000000,5.000000,5.000000,5.000000,5.000000,0.005136,0.000710,0.112708,0.262235,calls/second,milliseconds
1778666426,2,5.000000,3.992500,3.000000,0.999972,3.000000,5.000000,5.000000,5.000000,5.000000,5.000000,0.005123,0.000654,0.110845,0.260783,calls/second,milliseconds
1778666427,2,5.000000,3.992500,3.000000,0.999972,3.000000,5.000000,5.000000,5.000000,5.000000,5.000000,0.005109,0.000654,0.110845,0.260783,calls/second,milliseconds
1778666428,2,5.000000,3.992500,3.000000,0.999972,3.000000,5.000000,5.000000,5.000000,5.000000,5.000000,0.005096,0.000654,0.110845,0.260783,calls/second,milliseconds
1778666429,2,5.000000,3.992500,3.000000,0.999972,3.000000,5.000000,5.000000,5.000000,5.000000,5.000000,0.005083,0.000654,0.110845,0.260783,calls/second,milliseconds
1778666430,2,5.000000,3.992500,3.000000,0.999972,3.000000,5.000000,5.000000,5.000000,5.000000,5.000000,0.005071,0.000654,0.110845,0.260783,calls/second,milliseconds
1778666431,2,5.000000,3.992500,3.000000,0.999972,3.000000,5.000000,5.000000,5.000000,5.000000,5.000000,0.005058,0.000601,0.109013,0.259338,calls/second,milliseconds
1778666432,2,5.000000,3.992500,3.000000,0.999972,3.000000,5.000000,5.000000,5.000000,5.000000,5.000000,0.005045,0.000601,0.109013,0.259338,calls/second,milliseconds
1778666433,2,5.000000,3.992500,3.000000,0.999972,3.000000,5.000000,5.000000,5.000000,5.000000,5.000000,0.005032,0.000601,0.109013,0.259338,calls/second,milliseconds
1778666434,2,5.000000,3.992500,3.000000,0.999972,3.000000,5.000000,5.000000,5.000000,5.000000,5.000000,0.005020,0.000601,0.109013,0.259338,calls/second,milliseconds
1778666435,2,5.000000,3.992500,3.000000,0.999972,3.000000,5.000000,5.000000,5.000000,5.000000,5.000000,0.005007,0.000601,0.109013,0.259338,calls/second,milliseconds
1778666436,2,5.000000,3.992500,3.000000,0.999972,3.000000,5.000000,5.000000,5.000000,5.000000,5.000000,0.004994,0.000553,0.107211,0.257901,calls/second,milliseconds
1778666437,2,5.000000,3.992500,3.000000,0.999972,3.000000,5.000000,5.000000,5.000000,5.000000,5.000000,0.004982,0.000553,0.107211,0.257901,calls/second,milliseconds
1778666438,2,5.000000,3.992500,3.000000,0.999972,3.000000,5.000000,5.000000,5.000000,5.000000,5.000000,0.004970,0.000553,0.107211,0.257901,calls/second,milliseconds
1778666439,2,5.000000,3.992500,3.000000,0.999972,3.000000,5.000000,5.000000,5.000000,5.000000,5.000000,0.004957,0.000553,0.107211,0.257901,calls/second,milliseconds
1778666440,2,5.000000,3.992500,3.000000,0.999972,3.000000,5.000000,5.000000,5.000000,5.000000,5.000000,0.004945,0.000553,0.107211,0.257901,calls/second,milliseconds
1778666441,2,5.000000,3.992500,3.000000,0.999972,3.000000,5.000000,5.000000,5.000000,5.000000,5.000000,0.004933,0.000509,0.105439,0.256472,calls/second,milliseconds
1778666442,2,5.000000,3.992500,3.000000,0.999972,3.000000,5.000000,5.000000,5.000000,5.000000,5.000000,0.004921,0.000509,0.105439,0.256472,calls/second,milliseconds
1778666443,2,5.000000,3.992500,3.000000,0.999972,3.000000,5.000000,5.000000,5.000000,5.000000,5.000000,0.004908,0.000509,0.105439,0.256472,calls/second,milliseconds
1778666444,2,5.000000,3.992500,3.000000,0.999972,3.000000,5.000000,5.000000,5.000000,5.000000,5.000000,0.004896,0.000509,0.105439,0.256472,calls/second,milliseconds
1778666445,2,5.000000,3.992500,3.000000,0.999972,3.000000,5.000000,5.000000,5.000000,5.000000,5.000000,0.004884,0.000509,0.105439,0.256472,calls/second,milliseconds
1778666446,2,5.000000,3.992500,3.000000,0.999972,3.000000,5.000000,5.000000,5.000000,5.000000,5.000000,0.004872,0.000468,0.103696,0.255051,calls/second,milliseconds
1778666447,2,5.000000,3.992500,3.000000,0.999972,3.000000,5.000000,5.000000,5.000000,5.000000,5.000000,0.004861,0.000468,0.103696,0.255051,calls/second,milliseconds
1778666448,2,5.000000,3.992500,3.000000,0.999972,3.000000,5.000000,5.000000,5.000000,5.000000,5.000000,0.004849,0.000468,0.103696,0.255051,calls/second,milliseconds
1778666449,2,5.000000,3.992500,3.000000,0.999972,3.000000,5.000000,5.000000,5.000000,5.000000,5.000000,0.004837,0.000468,0.103696,0.255051,calls/second,milliseconds
1778666450,2,5.000000,3.992500,3.000000,0.999972,3.000000,5.000000,5.000000,5.000000,5.000000,5.000000,0.004825,0.000468,0.103696,0.255051,calls/second,milliseconds
1778666451,2,5.000000,3.992500,3.000000,0.999972,3.000000,5.000000,5.000000,5.000000,5.000000,5.000000,0.004814,0.000431,0.101982,0.253638,calls/second,milliseconds
1778666452,2,5.000000,3.992500,3.000000,0.999972,3.000000,5.000000,5.000000,5.000000,5.000000,5.000000,0.004802,0.000431,0.101982,0.253638,calls/second,milliseconds
1778666453,2,5.000000,3.992500,3.000000,0.999972,3.000000,5.000000,5.000000,5.000000,5.000000,5.000000,0.004791,0.000431,0.101982,0.253638,calls/second,milliseconds
1778666454,2,5.000000,3.992500,3.000000,0.999972,3.000000,5.000000,5.000000,5.000000,5.000000,5.000000,0.004779,0.000431,0.101982,0.253638,calls/second,milliseconds
1778666455,2,5.000000,3.992500,3.000000,0.999972,3.000000,5.000000,5.000000,5.000000,5.000000,5.000000,0.004768,0.000431,0.101982,0.253638,calls/second,milliseconds
1778666456,2,5.000000,3.992500,3.000000,0.999972,3.000000,5.000000,5.000000,5.000000,5.000000,5.000000,0.004756,0.000396,0.100297,0.252233,calls/second,milliseconds
1778666457,2,5.000000,3.992500,3.000000,0.999972,3.000000,5.000000,5.000000,5.000000,5.000000,5.000000,0.004745,0.000396,0.100297,0.252233,calls/second,milliseconds
1778666458,2,5.000000,3.992500,3.000000,0.999972,3.000000,5.000000,5.000000,5.000000,5.000000,5.000000,0.004734,0.000396,0.100297,0.252233,calls/second,milliseconds
1778666459,2,5.000000,3.992500,3.000000,0.999972,3.000000,5.000000,5.000000,5.000000,5.000000,5.000000,0.004723,0.000396,0.100297,0.252233,calls/second,milliseconds
1778666460,2,5.000000,3.992500,3.000000,0.999972,3.000000,5.000000,5.000000,5.000000,5.000000,5.000000,0.004711,0.000396,0.100297,0.252233,calls/second,milliseconds
1778666461,2,5.000000,3.992500,3.000000,0.999972,3.000000,5.000000,5.000000,5.000000,5.000000,5.000000,0.004700,0.000365,0.098639,0.250836,calls/second,milliseconds
1778666462,2,5.000000,3.992500,3.000000,0.999972,3.000000,5.000000,5.000000,5.000000,5.000000,5.000000,0.004689,0.000365,0.098639,0.250836,calls/second,milliseconds
1778666463,2,5.000000,3.992500,3.000000,0.999972,3.000000,5.000000,5.000000,5.000000,5.000000,5.000000,0.004678,0.000365,0.098639,0.250836,calls/second,milliseconds
1778666464,2,5.000000,3.992500,3.000000,0.999972,3.000000,5.000000,5.000000,5.000000,5.000000,5.000000,0.004667,0.000365,0.098639,0.250836,calls/second,milliseconds
1778666465,2,5.000000,3.992500,3.000000,0.999972,3.000000,5.000000,5.000000,5.000000,5.000000,5.000000,0.004657,0.000365,0.098639,0.250836,calls/second,milliseconds
1778666466,2,5.000000,3.992500,3.000000,0.999972,3.000000,5.000000,5.000000,5.000000,5.000000,5.000000,0.004646,0.000336,0.097008,0.249446,calls/second,milliseconds
1778666467,2,5.000000,3.992500,3.000000,0.999972,3.000000,5.000000,5.000000,5.000000,5.000000,5.000000,0.004635,0.000336,0.097008,0.249446,calls/second,milliseconds
1778666468,2,5.000000,3.992500,3.000000,0.999972,3.000000,5.000000,5.000000,5.000000,5.000000,5.000000,0.004624,0.000336,0.097008,0.249446,calls/second,milliseconds
1778666469,2,5.000000,3.992500,3.000000,0.999972,3.000000,5.000000,5.000000,5.000000,5.000000,5.000000,0.004613,0.000336,0.097008,0.249446,calls/second,milliseconds
1778666470,2,5.000000,3.992500,3.000000,0.999972,3.000000,5.000000,5.000000,5.000000,5.000000,5.000000,0.004603,0.000336,0.097008,0.249446,calls/second,milliseconds
1778666471,2,5.000000,3.992500,3.000000,0.999972,3.000000,5.000000,5.000000,5.000000,5.000000,5.000000,0.004592,0.000309,0.095405,0.248064,calls/second,milliseconds
1778666472,2,5.000000,3.992500,3.000000,0.999972,3.000000,5.000000,5.000000,5.000000,5.000000,5.000000,0.004582,0.000309,0.095405,0.248064,calls/second,milliseconds
1778666473,2,5.000000,3.992500,3.000000,0.999972,3.000000,5.000000,5.000000,5.000000,5.000000,5.000000,0.004571,0.000309,0.095405,0.248064,calls/second,milliseconds
1778666474,2,5.000000,3.992500,3.000000,0.999972,3.000000,5.000000,5.000000,5.000000,5.000000,5.000000,0.004561,0.000309,0.095405,0.248064,calls/second,milliseconds
1778666475,2,5.000000,3.992500,3.000000,0.999972,3.000000,5.000000,5.000000,5.000000,5.000000,5.000000,0.004550,0.000309,0.095405,0.248064,calls/second,milliseconds
1778666476,2,5.000000,3.992500,3.000000,0.999972,3.000000,5.000000,5.000000,5.000000,5.000000,5.000000,0.004540,0.000284,0.093828,0.246690,calls/second,milliseconds
1778666477,2,5.000000,3.992500,3.000000,0.999972,3.000000,5.000000,5.000000,5.000000,5.000000,5.000000,0.004530,0.000284,0.093828,0.246690,calls/second,milliseconds
1778666478,2,5.000000,3.992500,3.000000,0.999972,3.000000,5.000000,5.000000,5.000000,5.000000,5.000000,0.004519,0.000284,0.093828,0.246690,calls/second,milliseconds
1778666479,2,5.000000,3.992500,3.000000,0.999972,3.000000,5.000000,5.000000,5.000000,5.000000,5.000000,0.004509,0.000284,0.093828,0.246690,calls/second,milliseconds
1778666480,2,5.000000,3.992500,3.000000,0.999972,3.000000,5.000000,5.000000,5.000000,5.000000,5.000000,0.004499,0.000284,0.093828,0.246690,calls/second,milliseconds
1778666481,2,5.000000,3.992500,3.000000,0.999972,3.000000,5.000000,5.000000,5.000000,5.000000,5.000000,0.004489,0.000261,0.092277,0.245323,calls/second,milliseconds
1778666482,2,5.000000,3.992500,3.000000,0.999972,3.000000,5.000000,5.000000,5.000000,5.000000,5.000000,0.004479,0.000261,0.092277,0.245323,calls/second,milliseconds
1778666483,2,5.000000,3.992500,3.000000,0.999972,3.000000,5.000000,5.000000,5.000000,5.000000,5.000000,0.004469,0.000261,0.092277,0.245323,calls/second,milliseconds
1778666484,2,5.000000,3.992500,3.000000,0.999972,3.000000,5.000000,5.000000,5.000000,5.000000,5.000000,0.004459,0.000261,0.092277,0.245323,calls/second,milliseconds
1778666485,2,5.000000,3.992500,3.000000,0.999972,3.000000,5.000000,5.000000,5.000000,5.000000,5.000000,0.004449,0.000261,0.092277,0.245323,calls/second,milliseconds
1778666486,2,5.000000,3.992500,3.000000,0.999972,3.000000,5.000000,5.000000,5.000000,5.000000,5.000000,0.004439,0.000240,0.090752,0.243964,calls/second,milliseconds
1778666487,2,5.000000,3.992500,3.000000,0.999972,3.000000,5.000000,5.000000,5.000000,5.000000,5.000000,0.004429,0.000240,0.090752,0.243964,calls/second,milliseconds
1778666488,2,5.000000,3.992500,3.000000,0.999972,3.000000,5.000000,5.000000,5.000000,5.000000,5.000000,0.004419,0.000240,0.090752,0.243964,calls/second,milliseconds
1778666489,2,5.000000,3.992500,3.000000,0.999972,3.000000,5.000000,5.000000,5.000000,5.000000,5.000000,0.004410,0.000240,0.090752,0.243964,calls/second,milliseconds
1778666490,2,5.000000,3.992500,3.000000,0.999972,3.000000,5.000000,5.000000,5.000000,5.000000,5.000000,0.004400,0.000240,0.090752,0.243964,calls/second,milliseconds
1778666491,2,5.000000,3.992500,3.000000,0.999972,3.000000,5.000000,5.000000,5.000000,5.000000,5.000000,0.004390,0.000221,0.089252,0.242612,calls/second,milliseconds
1778666492,2,5.000000,3.992500,3.000000,0.999972,3.000000,5.000000,5.000000,5.000000,5.000000,5.000000,0.004381,0.000221,0.089252,0.242612,calls/second,milliseconds
1778666493,2,5.000000,3.992500,3.000000,0.999972,3.000000,5.000000,5.000000,5.000000,5.000000,5.000000,0.004371,0.000221,0.089252,0.242612,calls/second,milliseconds
1778666494,2,5.000000,3.992500,3.000000,0.999972,3.000000,5.000000,5.000000,5.000000,5.000000,5.000000,0.004361,0.000221,0.089252,0.242612,calls/second,milliseconds
1778666495,2,5.000000,3.992500,3.000000,0.999972,3.000000,5.000000,5.000000,5.000000,5.000000,5.000000,0.004352,0.000221,0.089252,0.242612,calls/second,milliseconds
1778666496,2,5.000000,3.992500,3.000000,0.999972,3.000000,5.000000,5.000000,5.000000,5.000000,5.000000,0.004342,0.000204,0.087777,0.241268,calls/second,milliseconds
1778666497,2,5.000000,3.992500,3.000000,0.999972,3.000000,5.000000,5.000000,5.000000,5.000000,5.000000,0.004333,0.000204,0.087777,0.241268,calls/second,milliseconds
1778666498,2,5.000000,3.992500,3.000000,0.999972,3.000000,5.000000,5.000000,5.000000,5.000000,5.000000,0.004324,0.000204,0.087777,0.241268,calls/second,milliseconds
1778666499,2,5.000000,3.992500,3.000000,0.999972,3.000000,5.000000,5.000000,5.000000,5.000000,5.000000,0.004314,0.000204,0.087777,0.241268,calls/second,milliseconds
1778666500,2,5.000000,3.992500,3.000000,0.999972,3.000000,5.000000,5.000000,5.000000,5.000000,5.000000,0.004305,0.000204,0.087777,0.241268,calls/second,milliseconds
1778666501,2,5.000000,3.992500,3.000000,0.999972,3.000000,5.000000,5.000000,5.000000,5.000000,5.000000,0.004296,0.000187,0.086326,0.239931,calls/second,milliseconds
1778666502,2,5.000000,3.992500,3.000000,0.999972,3.000000,5.000000,5.000000,5.000000,5.000000,5.000000,0.004287,0.000187,0.086326,0.239931,calls/second,milliseconds
1778666503,2,5.000000,3.992500,3.000000,0.999972,3.000000,5.000000,5.000000,5.000000,5.000000,5.000000,0.004277,0.000187,0.086326,0.239931,calls/second,milliseconds
1778666504,2,5.000000,3.992500,3.000000,0.999972,3.000000,5.000000,5.000000,5.000000,5.000000,5.000000,0.004268,0.000187,0.086326,0.239931,calls/second,milliseconds
1778666505,2,5.000000,3.992500,3.000000,0.999972,3.000000,5.000000,5.000000,5.000000,5.000000,5.000000,0.004259,0.000187,0.086326,0.239931,calls/second,milliseconds
1778666506,2,5.000000,3.992500,3.000000,0.999972,3.000000,5.000000,5.000000,5.000000,5.000000,5.000000,0.004250,0.000172,0.084899,0.238602,calls/second,milliseconds
1778666507,2,5.000000,3.992500,3.000000,0.999972,3.000000,5.000000,5.000000,5.000000,5.000000,5.000000,0.004241,0.000172,0.084899,0.238602,calls/second,milliseconds
1778666508,2,5.000000,3.992500,3.000000,0.999972,3.000000,5.000000,5.000000,5.000000,5.000000,5.000000,0.004232,0.000172,0.084899,0.238602,calls/second,milliseconds
1778666509,2,5.000000,3.992500,3.000000,0.999972,3.000000,5.000000,5.000000,5.000000,5.000000,5.000000,0.004223,0.000172,0.084899,0.238602,calls/second,milliseconds
1778666510,2,5.000000,3.992500,3.000000,0.999972,3.000000,5.000000,5.000000,5.000000,5.000000,5.000000,0.004214,0.000172,0.084899,0.238602,calls/second,milliseconds
1778666511,2,5.000000,3.992500,3.000000,0.999972,3.000000,5.000000,5.000000,5.000000,5.000000,5.000000,0.004205,0.000159,0.083496,0.237280,calls/second,milliseconds
1778666512,2,5.000000,3.992500,3.000000,0.999972,3.000000,5.000000,5.000000,5.000000,5.000000,5.000000,0.004196,0.000159,0.083496,0.237280,calls/second,milliseconds
1778666513,2,5.000000,3.992500,3.000000,0.999972,3.000000,5.000000,5.000000,5.000000,5.000000,5.000000,0.004188,0.000159,0.083496,0.237280,calls/second,milliseconds
1778666514,2,5.000000,3.992500,3.000000,0.999972,3.000000,5.000000,5.000000,5.000000,5.000000,5.000000,0.004179,0.000159,0.083496,0.237280,calls/second,milliseconds
1778666515,2,5.000000,3.992500,3.000000,0.999972,3.000000,5.000000,5.000000,5.000000,5.000000,5.000000,0.004170,0.000159,0.083496,0.237280,calls/second,milliseconds
1778666516,2,5.000000,3.992500,3.000000,0.999972,3.000000,5.000000,5.000000,5.000000,5.000000,5.000000,0.004161,0.000146,0.082116,0.235966,calls/second,milliseconds
1778666517,2,5.000000,3.992500,3.000000,0.999972,3.000000,5.000000,5.000000,5.000000,5.000000,5.000000,0.004153,0.000146,0.082116,0.235966,calls/second,milliseconds
1778666518,2,5.000000,3.992500,3.000000,0.999972,3.000000,5.000000,5.000000,5.000000,5.000000,5.000000,0.004144,0.000146,0.082116,0.235966,calls/second,milliseconds
1778666519,2,5.000000,3.992500,3.000000,0.999972,3.000000,5.000000,5.000000,5.000000,5.000000,5.000000,0.004136,0.000146,0.082116,0.235966,calls/second,milliseconds
1778666520,2,5.000000,3.992500,3.000000,0.999972,3.000000,5.000000,5.000000,5.000000,5.000000,5.000000,0.004127,0.000146,0.082116,0.235966,calls/second,milliseconds
1778666521,2,5.000000,3.992500,3.000000,0.999972,3.000000,5.000000,5.000000,5.000000,5.000000,5.000000,0.004118,0.000134,0.080759,0.234658,calls/second,milliseconds
1778666522,2,5.000000,3.992500,3.000000,0.999972,3.000000,5.000000,5.000000,5.000000,5.000000,5.000000,0.004110,0.000134,0.080759,0.234658,calls/second,milliseconds
1778666523,2,5.000000,3.992500,3.000000,0.999972,3.000000,5.000000,5.000000,5.000000,5.000000,5.000000,0.004102,0.000134,0.080759,0.234658,calls/second,milliseconds
1778666524,2,5.000000,3.992500,3.000000,0.999972,3.000000,5.000000,5.000000,5.000000,5.000000,5.000000,0.004093,0.000134,0.080759,0.234658,calls/second,milliseconds
1778666525,2,5.000000,3.992500,3.000000,0.999972,3.000000,5.000000,5.000000,5.000000,5.000000,5.000000,0.004085,0.000134,0.080759,0.234658,calls/second,milliseconds
1778666526,2,5.000000,3.992500,3.000000,0.999972,3.000000,5.000000,5.000000,5.000000,5.000000,5.000000,0.004076,0.000123,0.079424,0.233358,calls/second,milliseconds
1778666527,2,5.000000,3.992500,3.000000,0.999972,3.000000,5.000000,5.000000,5.000000,5.000000,5.000000,0.004068,0.000123,0.079424,0.233358,calls/second,milliseconds
1778666528,2,5.000000,3.992500,3.000000,0.999972,3.000000,5.000000,5.000000,5.000000,5.000000,5.000000,0.004060,0.000123,0.079424,0.233358,calls/second,milliseconds
1778666529,2,5.000000,3.992500,3.000000,0.999972,3.000000,5.000000,5.000000,5.000000,5.000000,5.000000,0.004052,0.000123,0.079424,0.233358,calls/second,milliseconds
1778666530,2,5.000000,3.992500,3.000000,0.999972,3.000000,5.000000,5.000000,5.000000,5.000000,5.000000,0.004043,0.000123,0.079424,0.233358,calls/second,milliseconds
1778666531,2,5.000000,3.992500,3.000000,0.999972,3.000000,5.000000,5.000000,5.000000,5.000000,5.000000,0.004035,0.000114,0.078111,0.232066,calls/second,milliseconds
1778666532,2,5.000000,3.992500,3.000000,0.999972,3.000000,5.000000,5.000000,5.000000,5.000000,5.000000,0.004027,0.000114,0.078111,0.232066,calls/second,milliseconds
1778666533,2,5.000000,3.992500,3.000000,0.999972,3.000000,5.000000,5.000000,5.000000,5.000000,5.000000,0.004019,0.000114,0.078111,0.232066,calls/second,milliseconds
1778666534,2,5.000000,3.992500,3.000000,0.999972,3.000000,5.000000,5.000000,5.000000,5.000000,5.000000,0.004011,0.000114,0.078111,0.232066,calls/second,milliseconds
1778666535,2,5.000000,3.992500,3.000000,0.999972,3.000000,5.000000,5.000000,5.000000,5.000000,5.000000,0.004003,0.000114,0.078111,0.232066,calls/second,milliseconds
1778666536,2,5.000000,3.992500,3.000000,0.999972,3.000000,5.000000,5.000000,5.000000,5.000000,5.000000,0.003995,0.000105,0.076820,0.230780,calls/second,milliseconds
1778666537,2,5.000000,3.992500,3.000000,0.999972,3.000000,5.000000,5.000000,5.000000,5.000000,5.000000,0.003987,0.000105,0.076820,0.230780,calls/second,milliseconds
1778666538,2,5.000000,3.992500,3.000000,0.999972,3.000000,5.000000,5.000000,5.000000,5.000000,5.000000,0.003979,0.000105,0.076820,0.230780,calls/second,milliseconds
1778666539,2,5.000000,3.992500,3.000000,0.999972,3.000000,5.000000,5.000000,5.000000,5.000000,5.000000,0.003971,0.000105,0.076820,0.230780,calls/second,milliseconds
1778666540,2,5.000000,3.992500,3.000000,0.999972,3.000000,5.000000,5.000000,5.000000,5.000000,5.000000,0.003963,0.000105,0.076820,0.230780,calls/second,milliseconds
1778666541,2,5.000000,3.992500,3.000000,0.999972,3.000000,5.000000,5.000000,5.000000,5.000000,5.000000,0.003955,0.000096,0.075550,0.229501,calls/second,milliseconds
1778666542,2,5.000000,3.992500,3.000000,0.999972,3.000000,5.000000,5.000000,5.000000,5.000000,5.000000,0.003947,0.000096,0.075550,0.229501,calls/second,milliseconds
1778666543,2,5.000000,3.992500,3.000000,0.999972,3.000000,5.000000,5.000000,5.000000,5.000000,5.000000,0.003940,0.000096,0.075550,0.229501,calls/second,milliseconds
1778666544,2,5.000000,3.992500,3.000000,0.999972,3.000000,5.000000,5.000000,5.000000,5.000000,5.000000,0.003932,0.000096,0.075550,0.229501,calls/second,milliseconds
1778666545,2,5.000000,3.992500,3.000000,0.999972,3.000000,5.000000,5.000000,5.000000,5.000000,5.000000,0.003924,0.000096,0.075550,0.229501,calls/second,milliseconds
1778666546,2,5.000000,3.992500,3.000000,0.999972,3.000000,5.000000,5.000000,5.000000,5.000000,5.000000,0.003916,0.000088,0.074302,0.228230,calls/second,milliseconds
1778666547,2,5.000000,3.992500,3.000000,0.999972,3.000000,5.000000,5.000000,5.000000,5.000000,5.000000,0.003909,0.000088,0.074302,0.228230,calls/second,milliseconds
1778666548,2,5.000000,3.992500,3.000000,0.999972,3.000000,5.000000,5.000000,5.000000,5.000000,5.000000,0.003901,0.000088,0.074302,0.228230,calls/second,milliseconds
1778666549,2,5.000000,3.992500,3.000000,0.999972,3.000000,5.000000,5.000000,5.000000,5.000000,5.000000,0.003894,0.000088,0.074302,0.228230,calls/second,milliseconds
1778666550,2,5.000000,3.992500,3.000000,0.999972,3.000000,5.000000,5.000000,5.000000,5.000000,5.000000,0.003886,0.000088,0.074302,0.228230,calls/second,milliseconds
1778666551,2,5.000000,3.992500,3.000000,0.999972,3.000000,5.000000,5.000000,5.000000,5.000000,5.000000,0.003878,0.000081,0.073073,0.226965,calls/second,milliseconds
1778666552,2,5.000000,3.992500,3.000000,0.999972,3.000000,5.000000,5.000000,5.000000,5.000000,5.000000,0.003871,0.000081,0.073073,0.226965,calls/second,milliseconds
1778666553,2,5.000000,3.992500,3.000000,0.999972,3.000000,5.000000,5.000000,5.000000,5.000000,5.000000,0.003863,0.000081,0.073073,0.226965,calls/second,milliseconds
1778666554,2,5.000000,3.992500,3.000000,0.999972,3.000000,5.000000,5.000000,5.000000,5.000000,5.000000,0.003856,0.000081,0.073073,0.226965,calls/second,milliseconds
1778666555,2,5.000000,3.992500,3.000000,0.999972,3.000000,5.000000,5.000000,5.000000,5.000000,5.000000,0.003848,0.000081,0.073073,0.226965,calls/second,milliseconds
1778666556,2,5.000000,3.992500,3.000000,0.999972,3.000000,5.000000,5.000000,5.000000,5.000000,5.000000,0.003841,0.000075,0.071866,0.225708,calls/second,milliseconds
1778666557,2,5.000000,3.992500,3.000000,0.999972,3.000000,5.000000,5.000000,5.000000,5.000000,5.000000,0.003834,0.000075,0.071866,0.225708,calls/second,milliseconds
1778666558,2,5.000000,3.992500,3.000000,0.999972,3.000000,5.000000,5.000000,5.000000,5.000000,5.000000,0.003826,0.000075,0.071866,0.225708,calls/second,milliseconds
1778666559,2,5.000000,3.992500,3.000000,0.999972,3.000000,5.000000,5.000000,5.000000,5.000000,5.000000,0.003819,0.000075,0.071866,0.225708,calls/second,milliseconds
1778666560,2,5.000000,3.992500,3.000000,0.999972,3.000000,5.000000,5.000000,5.000000,5.000000,5.000000,0.003812,0.000075,0.071866,0.225708,calls/second,milliseconds
1778666561,2,5.000000,3.992500,3.000000,0.999972,3.000000,5.000000,5.000000,5.000000,5.000000,5.000000,0.003804,0.000069,0.070678,0.224458,calls/second,milliseconds
1778666562,2,5.000000,3.992500,3.000000,0.999972,3.000000,5.000000,5.000000,5.000000,5.000000,5.000000,0.003797,0.000069,0.070678,0.224458,calls/second,milliseconds
1778666563,2,5.000000,3.992500,3.000000,0.999972,3.000000,5.000000,5.000000,5.000000,5.000000,5.000000,0.003790,0.000069,0.070678,0.224458,calls/second,milliseconds
1778666564,2,5.000000,3.992500,3.000000,0.999972,3.000000,5.000000,5.000000,5.000000,5.000000,5.000000,0.003783,0.000069,0.070678,0.224458,calls/second,milliseconds
1778666565,2,5.000000,3.992500,3.000000,0.999972,3.000000,5.000000,5.000000,5.000000,5.000000,5.000000,0.003776,0.000069,0.070678,0.224458,calls/second,milliseconds
1778666566,2,5.000000,3.992500,3.000000,0.999972,3.000000,5.000000,5.000000,5.000000,5.000000,5.000000,0.003769,0.000063,0.069510,0.223214,calls/second,milliseconds
1778666567,2,5.000000,3.992500,3.000000,0.999972,3.000000,5.000000,5.000000,5.000000,5.000000,5.000000,0.003761,0.000063,0.069510,0.223214,calls/second,milliseconds
1778666568,2,5.000000,3.992500,3.000000,0.999972,3.000000,5.000000,5.000000,5.000000,5.000000,5.000000,0.003754,0.000063,0.069510,0.223214,calls/second,milliseconds
1778666569,2,5.000000,3.992500,3.000000,0.999972,3.000000,5.000000,5.000000,5.000000,5.000000,5.000000,0.003747,0.000063,0.069510,0.223214,calls/second,milliseconds
1778666570,2,5.000000,3.992500,3.000000,0.999972,3.000000,5.000000,5.000000,5.000000,5.000000,5.000000,0.003740,0.000063,0.069510,0.223214,calls/second,milliseconds
1778666571,2,5.000000,3.992500,3.000000,0.999972,3.000000,5.000000,5.000000,5.000000,5.000000,5.000000,0.003733,0.000058,0.068361,0.221977,calls/second,milliseconds
1778666572,2,5.000000,3.992500,3.000000,0.999972,3.000000,5.000000,5.000000,5.000000,5.000000,5.000000,0.003726,0.000058,0.068361,0.221977,calls/second,milliseconds
1778666573,2,5.000000,3.992500,3.000000,0.999972,3.000000,5.000000,5.000000,5.000000,5.000000,5.000000,0.003719,0.000058,0.068361,0.221977,calls/second,milliseconds
1778666574,2,5.000000,3.992500,3.000000,0.999972,3.000000,5.000000,5.000000,5.000000,5.000000,5.000000,0.003712,0.000058,0.068361,0.221977,calls/second,milliseconds
1778666575,2,5.000000,3.992500,3.000000,0.999972,3.000000,5.000000,5.000000,5.000000,5.000000,5.000000,0.003706,0.000058,0.068361,0.221977,calls/second,milliseconds
1778666576,2,5.000000,3.992500,3.000000,0.999972,3.000000,5.000000,5.000000,5.000000,5.000000,5.000000,0.003699,0.000054,0.067231,0.220748,calls/second,milliseconds
1778666577,2,5.000000,3.992500,3.000000,0.999972,3.000000,5.000000,5.000000,5.000000,5.000000,5.000000,0.003692,0.000054,0.067231,0.220748,calls/second,milliseconds
1778666578,2,5.000000,3.992500,3.000000,0.999972,3.000000,5.000000,5.000000,5.000000,5.000000,5.000000,0.003685,0.000054,0.067231,0.220748,calls/second,milliseconds
1778666579,2,5.000000,3.992500,3.000000,0.999972,3.000000,5.000000,5.000000,5.000000,5.000000,5.000000,0.003678,0.000054,0.067231,0.220748,calls/second,milliseconds
1778666580,2,5.000000,3.992500,3.000000,0.999972,3.000000,5.000000,5.000000,5.000000,5.000000,5.000000,0.003671,0.000054,0.067231,0.220748,calls/second,milliseconds
1778666581,2,5.000000,3.992500,3.000000,0.999972,3.000000,5.000000,5.000000,5.000000,5.000000,5.000000,0.003665,0.000049,0.066120,0.219525,calls/second,milliseconds
1778666582,2,5.000000,3.992500,3.000000,0.999972,3.000000,5.000000,5.000000,5.000000,5.000000,5.000000,0.003658,0.000049,0.066120,0.219525,calls/second,milliseconds
1778666583,2,5.000000,3.992500,3.000000,0.999972,3.000000,5.000000,5.000000,5.000000,5.000000,5.000000,0.003651,0.000049,0.066120,0.219525,calls/second,milliseconds
1778666584,2,5.000000,3.992500,3.000000,0.999972,3.000000,5.000000,5.000000,5.000000,5.000000,5.000000,0.003645,0.000049,0.066120,0.219525,calls/second,milliseconds
1778666585,2,5.000000,3.992500,3.000000,0.999972,3.000000,5.000000,5.000000,5.000000,5.000000,5.000000,0.003638,0.000049,0.066120,0.219525,calls/second,milliseconds
1778666586,2,5.000000,3.992500,3.000000,0.999972,3.000000,5.000000,5.000000,5.000000,5.000000,5.000000,0.003631,0.000045,0.065027,0.218308,calls/second,milliseconds
1778666587,2,5.000000,3.992500,3.000000,0.999972,3.000000,5.000000,5.000000,5.000000,5.000000,5.000000,0.003625,0.000045,0.065027,0.218308,calls/second,milliseconds
1778666588,2,5.000000,3.992500,3.000000,0.999972,3.000000,5.000000,5.000000,5.000000,5.000000,5.000000,0.003618,0.000045,0.065027,0.218308,calls/second,milliseconds
1778666589,2,5.000000,3.992500,3.000000,0.999972,3.000000,5.000000,5.000000,5.000000,5.000000,5.000000,0.003612,0.000045,0.065027,0.218308,calls/second,milliseconds
1778666590,2,5.000000,3.992500,3.000000,0.999972,3.000000,5.000000,5.000000,5.000000,5.000000,5.000000,0.003605,0.000045,0.065027,0.218308,calls/second,milliseconds
1778666591,2,5.000000,3.992500,3.000000,0.999972,3.000000,5.000000,5.000000,5.000000,5.000000,5.000000,0.003599,0.000042,0.063952,0.217099,calls/second,milliseconds
1778666592,2,5.000000,3.992500,3.000000,0.999972,3.000000,5.000000,5.000000,5.000000,5.000000,5.000000,0.003592,0.000042,0.063952,0.217099,calls/second,milliseconds
1778666593,2,5.000000,3.992500,3.000000,0.999972,3.000000,5.000000,5.000000,5.000000,5.000000,5.000000,0.003586,0.000042,0.063952,0.217099,calls/second,milliseconds
1778666594,2,5.000000,3.992500,3.000000,0.999972,3.000000,5.000000,5.000000,5.000000,5.000000,5.000000,0.003579,0.000042,0.063952,0.217099,calls/second,milliseconds
1778666595,2,5.000000,3.992500,3.000000,0.999972,3.000000,5.000000,5.000000,5.000000,5.000000,5.000000,0.003573,0.000042,0.063952,0.217099,calls/second,milliseconds
1778666596,2,5.000000,3.992500,3.000000,0.999972,3.000000,5.000000,5.000000,5.000000,5.000000,5.000000,0.003567,0.000038,0.062895,0.215896,calls/second,milliseconds
1778666597,2,5.000000,3.992500,3.000000,0.999972,3.000000,5.000000,5.000000,5.000000,5.000000,5.000000,0.003560,0.000038,0.062895,0.215896,calls/second,milliseconds
1778666598,2,5.000000,3.992500,3.000000,0.999972,3.000000,5.000000,5.000000,5.000000,5.000000,5.000000,0.003554,0.000038,0.062895,0.215896,calls/second,milliseconds
1778666599,2,5.000000,3.992500,3.000000,0.999972,3.000000,5.000000,5.000000,5.000000,5.000000,5.000000,0.003547,0.000038,0.062895,0.215896,calls/second,milliseconds
1778666600,2,5.000000,3.992500,3.000000,0.999972,3.000000,5.000000,5.000000,5.000000,5.000000,5.000000,0.003541,0.000038,0.062895,0.215896,calls/second,milliseconds
1778666601,2,5.000000,3.992500,3.000000,0.999972,3.000000,5.000000,5.000000,5.000000,5.000000,5.000000,0.003535,0.000035,0.061855,0.214700,calls/second,milliseconds
1778666602,2,5.000000,3.992500,3.000000,0.999972,3.000000,5.000000,5.000000,5.000000,5.000000,5.000000,0.003529,0.000035,0.061855,0.214700,calls/second,milliseconds
1778666603,2,5.000000,3.992500,3.000000,0.999972,3.000000,5.000000,5.000000,5.000000,5.000000,5.000000,0.003522,0.000035,0.061855,0.214700,calls/second,milliseconds
1778666604,2,5.000000,3.992500,3.000000,0.999972,3.000000,5.000000,5.000000,5.000000,5.000000,5.000000,0.003516,0.000035,0.061855,0.214700,calls/second,milliseconds
1778666605,2,5.000000,3.992500,3.000000,0.999972,3.000000,5.000000,5.000000,5.000000,5.000000,5.000000,0.003510,0.000035,0.061855,0.214700,calls/second,milliseconds
1778666606,2,5.000000,3.992500,3.000000,0.999972,3.000000,5.000000,5.000000,5.000000,5.000000,5.000000,0.003504,0.000033,0.060833,0.213511,calls/second,milliseconds
1778666607,2,5.000000,3.992500,3.000000,0.999972,3.000000,5.000000,5.000000,5.000000,5.000000,5.000000,0.003498,0.000033,0.060833,0.213511,calls/second,milliseconds
1778666608,2,5.000000,3.992500,3.000000,0.999972,3.000000,5.000000,5.000000,5.000000,5.000000,5.000000,0.003492,0.000033,0.060833,0.213511,calls/second,milliseconds
1778666609,2,5.000000,3.992500,3.000000,0.999972,3.000000,5.000000,5.000000,5.000000,5.000000,5.000000,0.003486,0.000033,0.060833,0.213511,calls/second,milliseconds
1778666610,2,5.000000,3.992500,3.000000,0.999972,3.000000,5.000000,5.000000,5.000000,5.000000,5.000000,0.003479,0.000033,0.060833,0.213511,calls/second,milliseconds
1778666611,2,5.000000,3.992500,3.000000,0.999972,3.000000,5.000000,5.000000,5.000000,5.000000,5.000000,0.003473,0.000030,0.059827,0.212328,calls/second,milliseconds
1778666612,2,5.000000,3.992500,3.000000,0.999972,3.000000,5.000000,5.000000,5.000000,5.000000,5.000000,0.003467,0.000030,0.059827,0.212328,calls/second,milliseconds
1778666613,2,5.000000,3.992500,3.000000,0.999972,3.000000,5.000000,5.000000,5.000000,5.000000,5.000000,0.003461,0.000030,0.059827,0.212328,calls/second,milliseconds
1778666614,2,5.000000,3.992500,3.000000,0.999972,3.000000,5.000000,5.000000,5.000000,5.000000,5.000000,0.003455,0.000030,0.059827,0.212328,calls/second,milliseconds
1778666615,2,5.000000,3.992500,3.000000,0.999972,3.000000,5.000000,5.000000,5.000000,5.000000,5.000000,0.003449,0.000030,0.059827,0.212328,calls/second,milliseconds
1778666616,2,5.000000,3.992500,3.000000,0.999972,3.000000,5.000000,5.000000,5.000000,5.000000,5.000000,0.003443,0.000028,0.058839,0.211151,calls/second,milliseconds
1778666617,2,5.000000,3.992500,3.000000,0.999972,3.000000,5.000000,5.000000,5.000000,5.000000,5.000000,0.003438,0.000028,0.058839,0.211151,calls/second,milliseconds
1778666618,2,5.000000,3.992500,3.000000,0.999972,3.000000,5.000000,5.000000,5.000000,5.000000,5.000000,0.003432,0.000028,0.058839,0.211151,calls/second,milliseconds
1778666619,2,5.000000,3.992500,3.000000,0.999972,3.000000,5.000000,5.000000,5.000000,5.000000,5.000000,0.003426,0.000028,0.058839,0.211151,calls/second,milliseconds
1778666620,2,5.000000,3.992500,3.000000,0.999972,3.000000,5.000000,5.000000,5.000000,5.000000,5.000000,0.003420,0.000028,0.058839,0.211151,calls/second,milliseconds
1778666621,2,5.000000,3.992500,3.000000,0.999972,3.000000,5.000000,5.000000,5.000000,5.000000,5.000000,0.003414,0.000025,0.057866,0.209982,calls/second,milliseconds
1778666622,2,5.000000,3.992500,3.000000,0.999972,3.000000,5.000000,5.000000,5.000000,5.000000,5.000000,0.003408,0.000025,0.057866,0.209982,calls/second,milliseconds
1778666623,2,5.000000,3.992500,3.000000,0.999972,3.000000,5.000000,5.000000,5.000000,5.000000,5.000000,0.003402,0.000025,0.057866,0.209982,calls/second,milliseconds
1778666624,2,5.000000,3.992500,3.000000,0.999972,3.000000,5.000000,5.000000,5.000000,5.000000,5.000000,0.003397,0.000025,0.057866,0.209982,calls/second,milliseconds
1778666625,2,5.000000,3.992500,3.000000,0.999972,3.000000,5.000000,5.000000,5.000000,5.000000,5.000000,0.003391,0.000025,0.057866,0.209982,calls/second,milliseconds
1778666626,2,5.000000,3.992500,3.000000,0.999972,3.000000,5.000000,5.000000,5.000000,5.000000,5.000000,0.003385,0.000023,0.056910,0.208818,calls/second,milliseconds
1778666627,2,5.000000,3.992500,3.000000,0.999972,3.000000,5.000000,5.000000,5.000000,5.000000,5.000000,0.003379,0.000023,0.056910,0.208818,calls/second,milliseconds
1778666628,2,5.000000,3.992500,3.000000,0.999972,3.000000,5.000000,5.000000,5.000000,5.000000,5.000000,0.003374,0.000023,0.056910,0.208818,calls/second,milliseconds
1778666629,2,5.000000,3.992500,3.000000,0.999972,3.000000,5.000000,5.000000,5.000000,5.000000,5.000000,0.003368,0.000023,0.056910,0.208818,calls/second,milliseconds
1778666630,2,5.000000,3.992500,3.000000,0.999972,3.000000,5.000000,5.000000,5.000000,5.000000,5.000000,0.003362,0.000023,0.056910,0.208818,calls/second,milliseconds
1778666631,2,5.000000,3.992500,3.000000,0.999972,3.000000,5.000000,5.000000,5.000000,5.000000,5.000000,0.003357,0.000021,0.055969,0.207661,calls/second,milliseconds
1778666632,2,5.000000,3.992500,3.000000,0.999972,3.000000,5.000000,5.000000,5.000000,5.000000,5.000000,0.003351,0.000021,0.055969,0.207661,calls/second,milliseconds
1778666633,2,5.000000,3.992500,3.000000,0.999972,3.000000,5.000000,5.000000,5.000000,5.000000,5.000000,0.003345,0.000021,0.055969,0.207661,calls/second,milliseconds
1778666634,2,5.000000,3.992500,3.000000,0.999972,3.000000,5.000000,5.000000,5.000000,5.000000,5.000000,0.003340,0.000021,0.055969,0.207661,calls/second,milliseconds
1778666635,2,5.000000,3.992500,3.000000,0.999972,3.000000,5.000000,5.000000,5.000000,5.000000,5.000000,0.003334,0.000021,0.055969,0.207661,calls/second,milliseconds
1778666636,2,5.000000,3.992500,3.000000,0.999972,3.000000,5.000000,5.000000,5.000000,5.000000,5.000000,0.003329,0.000020,0.055044,0.206511,calls/second,milliseconds
1778666637,2,5.000000,3.992500,3.000000,0.999972,3.000000,5.000000,5.000000,5.000000,5.000000,5.000000,0.003323,0.000020,0.055044,0.206511,calls/second,milliseconds
1778666638,2,5.000000,3.992500,3.000000,0.999972,3.000000,5.000000,5.000000,5.000000,5.000000,5.000000,0.003318,0.000020,0.055044,0.206511,calls/second,milliseconds
1778666639,2,5.000000,3.992500,3.000000,0.999972,3.000000,5.000000,5.000000,5.000000,5.000000,5.000000,0.003312,0.000020,0.055044,0.206511,calls/second,milliseconds
1778666640,2,5.000000,3.992500,3.000000,0.999972,3.000000,5.000000,5.000000,5.000000,5.000000,5.000000,0.003307,0.000020,0.055044,0.206511,calls/second,milliseconds
1778666641,2,5.000000,3.992500,3.000000,0.999972,3.000000,5.000000,5.000000,5.000000,5.000000,5.000000,0.003301,0.000018,0.054134,0.205367,calls/second,milliseconds
1778666642,2,5.000000,3.992500,3.000000,0.999972,3.000000,5.000000,5.000000,5.000000,5.000000,5.000000,0.003296,0.000018,0.054134,0.205367,calls/second,milliseconds
1778666643,2,5.000000,3.992500,3.000000,0.999972,3.000000,5.000000,5.000000,5.000000,5.000000,5.000000,0.003290,0.000018,0.054134,0.205367,calls/second,milliseconds
1778666644,2,5.000000,3.992500,3.000000,0.999972,3.000000,5.000000,5.000000,5.000000,5.000000,5.000000,0.003285,0.000018,0.054134,0.205367,calls/second,milliseconds
1778666645,2,5.000000,3.992500,3.000000,0.999972,3.000000,5.000000,5.000000,5.000000,5.000000,5.000000,0.003279,0.000018,0.054134,0.205367,calls/second,milliseconds
1778666646,2,5.000000,3.992500,3.000000,0.999972,3.000000,5.000000,5.000000,5.000000,5.000000,5.000000,0.003274,0.000017,0.053239,0.204229,calls/second,milliseconds
1778666647,2,5.000000,3.992500,3.000000,0.999972,3.000000,5.000000,5.000000,5.000000,5.000000,5.000000,0.003269,0.000017,0.053239,0.204229,calls/second,milliseconds
1778666648,2,5.000000,3.992500,3.000000,0.999972,3.000000,5.000000,5.000000,5.000000,5.000000,5.000000,0.003263,0.000017,0.053239,0.204229,calls/second,milliseconds
1778666649,2,5.000000,3.992500,3.000000,0.999972,3.000000,5.000000,5.000000,5.000000,5.000000,5.000000,0.003258,0.000017,0.053239,0.204229,calls/second,milliseconds
1778666650,2,5.000000,3.992500,3.000000,0.999972,3.000000,5.000000,5.000000,5.000000,5.000000,5.000000,0.003253,0.000017,0.053239,0.204229,calls/second,milliseconds
1778666651,2,5.000000,3.992500,3.000000,0.999972,3.000000,5.000000,5.000000,5.000000,5.000000,5.000000,0.003247,0.000015,0.052359,0.203098,calls/second,milliseconds
1778666652,2,5.000000,3.992500,3.000000,0.999972,3.000000,5.000000,5.000000,5.000000,5.000000,5.000000,0.003242,0.000015,0.052359,0.203098,calls/second,milliseconds
1778666653,2,5.000000,3.992500,3.000000,0.999972,3.000000,5.000000,5.000000,5.000000,5.000000,5.000000,0.003237,0.000015,0.052359,0.203098,calls/second,milliseconds
1778666654,2,5.000000,3.992500,3.000000,0.999972,3.000000,5.000000,5.000000,5.000000,5.000000,5.000000,0.003232,0.000015,0.052359,0.203098,calls/second,milliseconds
1778666655,2,5.000000,3.992500,3.000000,0.999972,3.000000,5.000000,5.000000,5.000000,5.000000,5.000000,0.003226,0.000015,0.052359,0.203098,calls/second,milliseconds
1778666656,2,5.000000,3.992500,3.000000,0.999972,3.000000,5.000000,5.000000,5.000000,5.000000,5.000000,0.003221,0.000014,0.051494,0.201972,calls/second,milliseconds
1778666657,2,5.000000,3.992500,3.000000,0.999972,3.000000,5.000000,5.000000,5.000000,5.000000,5.000000,0.003216,0.000014,0.051494,0.201972,calls/second,milliseconds
1778666658,2,5.000000,3.992500,3.000000,0.999972,3.000000,5.000000,5.000000,5.000000,5.000000,5.000000,0.003211,0.000014,0.051494,0.201972,calls/second,milliseconds
1778666659,2,5.000000,3.992500,3.000000,0.999972,3.000000,5.000000,5.000000,5.000000,5.000000,5.000000,0.003206,0.000014,0.051494,0.201972,calls/second,milliseconds
1778666660,2,5.000000,3.992500,3.000000,0.999972,3.000000,5.000000,5.000000,5.000000,5.000000,5.000000,0.003201,0.000014,0.051494,0.201972,calls/second,milliseconds
1778666661,2,5.000000,3.992500,3.000000,0.999972,3.000000,5.000000,5.000000,5.000000,5.000000,5.000000,0.003195,0.000013,0.050643,0.200853,calls/second,milliseconds
1778666662,2,5.000000,3.992500,3.000000,0.999972,3.000000,5.000000,5.000000,5.000000,5.000000,5.000000,0.003190,0.000013,0.050643,0.200853,calls/second,milliseconds
1778666663,2,5.000000,3.992500,3.000000,0.999972,3.000000,5.000000,5.000000,5.000000,5.000000,5.000000,0.003185,0.000013,0.050643,0.200853,calls/second,milliseconds
1778666664,2,5.000000,3.992500,3.000000,0.999972,3.000000,5.000000,5.000000,5.000000,5.000000,5.000000,0.003180,0.000013,0.050643,0.200853,calls/second,milliseconds
1778666665,2,5.000000,3.992500,3.000000,0.999972,3.000000,5.000000,5.000000,5.000000,5.000000,5.000000,0.003175,0.000013,0.050643,0.200853,calls/second,milliseconds
1778666666,2,5.000000,3.992500,3.000000,0.999972,3.000000,5.000000,5.000000,5.000000,5.000000,5.000000,0.003170,0.000012,0.049806,0.199741,calls/second,milliseconds
1778666667,2,5.000000,3.992500,3.000000,0.999972,3.000000,5.000000,5.000000,5.000000,5.000000,5.000000,0.003165,0.000012,0.049806,0.199741,calls/second,milliseconds
1778666668,2,5.000000,3.992500,3.000000,0.999972,3.000000,5.000000,5.000000,5.000000,5.000000,5.000000,0.003160,0.000012,0.049806,0.199741,calls/second,milliseconds
1778666669,2,5.000000,3.992500,3.000000,0.999972,3.000000,5.000000,5.000000,5.000000,5.000000,5.000000,0.003155,0.000012,0.049806,0.199741,calls/second,milliseconds
1778666670,2,5.000000,3.992500,3.000000,0.999972,3.000000,5.000000,5.000000,5.000000,5.000000,5.000000,0.003150,0.000012,0.049806,0.199741,calls/second,milliseconds
1778666671,2,5.000000,3.992500,3.000000,0.999972,3.000000,5.000000,5.000000,5.000000,5.000000,5.000000,0.003145,0.000011,0.048983,0.198634,calls/second,milliseconds
1778666672,2,5.000000,3.992500,3.000000,0.999972,3.000000,5.000000,5.000000,5.000000,5.000000,5.000000,0.003140,0.000011,0.048983,0.198634,calls/second,milliseconds
1778666673,2,5.000000,3.992500,3.000000,0.999972,3.000000,5.000000,5.000000,5.000000,5.000000,5.000000,0.003135,0.000011,0.048983,0.198634,calls/second,milliseconds
1778666674,2,5.000000,3.992500,3.000000,0.999972,3.000000,5.000000,5.000000,5.000000,5.000000,5.000000,0.003130,0.000011,0.048983,0.198634,calls/second,milliseconds
1778666675,2,5.000000,3.992500,3.000000,0.999972,3.000000,5.000000,5.000000,5.000000,5.000000,5.000000,0.003125,0.000011,0.048983,0.198634,calls/second,milliseconds
1778666676,2,5.000000,3.992500,3.000000,0.999972,3.000000,5.000000,5.000000,5.000000,5.000000,5.000000,0.003120,0.000010,0.048173,0.197534,calls/second,milliseconds
1778666677,2,5.000000,3.992500,3.000000,0.999972,3.000000,5.000000,5.000000,5.000000,5.000000,5.000000,0.003116,0.000010,0.048173,0.197534,calls/second,milliseconds
1778666678,2,5.000000,3.992500,3.000000,0.999972,3.000000,5.000000,5.000000,5.000000,5.000000,5.000000,0.003111,0.000010,0.048173,0.197534,calls/second,milliseconds
1778666679,2,5.000000,3.992500,3.000000,0.999972,3.000000,5.000000,5.000000,5.000000,5.000000,5.000000,0.003106,0.000010,0.048173,0.197534,calls/second,milliseconds
1778666680,2,5.000000,3.992500,3.000000,0.999972,3.000000,5.000000,5.000000,5.000000,5.000000,5.000000,0.003101,0.000010,0.048173,0.197534,calls/second,milliseconds
1778666681,2,5.000000,3.992500,3.000000,0.999972,3.000000,5.000000,5.000000,5.000000,5.000000,5.000000,0.003096,0.000009,0.047377,0.196439,calls/second,milliseconds
1778666682,2,5.000000,3.992500,3.000000,0.999972,3.000000,5.000000,5.000000,5.000000,5.000000,5.000000,0.003091,0.000009,0.047377,0.196439,calls/second,milliseconds
1778666683,2,5.000000,3.992500,3.000000,0.999972,3.000000,5.000000,5.000000,5.000000,5.000000,5.000000,0.003087,0.000009,0.047377,0.196439,calls/second,milliseconds
1778666684,2,5.000000,3.992500,3.000000,0.999972,3.000000,5.000000,5.000000,5.000000,5.000000,5.000000,0.003082,0.000009,0.047377,0.196439,calls/second,milliseconds
1778666685,2,5.000000,3.992500,3.000000,0.999972,3.000000,5.000000,5.000000,5.000000,5.000000,5.000000,0.003077,0.000009,0.047377,0.196439,calls/second,milliseconds
1778666686,2,5.000000,3.992500,3.000000,0.999972,3.000000,5.000000,5.000000,5.000000,5.000000,5.000000,0.003072,0.000009,0.046594,0.195351,calls/second,milliseconds
1778666687,2,5.000000,3.992500,3.000000,0.999972,3.000000,5.000000,5.000000,5.000000,5.000000,5.000000,0.003068,0.000009,0.046594,0.195351,calls/second,milliseconds
1778666688,2,5.000000,3.992500,3.000000,0.999972,3.000000,5.000000,5.000000,5.000000,5.000000,5.000000,0.003063,0.000009,0.046594,0.195351,calls/second,milliseconds
1778666689,2,5.000000,3.992500,3.000000,0.999972,3.000000,5.000000,5.000000,5.000000,5.000000,5.000000,0.003058,0.000009,0.046594,0.195351,calls/second,milliseconds
1778666690,2,5.000000,3.992500,3.000000,0.999972,3.000000,5.000000,5.000000,5.000000,5.000000,5.000000,0.003054,0.000009,0.046594,0.195351,calls/second,milliseconds
1778666691,2,5.000000,3.992500,3.000000,0.999972,3.000000,5.000000,5.000000,5.000000,5.000000,5.000000,0.003049,0.000008,0.045824,0.194269,calls/second,milliseconds
1778666692,2,5.000000,3.992500,3.000000,0.999972,3.000000,5.000000,5.000000,5.000000,5.000000,5.000000,0.003044,0.000008,0.045824,0.194269,calls/second,milliseconds
1778666693,2,5.000000,3.992500,3.000000,0.999972,3.000000,5.000000,5.000000,5.000000,5.000000,5.000000,0.003040,0.000008,0.045824,0.194269,calls/second,milliseconds
1778666694,2,5.000000,3.992500,3.000000,0.999972,3.000000,5.000000,5.000000,5.000000,5.000000,5.000000,0.003035,0.000008,0.045824,0.194269,calls/second,milliseconds
1778666695,2,5.000000,3.992500,3.000000,0.999972,3.000000,5.000000,5.000000,5.000000,5.000000,5.000000,0.003030,0.000008,0.045824,0.194269,calls/second,milliseconds
1778666696,2,5.000000,3.992500,3.000000,0.999972,3.000000,5.000000,5.000000,5.000000,5.000000,5.000000,0.003026,0.000007,0.045066,0.193192,calls/second,milliseconds
1778666697,2,5.000000,3.992500,3.000000,0.999972,3.000000,5.000000,5.000000,5.000000,5.000000,5.000000,0.003021,0.000007,0.045066,0.193192,calls/second,milliseconds
1778666698,2,5.000000,3.992500,3.000000,0.999972,3.000000,5.000000,5.000000,5.000000,5.000000,5.000000,0.003017,0.000007,0.045066,0.193192,calls/second,milliseconds
1778666699,2,5.000000,3.992500,3.000000,0.999972,3.000000,5.000000,5.000000,5.000000,5.000000,5.000000,0.003012,0.000007,0.045066,0.193192,calls/second,milliseconds
1778666700,2,5.000000,3.992500,3.000000,0.999972,3.000000,5.000000,5.000000,5.000000,5.000000,5.000000,0.003008,0.000007,0.045066,0.193192,calls/second,milliseconds
1778666701,2,5.000000,3.992500,3.000000,0.999972,3.000000,5.000000,5.000000,5.000000,5.000000,5.000000,0.003003,0.000007,0.044321,0.192122,calls/second,milliseconds
1778666702,2,5.000000,3.992500,3.000000,0.999972,3.000000,5.000000,5.000000,5.000000,5.000000,5.000000,0.002999,0.000007,0.044321,0.192122,calls/second,milliseconds
1778666703,2,5.000000,3.992500,3.000000,0.999972,3.000000,5.000000,5.000000,5.000000,5.000000,5.000000,0.002994,0.000007,0.044321,0.192122,calls/second,milliseconds
1778666704,2,5.000000,3.992500,3.000000,0.999972,3.000000,5.000000,5.000000,5.000000,5.000000,5.000000,0.002990,0.000007,0.044321,0.192122,calls/second,milliseconds
1778666705,2,5.000000,3.992500,3.000000,0.999972,3.000000,5.000000,5.000000,5.000000,5.000000,5.000000,0.002985,0.000007,0.044321,0.192122,calls/second,milliseconds
1778666706,2,5.000000,3.992500,3.000000,0.999972,3.000000,5.000000,5.000000,5.000000,5.000000,5.000000,0.002981,0.000006,0.043589,0.191058,calls/second,milliseconds
1778666707,2,5.000000,3.992500,3.000000,0.999972,3.000000,5.000000,5.000000,5.000000,5.000000,5.000000,0.002976,0.000006,0.043589,0.191058,calls/second,milliseconds
1778666708,2,5.000000,3.992500,3.000000,0.999972,3.000000,5.000000,5.000000,5.000000,5.000000,5.000000,0.002972,0.000006,0.043589,0.191058,calls/second,milliseconds
1778666709,2,5.000000,3.992500,3.000000,0.999972,3.000000,5.000000,5.000000,5.000000,5.000000,5.000000,0.002967,0.000006,0.043589,0.191058,calls/second,milliseconds
1778666710,2,5.000000,3.992500,3.000000,0.999972,3.000000,5.000000,5.000000,5.000000,5.000000,5.000000,0.002963,0.000006,0.042868,0.189999,calls/second,milliseconds
1778666711,2,5.000000,3.992500,3.000000,0.999972,3.000000,5.000000,5.000000,5.000000,5.000000,5.000000,0.002959,0.000006,0.042868,0.189999,calls/second,milliseconds
1778666712,2,5.000000,3.992500,3.000000,0.999972,3.000000,5.000000,5.000000,5.000000,5.000000,5.000000,0.002954,0.000006,0.042868,0.189999,calls/second,milliseconds
1778666713,2,5.000000,3.992500,3.000000,0.999972,3.000000,5.000000,5.000000,5.000000,5.000000,5.000000,0.002950,0.000006,0.042868,0.189999,calls/second,milliseconds
1778666714,2,5.000000,3.992500,3.000000,0.999972,3.000000,5.000000,5.000000,5.000000,5.000000,5.000000,0.002945,0.000006,0.042868,0.189999,calls/second,milliseconds
1778666715,2,5.000000,3.992500,3.000000,0.999972,3.000000,5.000000,5.000000,5.000000,5.000000,5.000000,0.002941,0.000005,0.042160,0.188947,calls/second,milliseconds
1778666716,2,5.000000,3.992500,3.000000,0.999972,3.000000,5.000000,5.000000,5.000000,5.000000,5.000000,0.002937,0.000005,0.042160,0.188947,calls/second,milliseconds
1778666717,2,5.000000,3.992500,3.000000,0.999972,3.000000,5.000000,5.000000,5.000000,5.000000,5.000000,0.002932,0.000005,0.042160,0.188947,calls/second,milliseconds
1778666718,2,5.000000,3.992500,3.000000,0.999972,3.000000,5.000000,5.000000,5.000000,5.000000,5.000000,0.002928,0.000005,0.042160,0.188947,calls/second,milliseconds
1778666719,2,5.000000,3.992500,3.000000,0.999972,3.000000,5.000000,5.000000,5.000000,5.000000,5.000000,0.002924,0.000005,0.042160,0.188947,calls/second,milliseconds
1778666720,2,5.000000,3.992500,3.000000,0.999972,3.000000,5.000000,5.000000,5.000000,5.000000,5.000000,0.002920,0.000005,0.041463,0.187900,calls/second,milliseconds
1778666721,2,5.000000,3.992500,3.000000,0.999972,3.000000,5.000000,5.000000,5.000000,5.000000,5.000000,0.002915,0.000005,0.041463,0.187900,calls/second,milliseconds
1778666722,2,5.000000,3.992500,3.000000,0.999972,3.000000,5.000000,5.000000,5.000000,5.000000,5.000000,0.002911,0.000005,0.041463,0.187900,calls/second,milliseconds
1778666723,2,5.000000,3.992500,3.000000,0.999972,3.000000,5.000000,5.000000,5.000000,5.000000,5.000000,0.002907,0.000005,0.041463,0.187900,calls/second,milliseconds
1778666724,2,5.000000,3.992500,3.000000,0.999972,3.000000,5.000000,5.000000,5.000000,5.000000,5.000000,0.002903,0.000005,0.041463,0.187900,calls/second,milliseconds
1778666725,2,5.000000,3.992500,3.000000,0.999972,3.000000,5.000000,5.000000,5.000000,5.000000,5.000000,0.002898,0.000004,0.040778,0.186859,calls/second,milliseconds
1778666726,2,5.000000,3.992500,3.000000,0.999972,3.000000,5.000000,5.000000,5.000000,5.000000,5.000000,0.002894,0.000004,0.040778,0.186859,calls/second,milliseconds
1778666727,2,5.000000,3.992500,3.000000,0.999972,3.000000,5.000000,5.000000,5.000000,5.000000,5.000000,0.002890,0.000004,0.040778,0.186859,calls/second,milliseconds
1778666728,2,5.000000,3.992500,3.000000,0.999972,3.000000,5.000000,5.000000,5.000000,5.000000,5.000000,0.002886,0.000004,0.040778,0.186859,calls/second,milliseconds
1778666729,2,5.000000,3.992500,3.000000,0.999972,3.000000,5.000000,5.000000,5.000000,5.000000,5.000000,0.002882,0.000004,0.040778,0.186859,calls/second,milliseconds
1778666730,2,5.000000,3.992500,3.000000,0.999972,3.000000,5.000000,5.000000,5.000000,5.000000,5.000000,0.002878,0.000004,0.040104,0.185824,calls/second,milliseconds
1778666731,2,5.000000,3.992500,3.000000,0.999972,3.000000,5.000000,5.000000,5.000000,5.000000,5.000000,0.002873,0.000004,0.040104,0.185824,calls/second,milliseconds
1778666732,2,5.000000,3.992500,3.000000,0.999972,3.000000,5.000000,5.000000,5.000000,5.000000,5.000000,0.002869,0.000004,0.040104,0.185824,calls/second,milliseconds
1778666733,2,5.000000,3.992500,3.000000,0.999972,3.000000,5.000000,5.000000,5.000000,5.000000,5.000000,0.002865,0.000004,0.040104,0.185824,calls/second,milliseconds
1778666734,2,5.000000,3.992500,3.000000,0.999972,3.000000,5.000000,5.000000,5.000000,5.000000,5.000000,0.002861,0.000004,0.040104,0.185824,calls/second,milliseconds
1778666735,2,5.000000,3.992500,3.000000,0.999972,3.000000,5.000000,5.000000,5.000000,5.000000,5.000000,0.002857,0.000004,0.039441,0.184794,calls/second,milliseconds
1778666736,2,5.000000,3.992500,3.000000,0.999972,3.000000,5.000000,5.000000,5.000000,5.000000,5.000000,0.002853,0.000004,0.039441,0.184794,calls/second,milliseconds
1778666737,2,5.000000,3.992500,3.000000,0.999972,3.000000,5.000000,5.000000,5.000000,5.000000,5.000000,0.002849,0.000004,0.039441,0.184794,calls/second,milliseconds
1778666738,2,5.000000,3.992500,3.000000,0.999972,3.000000,5.000000,5.000000,5.000000,5.000000,5.000000,0.002845,0.000004,0.039441,0.184794,calls/second,milliseconds
1778666739,2,5.000000,3.992500,3.000000,0.999972,3.000000,5.000000,5.000000,5.000000,5.000000,5.000000,0.002841,0.000004,0.039441,0.184794,calls/second,milliseconds
1778666740,2,5.000000,3.992500,3.000000,0.999972,3.000000,5.000000,5.000000,5.000000,5.000000,5.000000,0.002837,0.000003,0.038789,0.183770,calls/second,milliseconds
1778666741,2,5.000000,3.992500,3.000000,0.999972,3.000000,5.000000,5.000000,5.000000,5.000000,5.000000,0.002833,0.000003,0.038789,0.183770,calls/second,milliseconds
1778666742,2,5.000000,3.992500,3.000000,0.999972,3.000000,5.000000,5.000000,5.000000,5.000000,5.000000,0.002829,0.000003,0.038789,0.183770,calls/second,milliseconds
1778666743,2,5.000000,3.992500,3.000000,0.999972,3.000000,5.000000,5.000000,5.000000,5.000000,5.000000,0.002825,0.000003,0.038789,0.183770,calls/second,milliseconds
1778666744,2,5.000000,3.992500,3.000000,0.999972,3.000000,5.000000,5.000000,5.000000,5.000000,5.000000,0.002821,0.000003,0.038789,0.183770,calls/second,milliseconds
1778666745,2,5.000000,3.992500,3.000000,0.999972,3.000000,5.000000,5.000000,5.000000,5.000000,5.000000,0.002817,0.000003,0.038148,0.182752,calls/second,milliseconds
1778666746,2,5.000000,3.992500,3.000000,0.999972,3.000000,5.000000,5.000000,5.000000,5.000000,5.000000,0.002813,0.000003,0.038148,0.182752,calls/second,milliseconds
1778666747,2,5.000000,3.992500,3.000000,0.999972,3.000000,5.000000,5.000000,5.000000,5.000000,5.000000,0.002809,0.000003,0.038148,0.182752,calls/second,milliseconds
1778666748,2,5.000000,3.992500,3.000000,0.999972,3.000000,5.000000,5.000000,5.000000,5.000000,5.000000,0.002805,0.000003,0.038148,0.182752,calls/second,milliseconds
1778666749,2,5.000000,3.992500,3.000000,0.999972,3.000000,5.000000,5.000000,5.000000,5.000000,5.000000,0.002801,0.000003,0.038148,0.182752,calls/second,milliseconds
1778666750,2,5.000000,3.992500,3.000000,0.999972,3.000000,5.000000,5.000000,5.000000,5.000000,5.000000,0.002797,0.000003,0.037517,0.181740,calls/second,milliseconds
1778666751,2,5.000000,3.992500,3.000000,0.999972,3.000000,5.000000,5.000000,5.000000,5.000000,5.000000,0.002793,0.000003,0.037517,0.181740,calls/second,milliseconds
1778666752,2,5.000000,3.992500,3.000000,0.999972,3.000000,5.000000,5.000000,5.000000,5.000000,5.000000,0.002789,0.000003,0.037517,0.181740,calls/second,milliseconds
1778666753,2,5.000000,3.992500,3.000000,0.999972,3.000000,5.000000,5.000000,5.000000,5.000000,5.000000,0.002785,0.000003,0.037517,0.181740,calls/second,milliseconds
1778666754,2,5.000000,3.992500,3.000000,0.999972,3.000000,5.000000,5.000000,5.000000,5.000000,5.000000,0.002781,0.000003,0.037517,0.181740,calls/second,milliseconds
1778666755,2,5.000000,3.992500,3.000000,0.999972,3.000000,5.000000,5.000000,5.000000,5.000000,5.000000,0.002777,0.000003,0.036897,0.180733,calls/second,milliseconds
1778666756,2,5.000000,3.992500,3.000000,0.999972,3.000000,5.000000,5.000000,5.000000,5.000000,5.000000,0.002774,0.000003,0.036897,0.180733,calls/second,milliseconds
1778666757,2,5.000000,3.992500,3.000000,0.999972,3.000000,5.000000,5.000000,5.000000,5.000000,5.000000,0.002770,0.000003,0.036897,0.180733,calls/second,milliseconds
1778666758,2,5.000000,3.992500,3.000000,0.999972,3.000000,5.000000,5.000000,5.000000,5.000000,5.000000,0.002766,0.000003,0.036897,0.180733,calls/second,milliseconds
1778666759,2,5.000000,3.992500,3.000000,0.999972,3.000000,5.000000,5.000000,5.000000,5.000000,5.000000,0.002762,0.000003,0.036897,0.180733,calls/second,milliseconds
1778666760,2,5.000000,3.992500,3.000000,0.999972,3.000000,5.000000,5.000000,5.000000,5.000000,5.000000,0.002758,0.000002,0.036287,0.179732,calls/second,milliseconds
1778666761,2,5.000000,3.992500,3.000000,0.999972,3.000000,5.000000,5.000000,5.000000,5.000000,5.000000,0.002754,0.000002,0.036287,0.179732,calls/second,milliseconds
1778666762,2,5.000000,3.992500,3.000000,0.999972,3.000000,5.000000,5.000000,5.000000,5.000000,5.000000,0.002751,0.000002,0.036287,0.179732,calls/second,milliseconds
1778666763,2,5.000000,3.992500,3.000000,0.999972,3.000000,5.000000,5.000000,5.000000,5.000000,5.000000,0.002747,0.000002,0.036287,0.179732,calls/second,milliseconds
1778666764,2,5.000000,3.992500,3.000000,0.999972,3.000000,5.000000,5.000000,5.000000,5.000000,5.000000,0.002743,0.000002,0.036287,0.179732,calls/second,milliseconds
1778666765,2,5.000000,3.992500,3.000000,0.999972,3.000000,5.000000,5.000000,5.000000,5.000000,5.000000,0.002739,0.000002,0.035687,0.178736,calls/second,milliseconds
1778666766,2,5.000000,3.992500,3.000000,0.999972,3.000000,5.000000,5.000000,5.000000,5.000000,5.000000,0.002736,0.000002,0.035687,0.178736,calls/second,milliseconds
1778666767,2,5.000000,3.992500,3.000000,0.999972,3.000000,5.000000,5.000000,5.000000,5.000000,5.000000,0.002732,0.000002,0.035687,0.178736,calls/second,milliseconds
1778666768,2,5.000000,3.992500,3.000000,0.999972,3.000000,5.000000,5.000000,5.000000,5.000000,5.000000,0.002728,0.000002,0.035687,0.178736,calls/second,milliseconds
1778666769,2,5.000000,3.992500,3.000000,0.999972,3.000000,5.000000,5.000000,5.000000,5.000000,5.000000,0.002724,0.000002,0.035687,0.178736,calls/second,milliseconds
1778666770,2,5.000000,3.992500,3.000000,0.999972,3.000000,5.000000,5.000000,5.000000,5.000000,5.000000,0.002721,0.000002,0.035098,0.177746,calls/second,milliseconds
1778666771,2,5.000000,3.992500,3.000000,0.999972,3.000000,5.000000,5.000000,5.000000,5.000000,5.000000,0.002717,0.000002,0.035098,0.177746,calls/second,milliseconds
1778666772,2,5.000000,3.992500,3.000000,0.999972,3.000000,5.000000,5.000000,5.000000,5.000000,5.000000,0.002713,0.000002,0.035098,0.177746,calls/second,milliseconds
1778666773,2,5.000000,3.992500,3.000000,0.999972,3.000000,5.000000,5.000000,5.000000,5.000000,5.000000,0.002710,0.000002,0.035098,0.177746,calls/second,milliseconds
1778666774,2,5.000000,3.992500,3.000000,0.999972,3.000000,5.000000,5.000000,5.000000,5.000000,5.000000,0.002706,0.000002,0.035098,0.177746,calls/second,milliseconds
1778666775,2,5.000000,3.992500,3.000000,0.999972,3.000000,5.000000,5.000000,5.000000,5.000000,5.000000,0.002702,0.000002,0.034517,0.176761,calls/second,milliseconds
1778666776,2,5.000000,3.992500,3.000000,0.999972,3.000000,5.000000,5.000000,5.000000,5.000000,5.000000,0.002698,0.000002,0.034517,0.176761,calls/second,milliseconds
1778666777,2,5.000000,3.992500,3.000000,0.999972,3.000000,5.000000,5.000000,5.000000,5.000000,5.000000,0.002695,0.000002,0.034517,0.176761,calls/second,milliseconds
1778666778,2,5.000000,3.992500,3.000000,0.999972,3.000000,5.000000,5.000000,5.000000,5.000000,5.000000,0.002691,0.000002,0.034517,0.176761,calls/second,milliseconds
1778666779,2,5.000000,3.992500,3.000000,0.999972,3.000000,5.000000,5.000000,5.000000,5.000000,5.000000,0.002688,0.000002,0.034517,0.176761,calls/second,milliseconds
1778666780,2,5.000000,3.992500,3.000000,0.999972,3.000000,5.000000,5.000000,5.000000,5.000000,5.000000,0.002684,0.000002,0.033947,0.175782,calls/second,milliseconds
1778666781,2,5.000000,3.992500,3.000000,0.999972,3.000000,5.000000,5.000000,5.000000,5.000000,5.000000,0.002680,0.000002,0.033947,0.175782,calls/second,milliseconds
1778666782,2,5.000000,3.992500,3.000000,0.999972,3.000000,5.000000,5.000000,5.000000,5.000000,5.000000,0.002677,0.000002,0.033947,0.175782,calls/second,milliseconds
1778666783,2,5.000000,3.992500,3.000000,0.999972,3.000000,5.000000,5.000000,5.000000,5.000000,5.000000,0.002673,0.000002,0.033947,0.175782,calls/second,milliseconds
1778666784,2,5.000000,3.992500,3.000000,0.999972,3.000000,5.000000,5.000000,5.000000,5.000000,5.000000,0.002670,0.000002,0.033947,0.175782,calls/second,milliseconds
1778666785,2,5.000000,3.992500,3.000000,0.999972,3.000000,5.000000,5.000000,5.000000,5.000000,5.000000,0.002666,0.000002,0.033386,0.174808,calls/second,milliseconds
1778666786,2,5.000000,3.992500,3.000000,0.999972,3.000000,5.000000,5.000000,5.000000,5.000000,5.000000,0.002663,0.000002,0.033386,0.174808,calls/second,milliseconds
1778666787,2,5.000000,3.992500,3.000000,0.999972,3.000000,5.000000,5.000000,5.000000,5.000000,5.000000,0.002659,0.000002,0.033386,0.174808,calls/second,milliseconds
1778666788,2,5.000000,3.992500,3.000000,0.999972,3.000000,5.000000,5.000000,5.000000,5.000000,5.000000,0.002655,0.000002,0.033386,0.174808,calls/second,milliseconds
1778666789,2,5.000000,3.992500,3.000000,0.999972,3.000000,5.000000,5.000000,5.000000,5.000000,5.000000,0.002652,0.000002,0.033386,0.174808,calls/second,milliseconds
1778666790,2,5.000000,3.992500,3.000000,0.999972,3.000000,5.000000,5.000000,5.000000,5.000000,5.000000,0.002648,0.000001,0.032834,0.173839,calls/second,milliseconds
1778666791,2,5.000000,3.992500,3.000000,0.999972,3.000000,5.000000,5.000000,5.000000,5.000000,5.000000,0.002645,0.000001,0.032834,0.173839,calls/second,milliseconds
1778666792,2,5.000000,3.992500,3.000000,0.999972,3.000000,5.000000,5.000000,5.000000,5.000000,5.000000,0.002641,0.000001,0.032834,0.173839,calls/second,milliseconds
1778666793,2,5.000000,3.992500,3.000000,0.999972,3.000000,5.000000,5.000000,5.000000,5.000000,5.000000,0.002638,0.000001,0.032834,0.173839,calls/second,milliseconds
1778666794,2,5.000000,3.992500,3.000000,0.999972,3.000000,5.000000,5.000000,5.000000,5.000000,5.000000,0.002634,0.000001,0.032834,0.173839,calls/second,milliseconds
1778666795,2,5.000000,3.992500,3.000000,0.999972,3.000000,5.000000,5.000000,5.000000,5.000000,5.000000,0.002631,0.000001,0.032291,0.172876,calls/second,milliseconds
1778666796,2,5.000000,3.992500,3.000000,0.999972,3.000000,5.000000,5.000000,5.000000,5.000000,5.000000,0.002627,0.000001,0.032291,0.172876,calls/second,milliseconds
1778666797,2,5.000000,3.992500,3.000000,0.999972,3.000000,5.000000,5.000000,5.000000,5.000000,5.000000,0.002624,0.000001,0.032291,0.172876,calls/second,milliseconds
1778666798,2,5.000000,3.992500,3.000000,0.999972,3.000000,5.000000,5.000000,5.000000,5.000000,5.000000,0.002621,0.000001,0.032291,0.172876,calls/second,milliseconds
1778666799,2,5.000000,3.992500,3.000000,0.999972,3.000000,5.000000,5.000000,5.000000,5.000000,5.000000,0.002617,0.000001,0.032291,0.172876,calls/second,milliseconds
1778666800,2,5.000000,3.992500,3.000000,0.999972,3.000000,5.000000,5.000000,5.000000,5.000000,5.000000,0.002614,0.000001,0.031758,0.171918,calls/second,milliseconds
1778666801,2,5.000000,3.992500,3.000000,0.999972,3.000000,5.000000,5.000000,5.000000,5.000000,5.000000,0.002610,0.000001,0.031758,0.171918,calls/second,milliseconds
1778666802,2,5.000000,3.992500,3.000000,0.999972,3.000000,5.000000,5.000000,5.000000,5.000000,5.000000,0.002607,0.000001,0.031758,0.171918,calls/second,milliseconds
1778666803,2,5.000000,3.992500,3.000000,0.999972,3.000000,5.000000,5.000000,5.000000,5.000000,5.000000,0.002603,0.000001,0.031758,0.171918,calls/second,milliseconds
1778666804,2,5.000000,3.992500,3.000000,0.999972,3.000000,5.000000,5.000000,5.000000,5.000000,5.000000,0.002600,0.000001,0.031758,0.171918,calls/second,milliseconds
1778666805,2,5.000000,3.992500,3.000000,0.999972,3.000000,5.000000,5.000000,5.000000,5.000000,5.000000,0.002597,0.000001,0.031233,0.170966,calls/second,milliseconds
1778666806,2,5.000000,3.992500,3.000000,0.999972,3.000000,5.000000,5.000000,5.000000,5.000000,5.000000,0.002593,0.000001,0.031233,0.170966,calls/second,milliseconds
1778666807,2,5.000000,3.992500,3.000000,0.999972,3.000000,5.000000,5.000000,5.000000,5.000000,5.000000,0.002590,0.000001,0.031233,0.170966,calls/second,milliseconds
1778666808,2,5.000000,3.992500,3.000000,0.999972,3.000000,5.000000,5.000000,5.000000,5.000000,5.000000,0.002587,0.000001,0.031233,0.170966,calls/second,milliseconds
1778666809,2,5.000000,3.992500,3.000000,0.999972,3.000000,5.000000,5.000000,5.000000,5.000000,5.000000,0.002583,0.000001,0.031233,0.170966,calls/second,milliseconds
1778666810,2,5.000000,3.992500,3.000000,0.999972,3.000000,5.000000,5.000000,5.000000,5.000000,5.000000,0.002580,0.000001,0.030716,0.170019,calls/second,milliseconds
1778666811,2,5.000000,3.992500,3.000000,0.999972,3.000000,5.000000,5.000000,5.000000,5.000000,5.000000,0.002577,0.000001,0.030716,0.170019,calls/second,milliseconds
1778666812,2,5.000000,3.992500,3.000000,0.999972,3.000000,5.000000,5.000000,5.000000,5.000000,5.000000,0.002573,0.000001,0.030716,0.170019,calls/second,milliseconds
1778666813,2,5.000000,3.992500,3.000000,0.999972,3.000000,5.000000,5.000000,5.000000,5.000000,5.000000,0.002570,0.000001,0.030716,0.170019,calls/second,milliseconds
1778666814,2,5.000000,3.992500,3.000000,0.999972,3.000000,5.000000,5.000000,5.000000,5.000000,5.000000,0.002567,0.000001,0.030716,0.170019,calls/second,milliseconds
1778666815,2,5.000000,3.992500,3.000000,0.999972,3.000000,5.000000,5.000000,5.000000,5.000000,5.000000,0.002563,0.000001,0.030209,0.169077,calls/second,milliseconds
1778666816,2,5.000000,3.992500,3.000000,0.999972,3.000000,5.000000,5.000000,5.000000,5.000000,5.000000,0.002560,0.000001,0.030209,0.169077,calls/second,milliseconds
1778666817,2,5.000000,3.992500,3.000000,0.999972,3.000000,5.000000,5.000000,5.000000,5.000000,5.000000,0.002557,0.000001,0.030209,0.169077,calls/second,milliseconds
1778666818,2,5.000000,3.992500,3.000000,0.999972,3.000000,5.000000,5.000000,5.000000,5.000000,5.000000,0.002554,0.000001,0.030209,0.169077,calls/second,milliseconds
1778666819,2,5.000000,3.992500,3.000000,0.999972,3.000000,5.000000,5.000000,5.000000,5.000000,5.000000,0.002550,0.000001,0.030209,0.169077,calls/second,milliseconds
1778666820,2,5.000000,3.992500,3.000000,0.999972,3.000000,5.000000,5.000000,5.000000,5.000000,5.000000,0.002547,0.000001,0.029709,0.168140,calls/second,milliseconds
1778666821,2,5.000000,3.992500,3.000000,0.999972,3.000000,5.000000,5.000000,5.000000,5.000000,5.000000,0.002544,0.000001,0.029709,0.168140,calls/second,milliseconds
1778666822,2,5.000000,3.992500,3.000000,0.999972,3.000000,5.000000,5.000000,5.000000,5.000000,5.000000,0.002541,0.000001,0.029709,0.168140,calls/second,milliseconds
1778666823,2,5.000000,3.992500,3.000000,0.999972,3.000000,5.000000,5.000000,5.000000,5.000000,5.000000,0.002537,0.000001,0.029709,0.168140,calls/second,milliseconds
1778666824,2,5.000000,3.992500,3.000000,0.999972,3.000000,5.000000,5.000000,5.000000,5.000000,5.000000,0.002534,0.000001,0.029709,0.168140,calls/second,milliseconds
1778666825,2,5.000000,3.992500,3.000000,0.999972,3.000000,5.000000,5.000000,5.000000,5.000000,5.000000,0.002531,0.000001,0.029218,0.167209,calls/second,milliseconds
1778666826,2,5.000000,3.992500,3.000000,0.999972,3.000000,5.000000,5.000000,5.000000,5.000000,5.000000,0.002528,0.000001,0.029218,0.167209,calls/second,milliseconds
1778666827,2,5.000000,3.992500,3.000000,0.999972,3.000000,5.000000,5.000000,5.000000,5.000000,5.000000,0.002524,0.000001,0.029218,0.167209,calls/second,milliseconds
1778666828,2,5.000000,3.992500,3.000000,0.999972,3.000000,5.000000,5.000000,5.000000,5.000000,5.000000,0.002521,0.000001,0.029218,0.167209,calls/second,milliseconds
1778666829,2,5.000000,3.992500,3.000000,0.999972,3.000000,5.000000,5.000000,5.000000,5.000000,5.000000,0.002518,0.000001,0.029218,0.167209,calls/second,milliseconds
1778666830,2,5.000000,3.992500,3.000000,0.999972,3.000000,5.000000,5.000000,5.000000,5.000000,5.000000,0.002515,0.000001,0.028735,0.166282,calls/second,milliseconds
1778666831,2,5.000000,3.992500,3.000000,0.999972,3.000000,5.000000,5.000000,5.000000,5.000000,5.000000,0.002512,0.000001,0.028735,0.166282,calls/second,milliseconds
1778666832,2,5.000000,3.992500,3.000000,0.999972,3.000000,5.000000,5.000000,5.000000,5.000000,5.000000,0.002509,0.000001,0.028735,0.166282,calls/second,milliseconds
1778666833,2,5.000000,3.992500,3.000000,0.999972,3.000000,5.000000,5.000000,5.000000,5.000000,5.000000,0.002505,0.000001,0.028735,0.166282,calls/second,milliseconds
1778666834,2,5.000000,3.992500,3.000000,0.999972,3.000000,5.000000,5.000000,5.000000,5.000000,5.000000,0.002502,0.000001,0.028735,0.166282,calls/second,milliseconds
1778666835,2,5.000000,3.992500,3.000000,0.999972,3.000000,5.000000,5.000000,5.000000,5.000000,5.000000,0.002499,0.000001,0.028260,0.165361,calls/second,milliseconds
1778666836,2,5.000000,3.992500,3.000000,0.999972,3.000000,5.000000,5.000000,5.000000,5.000000,5.000000,0.002496,0.000001,0.028260,0.165361,calls/second,milliseconds
1778666837,2,5.000000,3.992500,3.000000,0.999972,3.000000,5.000000,5.000000,5.000000,5.000000,5.000000,0.002493,0.000001,0.028260,0.165361,calls/second,milliseconds
1778666838,2,5.000000,3.992500,3.000000,0.999972,3.000000,5.000000,5.000000,5.000000,5.000000,5.000000,0.002490,0.000001,0.028260,0.165361,calls/second,milliseconds
1778666839,2,5.000000,3.992500,3.000000,0.999972,3.000000,5.000000,5.000000,5.000000,5.000000,5.000000,0.002487,0.000001,0.028260,0.165361,calls/second,milliseconds
1778666840,2,5.000000,3.992500,3.000000,0.999972,3.000000,5.000000,5.000000,5.000000,5.000000,5.000000,0.002484,0.000001,0.027793,0.164445,calls/second,milliseconds
1778666841,2,5.000000,3.992500,3.000000,0.999972,3.000000,5.000000,5.000000,5.000000,5.000000,5.000000,0.002481,0.000001,0.027793,0.164445,calls/second,milliseconds
1778666842,2,5.000000,3.992500,3.000000,0.999972,3.000000,5.000000,5.000000,5.000000,5.000000,5.000000,0.002477,0.000001,0.027793,0.164445,calls/second,milliseconds
1778666843,2,5.000000,3.992500,3.000000,0.999972,3.000000,5.000000,5.000000,5.000000,5.000000,5.000000,0.002474,0.000001,0.027793,0.164445,calls/second,milliseconds
1778666844,2,5.000000,3.992500,3.000000,0.999972,3.000000,5.000000,5.000000,5.000000,5.000000,5.000000,0.002471,0.000001,0.027793,0.164445,calls/second,milliseconds
1778666845,2,5.000000,3.992500,3.000000,0.999972,3.000000,5.000000,5.000000,5.000000,5.000000,5.000000,0.002468,0.000001,0.027334,0.163534,calls/second,milliseconds
1778666846,2,5.000000,3.992500,3.000000,0.999972,3.000000,5.000000,5.000000,5.000000,5.000000,5.000000,0.002465,0.000001,0.027334,0.163534,calls/second,milliseconds
1778666847,2,5.000000,3.992500,3.000000,0.999972,3.000000,5.000000,5.000000,5.000000,5.000000,5.000000,0.002462,0.000001,0.027334,0.163534,calls/second,milliseconds
1778666848,2,5.000000,3.992500,3.000000,0.999972,3.000000,5.000000,5.000000,5.000000,5.000000,5.000000,0.002459,0.000001,0.027334,0.163534,calls/second,milliseconds
1778666849,2,5.000000,3.992500,3.000000,0.999972,3.000000,5.000000,5.000000,5.000000,5.000000,5.000000,0.002456,0.000001,0.027334,0.163534,calls/second,milliseconds
1778666850,2,5.000000,3.992500,3.000000,0.999972,3.000000,5.000000,5.000000,5.000000,5.000000,5.000000,0.002453,0.000001,0.026882,0.162628,calls/second,milliseconds
1778666851,2,5.000000,3.992500,3.000000,0.999972,3.000000,5.000000,5.000000,5.000000,5.000000,5.000000,0.002450,0.000001,0.026882,0.162628,calls/second,milliseconds
1778666852,2,5.000000,3.992500,3.000000,0.999972,3.000000,5.000000,5.000000,5.000000,5.000000,5.000000,0.002447,0.000001,0.026882,0.162628,calls/second,milliseconds
1778666853,2,5.000000,3.992500,3.000000,0.999972,3.000000,5.000000,5.000000,5.000000,5.000000,5.000000,0.002444,0.000001,0.026882,0.162628,calls/second,milliseconds
1778666854,2,5.000000,3.992500,3.000000,0.999972,3.000000,5.000000,5.000000,5.000000,5.000000,5.000000,0.002441,0.000001,0.026882,0.162628,calls/second,milliseconds
1778666855,2,5.000000,3.992500,3.000000,0.999972,3.000000,5.000000,5.000000,5.000000,5.000000,5.000000,0.002438,0.000001,0.026438,0.161727,calls/second,milliseconds
1778666856,2,5.000000,3.992500,3.000000,0.999972,3.000000,5.000000,5.000000,5.000000,5.000000,5.000000,0.002435,0.000001,0.026438,0.161727,calls/second,milliseconds
1778666857,2,5.000000,3.992500,3.000000,0.999972,3.000000,5.000000,5.000000,5.000000,5.000000,5.000000,0.002432,0.000001,0.026438,0.161727,calls/second,milliseconds
1778666858,2,5.000000,3.992500,3.000000,0.999972,3.000000,5.000000,5.000000,5.000000,5.000000,5.000000,0.002429,0.000001,0.026438,0.161727,calls/second,milliseconds
1778666859,2,5.000000,3.992500,3.000000,0.999972,3.000000,5.000000,5.000000,5.000000,5.000000,5.000000,0.002426,0.000001,0.026438,0.161727,calls/second,milliseconds
1778666860,2,5.000000,3.992500,3.000000,0.999972,3.000000,5.000000,5.000000,5.000000,5.000000,5.000000,0.002423,0.000000,0.026001,0.160831,calls/second,milliseconds
1778666861,2,5.000000,3.992500,3.000000,0.999972,3.000000,5.000000,5.000000,5.000000,5.000000,5.000000,0.002420,0.000000,0.026001,0.160831,calls/second,milliseconds
1778666862,2,5.000000,3.992500,3.000000,0.999972,3.000000,5.000000,5.000000,5.000000,5.000000,5.000000,0.002417,0.000000,0.026001,0.160831,calls/second,milliseconds
1778666863,2,5.000000,3.992500,3.000000,0.999972,3.000000,5.000000,5.000000,5.000000,5.000000,5.000000,0.002415,0.000000,0.026001,0.160831,calls/second,milliseconds
1778666864,2,5.000000,3.992500,3.000000,0.999972,3.000000,5.000000,5.000000,5.000000,5.000000,5.000000,0.002412,0.000000,0.026001,0.160831,calls/second,milliseconds
1778666865,2,5.000000,3.992500,3.000000,0.999972,3.000000,5.000000,5.000000,5.000000,5.000000,5.000000,0.002409,0.000000,0.025571,0.159940,calls/second,milliseconds
1778666866,2,5.000000,3.992500,3.000000,0.999972,3.000000,5.000000,5.000000,5.000000,5.000000,5.000000,0.002406,0.000000,0.025571,0.159940,calls/second,milliseconds
1778666867,2,5.000000,3.992500,3.000000,0.999972,3.000000,5.000000,5.000000,5.000000,5.000000,5.000000,0.002403,0.000000,0.025571,0.159940,calls/second,milliseconds
1778666868,2,5.000000,3.992500,3.000000,0.999972,3.000000,5.000000,5.000000,5.000000,5.000000,5.000000,0.002400,0.000000,0.025571,0.159940,calls/second,milliseconds
1778666869,2,5.000000,3.992500,3.000000,0.999972,3.000000,5.000000,5.000000,5.000000,5.000000,5.000000,0.002397,0.000000,0.025571,0.159940,calls/second,milliseconds
1778666870,2,5.000000,3.992500,3.000000,0.999972,3.000000,5.000000,5.000000,5.000000,5.000000,5.000000,0.002394,0.000000,0.025148,0.159054,calls/second,milliseconds
1778666871,2,5.000000,3.992500,3.000000,0.999972,3.000000,5.000000,5.000000,5.000000,5.000000,5.000000,0.002391,0.000000,0.025148,0.159054,calls/second,milliseconds
1778666872,2,5.000000,3.992500,3.000000,0.999972,3.000000,5.000000,5.000000,5.000000,5.000000,5.000000,0.002389,0.000000,0.025148,0.159054,calls/second,milliseconds
1778666873,2,5.000000,3.992500,3.000000,0.999972,3.000000,5.000000,5.000000,5.000000,5.000000,5.000000,0.002386,0.000000,0.025148,0.159054,calls/second,milliseconds
1778666874,2,5.000000,3.992500,3.000000,0.999972,3.000000,5.000000,5.000000,5.000000,5.000000,5.000000,0.002383,0.000000,0.025148,0.159054,calls/second,milliseconds
1778666875,2,5.000000,3.992500,3.000000,0.999972,3.000000,5.000000,5.000000,5.000000,5.000000,5.000000,0.002380,0.000000,0.024733,0.158173,calls/second,milliseconds
1778666876,2,5.000000,3.992500,3.000000,0.999972,3.000000,5.000000,5.000000,5.000000,5.000000,5.000000,0.002377,0.000000,0.024733,0.158173,calls/second,milliseconds
1778666877,2,5.000000,3.992500,3.000000,0.999972,3.000000,5.000000,5.000000,5.000000,5.000000,5.000000,0.002374,0.000000,0.024733,0.158173,calls/second,milliseconds
1778666878,2,5.000000,3.992500,3.000000,0.999972,3.000000,5.000000,5.000000,5.000000,5.000000,5.000000,0.002371,0.000000,0.024733,0.158173,calls/second,milliseconds
1778666879,2,5.000000,3.992500,3.000000,0.999972,3.000000,5.000000,5.000000,5.000000,5.000000,5.000000,0.002369,0.000000,0.024733,0.158173,calls/second,milliseconds
1778666880,2,5.000000,3.992500,3.000000,0.999972,3.000000,5.000000,5.000000,5.000000,5.000000,5.000000,0.002366,0.000000,0.024324,0.157296,calls/second,milliseconds
1778666881,2,5.000000,3.992500,3.000000,0.999972,3.000000,5.000000,5.000000,5.000000,5.000000,5.000000,0.002363,0.000000,0.024324,0.157296,calls/second,milliseconds
1778666882,2,5.000000,3.992500,3.000000,0.999972,3.000000,5.000000,5.000000,5.000000,5.000000,5.000000,0.002360,0.000000,0.024324,0.157296,calls/second,milliseconds
1778666883,2,5.000000,3.992500,3.000000,0.999972,3.000000,5.000000,5.000000,5.000000,5.000000,5.000000,0.002357,0.000000,0.024324,0.157296,calls/second,milliseconds
1778666884,2,5.000000,3.992500,3.000000,0.999972,3.000000,5.000000,5.000000,5.000000,5.000000,5.000000,0.002355,0.000000,0.024324,0.157296,calls/second,milliseconds
1778666885,2,5.000000,3.992500,3.000000,0.999972,3.000000,5.000000,5.000000,5.000000,5.000000,5.000000,0.002352,0.000000,0.023922,0.156425,calls/second,milliseconds
1778666886,2,5.000000,3.992500,3.000000,0.999972,3.000000,5.000000,5.000000,5.000000,5.000000,5.000000,0.002349,0.000000,0.023922,0.156425,calls/second,milliseconds
1778666887,2,5.000000,3.992500,3.000000,0.999972,3.000000,5.000000,5.000000,5.000000,5.000000,5.000000,0.002346,0.000000,0.023922,0.156425,calls/second,milliseconds
1778666888,2,5.000000,3.992500,3.000000,0.999972,3.000000,5.000000,5.000000,5.000000,5.000000,5.000000,0.002344,0.000000,0.023922,0.156425,calls/second,milliseconds
1778666889,2,5.000000,3.992500,3.000000,0.999972,3.000000,5.000000,5.000000,5.000000,5.000000,5.000000,0.002341,0.000000,0.023922,0.156425,calls/second,milliseconds
1778666890,2,5.000000,3.992500,3.000000,0.999972,3.000000,5.000000,5.000000,5.000000,5.000000,5.000000,0.002338,0.000000,0.023527,0.155558,calls/second,milliseconds
1778666891,2,5.000000,3.992500,3.000000,0.999972,3.000000,5.000000,5.000000,5.000000,5.000000,5.000000,0.002335,0.000000,0.023527,0.155558,calls/second,milliseconds
1778666892,2,5.000000,3.992500,3.000000,0.999972,3.000000,5.000000,5.000000,5.000000,5.000000,5.000000,0.002333,0.000000,0.023527,0.155558,calls/second,milliseconds
1778666893,2,5.000000,3.992500,3.000000,0.999972,3.000000,5.000000,5.000000,5.000000,5.000000,5.000000,0.002330,0.000000,0.023527,0.155558,calls/second,milliseconds
1778666894,2,5.000000,3.992500,3.000000,0.999972,3.000000,5.000000,5.000000,5.000000,5.000000,5.000000,0.002327,0.000000,0.023527,0.155558,calls/second,milliseconds
1778666896,2,5.000000,3.992500,3.000000,0.999972,3.000000,5.000000,5.000000,5.000000,5.000000,5.000000,0.002325,0.000000,0.023138,0.154696,calls/second,milliseconds
1778666897,2,5.000000,3.992500,3.000000,0.999972,3.000000,5.000000,5.000000,5.000000,5.000000,5.000000,0.002322,0.000000,0.023138,0.154696,calls/second,milliseconds
1778666898,2,5.000000,3.992500,3.000000,0.999972,3.000000,5.000000,5.000000,5.000000,5.000000,5.000000,0.002319,0.000000,0.023138,0.154696,calls/second,milliseconds
1778666899,2,5.000000,3.992500,3.000000,0.999972,3.000000,5.000000,5.000000,5.000000,5.000000,5.000000,0.002316,0.000000,0.023138,0.154696,calls/second,milliseconds
1778666900,2,5.000000,3.992500,3.000000,0.999972,3.000000,5.000000,5.000000,5.000000,5.000000,5.000000,0.002314,0.000000,0.023138,0.154696,calls/second,milliseconds
1778666901,2,5.000000,3.992500,3.000000,0.999972,3.000000,5.000000,5.000000,5.000000,5.000000,5.000000,0.002311,0.000000,0.022755,0.153839,calls/second,milliseconds
1778666902,2,5.000000,3.992500,3.000000,0.999972,3.000000,5.000000,5.000000,5.000000,5.000000,5.000000,0.002308,0.000000,0.022755,0.153839,calls/second,milliseconds
1778666903,2,5.000000,3.992500,3.000000,0.999972,3.000000,5.000000,5.000000,5.000000,5.000000,5.000000,0.002306,0.000000,0.022755,0.153839,calls/second,milliseconds
1778666904,2,5.000000,3.992500,3.000000,0.999972,3.000000,5.000000,5.000000,5.000000,5.000000,5.000000,0.002303,0.000000,0.022755,0.153839,calls/second,milliseconds
1778666905,2,5.000000,3.992500,3.000000,0.999972,3.000000,5.000000,5.000000,5.000000,5.000000,5.000000,0.002300,0.000000,0.022755,0.153839,calls/second,milliseconds
1778666906,2,5.000000,3.992500,3.000000,0.999972,3.000000,5.000000,5.000000,5.000000,5.000000,5.000000,0.002298,0.000000,0.022379,0.152987,calls/second,milliseconds
1778666907,2,5.000000,3.992500,3.000000,0.999972,3.000000,5.000000,5.000000,5.000000,5.000000,5.000000,0.002295,0.000000,0.022379,0.152987,calls/second,milliseconds
1778666908,2,5.000000,3.992500,3.000000,0.999972,3.000000,5.000000,5.000000,5.000000,5.000000,5.000000,0.002292,0.000000,0.022379,0.152987,calls/second,milliseconds
1778666909,2,5.000000,3.992500,3.000000,0.999972,3.000000,5.000000,5.000000,5.000000,5.000000,5.000000,0.002290,0.000000,0.022379,0.152987,calls/second,milliseconds
1778666910,2,5.000000,3.992500,3.000000,0.999972,3.000000,5.000000,5.000000,5.000000,5.000000,5.000000,0.002287,0.000000,0.022379,0.152987,calls/second,milliseconds
1778666911,2,5.000000,3.992500,3.000000,0.999972,3.000000,5.000000,5.000000,5.000000,5.000000,5.000000,0.002285,0.000000,0.022009,0.152140,calls/second,milliseconds
1778666912,2,5.000000,3.992500,3.000000,0.999972,3.000000,5.000000,5.000000,5.000000,5.000000,5.000000,0.002282,0.000000,0.022009,0.152140,calls/second,milliseconds
1778666913,2,5.000000,3.992500,3.000000,0.999972,3.000000,5.000000,5.000000,5.000000,5.000000,5.000000,0.002279,0.000000,0.022009,0.152140,calls/second,milliseconds
1778666914,2,5.000000,3.992500,3.000000,0.999972,3.000000,5.000000,5.000000,5.000000,5.000000,5.000000,0.002277,0.000000,0.022009,0.152140,calls/second,milliseconds
1778666915,2,5.000000,3.992500,3.000000,0.999972,3.000000,5.000000,5.000000,5.000000,5.000000,5.000000,0.002274,0.000000,0.022009,0.152140,calls/second,milliseconds
1778666916,2,5.000000,3.992500,3.000000,0.999972,3.000000,5.000000,5.000000,5.000000,5.000000,5.000000,0.002272,0.000000,0.021646,0.151297,calls/second,milliseconds
1778666917,2,5.000000,3.992500,3.000000,0.999972,3.000000,5.000000,5.000000,5.000000,5.000000,5.000000,0.002269,0.000000,0.021646,0.151297,calls/second,milliseconds
1778666918,2,5.000000,3.992500,3.000000,0.999972,3.000000,5.000000,5.000000,5.000000,5.000000,5.000000,0.002266,0.000000,0.021646,0.151297,calls/second,milliseconds
1778666919,2,5.000000,3.992500,3.000000,0.999972,3.000000,5.000000,5.000000,5.000000,5.000000,5.000000,0.002264,0.000000,0.021646,0.151297,calls/second,milliseconds
1778666920,2,5.000000,3.992500,3.000000,0.999972,3.000000,5.000000,5.000000,5.000000,5.000000,5.000000,0.002261,0.000000,0.021646,0.151297,calls/second,milliseconds
1778666921,2,5.000000,3.992500,3.000000,0.999972,3.000000,5.000000,5.000000,5.000000,5.000000,5.000000,0.002259,0.000000,0.021288,0.150458,calls/second,milliseconds
1778666922,2,5.000000,3.992500,3.000000,0.999972,3.000000,5.000000,5.000000,5.000000,5.000000,5.000000,0.002256,0.000000,0.021288,0.150458,calls/second,milliseconds
1778666923,2,5.000000,3.992500,3.000000,0.999972,3.000000,5.000000,5.000000,5.000000,5.000000,5.000000,0.002254,0.000000,0.021288,0.150458,calls/second,milliseconds
1778666924,2,5.000000,3.992500,3.000000,0.999972,3.000000,5.000000,5.000000,5.000000,5.000000,5.000000,0.002251,0.000000,0.021288,0.150458,calls/second,milliseconds
1778666925,2,5.000000,3.992500,3.000000,0.999972,3.000000,5.000000,5.000000,5.000000,5.000000,5.000000,0.002249,0.000000,0.021288,0.150458,calls/second,milliseconds
1778666926,2,5.000000,3.992500,3.000000,0.999972,3.000000,5.000000,5.000000,5.000000,5.000000,5.000000,0.002246,0.000000,0.020936,0.149625,calls/second,milliseconds
1778666927,2,5.000000,3.992500,3.000000,0.999972,3.000000,5.000000,5.000000,5.000000,5.000000,5.000000,0.002244,0.000000,0.020936,0.149625,calls/second,milliseconds
1778666928,2,5.000000,3.992500,3.000000,0.999972,3.000000,5.000000,5.000000,5.000000,5.000000,5.000000,0.002241,0.000000,0.020936,0.149625,calls/second,milliseconds
1778666929,2,5.000000,3.992500,3.000000,0.999972,3.000000,5.000000,5.000000,5.000000,5.000000,5.000000,0.002239,0.000000,0.020936,0.149625,calls/second,milliseconds
1778666930,2,5.000000,3.992500,3.000000,0.999972,3.000000,5.000000,5.000000,5.000000,5.000000,5.000000,0.002236,0.000000,0.020936,0.149625,calls/second,milliseconds
1778666931,2,5.000000,3.992500,3.000000,0.999972,3.000000,5.000000,5.000000,5.000000,5.000000,5.000000,0.002233,0.000000,0.020590,0.148796,calls/second,milliseconds
1778666932,2,5.000000,3.992500,3.000000,0.999972,3.000000,5.000000,5.000000,5.000000,5.000000,5.000000,0.002231,0.000000,0.020590,0.148796,calls/second,milliseconds
1778666933,2,5.000000,3.992500,3.000000,0.999972,3.000000,5.000000,5.000000,5.000000,5.000000,5.000000,0.002229,0.000000,0.020590,0.148796,calls/second,milliseconds
1778666934,2,5.000000,3.992500,3.000000,0.999972,3.000000,5.000000,5.000000,5.000000,5.000000,5.000000,0.002226,0.000000,0.020590,0.148796,calls/second,milliseconds
1778666935,2,5.000000,3.992500,3.000000,0.999972,3.000000,5.000000,5.000000,5.000000,5.000000,5.000000,0.002224,0.000000,0.020590,0.148796,calls/second,milliseconds
1778666936,2,5.000000,3.992500,3.000000,0.999972,3.000000,5.000000,5.000000,5.000000,5.000000,5.000000,0.002221,0.000000,0.020250,0.147972,calls/second,milliseconds
1778666937,2,5.000000,3.992500,3.000000,0.999972,3.000000,5.000000,5.000000,5.000000,5.000000,5.000000,0.002219,0.000000,0.020250,0.147972,calls/second,milliseconds
1778666938,2,5.000000,3.992500,3.000000,0.999972,3.000000,5.000000,5.000000,5.000000,5.000000,5.000000,0.002216,0.000000,0.020250,0.147972,calls/second,milliseconds
1778666939,2,5.000000,3.992500,3.000000,0.999972,3.000000,5.000000,5.000000,5.000000,5.000000,5.000000,0.002214,0.000000,0.020250,0.147972,calls/second,milliseconds
1778666940,2,5.000000,3.992500,3.000000,0.999972,3.000000,5.000000,5.000000,5.000000,5.000000,5.000000,0.002211,0.000000,0.020250,0.147972,calls/second,milliseconds
1778666941,2,5.000000,3.992500,3.000000,0.999972,3.000000,5.000000,5.000000,5.000000,5.000000,5.000000,0.002209,0.000000,0.019915,0.147152,calls/second,milliseconds
1778666942,2,5.000000,3.992500,3.000000,0.999972,3.000000,5.000000,5.000000,5.000000,5.000000,5.000000,0.002206,0.000000,0.019915,0.147152,calls/second,milliseconds
1778666943,2,5.000000,3.992500,3.000000,0.999972,3.000000,5.000000,5.000000,5.000000,5.000000,5.000000,0.002204,0.000000,0.019915,0.147152,calls/second,milliseconds
1778666944,2,5.000000,3.992500,3.000000,0.999972,3.000000,5.000000,5.000000,5.000000,5.000000,5.000000,0.002201,0.000000,0.019915,0.147152,calls/second,milliseconds
1778666945,2,5.000000,3.992500,3.000000,0.999972,3.000000,5.000000,5.000000,5.000000,5.000000,5.000000,0.002199,0.000000,0.019915,0.147152,calls/second,milliseconds
1778666946,2,5.000000,3.992500,3.000000,0.999972,3.000000,5.000000,5.000000,5.000000,5.000000,5.000000,0.002197,0.000000,0.019586,0.146337,calls/second,milliseconds
1778666947,2,5.000000,3.992500,3.000000,0.999972,3.000000,5.000000,5.000000,5.000000,5.000000,5.000000,0.002194,0.000000,0.019586,0.146337,calls/second,milliseconds
1778666948,2,5.000000,3.992500,3.000000,0.999972,3.000000,5.000000,5.000000,5.000000,5.000000,5.000000,0.002192,0.000000,0.019586,0.146337,calls/second,milliseconds
1778666949,2,5.000000,3.992500,3.000000,0.999972,3.000000,5.000000,5.000000,5.000000,5.000000,5.000000,0.002189,0.000000,0.019586,0.146337,calls/second,milliseconds
1778666950,2,5.000000,3.992500,3.000000,0.999972,3.000000,5.000000,5.000000,5.000000,5.000000,5.000000,0.002187,0.000000,0.019586,0.146337,calls/second,milliseconds
1778666951,2,5.000000,3.992500,3.000000,0.999972,3.000000,5.000000,5.000000,5.000000,5.000000,5.000000,0.002185,0.000000,0.019262,0.145526,calls/second,milliseconds
1778666952,2,5.000000,3.992500,3.000000,0.999972,3.000000,5.000000,5.000000,5.000000,5.000000,5.000000,0.002182,0.000000,0.019262,0.145526,calls/second,milliseconds
1778666953,2,5.000000,3.992500,3.000000,0.999972,3.000000,5.000000,5.000000,5.000000,5.000000,5.000000,0.002180,0.000000,0.019262,0.145526,calls/second,milliseconds
1778666954,2,5.000000,3.992500,3.000000,0.999972,3.000000,5.000000,5.000000,5.000000,5.000000,5.000000,0.002177,0.000000,0.019262,0.145526,calls/second,milliseconds
1778666955,2,5.000000,3.992500,3.000000,0.999972,3.000000,5.000000,5.000000,5.000000,5.000000,5.000000,0.002175,0.000000,0.019262,0.145526,calls/second,milliseconds
1778666956,2,5.000000,3.992500,3.000000,0.999972,3.000000,5.000000,5.000000,5.000000,5.000000,5.000000,0.002173,0.000000,0.018944,0.144720,calls/second,milliseconds
1778666957,2,5.000000,3.992500,3.000000,0.999972,3.000000,5.000000,5.000000,5.000000,5.000000,5.000000,0.002170,0.000000,0.018944,0.144720,calls/second,milliseconds
1778666958,2,5.000000,3.992500,3.000000,0.999972,3.000000,5.000000,5.000000,5.000000,5.000000,5.000000,0.002168,0.000000,0.018944,0.144720,calls/second,milliseconds
1778666959,2,5.000000,3.992500,3.000000,0.999972,3.000000,5.000000,5.000000,5.000000,5.000000,5.000000,0.002166,0.000000,0.018944,0.144720,calls/second,milliseconds
1778666960,2,5.000000,3.992500,3.000000,0.999972,3.000000,5.000000,5.000000,5.000000,5.000000,5.000000,0.002163,0.000000,0.018944,0.144720,calls/second,milliseconds
1778666961,2,5.000000,3.992500,3.000000,0.999972,3.000000,5.000000,5.000000,5.000000,5.000000,5.000000,0.002161,0.000000,0.018630,0.143918,calls/second,milliseconds
1778666962,2,5.000000,3.992500,3.000000,0.999972,3.000000,5.000000,5.000000,5.000000,5.000000,5.000000,0.002159,0.000000,0.018630,0.143918,calls/second,milliseconds
1778666963,2,5.000000,3.992500,3.000000,0.999972,3.000000,5.000000,5.000000,5.000000,5.000000,5.000000,0.002156,0.000000,0.018630,0.143918,calls/second,milliseconds
1778666964,2,5.000000,3.992500,3.000000,0.999972,3.000000,5.000000,5.000000,5.000000,5.000000,5.000000,0.002154,0.000000,0.018630,0.143918,calls/second,milliseconds
1778666965,2,5.000000,3.992500,3.000000,0.999972,3.000000,5.000000,5.000000,5.000000,5.000000,5.000000,0.002152,0.000000,0.018630,0.143918,calls/second,milliseconds
1778666966,2,5.000000,3.992500,3.000000,0.999972,3.000000,5.000000,5.000000,5.000000,5.000000,5.000000,0.002149,0.000000,0.018323,0.143120,calls/second,milliseconds
1778666967,2,5.000000,3.992500,3.000000,0.999972,3.000000,5.000000,5.000000,5.000000,5.000000,5.000000,0.002147,0.000000,0.018323,0.143120,calls/second,milliseconds
1778666968,2,5.000000,3.992500,3.000000,0.999972,3.000000,5.000000,5.000000,5.000000,5.000000,5.000000,0.002145,0.000000,0.018323,0.143120,calls/second,milliseconds
1778666969,2,5.000000,3.992500,3.000000,0.999972,3.000000,5.000000,5.000000,5.000000,5.000000,5.000000,0.002142,0.000000,0.018323,0.143120,calls/second,milliseconds
1778666970,2,5.000000,3.992500,3.000000,0.999972,3.000000,5.000000,5.000000,5.000000,5.000000,5.000000,0.002140,0.000000,0.018323,0.143120,calls/second,milliseconds
1778666971,2,5.000000,3.992500,3.000000,0.999972,3.000000,5.000000,5.000000,5.000000,5.000000,5.000000,0.002138,0.000000,0.018020,0.142328,calls/second,milliseconds
1778666972,2,5.000000,3.992500,3.000000,0.999972,3.000000,5.000000,5.000000,5.000000,5.000000,5.000000,0.002136,0.000000,0.018020,0.142328,calls/second,milliseconds
1778666973,2,5.000000,3.992500,3.000000,0.999972,3.000000,5.000000,5.000000,5.000000,5.000000,5.000000,0.002133,0.000000,0.018020,0.142328,calls/second,milliseconds
1778666974,2,5.000000,3.992500,3.000000,0.999972,3.000000,5.000000,5.000000,5.000000,5.000000,5.000000,0.002131,0.000000,0.018020,0.142328,calls/second,milliseconds
1778666975,2,5.000000,3.992500,3.000000,0.999972,3.000000,5.000000,5.000000,5.000000,5.000000,5.000000,0.002129,0.000000,0.018020,0.142328,calls/second,milliseconds
1778666976,2,5.000000,3.992500,3.000000,0.999972,3.000000,5.000000,5.000000,5.000000,5.000000,5.000000,0.002126,0.000000,0.017722,0.141539,calls/second,milliseconds
1778666977,2,5.000000,3.992500,3.000000,0.999972,3.000000,5.000000,5.000000,5.000000,5.000000,5.000000,0.002124,0.000000,0.017722,0.141539,calls/second,milliseconds
1778666978,2,5.000000,3.992500,3.000000,0.999972,3.000000,5.000000,5.000000,5.000000,5.000000,5.000000,0.002122,0.000000,0.017722,0.141539,calls/second,milliseconds
1778666979,2,5.000000,3.992500,3.000000,0.999972,3.000000,5.000000,5.000000,5.000000,5.000000,5.000000,0.002120,0.000000,0.017722,0.141539,calls/second,milliseconds
1778666980,2,5.000000,3.992500,3.000000,0.999972,3.000000,5.000000,5.000000,5.000000,5.000000,5.000000,0.002117,0.000000,0.017722,0.141539,calls/second,milliseconds
1778666981,2,5.000000,3.992500,3.000000,0.999972,3.000000,5.000000,5.000000,5.000000,5.000000,5.000000,0.002115,0.000000,0.017429,0.140755,calls/second,milliseconds
1778666982,2,5.000000,3.992500,3.000000,0.999972,3.000000,5.000000,5.000000,5.000000,5.000000,5.000000,0.002113,0.000000,0.017429,0.140755,calls/second,milliseconds
1778666983,2,5.000000,3.992500,3.000000,0.999972,3.000000,5.000000,5.000000,5.000000,5.000000,5.000000,0.002111,0.000000,0.017429,0.140755,calls/second,milliseconds
1778666984,2,5.000000,3.992500,3.000000,0.999972,3.000000,5.000000,5.000000,5.000000,5.000000,5.000000,0.002108,0.000000,0.017429,0.140755,calls/second,milliseconds
1778666985,2,5.000000,3.992500,3.000000,0.999972,3.000000,5.000000,5.000000,5.000000,5.000000,5.000000,0.002106,0.000000,0.017429,0.140755,calls/second,milliseconds
1778666986,2,5.000000,3.992500,3.000000,0.999972,3.000000,5.000000,5.000000,5.000000,5.000000,5.000000,0.002104,0.000000,0.017141,0.139975,calls/second,milliseconds
1778666987,2,5.000000,3.992500,3.000000,0.999972,3.000000,5.000000,5.000000,5.000000,5.000000,5.000000,0.002102,0.000000,0.017141,0.139975,calls/second,milliseconds
1778666988,2,5.000000,3.992500,3.000000,0.999972,3.000000,5.000000,5.000000,5.000000,5.000000,5.000000,0.002100,0.000000,0.017141,0.139975,calls/second,milliseconds
1778666989,2,5.000000,3.992500,3.000000,0.999972,3.000000,5.000000,5.000000,5.000000,5.000000,5.000000,0.002097,0.000000,0.017141,0.139975,calls/second,milliseconds
1778666990,2,5.000000,3.992500,3.000000,0.999972,3.000000,5.000000,5.000000,5.000000,5.000000,5.000000,0.002095,0.000000,0.017141,0.139975,calls/second,milliseconds
1778666991,2,5.000000,3.992500,3.000000,0.999972,3.000000,5.000000,5.000000,5.000000,5.000000,5.000000,0.002093,0.000000,0.016858,0.139200,calls/second,milliseconds
1778666992,2,5.000000,3.992500,3.000000,0.999972,3.000000,5.000000,5.000000,5.000000,5.000000,5.000000,0.002091,0.000000,0.016858,0.139200,calls/second,milliseconds
1778666993,2,5.000000,3.992500,3.000000,0.999972,3.000000,5.000000,5.000000,5.000000,5.000000,5.000000,0.002089,0.000000,0.016858,0.139200,calls/second,milliseconds
1778666994,2,5.000000,3.992500,3.000000,0.999972,3.000000,5.000000,5.000000,5.000000,5.000000,5.000000,0.002086,0.000000,0.016858,0.139200,calls/second,milliseconds
1778666995,2,5.000000,3.992500,3.000000,0.999972,3.000000,5.000000,5.000000,5.000000,5.000000,5.000000,0.002084,0.000000,0.016858,0.139200,calls/second,milliseconds
1778666996,2,5.000000,3.992500,3.000000,0.999972,3.000000,5.000000,5.000000,5.000000,5.000000,5.000000,0.002082,0.000000,0.016579,0.138428,calls/second,milliseconds
1778666997,2,5.000000,3.992500,3.000000,0.999972,3.000000,5.000000,5.000000,5.000000,5.000000,5.000000,0.002080,0.000000,0.016579,0.138428,calls/second,milliseconds
1778666998,2,5.000000,3.992500,3.000000,0.999972,3.000000,5.000000,5.000000,5.000000,5.000000,5.000000,0.002078,0.000000,0.016579,0.138428,calls/second,milliseconds
1778666999,2,5.000000,3.992500,3.000000,0.999972,3.000000,5.000000,5.000000,5.000000,5.000000,5.000000,0.002076,0.000000,0.016579,0.138428,calls/second,milliseconds
