t,count,max,mean,min,stddev,p50,p75,p95,p98,p99,p999,mean_rate,m1_rate,m5_rate,m15_rate,rate_unit,duration_unit
1779785715,1,7.000000,7.000000,7.000000,0.000000,7.000000,7.000000,7.000000,7.000000,7.000000,7.000000,1.358197,0.000000,0.000000,0.000000,calls/second,milliseconds
1779785716,1,7.000000,7.000000,7.000000,0.000000,7.000000,7.000000,7.000000,7.000000,7.000000,7.000000,0.574559,0.000000,0.000000,0.000000,calls/second,milliseconds
1779785717,1,7.000000,7.000000,7.000000,0.000000,7.000000,7.000000,7.000000,7.000000,7.000000,7.000000,0.364342,0.000000,0.000000,0.000000,calls/second,milliseconds
1779785718,1,7.000000,7.000000,7.000000,0.000000,7.000000,7.000000,7.000000,7.000000,7.000000,7.000000,0.266792,0.000000,0.000000,0.000000,calls/second,milliseconds
1779785719,1,7.000000,7.000000,7.000000,0.000000,7.000000,7.000000,7.000000,7.000000,7.000000,7.000000,0.210441,0.000000,0.000000,0.000000,calls/second,milliseconds
1779785720,1,7.000000,7.000000,7.000000,0.000000,7.000000,7.000000,7.000000,7.000000,7.000000,7.000000,0.173741,0.200000,0.200000,0.200000,calls/second,milliseconds
1779785721,1,7.000000,7.000000,7.000000,0.000000,7.000000,7.000000,7.000000,7.000000,7.000000,7.000000,0.147956,0.200000,0.200000,0.200000,calls/second,milliseconds
1779785722,1,7.000000,7.000000,7.000000,0.000000,7.000000,7.000000,7.000000,7.000000,7.000000,7.000000,0.128826,0.200000,0.200000,0.200000,calls/second,milliseconds
1779785723,1,7.000000,7.000000,7.000000,0.000000,7.000000,7.000000,7.000000,7.000000,7.000000,7.000000,0.114081,0.200000,0.200000,0.200000,calls/second,milliseconds
1779785724,1,7.000000,7.000000,7.000000,0.000000,7.000000,7.000000,7.000000,7.000000,7.000000,7.000000,0.102368,0.200000,0.200000,0.200000,calls/second,milliseconds
1779785725,1,7.000000,7.000000,7.000000,0.000000,7.000000,7.000000,7.000000,7.000000,7.000000,7.000000,0.092833,0.184009,0.196694,0.198892,calls/second,milliseconds
1779785726,1,7.000000,7.000000,7.000000,0.000000,7.000000,7.000000,7.000000,7.000000,7.000000,7.000000,0.084928,0.184009,0.196694,0.198892,calls/second,milliseconds
1779785727,1,7.000000,7.000000,7.000000,0.000000,7.000000,7.000000,7.000000,7.000000,7.000000,7.000000,0.078264,0.184009,0.196694,0.198892,calls/second,milliseconds
1779785728,1,7.000000,7.000000,7.000000,0.000000,7.000000,7.000000,7.000000,7.000000,7.000000,7.000000,0.072570,0.184009,0.196694,0.198892,calls/second,milliseconds
1779785729,1,7.000000,7.000000,7.000000,0.000000,7.000000,7.000000,7.000000,7.000000,7.000000,7.000000,0.067649,0.184009,0.196694,0.198892,calls/second,milliseconds
1779785730,1,7.000000,7.000000,7.000000,0.000000,7.000000,7.000000,7.000000,7.000000,7.000000,7.000000,0.063350,0.169296,0.193443,0.197790,calls/second,milliseconds
1779785731,1,7.000000,7.000000,7.000000,0.000000,7.000000,7.000000,7.000000,7.000000,7.000000,7.000000,0.059567,0.169296,0.193443,0.197790,calls/second,milliseconds
1779785732,1,7.000000,7.000000,7.000000,0.000000,7.000000,7.000000,7.000000,7.000000,7.000000,7.000000,0.056210,0.169296,0.193443,0.197790,calls/second,milliseconds
1779785733,1,7.000000,7.000000,7.000000,0.000000,7.000000,7.000000,7.000000,7.000000,7.000000,7.000000,0.053209,0.169296,0.193443,0.197790,calls/second,milliseconds
1779785734,1,7.000000,7.000000,7.000000,0.000000,7.000000,7.000000,7.000000,7.000000,7.000000,7.000000,0.050515,0.169296,0.193443,0.197790,calls/second,milliseconds
1779785735,1,7.000000,7.000000,7.000000,0.000000,7.000000,7.000000,7.000000,7.000000,7.000000,7.000000,0.048080,0.155760,0.190246,0.196694,calls/second,milliseconds
1779785736,1,7.000000,7.000000,7.000000,0.000000,7.000000,7.000000,7.000000,7.000000,7.000000,7.000000,0.045869,0.155760,0.190246,0.196694,calls/second,milliseconds
1779785737,1,7.000000,7.000000,7.000000,0.000000,7.000000,7.000000,7.000000,7.000000,7.000000,7.000000,0.043852,0.155760,0.190246,0.196694,calls/second,milliseconds
1779785738,1,7.000000,7.000000,7.000000,0.000000,7.000000,7.000000,7.000000,7.000000,7.000000,7.000000,0.042006,0.155760,0.190246,0.196694,calls/second,milliseconds
1779785739,1,7.000000,7.000000,7.000000,0.000000,7.000000,7.000000,7.000000,7.000000,7.000000,7.000000,0.040307,0.155760,0.190246,0.196694,calls/second,milliseconds
1779785740,1,7.000000,7.000000,7.000000,0.000000,7.000000,7.000000,7.000000,7.000000,7.000000,7.000000,0.038742,0.143306,0.187101,0.195605,calls/second,milliseconds
1779785741,1,7.000000,7.000000,7.000000,0.000000,7.000000,7.000000,7.000000,7.000000,7.000000,7.000000,0.037294,0.143306,0.187101,0.195605,calls/second,milliseconds
1779785742,1,7.000000,7.000000,7.000000,0.000000,7.000000,7.000000,7.000000,7.000000,7.000000,7.000000,0.035951,0.143306,0.187101,0.195605,calls/second,milliseconds
1779785743,1,7.000000,7.000000,7.000000,0.000000,7.000000,7.000000,7.000000,7.000000,7.000000,7.000000,0.034700,0.143306,0.187101,0.195605,calls/second,milliseconds
1779785744,1,7.000000,7.000000,7.000000,0.000000,7.000000,7.000000,7.000000,7.000000,7.000000,7.000000,0.033533,0.143306,0.187101,0.195605,calls/second,milliseconds
1779785745,1,7.000000,7.000000,7.000000,0.000000,7.000000,7.000000,7.000000,7.000000,7.000000,7.000000,0.032443,0.131848,0.184009,0.194521,calls/second,milliseconds
1779785746,1,7.000000,7.000000,7.000000,0.000000,7.000000,7.000000,7.000000,7.000000,7.000000,7.000000,0.031422,0.131848,0.184009,0.194521,calls/second,milliseconds
1779785747,1,7.000000,7.000000,7.000000,0.000000,7.000000,7.000000,7.000000,7.000000,7.000000,7.000000,0.030462,0.131848,0.184009,0.194521,calls/second,milliseconds
1779785748,1,7.000000,7.000000,7.000000,0.000000,7.000000,7.000000,7.000000,7.000000,7.000000,7.000000,0.029559,0.131848,0.184009,0.194521,calls/second,milliseconds
1779785749,1,7.000000,7.000000,7.000000,0.000000,7.000000,7.000000,7.000000,7.000000,7.000000,7.000000,0.028709,0.131848,0.184009,0.194521,calls/second,milliseconds
1779785750,1,7.000000,7.000000,7.000000,0.000000,7.000000,7.000000,7.000000,7.000000,7.000000,7.000000,0.027906,0.121306,0.180967,0.193443,calls/second,milliseconds
1779785751,1,7.000000,7.000000,7.000000,0.000000,7.000000,7.000000,7.000000,7.000000,7.000000,7.000000,0.027147,0.121306,0.180967,0.193443,calls/second,milliseconds
1779785752,1,7.000000,7.000000,7.000000,0.000000,7.000000,7.000000,7.000000,7.000000,7.000000,7.000000,0.026427,0.121306,0.180967,0.193443,calls/second,milliseconds
1779785753,1,7.000000,7.000000,7.000000,0.000000,7.000000,7.000000,7.000000,7.000000,7.000000,7.000000,0.025745,0.121306,0.180967,0.193443,calls/second,milliseconds
1779785754,1,7.000000,7.000000,7.000000,0.000000,7.000000,7.000000,7.000000,7.000000,7.000000,7.000000,0.025098,0.121306,0.180967,0.193443,calls/second,milliseconds
1779785755,1,7.000000,7.000000,7.000000,0.000000,7.000000,7.000000,7.000000,7.000000,7.000000,7.000000,0.024482,0.111607,0.177976,0.192372,calls/second,milliseconds
1779785756,1,7.000000,7.000000,7.000000,0.000000,7.000000,7.000000,7.000000,7.000000,7.000000,7.000000,0.023895,0.111607,0.177976,0.192372,calls/second,milliseconds
1779785757,1,7.000000,7.000000,7.000000,0.000000,7.000000,7.000000,7.000000,7.000000,7.000000,7.000000,0.023337,0.111607,0.177976,0.192372,calls/second,milliseconds
1779785758,1,7.000000,7.000000,7.000000,0.000000,7.000000,7.000000,7.000000,7.000000,7.000000,7.000000,0.022804,0.111607,0.177976,0.192372,calls/second,milliseconds
1779785759,1,7.000000,7.000000,7.000000,0.000000,7.000000,7.000000,7.000000,7.000000,7.000000,7.000000,0.022294,0.111607,0.177976,0.192372,calls/second,milliseconds
1779785760,1,7.000000,7.000000,7.000000,0.000000,7.000000,7.000000,7.000000,7.000000,7.000000,7.000000,0.021807,0.102683,0.175035,0.191306,calls/second,milliseconds
1779785761,1,7.000000,7.000000,7.000000,0.000000,7.000000,7.000000,7.000000,7.000000,7.000000,7.000000,0.021341,0.102683,0.175035,0.191306,calls/second,milliseconds
1779785762,1,7.000000,7.000000,7.000000,0.000000,7.000000,7.000000,7.000000,7.000000,7.000000,7.000000,0.020894,0.102683,0.175035,0.191306,calls/second,milliseconds
1779785763,1,7.000000,7.000000,7.000000,0.000000,7.000000,7.000000,7.000000,7.000000,7.000000,7.000000,0.020465,0.102683,0.175035,0.191306,calls/second,milliseconds
1779785764,1,7.000000,7.000000,7.000000,0.000000,7.000000,7.000000,7.000000,7.000000,7.000000,7.000000,0.020054,0.102683,0.175035,0.191306,calls/second,milliseconds
1779785765,1,7.000000,7.000000,7.000000,0.000000,7.000000,7.000000,7.000000,7.000000,7.000000,7.000000,0.019658,0.094473,0.172142,0.190246,calls/second,milliseconds
1779785766,1,7.000000,7.000000,7.000000,0.000000,7.000000,7.000000,7.000000,7.000000,7.000000,7.000000,0.019279,0.094473,0.172142,0.190246,calls/second,milliseconds
1779785767,1,7.000000,7.000000,7.000000,0.000000,7.000000,7.000000,7.000000,7.000000,7.000000,7.000000,0.018913,0.094473,0.172142,0.190246,calls/second,milliseconds
1779785768,1,7.000000,7.000000,7.000000,0.000000,7.000000,7.000000,7.000000,7.000000,7.000000,7.000000,0.018561,0.094473,0.172142,0.190246,calls/second,milliseconds
1779785769,1,7.000000,7.000000,7.000000,0.000000,7.000000,7.000000,7.000000,7.000000,7.000000,7.000000,0.018219,0.094473,0.172142,0.190246,calls/second,milliseconds
1779785770,1,7.000000,7.000000,7.000000,0.000000,7.000000,7.000000,7.000000,7.000000,7.000000,7.000000,0.017892,0.086920,0.169296,0.189192,calls/second,milliseconds
1779785771,1,7.000000,7.000000,7.000000,0.000000,7.000000,7.000000,7.000000,7.000000,7.000000,7.000000,0.017577,0.086920,0.169296,0.189192,calls/second,milliseconds
1779785772,1,7.000000,7.000000,7.000000,0.000000,7.000000,7.000000,7.000000,7.000000,7.000000,7.000000,0.017273,0.086920,0.169296,0.189192,calls/second,milliseconds
1779785773,1,7.000000,7.000000,7.000000,0.000000,7.000000,7.000000,7.000000,7.000000,7.000000,7.000000,0.016979,0.086920,0.169296,0.189192,calls/second,milliseconds
1779785774,1,7.000000,7.000000,7.000000,0.000000,7.000000,7.000000,7.000000,7.000000,7.000000,7.000000,0.016695,0.086920,0.169296,0.189192,calls/second,milliseconds
1779785775,1,7.000000,7.000000,7.000000,0.000000,7.000000,7.000000,7.000000,7.000000,7.000000,7.000000,0.016421,0.079970,0.166498,0.188144,calls/second,milliseconds
1779785776,1,7.000000,7.000000,7.000000,0.000000,7.000000,7.000000,7.000000,7.000000,7.000000,7.000000,0.016155,0.079970,0.166498,0.188144,calls/second,milliseconds
1779785777,1,7.000000,7.000000,7.000000,0.000000,7.000000,7.000000,7.000000,7.000000,7.000000,7.000000,0.015897,0.079970,0.166498,0.188144,calls/second,milliseconds
1779785778,1,7.000000,7.000000,7.000000,0.000000,7.000000,7.000000,7.000000,7.000000,7.000000,7.000000,0.015648,0.079970,0.166498,0.188144,calls/second,milliseconds
1779785779,1,7.000000,7.000000,7.000000,0.000000,7.000000,7.000000,7.000000,7.000000,7.000000,7.000000,0.015407,0.079970,0.166498,0.188144,calls/second,milliseconds
1779785780,1,7.000000,7.000000,7.000000,0.000000,7.000000,7.000000,7.000000,7.000000,7.000000,7.000000,0.015172,0.073576,0.163746,0.187101,calls/second,milliseconds
1779785781,1,7.000000,7.000000,7.000000,0.000000,7.000000,7.000000,7.000000,7.000000,7.000000,7.000000,0.014945,0.073576,0.163746,0.187101,calls/second,milliseconds
1779785782,1,7.000000,7.000000,7.000000,0.000000,7.000000,7.000000,7.000000,7.000000,7.000000,7.000000,0.014725,0.073576,0.163746,0.187101,calls/second,milliseconds
1779785783,1,7.000000,7.000000,7.000000,0.000000,7.000000,7.000000,7.000000,7.000000,7.000000,7.000000,0.014511,0.073576,0.163746,0.187101,calls/second,milliseconds
1779785784,1,7.000000,7.000000,7.000000,0.000000,7.000000,7.000000,7.000000,7.000000,7.000000,7.000000,0.014303,0.073576,0.163746,0.187101,calls/second,milliseconds
1779785785,1,7.000000,7.000000,7.000000,0.000000,7.000000,7.000000,7.000000,7.000000,7.000000,7.000000,0.014101,0.067693,0.161040,0.186065,calls/second,milliseconds
1779785786,1,7.000000,7.000000,7.000000,0.000000,7.000000,7.000000,7.000000,7.000000,7.000000,7.000000,0.013904,0.067693,0.161040,0.186065,calls/second,milliseconds
1779785787,1,7.000000,7.000000,7.000000,0.000000,7.000000,7.000000,7.000000,7.000000,7.000000,7.000000,0.013713,0.067693,0.161040,0.186065,calls/second,milliseconds
1779785788,1,7.000000,7.000000,7.000000,0.000000,7.000000,7.000000,7.000000,7.000000,7.000000,7.000000,0.013527,0.067693,0.161040,0.186065,calls/second,milliseconds
1779785789,1,7.000000,7.000000,7.000000,0.000000,7.000000,7.000000,7.000000,7.000000,7.000000,7.000000,0.013346,0.067693,0.161040,0.186065,calls/second,milliseconds
1779785790,1,7.000000,7.000000,7.000000,0.000000,7.000000,7.000000,7.000000,7.000000,7.000000,7.000000,0.013170,0.062281,0.158378,0.185034,calls/second,milliseconds
1779785791,1,7.000000,7.000000,7.000000,0.000000,7.000000,7.000000,7.000000,7.000000,7.000000,7.000000,0.012999,0.062281,0.158378,0.185034,calls/second,milliseconds
1779785792,1,7.000000,7.000000,7.000000,0.000000,7.000000,7.000000,7.000000,7.000000,7.000000,7.000000,0.012832,0.062281,0.158378,0.185034,calls/second,milliseconds
1779785793,1,7.000000,7.000000,7.000000,0.000000,7.000000,7.000000,7.000000,7.000000,7.000000,7.000000,0.012669,0.062281,0.158378,0.185034,calls/second,milliseconds
1779785794,1,7.000000,7.000000,7.000000,0.000000,7.000000,7.000000,7.000000,7.000000,7.000000,7.000000,0.012510,0.062281,0.158378,0.185034,calls/second,milliseconds
1779785795,1,7.000000,7.000000,7.000000,0.000000,7.000000,7.000000,7.000000,7.000000,7.000000,7.000000,0.012355,0.057301,0.155760,0.184009,calls/second,milliseconds
1779785796,1,7.000000,7.000000,7.000000,0.000000,7.000000,7.000000,7.000000,7.000000,7.000000,7.000000,0.012204,0.057301,0.155760,0.184009,calls/second,milliseconds
1779785797,1,7.000000,7.000000,7.000000,0.000000,7.000000,7.000000,7.000000,7.000000,7.000000,7.000000,0.012057,0.057301,0.155760,0.184009,calls/second,milliseconds
1779785798,1,7.000000,7.000000,7.000000,0.000000,7.000000,7.000000,7.000000,7.000000,7.000000,7.000000,0.011913,0.057301,0.155760,0.184009,calls/second,milliseconds
1779785799,1,7.000000,7.000000,7.000000,0.000000,7.000000,7.000000,7.000000,7.000000,7.000000,7.000000,0.011772,0.057301,0.155760,0.184009,calls/second,milliseconds
1779785800,1,7.000000,7.000000,7.000000,0.000000,7.000000,7.000000,7.000000,7.000000,7.000000,7.000000,0.011635,0.052719,0.153186,0.182989,calls/second,milliseconds
1779785801,1,7.000000,7.000000,7.000000,0.000000,7.000000,7.000000,7.000000,7.000000,7.000000,7.000000,0.011501,0.052719,0.153186,0.182989,calls/second,milliseconds
1779785802,1,7.000000,7.000000,7.000000,0.000000,7.000000,7.000000,7.000000,7.000000,7.000000,7.000000,0.011370,0.052719,0.153186,0.182989,calls/second,milliseconds
1779785803,1,7.000000,7.000000,7.000000,0.000000,7.000000,7.000000,7.000000,7.000000,7.000000,7.000000,0.011242,0.052719,0.153186,0.182989,calls/second,milliseconds
1779785804,1,7.000000,7.000000,7.000000,0.000000,7.000000,7.000000,7.000000,7.000000,7.000000,7.000000,0.011117,0.052719,0.153186,0.182989,calls/second,milliseconds
1779785805,1,7.000000,7.000000,7.000000,0.000000,7.000000,7.000000,7.000000,7.000000,7.000000,7.000000,0.010994,0.048504,0.150654,0.181976,calls/second,milliseconds
1779785806,1,7.000000,7.000000,7.000000,0.000000,7.000000,7.000000,7.000000,7.000000,7.000000,7.000000,0.010874,0.048504,0.150654,0.181976,calls/second,milliseconds
1779785807,1,7.000000,7.000000,7.000000,0.000000,7.000000,7.000000,7.000000,7.000000,7.000000,7.000000,0.010757,0.048504,0.150654,0.181976,calls/second,milliseconds
1779785808,1,7.000000,7.000000,7.000000,0.000000,7.000000,7.000000,7.000000,7.000000,7.000000,7.000000,0.010642,0.048504,0.150654,0.181976,calls/second,milliseconds
1779785809,1,7.000000,7.000000,7.000000,0.000000,7.000000,7.000000,7.000000,7.000000,7.000000,7.000000,0.010530,0.048504,0.150654,0.181976,calls/second,milliseconds
1779785810,1,7.000000,7.000000,7.000000,0.000000,7.000000,7.000000,7.000000,7.000000,7.000000,7.000000,0.010420,0.044626,0.148164,0.180967,calls/second,milliseconds
1779785811,1,7.000000,7.000000,7.000000,0.000000,7.000000,7.000000,7.000000,7.000000,7.000000,7.000000,0.010313,0.044626,0.148164,0.180967,calls/second,milliseconds
1779785812,1,7.000000,7.000000,7.000000,0.000000,7.000000,7.000000,7.000000,7.000000,7.000000,7.000000,0.010207,0.044626,0.148164,0.180967,calls/second,milliseconds
1779785813,1,7.000000,7.000000,7.000000,0.000000,7.000000,7.000000,7.000000,7.000000,7.000000,7.000000,0.010104,0.044626,0.148164,0.180967,calls/second,milliseconds
1779785814,1,7.000000,7.000000,7.000000,0.000000,7.000000,7.000000,7.000000,7.000000,7.000000,7.000000,0.010003,0.044626,0.148164,0.180967,calls/second,milliseconds
1779785815,1,7.000000,7.000000,7.000000,0.000000,7.000000,7.000000,7.000000,7.000000,7.000000,7.000000,0.009903,0.041058,0.145715,0.179965,calls/second,milliseconds
1779785816,1,7.000000,7.000000,7.000000,0.000000,7.000000,7.000000,7.000000,7.000000,7.000000,7.000000,0.009806,0.041058,0.145715,0.179965,calls/second,milliseconds
1779785817,1,7.000000,7.000000,7.000000,0.000000,7.000000,7.000000,7.000000,7.000000,7.000000,7.000000,0.009711,0.041058,0.145715,0.179965,calls/second,milliseconds
1779785818,1,7.000000,7.000000,7.000000,0.000000,7.000000,7.000000,7.000000,7.000000,7.000000,7.000000,0.009617,0.041058,0.145715,0.179965,calls/second,milliseconds
1779785819,1,7.000000,7.000000,7.000000,0.000000,7.000000,7.000000,7.000000,7.000000,7.000000,7.000000,0.009525,0.041058,0.145715,0.179965,calls/second,milliseconds
1779785820,1,7.000000,7.000000,7.000000,0.000000,7.000000,7.000000,7.000000,7.000000,7.000000,7.000000,0.009435,0.037775,0.143306,0.178968,calls/second,milliseconds
1779785821,1,7.000000,7.000000,7.000000,0.000000,7.000000,7.000000,7.000000,7.000000,7.000000,7.000000,0.009347,0.037775,0.143306,0.178968,calls/second,milliseconds
1779785822,1,7.000000,7.000000,7.000000,0.000000,7.000000,7.000000,7.000000,7.000000,7.000000,7.000000,0.009260,0.037775,0.143306,0.178968,calls/second,milliseconds
1779785823,1,7.000000,7.000000,7.000000,0.000000,7.000000,7.000000,7.000000,7.000000,7.000000,7.000000,0.009175,0.037775,0.143306,0.178968,calls/second,milliseconds
1779785824,1,7.000000,7.000000,7.000000,0.000000,7.000000,7.000000,7.000000,7.000000,7.000000,7.000000,0.009091,0.037775,0.143306,0.178968,calls/second,milliseconds
1779785825,1,7.000000,7.000000,7.000000,0.000000,7.000000,7.000000,7.000000,7.000000,7.000000,7.000000,0.009009,0.034755,0.140938,0.177976,calls/second,milliseconds
1779785826,1,7.000000,7.000000,7.000000,0.000000,7.000000,7.000000,7.000000,7.000000,7.000000,7.000000,0.008929,0.034755,0.140938,0.177976,calls/second,milliseconds
1779785827,1,7.000000,7.000000,7.000000,0.000000,7.000000,7.000000,7.000000,7.000000,7.000000,7.000000,0.008850,0.034755,0.140938,0.177976,calls/second,milliseconds
1779785828,1,7.000000,7.000000,7.000000,0.000000,7.000000,7.000000,7.000000,7.000000,7.000000,7.000000,0.008772,0.034755,0.140938,0.177976,calls/second,milliseconds
1779785829,1,7.000000,7.000000,7.000000,0.000000,7.000000,7.000000,7.000000,7.000000,7.000000,7.000000,0.008695,0.031976,0.138608,0.176990,calls/second,milliseconds
1779785830,1,7.000000,7.000000,7.000000,0.000000,7.000000,7.000000,7.000000,7.000000,7.000000,7.000000,0.008620,0.031976,0.138608,0.176990,calls/second,milliseconds
1779785831,1,7.000000,7.000000,7.000000,0.000000,7.000000,7.000000,7.000000,7.000000,7.000000,7.000000,0.008547,0.031976,0.138608,0.176990,calls/second,milliseconds
1779785832,1,7.000000,7.000000,7.000000,0.000000,7.000000,7.000000,7.000000,7.000000,7.000000,7.000000,0.008474,0.031976,0.138608,0.176990,calls/second,milliseconds
1779785833,1,7.000000,7.000000,7.000000,0.000000,7.000000,7.000000,7.000000,7.000000,7.000000,7.000000,0.008403,0.031976,0.138608,0.176990,calls/second,milliseconds
1779785834,1,7.000000,7.000000,7.000000,0.000000,7.000000,7.000000,7.000000,7.000000,7.000000,7.000000,0.008333,0.029419,0.136317,0.176010,calls/second,milliseconds
1779785835,1,7.000000,7.000000,7.000000,0.000000,7.000000,7.000000,7.000000,7.000000,7.000000,7.000000,0.008264,0.029419,0.136317,0.176010,calls/second,milliseconds
1779785836,1,7.000000,7.000000,7.000000,0.000000,7.000000,7.000000,7.000000,7.000000,7.000000,7.000000,0.008196,0.029419,0.136317,0.176010,calls/second,milliseconds
1779785837,1,7.000000,7.000000,7.000000,0.000000,7.000000,7.000000,7.000000,7.000000,7.000000,7.000000,0.008129,0.029419,0.136317,0.176010,calls/second,milliseconds
1779785838,1,7.000000,7.000000,7.000000,0.000000,7.000000,7.000000,7.000000,7.000000,7.000000,7.000000,0.008063,0.029419,0.136317,0.176010,calls/second,milliseconds
1779785839,1,7.000000,7.000000,7.000000,0.000000,7.000000,7.000000,7.000000,7.000000,7.000000,7.000000,0.007999,0.027067,0.134064,0.175035,calls/second,milliseconds
1779785840,1,7.000000,7.000000,7.000000,0.000000,7.000000,7.000000,7.000000,7.000000,7.000000,7.000000,0.007935,0.027067,0.134064,0.175035,calls/second,milliseconds
1779785841,1,7.000000,7.000000,7.000000,0.000000,7.000000,7.000000,7.000000,7.000000,7.000000,7.000000,0.007873,0.027067,0.134064,0.175035,calls/second,milliseconds
1779785842,1,7.000000,7.000000,7.000000,0.000000,7.000000,7.000000,7.000000,7.000000,7.000000,7.000000,0.007811,0.027067,0.134064,0.175035,calls/second,milliseconds
1779785843,1,7.000000,7.000000,7.000000,0.000000,7.000000,7.000000,7.000000,7.000000,7.000000,7.000000,0.007750,0.027067,0.134064,0.175035,calls/second,milliseconds
1779785844,1,7.000000,7.000000,7.000000,0.000000,7.000000,7.000000,7.000000,7.000000,7.000000,7.000000,0.007691,0.024903,0.131848,0.174065,calls/second,milliseconds
1779785845,1,7.000000,7.000000,7.000000,0.000000,7.000000,7.000000,7.000000,7.000000,7.000000,7.000000,0.007632,0.024903,0.131848,0.174065,calls/second,milliseconds
1779785846,1,7.000000,7.000000,7.000000,0.000000,7.000000,7.000000,7.000000,7.000000,7.000000,7.000000,0.007574,0.024903,0.131848,0.174065,calls/second,milliseconds
1779785847,1,7.000000,7.000000,7.000000,0.000000,7.000000,7.000000,7.000000,7.000000,7.000000,7.000000,0.007517,0.024903,0.131848,0.174065,calls/second,milliseconds
1779785848,1,7.000000,7.000000,7.000000,0.000000,7.000000,7.000000,7.000000,7.000000,7.000000,7.000000,0.007461,0.024903,0.131848,0.174065,calls/second,milliseconds
1779785849,1,7.000000,7.000000,7.000000,0.000000,7.000000,7.000000,7.000000,7.000000,7.000000,7.000000,0.007405,0.022912,0.129669,0.173101,calls/second,milliseconds
1779785850,1,7.000000,7.000000,7.000000,0.000000,7.000000,7.000000,7.000000,7.000000,7.000000,7.000000,0.007351,0.022912,0.129669,0.173101,calls/second,milliseconds
1779785851,1,7.000000,7.000000,7.000000,0.000000,7.000000,7.000000,7.000000,7.000000,7.000000,7.000000,0.007297,0.022912,0.129669,0.173101,calls/second,milliseconds
1779785852,1,7.000000,7.000000,7.000000,0.000000,7.000000,7.000000,7.000000,7.000000,7.000000,7.000000,0.007244,0.022912,0.129669,0.173101,calls/second,milliseconds
1779785853,1,7.000000,7.000000,7.000000,0.000000,7.000000,7.000000,7.000000,7.000000,7.000000,7.000000,0.007192,0.022912,0.129669,0.173101,calls/second,milliseconds
1779785854,1,7.000000,7.000000,7.000000,0.000000,7.000000,7.000000,7.000000,7.000000,7.000000,7.000000,0.007141,0.021080,0.127526,0.172142,calls/second,milliseconds
1779785855,1,7.000000,7.000000,7.000000,0.000000,7.000000,7.000000,7.000000,7.000000,7.000000,7.000000,0.007090,0.021080,0.127526,0.172142,calls/second,milliseconds
1779785856,1,7.000000,7.000000,7.000000,0.000000,7.000000,7.000000,7.000000,7.000000,7.000000,7.000000,0.007040,0.021080,0.127526,0.172142,calls/second,milliseconds
1779785857,1,7.000000,7.000000,7.000000,0.000000,7.000000,7.000000,7.000000,7.000000,7.000000,7.000000,0.006991,0.021080,0.127526,0.172142,calls/second,milliseconds
1779785858,1,7.000000,7.000000,7.000000,0.000000,7.000000,7.000000,7.000000,7.000000,7.000000,7.000000,0.006942,0.021080,0.127526,0.172142,calls/second,milliseconds
1779785859,1,7.000000,7.000000,7.000000,0.000000,7.000000,7.000000,7.000000,7.000000,7.000000,7.000000,0.006894,0.019394,0.125418,0.171188,calls/second,milliseconds
1779785860,1,7.000000,7.000000,7.000000,0.000000,7.000000,7.000000,7.000000,7.000000,7.000000,7.000000,0.006847,0.019394,0.125418,0.171188,calls/second,milliseconds
1779785861,1,7.000000,7.000000,7.000000,0.000000,7.000000,7.000000,7.000000,7.000000,7.000000,7.000000,0.006800,0.019394,0.125418,0.171188,calls/second,milliseconds
1779785862,1,7.000000,7.000000,7.000000,0.000000,7.000000,7.000000,7.000000,7.000000,7.000000,7.000000,0.006754,0.019394,0.125418,0.171188,calls/second,milliseconds
1779785863,1,7.000000,7.000000,7.000000,0.000000,7.000000,7.000000,7.000000,7.000000,7.000000,7.000000,0.006709,0.019394,0.125418,0.171188,calls/second,milliseconds
1779785864,1,7.000000,7.000000,7.000000,0.000000,7.000000,7.000000,7.000000,7.000000,7.000000,7.000000,0.006664,0.017844,0.123345,0.170239,calls/second,milliseconds
1779785865,1,7.000000,7.000000,7.000000,0.000000,7.000000,7.000000,7.000000,7.000000,7.000000,7.000000,0.006620,0.017844,0.123345,0.170239,calls/second,milliseconds
1779785866,1,7.000000,7.000000,7.000000,0.000000,7.000000,7.000000,7.000000,7.000000,7.000000,7.000000,0.006576,0.017844,0.123345,0.170239,calls/second,milliseconds
1779785867,1,7.000000,7.000000,7.000000,0.000000,7.000000,7.000000,7.000000,7.000000,7.000000,7.000000,0.006533,0.017844,0.123345,0.170239,calls/second,milliseconds
1779785868,1,7.000000,7.000000,7.000000,0.000000,7.000000,7.000000,7.000000,7.000000,7.000000,7.000000,0.006491,0.017844,0.123345,0.170239,calls/second,milliseconds
1779785869,1,7.000000,7.000000,7.000000,0.000000,7.000000,7.000000,7.000000,7.000000,7.000000,7.000000,0.006449,0.016417,0.121306,0.169296,calls/second,milliseconds
1779785870,1,7.000000,7.000000,7.000000,0.000000,7.000000,7.000000,7.000000,7.000000,7.000000,7.000000,0.006407,0.016417,0.121306,0.169296,calls/second,milliseconds
1779785871,1,7.000000,7.000000,7.000000,0.000000,7.000000,7.000000,7.000000,7.000000,7.000000,7.000000,0.006366,0.016417,0.121306,0.169296,calls/second,milliseconds
1779785872,1,7.000000,7.000000,7.000000,0.000000,7.000000,7.000000,7.000000,7.000000,7.000000,7.000000,0.006326,0.016417,0.121306,0.169296,calls/second,milliseconds
1779785873,1,7.000000,7.000000,7.000000,0.000000,7.000000,7.000000,7.000000,7.000000,7.000000,7.000000,0.006286,0.016417,0.121306,0.169296,calls/second,milliseconds
1779785874,1,7.000000,7.000000,7.000000,0.000000,7.000000,7.000000,7.000000,7.000000,7.000000,7.000000,0.006247,0.015104,0.119301,0.168358,calls/second,milliseconds
1779785875,1,7.000000,7.000000,7.000000,0.000000,7.000000,7.000000,7.000000,7.000000,7.000000,7.000000,0.006208,0.015104,0.119301,0.168358,calls/second,milliseconds
1779785876,1,7.000000,7.000000,7.000000,0.000000,7.000000,7.000000,7.000000,7.000000,7.000000,7.000000,0.006170,0.015104,0.119301,0.168358,calls/second,milliseconds
1779785877,1,7.000000,7.000000,7.000000,0.000000,7.000000,7.000000,7.000000,7.000000,7.000000,7.000000,0.006132,0.015104,0.119301,0.168358,calls/second,milliseconds
1779785878,1,7.000000,7.000000,7.000000,0.000000,7.000000,7.000000,7.000000,7.000000,7.000000,7.000000,0.006094,0.015104,0.119301,0.168358,calls/second,milliseconds
1779785879,1,7.000000,7.000000,7.000000,0.000000,7.000000,7.000000,7.000000,7.000000,7.000000,7.000000,0.006057,0.013897,0.117329,0.167426,calls/second,milliseconds
1779785880,1,7.000000,7.000000,7.000000,0.000000,7.000000,7.000000,7.000000,7.000000,7.000000,7.000000,0.006021,0.013897,0.117329,0.167426,calls/second,milliseconds
1779785881,1,7.000000,7.000000,7.000000,0.000000,7.000000,7.000000,7.000000,7.000000,7.000000,7.000000,0.005985,0.013897,0.117329,0.167426,calls/second,milliseconds
1779785882,1,7.000000,7.000000,7.000000,0.000000,7.000000,7.000000,7.000000,7.000000,7.000000,7.000000,0.005949,0.013897,0.117329,0.167426,calls/second,milliseconds
1779785883,1,7.000000,7.000000,7.000000,0.000000,7.000000,7.000000,7.000000,7.000000,7.000000,7.000000,0.005914,0.013897,0.117329,0.167426,calls/second,milliseconds
1779785884,1,7.000000,7.000000,7.000000,0.000000,7.000000,7.000000,7.000000,7.000000,7.000000,7.000000,0.005879,0.012786,0.115390,0.166498,calls/second,milliseconds
1779785885,1,7.000000,7.000000,7.000000,0.000000,7.000000,7.000000,7.000000,7.000000,7.000000,7.000000,0.005845,0.012786,0.115390,0.166498,calls/second,milliseconds
1779785886,1,7.000000,7.000000,7.000000,0.000000,7.000000,7.000000,7.000000,7.000000,7.000000,7.000000,0.005811,0.012786,0.115390,0.166498,calls/second,milliseconds
1779785887,1,7.000000,7.000000,7.000000,0.000000,7.000000,7.000000,7.000000,7.000000,7.000000,7.000000,0.005777,0.012786,0.115390,0.166498,calls/second,milliseconds
1779785888,1,7.000000,7.000000,7.000000,0.000000,7.000000,7.000000,7.000000,7.000000,7.000000,7.000000,0.005744,0.012786,0.115390,0.166498,calls/second,milliseconds
1779785889,1,7.000000,7.000000,7.000000,0.000000,7.000000,7.000000,7.000000,7.000000,7.000000,7.000000,0.005711,0.011763,0.113483,0.165576,calls/second,milliseconds
1779785890,1,7.000000,7.000000,7.000000,0.000000,7.000000,7.000000,7.000000,7.000000,7.000000,7.000000,0.005678,0.011763,0.113483,0.165576,calls/second,milliseconds
1779785891,1,7.000000,7.000000,7.000000,0.000000,7.000000,7.000000,7.000000,7.000000,7.000000,7.000000,0.005646,0.011763,0.113483,0.165576,calls/second,milliseconds
1779785892,1,7.000000,7.000000,7.000000,0.000000,7.000000,7.000000,7.000000,7.000000,7.000000,7.000000,0.005615,0.011763,0.113483,0.165576,calls/second,milliseconds
1779785893,1,7.000000,7.000000,7.000000,0.000000,7.000000,7.000000,7.000000,7.000000,7.000000,7.000000,0.005583,0.011763,0.113483,0.165576,calls/second,milliseconds
1779785894,1,7.000000,7.000000,7.000000,0.000000,7.000000,7.000000,7.000000,7.000000,7.000000,7.000000,0.005552,0.010823,0.111607,0.164658,calls/second,milliseconds
1779785895,1,7.000000,7.000000,7.000000,0.000000,7.000000,7.000000,7.000000,7.000000,7.000000,7.000000,0.005521,0.010823,0.111607,0.164658,calls/second,milliseconds
1779785896,1,7.000000,7.000000,7.000000,0.000000,7.000000,7.000000,7.000000,7.000000,7.000000,7.000000,0.005491,0.010823,0.111607,0.164658,calls/second,milliseconds
1779785897,1,7.000000,7.000000,7.000000,0.000000,7.000000,7.000000,7.000000,7.000000,7.000000,7.000000,0.005461,0.010823,0.111607,0.164658,calls/second,milliseconds
1779785898,1,7.000000,7.000000,7.000000,0.000000,7.000000,7.000000,7.000000,7.000000,7.000000,7.000000,0.005431,0.010823,0.111607,0.164658,calls/second,milliseconds
1779785899,1,7.000000,7.000000,7.000000,0.000000,7.000000,7.000000,7.000000,7.000000,7.000000,7.000000,0.005402,0.009957,0.109762,0.163746,calls/second,milliseconds
1779785900,1,7.000000,7.000000,7.000000,0.000000,7.000000,7.000000,7.000000,7.000000,7.000000,7.000000,0.005373,0.009957,0.109762,0.163746,calls/second,milliseconds
1779785901,1,7.000000,7.000000,7.000000,0.000000,7.000000,7.000000,7.000000,7.000000,7.000000,7.000000,0.005344,0.009957,0.109762,0.163746,calls/second,milliseconds
1779785902,1,7.000000,7.000000,7.000000,0.000000,7.000000,7.000000,7.000000,7.000000,7.000000,7.000000,0.005316,0.009957,0.109762,0.163746,calls/second,milliseconds
1779785903,1,7.000000,7.000000,7.000000,0.000000,7.000000,7.000000,7.000000,7.000000,7.000000,7.000000,0.005288,0.009957,0.109762,0.163746,calls/second,milliseconds
1779785904,1,7.000000,7.000000,7.000000,0.000000,7.000000,7.000000,7.000000,7.000000,7.000000,7.000000,0.005260,0.009161,0.107948,0.162839,calls/second,milliseconds
1779785905,1,7.000000,7.000000,7.000000,0.000000,7.000000,7.000000,7.000000,7.000000,7.000000,7.000000,0.005232,0.009161,0.107948,0.162839,calls/second,milliseconds
1779785906,1,7.000000,7.000000,7.000000,0.000000,7.000000,7.000000,7.000000,7.000000,7.000000,7.000000,0.005205,0.009161,0.107948,0.162839,calls/second,milliseconds
1779785907,1,7.000000,7.000000,7.000000,0.000000,7.000000,7.000000,7.000000,7.000000,7.000000,7.000000,0.005178,0.009161,0.107948,0.162839,calls/second,milliseconds
1779785908,1,7.000000,7.000000,7.000000,0.000000,7.000000,7.000000,7.000000,7.000000,7.000000,7.000000,0.005151,0.009161,0.107948,0.162839,calls/second,milliseconds
1779785909,1,7.000000,7.000000,7.000000,0.000000,7.000000,7.000000,7.000000,7.000000,7.000000,7.000000,0.005125,0.008429,0.106164,0.161937,calls/second,milliseconds
1779785910,1,7.000000,7.000000,7.000000,0.000000,7.000000,7.000000,7.000000,7.000000,7.000000,7.000000,0.005098,0.008429,0.106164,0.161937,calls/second,milliseconds
1779785911,1,7.000000,7.000000,7.000000,0.000000,7.000000,7.000000,7.000000,7.000000,7.000000,7.000000,0.005072,0.008429,0.106164,0.161937,calls/second,milliseconds
1779785912,1,7.000000,7.000000,7.000000,0.000000,7.000000,7.000000,7.000000,7.000000,7.000000,7.000000,0.005047,0.008429,0.106164,0.161937,calls/second,milliseconds
1779785913,1,7.000000,7.000000,7.000000,0.000000,7.000000,7.000000,7.000000,7.000000,7.000000,7.000000,0.005021,0.008429,0.106164,0.161937,calls/second,milliseconds
1779785914,1,7.000000,7.000000,7.000000,0.000000,7.000000,7.000000,7.000000,7.000000,7.000000,7.000000,0.004996,0.007755,0.104409,0.161040,calls/second,milliseconds
1779785915,1,7.000000,7.000000,7.000000,0.000000,7.000000,7.000000,7.000000,7.000000,7.000000,7.000000,0.004971,0.007755,0.104409,0.161040,calls/second,milliseconds
1779785916,1,7.000000,7.000000,7.000000,0.000000,7.000000,7.000000,7.000000,7.000000,7.000000,7.000000,0.004947,0.007755,0.104409,0.161040,calls/second,milliseconds
1779785917,1,7.000000,7.000000,7.000000,0.000000,7.000000,7.000000,7.000000,7.000000,7.000000,7.000000,0.004922,0.007755,0.104409,0.161040,calls/second,milliseconds
1779785918,1,7.000000,7.000000,7.000000,0.000000,7.000000,7.000000,7.000000,7.000000,7.000000,7.000000,0.004898,0.007755,0.104409,0.161040,calls/second,milliseconds
1779785919,1,7.000000,7.000000,7.000000,0.000000,7.000000,7.000000,7.000000,7.000000,7.000000,7.000000,0.004874,0.007135,0.102683,0.160147,calls/second,milliseconds
1779785920,1,7.000000,7.000000,7.000000,0.000000,7.000000,7.000000,7.000000,7.000000,7.000000,7.000000,0.004851,0.007135,0.102683,0.160147,calls/second,milliseconds
1779785921,1,7.000000,7.000000,7.000000,0.000000,7.000000,7.000000,7.000000,7.000000,7.000000,7.000000,0.004827,0.007135,0.102683,0.160147,calls/second,milliseconds
1779785922,1,7.000000,7.000000,7.000000,0.000000,7.000000,7.000000,7.000000,7.000000,7.000000,7.000000,0.004804,0.007135,0.102683,0.160147,calls/second,milliseconds
1779785923,1,7.000000,7.000000,7.000000,0.000000,7.000000,7.000000,7.000000,7.000000,7.000000,7.000000,0.004781,0.007135,0.102683,0.160147,calls/second,milliseconds
1779785924,1,7.000000,7.000000,7.000000,0.000000,7.000000,7.000000,7.000000,7.000000,7.000000,7.000000,0.004758,0.006564,0.100986,0.159260,calls/second,milliseconds
1779785925,1,7.000000,7.000000,7.000000,0.000000,7.000000,7.000000,7.000000,7.000000,7.000000,7.000000,0.004736,0.006564,0.100986,0.159260,calls/second,milliseconds
1779785926,1,7.000000,7.000000,7.000000,0.000000,7.000000,7.000000,7.000000,7.000000,7.000000,7.000000,0.004713,0.006564,0.100986,0.159260,calls/second,milliseconds
1779785927,1,7.000000,7.000000,7.000000,0.000000,7.000000,7.000000,7.000000,7.000000,7.000000,7.000000,0.004691,0.006564,0.100986,0.159260,calls/second,milliseconds
1779785928,1,7.000000,7.000000,7.000000,0.000000,7.000000,7.000000,7.000000,7.000000,7.000000,7.000000,0.004669,0.006564,0.100986,0.159260,calls/second,milliseconds
1779785929,1,7.000000,7.000000,7.000000,0.000000,7.000000,7.000000,7.000000,7.000000,7.000000,7.000000,0.004647,0.006039,0.099317,0.158378,calls/second,milliseconds
1779785930,1,7.000000,7.000000,7.000000,0.000000,7.000000,7.000000,7.000000,7.000000,7.000000,7.000000,0.004626,0.006039,0.099317,0.158378,calls/second,milliseconds
1779785931,1,7.000000,7.000000,7.000000,0.000000,7.000000,7.000000,7.000000,7.000000,7.000000,7.000000,0.004605,0.006039,0.099317,0.158378,calls/second,milliseconds
1779785932,1,7.000000,7.000000,7.000000,0.000000,7.000000,7.000000,7.000000,7.000000,7.000000,7.000000,0.004583,0.006039,0.099317,0.158378,calls/second,milliseconds
1779785933,1,7.000000,7.000000,7.000000,0.000000,7.000000,7.000000,7.000000,7.000000,7.000000,7.000000,0.004562,0.006039,0.099317,0.158378,calls/second,milliseconds
1779785934,1,7.000000,7.000000,7.000000,0.000000,7.000000,7.000000,7.000000,7.000000,7.000000,7.000000,0.004542,0.005557,0.097675,0.157500,calls/second,milliseconds
1779785935,1,7.000000,7.000000,7.000000,0.000000,7.000000,7.000000,7.000000,7.000000,7.000000,7.000000,0.004521,0.005557,0.097675,0.157500,calls/second,milliseconds
1779785936,1,7.000000,7.000000,7.000000,0.000000,7.000000,7.000000,7.000000,7.000000,7.000000,7.000000,0.004501,0.005557,0.097675,0.157500,calls/second,milliseconds
1779785937,1,7.000000,7.000000,7.000000,0.000000,7.000000,7.000000,7.000000,7.000000,7.000000,7.000000,0.004481,0.005557,0.097675,0.157500,calls/second,milliseconds
1779785938,1,7.000000,7.000000,7.000000,0.000000,7.000000,7.000000,7.000000,7.000000,7.000000,7.000000,0.004461,0.005557,0.097675,0.157500,calls/second,milliseconds
1779785939,1,7.000000,7.000000,7.000000,0.000000,7.000000,7.000000,7.000000,7.000000,7.000000,7.000000,0.004441,0.005112,0.096061,0.156628,calls/second,milliseconds
1779785940,1,7.000000,7.000000,7.000000,0.000000,7.000000,7.000000,7.000000,7.000000,7.000000,7.000000,0.004421,0.005112,0.096061,0.156628,calls/second,milliseconds
1779785941,1,7.000000,7.000000,7.000000,0.000000,7.000000,7.000000,7.000000,7.000000,7.000000,7.000000,0.004402,0.005112,0.096061,0.156628,calls/second,milliseconds
1779785942,1,7.000000,7.000000,7.000000,0.000000,7.000000,7.000000,7.000000,7.000000,7.000000,7.000000,0.004382,0.005112,0.096061,0.156628,calls/second,milliseconds
1779785943,1,7.000000,7.000000,7.000000,0.000000,7.000000,7.000000,7.000000,7.000000,7.000000,7.000000,0.004363,0.005112,0.096061,0.156628,calls/second,milliseconds
1779785944,1,7.000000,7.000000,7.000000,0.000000,7.000000,7.000000,7.000000,7.000000,7.000000,7.000000,0.004344,0.004704,0.094473,0.155760,calls/second,milliseconds
1779785945,1,7.000000,7.000000,7.000000,0.000000,7.000000,7.000000,7.000000,7.000000,7.000000,7.000000,0.004325,0.004704,0.094473,0.155760,calls/second,milliseconds
1779785946,1,7.000000,7.000000,7.000000,0.000000,7.000000,7.000000,7.000000,7.000000,7.000000,7.000000,0.004307,0.004704,0.094473,0.155760,calls/second,milliseconds
1779785947,1,7.000000,7.000000,7.000000,0.000000,7.000000,7.000000,7.000000,7.000000,7.000000,7.000000,0.004288,0.004704,0.094473,0.155760,calls/second,milliseconds
1779785948,1,7.000000,7.000000,7.000000,0.000000,7.000000,7.000000,7.000000,7.000000,7.000000,7.000000,0.004270,0.004704,0.094473,0.155760,calls/second,milliseconds
1779785949,1,7.000000,7.000000,7.000000,0.000000,7.000000,7.000000,7.000000,7.000000,7.000000,7.000000,0.004252,0.004327,0.092912,0.154897,calls/second,milliseconds
1779785950,1,7.000000,7.000000,7.000000,0.000000,7.000000,7.000000,7.000000,7.000000,7.000000,7.000000,0.004234,0.004327,0.092912,0.154897,calls/second,milliseconds
1779785951,1,7.000000,7.000000,7.000000,0.000000,7.000000,7.000000,7.000000,7.000000,7.000000,7.000000,0.004216,0.004327,0.092912,0.154897,calls/second,milliseconds
1779785952,1,7.000000,7.000000,7.000000,0.000000,7.000000,7.000000,7.000000,7.000000,7.000000,7.000000,0.004198,0.004327,0.092912,0.154897,calls/second,milliseconds
1779785953,1,7.000000,7.000000,7.000000,0.000000,7.000000,7.000000,7.000000,7.000000,7.000000,7.000000,0.004180,0.004327,0.092912,0.154897,calls/second,milliseconds
1779785954,1,7.000000,7.000000,7.000000,0.000000,7.000000,7.000000,7.000000,7.000000,7.000000,7.000000,0.004163,0.003981,0.091376,0.154039,calls/second,milliseconds
1779785955,1,7.000000,7.000000,7.000000,0.000000,7.000000,7.000000,7.000000,7.000000,7.000000,7.000000,0.004146,0.003981,0.091376,0.154039,calls/second,milliseconds
1779785956,1,7.000000,7.000000,7.000000,0.000000,7.000000,7.000000,7.000000,7.000000,7.000000,7.000000,0.004129,0.003981,0.091376,0.154039,calls/second,milliseconds
1779785957,1,7.000000,7.000000,7.000000,0.000000,7.000000,7.000000,7.000000,7.000000,7.000000,7.000000,0.004112,0.003981,0.091376,0.154039,calls/second,milliseconds
1779785958,1,7.000000,7.000000,7.000000,0.000000,7.000000,7.000000,7.000000,7.000000,7.000000,7.000000,0.004095,0.003981,0.091376,0.154039,calls/second,milliseconds
1779785959,1,7.000000,7.000000,7.000000,0.000000,7.000000,7.000000,7.000000,7.000000,7.000000,7.000000,0.004078,0.003663,0.089866,0.153186,calls/second,milliseconds
1779785960,1,7.000000,7.000000,7.000000,0.000000,7.000000,7.000000,7.000000,7.000000,7.000000,7.000000,0.004061,0.003663,0.089866,0.153186,calls/second,milliseconds
1779785961,1,7.000000,7.000000,7.000000,0.000000,7.000000,7.000000,7.000000,7.000000,7.000000,7.000000,0.004045,0.003663,0.089866,0.153186,calls/second,milliseconds
1779785962,1,7.000000,7.000000,7.000000,0.000000,7.000000,7.000000,7.000000,7.000000,7.000000,7.000000,0.004029,0.003663,0.089866,0.153186,calls/second,milliseconds
1779785963,1,7.000000,7.000000,7.000000,0.000000,7.000000,7.000000,7.000000,7.000000,7.000000,7.000000,0.004012,0.003663,0.089866,0.153186,calls/second,milliseconds
1779785964,1,7.000000,7.000000,7.000000,0.000000,7.000000,7.000000,7.000000,7.000000,7.000000,7.000000,0.003996,0.003370,0.088380,0.152337,calls/second,milliseconds
1779785965,1,7.000000,7.000000,7.000000,0.000000,7.000000,7.000000,7.000000,7.000000,7.000000,7.000000,0.003980,0.003370,0.088380,0.152337,calls/second,milliseconds
1779785966,1,7.000000,7.000000,7.000000,0.000000,7.000000,7.000000,7.000000,7.000000,7.000000,7.000000,0.003965,0.003370,0.088380,0.152337,calls/second,milliseconds
1779785967,1,7.000000,7.000000,7.000000,0.000000,7.000000,7.000000,7.000000,7.000000,7.000000,7.000000,0.003949,0.003370,0.088380,0.152337,calls/second,milliseconds
1779785968,1,7.000000,7.000000,7.000000,0.000000,7.000000,7.000000,7.000000,7.000000,7.000000,7.000000,0.003933,0.003370,0.088380,0.152337,calls/second,milliseconds
1779785969,1,7.000000,7.000000,7.000000,0.000000,7.000000,7.000000,7.000000,7.000000,7.000000,7.000000,0.003918,0.003101,0.086920,0.151493,calls/second,milliseconds
1779785970,1,7.000000,7.000000,7.000000,0.000000,7.000000,7.000000,7.000000,7.000000,7.000000,7.000000,0.003903,0.003101,0.086920,0.151493,calls/second,milliseconds
1779785971,1,7.000000,7.000000,7.000000,0.000000,7.000000,7.000000,7.000000,7.000000,7.000000,7.000000,0.003887,0.003101,0.086920,0.151493,calls/second,milliseconds
1779785972,1,7.000000,7.000000,7.000000,0.000000,7.000000,7.000000,7.000000,7.000000,7.000000,7.000000,0.003872,0.003101,0.086920,0.151493,calls/second,milliseconds
1779785973,1,7.000000,7.000000,7.000000,0.000000,7.000000,7.000000,7.000000,7.000000,7.000000,7.000000,0.003857,0.003101,0.086920,0.151493,calls/second,milliseconds
1779785974,1,7.000000,7.000000,7.000000,0.000000,7.000000,7.000000,7.000000,7.000000,7.000000,7.000000,0.003843,0.002853,0.085483,0.150654,calls/second,milliseconds
1779785975,1,7.000000,7.000000,7.000000,0.000000,7.000000,7.000000,7.000000,7.000000,7.000000,7.000000,0.003828,0.002853,0.085483,0.150654,calls/second,milliseconds
1779785976,1,7.000000,7.000000,7.000000,0.000000,7.000000,7.000000,7.000000,7.000000,7.000000,7.000000,0.003813,0.002853,0.085483,0.150654,calls/second,milliseconds
1779785977,1,7.000000,7.000000,7.000000,0.000000,7.000000,7.000000,7.000000,7.000000,7.000000,7.000000,0.003799,0.002853,0.085483,0.150654,calls/second,milliseconds
1779785978,1,7.000000,7.000000,7.000000,0.000000,7.000000,7.000000,7.000000,7.000000,7.000000,7.000000,0.003784,0.002853,0.085483,0.150654,calls/second,milliseconds
1779785979,1,7.000000,7.000000,7.000000,0.000000,7.000000,7.000000,7.000000,7.000000,7.000000,7.000000,0.003770,0.002625,0.084070,0.149819,calls/second,milliseconds
1779785980,1,7.000000,7.000000,7.000000,0.000000,7.000000,7.000000,7.000000,7.000000,7.000000,7.000000,0.003756,0.002625,0.084070,0.149819,calls/second,milliseconds
1779785981,1,7.000000,7.000000,7.000000,0.000000,7.000000,7.000000,7.000000,7.000000,7.000000,7.000000,0.003742,0.002625,0.084070,0.149819,calls/second,milliseconds
1779785982,1,7.000000,7.000000,7.000000,0.000000,7.000000,7.000000,7.000000,7.000000,7.000000,7.000000,0.003728,0.002625,0.084070,0.149819,calls/second,milliseconds
1779785983,1,7.000000,7.000000,7.000000,0.000000,7.000000,7.000000,7.000000,7.000000,7.000000,7.000000,0.003714,0.002625,0.084070,0.149819,calls/second,milliseconds
1779785984,1,7.000000,7.000000,7.000000,0.000000,7.000000,7.000000,7.000000,7.000000,7.000000,7.000000,0.003700,0.002415,0.082681,0.148989,calls/second,milliseconds
1779785985,1,7.000000,7.000000,7.000000,0.000000,7.000000,7.000000,7.000000,7.000000,7.000000,7.000000,0.003686,0.002415,0.082681,0.148989,calls/second,milliseconds
1779785986,1,7.000000,7.000000,7.000000,0.000000,7.000000,7.000000,7.000000,7.000000,7.000000,7.000000,0.003673,0.002415,0.082681,0.148989,calls/second,milliseconds
1779785987,1,7.000000,7.000000,7.000000,0.000000,7.000000,7.000000,7.000000,7.000000,7.000000,7.000000,0.003659,0.002415,0.082681,0.148989,calls/second,milliseconds
1779785988,1,7.000000,7.000000,7.000000,0.000000,7.000000,7.000000,7.000000,7.000000,7.000000,7.000000,0.003646,0.002415,0.082681,0.148989,calls/second,milliseconds
1779785989,1,7.000000,7.000000,7.000000,0.000000,7.000000,7.000000,7.000000,7.000000,7.000000,7.000000,0.003633,0.002222,0.081314,0.148164,calls/second,milliseconds
1779785990,1,7.000000,7.000000,7.000000,0.000000,7.000000,7.000000,7.000000,7.000000,7.000000,7.000000,0.003620,0.002222,0.081314,0.148164,calls/second,milliseconds
1779785991,1,7.000000,7.000000,7.000000,0.000000,7.000000,7.000000,7.000000,7.000000,7.000000,7.000000,0.003607,0.002222,0.081314,0.148164,calls/second,milliseconds
1779785992,1,7.000000,7.000000,7.000000,0.000000,7.000000,7.000000,7.000000,7.000000,7.000000,7.000000,0.003594,0.002222,0.081314,0.148164,calls/second,milliseconds
1779785993,1,7.000000,7.000000,7.000000,0.000000,7.000000,7.000000,7.000000,7.000000,7.000000,7.000000,0.003581,0.002222,0.081314,0.148164,calls/second,milliseconds
1779785994,1,7.000000,7.000000,7.000000,0.000000,7.000000,7.000000,7.000000,7.000000,7.000000,7.000000,0.003568,0.002044,0.079970,0.147343,calls/second,milliseconds
1779785995,1,7.000000,7.000000,7.000000,0.000000,7.000000,7.000000,7.000000,7.000000,7.000000,7.000000,0.003555,0.002044,0.079970,0.147343,calls/second,milliseconds
1779785996,1,7.000000,7.000000,7.000000,0.000000,7.000000,7.000000,7.000000,7.000000,7.000000,7.000000,0.003543,0.002044,0.079970,0.147343,calls/second,milliseconds
1779785997,1,7.000000,7.000000,7.000000,0.000000,7.000000,7.000000,7.000000,7.000000,7.000000,7.000000,0.003530,0.002044,0.079970,0.147343,calls/second,milliseconds
1779785998,1,7.000000,7.000000,7.000000,0.000000,7.000000,7.000000,7.000000,7.000000,7.000000,7.000000,0.003518,0.002044,0.079970,0.147343,calls/second,milliseconds
1779785999,1,7.000000,7.000000,7.000000,0.000000,7.000000,7.000000,7.000000,7.000000,7.000000,7.000000,0.003505,0.001881,0.078648,0.146526,calls/second,milliseconds
1779786000,1,7.000000,7.000000,7.000000,0.000000,7.000000,7.000000,7.000000,7.000000,7.000000,7.000000,0.003493,0.001881,0.078648,0.146526,calls/second,milliseconds
1779786001,1,7.000000,7.000000,7.000000,0.000000,7.000000,7.000000,7.000000,7.000000,7.000000,7.000000,0.003481,0.001881,0.078648,0.146526,calls/second,milliseconds
1779786002,1,7.000000,7.000000,7.000000,0.000000,7.000000,7.000000,7.000000,7.000000,7.000000,7.000000,0.003469,0.001881,0.078648,0.146526,calls/second,milliseconds
1779786003,1,7.000000,7.000000,7.000000,0.000000,7.000000,7.000000,7.000000,7.000000,7.000000,7.000000,0.003457,0.001881,0.078648,0.146526,calls/second,milliseconds
1779786004,1,7.000000,7.000000,7.000000,0.000000,7.000000,7.000000,7.000000,7.000000,7.000000,7.000000,0.003445,0.001730,0.077348,0.145715,calls/second,milliseconds
1779786005,1,7.000000,7.000000,7.000000,0.000000,7.000000,7.000000,7.000000,7.000000,7.000000,7.000000,0.003433,0.001730,0.077348,0.145715,calls/second,milliseconds
1779786006,1,7.000000,7.000000,7.000000,0.000000,7.000000,7.000000,7.000000,7.000000,7.000000,7.000000,0.003421,0.001730,0.077348,0.145715,calls/second,milliseconds
1779786007,1,7.000000,7.000000,7.000000,0.000000,7.000000,7.000000,7.000000,7.000000,7.000000,7.000000,0.003410,0.001730,0.077348,0.145715,calls/second,milliseconds
1779786008,1,7.000000,7.000000,7.000000,0.000000,7.000000,7.000000,7.000000,7.000000,7.000000,7.000000,0.003398,0.001730,0.077348,0.145715,calls/second,milliseconds
1779786009,1,7.000000,7.000000,7.000000,0.000000,7.000000,7.000000,7.000000,7.000000,7.000000,7.000000,0.003386,0.001592,0.076070,0.144907,calls/second,milliseconds
1779786010,1,7.000000,7.000000,7.000000,0.000000,7.000000,7.000000,7.000000,7.000000,7.000000,7.000000,0.003375,0.001592,0.076070,0.144907,calls/second,milliseconds
1779786011,1,7.000000,7.000000,7.000000,0.000000,7.000000,7.000000,7.000000,7.000000,7.000000,7.000000,0.003364,0.001592,0.076070,0.144907,calls/second,milliseconds
1779786012,1,7.000000,7.000000,7.000000,0.000000,7.000000,7.000000,7.000000,7.000000,7.000000,7.000000,0.003352,0.001592,0.076070,0.144907,calls/second,milliseconds
1779786013,1,7.000000,7.000000,7.000000,0.000000,7.000000,7.000000,7.000000,7.000000,7.000000,7.000000,0.003341,0.001592,0.076070,0.144907,calls/second,milliseconds
1779786014,1,7.000000,7.000000,7.000000,0.000000,7.000000,7.000000,7.000000,7.000000,7.000000,7.000000,0.003330,0.001465,0.074812,0.144105,calls/second,milliseconds
1779786015,1,7.000000,7.000000,7.000000,0.000000,7.000000,7.000000,7.000000,7.000000,7.000000,7.000000,0.003319,0.001465,0.074812,0.144105,calls/second,milliseconds
1779786016,1,7.000000,7.000000,7.000000,0.000000,7.000000,7.000000,7.000000,7.000000,7.000000,7.000000,0.003308,0.001465,0.074812,0.144105,calls/second,milliseconds
1779786017,1,7.000000,7.000000,7.000000,0.000000,7.000000,7.000000,7.000000,7.000000,7.000000,7.000000,0.003297,0.001465,0.074812,0.144105,calls/second,milliseconds
1779786018,1,7.000000,7.000000,7.000000,0.000000,7.000000,7.000000,7.000000,7.000000,7.000000,7.000000,0.003286,0.001465,0.074812,0.144105,calls/second,milliseconds
1779786019,1,7.000000,7.000000,7.000000,0.000000,7.000000,7.000000,7.000000,7.000000,7.000000,7.000000,0.003275,0.001348,0.073576,0.143306,calls/second,milliseconds
1779786020,1,7.000000,7.000000,7.000000,0.000000,7.000000,7.000000,7.000000,7.000000,7.000000,7.000000,0.003265,0.001348,0.073576,0.143306,calls/second,milliseconds
1779786021,1,7.000000,7.000000,7.000000,0.000000,7.000000,7.000000,7.000000,7.000000,7.000000,7.000000,0.003254,0.001348,0.073576,0.143306,calls/second,milliseconds
1779786022,1,7.000000,7.000000,7.000000,0.000000,7.000000,7.000000,7.000000,7.000000,7.000000,7.000000,0.003243,0.001348,0.073576,0.143306,calls/second,milliseconds
1779786023,1,7.000000,7.000000,7.000000,0.000000,7.000000,7.000000,7.000000,7.000000,7.000000,7.000000,0.003233,0.001348,0.073576,0.143306,calls/second,milliseconds
1779786024,1,7.000000,7.000000,7.000000,0.000000,7.000000,7.000000,7.000000,7.000000,7.000000,7.000000,0.003222,0.001240,0.072360,0.142512,calls/second,milliseconds
1779786025,1,7.000000,7.000000,7.000000,0.000000,7.000000,7.000000,7.000000,7.000000,7.000000,7.000000,0.003212,0.001240,0.072360,0.142512,calls/second,milliseconds
1779786026,1,7.000000,7.000000,7.000000,0.000000,7.000000,7.000000,7.000000,7.000000,7.000000,7.000000,0.003202,0.001240,0.072360,0.142512,calls/second,milliseconds
1779786027,1,7.000000,7.000000,7.000000,0.000000,7.000000,7.000000,7.000000,7.000000,7.000000,7.000000,0.003192,0.001240,0.072360,0.142512,calls/second,milliseconds
1779786028,1,7.000000,7.000000,7.000000,0.000000,7.000000,7.000000,7.000000,7.000000,7.000000,7.000000,0.003181,0.001240,0.072360,0.142512,calls/second,milliseconds
1779786029,1,7.000000,7.000000,7.000000,0.000000,7.000000,7.000000,7.000000,7.000000,7.000000,7.000000,0.003171,0.001141,0.071164,0.141723,calls/second,milliseconds
1779786030,1,7.000000,7.000000,7.000000,0.000000,7.000000,7.000000,7.000000,7.000000,7.000000,7.000000,0.003161,0.001141,0.071164,0.141723,calls/second,milliseconds
1779786031,1,7.000000,7.000000,7.000000,0.000000,7.000000,7.000000,7.000000,7.000000,7.000000,7.000000,0.003151,0.001141,0.071164,0.141723,calls/second,milliseconds
1779786032,1,7.000000,7.000000,7.000000,0.000000,7.000000,7.000000,7.000000,7.000000,7.000000,7.000000,0.003141,0.001141,0.071164,0.141723,calls/second,milliseconds
1779786033,1,7.000000,7.000000,7.000000,0.000000,7.000000,7.000000,7.000000,7.000000,7.000000,7.000000,0.003131,0.001141,0.071164,0.141723,calls/second,milliseconds
1779786034,1,7.000000,7.000000,7.000000,0.000000,7.000000,7.000000,7.000000,7.000000,7.000000,7.000000,0.003122,0.001050,0.069988,0.140938,calls/second,milliseconds
1779786035,1,7.000000,7.000000,7.000000,0.000000,7.000000,7.000000,7.000000,7.000000,7.000000,7.000000,0.003112,0.001050,0.069988,0.140938,calls/second,milliseconds
1779786036,1,7.000000,7.000000,7.000000,0.000000,7.000000,7.000000,7.000000,7.000000,7.000000,7.000000,0.003102,0.001050,0.069988,0.140938,calls/second,milliseconds
1779786037,1,7.000000,7.000000,7.000000,0.000000,7.000000,7.000000,7.000000,7.000000,7.000000,7.000000,0.003093,0.001050,0.069988,0.140938,calls/second,milliseconds
1779786038,1,7.000000,7.000000,7.000000,0.000000,7.000000,7.000000,7.000000,7.000000,7.000000,7.000000,0.003083,0.001050,0.069988,0.140938,calls/second,milliseconds
1779786039,1,7.000000,7.000000,7.000000,0.000000,7.000000,7.000000,7.000000,7.000000,7.000000,7.000000,0.003074,0.000966,0.068831,0.140157,calls/second,milliseconds
1779786040,1,7.000000,7.000000,7.000000,0.000000,7.000000,7.000000,7.000000,7.000000,7.000000,7.000000,0.003064,0.000966,0.068831,0.140157,calls/second,milliseconds
1779786041,1,7.000000,7.000000,7.000000,0.000000,7.000000,7.000000,7.000000,7.000000,7.000000,7.000000,0.003055,0.000966,0.068831,0.140157,calls/second,milliseconds
1779786042,1,7.000000,7.000000,7.000000,0.000000,7.000000,7.000000,7.000000,7.000000,7.000000,7.000000,0.003046,0.000966,0.068831,0.140157,calls/second,milliseconds
1779786043,1,7.000000,7.000000,7.000000,0.000000,7.000000,7.000000,7.000000,7.000000,7.000000,7.000000,0.003036,0.000966,0.068831,0.140157,calls/second,milliseconds
1779786044,1,7.000000,7.000000,7.000000,0.000000,7.000000,7.000000,7.000000,7.000000,7.000000,7.000000,0.003027,0.000888,0.067693,0.139380,calls/second,milliseconds
1779786045,1,7.000000,7.000000,7.000000,0.000000,7.000000,7.000000,7.000000,7.000000,7.000000,7.000000,0.003018,0.000888,0.067693,0.139380,calls/second,milliseconds
1779786046,1,7.000000,7.000000,7.000000,0.000000,7.000000,7.000000,7.000000,7.000000,7.000000,7.000000,0.003009,0.000888,0.067693,0.139380,calls/second,milliseconds
1779786047,1,7.000000,7.000000,7.000000,0.000000,7.000000,7.000000,7.000000,7.000000,7.000000,7.000000,0.003000,0.000888,0.067693,0.139380,calls/second,milliseconds
1779786048,1,7.000000,7.000000,7.000000,0.000000,7.000000,7.000000,7.000000,7.000000,7.000000,7.000000,0.002991,0.000888,0.067693,0.139380,calls/second,milliseconds
1779786049,1,7.000000,7.000000,7.000000,0.000000,7.000000,7.000000,7.000000,7.000000,7.000000,7.000000,0.002982,0.000817,0.066574,0.138608,calls/second,milliseconds
1779786050,1,7.000000,7.000000,7.000000,0.000000,7.000000,7.000000,7.000000,7.000000,7.000000,7.000000,0.002973,0.000817,0.066574,0.138608,calls/second,milliseconds
1779786051,1,7.000000,7.000000,7.000000,0.000000,7.000000,7.000000,7.000000,7.000000,7.000000,7.000000,0.002964,0.000817,0.066574,0.138608,calls/second,milliseconds
1779786052,1,7.000000,7.000000,7.000000,0.000000,7.000000,7.000000,7.000000,7.000000,7.000000,7.000000,0.002955,0.000817,0.066574,0.138608,calls/second,milliseconds
1779786053,1,7.000000,7.000000,7.000000,0.000000,7.000000,7.000000,7.000000,7.000000,7.000000,7.000000,0.002947,0.000817,0.066574,0.138608,calls/second,milliseconds
1779786054,1,7.000000,7.000000,7.000000,0.000000,7.000000,7.000000,7.000000,7.000000,7.000000,7.000000,0.002938,0.000752,0.065474,0.137840,calls/second,milliseconds
1779786055,1,7.000000,7.000000,7.000000,0.000000,7.000000,7.000000,7.000000,7.000000,7.000000,7.000000,0.002929,0.000752,0.065474,0.137840,calls/second,milliseconds
1779786056,1,7.000000,7.000000,7.000000,0.000000,7.000000,7.000000,7.000000,7.000000,7.000000,7.000000,0.002921,0.000752,0.065474,0.137840,calls/second,milliseconds
1779786057,1,7.000000,7.000000,7.000000,0.000000,7.000000,7.000000,7.000000,7.000000,7.000000,7.000000,0.002912,0.000752,0.065474,0.137840,calls/second,milliseconds
1779786058,1,7.000000,7.000000,7.000000,0.000000,7.000000,7.000000,7.000000,7.000000,7.000000,7.000000,0.002904,0.000752,0.065474,0.137840,calls/second,milliseconds
1779786059,1,7.000000,7.000000,7.000000,0.000000,7.000000,7.000000,7.000000,7.000000,7.000000,7.000000,0.002895,0.000692,0.064392,0.137077,calls/second,milliseconds
1779786060,1,7.000000,7.000000,7.000000,0.000000,7.000000,7.000000,7.000000,7.000000,7.000000,7.000000,0.002887,0.000692,0.064392,0.137077,calls/second,milliseconds
1779786061,1,7.000000,7.000000,7.000000,0.000000,7.000000,7.000000,7.000000,7.000000,7.000000,7.000000,0.002879,0.000692,0.064392,0.137077,calls/second,milliseconds
1779786062,1,7.000000,7.000000,7.000000,0.000000,7.000000,7.000000,7.000000,7.000000,7.000000,7.000000,0.002870,0.000692,0.064392,0.137077,calls/second,milliseconds
1779786063,1,7.000000,7.000000,7.000000,0.000000,7.000000,7.000000,7.000000,7.000000,7.000000,7.000000,0.002862,0.000692,0.064392,0.137077,calls/second,milliseconds
1779786064,1,7.000000,7.000000,7.000000,0.000000,7.000000,7.000000,7.000000,7.000000,7.000000,7.000000,0.002854,0.000637,0.063327,0.136317,calls/second,milliseconds
1779786065,1,7.000000,7.000000,7.000000,0.000000,7.000000,7.000000,7.000000,7.000000,7.000000,7.000000,0.002846,0.000637,0.063327,0.136317,calls/second,milliseconds
1779786066,1,7.000000,7.000000,7.000000,0.000000,7.000000,7.000000,7.000000,7.000000,7.000000,7.000000,0.002838,0.000637,0.063327,0.136317,calls/second,milliseconds
1779786067,1,7.000000,7.000000,7.000000,0.000000,7.000000,7.000000,7.000000,7.000000,7.000000,7.000000,0.002830,0.000637,0.063327,0.136317,calls/second,milliseconds
1779786068,1,7.000000,7.000000,7.000000,0.000000,7.000000,7.000000,7.000000,7.000000,7.000000,7.000000,0.002822,0.000637,0.063327,0.136317,calls/second,milliseconds
1779786069,1,7.000000,7.000000,7.000000,0.000000,7.000000,7.000000,7.000000,7.000000,7.000000,7.000000,0.002814,0.000586,0.062281,0.135562,calls/second,milliseconds
1779786070,1,7.000000,7.000000,7.000000,0.000000,7.000000,7.000000,7.000000,7.000000,7.000000,7.000000,0.002806,0.000586,0.062281,0.135562,calls/second,milliseconds
1779786071,1,7.000000,7.000000,7.000000,0.000000,7.000000,7.000000,7.000000,7.000000,7.000000,7.000000,0.002798,0.000586,0.062281,0.135562,calls/second,milliseconds
1779786072,1,7.000000,7.000000,7.000000,0.000000,7.000000,7.000000,7.000000,7.000000,7.000000,7.000000,0.002790,0.000586,0.062281,0.135562,calls/second,milliseconds
1779786073,1,7.000000,7.000000,7.000000,0.000000,7.000000,7.000000,7.000000,7.000000,7.000000,7.000000,0.002782,0.000586,0.062281,0.135562,calls/second,milliseconds
1779786074,1,7.000000,7.000000,7.000000,0.000000,7.000000,7.000000,7.000000,7.000000,7.000000,7.000000,0.002775,0.000539,0.061251,0.134811,calls/second,milliseconds
1779786075,1,7.000000,7.000000,7.000000,0.000000,7.000000,7.000000,7.000000,7.000000,7.000000,7.000000,0.002767,0.000539,0.061251,0.134811,calls/second,milliseconds
1779786076,1,7.000000,7.000000,7.000000,0.000000,7.000000,7.000000,7.000000,7.000000,7.000000,7.000000,0.002759,0.000539,0.061251,0.134811,calls/second,milliseconds
1779786077,1,7.000000,7.000000,7.000000,0.000000,7.000000,7.000000,7.000000,7.000000,7.000000,7.000000,0.002752,0.000539,0.061251,0.134811,calls/second,milliseconds
1779786078,1,7.000000,7.000000,7.000000,0.000000,7.000000,7.000000,7.000000,7.000000,7.000000,7.000000,0.002744,0.000539,0.061251,0.134811,calls/second,milliseconds
1779786079,1,7.000000,7.000000,7.000000,0.000000,7.000000,7.000000,7.000000,7.000000,7.000000,7.000000,0.002737,0.000496,0.060239,0.134064,calls/second,milliseconds
1779786080,1,7.000000,7.000000,7.000000,0.000000,7.000000,7.000000,7.000000,7.000000,7.000000,7.000000,0.002729,0.000496,0.060239,0.134064,calls/second,milliseconds
1779786081,1,7.000000,7.000000,7.000000,0.000000,7.000000,7.000000,7.000000,7.000000,7.000000,7.000000,0.002722,0.000496,0.060239,0.134064,calls/second,milliseconds
1779786082,1,7.000000,7.000000,7.000000,0.000000,7.000000,7.000000,7.000000,7.000000,7.000000,7.000000,0.002714,0.000496,0.060239,0.134064,calls/second,milliseconds
1779786083,1,7.000000,7.000000,7.000000,0.000000,7.000000,7.000000,7.000000,7.000000,7.000000,7.000000,0.002707,0.000496,0.060239,0.134064,calls/second,milliseconds
1779786084,1,7.000000,7.000000,7.000000,0.000000,7.000000,7.000000,7.000000,7.000000,7.000000,7.000000,0.002700,0.000456,0.059243,0.133321,calls/second,milliseconds
1779786085,1,7.000000,7.000000,7.000000,0.000000,7.000000,7.000000,7.000000,7.000000,7.000000,7.000000,0.002692,0.000456,0.059243,0.133321,calls/second,milliseconds
1779786087,1,7.000000,7.000000,7.000000,0.000000,7.000000,7.000000,7.000000,7.000000,7.000000,7.000000,0.002685,0.000456,0.059243,0.133321,calls/second,milliseconds
1779786088,1,7.000000,7.000000,7.000000,0.000000,7.000000,7.000000,7.000000,7.000000,7.000000,7.000000,0.002678,0.000456,0.059243,0.133321,calls/second,milliseconds
1779786089,1,7.000000,7.000000,7.000000,0.000000,7.000000,7.000000,7.000000,7.000000,7.000000,7.000000,0.002671,0.000456,0.059243,0.133321,calls/second,milliseconds
1779786090,1,7.000000,7.000000,7.000000,0.000000,7.000000,7.000000,7.000000,7.000000,7.000000,7.000000,0.002664,0.000420,0.058264,0.132583,calls/second,milliseconds
1779786091,1,7.000000,7.000000,7.000000,0.000000,7.000000,7.000000,7.000000,7.000000,7.000000,7.000000,0.002657,0.000420,0.058264,0.132583,calls/second,milliseconds
1779786092,1,7.000000,7.000000,7.000000,0.000000,7.000000,7.000000,7.000000,7.000000,7.000000,7.000000,0.002649,0.000420,0.058264,0.132583,calls/second,milliseconds
1779786093,1,7.000000,7.000000,7.000000,0.000000,7.000000,7.000000,7.000000,7.000000,7.000000,7.000000,0.002642,0.000420,0.058264,0.132583,calls/second,milliseconds
1779786094,1,7.000000,7.000000,7.000000,0.000000,7.000000,7.000000,7.000000,7.000000,7.000000,7.000000,0.002636,0.000420,0.058264,0.132583,calls/second,milliseconds
1779786095,1,7.000000,7.000000,7.000000,0.000000,7.000000,7.000000,7.000000,7.000000,7.000000,7.000000,0.002629,0.000386,0.057301,0.131848,calls/second,milliseconds
1779786096,1,7.000000,7.000000,7.000000,0.000000,7.000000,7.000000,7.000000,7.000000,7.000000,7.000000,0.002622,0.000386,0.057301,0.131848,calls/second,milliseconds
1779786097,1,7.000000,7.000000,7.000000,0.000000,7.000000,7.000000,7.000000,7.000000,7.000000,7.000000,0.002615,0.000386,0.057301,0.131848,calls/second,milliseconds
1779786098,1,7.000000,7.000000,7.000000,0.000000,7.000000,7.000000,7.000000,7.000000,7.000000,7.000000,0.002608,0.000386,0.057301,0.131848,calls/second,milliseconds
1779786099,1,7.000000,7.000000,7.000000,0.000000,7.000000,7.000000,7.000000,7.000000,7.000000,7.000000,0.002601,0.000386,0.057301,0.131848,calls/second,milliseconds
1779786100,1,7.000000,7.000000,7.000000,0.000000,7.000000,7.000000,7.000000,7.000000,7.000000,7.000000,0.002594,0.000355,0.056354,0.131118,calls/second,milliseconds
1779786101,1,7.000000,7.000000,7.000000,0.000000,7.000000,7.000000,7.000000,7.000000,7.000000,7.000000,0.002588,0.000355,0.056354,0.131118,calls/second,milliseconds
1779786102,1,7.000000,7.000000,7.000000,0.000000,7.000000,7.000000,7.000000,7.000000,7.000000,7.000000,0.002581,0.000355,0.056354,0.131118,calls/second,milliseconds
1779786103,1,7.000000,7.000000,7.000000,0.000000,7.000000,7.000000,7.000000,7.000000,7.000000,7.000000,0.002574,0.000355,0.056354,0.131118,calls/second,milliseconds
1779786104,1,7.000000,7.000000,7.000000,0.000000,7.000000,7.000000,7.000000,7.000000,7.000000,7.000000,0.002568,0.000355,0.056354,0.131118,calls/second,milliseconds
1779786105,1,7.000000,7.000000,7.000000,0.000000,7.000000,7.000000,7.000000,7.000000,7.000000,7.000000,0.002561,0.000327,0.055422,0.130391,calls/second,milliseconds
1779786106,1,7.000000,7.000000,7.000000,0.000000,7.000000,7.000000,7.000000,7.000000,7.000000,7.000000,0.002555,0.000327,0.055422,0.130391,calls/second,milliseconds
1779786107,1,7.000000,7.000000,7.000000,0.000000,7.000000,7.000000,7.000000,7.000000,7.000000,7.000000,0.002548,0.000327,0.055422,0.130391,calls/second,milliseconds
1779786108,1,7.000000,7.000000,7.000000,0.000000,7.000000,7.000000,7.000000,7.000000,7.000000,7.000000,0.002542,0.000327,0.055422,0.130391,calls/second,milliseconds
1779786109,1,7.000000,7.000000,7.000000,0.000000,7.000000,7.000000,7.000000,7.000000,7.000000,7.000000,0.002535,0.000327,0.055422,0.130391,calls/second,milliseconds
1779786110,1,7.000000,7.000000,7.000000,0.000000,7.000000,7.000000,7.000000,7.000000,7.000000,7.000000,0.002529,0.000301,0.054506,0.129669,calls/second,milliseconds
1779786111,1,7.000000,7.000000,7.000000,0.000000,7.000000,7.000000,7.000000,7.000000,7.000000,7.000000,0.002522,0.000301,0.054506,0.129669,calls/second,milliseconds
1779786112,1,7.000000,7.000000,7.000000,0.000000,7.000000,7.000000,7.000000,7.000000,7.000000,7.000000,0.002516,0.000301,0.054506,0.129669,calls/second,milliseconds
1779786113,1,7.000000,7.000000,7.000000,0.000000,7.000000,7.000000,7.000000,7.000000,7.000000,7.000000,0.002510,0.000301,0.054506,0.129669,calls/second,milliseconds
1779786114,1,7.000000,7.000000,7.000000,0.000000,7.000000,7.000000,7.000000,7.000000,7.000000,7.000000,0.002503,0.000301,0.054506,0.129669,calls/second,milliseconds
1779786115,1,7.000000,7.000000,7.000000,0.000000,7.000000,7.000000,7.000000,7.000000,7.000000,7.000000,0.002497,0.000277,0.053605,0.128950,calls/second,milliseconds
1779786116,1,7.000000,7.000000,7.000000,0.000000,7.000000,7.000000,7.000000,7.000000,7.000000,7.000000,0.002491,0.000277,0.053605,0.128950,calls/second,milliseconds
1779786117,1,7.000000,7.000000,7.000000,0.000000,7.000000,7.000000,7.000000,7.000000,7.000000,7.000000,0.002485,0.000277,0.053605,0.128950,calls/second,milliseconds
1779786118,1,7.000000,7.000000,7.000000,0.000000,7.000000,7.000000,7.000000,7.000000,7.000000,7.000000,0.002478,0.000277,0.053605,0.128950,calls/second,milliseconds
1779786119,1,7.000000,7.000000,7.000000,0.000000,7.000000,7.000000,7.000000,7.000000,7.000000,7.000000,0.002472,0.000277,0.053605,0.128950,calls/second,milliseconds
1779786120,1,7.000000,7.000000,7.000000,0.000000,7.000000,7.000000,7.000000,7.000000,7.000000,7.000000,0.002466,0.000255,0.052719,0.128236,calls/second,milliseconds
1779786121,1,7.000000,7.000000,7.000000,0.000000,7.000000,7.000000,7.000000,7.000000,7.000000,7.000000,0.002460,0.000255,0.052719,0.128236,calls/second,milliseconds
1779786122,1,7.000000,7.000000,7.000000,0.000000,7.000000,7.000000,7.000000,7.000000,7.000000,7.000000,0.002454,0.000255,0.052719,0.128236,calls/second,milliseconds
1779786123,1,7.000000,7.000000,7.000000,0.000000,7.000000,7.000000,7.000000,7.000000,7.000000,7.000000,0.002448,0.000255,0.052719,0.128236,calls/second,milliseconds
1779786124,1,7.000000,7.000000,7.000000,0.000000,7.000000,7.000000,7.000000,7.000000,7.000000,7.000000,0.002442,0.000255,0.052719,0.128236,calls/second,milliseconds
1779786125,1,7.000000,7.000000,7.000000,0.000000,7.000000,7.000000,7.000000,7.000000,7.000000,7.000000,0.002436,0.000234,0.051848,0.127526,calls/second,milliseconds
1779786126,1,7.000000,7.000000,7.000000,0.000000,7.000000,7.000000,7.000000,7.000000,7.000000,7.000000,0.002430,0.000234,0.051848,0.127526,calls/second,milliseconds
1779786127,1,7.000000,7.000000,7.000000,0.000000,7.000000,7.000000,7.000000,7.000000,7.000000,7.000000,0.002424,0.000234,0.051848,0.127526,calls/second,milliseconds
1779786128,1,7.000000,7.000000,7.000000,0.000000,7.000000,7.000000,7.000000,7.000000,7.000000,7.000000,0.002418,0.000234,0.051848,0.127526,calls/second,milliseconds
1779786129,1,7.000000,7.000000,7.000000,0.000000,7.000000,7.000000,7.000000,7.000000,7.000000,7.000000,0.002413,0.000234,0.051848,0.127526,calls/second,milliseconds
1779786130,1,7.000000,7.000000,7.000000,0.000000,7.000000,7.000000,7.000000,7.000000,7.000000,7.000000,0.002407,0.000215,0.050991,0.126819,calls/second,milliseconds
1779786131,1,7.000000,7.000000,7.000000,0.000000,7.000000,7.000000,7.000000,7.000000,7.000000,7.000000,0.002401,0.000215,0.050991,0.126819,calls/second,milliseconds
1779786132,1,7.000000,7.000000,7.000000,0.000000,7.000000,7.000000,7.000000,7.000000,7.000000,7.000000,0.002395,0.000215,0.050991,0.126819,calls/second,milliseconds
1779786133,1,7.000000,7.000000,7.000000,0.000000,7.000000,7.000000,7.000000,7.000000,7.000000,7.000000,0.002390,0.000215,0.050991,0.126819,calls/second,milliseconds
1779786134,1,7.000000,7.000000,7.000000,0.000000,7.000000,7.000000,7.000000,7.000000,7.000000,7.000000,0.002384,0.000215,0.050991,0.126819,calls/second,milliseconds
1779786135,1,7.000000,7.000000,7.000000,0.000000,7.000000,7.000000,7.000000,7.000000,7.000000,7.000000,0.002378,0.000198,0.050148,0.126117,calls/second,milliseconds
1779786136,1,7.000000,7.000000,7.000000,0.000000,7.000000,7.000000,7.000000,7.000000,7.000000,7.000000,0.002372,0.000198,0.050148,0.126117,calls/second,milliseconds
1779786137,1,7.000000,7.000000,7.000000,0.000000,7.000000,7.000000,7.000000,7.000000,7.000000,7.000000,0.002367,0.000198,0.050148,0.126117,calls/second,milliseconds
1779786138,1,7.000000,7.000000,7.000000,0.000000,7.000000,7.000000,7.000000,7.000000,7.000000,7.000000,0.002361,0.000198,0.050148,0.126117,calls/second,milliseconds
1779786139,1,7.000000,7.000000,7.000000,0.000000,7.000000,7.000000,7.000000,7.000000,7.000000,7.000000,0.002356,0.000198,0.050148,0.126117,calls/second,milliseconds
1779786140,1,7.000000,7.000000,7.000000,0.000000,7.000000,7.000000,7.000000,7.000000,7.000000,7.000000,0.002350,0.000182,0.049319,0.125418,calls/second,milliseconds
1779786141,1,7.000000,7.000000,7.000000,0.000000,7.000000,7.000000,7.000000,7.000000,7.000000,7.000000,0.002345,0.000182,0.049319,0.125418,calls/second,milliseconds
1779786142,1,7.000000,7.000000,7.000000,0.000000,7.000000,7.000000,7.000000,7.000000,7.000000,7.000000,0.002339,0.000182,0.049319,0.125418,calls/second,milliseconds
1779786143,1,7.000000,7.000000,7.000000,0.000000,7.000000,7.000000,7.000000,7.000000,7.000000,7.000000,0.002334,0.000182,0.049319,0.125418,calls/second,milliseconds
1779786144,1,7.000000,7.000000,7.000000,0.000000,7.000000,7.000000,7.000000,7.000000,7.000000,7.000000,0.002328,0.000182,0.049319,0.125418,calls/second,milliseconds
1779786145,1,7.000000,7.000000,7.000000,0.000000,7.000000,7.000000,7.000000,7.000000,7.000000,7.000000,0.002323,0.000168,0.048504,0.124723,calls/second,milliseconds
1779786146,1,7.000000,7.000000,7.000000,0.000000,7.000000,7.000000,7.000000,7.000000,7.000000,7.000000,0.002317,0.000168,0.048504,0.124723,calls/second,milliseconds
1779786147,1,7.000000,7.000000,7.000000,0.000000,7.000000,7.000000,7.000000,7.000000,7.000000,7.000000,0.002312,0.000168,0.048504,0.124723,calls/second,milliseconds
1779786148,1,7.000000,7.000000,7.000000,0.000000,7.000000,7.000000,7.000000,7.000000,7.000000,7.000000,0.002307,0.000168,0.048504,0.124723,calls/second,milliseconds
1779786149,1,7.000000,7.000000,7.000000,0.000000,7.000000,7.000000,7.000000,7.000000,7.000000,7.000000,0.002301,0.000168,0.048504,0.124723,calls/second,milliseconds
1779786150,1,7.000000,7.000000,7.000000,0.000000,7.000000,7.000000,7.000000,7.000000,7.000000,7.000000,0.002296,0.000154,0.047703,0.124032,calls/second,milliseconds
1779786151,1,7.000000,7.000000,7.000000,0.000000,7.000000,7.000000,7.000000,7.000000,7.000000,7.000000,0.002291,0.000154,0.047703,0.124032,calls/second,milliseconds
1779786152,1,7.000000,7.000000,7.000000,0.000000,7.000000,7.000000,7.000000,7.000000,7.000000,7.000000,0.002286,0.000154,0.047703,0.124032,calls/second,milliseconds
1779786153,1,7.000000,7.000000,7.000000,0.000000,7.000000,7.000000,7.000000,7.000000,7.000000,7.000000,0.002280,0.000154,0.047703,0.124032,calls/second,milliseconds
1779786154,1,7.000000,7.000000,7.000000,0.000000,7.000000,7.000000,7.000000,7.000000,7.000000,7.000000,0.002275,0.000154,0.047703,0.124032,calls/second,milliseconds
1779786155,1,7.000000,7.000000,7.000000,0.000000,7.000000,7.000000,7.000000,7.000000,7.000000,7.000000,0.002270,0.000142,0.046914,0.123345,calls/second,milliseconds
1779786156,1,7.000000,7.000000,7.000000,0.000000,7.000000,7.000000,7.000000,7.000000,7.000000,7.000000,0.002265,0.000142,0.046914,0.123345,calls/second,milliseconds
1779786157,1,7.000000,7.000000,7.000000,0.000000,7.000000,7.000000,7.000000,7.000000,7.000000,7.000000,0.002260,0.000142,0.046914,0.123345,calls/second,milliseconds
1779786158,1,7.000000,7.000000,7.000000,0.000000,7.000000,7.000000,7.000000,7.000000,7.000000,7.000000,0.002255,0.000142,0.046914,0.123345,calls/second,milliseconds
1779786159,1,7.000000,7.000000,7.000000,0.000000,7.000000,7.000000,7.000000,7.000000,7.000000,7.000000,0.002250,0.000142,0.046914,0.123345,calls/second,milliseconds
1779786160,1,7.000000,7.000000,7.000000,0.000000,7.000000,7.000000,7.000000,7.000000,7.000000,7.000000,0.002244,0.000131,0.046139,0.122661,calls/second,milliseconds
1779786161,1,7.000000,7.000000,7.000000,0.000000,7.000000,7.000000,7.000000,7.000000,7.000000,7.000000,0.002239,0.000131,0.046139,0.122661,calls/second,milliseconds
1779786162,1,7.000000,7.000000,7.000000,0.000000,7.000000,7.000000,7.000000,7.000000,7.000000,7.000000,0.002234,0.000131,0.046139,0.122661,calls/second,milliseconds
1779786163,1,7.000000,7.000000,7.000000,0.000000,7.000000,7.000000,7.000000,7.000000,7.000000,7.000000,0.002229,0.000131,0.046139,0.122661,calls/second,milliseconds
1779786164,1,7.000000,7.000000,7.000000,0.000000,7.000000,7.000000,7.000000,7.000000,7.000000,7.000000,0.002224,0.000131,0.046139,0.122661,calls/second,milliseconds
1779786165,1,7.000000,7.000000,7.000000,0.000000,7.000000,7.000000,7.000000,7.000000,7.000000,7.000000,0.002220,0.000120,0.045376,0.121982,calls/second,milliseconds
1779786166,1,7.000000,7.000000,7.000000,0.000000,7.000000,7.000000,7.000000,7.000000,7.000000,7.000000,0.002215,0.000120,0.045376,0.121982,calls/second,milliseconds
1779786167,1,7.000000,7.000000,7.000000,0.000000,7.000000,7.000000,7.000000,7.000000,7.000000,7.000000,0.002210,0.000120,0.045376,0.121982,calls/second,milliseconds
1779786168,1,7.000000,7.000000,7.000000,0.000000,7.000000,7.000000,7.000000,7.000000,7.000000,7.000000,0.002205,0.000120,0.045376,0.121982,calls/second,milliseconds
1779786169,1,7.000000,7.000000,7.000000,0.000000,7.000000,7.000000,7.000000,7.000000,7.000000,7.000000,0.002200,0.000120,0.045376,0.121982,calls/second,milliseconds
1779786170,1,7.000000,7.000000,7.000000,0.000000,7.000000,7.000000,7.000000,7.000000,7.000000,7.000000,0.002195,0.000111,0.044626,0.121306,calls/second,milliseconds
1779786171,1,7.000000,7.000000,7.000000,0.000000,7.000000,7.000000,7.000000,7.000000,7.000000,7.000000,0.002190,0.000111,0.044626,0.121306,calls/second,milliseconds
1779786172,1,7.000000,7.000000,7.000000,0.000000,7.000000,7.000000,7.000000,7.000000,7.000000,7.000000,0.002186,0.000111,0.044626,0.121306,calls/second,milliseconds
1779786173,1,7.000000,7.000000,7.000000,0.000000,7.000000,7.000000,7.000000,7.000000,7.000000,7.000000,0.002181,0.000111,0.044626,0.121306,calls/second,milliseconds
1779786174,1,7.000000,7.000000,7.000000,0.000000,7.000000,7.000000,7.000000,7.000000,7.000000,7.000000,0.002176,0.000111,0.044626,0.121306,calls/second,milliseconds
1779786175,1,7.000000,7.000000,7.000000,0.000000,7.000000,7.000000,7.000000,7.000000,7.000000,7.000000,0.002171,0.000102,0.043888,0.120634,calls/second,milliseconds
1779786176,1,7.000000,7.000000,7.000000,0.000000,7.000000,7.000000,7.000000,7.000000,7.000000,7.000000,0.002167,0.000102,0.043888,0.120634,calls/second,milliseconds
1779786177,1,7.000000,7.000000,7.000000,0.000000,7.000000,7.000000,7.000000,7.000000,7.000000,7.000000,0.002162,0.000102,0.043888,0.120634,calls/second,milliseconds
1779786178,1,7.000000,7.000000,7.000000,0.000000,7.000000,7.000000,7.000000,7.000000,7.000000,7.000000,0.002157,0.000102,0.043888,0.120634,calls/second,milliseconds
1779786179,1,7.000000,7.000000,7.000000,0.000000,7.000000,7.000000,7.000000,7.000000,7.000000,7.000000,0.002153,0.000102,0.043888,0.120634,calls/second,milliseconds
1779786180,1,7.000000,7.000000,7.000000,0.000000,7.000000,7.000000,7.000000,7.000000,7.000000,7.000000,0.002148,0.000094,0.043163,0.119966,calls/second,milliseconds
1779786181,1,7.000000,7.000000,7.000000,0.000000,7.000000,7.000000,7.000000,7.000000,7.000000,7.000000,0.002143,0.000094,0.043163,0.119966,calls/second,milliseconds
1779786182,1,7.000000,7.000000,7.000000,0.000000,7.000000,7.000000,7.000000,7.000000,7.000000,7.000000,0.002139,0.000094,0.043163,0.119966,calls/second,milliseconds
1779786183,1,7.000000,7.000000,7.000000,0.000000,7.000000,7.000000,7.000000,7.000000,7.000000,7.000000,0.002134,0.000094,0.043163,0.119966,calls/second,milliseconds
1779786184,1,7.000000,7.000000,7.000000,0.000000,7.000000,7.000000,7.000000,7.000000,7.000000,7.000000,0.002130,0.000094,0.043163,0.119966,calls/second,milliseconds
1779786185,1,7.000000,7.000000,7.000000,0.000000,7.000000,7.000000,7.000000,7.000000,7.000000,7.000000,0.002125,0.000086,0.042450,0.119301,calls/second,milliseconds
1779786186,1,7.000000,7.000000,7.000000,0.000000,7.000000,7.000000,7.000000,7.000000,7.000000,7.000000,0.002121,0.000086,0.042450,0.119301,calls/second,milliseconds
1779786187,1,7.000000,7.000000,7.000000,0.000000,7.000000,7.000000,7.000000,7.000000,7.000000,7.000000,0.002116,0.000086,0.042450,0.119301,calls/second,milliseconds
1779786188,1,7.000000,7.000000,7.000000,0.000000,7.000000,7.000000,7.000000,7.000000,7.000000,7.000000,0.002112,0.000086,0.042450,0.119301,calls/second,milliseconds
1779786189,1,7.000000,7.000000,7.000000,0.000000,7.000000,7.000000,7.000000,7.000000,7.000000,7.000000,0.002107,0.000086,0.042450,0.119301,calls/second,milliseconds
1779786190,1,7.000000,7.000000,7.000000,0.000000,7.000000,7.000000,7.000000,7.000000,7.000000,7.000000,0.002103,0.000079,0.041748,0.118640,calls/second,milliseconds
1779786191,1,7.000000,7.000000,7.000000,0.000000,7.000000,7.000000,7.000000,7.000000,7.000000,7.000000,0.002098,0.000079,0.041748,0.118640,calls/second,milliseconds
1779786192,1,7.000000,7.000000,7.000000,0.000000,7.000000,7.000000,7.000000,7.000000,7.000000,7.000000,0.002094,0.000079,0.041748,0.118640,calls/second,milliseconds
1779786193,1,7.000000,7.000000,7.000000,0.000000,7.000000,7.000000,7.000000,7.000000,7.000000,7.000000,0.002089,0.000079,0.041748,0.118640,calls/second,milliseconds
1779786194,1,7.000000,7.000000,7.000000,0.000000,7.000000,7.000000,7.000000,7.000000,7.000000,7.000000,0.002085,0.000079,0.041748,0.118640,calls/second,milliseconds
1779786195,1,7.000000,7.000000,7.000000,0.000000,7.000000,7.000000,7.000000,7.000000,7.000000,7.000000,0.002081,0.000073,0.041058,0.117983,calls/second,milliseconds
1779786196,1,7.000000,7.000000,7.000000,0.000000,7.000000,7.000000,7.000000,7.000000,7.000000,7.000000,0.002076,0.000073,0.041058,0.117983,calls/second,milliseconds
1779786197,1,7.000000,7.000000,7.000000,0.000000,7.000000,7.000000,7.000000,7.000000,7.000000,7.000000,0.002072,0.000073,0.041058,0.117983,calls/second,milliseconds
1779786198,1,7.000000,7.000000,7.000000,0.000000,7.000000,7.000000,7.000000,7.000000,7.000000,7.000000,0.002068,0.000073,0.041058,0.117983,calls/second,milliseconds
1779786199,1,7.000000,7.000000,7.000000,0.000000,7.000000,7.000000,7.000000,7.000000,7.000000,7.000000,0.002064,0.000073,0.041058,0.117983,calls/second,milliseconds
1779786200,1,7.000000,7.000000,7.000000,0.000000,7.000000,7.000000,7.000000,7.000000,7.000000,7.000000,0.002059,0.000067,0.040379,0.117329,calls/second,milliseconds
1779786201,1,7.000000,7.000000,7.000000,0.000000,7.000000,7.000000,7.000000,7.000000,7.000000,7.000000,0.002055,0.000067,0.040379,0.117329,calls/second,milliseconds
1779786202,1,7.000000,7.000000,7.000000,0.000000,7.000000,7.000000,7.000000,7.000000,7.000000,7.000000,0.002051,0.000067,0.040379,0.117329,calls/second,milliseconds
1779786203,1,7.000000,7.000000,7.000000,0.000000,7.000000,7.000000,7.000000,7.000000,7.000000,7.000000,0.002047,0.000067,0.040379,0.117329,calls/second,milliseconds
1779786204,1,7.000000,7.000000,7.000000,0.000000,7.000000,7.000000,7.000000,7.000000,7.000000,7.000000,0.002042,0.000067,0.040379,0.117329,calls/second,milliseconds
1779786205,1,7.000000,7.000000,7.000000,0.000000,7.000000,7.000000,7.000000,7.000000,7.000000,7.000000,0.002038,0.000062,0.039712,0.116679,calls/second,milliseconds
1779786206,1,7.000000,7.000000,7.000000,0.000000,7.000000,7.000000,7.000000,7.000000,7.000000,7.000000,0.002034,0.000062,0.039712,0.116679,calls/second,milliseconds
1779786207,1,7.000000,7.000000,7.000000,0.000000,7.000000,7.000000,7.000000,7.000000,7.000000,7.000000,0.002030,0.000062,0.039712,0.116679,calls/second,milliseconds
1779786208,1,7.000000,7.000000,7.000000,0.000000,7.000000,7.000000,7.000000,7.000000,7.000000,7.000000,0.002026,0.000062,0.039712,0.116679,calls/second,milliseconds
1779786209,1,7.000000,7.000000,7.000000,0.000000,7.000000,7.000000,7.000000,7.000000,7.000000,7.000000,0.002022,0.000062,0.039712,0.116679,calls/second,milliseconds
1779786210,1,7.000000,7.000000,7.000000,0.000000,7.000000,7.000000,7.000000,7.000000,7.000000,7.000000,0.002018,0.000057,0.039056,0.116033,calls/second,milliseconds
1779786211,1,7.000000,7.000000,7.000000,0.000000,7.000000,7.000000,7.000000,7.000000,7.000000,7.000000,0.002014,0.000057,0.039056,0.116033,calls/second,milliseconds
1779786212,1,7.000000,7.000000,7.000000,0.000000,7.000000,7.000000,7.000000,7.000000,7.000000,7.000000,0.002010,0.000057,0.039056,0.116033,calls/second,milliseconds
1779786213,1,7.000000,7.000000,7.000000,0.000000,7.000000,7.000000,7.000000,7.000000,7.000000,7.000000,0.002006,0.000057,0.039056,0.116033,calls/second,milliseconds
1779786214,1,7.000000,7.000000,7.000000,0.000000,7.000000,7.000000,7.000000,7.000000,7.000000,7.000000,0.002002,0.000057,0.039056,0.116033,calls/second,milliseconds
1779786215,1,7.000000,7.000000,7.000000,0.000000,7.000000,7.000000,7.000000,7.000000,7.000000,7.000000,0.001998,0.000052,0.038410,0.115390,calls/second,milliseconds
1779786216,1,7.000000,7.000000,7.000000,0.000000,7.000000,7.000000,7.000000,7.000000,7.000000,7.000000,0.001994,0.000052,0.038410,0.115390,calls/second,milliseconds
1779786217,1,7.000000,7.000000,7.000000,0.000000,7.000000,7.000000,7.000000,7.000000,7.000000,7.000000,0.001990,0.000052,0.038410,0.115390,calls/second,milliseconds
1779786218,1,7.000000,7.000000,7.000000,0.000000,7.000000,7.000000,7.000000,7.000000,7.000000,7.000000,0.001986,0.000052,0.038410,0.115390,calls/second,milliseconds
1779786219,1,7.000000,7.000000,7.000000,0.000000,7.000000,7.000000,7.000000,7.000000,7.000000,7.000000,0.001982,0.000052,0.038410,0.115390,calls/second,milliseconds
1779786220,1,7.000000,7.000000,7.000000,0.000000,7.000000,7.000000,7.000000,7.000000,7.000000,7.000000,0.001978,0.000048,0.037775,0.114751,calls/second,milliseconds
1779786221,1,7.000000,7.000000,7.000000,0.000000,7.000000,7.000000,7.000000,7.000000,7.000000,7.000000,0.001974,0.000048,0.037775,0.114751,calls/second,milliseconds
1779786222,1,7.000000,7.000000,7.000000,0.000000,7.000000,7.000000,7.000000,7.000000,7.000000,7.000000,0.001970,0.000048,0.037775,0.114751,calls/second,milliseconds
1779786223,1,7.000000,7.000000,7.000000,0.000000,7.000000,7.000000,7.000000,7.000000,7.000000,7.000000,0.001966,0.000048,0.037775,0.114751,calls/second,milliseconds
1779786224,1,7.000000,7.000000,7.000000,0.000000,7.000000,7.000000,7.000000,7.000000,7.000000,7.000000,0.001962,0.000048,0.037775,0.114751,calls/second,milliseconds
1779786225,1,7.000000,7.000000,7.000000,0.000000,7.000000,7.000000,7.000000,7.000000,7.000000,7.000000,0.001958,0.000044,0.037151,0.114115,calls/second,milliseconds
1779786226,1,7.000000,7.000000,7.000000,0.000000,7.000000,7.000000,7.000000,7.000000,7.000000,7.000000,0.001955,0.000044,0.037151,0.114115,calls/second,milliseconds
1779786227,1,7.000000,7.000000,7.000000,0.000000,7.000000,7.000000,7.000000,7.000000,7.000000,7.000000,0.001951,0.000044,0.037151,0.114115,calls/second,milliseconds
1779786228,1,7.000000,7.000000,7.000000,0.000000,7.000000,7.000000,7.000000,7.000000,7.000000,7.000000,0.001947,0.000044,0.037151,0.114115,calls/second,milliseconds
1779786229,1,7.000000,7.000000,7.000000,0.000000,7.000000,7.000000,7.000000,7.000000,7.000000,7.000000,0.001943,0.000044,0.037151,0.114115,calls/second,milliseconds
1779786230,1,7.000000,7.000000,7.000000,0.000000,7.000000,7.000000,7.000000,7.000000,7.000000,7.000000,0.001939,0.000041,0.036537,0.113483,calls/second,milliseconds
1779786231,1,7.000000,7.000000,7.000000,0.000000,7.000000,7.000000,7.000000,7.000000,7.000000,7.000000,0.001936,0.000041,0.036537,0.113483,calls/second,milliseconds
1779786232,1,7.000000,7.000000,7.000000,0.000000,7.000000,7.000000,7.000000,7.000000,7.000000,7.000000,0.001932,0.000041,0.036537,0.113483,calls/second,milliseconds
1779786233,1,7.000000,7.000000,7.000000,0.000000,7.000000,7.000000,7.000000,7.000000,7.000000,7.000000,0.001928,0.000041,0.036537,0.113483,calls/second,milliseconds
1779786234,1,7.000000,7.000000,7.000000,0.000000,7.000000,7.000000,7.000000,7.000000,7.000000,7.000000,0.001924,0.000041,0.036537,0.113483,calls/second,milliseconds
1779786235,1,7.000000,7.000000,7.000000,0.000000,7.000000,7.000000,7.000000,7.000000,7.000000,7.000000,0.001921,0.000037,0.035933,0.112854,calls/second,milliseconds
1779786236,1,7.000000,7.000000,7.000000,0.000000,7.000000,7.000000,7.000000,7.000000,7.000000,7.000000,0.001917,0.000037,0.035933,0.112854,calls/second,milliseconds
1779786237,1,7.000000,7.000000,7.000000,0.000000,7.000000,7.000000,7.000000,7.000000,7.000000,7.000000,0.001913,0.000037,0.035933,0.112854,calls/second,milliseconds
1779786238,1,7.000000,7.000000,7.000000,0.000000,7.000000,7.000000,7.000000,7.000000,7.000000,7.000000,0.001910,0.000037,0.035933,0.112854,calls/second,milliseconds
1779786239,1,7.000000,7.000000,7.000000,0.000000,7.000000,7.000000,7.000000,7.000000,7.000000,7.000000,0.001906,0.000037,0.035933,0.112854,calls/second,milliseconds
1779786240,1,7.000000,7.000000,7.000000,0.000000,7.000000,7.000000,7.000000,7.000000,7.000000,7.000000,0.001902,0.000034,0.035339,0.112229,calls/second,milliseconds
1779786241,1,7.000000,7.000000,7.000000,0.000000,7.000000,7.000000,7.000000,7.000000,7.000000,7.000000,0.001899,0.000034,0.035339,0.112229,calls/second,milliseconds
1779786242,1,7.000000,7.000000,7.000000,0.000000,7.000000,7.000000,7.000000,7.000000,7.000000,7.000000,0.001895,0.000034,0.035339,0.112229,calls/second,milliseconds
1779786243,1,7.000000,7.000000,7.000000,0.000000,7.000000,7.000000,7.000000,7.000000,7.000000,7.000000,0.001892,0.000034,0.035339,0.112229,calls/second,milliseconds
1779786244,1,7.000000,7.000000,7.000000,0.000000,7.000000,7.000000,7.000000,7.000000,7.000000,7.000000,0.001888,0.000034,0.035339,0.112229,calls/second,milliseconds
1779786245,1,7.000000,7.000000,7.000000,0.000000,7.000000,7.000000,7.000000,7.000000,7.000000,7.000000,0.001884,0.000032,0.034755,0.111607,calls/second,milliseconds
1779786246,1,7.000000,7.000000,7.000000,0.000000,7.000000,7.000000,7.000000,7.000000,7.000000,7.000000,0.001881,0.000032,0.034755,0.111607,calls/second,milliseconds
1779786247,1,7.000000,7.000000,7.000000,0.000000,7.000000,7.000000,7.000000,7.000000,7.000000,7.000000,0.001877,0.000032,0.034755,0.111607,calls/second,milliseconds
1779786248,1,7.000000,7.000000,7.000000,0.000000,7.000000,7.000000,7.000000,7.000000,7.000000,7.000000,0.001874,0.000032,0.034755,0.111607,calls/second,milliseconds
1779786249,1,7.000000,7.000000,7.000000,0.000000,7.000000,7.000000,7.000000,7.000000,7.000000,7.000000,0.001870,0.000032,0.034755,0.111607,calls/second,milliseconds
1779786250,1,7.000000,7.000000,7.000000,0.000000,7.000000,7.000000,7.000000,7.000000,7.000000,7.000000,0.001867,0.000029,0.034180,0.110989,calls/second,milliseconds
1779786251,1,7.000000,7.000000,7.000000,0.000000,7.000000,7.000000,7.000000,7.000000,7.000000,7.000000,0.001863,0.000029,0.034180,0.110989,calls/second,milliseconds
1779786252,1,7.000000,7.000000,7.000000,0.000000,7.000000,7.000000,7.000000,7.000000,7.000000,7.000000,0.001860,0.000029,0.034180,0.110989,calls/second,milliseconds
1779786253,1,7.000000,7.000000,7.000000,0.000000,7.000000,7.000000,7.000000,7.000000,7.000000,7.000000,0.001856,0.000029,0.034180,0.110989,calls/second,milliseconds
1779786254,1,7.000000,7.000000,7.000000,0.000000,7.000000,7.000000,7.000000,7.000000,7.000000,7.000000,0.001853,0.000029,0.034180,0.110989,calls/second,milliseconds
1779786255,1,7.000000,7.000000,7.000000,0.000000,7.000000,7.000000,7.000000,7.000000,7.000000,7.000000,0.001850,0.000027,0.033615,0.110374,calls/second,milliseconds
1779786256,1,7.000000,7.000000,7.000000,0.000000,7.000000,7.000000,7.000000,7.000000,7.000000,7.000000,0.001846,0.000027,0.033615,0.110374,calls/second,milliseconds
1779786257,1,7.000000,7.000000,7.000000,0.000000,7.000000,7.000000,7.000000,7.000000,7.000000,7.000000,0.001843,0.000027,0.033615,0.110374,calls/second,milliseconds
1779786258,1,7.000000,7.000000,7.000000,0.000000,7.000000,7.000000,7.000000,7.000000,7.000000,7.000000,0.001839,0.000027,0.033615,0.110374,calls/second,milliseconds
1779786259,1,7.000000,7.000000,7.000000,0.000000,7.000000,7.000000,7.000000,7.000000,7.000000,7.000000,0.001836,0.000027,0.033615,0.110374,calls/second,milliseconds
1779786260,1,7.000000,7.000000,7.000000,0.000000,7.000000,7.000000,7.000000,7.000000,7.000000,7.000000,0.001833,0.000025,0.033060,0.109762,calls/second,milliseconds
1779786261,1,7.000000,7.000000,7.000000,0.000000,7.000000,7.000000,7.000000,7.000000,7.000000,7.000000,0.001829,0.000025,0.033060,0.109762,calls/second,milliseconds
1779786262,1,7.000000,7.000000,7.000000,0.000000,7.000000,7.000000,7.000000,7.000000,7.000000,7.000000,0.001826,0.000025,0.033060,0.109762,calls/second,milliseconds
1779786263,1,7.000000,7.000000,7.000000,0.000000,7.000000,7.000000,7.000000,7.000000,7.000000,7.000000,0.001823,0.000025,0.033060,0.109762,calls/second,milliseconds
1779786264,1,7.000000,7.000000,7.000000,0.000000,7.000000,7.000000,7.000000,7.000000,7.000000,7.000000,0.001819,0.000025,0.033060,0.109762,calls/second,milliseconds
1779786265,1,7.000000,7.000000,7.000000,0.000000,7.000000,7.000000,7.000000,7.000000,7.000000,7.000000,0.001816,0.000023,0.032513,0.109154,calls/second,milliseconds
1779786266,1,7.000000,7.000000,7.000000,0.000000,7.000000,7.000000,7.000000,7.000000,7.000000,7.000000,0.001813,0.000023,0.032513,0.109154,calls/second,milliseconds
1779786267,1,7.000000,7.000000,7.000000,0.000000,7.000000,7.000000,7.000000,7.000000,7.000000,7.000000,0.001809,0.000023,0.032513,0.109154,calls/second,milliseconds
1779786268,1,7.000000,7.000000,7.000000,0.000000,7.000000,7.000000,7.000000,7.000000,7.000000,7.000000,0.001806,0.000023,0.032513,0.109154,calls/second,milliseconds
1779786269,1,7.000000,7.000000,7.000000,0.000000,7.000000,7.000000,7.000000,7.000000,7.000000,7.000000,0.001803,0.000023,0.032513,0.109154,calls/second,milliseconds
1779786270,1,7.000000,7.000000,7.000000,0.000000,7.000000,7.000000,7.000000,7.000000,7.000000,7.000000,0.001800,0.000021,0.031976,0.108549,calls/second,milliseconds
1779786271,1,7.000000,7.000000,7.000000,0.000000,7.000000,7.000000,7.000000,7.000000,7.000000,7.000000,0.001796,0.000021,0.031976,0.108549,calls/second,milliseconds
1779786272,1,7.000000,7.000000,7.000000,0.000000,7.000000,7.000000,7.000000,7.000000,7.000000,7.000000,0.001793,0.000021,0.031976,0.108549,calls/second,milliseconds
1779786273,1,7.000000,7.000000,7.000000,0.000000,7.000000,7.000000,7.000000,7.000000,7.000000,7.000000,0.001790,0.000021,0.031976,0.108549,calls/second,milliseconds
1779786274,1,7.000000,7.000000,7.000000,0.000000,7.000000,7.000000,7.000000,7.000000,7.000000,7.000000,0.001787,0.000021,0.031976,0.108549,calls/second,milliseconds
1779786275,1,7.000000,7.000000,7.000000,0.000000,7.000000,7.000000,7.000000,7.000000,7.000000,7.000000,0.001783,0.000019,0.031447,0.107948,calls/second,milliseconds
1779786276,1,7.000000,7.000000,7.000000,0.000000,7.000000,7.000000,7.000000,7.000000,7.000000,7.000000,0.001780,0.000019,0.031447,0.107948,calls/second,milliseconds
1779786277,1,7.000000,7.000000,7.000000,0.000000,7.000000,7.000000,7.000000,7.000000,7.000000,7.000000,0.001777,0.000019,0.031447,0.107948,calls/second,milliseconds
1779786278,1,7.000000,7.000000,7.000000,0.000000,7.000000,7.000000,7.000000,7.000000,7.000000,7.000000,0.001774,0.000019,0.031447,0.107948,calls/second,milliseconds
1779786279,1,7.000000,7.000000,7.000000,0.000000,7.000000,7.000000,7.000000,7.000000,7.000000,7.000000,0.001771,0.000019,0.031447,0.107948,calls/second,milliseconds
1779786280,1,7.000000,7.000000,7.000000,0.000000,7.000000,7.000000,7.000000,7.000000,7.000000,7.000000,0.001768,0.000018,0.030928,0.107350,calls/second,milliseconds
1779786281,1,7.000000,7.000000,7.000000,0.000000,7.000000,7.000000,7.000000,7.000000,7.000000,7.000000,0.001765,0.000018,0.030928,0.107350,calls/second,milliseconds
1779786282,1,7.000000,7.000000,7.000000,0.000000,7.000000,7.000000,7.000000,7.000000,7.000000,7.000000,0.001761,0.000018,0.030928,0.107350,calls/second,milliseconds
1779786283,1,7.000000,7.000000,7.000000,0.000000,7.000000,7.000000,7.000000,7.000000,7.000000,7.000000,0.001758,0.000018,0.030928,0.107350,calls/second,milliseconds
1779786284,1,7.000000,7.000000,7.000000,0.000000,7.000000,7.000000,7.000000,7.000000,7.000000,7.000000,0.001755,0.000018,0.030928,0.107350,calls/second,milliseconds
1779786285,1,7.000000,7.000000,7.000000,0.000000,7.000000,7.000000,7.000000,7.000000,7.000000,7.000000,0.001752,0.000016,0.030416,0.106755,calls/second,milliseconds
1779786286,1,7.000000,7.000000,7.000000,0.000000,7.000000,7.000000,7.000000,7.000000,7.000000,7.000000,0.001749,0.000016,0.030416,0.106755,calls/second,milliseconds
1779786287,1,7.000000,7.000000,7.000000,0.000000,7.000000,7.000000,7.000000,7.000000,7.000000,7.000000,0.001746,0.000016,0.030416,0.106755,calls/second,milliseconds
1779786288,1,7.000000,7.000000,7.000000,0.000000,7.000000,7.000000,7.000000,7.000000,7.000000,7.000000,0.001743,0.000016,0.030416,0.106755,calls/second,milliseconds
1779786289,1,7.000000,7.000000,7.000000,0.000000,7.000000,7.000000,7.000000,7.000000,7.000000,7.000000,0.001740,0.000016,0.030416,0.106755,calls/second,milliseconds
1779786290,1,7.000000,7.000000,7.000000,0.000000,7.000000,7.000000,7.000000,7.000000,7.000000,7.000000,0.001737,0.000015,0.029914,0.106164,calls/second,milliseconds
1779786291,1,7.000000,7.000000,7.000000,0.000000,7.000000,7.000000,7.000000,7.000000,7.000000,7.000000,0.001734,0.000015,0.029914,0.106164,calls/second,milliseconds
1779786292,1,7.000000,7.000000,7.000000,0.000000,7.000000,7.000000,7.000000,7.000000,7.000000,7.000000,0.001731,0.000015,0.029914,0.106164,calls/second,milliseconds
1779786293,1,7.000000,7.000000,7.000000,0.000000,7.000000,7.000000,7.000000,7.000000,7.000000,7.000000,0.001728,0.000015,0.029914,0.106164,calls/second,milliseconds
1779786294,1,7.000000,7.000000,7.000000,0.000000,7.000000,7.000000,7.000000,7.000000,7.000000,7.000000,0.001725,0.000015,0.029914,0.106164,calls/second,milliseconds
1779786295,1,7.000000,7.000000,7.000000,0.000000,7.000000,7.000000,7.000000,7.000000,7.000000,7.000000,0.001722,0.000014,0.029419,0.105576,calls/second,milliseconds
1779786296,1,7.000000,7.000000,7.000000,0.000000,7.000000,7.000000,7.000000,7.000000,7.000000,7.000000,0.001719,0.000014,0.029419,0.105576,calls/second,milliseconds
1779786297,1,7.000000,7.000000,7.000000,0.000000,7.000000,7.000000,7.000000,7.000000,7.000000,7.000000,0.001716,0.000014,0.029419,0.105576,calls/second,milliseconds
1779786298,1,7.000000,7.000000,7.000000,0.000000,7.000000,7.000000,7.000000,7.000000,7.000000,7.000000,0.001713,0.000014,0.029419,0.105576,calls/second,milliseconds
1779786299,1,7.000000,7.000000,7.000000,0.000000,7.000000,7.000000,7.000000,7.000000,7.000000,7.000000,0.001710,0.000014,0.029419,0.105576,calls/second,milliseconds
1779786300,1,7.000000,7.000000,7.000000,0.000000,7.000000,7.000000,7.000000,7.000000,7.000000,7.000000,0.001707,0.000013,0.028933,0.104991,calls/second,milliseconds
1779786301,1,7.000000,7.000000,7.000000,0.000000,7.000000,7.000000,7.000000,7.000000,7.000000,7.000000,0.001704,0.000013,0.028933,0.104991,calls/second,milliseconds
1779786302,1,7.000000,7.000000,7.000000,0.000000,7.000000,7.000000,7.000000,7.000000,7.000000,7.000000,0.001701,0.000013,0.028933,0.104991,calls/second,milliseconds
1779786303,1,7.000000,7.000000,7.000000,0.000000,7.000000,7.000000,7.000000,7.000000,7.000000,7.000000,0.001699,0.000013,0.028933,0.104991,calls/second,milliseconds
1779786304,1,7.000000,7.000000,7.000000,0.000000,7.000000,7.000000,7.000000,7.000000,7.000000,7.000000,0.001696,0.000013,0.028933,0.104991,calls/second,milliseconds
1779786305,1,7.000000,7.000000,7.000000,0.000000,7.000000,7.000000,7.000000,7.000000,7.000000,7.000000,0.001693,0.000012,0.028455,0.104409,calls/second,milliseconds
1779786306,1,7.000000,7.000000,7.000000,0.000000,7.000000,7.000000,7.000000,7.000000,7.000000,7.000000,0.001690,0.000012,0.028455,0.104409,calls/second,milliseconds
1779786307,1,7.000000,7.000000,7.000000,0.000000,7.000000,7.000000,7.000000,7.000000,7.000000,7.000000,0.001687,0.000012,0.028455,0.104409,calls/second,milliseconds
1779786308,1,7.000000,7.000000,7.000000,0.000000,7.000000,7.000000,7.000000,7.000000,7.000000,7.000000,0.001684,0.000012,0.028455,0.104409,calls/second,milliseconds
1779786309,1,7.000000,7.000000,7.000000,0.000000,7.000000,7.000000,7.000000,7.000000,7.000000,7.000000,0.001681,0.000012,0.028455,0.104409,calls/second,milliseconds
1779786310,1,7.000000,7.000000,7.000000,0.000000,7.000000,7.000000,7.000000,7.000000,7.000000,7.000000,0.001679,0.000011,0.027984,0.103831,calls/second,milliseconds
1779786311,1,7.000000,7.000000,7.000000,0.000000,7.000000,7.000000,7.000000,7.000000,7.000000,7.000000,0.001676,0.000011,0.027984,0.103831,calls/second,milliseconds
1779786312,1,7.000000,7.000000,7.000000,0.000000,7.000000,7.000000,7.000000,7.000000,7.000000,7.000000,0.001673,0.000011,0.027984,0.103831,calls/second,milliseconds
1779786313,1,7.000000,7.000000,7.000000,0.000000,7.000000,7.000000,7.000000,7.000000,7.000000,7.000000,0.001670,0.000011,0.027984,0.103831,calls/second,milliseconds
1779786314,1,7.000000,7.000000,7.000000,0.000000,7.000000,7.000000,7.000000,7.000000,7.000000,7.000000,0.001667,0.000011,0.027984,0.103831,calls/second,milliseconds
1779786315,1,7.000000,7.000000,7.000000,0.000000,7.000000,7.000000,7.000000,7.000000,7.000000,7.000000,0.001665,0.000010,0.027522,0.103255,calls/second,milliseconds
1779786316,1,7.000000,7.000000,7.000000,0.000000,7.000000,7.000000,7.000000,7.000000,7.000000,7.000000,0.001662,0.000010,0.027522,0.103255,calls/second,milliseconds
1779786317,1,7.000000,7.000000,7.000000,0.000000,7.000000,7.000000,7.000000,7.000000,7.000000,7.000000,0.001659,0.000010,0.027522,0.103255,calls/second,milliseconds
1779786318,1,7.000000,7.000000,7.000000,0.000000,7.000000,7.000000,7.000000,7.000000,7.000000,7.000000,0.001656,0.000010,0.027522,0.103255,calls/second,milliseconds
1779786319,1,7.000000,7.000000,7.000000,0.000000,7.000000,7.000000,7.000000,7.000000,7.000000,7.000000,0.001653,0.000010,0.027522,0.103255,calls/second,milliseconds
1779786320,1,7.000000,7.000000,7.000000,0.000000,7.000000,7.000000,7.000000,7.000000,7.000000,7.000000,0.001651,0.000009,0.027067,0.102683,calls/second,milliseconds
1779786321,1,7.000000,7.000000,7.000000,0.000000,7.000000,7.000000,7.000000,7.000000,7.000000,7.000000,0.001648,0.000009,0.027067,0.102683,calls/second,milliseconds
1779786322,1,7.000000,7.000000,7.000000,0.000000,7.000000,7.000000,7.000000,7.000000,7.000000,7.000000,0.001645,0.000009,0.027067,0.102683,calls/second,milliseconds
1779786323,1,7.000000,7.000000,7.000000,0.000000,7.000000,7.000000,7.000000,7.000000,7.000000,7.000000,0.001643,0.000009,0.027067,0.102683,calls/second,milliseconds
1779786324,1,7.000000,7.000000,7.000000,0.000000,7.000000,7.000000,7.000000,7.000000,7.000000,7.000000,0.001640,0.000009,0.027067,0.102683,calls/second,milliseconds
1779786325,1,7.000000,7.000000,7.000000,0.000000,7.000000,7.000000,7.000000,7.000000,7.000000,7.000000,0.001637,0.000008,0.026620,0.102115,calls/second,milliseconds
1779786326,1,7.000000,7.000000,7.000000,0.000000,7.000000,7.000000,7.000000,7.000000,7.000000,7.000000,0.001635,0.000008,0.026620,0.102115,calls/second,milliseconds
1779786327,1,7.000000,7.000000,7.000000,0.000000,7.000000,7.000000,7.000000,7.000000,7.000000,7.000000,0.001632,0.000008,0.026620,0.102115,calls/second,milliseconds
1779786328,1,7.000000,7.000000,7.000000,0.000000,7.000000,7.000000,7.000000,7.000000,7.000000,7.000000,0.001629,0.000008,0.026620,0.102115,calls/second,milliseconds
1779786329,1,7.000000,7.000000,7.000000,0.000000,7.000000,7.000000,7.000000,7.000000,7.000000,7.000000,0.001627,0.000008,0.026620,0.102115,calls/second,milliseconds
1779786330,1,7.000000,7.000000,7.000000,0.000000,7.000000,7.000000,7.000000,7.000000,7.000000,7.000000,0.001624,0.000008,0.026180,0.101549,calls/second,milliseconds
1779786331,1,7.000000,7.000000,7.000000,0.000000,7.000000,7.000000,7.000000,7.000000,7.000000,7.000000,0.001621,0.000008,0.026180,0.101549,calls/second,milliseconds
1779786332,1,7.000000,7.000000,7.000000,0.000000,7.000000,7.000000,7.000000,7.000000,7.000000,7.000000,0.001619,0.000008,0.026180,0.101549,calls/second,milliseconds
1779786333,1,7.000000,7.000000,7.000000,0.000000,7.000000,7.000000,7.000000,7.000000,7.000000,7.000000,0.001616,0.000008,0.026180,0.101549,calls/second,milliseconds
1779786334,1,7.000000,7.000000,7.000000,0.000000,7.000000,7.000000,7.000000,7.000000,7.000000,7.000000,0.001613,0.000008,0.026180,0.101549,calls/second,milliseconds
1779786335,1,7.000000,7.000000,7.000000,0.000000,7.000000,7.000000,7.000000,7.000000,7.000000,7.000000,0.001611,0.000007,0.025747,0.100986,calls/second,milliseconds
1779786336,1,7.000000,7.000000,7.000000,0.000000,7.000000,7.000000,7.000000,7.000000,7.000000,7.000000,0.001608,0.000007,0.025747,0.100986,calls/second,milliseconds
1779786337,1,7.000000,7.000000,7.000000,0.000000,7.000000,7.000000,7.000000,7.000000,7.000000,7.000000,0.001606,0.000007,0.025747,0.100986,calls/second,milliseconds
1779786338,1,7.000000,7.000000,7.000000,0.000000,7.000000,7.000000,7.000000,7.000000,7.000000,7.000000,0.001603,0.000007,0.025747,0.100986,calls/second,milliseconds
1779786339,1,7.000000,7.000000,7.000000,0.000000,7.000000,7.000000,7.000000,7.000000,7.000000,7.000000,0.001600,0.000007,0.025747,0.100986,calls/second,milliseconds
1779786340,1,7.000000,7.000000,7.000000,0.000000,7.000000,7.000000,7.000000,7.000000,7.000000,7.000000,0.001598,0.000007,0.025321,0.100427,calls/second,milliseconds
1779786341,1,7.000000,7.000000,7.000000,0.000000,7.000000,7.000000,7.000000,7.000000,7.000000,7.000000,0.001595,0.000007,0.025321,0.100427,calls/second,milliseconds
1779786342,1,7.000000,7.000000,7.000000,0.000000,7.000000,7.000000,7.000000,7.000000,7.000000,7.000000,0.001593,0.000007,0.025321,0.100427,calls/second,milliseconds
1779786343,1,7.000000,7.000000,7.000000,0.000000,7.000000,7.000000,7.000000,7.000000,7.000000,7.000000,0.001590,0.000007,0.025321,0.100427,calls/second,milliseconds
1779786344,1,7.000000,7.000000,7.000000,0.000000,7.000000,7.000000,7.000000,7.000000,7.000000,7.000000,0.001588,0.000007,0.025321,0.100427,calls/second,milliseconds
1779786345,1,7.000000,7.000000,7.000000,0.000000,7.000000,7.000000,7.000000,7.000000,7.000000,7.000000,0.001585,0.000006,0.024903,0.099870,calls/second,milliseconds
1779786346,1,7.000000,7.000000,7.000000,0.000000,7.000000,7.000000,7.000000,7.000000,7.000000,7.000000,0.001583,0.000006,0.024903,0.099870,calls/second,milliseconds
1779786347,1,7.000000,7.000000,7.000000,0.000000,7.000000,7.000000,7.000000,7.000000,7.000000,7.000000,0.001580,0.000006,0.024903,0.099870,calls/second,milliseconds
1779786348,1,7.000000,7.000000,7.000000,0.000000,7.000000,7.000000,7.000000,7.000000,7.000000,7.000000,0.001578,0.000006,0.024903,0.099870,calls/second,milliseconds
1779786349,1,7.000000,7.000000,7.000000,0.000000,7.000000,7.000000,7.000000,7.000000,7.000000,7.000000,0.001575,0.000006,0.024903,0.099870,calls/second,milliseconds
1779786350,1,7.000000,7.000000,7.000000,0.000000,7.000000,7.000000,7.000000,7.000000,7.000000,7.000000,0.001573,0.000006,0.024491,0.099317,calls/second,milliseconds
1779786351,1,7.000000,7.000000,7.000000,0.000000,7.000000,7.000000,7.000000,7.000000,7.000000,7.000000,0.001570,0.000006,0.024491,0.099317,calls/second,milliseconds
1779786352,1,7.000000,7.000000,7.000000,0.000000,7.000000,7.000000,7.000000,7.000000,7.000000,7.000000,0.001568,0.000006,0.024491,0.099317,calls/second,milliseconds
1779786353,1,7.000000,7.000000,7.000000,0.000000,7.000000,7.000000,7.000000,7.000000,7.000000,7.000000,0.001565,0.000006,0.024491,0.099317,calls/second,milliseconds
1779786354,1,7.000000,7.000000,7.000000,0.000000,7.000000,7.000000,7.000000,7.000000,7.000000,7.000000,0.001563,0.000006,0.024491,0.099317,calls/second,milliseconds
1779786355,1,7.000000,7.000000,7.000000,0.000000,7.000000,7.000000,7.000000,7.000000,7.000000,7.000000,0.001560,0.000005,0.024086,0.098767,calls/second,milliseconds
1779786356,1,7.000000,7.000000,7.000000,0.000000,7.000000,7.000000,7.000000,7.000000,7.000000,7.000000,0.001558,0.000005,0.024086,0.098767,calls/second,milliseconds
1779786357,1,7.000000,7.000000,7.000000,0.000000,7.000000,7.000000,7.000000,7.000000,7.000000,7.000000,0.001556,0.000005,0.024086,0.098767,calls/second,milliseconds
1779786358,1,7.000000,7.000000,7.000000,0.000000,7.000000,7.000000,7.000000,7.000000,7.000000,7.000000,0.001553,0.000005,0.024086,0.098767,calls/second,milliseconds
1779786359,1,7.000000,7.000000,7.000000,0.000000,7.000000,7.000000,7.000000,7.000000,7.000000,7.000000,0.001551,0.000005,0.024086,0.098767,calls/second,milliseconds
1779786360,1,7.000000,7.000000,7.000000,0.000000,7.000000,7.000000,7.000000,7.000000,7.000000,7.000000,0.001548,0.000005,0.023688,0.098220,calls/second,milliseconds
1779786361,1,7.000000,7.000000,7.000000,0.000000,7.000000,7.000000,7.000000,7.000000,7.000000,7.000000,0.001546,0.000005,0.023688,0.098220,calls/second,milliseconds
1779786362,1,7.000000,7.000000,7.000000,0.000000,7.000000,7.000000,7.000000,7.000000,7.000000,7.000000,0.001544,0.000005,0.023688,0.098220,calls/second,milliseconds
1779786363,1,7.000000,7.000000,7.000000,0.000000,7.000000,7.000000,7.000000,7.000000,7.000000,7.000000,0.001541,0.000005,0.023688,0.098220,calls/second,milliseconds
1779786364,1,7.000000,7.000000,7.000000,0.000000,7.000000,7.000000,7.000000,7.000000,7.000000,7.000000,0.001539,0.000005,0.023688,0.098220,calls/second,milliseconds
1779786365,1,7.000000,7.000000,7.000000,0.000000,7.000000,7.000000,7.000000,7.000000,7.000000,7.000000,0.001536,0.000004,0.023297,0.097675,calls/second,milliseconds
1779786366,1,7.000000,7.000000,7.000000,0.000000,7.000000,7.000000,7.000000,7.000000,7.000000,7.000000,0.001534,0.000004,0.023297,0.097675,calls/second,milliseconds
1779786367,1,7.000000,7.000000,7.000000,0.000000,7.000000,7.000000,7.000000,7.000000,7.000000,7.000000,0.001532,0.000004,0.023297,0.097675,calls/second,milliseconds
1779786368,1,7.000000,7.000000,7.000000,0.000000,7.000000,7.000000,7.000000,7.000000,7.000000,7.000000,0.001529,0.000004,0.023297,0.097675,calls/second,milliseconds
1779786369,1,7.000000,7.000000,7.000000,0.000000,7.000000,7.000000,7.000000,7.000000,7.000000,7.000000,0.001527,0.000004,0.023297,0.097675,calls/second,milliseconds
1779786370,1,7.000000,7.000000,7.000000,0.000000,7.000000,7.000000,7.000000,7.000000,7.000000,7.000000,0.001525,0.000004,0.022912,0.097134,calls/second,milliseconds
1779786371,1,7.000000,7.000000,7.000000,0.000000,7.000000,7.000000,7.000000,7.000000,7.000000,7.000000,0.001522,0.000004,0.022912,0.097134,calls/second,milliseconds
1779786372,1,7.000000,7.000000,7.000000,0.000000,7.000000,7.000000,7.000000,7.000000,7.000000,7.000000,0.001520,0.000004,0.022912,0.097134,calls/second,milliseconds
1779786373,1,7.000000,7.000000,7.000000,0.000000,7.000000,7.000000,7.000000,7.000000,7.000000,7.000000,0.001518,0.000004,0.022912,0.097134,calls/second,milliseconds
1779786374,1,7.000000,7.000000,7.000000,0.000000,7.000000,7.000000,7.000000,7.000000,7.000000,7.000000,0.001515,0.000004,0.022912,0.097134,calls/second,milliseconds
1779786375,1,7.000000,7.000000,7.000000,0.000000,7.000000,7.000000,7.000000,7.000000,7.000000,7.000000,0.001513,0.000004,0.022533,0.096596,calls/second,milliseconds
1779786376,1,7.000000,7.000000,7.000000,0.000000,7.000000,7.000000,7.000000,7.000000,7.000000,7.000000,0.001511,0.000004,0.022533,0.096596,calls/second,milliseconds
1779786377,1,7.000000,7.000000,7.000000,0.000000,7.000000,7.000000,7.000000,7.000000,7.000000,7.000000,0.001509,0.000004,0.022533,0.096596,calls/second,milliseconds
1779786378,1,7.000000,7.000000,7.000000,0.000000,7.000000,7.000000,7.000000,7.000000,7.000000,7.000000,0.001506,0.000004,0.022533,0.096596,calls/second,milliseconds
1779786379,1,7.000000,7.000000,7.000000,0.000000,7.000000,7.000000,7.000000,7.000000,7.000000,7.000000,0.001504,0.000004,0.022533,0.096596,calls/second,milliseconds
1779786380,1,7.000000,7.000000,7.000000,0.000000,7.000000,7.000000,7.000000,7.000000,7.000000,7.000000,0.001502,0.000003,0.022161,0.096061,calls/second,milliseconds
1779786381,1,7.000000,7.000000,7.000000,0.000000,7.000000,7.000000,7.000000,7.000000,7.000000,7.000000,0.001500,0.000003,0.022161,0.096061,calls/second,milliseconds
1779786382,1,7.000000,7.000000,7.000000,0.000000,7.000000,7.000000,7.000000,7.000000,7.000000,7.000000,0.001497,0.000003,0.022161,0.096061,calls/second,milliseconds
1779786383,1,7.000000,7.000000,7.000000,0.000000,7.000000,7.000000,7.000000,7.000000,7.000000,7.000000,0.001495,0.000003,0.022161,0.096061,calls/second,milliseconds
1779786384,1,7.000000,7.000000,7.000000,0.000000,7.000000,7.000000,7.000000,7.000000,7.000000,7.000000,0.001493,0.000003,0.022161,0.096061,calls/second,milliseconds
1779786385,1,7.000000,7.000000,7.000000,0.000000,7.000000,7.000000,7.000000,7.000000,7.000000,7.000000,0.001491,0.000003,0.021794,0.095529,calls/second,milliseconds
1779786386,1,7.000000,7.000000,7.000000,0.000000,7.000000,7.000000,7.000000,7.000000,7.000000,7.000000,0.001488,0.000003,0.021794,0.095529,calls/second,milliseconds
1779786387,1,7.000000,7.000000,7.000000,0.000000,7.000000,7.000000,7.000000,7.000000,7.000000,7.000000,0.001486,0.000003,0.021794,0.095529,calls/second,milliseconds
1779786388,1,7.000000,7.000000,7.000000,0.000000,7.000000,7.000000,7.000000,7.000000,7.000000,7.000000,0.001484,0.000003,0.021794,0.095529,calls/second,milliseconds
1779786389,1,7.000000,7.000000,7.000000,0.000000,7.000000,7.000000,7.000000,7.000000,7.000000,7.000000,0.001482,0.000003,0.021794,0.095529,calls/second,milliseconds
1779786390,1,7.000000,7.000000,7.000000,0.000000,7.000000,7.000000,7.000000,7.000000,7.000000,7.000000,0.001480,0.000003,0.021434,0.095000,calls/second,milliseconds
1779786391,1,7.000000,7.000000,7.000000,0.000000,7.000000,7.000000,7.000000,7.000000,7.000000,7.000000,0.001477,0.000003,0.021434,0.095000,calls/second,milliseconds
1779786392,1,7.000000,7.000000,7.000000,0.000000,7.000000,7.000000,7.000000,7.000000,7.000000,7.000000,0.001475,0.000003,0.021434,0.095000,calls/second,milliseconds
1779786393,1,7.000000,7.000000,7.000000,0.000000,7.000000,7.000000,7.000000,7.000000,7.000000,7.000000,0.001473,0.000003,0.021434,0.095000,calls/second,milliseconds
1779786394,1,7.000000,7.000000,7.000000,0.000000,7.000000,7.000000,7.000000,7.000000,7.000000,7.000000,0.001471,0.000003,0.021434,0.095000,calls/second,milliseconds
1779786395,1,7.000000,7.000000,7.000000,0.000000,7.000000,7.000000,7.000000,7.000000,7.000000,7.000000,0.001469,0.000003,0.021080,0.094473,calls/second,milliseconds
1779786396,1,7.000000,7.000000,7.000000,0.000000,7.000000,7.000000,7.000000,7.000000,7.000000,7.000000,0.001467,0.000003,0.021080,0.094473,calls/second,milliseconds
1779786397,1,7.000000,7.000000,7.000000,0.000000,7.000000,7.000000,7.000000,7.000000,7.000000,7.000000,0.001464,0.000003,0.021080,0.094473,calls/second,milliseconds
1779786398,1,7.000000,7.000000,7.000000,0.000000,7.000000,7.000000,7.000000,7.000000,7.000000,7.000000,0.001462,0.000003,0.021080,0.094473,calls/second,milliseconds
1779786399,1,7.000000,7.000000,7.000000,0.000000,7.000000,7.000000,7.000000,7.000000,7.000000,7.000000,0.001460,0.000003,0.021080,0.094473,calls/second,milliseconds
1779786400,1,7.000000,7.000000,7.000000,0.000000,7.000000,7.000000,7.000000,7.000000,7.000000,7.000000,0.001458,0.000002,0.020731,0.093950,calls/second,milliseconds
1779786401,1,7.000000,7.000000,7.000000,0.000000,7.000000,7.000000,7.000000,7.000000,7.000000,7.000000,0.001456,0.000002,0.020731,0.093950,calls/second,milliseconds
1779786402,1,7.000000,7.000000,7.000000,0.000000,7.000000,7.000000,7.000000,7.000000,7.000000,7.000000,0.001454,0.000002,0.020731,0.093950,calls/second,milliseconds
1779786403,1,7.000000,7.000000,7.000000,0.000000,7.000000,7.000000,7.000000,7.000000,7.000000,7.000000,0.001452,0.000002,0.020731,0.093950,calls/second,milliseconds
1779786404,1,7.000000,7.000000,7.000000,0.000000,7.000000,7.000000,7.000000,7.000000,7.000000,7.000000,0.001449,0.000002,0.020731,0.093950,calls/second,milliseconds
1779786405,1,7.000000,7.000000,7.000000,0.000000,7.000000,7.000000,7.000000,7.000000,7.000000,7.000000,0.001447,0.000002,0.020389,0.093429,calls/second,milliseconds
1779786406,1,7.000000,7.000000,7.000000,0.000000,7.000000,7.000000,7.000000,7.000000,7.000000,7.000000,0.001445,0.000002,0.020389,0.093429,calls/second,milliseconds
1779786407,1,7.000000,7.000000,7.000000,0.000000,7.000000,7.000000,7.000000,7.000000,7.000000,7.000000,0.001443,0.000002,0.020389,0.093429,calls/second,milliseconds
1779786408,1,7.000000,7.000000,7.000000,0.000000,7.000000,7.000000,7.000000,7.000000,7.000000,7.000000,0.001441,0.000002,0.020389,0.093429,calls/second,milliseconds
1779786409,1,7.000000,7.000000,7.000000,0.000000,7.000000,7.000000,7.000000,7.000000,7.000000,7.000000,0.001439,0.000002,0.020389,0.093429,calls/second,milliseconds
1779786410,1,7.000000,7.000000,7.000000,0.000000,7.000000,7.000000,7.000000,7.000000,7.000000,7.000000,0.001437,0.000002,0.020052,0.092912,calls/second,milliseconds
1779786411,1,7.000000,7.000000,7.000000,0.000000,7.000000,7.000000,7.000000,7.000000,7.000000,7.000000,0.001435,0.000002,0.020052,0.092912,calls/second,milliseconds
1779786412,1,7.000000,7.000000,7.000000,0.000000,7.000000,7.000000,7.000000,7.000000,7.000000,7.000000,0.001433,0.000002,0.020052,0.092912,calls/second,milliseconds
1779786413,1,7.000000,7.000000,7.000000,0.000000,7.000000,7.000000,7.000000,7.000000,7.000000,7.000000,0.001431,0.000002,0.020052,0.092912,calls/second,milliseconds
1779786414,1,7.000000,7.000000,7.000000,0.000000,7.000000,7.000000,7.000000,7.000000,7.000000,7.000000,0.001429,0.000002,0.020052,0.092912,calls/second,milliseconds
1779786415,1,7.000000,7.000000,7.000000,0.000000,7.000000,7.000000,7.000000,7.000000,7.000000,7.000000,0.001427,0.000002,0.019720,0.092397,calls/second,milliseconds
1779786416,1,7.000000,7.000000,7.000000,0.000000,7.000000,7.000000,7.000000,7.000000,7.000000,7.000000,0.001425,0.000002,0.019720,0.092397,calls/second,milliseconds
1779786417,1,7.000000,7.000000,7.000000,0.000000,7.000000,7.000000,7.000000,7.000000,7.000000,7.000000,0.001423,0.000002,0.019720,0.092397,calls/second,milliseconds
1779786418,1,7.000000,7.000000,7.000000,0.000000,7.000000,7.000000,7.000000,7.000000,7.000000,7.000000,0.001421,0.000002,0.019720,0.092397,calls/second,milliseconds
1779786419,1,7.000000,7.000000,7.000000,0.000000,7.000000,7.000000,7.000000,7.000000,7.000000,7.000000,0.001419,0.000002,0.019720,0.092397,calls/second,milliseconds
1779786420,1,7.000000,7.000000,7.000000,0.000000,7.000000,7.000000,7.000000,7.000000,7.000000,7.000000,0.001417,0.000002,0.019394,0.091885,calls/second,milliseconds
1779786421,1,7.000000,7.000000,7.000000,0.000000,7.000000,7.000000,7.000000,7.000000,7.000000,7.000000,0.001415,0.000002,0.019394,0.091885,calls/second,milliseconds
1779786422,1,7.000000,7.000000,7.000000,0.000000,7.000000,7.000000,7.000000,7.000000,7.000000,7.000000,0.001413,0.000002,0.019394,0.091885,calls/second,milliseconds
1779786423,1,7.000000,7.000000,7.000000,0.000000,7.000000,7.000000,7.000000,7.000000,7.000000,7.000000,0.001411,0.000002,0.019394,0.091885,calls/second,milliseconds
1779786424,1,7.000000,7.000000,7.000000,0.000000,7.000000,7.000000,7.000000,7.000000,7.000000,7.000000,0.001409,0.000002,0.019394,0.091885,calls/second,milliseconds
1779786425,1,7.000000,7.000000,7.000000,0.000000,7.000000,7.000000,7.000000,7.000000,7.000000,7.000000,0.001407,0.000002,0.019074,0.091376,calls/second,milliseconds
1779786426,1,7.000000,7.000000,7.000000,0.000000,7.000000,7.000000,7.000000,7.000000,7.000000,7.000000,0.001405,0.000002,0.019074,0.091376,calls/second,milliseconds
1779786427,1,7.000000,7.000000,7.000000,0.000000,7.000000,7.000000,7.000000,7.000000,7.000000,7.000000,0.001403,0.000002,0.019074,0.091376,calls/second,milliseconds
1779786428,1,7.000000,7.000000,7.000000,0.000000,7.000000,7.000000,7.000000,7.000000,7.000000,7.000000,0.001401,0.000002,0.019074,0.091376,calls/second,milliseconds
1779786429,1,7.000000,7.000000,7.000000,0.000000,7.000000,7.000000,7.000000,7.000000,7.000000,7.000000,0.001399,0.000002,0.019074,0.091376,calls/second,milliseconds
1779786430,1,7.000000,7.000000,7.000000,0.000000,7.000000,7.000000,7.000000,7.000000,7.000000,7.000000,0.001397,0.000001,0.018759,0.090870,calls/second,milliseconds
1779786431,1,7.000000,7.000000,7.000000,0.000000,7.000000,7.000000,7.000000,7.000000,7.000000,7.000000,0.001395,0.000001,0.018759,0.090870,calls/second,milliseconds
1779786432,1,7.000000,7.000000,7.000000,0.000000,7.000000,7.000000,7.000000,7.000000,7.000000,7.000000,0.001393,0.000001,0.018759,0.090870,calls/second,milliseconds
1779786433,1,7.000000,7.000000,7.000000,0.000000,7.000000,7.000000,7.000000,7.000000,7.000000,7.000000,0.001391,0.000001,0.018759,0.090870,calls/second,milliseconds
1779786434,1,7.000000,7.000000,7.000000,0.000000,7.000000,7.000000,7.000000,7.000000,7.000000,7.000000,0.001389,0.000001,0.018759,0.090870,calls/second,milliseconds
1779786435,1,7.000000,7.000000,7.000000,0.000000,7.000000,7.000000,7.000000,7.000000,7.000000,7.000000,0.001387,0.000001,0.018449,0.090366,calls/second,milliseconds
1779786436,1,7.000000,7.000000,7.000000,0.000000,7.000000,7.000000,7.000000,7.000000,7.000000,7.000000,0.001385,0.000001,0.018449,0.090366,calls/second,milliseconds
1779786437,1,7.000000,7.000000,7.000000,0.000000,7.000000,7.000000,7.000000,7.000000,7.000000,7.000000,0.001383,0.000001,0.018449,0.090366,calls/second,milliseconds
1779786438,1,7.000000,7.000000,7.000000,0.000000,7.000000,7.000000,7.000000,7.000000,7.000000,7.000000,0.001381,0.000001,0.018449,0.090366,calls/second,milliseconds
1779786439,1,7.000000,7.000000,7.000000,0.000000,7.000000,7.000000,7.000000,7.000000,7.000000,7.000000,0.001379,0.000001,0.018449,0.090366,calls/second,milliseconds
1779786440,1,7.000000,7.000000,7.000000,0.000000,7.000000,7.000000,7.000000,7.000000,7.000000,7.000000,0.001377,0.000001,0.018144,0.089866,calls/second,milliseconds
1779786441,1,7.000000,7.000000,7.000000,0.000000,7.000000,7.000000,7.000000,7.000000,7.000000,7.000000,0.001376,0.000001,0.018144,0.089866,calls/second,milliseconds
1779786442,1,7.000000,7.000000,7.000000,0.000000,7.000000,7.000000,7.000000,7.000000,7.000000,7.000000,0.001374,0.000001,0.018144,0.089866,calls/second,milliseconds
1779786443,1,7.000000,7.000000,7.000000,0.000000,7.000000,7.000000,7.000000,7.000000,7.000000,7.000000,0.001372,0.000001,0.018144,0.089866,calls/second,milliseconds
1779786444,1,7.000000,7.000000,7.000000,0.000000,7.000000,7.000000,7.000000,7.000000,7.000000,7.000000,0.001370,0.000001,0.018144,0.089866,calls/second,milliseconds
1779786445,1,7.000000,7.000000,7.000000,0.000000,7.000000,7.000000,7.000000,7.000000,7.000000,7.000000,0.001368,0.000001,0.017844,0.089368,calls/second,milliseconds
1779786446,1,7.000000,7.000000,7.000000,0.000000,7.000000,7.000000,7.000000,7.000000,7.000000,7.000000,0.001366,0.000001,0.017844,0.089368,calls/second,milliseconds
1779786447,1,7.000000,7.000000,7.000000,0.000000,7.000000,7.000000,7.000000,7.000000,7.000000,7.000000,0.001364,0.000001,0.017844,0.089368,calls/second,milliseconds
1779786448,1,7.000000,7.000000,7.000000,0.000000,7.000000,7.000000,7.000000,7.000000,7.000000,7.000000,0.001362,0.000001,0.017844,0.089368,calls/second,milliseconds
1779786449,1,7.000000,7.000000,7.000000,0.000000,7.000000,7.000000,7.000000,7.000000,7.000000,7.000000,0.001361,0.000001,0.017844,0.089368,calls/second,milliseconds
1779786450,1,7.000000,7.000000,7.000000,0.000000,7.000000,7.000000,7.000000,7.000000,7.000000,7.000000,0.001359,0.000001,0.017549,0.088873,calls/second,milliseconds
1779786451,1,7.000000,7.000000,7.000000,0.000000,7.000000,7.000000,7.000000,7.000000,7.000000,7.000000,0.001357,0.000001,0.017549,0.088873,calls/second,milliseconds
1779786452,1,7.000000,7.000000,7.000000,0.000000,7.000000,7.000000,7.000000,7.000000,7.000000,7.000000,0.001355,0.000001,0.017549,0.088873,calls/second,milliseconds
1779786453,1,7.000000,7.000000,7.000000,0.000000,7.000000,7.000000,7.000000,7.000000,7.000000,7.000000,0.001353,0.000001,0.017549,0.088873,calls/second,milliseconds
1779786454,1,7.000000,7.000000,7.000000,0.000000,7.000000,7.000000,7.000000,7.000000,7.000000,7.000000,0.001351,0.000001,0.017549,0.088873,calls/second,milliseconds
1779786455,1,7.000000,7.000000,7.000000,0.000000,7.000000,7.000000,7.000000,7.000000,7.000000,7.000000,0.001350,0.000001,0.017259,0.088380,calls/second,milliseconds
1779786456,1,7.000000,7.000000,7.000000,0.000000,7.000000,7.000000,7.000000,7.000000,7.000000,7.000000,0.001348,0.000001,0.017259,0.088380,calls/second,milliseconds
1779786457,1,7.000000,7.000000,7.000000,0.000000,7.000000,7.000000,7.000000,7.000000,7.000000,7.000000,0.001346,0.000001,0.017259,0.088380,calls/second,milliseconds
1779786458,1,7.000000,7.000000,7.000000,0.000000,7.000000,7.000000,7.000000,7.000000,7.000000,7.000000,0.001344,0.000001,0.017259,0.088380,calls/second,milliseconds
1779786459,1,7.000000,7.000000,7.000000,0.000000,7.000000,7.000000,7.000000,7.000000,7.000000,7.000000,0.001342,0.000001,0.017259,0.088380,calls/second,milliseconds
1779786460,1,7.000000,7.000000,7.000000,0.000000,7.000000,7.000000,7.000000,7.000000,7.000000,7.000000,0.001341,0.000001,0.016973,0.087891,calls/second,milliseconds
1779786461,1,7.000000,7.000000,7.000000,0.000000,7.000000,7.000000,7.000000,7.000000,7.000000,7.000000,0.001339,0.000001,0.016973,0.087891,calls/second,milliseconds
1779786462,1,7.000000,7.000000,7.000000,0.000000,7.000000,7.000000,7.000000,7.000000,7.000000,7.000000,0.001337,0.000001,0.016973,0.087891,calls/second,milliseconds
1779786463,1,7.000000,7.000000,7.000000,0.000000,7.000000,7.000000,7.000000,7.000000,7.000000,7.000000,0.001335,0.000001,0.016973,0.087891,calls/second,milliseconds
1779786464,1,7.000000,7.000000,7.000000,0.000000,7.000000,7.000000,7.000000,7.000000,7.000000,7.000000,0.001333,0.000001,0.016973,0.087891,calls/second,milliseconds
1779786465,1,7.000000,7.000000,7.000000,0.000000,7.000000,7.000000,7.000000,7.000000,7.000000,7.000000,0.001332,0.000001,0.016693,0.087404,calls/second,milliseconds
1779786466,1,7.000000,7.000000,7.000000,0.000000,7.000000,7.000000,7.000000,7.000000,7.000000,7.000000,0.001330,0.000001,0.016693,0.087404,calls/second,milliseconds
1779786467,1,7.000000,7.000000,7.000000,0.000000,7.000000,7.000000,7.000000,7.000000,7.000000,7.000000,0.001328,0.000001,0.016693,0.087404,calls/second,milliseconds
1779786468,1,7.000000,7.000000,7.000000,0.000000,7.000000,7.000000,7.000000,7.000000,7.000000,7.000000,0.001326,0.000001,0.016693,0.087404,calls/second,milliseconds
1779786469,1,7.000000,7.000000,7.000000,0.000000,7.000000,7.000000,7.000000,7.000000,7.000000,7.000000,0.001325,0.000001,0.016693,0.087404,calls/second,milliseconds
1779786470,1,7.000000,7.000000,7.000000,0.000000,7.000000,7.000000,7.000000,7.000000,7.000000,7.000000,0.001323,0.000001,0.016417,0.086920,calls/second,milliseconds
1779786471,1,7.000000,7.000000,7.000000,0.000000,7.000000,7.000000,7.000000,7.000000,7.000000,7.000000,0.001321,0.000001,0.016417,0.086920,calls/second,milliseconds
1779786472,1,7.000000,7.000000,7.000000,0.000000,7.000000,7.000000,7.000000,7.000000,7.000000,7.000000,0.001319,0.000001,0.016417,0.086920,calls/second,milliseconds
1779786473,1,7.000000,7.000000,7.000000,0.000000,7.000000,7.000000,7.000000,7.000000,7.000000,7.000000,0.001318,0.000001,0.016417,0.086920,calls/second,milliseconds
1779786474,1,7.000000,7.000000,7.000000,0.000000,7.000000,7.000000,7.000000,7.000000,7.000000,7.000000,0.001316,0.000001,0.016146,0.086438,calls/second,milliseconds
1779786475,1,7.000000,7.000000,7.000000,0.000000,7.000000,7.000000,7.000000,7.000000,7.000000,7.000000,0.001314,0.000001,0.016146,0.086438,calls/second,milliseconds
1779786476,1,7.000000,7.000000,7.000000,0.000000,7.000000,7.000000,7.000000,7.000000,7.000000,7.000000,0.001312,0.000001,0.016146,0.086438,calls/second,milliseconds
1779786477,1,7.000000,7.000000,7.000000,0.000000,7.000000,7.000000,7.000000,7.000000,7.000000,7.000000,0.001311,0.000001,0.016146,0.086438,calls/second,milliseconds
1779786478,1,7.000000,7.000000,7.000000,0.000000,7.000000,7.000000,7.000000,7.000000,7.000000,7.000000,0.001309,0.000001,0.016146,0.086438,calls/second,milliseconds
1779786479,1,7.000000,7.000000,7.000000,0.000000,7.000000,7.000000,7.000000,7.000000,7.000000,7.000000,0.001307,0.000001,0.015879,0.085959,calls/second,milliseconds
1779786480,1,7.000000,7.000000,7.000000,0.000000,7.000000,7.000000,7.000000,7.000000,7.000000,7.000000,0.001305,0.000001,0.015879,0.085959,calls/second,milliseconds
1779786481,1,7.000000,7.000000,7.000000,0.000000,7.000000,7.000000,7.000000,7.000000,7.000000,7.000000,0.001304,0.000001,0.015879,0.085959,calls/second,milliseconds
1779786482,1,7.000000,7.000000,7.000000,0.000000,7.000000,7.000000,7.000000,7.000000,7.000000,7.000000,0.001302,0.000001,0.015879,0.085959,calls/second,milliseconds
1779786483,1,7.000000,7.000000,7.000000,0.000000,7.000000,7.000000,7.000000,7.000000,7.000000,7.000000,0.001300,0.000001,0.015879,0.085959,calls/second,milliseconds
1779786484,1,7.000000,7.000000,7.000000,0.000000,7.000000,7.000000,7.000000,7.000000,7.000000,7.000000,0.001299,0.000001,0.015616,0.085483,calls/second,milliseconds
1779786485,1,7.000000,7.000000,7.000000,0.000000,7.000000,7.000000,7.000000,7.000000,7.000000,7.000000,0.001297,0.000001,0.015616,0.085483,calls/second,milliseconds
1779786486,1,7.000000,7.000000,7.000000,0.000000,7.000000,7.000000,7.000000,7.000000,7.000000,7.000000,0.001295,0.000001,0.015616,0.085483,calls/second,milliseconds
1779786487,1,7.000000,7.000000,7.000000,0.000000,7.000000,7.000000,7.000000,7.000000,7.000000,7.000000,0.001294,0.000001,0.015616,0.085483,calls/second,milliseconds
1779786488,1,7.000000,7.000000,7.000000,0.000000,7.000000,7.000000,7.000000,7.000000,7.000000,7.000000,0.001292,0.000001,0.015616,0.085483,calls/second,milliseconds
1779786489,1,7.000000,7.000000,7.000000,0.000000,7.000000,7.000000,7.000000,7.000000,7.000000,7.000000,0.001290,0.000001,0.015358,0.085009,calls/second,milliseconds
1779786490,1,7.000000,7.000000,7.000000,0.000000,7.000000,7.000000,7.000000,7.000000,7.000000,7.000000,0.001289,0.000001,0.015358,0.085009,calls/second,milliseconds
1779786491,1,7.000000,7.000000,7.000000,0.000000,7.000000,7.000000,7.000000,7.000000,7.000000,7.000000,0.001287,0.000001,0.015358,0.085009,calls/second,milliseconds
1779786492,1,7.000000,7.000000,7.000000,0.000000,7.000000,7.000000,7.000000,7.000000,7.000000,7.000000,0.001285,0.000001,0.015358,0.085009,calls/second,milliseconds
1779786493,1,7.000000,7.000000,7.000000,0.000000,7.000000,7.000000,7.000000,7.000000,7.000000,7.000000,0.001284,0.000001,0.015358,0.085009,calls/second,milliseconds
1779786494,1,7.000000,7.000000,7.000000,0.000000,7.000000,7.000000,7.000000,7.000000,7.000000,7.000000,0.001282,0.000000,0.015104,0.084538,calls/second,milliseconds
1779786495,1,7.000000,7.000000,7.000000,0.000000,7.000000,7.000000,7.000000,7.000000,7.000000,7.000000,0.001280,0.000000,0.015104,0.084538,calls/second,milliseconds
1779786496,1,7.000000,7.000000,7.000000,0.000000,7.000000,7.000000,7.000000,7.000000,7.000000,7.000000,0.001279,0.000000,0.015104,0.084538,calls/second,milliseconds
1779786497,1,7.000000,7.000000,7.000000,0.000000,7.000000,7.000000,7.000000,7.000000,7.000000,7.000000,0.001277,0.000000,0.015104,0.084538,calls/second,milliseconds
1779786498,1,7.000000,7.000000,7.000000,0.000000,7.000000,7.000000,7.000000,7.000000,7.000000,7.000000,0.001275,0.000000,0.015104,0.084538,calls/second,milliseconds
1779786499,1,7.000000,7.000000,7.000000,0.000000,7.000000,7.000000,7.000000,7.000000,7.000000,7.000000,0.001274,0.000000,0.014855,0.084070,calls/second,milliseconds
1779786500,1,7.000000,7.000000,7.000000,0.000000,7.000000,7.000000,7.000000,7.000000,7.000000,7.000000,0.001272,0.000000,0.014855,0.084070,calls/second,milliseconds
1779786501,1,7.000000,7.000000,7.000000,0.000000,7.000000,7.000000,7.000000,7.000000,7.000000,7.000000,0.001271,0.000000,0.014855,0.084070,calls/second,milliseconds
1779786502,1,7.000000,7.000000,7.000000,0.000000,7.000000,7.000000,7.000000,7.000000,7.000000,7.000000,0.001269,0.000000,0.014855,0.084070,calls/second,milliseconds
1779786503,1,7.000000,7.000000,7.000000,0.000000,7.000000,7.000000,7.000000,7.000000,7.000000,7.000000,0.001267,0.000000,0.014855,0.084070,calls/second,milliseconds
1779786504,1,7.000000,7.000000,7.000000,0.000000,7.000000,7.000000,7.000000,7.000000,7.000000,7.000000,0.001266,0.000000,0.014609,0.083604,calls/second,milliseconds
1779786505,1,7.000000,7.000000,7.000000,0.000000,7.000000,7.000000,7.000000,7.000000,7.000000,7.000000,0.001264,0.000000,0.014609,0.083604,calls/second,milliseconds
1779786506,1,7.000000,7.000000,7.000000,0.000000,7.000000,7.000000,7.000000,7.000000,7.000000,7.000000,0.001263,0.000000,0.014609,0.083604,calls/second,milliseconds
1779786507,1,7.000000,7.000000,7.000000,0.000000,7.000000,7.000000,7.000000,7.000000,7.000000,7.000000,0.001261,0.000000,0.014609,0.083604,calls/second,milliseconds
1779786508,1,7.000000,7.000000,7.000000,0.000000,7.000000,7.000000,7.000000,7.000000,7.000000,7.000000,0.001259,0.000000,0.014609,0.083604,calls/second,milliseconds
1779786509,1,7.000000,7.000000,7.000000,0.000000,7.000000,7.000000,7.000000,7.000000,7.000000,7.000000,0.001258,0.000000,0.014368,0.083141,calls/second,milliseconds
1779786510,1,7.000000,7.000000,7.000000,0.000000,7.000000,7.000000,7.000000,7.000000,7.000000,7.000000,0.001256,0.000000,0.014368,0.083141,calls/second,milliseconds
1779786511,1,7.000000,7.000000,7.000000,0.000000,7.000000,7.000000,7.000000,7.000000,7.000000,7.000000,0.001255,0.000000,0.014368,0.083141,calls/second,milliseconds
1779786512,1,7.000000,7.000000,7.000000,0.000000,7.000000,7.000000,7.000000,7.000000,7.000000,7.000000,0.001253,0.000000,0.014368,0.083141,calls/second,milliseconds
1779786513,1,7.000000,7.000000,7.000000,0.000000,7.000000,7.000000,7.000000,7.000000,7.000000,7.000000,0.001251,0.000000,0.014368,0.083141,calls/second,milliseconds
1779786514,1,7.000000,7.000000,7.000000,0.000000,7.000000,7.000000,7.000000,7.000000,7.000000,7.000000,0.001250,0.000000,0.014130,0.082681,calls/second,milliseconds
1779786515,1,7.000000,7.000000,7.000000,0.000000,7.000000,7.000000,7.000000,7.000000,7.000000,7.000000,0.001248,0.000000,0.014130,0.082681,calls/second,milliseconds
1779786516,1,7.000000,7.000000,7.000000,0.000000,7.000000,7.000000,7.000000,7.000000,7.000000,7.000000,0.001247,0.000000,0.014130,0.082681,calls/second,milliseconds
1779786517,1,7.000000,7.000000,7.000000,0.000000,7.000000,7.000000,7.000000,7.000000,7.000000,7.000000,0.001245,0.000000,0.014130,0.082681,calls/second,milliseconds
1779786518,1,7.000000,7.000000,7.000000,0.000000,7.000000,7.000000,7.000000,7.000000,7.000000,7.000000,0.001244,0.000000,0.014130,0.082681,calls/second,milliseconds
1779786519,1,7.000000,7.000000,7.000000,0.000000,7.000000,7.000000,7.000000,7.000000,7.000000,7.000000,0.001242,0.000000,0.013897,0.082222,calls/second,milliseconds
1779786520,1,7.000000,7.000000,7.000000,0.000000,7.000000,7.000000,7.000000,7.000000,7.000000,7.000000,0.001241,0.000000,0.013897,0.082222,calls/second,milliseconds
1779786521,1,7.000000,7.000000,7.000000,0.000000,7.000000,7.000000,7.000000,7.000000,7.000000,7.000000,0.001239,0.000000,0.013897,0.082222,calls/second,milliseconds
1779786522,1,7.000000,7.000000,7.000000,0.000000,7.000000,7.000000,7.000000,7.000000,7.000000,7.000000,0.001237,0.000000,0.013897,0.082222,calls/second,milliseconds
1779786523,1,7.000000,7.000000,7.000000,0.000000,7.000000,7.000000,7.000000,7.000000,7.000000,7.000000,0.001236,0.000000,0.013897,0.082222,calls/second,milliseconds
1779786524,1,7.000000,7.000000,7.000000,0.000000,7.000000,7.000000,7.000000,7.000000,7.000000,7.000000,0.001234,0.000000,0.013667,0.081767,calls/second,milliseconds
1779786525,1,7.000000,7.000000,7.000000,0.000000,7.000000,7.000000,7.000000,7.000000,7.000000,7.000000,0.001233,0.000000,0.013667,0.081767,calls/second,milliseconds
1779786526,1,7.000000,7.000000,7.000000,0.000000,7.000000,7.000000,7.000000,7.000000,7.000000,7.000000,0.001231,0.000000,0.013667,0.081767,calls/second,milliseconds
1779786527,1,7.000000,7.000000,7.000000,0.000000,7.000000,7.000000,7.000000,7.000000,7.000000,7.000000,0.001230,0.000000,0.013667,0.081767,calls/second,milliseconds
1779786528,1,7.000000,7.000000,7.000000,0.000000,7.000000,7.000000,7.000000,7.000000,7.000000,7.000000,0.001228,0.000000,0.013667,0.081767,calls/second,milliseconds
1779786529,1,7.000000,7.000000,7.000000,0.000000,7.000000,7.000000,7.000000,7.000000,7.000000,7.000000,0.001227,0.000000,0.013441,0.081314,calls/second,milliseconds
1779786530,1,7.000000,7.000000,7.000000,0.000000,7.000000,7.000000,7.000000,7.000000,7.000000,7.000000,0.001225,0.000000,0.013441,0.081314,calls/second,milliseconds
1779786531,1,7.000000,7.000000,7.000000,0.000000,7.000000,7.000000,7.000000,7.000000,7.000000,7.000000,0.001224,0.000000,0.013441,0.081314,calls/second,milliseconds
1779786532,1,7.000000,7.000000,7.000000,0.000000,7.000000,7.000000,7.000000,7.000000,7.000000,7.000000,0.001222,0.000000,0.013441,0.081314,calls/second,milliseconds
1779786533,1,7.000000,7.000000,7.000000,0.000000,7.000000,7.000000,7.000000,7.000000,7.000000,7.000000,0.001221,0.000000,0.013441,0.081314,calls/second,milliseconds
1779786534,1,7.000000,7.000000,7.000000,0.000000,7.000000,7.000000,7.000000,7.000000,7.000000,7.000000,0.001219,0.000000,0.013219,0.080863,calls/second,milliseconds
1779786535,1,7.000000,7.000000,7.000000,0.000000,7.000000,7.000000,7.000000,7.000000,7.000000,7.000000,0.001218,0.000000,0.013219,0.080863,calls/second,milliseconds
1779786536,1,7.000000,7.000000,7.000000,0.000000,7.000000,7.000000,7.000000,7.000000,7.000000,7.000000,0.001216,0.000000,0.013219,0.080863,calls/second,milliseconds
1779786537,1,7.000000,7.000000,7.000000,0.000000,7.000000,7.000000,7.000000,7.000000,7.000000,7.000000,0.001215,0.000000,0.013219,0.080863,calls/second,milliseconds
1779786538,1,7.000000,7.000000,7.000000,0.000000,7.000000,7.000000,7.000000,7.000000,7.000000,7.000000,0.001213,0.000000,0.013219,0.080863,calls/second,milliseconds
1779786539,1,7.000000,7.000000,7.000000,0.000000,7.000000,7.000000,7.000000,7.000000,7.000000,7.000000,0.001212,0.000000,0.013000,0.080415,calls/second,milliseconds
1779786540,1,7.000000,7.000000,7.000000,0.000000,7.000000,7.000000,7.000000,7.000000,7.000000,7.000000,0.001210,0.000000,0.013000,0.080415,calls/second,milliseconds
1779786541,1,7.000000,7.000000,7.000000,0.000000,7.000000,7.000000,7.000000,7.000000,7.000000,7.000000,0.001209,0.000000,0.013000,0.080415,calls/second,milliseconds
1779786542,1,7.000000,7.000000,7.000000,0.000000,7.000000,7.000000,7.000000,7.000000,7.000000,7.000000,0.001208,0.000000,0.013000,0.080415,calls/second,milliseconds
1779786543,1,7.000000,7.000000,7.000000,0.000000,7.000000,7.000000,7.000000,7.000000,7.000000,7.000000,0.001206,0.000000,0.013000,0.080415,calls/second,milliseconds
1779786544,1,7.000000,7.000000,7.000000,0.000000,7.000000,7.000000,7.000000,7.000000,7.000000,7.000000,0.001205,0.000000,0.012786,0.079970,calls/second,milliseconds
1779786545,1,7.000000,7.000000,7.000000,0.000000,7.000000,7.000000,7.000000,7.000000,7.000000,7.000000,0.001203,0.000000,0.012786,0.079970,calls/second,milliseconds
1779786546,1,7.000000,7.000000,7.000000,0.000000,7.000000,7.000000,7.000000,7.000000,7.000000,7.000000,0.001202,0.000000,0.012786,0.079970,calls/second,milliseconds
1779786547,1,7.000000,7.000000,7.000000,0.000000,7.000000,7.000000,7.000000,7.000000,7.000000,7.000000,0.001200,0.000000,0.012786,0.079970,calls/second,milliseconds
1779786548,1,7.000000,7.000000,7.000000,0.000000,7.000000,7.000000,7.000000,7.000000,7.000000,7.000000,0.001199,0.000000,0.012786,0.079970,calls/second,milliseconds
1779786549,1,7.000000,7.000000,7.000000,0.000000,7.000000,7.000000,7.000000,7.000000,7.000000,7.000000,0.001197,0.000000,0.012574,0.079527,calls/second,milliseconds
1779786550,1,7.000000,7.000000,7.000000,0.000000,7.000000,7.000000,7.000000,7.000000,7.000000,7.000000,0.001196,0.000000,0.012574,0.079527,calls/second,milliseconds
1779786551,1,7.000000,7.000000,7.000000,0.000000,7.000000,7.000000,7.000000,7.000000,7.000000,7.000000,0.001195,0.000000,0.012574,0.079527,calls/second,milliseconds
1779786552,1,7.000000,7.000000,7.000000,0.000000,7.000000,7.000000,7.000000,7.000000,7.000000,7.000000,0.001193,0.000000,0.012574,0.079527,calls/second,milliseconds
1779786553,1,7.000000,7.000000,7.000000,0.000000,7.000000,7.000000,7.000000,7.000000,7.000000,7.000000,0.001192,0.000000,0.012574,0.079527,calls/second,milliseconds
1779786554,1,7.000000,7.000000,7.000000,0.000000,7.000000,7.000000,7.000000,7.000000,7.000000,7.000000,0.001190,0.000000,0.012366,0.079086,calls/second,milliseconds
1779786555,1,7.000000,7.000000,7.000000,0.000000,7.000000,7.000000,7.000000,7.000000,7.000000,7.000000,0.001189,0.000000,0.012366,0.079086,calls/second,milliseconds
1779786556,1,7.000000,7.000000,7.000000,0.000000,7.000000,7.000000,7.000000,7.000000,7.000000,7.000000,0.001187,0.000000,0.012366,0.079086,calls/second,milliseconds
1779786557,1,7.000000,7.000000,7.000000,0.000000,7.000000,7.000000,7.000000,7.000000,7.000000,7.000000,0.001186,0.000000,0.012366,0.079086,calls/second,milliseconds
1779786558,1,7.000000,7.000000,7.000000,0.000000,7.000000,7.000000,7.000000,7.000000,7.000000,7.000000,0.001185,0.000000,0.012366,0.079086,calls/second,milliseconds
1779786559,1,7.000000,7.000000,7.000000,0.000000,7.000000,7.000000,7.000000,7.000000,7.000000,7.000000,0.001183,0.000000,0.012162,0.078648,calls/second,milliseconds
1779786560,1,7.000000,7.000000,7.000000,0.000000,7.000000,7.000000,7.000000,7.000000,7.000000,7.000000,0.001182,0.000000,0.012162,0.078648,calls/second,milliseconds
1779786561,1,7.000000,7.000000,7.000000,0.000000,7.000000,7.000000,7.000000,7.000000,7.000000,7.000000,0.001180,0.000000,0.012162,0.078648,calls/second,milliseconds
1779786562,1,7.000000,7.000000,7.000000,0.000000,7.000000,7.000000,7.000000,7.000000,7.000000,7.000000,0.001179,0.000000,0.012162,0.078648,calls/second,milliseconds
1779786563,1,7.000000,7.000000,7.000000,0.000000,7.000000,7.000000,7.000000,7.000000,7.000000,7.000000,0.001178,0.000000,0.012162,0.078648,calls/second,milliseconds
1779786564,1,7.000000,7.000000,7.000000,0.000000,7.000000,7.000000,7.000000,7.000000,7.000000,7.000000,0.001176,0.000000,0.011961,0.078212,calls/second,milliseconds
1779786565,1,7.000000,7.000000,7.000000,0.000000,7.000000,7.000000,7.000000,7.000000,7.000000,7.000000,0.001175,0.000000,0.011961,0.078212,calls/second,milliseconds
1779786566,1,7.000000,7.000000,7.000000,0.000000,7.000000,7.000000,7.000000,7.000000,7.000000,7.000000,0.001173,0.000000,0.011961,0.078212,calls/second,milliseconds
1779786567,1,7.000000,7.000000,7.000000,0.000000,7.000000,7.000000,7.000000,7.000000,7.000000,7.000000,0.001172,0.000000,0.011961,0.078212,calls/second,milliseconds
1779786568,1,7.000000,7.000000,7.000000,0.000000,7.000000,7.000000,7.000000,7.000000,7.000000,7.000000,0.001171,0.000000,0.011961,0.078212,calls/second,milliseconds
1779786569,1,7.000000,7.000000,7.000000,0.000000,7.000000,7.000000,7.000000,7.000000,7.000000,7.000000,0.001169,0.000000,0.011763,0.077779,calls/second,milliseconds
1779786570,1,7.000000,7.000000,7.000000,0.000000,7.000000,7.000000,7.000000,7.000000,7.000000,7.000000,0.001168,0.000000,0.011763,0.077779,calls/second,milliseconds
1779786571,1,7.000000,7.000000,7.000000,0.000000,7.000000,7.000000,7.000000,7.000000,7.000000,7.000000,0.001167,0.000000,0.011763,0.077779,calls/second,milliseconds
1779786572,1,7.000000,7.000000,7.000000,0.000000,7.000000,7.000000,7.000000,7.000000,7.000000,7.000000,0.001165,0.000000,0.011763,0.077779,calls/second,milliseconds
1779786573,1,7.000000,7.000000,7.000000,0.000000,7.000000,7.000000,7.000000,7.000000,7.000000,7.000000,0.001164,0.000000,0.011763,0.077779,calls/second,milliseconds
1779786574,1,7.000000,7.000000,7.000000,0.000000,7.000000,7.000000,7.000000,7.000000,7.000000,7.000000,0.001163,0.000000,0.011569,0.077348,calls/second,milliseconds
1779786575,1,7.000000,7.000000,7.000000,0.000000,7.000000,7.000000,7.000000,7.000000,7.000000,7.000000,0.001161,0.000000,0.011569,0.077348,calls/second,milliseconds
1779786576,1,7.000000,7.000000,7.000000,0.000000,7.000000,7.000000,7.000000,7.000000,7.000000,7.000000,0.001160,0.000000,0.011569,0.077348,calls/second,milliseconds
1779786577,1,7.000000,7.000000,7.000000,0.000000,7.000000,7.000000,7.000000,7.000000,7.000000,7.000000,0.001159,0.000000,0.011569,0.077348,calls/second,milliseconds
1779786578,1,7.000000,7.000000,7.000000,0.000000,7.000000,7.000000,7.000000,7.000000,7.000000,7.000000,0.001157,0.000000,0.011569,0.077348,calls/second,milliseconds
1779786579,1,7.000000,7.000000,7.000000,0.000000,7.000000,7.000000,7.000000,7.000000,7.000000,7.000000,0.001156,0.000000,0.011378,0.076920,calls/second,milliseconds
1779786580,1,7.000000,7.000000,7.000000,0.000000,7.000000,7.000000,7.000000,7.000000,7.000000,7.000000,0.001155,0.000000,0.011378,0.076920,calls/second,milliseconds
1779786581,1,7.000000,7.000000,7.000000,0.000000,7.000000,7.000000,7.000000,7.000000,7.000000,7.000000,0.001153,0.000000,0.011378,0.076920,calls/second,milliseconds
1779786582,1,7.000000,7.000000,7.000000,0.000000,7.000000,7.000000,7.000000,7.000000,7.000000,7.000000,0.001152,0.000000,0.011378,0.076920,calls/second,milliseconds
1779786583,1,7.000000,7.000000,7.000000,0.000000,7.000000,7.000000,7.000000,7.000000,7.000000,7.000000,0.001151,0.000000,0.011378,0.076920,calls/second,milliseconds
1779786584,1,7.000000,7.000000,7.000000,0.000000,7.000000,7.000000,7.000000,7.000000,7.000000,7.000000,0.001149,0.000000,0.011190,0.076494,calls/second,milliseconds
1779786585,1,7.000000,7.000000,7.000000,0.000000,7.000000,7.000000,7.000000,7.000000,7.000000,7.000000,0.001148,0.000000,0.011190,0.076494,calls/second,milliseconds
1779786586,1,7.000000,7.000000,7.000000,0.000000,7.000000,7.000000,7.000000,7.000000,7.000000,7.000000,0.001147,0.000000,0.011190,0.076494,calls/second,milliseconds
1779786587,1,7.000000,7.000000,7.000000,0.000000,7.000000,7.000000,7.000000,7.000000,7.000000,7.000000,0.001145,0.000000,0.011190,0.076494,calls/second,milliseconds
1779786588,1,7.000000,7.000000,7.000000,0.000000,7.000000,7.000000,7.000000,7.000000,7.000000,7.000000,0.001144,0.000000,0.011190,0.076494,calls/second,milliseconds
1779786589,1,7.000000,7.000000,7.000000,0.000000,7.000000,7.000000,7.000000,7.000000,7.000000,7.000000,0.001143,0.000000,0.011005,0.076070,calls/second,milliseconds
1779786590,1,7.000000,7.000000,7.000000,0.000000,7.000000,7.000000,7.000000,7.000000,7.000000,7.000000,0.001141,0.000000,0.011005,0.076070,calls/second,milliseconds
1779786591,1,7.000000,7.000000,7.000000,0.000000,7.000000,7.000000,7.000000,7.000000,7.000000,7.000000,0.001140,0.000000,0.011005,0.076070,calls/second,milliseconds
1779786592,1,7.000000,7.000000,7.000000,0.000000,7.000000,7.000000,7.000000,7.000000,7.000000,7.000000,0.001139,0.000000,0.011005,0.076070,calls/second,milliseconds
1779786593,1,7.000000,7.000000,7.000000,0.000000,7.000000,7.000000,7.000000,7.000000,7.000000,7.000000,0.001137,0.000000,0.011005,0.076070,calls/second,milliseconds
1779786594,1,7.000000,7.000000,7.000000,0.000000,7.000000,7.000000,7.000000,7.000000,7.000000,7.000000,0.001136,0.000000,0.010823,0.075648,calls/second,milliseconds
1779786595,1,7.000000,7.000000,7.000000,0.000000,7.000000,7.000000,7.000000,7.000000,7.000000,7.000000,0.001135,0.000000,0.010823,0.075648,calls/second,milliseconds
1779786596,1,7.000000,7.000000,7.000000,0.000000,7.000000,7.000000,7.000000,7.000000,7.000000,7.000000,0.001134,0.000000,0.010823,0.075648,calls/second,milliseconds
1779786597,1,7.000000,7.000000,7.000000,0.000000,7.000000,7.000000,7.000000,7.000000,7.000000,7.000000,0.001132,0.000000,0.010823,0.075648,calls/second,milliseconds
1779786598,1,7.000000,7.000000,7.000000,0.000000,7.000000,7.000000,7.000000,7.000000,7.000000,7.000000,0.001131,0.000000,0.010823,0.075648,calls/second,milliseconds
1779786599,1,7.000000,7.000000,7.000000,0.000000,7.000000,7.000000,7.000000,7.000000,7.000000,7.000000,0.001130,0.000000,0.010644,0.075229,calls/second,milliseconds
1779786600,1,7.000000,7.000000,7.000000,0.000000,7.000000,7.000000,7.000000,7.000000,7.000000,7.000000,0.001128,0.000000,0.010644,0.075229,calls/second,milliseconds
1779786601,1,7.000000,7.000000,7.000000,0.000000,7.000000,7.000000,7.000000,7.000000,7.000000,7.000000,0.001127,0.000000,0.010644,0.075229,calls/second,milliseconds
1779786602,1,7.000000,7.000000,7.000000,0.000000,7.000000,7.000000,7.000000,7.000000,7.000000,7.000000,0.001126,0.000000,0.010644,0.075229,calls/second,milliseconds
1779786603,1,7.000000,7.000000,7.000000,0.000000,7.000000,7.000000,7.000000,7.000000,7.000000,7.000000,0.001125,0.000000,0.010644,0.075229,calls/second,milliseconds
1779786604,1,7.000000,7.000000,7.000000,0.000000,7.000000,7.000000,7.000000,7.000000,7.000000,7.000000,0.001123,0.000000,0.010468,0.074812,calls/second,milliseconds
1779786605,1,7.000000,7.000000,7.000000,0.000000,7.000000,7.000000,7.000000,7.000000,7.000000,7.000000,0.001122,0.000000,0.010468,0.074812,calls/second,milliseconds
1779786606,1,7.000000,7.000000,7.000000,0.000000,7.000000,7.000000,7.000000,7.000000,7.000000,7.000000,0.001121,0.000000,0.010468,0.074812,calls/second,milliseconds
1779786607,1,7.000000,7.000000,7.000000,0.000000,7.000000,7.000000,7.000000,7.000000,7.000000,7.000000,0.001120,0.000000,0.010468,0.074812,calls/second,milliseconds
1779786608,1,7.000000,7.000000,7.000000,0.000000,7.000000,7.000000,7.000000,7.000000,7.000000,7.000000,0.001118,0.000000,0.010468,0.074812,calls/second,milliseconds
1779786609,1,7.000000,7.000000,7.000000,0.000000,7.000000,7.000000,7.000000,7.000000,7.000000,7.000000,0.001117,0.000000,0.010295,0.074398,calls/second,milliseconds
1779786610,1,7.000000,7.000000,7.000000,0.000000,7.000000,7.000000,7.000000,7.000000,7.000000,7.000000,0.001116,0.000000,0.010295,0.074398,calls/second,milliseconds
1779786611,1,7.000000,7.000000,7.000000,0.000000,7.000000,7.000000,7.000000,7.000000,7.000000,7.000000,0.001115,0.000000,0.010295,0.074398,calls/second,milliseconds
1779786612,1,7.000000,7.000000,7.000000,0.000000,7.000000,7.000000,7.000000,7.000000,7.000000,7.000000,0.001113,0.000000,0.010295,0.074398,calls/second,milliseconds
1779786613,1,7.000000,7.000000,7.000000,0.000000,7.000000,7.000000,7.000000,7.000000,7.000000,7.000000,0.001112,0.000000,0.010295,0.074398,calls/second,milliseconds
1779786614,1,7.000000,7.000000,7.000000,0.000000,7.000000,7.000000,7.000000,7.000000,7.000000,7.000000,0.001111,0.000000,0.010125,0.073986,calls/second,milliseconds
1779786615,1,7.000000,7.000000,7.000000,0.000000,7.000000,7.000000,7.000000,7.000000,7.000000,7.000000,0.001110,0.000000,0.010125,0.073986,calls/second,milliseconds
1779786616,1,7.000000,7.000000,7.000000,0.000000,7.000000,7.000000,7.000000,7.000000,7.000000,7.000000,0.001108,0.000000,0.010125,0.073986,calls/second,milliseconds
1779786617,1,7.000000,7.000000,7.000000,0.000000,7.000000,7.000000,7.000000,7.000000,7.000000,7.000000,0.001107,0.000000,0.010125,0.073986,calls/second,milliseconds
1779786618,1,7.000000,7.000000,7.000000,0.000000,7.000000,7.000000,7.000000,7.000000,7.000000,7.000000,0.001106,0.000000,0.010125,0.073986,calls/second,milliseconds
1779786619,1,7.000000,7.000000,7.000000,0.000000,7.000000,7.000000,7.000000,7.000000,7.000000,7.000000,0.001105,0.000000,0.009957,0.073576,calls/second,milliseconds
1779786620,1,7.000000,7.000000,7.000000,0.000000,7.000000,7.000000,7.000000,7.000000,7.000000,7.000000,0.001103,0.000000,0.009957,0.073576,calls/second,milliseconds
1779786621,1,7.000000,7.000000,7.000000,0.000000,7.000000,7.000000,7.000000,7.000000,7.000000,7.000000,0.001102,0.000000,0.009957,0.073576,calls/second,milliseconds
1779786622,1,7.000000,7.000000,7.000000,0.000000,7.000000,7.000000,7.000000,7.000000,7.000000,7.000000,0.001101,0.000000,0.009957,0.073576,calls/second,milliseconds
1779786623,1,7.000000,7.000000,7.000000,0.000000,7.000000,7.000000,7.000000,7.000000,7.000000,7.000000,0.001100,0.000000,0.009957,0.073576,calls/second,milliseconds
1779786624,1,7.000000,7.000000,7.000000,0.000000,7.000000,7.000000,7.000000,7.000000,7.000000,7.000000,0.001099,0.000000,0.009793,0.073168,calls/second,milliseconds
1779786625,1,7.000000,7.000000,7.000000,0.000000,7.000000,7.000000,7.000000,7.000000,7.000000,7.000000,0.001097,0.000000,0.009793,0.073168,calls/second,milliseconds
1779786626,1,7.000000,7.000000,7.000000,0.000000,7.000000,7.000000,7.000000,7.000000,7.000000,7.000000,0.001096,0.000000,0.009793,0.073168,calls/second,milliseconds
1779786627,1,7.000000,7.000000,7.000000,0.000000,7.000000,7.000000,7.000000,7.000000,7.000000,7.000000,0.001095,0.000000,0.009793,0.073168,calls/second,milliseconds
1779786628,1,7.000000,7.000000,7.000000,0.000000,7.000000,7.000000,7.000000,7.000000,7.000000,7.000000,0.001094,0.000000,0.009793,0.073168,calls/second,milliseconds
1779786629,1,7.000000,7.000000,7.000000,0.000000,7.000000,7.000000,7.000000,7.000000,7.000000,7.000000,0.001093,0.000000,0.009631,0.072763,calls/second,milliseconds
1779786630,1,7.000000,7.000000,7.000000,0.000000,7.000000,7.000000,7.000000,7.000000,7.000000,7.000000,0.001091,0.000000,0.009631,0.072763,calls/second,milliseconds
1779786631,1,7.000000,7.000000,7.000000,0.000000,7.000000,7.000000,7.000000,7.000000,7.000000,7.000000,0.001090,0.000000,0.009631,0.072763,calls/second,milliseconds
1779786632,1,7.000000,7.000000,7.000000,0.000000,7.000000,7.000000,7.000000,7.000000,7.000000,7.000000,0.001089,0.000000,0.009631,0.072763,calls/second,milliseconds
1779786633,1,7.000000,7.000000,7.000000,0.000000,7.000000,7.000000,7.000000,7.000000,7.000000,7.000000,0.001088,0.000000,0.009631,0.072763,calls/second,milliseconds
1779786634,1,7.000000,7.000000,7.000000,0.000000,7.000000,7.000000,7.000000,7.000000,7.000000,7.000000,0.001087,0.000000,0.009472,0.072360,calls/second,milliseconds
1779786635,1,7.000000,7.000000,7.000000,0.000000,7.000000,7.000000,7.000000,7.000000,7.000000,7.000000,0.001085,0.000000,0.009472,0.072360,calls/second,milliseconds
1779786636,1,7.000000,7.000000,7.000000,0.000000,7.000000,7.000000,7.000000,7.000000,7.000000,7.000000,0.001084,0.000000,0.009472,0.072360,calls/second,milliseconds
1779786637,1,7.000000,7.000000,7.000000,0.000000,7.000000,7.000000,7.000000,7.000000,7.000000,7.000000,0.001083,0.000000,0.009472,0.072360,calls/second,milliseconds
1779786638,1,7.000000,7.000000,7.000000,0.000000,7.000000,7.000000,7.000000,7.000000,7.000000,7.000000,0.001082,0.000000,0.009472,0.072360,calls/second,milliseconds
1779786639,1,7.000000,7.000000,7.000000,0.000000,7.000000,7.000000,7.000000,7.000000,7.000000,7.000000,0.001081,0.000000,0.009315,0.071959,calls/second,milliseconds
1779786640,1,7.000000,7.000000,7.000000,0.000000,7.000000,7.000000,7.000000,7.000000,7.000000,7.000000,0.001080,0.000000,0.009315,0.071959,calls/second,milliseconds
1779786641,1,7.000000,7.000000,7.000000,0.000000,7.000000,7.000000,7.000000,7.000000,7.000000,7.000000,0.001078,0.000000,0.009315,0.071959,calls/second,milliseconds
1779786642,1,7.000000,7.000000,7.000000,0.000000,7.000000,7.000000,7.000000,7.000000,7.000000,7.000000,0.001077,0.000000,0.009315,0.071959,calls/second,milliseconds
1779786643,1,7.000000,7.000000,7.000000,0.000000,7.000000,7.000000,7.000000,7.000000,7.000000,7.000000,0.001076,0.000000,0.009315,0.071959,calls/second,milliseconds
1779786644,1,7.000000,7.000000,7.000000,0.000000,7.000000,7.000000,7.000000,7.000000,7.000000,7.000000,0.001075,0.000000,0.009161,0.071560,calls/second,milliseconds
1779786645,1,7.000000,7.000000,7.000000,0.000000,7.000000,7.000000,7.000000,7.000000,7.000000,7.000000,0.001074,0.000000,0.009161,0.071560,calls/second,milliseconds
1779786646,1,7.000000,7.000000,7.000000,0.000000,7.000000,7.000000,7.000000,7.000000,7.000000,7.000000,0.001073,0.000000,0.009161,0.071560,calls/second,milliseconds
1779786647,1,7.000000,7.000000,7.000000,0.000000,7.000000,7.000000,7.000000,7.000000,7.000000,7.000000,0.001072,0.000000,0.009161,0.071560,calls/second,milliseconds
1779786648,1,7.000000,7.000000,7.000000,0.000000,7.000000,7.000000,7.000000,7.000000,7.000000,7.000000,0.001070,0.000000,0.009161,0.071560,calls/second,milliseconds
1779786649,1,7.000000,7.000000,7.000000,0.000000,7.000000,7.000000,7.000000,7.000000,7.000000,7.000000,0.001069,0.000000,0.009010,0.071164,calls/second,milliseconds
1779786650,1,7.000000,7.000000,7.000000,0.000000,7.000000,7.000000,7.000000,7.000000,7.000000,7.000000,0.001068,0.000000,0.009010,0.071164,calls/second,milliseconds
1779786651,1,7.000000,7.000000,7.000000,0.000000,7.000000,7.000000,7.000000,7.000000,7.000000,7.000000,0.001067,0.000000,0.009010,0.071164,calls/second,milliseconds
