t,count,max,mean,min,stddev,p50,p75,p95,p98,p99,p999,mean_rate,m1_rate,m5_rate,m15_rate,rate_unit,duration_unit
1779198397,10,262.856941,251.362229,234.734327,8.734174,254.066068,258.545611,262.856941,262.856941,262.856941,262.856941,18.596733,0.000000,0.000000,0.000000,calls/second,milliseconds
1779198398,10,262.856941,251.362229,234.734327,8.734174,254.066068,258.545611,262.856941,262.856941,262.856941,262.856941,6.489422,0.000000,0.000000,0.000000,calls/second,milliseconds
1779198399,10,262.856941,251.362229,234.734327,8.734174,254.066068,258.545611,262.856941,262.856941,262.856941,262.856941,3.931512,0.000000,0.000000,0.000000,calls/second,milliseconds
1779198400,10,262.856941,251.362229,234.734327,8.734174,254.066068,258.545611,262.856941,262.856941,262.856941,262.856941,2.819483,0.000000,0.000000,0.000000,calls/second,milliseconds
1779198401,10,262.856941,251.362229,234.734327,8.734174,254.066068,258.545611,262.856941,262.856941,262.856941,262.856941,2.198289,0.000000,0.000000,0.000000,calls/second,milliseconds
1779198402,10,262.856941,251.362229,234.734327,8.734174,254.066068,258.545611,262.856941,262.856941,262.856941,262.856941,1.801113,2.000000,2.000000,2.000000,calls/second,milliseconds
1779198403,10,262.856941,251.362229,234.734327,8.734174,254.066068,258.545611,262.856941,262.856941,262.856941,262.856941,1.525676,2.000000,2.000000,2.000000,calls/second,milliseconds
1779198404,10,262.856941,251.362229,234.734327,8.734174,254.066068,258.545611,262.856941,262.856941,262.856941,262.856941,1.323334,2.000000,2.000000,2.000000,calls/second,milliseconds
1779198405,15,262.856941,175.165228,29.127242,101.820115,243.758579,256.663375,262.856941,262.856941,262.856941,262.856941,1.752519,2.000000,2.000000,2.000000,calls/second,milliseconds
1779198406,15,262.856941,175.165228,29.127242,101.820115,243.758579,256.663375,262.856941,262.856941,262.856941,262.856941,1.568777,2.000000,2.000000,2.000000,calls/second,milliseconds
1779198407,15,262.856941,175.165228,29.127242,101.820115,243.758579,256.663375,262.856941,262.856941,262.856941,262.856941,1.419879,1.920044,1.983471,1.994460,calls/second,milliseconds
1779198408,15,262.856941,175.165228,29.127242,101.820115,243.758579,256.663375,262.856941,262.856941,262.856941,262.856941,1.296858,1.920044,1.983471,1.994460,calls/second,milliseconds
1779198409,15,262.856941,175.165228,29.127242,101.820115,243.758579,256.663375,262.856941,262.856941,262.856941,262.856941,1.193446,1.920044,1.983471,1.994460,calls/second,milliseconds
1779198410,15,262.856941,175.165228,29.127242,101.820115,243.758579,256.663375,262.856941,262.856941,262.856941,262.856941,1.105278,1.920044,1.983471,1.994460,calls/second,milliseconds
1779198411,15,262.856941,175.165228,29.127242,101.820115,243.758579,256.663375,262.856941,262.856941,262.856941,262.856941,1.029262,1.920044,1.983471,1.994460,calls/second,milliseconds
1779198412,15,262.856941,175.165228,29.127242,101.820115,243.758579,256.663375,262.856941,262.856941,262.856941,262.856941,0.963031,1.766526,1.950688,1.983410,calls/second,milliseconds
1779198413,15,262.856941,175.165228,29.127242,101.820115,243.758579,256.663375,262.856941,262.856941,262.856941,262.856941,0.904816,1.766526,1.950688,1.983410,calls/second,milliseconds
1779198414,15,262.856941,175.165228,29.127242,101.820115,243.758579,256.663375,262.856941,262.856941,262.856941,262.856941,0.853222,1.766526,1.950688,1.983410,calls/second,milliseconds
1779198415,15,262.856941,175.165228,29.127242,101.820115,243.758579,256.663375,262.856941,262.856941,262.856941,262.856941,0.807228,1.766526,1.950688,1.983410,calls/second,milliseconds
1779198416,15,262.856941,175.165228,29.127242,101.820115,243.758579,256.663375,262.856941,262.856941,262.856941,262.856941,0.765919,1.766526,1.950688,1.983410,calls/second,milliseconds
1779198417,20,262.856941,148.775634,29.127242,94.267472,100.533715,251.756663,260.978760,262.856941,262.856941,262.856941,0.971510,1.625283,1.918446,1.972422,calls/second,milliseconds
1779198418,20,262.856941,148.775634,29.127242,94.267472,100.533715,251.756663,260.978760,262.856941,262.856941,262.856941,0.926421,1.625283,1.918446,1.972422,calls/second,milliseconds
1779198419,20,262.856941,148.775634,29.127242,94.267472,100.533715,251.756663,260.978760,262.856941,262.856941,262.856941,0.885331,1.625283,1.918446,1.972422,calls/second,milliseconds
1779198420,20,262.856941,148.775634,29.127242,94.267472,100.533715,251.756663,260.978760,262.856941,262.856941,262.856941,0.847712,1.625283,1.918446,1.972422,calls/second,milliseconds
1779198421,20,262.856941,148.775634,29.127242,94.267472,100.533715,251.756663,260.978760,262.856941,262.856941,262.856941,0.813163,1.625283,1.918446,1.972422,calls/second,milliseconds
1779198422,20,262.856941,148.775634,29.127242,94.267472,100.533715,251.756663,260.978760,262.856941,262.856941,262.856941,0.781328,1.575288,1.903265,1.967034,calls/second,milliseconds
1779198423,20,262.856941,148.775634,29.127242,94.267472,100.533715,251.756663,260.978760,262.856941,262.856941,262.856941,0.751905,1.575288,1.903265,1.967034,calls/second,milliseconds
1779198424,20,262.856941,148.775634,29.127242,94.267472,100.533715,251.756663,260.978760,262.856941,262.856941,262.856941,0.724612,1.575288,1.903265,1.967034,calls/second,milliseconds
1779198425,20,262.856941,148.775634,29.127242,94.267472,100.533715,251.756663,260.978760,262.856941,262.856941,262.856941,0.699234,1.575288,1.903265,1.967034,calls/second,milliseconds
1779198426,20,262.856941,148.775634,29.127242,94.267472,100.533715,251.756663,260.978760,262.856941,262.856941,262.856941,0.675564,1.575288,1.903265,1.967034,calls/second,milliseconds
1779198427,25,262.856941,119.730198,25.737538,94.886622,80.705665,243.758579,260.978760,262.856941,262.856941,262.856941,0.816568,1.449335,1.871807,1.956137,calls/second,milliseconds
1779198428,25,262.856941,119.730198,25.737538,94.886622,80.705665,243.758579,260.978760,262.856941,262.856941,262.856941,0.790689,1.449335,1.871807,1.956137,calls/second,milliseconds
1779198429,25,262.856941,119.730198,25.737538,94.886622,80.705665,243.758579,260.978760,262.856941,262.856941,262.856941,0.766411,1.449335,1.871807,1.956137,calls/second,milliseconds
1779198430,25,262.856941,119.730198,25.737538,94.886622,80.705665,243.758579,260.978760,262.856941,262.856941,262.856941,0.743568,1.449335,1.871807,1.956137,calls/second,milliseconds
1779198431,25,262.856941,119.730198,25.737538,94.886622,80.705665,243.758579,260.978760,262.856941,262.856941,262.856941,0.722050,1.449335,1.871807,1.956137,calls/second,milliseconds
1779198432,25,262.856941,119.730198,25.737538,94.886622,80.705665,243.758579,260.978760,262.856941,262.856941,262.856941,0.701744,1.413408,1.857397,1.950840,calls/second,milliseconds
1779198433,25,262.856941,119.730198,25.737538,94.886622,80.705665,243.758579,260.978760,262.856941,262.856941,262.856941,0.682548,1.413408,1.857397,1.950840,calls/second,milliseconds
1779198434,30,262.856941,110.965254,25.737538,85.244086,80.705665,234.734327,260.978760,262.856941,262.856941,262.856941,0.797251,1.413408,1.857397,1.950840,calls/second,milliseconds
1779198435,30,262.856941,110.965254,25.737538,85.244086,80.705665,234.734327,260.978760,262.856941,262.856941,262.856941,0.776569,1.413408,1.857397,1.950840,calls/second,milliseconds
1779198436,30,262.856941,110.965254,25.737538,85.244086,80.705665,234.734327,260.978760,262.856941,262.856941,262.856941,0.756927,1.413408,1.857397,1.950840,calls/second,milliseconds
1779198437,30,262.856941,110.965254,25.737538,85.244086,80.705665,234.734327,260.978760,262.856941,262.856941,262.856941,0.738255,1.380354,1.843226,1.945572,calls/second,milliseconds
1779198438,30,262.856941,110.965254,25.737538,85.244086,80.705665,234.734327,260.978760,262.856941,262.856941,262.856941,0.720487,1.380354,1.843226,1.945572,calls/second,milliseconds
1779198439,30,262.856941,110.965254,25.737538,85.244086,80.705665,234.734327,260.978760,262.856941,262.856941,262.856941,0.703563,1.380354,1.843226,1.945572,calls/second,milliseconds
1779198440,30,262.856941,110.965254,25.737538,85.244086,80.705665,234.734327,260.978760,262.856941,262.856941,262.856941,0.687408,1.380354,1.843226,1.945572,calls/second,milliseconds
1779198441,30,262.856941,110.965254,25.737538,85.244086,80.705665,234.734327,260.978760,262.856941,262.856941,262.856941,0.671974,1.380354,1.843226,1.945572,calls/second,milliseconds
1779198442,30,262.856941,110.965254,25.737538,85.244086,80.705665,234.734327,260.978760,262.856941,262.856941,262.856941,0.657212,1.269987,1.812760,1.934793,calls/second,milliseconds
1779198443,30,262.856941,110.965254,25.737538,85.244086,80.705665,234.734327,260.978760,262.856941,262.856941,262.856941,0.643094,1.269987,1.812760,1.934793,calls/second,milliseconds
1779198444,35,262.856941,95.028485,23.703119,82.187983,70.436603,95.837707,258.545611,262.856941,262.856941,262.856941,0.734498,1.269987,1.812760,1.934793,calls/second,milliseconds
1779198445,35,262.856941,95.028485,23.703119,82.187983,70.436603,95.837707,258.545611,262.856941,262.856941,262.856941,0.719373,1.269987,1.812760,1.934793,calls/second,milliseconds
1779198446,35,262.856941,95.028485,23.703119,82.187983,70.436603,95.837707,258.545611,262.856941,262.856941,262.856941,0.704855,1.269987,1.812760,1.934793,calls/second,milliseconds
1779198447,35,262.856941,95.028485,23.703119,82.187983,70.436603,95.837707,258.545611,262.856941,262.856941,262.856941,0.690915,1.248400,1.799326,1.929614,calls/second,milliseconds
1779198448,35,262.856941,95.028485,23.703119,82.187983,70.436603,95.837707,258.545611,262.856941,262.856941,262.856941,0.677514,1.248400,1.799326,1.929614,calls/second,milliseconds
1779198449,35,262.856941,95.028485,23.703119,82.187983,70.436603,95.837707,258.545611,262.856941,262.856941,262.856941,0.664628,1.248400,1.799326,1.929614,calls/second,milliseconds
1779198450,35,262.856941,95.028485,23.703119,82.187983,70.436603,95.837707,258.545611,262.856941,262.856941,262.856941,0.652215,1.248400,1.799326,1.929614,calls/second,milliseconds
1779198451,35,262.856941,95.028485,23.703119,82.187983,70.436603,95.837707,258.545611,262.856941,262.856941,262.856941,0.640262,1.248400,1.799326,1.929614,calls/second,milliseconds
1779198452,35,262.856941,95.028485,23.703119,82.187983,70.436603,95.837707,258.545611,262.856941,262.856941,262.856941,0.628738,1.148583,1.769586,1.918924,calls/second,milliseconds
1779198453,35,262.856941,95.028485,23.703119,82.187983,70.436603,95.837707,258.545611,262.856941,262.856941,262.856941,0.617627,1.148583,1.769586,1.918924,calls/second,milliseconds
1779198454,35,262.856941,95.028485,23.703119,82.187983,70.436603,95.837707,258.545611,262.856941,262.856941,262.856941,0.606898,1.148583,1.769586,1.918924,calls/second,milliseconds
1779198455,35,262.856941,95.028485,23.703119,82.187983,70.436603,95.837707,258.545611,262.856941,262.856941,262.856941,0.596534,1.148583,1.769586,1.918924,calls/second,milliseconds
1779198456,38,262.856941,92.548934,23.703119,76.986191,72.369956,89.841439,258.545611,260.978760,262.856941,262.856941,0.636792,1.148583,1.769586,1.918924,calls/second,milliseconds
1779198457,40,262.856941,92.150451,23.703119,73.888917,76.030045,89.682072,256.663375,260.978760,262.856941,262.856941,0.659239,1.136703,1.756866,1.913833,calls/second,milliseconds
1779198458,40,262.856941,92.150451,23.703119,73.888917,76.030045,89.682072,256.663375,260.978760,262.856941,262.856941,0.648534,1.136703,1.756866,1.913833,calls/second,milliseconds
1779198459,40,262.856941,92.150451,23.703119,73.888917,76.030045,89.682072,256.663375,260.978760,262.856941,262.856941,0.638169,1.136703,1.756866,1.913833,calls/second,milliseconds
1779198460,40,262.856941,92.150451,23.703119,73.888917,76.030045,89.682072,256.663375,260.978760,262.856941,262.856941,0.628129,1.136703,1.756866,1.913833,calls/second,milliseconds
1779198461,40,262.856941,92.150451,23.703119,73.888917,76.030045,89.682072,256.663375,260.978760,262.856941,262.856941,0.618404,1.136703,1.756866,1.913833,calls/second,milliseconds
1779198462,40,262.856941,92.150451,23.703119,73.888917,76.030045,89.682072,256.663375,260.978760,262.856941,262.856941,0.608975,1.045817,1.727827,1.903230,calls/second,milliseconds
1779198463,40,262.856941,92.150451,23.703119,73.888917,76.030045,89.682072,256.663375,260.978760,262.856941,262.856941,0.599831,1.045817,1.727827,1.903230,calls/second,milliseconds
1779198464,40,262.856941,92.150451,23.703119,73.888917,76.030045,89.682072,256.663375,260.978760,262.856941,262.856941,0.590952,1.045817,1.727827,1.903230,calls/second,milliseconds
1779198465,40,262.856941,92.150451,23.703119,73.888917,76.030045,89.682072,256.663375,260.978760,262.856941,262.856941,0.582333,1.045817,1.727827,1.903230,calls/second,milliseconds
1779198466,45,262.856941,81.294540,23.703119,70.423219,50.124124,85.396664,256.663375,260.978760,262.856941,262.856941,0.645701,1.045817,1.727827,1.903230,calls/second,milliseconds
1779198467,45,262.856941,81.294540,23.703119,70.423219,50.124124,85.396664,256.663375,260.978760,262.856941,262.856941,0.636548,1.042154,1.715797,1.898226,calls/second,milliseconds
1779198468,45,262.856941,81.294540,23.703119,70.423219,50.124124,85.396664,256.663375,260.978760,262.856941,262.856941,0.627656,1.042154,1.715797,1.898226,calls/second,milliseconds
1779198469,45,262.856941,81.294540,23.703119,70.423219,50.124124,85.396664,256.663375,260.978760,262.856941,262.856941,0.619006,1.042154,1.715797,1.898226,calls/second,milliseconds
1779198470,45,262.856941,81.294540,23.703119,70.423219,50.124124,85.396664,256.663375,260.978760,262.856941,262.856941,0.610592,1.042154,1.715797,1.898226,calls/second,milliseconds
1779198471,45,262.856941,81.294540,23.703119,70.423219,50.124124,85.396664,256.663375,260.978760,262.856941,262.856941,0.602405,1.042154,1.715797,1.898226,calls/second,milliseconds
1779198472,45,262.856941,81.294540,23.703119,70.423219,50.124124,85.396664,256.663375,260.978760,262.856941,262.856941,0.594431,0.958828,1.687438,1.887709,calls/second,milliseconds
1779198473,45,262.856941,81.294540,23.703119,70.423219,50.124124,85.396664,256.663375,260.978760,262.856941,262.856941,0.586667,0.958828,1.687438,1.887709,calls/second,milliseconds
1779198474,45,262.856941,81.294540,23.703119,70.423219,50.124124,85.396664,256.663375,260.978760,262.856941,262.856941,0.579104,0.958828,1.687438,1.887709,calls/second,milliseconds
1779198475,45,262.856941,81.294540,23.703119,70.423219,50.124124,85.396664,256.663375,260.978760,262.856941,262.856941,0.571734,0.958828,1.687438,1.887709,calls/second,milliseconds
1779198476,45,262.856941,81.294540,23.703119,70.423219,50.124124,85.396664,256.663375,260.978760,262.856941,262.856941,0.564547,0.958828,1.687438,1.887709,calls/second,milliseconds
1779198477,45,262.856941,81.294540,23.703119,70.423219,50.124124,85.396664,256.663375,260.978760,262.856941,262.856941,0.557539,0.882164,1.659547,1.877251,calls/second,milliseconds
1779198478,45,262.856941,81.294540,23.703119,70.423219,50.124124,85.396664,256.663375,260.978760,262.856941,262.856941,0.550702,0.882164,1.659547,1.877251,calls/second,milliseconds
1779198479,45,262.856941,81.294540,23.703119,70.423219,50.124124,85.396664,256.663375,260.978760,262.856941,262.856941,0.544033,0.882164,1.659547,1.877251,calls/second,milliseconds
1779198480,45,262.856941,81.294540,23.703119,70.423219,50.124124,85.396664,256.663375,260.978760,262.856941,262.856941,0.537525,0.882164,1.659547,1.877251,calls/second,milliseconds
1779198481,45,262.856941,81.294540,23.703119,70.423219,50.124124,85.396664,256.663375,260.978760,262.856941,262.856941,0.531170,0.882164,1.659547,1.877251,calls/second,milliseconds
1779198482,45,262.856941,81.294540,23.703119,70.423219,50.124124,85.396664,256.663375,260.978760,262.856941,262.856941,0.524964,0.811630,1.632117,1.866851,calls/second,milliseconds
1779198483,45,262.856941,81.294540,23.703119,70.423219,50.124124,85.396664,256.663375,260.978760,262.856941,262.856941,0.518901,0.811630,1.632117,1.866851,calls/second,milliseconds
1779198484,45,262.856941,81.294540,23.703119,70.423219,50.124124,85.396664,256.663375,260.978760,262.856941,262.856941,0.512976,0.811630,1.632117,1.866851,calls/second,milliseconds
1779198485,45,262.856941,81.294540,23.703119,70.423219,50.124124,85.396664,256.663375,260.978760,262.856941,262.856941,0.507185,0.811630,1.632117,1.866851,calls/second,milliseconds
1779198486,45,262.856941,81.294540,23.703119,70.423219,50.124124,85.396664,256.663375,260.978760,262.856941,262.856941,0.501525,0.811630,1.632117,1.866851,calls/second,milliseconds
1779198487,45,262.856941,81.294540,23.703119,70.423219,50.124124,85.396664,256.663375,260.978760,262.856941,262.856941,0.495988,0.746736,1.605140,1.856508,calls/second,milliseconds
1779198488,50,262.856941,81.363346,23.703119,62.800004,76.030045,86.208027,254.066068,260.978760,262.856941,262.856941,0.545076,0.746736,1.605140,1.856508,calls/second,milliseconds
1779198489,50,262.856941,81.363346,23.703119,62.800004,76.030045,86.208027,254.066068,260.978760,262.856941,262.856941,0.539186,0.746736,1.605140,1.856508,calls/second,milliseconds
1779198490,50,262.856941,81.363346,23.703119,62.800004,76.030045,86.208027,254.066068,260.978760,262.856941,262.856941,0.533425,0.746736,1.605140,1.856508,calls/second,milliseconds
1779198491,50,262.856941,81.363346,23.703119,62.800004,76.030045,86.208027,254.066068,260.978760,262.856941,262.856941,0.527786,0.746736,1.605140,1.856508,calls/second,milliseconds
1779198492,50,262.856941,81.363346,23.703119,62.800004,76.030045,86.208027,254.066068,260.978760,262.856941,262.856941,0.522265,0.766986,1.595138,1.851763,calls/second,milliseconds
1779198493,50,262.856941,81.363346,23.703119,62.800004,76.030045,86.208027,254.066068,260.978760,262.856941,262.856941,0.516857,0.766986,1.595138,1.851763,calls/second,milliseconds
1779198494,50,262.856941,81.363346,23.703119,62.800004,76.030045,86.208027,254.066068,260.978760,262.856941,262.856941,0.511560,0.766986,1.595138,1.851763,calls/second,milliseconds
1779198495,50,262.856941,81.363346,23.703119,62.800004,76.030045,86.208027,254.066068,260.978760,262.856941,262.856941,0.506369,0.766986,1.595138,1.851763,calls/second,milliseconds
1779198496,50,262.856941,81.363346,23.703119,62.800004,76.030045,86.208027,254.066068,260.978760,262.856941,262.856941,0.501282,0.766986,1.595138,1.851763,calls/second,milliseconds
1779198497,50,262.856941,81.363346,23.703119,62.800004,76.030045,86.208027,254.066068,260.978760,262.856941,262.856941,0.496296,0.705661,1.568773,1.841504,calls/second,milliseconds
1779198498,55,262.856941,72.156180,23.703119,59.510128,46.594812,85.355444,251.756663,258.545611,260.978760,262.856941,0.540551,0.705661,1.568773,1.841504,calls/second,milliseconds
1779198499,55,262.856941,72.156180,23.703119,59.510128,46.594812,85.355444,251.756663,258.545611,260.978760,262.856941,0.535280,0.705661,1.568773,1.841504,calls/second,milliseconds
1779198500,55,262.856941,72.156180,23.703119,59.510128,46.594812,85.355444,251.756663,258.545611,260.978760,262.856941,0.530113,0.705661,1.568773,1.841504,calls/second,milliseconds
1779198501,55,262.856941,72.156180,23.703119,59.510128,46.594812,85.355444,251.756663,258.545611,260.978760,262.856941,0.525045,0.705661,1.568773,1.841504,calls/second,milliseconds
1779198502,55,262.856941,72.156180,23.703119,59.510128,46.594812,85.355444,251.756663,258.545611,260.978760,262.856941,0.520069,0.729195,1.559372,1.836842,calls/second,milliseconds
1779198503,55,262.856941,72.156180,23.703119,59.510128,46.594812,85.355444,251.756663,258.545611,260.978760,262.856941,0.515190,0.729195,1.559372,1.836842,calls/second,milliseconds
1779198504,55,262.856941,72.156180,23.703119,59.510128,46.594812,85.355444,251.756663,258.545611,260.978760,262.856941,0.510398,0.729195,1.559372,1.836842,calls/second,milliseconds
1779198505,60,262.856941,73.579124,23.703119,54.137356,72.219503,84.627419,243.758579,258.545611,260.978760,262.856941,0.551669,0.729195,1.559372,1.836842,calls/second,milliseconds
1779198506,60,262.856941,73.579124,23.703119,54.137356,72.219503,84.627419,243.758579,258.545611,260.978760,262.856941,0.546629,0.729195,1.559372,1.836842,calls/second,milliseconds
1779198507,60,262.856941,73.579124,23.703119,54.137356,72.219503,84.627419,243.758579,258.545611,260.978760,262.856941,0.541686,0.750847,1.550126,1.832206,calls/second,milliseconds
1779198508,60,262.856941,73.579124,23.703119,54.137356,72.219503,84.627419,243.758579,258.545611,260.978760,262.856941,0.536829,0.750847,1.550126,1.832206,calls/second,milliseconds
1779198509,60,262.856941,73.579124,23.703119,54.137356,72.219503,84.627419,243.758579,258.545611,260.978760,262.856941,0.532061,0.750847,1.550126,1.832206,calls/second,milliseconds
1779198510,60,262.856941,73.579124,23.703119,54.137356,72.219503,84.627419,243.758579,258.545611,260.978760,262.856941,0.527378,0.750847,1.550126,1.832206,calls/second,milliseconds
1779198511,60,262.856941,73.579124,23.703119,54.137356,72.219503,84.627419,243.758579,258.545611,260.978760,262.856941,0.522775,0.750847,1.550126,1.832206,calls/second,milliseconds
1779198512,60,262.856941,73.579124,23.703119,54.137356,72.219503,84.627419,243.758579,258.545611,260.978760,262.856941,0.518253,0.690813,1.524505,1.822055,calls/second,milliseconds
1779198513,60,262.856941,73.579124,23.703119,54.137356,72.219503,84.627419,243.758579,258.545611,260.978760,262.856941,0.513807,0.690813,1.524505,1.822055,calls/second,milliseconds
1779198514,60,262.856941,73.579124,23.703119,54.137356,72.219503,84.627419,243.758579,258.545611,260.978760,262.856941,0.509438,0.690813,1.524505,1.822055,calls/second,milliseconds
1779198515,65,262.856941,66.519149,23.698957,51.760131,45.322314,81.908095,240.708146,256.663375,260.978760,262.856941,0.547236,0.690813,1.524505,1.822055,calls/second,milliseconds
1779198516,65,262.856941,66.519149,23.698957,51.760131,45.322314,81.908095,240.708146,256.663375,260.978760,262.856941,0.542662,0.690813,1.524505,1.822055,calls/second,milliseconds
1779198517,65,262.856941,66.519149,23.698957,51.760131,45.322314,81.908095,240.708146,256.663375,260.978760,262.856941,0.538162,0.715534,1.515836,1.817501,calls/second,milliseconds
1779198518,65,262.856941,66.519149,23.698957,51.760131,45.322314,81.908095,240.708146,256.663375,260.978760,262.856941,0.533737,0.715534,1.515836,1.817501,calls/second,milliseconds
1779198519,65,262.856941,66.519149,23.698957,51.760131,45.322314,81.908095,240.708146,256.663375,260.978760,262.856941,0.529384,0.715534,1.515836,1.817501,calls/second,milliseconds
1779198520,65,262.856941,66.519149,23.698957,51.760131,45.322314,81.908095,240.708146,256.663375,260.978760,262.856941,0.525102,0.715534,1.515836,1.817501,calls/second,milliseconds
1779198521,65,262.856941,66.519149,23.698957,51.760131,45.322314,81.908095,240.708146,256.663375,260.978760,262.856941,0.520889,0.715534,1.515836,1.817501,calls/second,milliseconds
1779198522,65,262.856941,66.519149,23.698957,51.760131,45.322314,81.908095,240.708146,256.663375,260.978760,262.856941,0.516742,0.658323,1.490781,1.807432,calls/second,milliseconds
1779198523,65,262.856941,66.519149,23.698957,51.760131,45.322314,81.908095,240.708146,256.663375,260.978760,262.856941,0.512661,0.658323,1.490781,1.807432,calls/second,milliseconds
1779198524,65,262.856941,66.519149,23.698957,51.760131,45.322314,81.908095,240.708146,256.663375,260.978760,262.856941,0.508644,0.658323,1.490781,1.807432,calls/second,milliseconds
1779198525,65,262.856941,66.519149,23.698957,51.760131,45.322314,81.908095,240.708146,256.663375,260.978760,262.856941,0.504690,0.658323,1.490781,1.807432,calls/second,milliseconds
1779198526,65,262.856941,66.519149,23.698957,51.760131,45.322314,81.908095,240.708146,256.663375,260.978760,262.856941,0.500795,0.658323,1.490781,1.807432,calls/second,milliseconds
1779198527,65,262.856941,66.519149,23.698957,51.760131,45.322314,81.908095,240.708146,256.663375,260.978760,262.856941,0.496960,0.605687,1.466141,1.797418,calls/second,milliseconds
1779198528,65,262.856941,66.519149,23.698957,51.760131,45.322314,81.908095,240.708146,256.663375,260.978760,262.856941,0.493182,0.605687,1.466141,1.797418,calls/second,milliseconds
1779198529,65,262.856941,66.519149,23.698957,51.760131,45.322314,81.908095,240.708146,256.663375,260.978760,262.856941,0.489463,0.605687,1.466141,1.797418,calls/second,milliseconds
1779198530,65,262.856941,66.519149,23.698957,51.760131,45.322314,81.908095,240.708146,256.663375,260.978760,262.856941,0.485799,0.605687,1.466141,1.797418,calls/second,milliseconds
1779198531,65,262.856941,66.519149,23.698957,51.760131,45.322314,81.908095,240.708146,256.663375,260.978760,262.856941,0.482190,0.605687,1.466141,1.797418,calls/second,milliseconds
1779198532,65,262.856941,66.519149,23.698957,51.760131,45.322314,81.908095,240.708146,256.663375,260.978760,262.856941,0.478632,0.557259,1.441907,1.787460,calls/second,milliseconds
1779198533,65,262.856941,66.519149,23.698957,51.760131,45.322314,81.908095,240.708146,256.663375,260.978760,262.856941,0.475129,0.557259,1.441907,1.787460,calls/second,milliseconds
1779198534,65,262.856941,66.519149,23.698957,51.760131,45.322314,81.908095,240.708146,256.663375,260.978760,262.856941,0.471676,0.557259,1.441907,1.787460,calls/second,milliseconds
1779198535,65,262.856941,66.519149,23.698957,51.760131,45.322314,81.908095,240.708146,256.663375,260.978760,262.856941,0.468272,0.557259,1.441907,1.787460,calls/second,milliseconds
1779198536,65,262.856941,66.519149,23.698957,51.760131,45.322314,81.908095,240.708146,256.663375,260.978760,262.856941,0.464919,0.557259,1.441907,1.787460,calls/second,milliseconds
1779198537,65,262.856941,66.519149,23.698957,51.760131,45.322314,81.908095,240.708146,256.663375,260.978760,262.856941,0.461612,0.512703,1.418075,1.777557,calls/second,milliseconds
1779198538,65,262.856941,66.519149,23.698957,51.760131,45.322314,81.908095,240.708146,256.663375,260.978760,262.856941,0.458350,0.512703,1.418075,1.777557,calls/second,milliseconds
1779198539,65,262.856941,66.519149,23.698957,51.760131,45.322314,81.908095,240.708146,256.663375,260.978760,262.856941,0.455135,0.512703,1.418075,1.777557,calls/second,milliseconds
1779198540,65,262.856941,66.519149,23.698957,51.760131,45.322314,81.908095,240.708146,256.663375,260.978760,262.856941,0.451966,0.512703,1.418075,1.777557,calls/second,milliseconds
1779198541,65,262.856941,66.519149,23.698957,51.760131,45.322314,81.908095,240.708146,256.663375,260.978760,262.856941,0.448841,0.512703,1.418075,1.777557,calls/second,milliseconds
1779198542,65,262.856941,66.519149,23.698957,51.760131,45.322314,81.908095,240.708146,256.663375,260.978760,262.856941,0.445759,0.471709,1.394636,1.767709,calls/second,milliseconds
1779198543,65,262.856941,66.519149,23.698957,51.760131,45.322314,81.908095,240.708146,256.663375,260.978760,262.856941,0.442719,0.471709,1.394636,1.767709,calls/second,milliseconds
1779198545,65,262.856941,66.519149,23.698957,51.760131,45.322314,81.908095,240.708146,256.663375,260.978760,262.856941,0.439719,0.471709,1.394636,1.767709,calls/second,milliseconds
1779198546,65,262.856941,66.519149,23.698957,51.760131,45.322314,81.908095,240.708146,256.663375,260.978760,262.856941,0.436760,0.471709,1.394636,1.767709,calls/second,milliseconds
1779198547,65,262.856941,66.519149,23.698957,51.760131,45.322314,81.908095,240.708146,256.663375,260.978760,262.856941,0.433841,0.471709,1.394636,1.767709,calls/second,milliseconds
1779198548,65,262.856941,66.519149,23.698957,51.760131,45.322314,81.908095,240.708146,256.663375,260.978760,262.856941,0.430959,0.433993,1.371585,1.757916,calls/second,milliseconds
1779198549,65,262.856941,66.519149,23.698957,51.760131,45.322314,81.908095,240.708146,256.663375,260.978760,262.856941,0.428116,0.433993,1.371585,1.757916,calls/second,milliseconds
1779198550,65,262.856941,66.519149,23.698957,51.760131,45.322314,81.908095,240.708146,256.663375,260.978760,262.856941,0.425311,0.433993,1.371585,1.757916,calls/second,milliseconds
1779198551,65,262.856941,66.519149,23.698957,51.760131,45.322314,81.908095,240.708146,256.663375,260.978760,262.856941,0.422542,0.433993,1.371585,1.757916,calls/second,milliseconds
1779198552,65,262.856941,66.519149,23.698957,51.760131,45.322314,81.908095,240.708146,256.663375,260.978760,262.856941,0.419809,0.433993,1.371585,1.757916,calls/second,milliseconds
1779198553,65,262.856941,66.519149,23.698957,51.760131,45.322314,81.908095,240.708146,256.663375,260.978760,262.856941,0.417111,0.399293,1.348915,1.748177,calls/second,milliseconds
1779198554,65,262.856941,66.519149,23.698957,51.760131,45.322314,81.908095,240.708146,256.663375,260.978760,262.856941,0.414446,0.399293,1.348915,1.748177,calls/second,milliseconds
1779198555,65,262.856941,66.519149,23.698957,51.760131,45.322314,81.908095,240.708146,256.663375,260.978760,262.856941,0.411816,0.399293,1.348915,1.748177,calls/second,milliseconds
1779198556,65,262.856941,66.519149,23.698957,51.760131,45.322314,81.908095,240.708146,256.663375,260.978760,262.856941,0.409219,0.399293,1.348915,1.748177,calls/second,milliseconds
1779198557,65,262.856941,66.519149,23.698957,51.760131,45.322314,81.908095,240.708146,256.663375,260.978760,262.856941,0.406653,0.399293,1.348915,1.748177,calls/second,milliseconds
1779198558,65,262.856941,66.519149,23.698957,51.760131,45.322314,81.908095,240.708146,256.663375,260.978760,262.856941,0.404120,0.367368,1.326619,1.738492,calls/second,milliseconds
1779198559,65,262.856941,66.519149,23.698957,51.760131,45.322314,81.908095,240.708146,256.663375,260.978760,262.856941,0.401619,0.367368,1.326619,1.738492,calls/second,milliseconds
1779198560,65,262.856941,66.519149,23.698957,51.760131,45.322314,81.908095,240.708146,256.663375,260.978760,262.856941,0.399149,0.367368,1.326619,1.738492,calls/second,milliseconds
1779198561,65,262.856941,66.519149,23.698957,51.760131,45.322314,81.908095,240.708146,256.663375,260.978760,262.856941,0.396708,0.367368,1.326619,1.738492,calls/second,milliseconds
1779198562,65,262.856941,66.519149,23.698957,51.760131,45.322314,81.908095,240.708146,256.663375,260.978760,262.856941,0.394297,0.367368,1.326619,1.738492,calls/second,milliseconds
1779198563,65,262.856941,66.519149,23.698957,51.760131,45.322314,81.908095,240.708146,256.663375,260.978760,262.856941,0.391917,0.337994,1.304692,1.728860,calls/second,milliseconds
1779198564,65,262.856941,66.519149,23.698957,51.760131,45.322314,81.908095,240.708146,256.663375,260.978760,262.856941,0.389565,0.337994,1.304692,1.728860,calls/second,milliseconds
1779198565,65,262.856941,66.519149,23.698957,51.760131,45.322314,81.908095,240.708146,256.663375,260.978760,262.856941,0.387241,0.337994,1.304692,1.728860,calls/second,milliseconds
1779198566,65,262.856941,66.519149,23.698957,51.760131,45.322314,81.908095,240.708146,256.663375,260.978760,262.856941,0.384945,0.337994,1.304692,1.728860,calls/second,milliseconds
1779198567,65,262.856941,66.519149,23.698957,51.760131,45.322314,81.908095,240.708146,256.663375,260.978760,262.856941,0.382675,0.337994,1.304692,1.728860,calls/second,milliseconds
1779198568,70,262.856941,70.401142,23.698957,44.761128,76.030045,85.355444,95.837707,254.066068,258.545611,262.856941,0.409696,0.310970,1.283127,1.719282,calls/second,milliseconds
1779198569,70,262.856941,70.401142,23.698957,44.761128,76.030045,85.355444,95.837707,254.066068,258.545611,262.856941,0.407309,0.310970,1.283127,1.719282,calls/second,milliseconds
1779198570,70,262.856941,70.401142,23.698957,44.761128,76.030045,85.355444,95.837707,254.066068,258.545611,262.856941,0.404949,0.310970,1.283127,1.719282,calls/second,milliseconds
1779198571,70,262.856941,70.401142,23.698957,44.761128,76.030045,85.355444,95.837707,254.066068,258.545611,262.856941,0.402616,0.310970,1.283127,1.719282,calls/second,milliseconds
1779198572,70,262.856941,70.401142,23.698957,44.761128,76.030045,85.355444,95.837707,254.066068,258.545611,262.856941,0.400310,0.310970,1.283127,1.719282,calls/second,milliseconds
1779198573,70,262.856941,70.401142,23.698957,44.761128,76.030045,85.355444,95.837707,254.066068,258.545611,262.856941,0.398030,0.366062,1.278447,1.715297,calls/second,milliseconds
1779198574,70,262.856941,70.401142,23.698957,44.761128,76.030045,85.355444,95.837707,254.066068,258.545611,262.856941,0.395776,0.366062,1.278447,1.715297,calls/second,milliseconds
1779198575,70,262.856941,70.401142,23.698957,44.761128,76.030045,85.355444,95.837707,254.066068,258.545611,262.856941,0.393548,0.366062,1.278447,1.715297,calls/second,milliseconds
1779198576,70,262.856941,70.401142,23.698957,44.761128,76.030045,85.355444,95.837707,254.066068,258.545611,262.856941,0.391334,0.366062,1.278447,1.715297,calls/second,milliseconds
1779198577,70,262.856941,70.401142,23.698957,44.761128,76.030045,85.355444,95.837707,254.066068,258.545611,262.856941,0.389155,0.366062,1.278447,1.715297,calls/second,milliseconds
1779198578,75,262.856941,61.007278,22.971400,42.565471,42.112865,80.985878,90.322572,249.553821,256.663375,262.856941,0.414643,0.336793,1.257317,1.705794,calls/second,milliseconds
1779198579,75,262.856941,61.007278,22.971400,42.565471,42.112865,80.985878,90.322572,249.553821,256.663375,262.856941,0.412360,0.336793,1.257317,1.705794,calls/second,milliseconds
1779198580,75,262.856941,61.007278,22.971400,42.565471,42.112865,80.985878,90.322572,249.553821,256.663375,262.856941,0.410102,0.336793,1.257317,1.705794,calls/second,milliseconds
1779198581,75,262.856941,61.007278,22.971400,42.565471,42.112865,80.985878,90.322572,249.553821,256.663375,262.856941,0.407869,0.336793,1.257317,1.705794,calls/second,milliseconds
1779198582,75,262.856941,61.007278,22.971400,42.565471,42.112865,80.985878,90.322572,249.553821,256.663375,262.856941,0.405660,0.336793,1.257317,1.705794,calls/second,milliseconds
1779198583,75,262.856941,61.007278,22.971400,42.565471,42.112865,80.985878,90.322572,249.553821,256.663375,262.856941,0.403475,0.389820,1.253064,1.701884,calls/second,milliseconds
1779198584,75,262.856941,61.007278,22.971400,42.565471,42.112865,80.985878,90.322572,249.553821,256.663375,262.856941,0.401313,0.389820,1.253064,1.701884,calls/second,milliseconds
1779198585,75,262.856941,61.007278,22.971400,42.565471,42.112865,80.985878,90.322572,249.553821,256.663375,262.856941,0.399174,0.389820,1.253064,1.701884,calls/second,milliseconds
1779198586,75,262.856941,61.007278,22.971400,42.565471,42.112865,80.985878,90.322572,249.553821,256.663375,262.856941,0.397058,0.389820,1.253064,1.701884,calls/second,milliseconds
1779198587,75,262.856941,61.007278,22.971400,42.565471,42.112865,80.985878,90.322572,249.553821,256.663375,262.856941,0.394964,0.389820,1.253064,1.701884,calls/second,milliseconds
1779198588,75,262.856941,61.007278,22.971400,42.565471,42.112865,80.985878,90.322572,249.553821,256.663375,262.856941,0.392892,0.358652,1.232352,1.692455,calls/second,milliseconds
1779198589,75,262.856941,61.007278,22.971400,42.565471,42.112865,80.985878,90.322572,249.553821,256.663375,262.856941,0.390841,0.358652,1.232352,1.692455,calls/second,milliseconds
1779198590,75,262.856941,61.007278,22.971400,42.565471,42.112865,80.985878,90.322572,249.553821,256.663375,262.856941,0.388812,0.358652,1.232352,1.692455,calls/second,milliseconds
1779198591,75,262.856941,61.007278,22.971400,42.565471,42.112865,80.985878,90.322572,249.553821,256.663375,262.856941,0.386803,0.358652,1.232352,1.692455,calls/second,milliseconds
1779198592,75,262.856941,61.007278,22.971400,42.565471,42.112865,80.985878,90.322572,249.553821,256.663375,262.856941,0.384815,0.358652,1.232352,1.692455,calls/second,milliseconds
1779198593,75,262.856941,61.007278,22.971400,42.565471,42.112865,80.985878,90.322572,249.553821,256.663375,262.856941,0.382848,0.329976,1.211983,1.683079,calls/second,milliseconds
1779198594,75,262.856941,61.007278,22.971400,42.565471,42.112865,80.985878,90.322572,249.553821,256.663375,262.856941,0.380901,0.329976,1.211983,1.683079,calls/second,milliseconds
1779198595,80,262.856941,65.455336,22.971400,38.158833,71.978098,83.984240,89.682072,240.708146,254.066068,262.856941,0.404238,0.329976,1.211983,1.683079,calls/second,milliseconds
1779198596,80,262.856941,65.455336,22.971400,38.158833,71.978098,83.984240,89.682072,240.708146,254.066068,262.856941,0.402202,0.329976,1.211983,1.683079,calls/second,milliseconds
1779198597,80,262.856941,65.455336,22.971400,38.158833,71.978098,83.984240,89.682072,240.708146,254.066068,262.856941,0.400187,0.329976,1.211983,1.683079,calls/second,milliseconds
1779198598,80,262.856941,65.455336,22.971400,38.158833,71.978098,83.984240,89.682072,240.708146,254.066068,262.856941,0.398192,0.383548,1.208479,1.679294,calls/second,milliseconds
1779198599,80,262.856941,65.455336,22.971400,38.158833,71.978098,83.984240,89.682072,240.708146,254.066068,262.856941,0.396217,0.383548,1.208479,1.679294,calls/second,milliseconds
1779198600,80,262.856941,65.455336,22.971400,38.158833,71.978098,83.984240,89.682072,240.708146,254.066068,262.856941,0.394262,0.383548,1.208479,1.679294,calls/second,milliseconds
1779198601,80,262.856941,65.455336,22.971400,38.158833,71.978098,83.984240,89.682072,240.708146,254.066068,262.856941,0.392326,0.383548,1.208479,1.679294,calls/second,milliseconds
1779198602,80,262.856941,65.455336,22.971400,38.158833,71.978098,83.984240,89.682072,240.708146,254.066068,262.856941,0.390409,0.383548,1.208479,1.679294,calls/second,milliseconds
1779198603,80,262.856941,65.455336,22.971400,38.158833,71.978098,83.984240,89.682072,240.708146,254.066068,262.856941,0.388510,0.352881,1.188505,1.669991,calls/second,milliseconds
1779198604,80,262.856941,65.455336,22.971400,38.158833,71.978098,83.984240,89.682072,240.708146,254.066068,262.856941,0.386631,0.352881,1.188505,1.669991,calls/second,milliseconds
1779198605,85,262.856941,58.404188,22.971400,36.483280,40.470306,80.359997,89.233315,100.533715,251.756663,262.856941,0.408815,0.352881,1.188505,1.669991,calls/second,milliseconds
1779198606,85,262.856941,58.404188,22.971400,36.483280,40.470306,80.359997,89.233315,100.533715,251.756663,262.856941,0.406855,0.352881,1.188505,1.669991,calls/second,milliseconds
1779198607,85,262.856941,58.404188,22.971400,36.483280,40.470306,80.359997,89.233315,100.533715,251.756663,262.856941,0.404915,0.352881,1.188505,1.669991,calls/second,milliseconds
1779198608,85,262.856941,58.404188,22.971400,36.483280,40.470306,80.359997,89.233315,100.533715,251.756663,262.856941,0.402991,0.404622,1.185389,1.666279,calls/second,milliseconds
1779198609,85,262.856941,58.404188,22.971400,36.483280,40.470306,80.359997,89.233315,100.533715,251.756663,262.856941,0.401087,0.404622,1.185389,1.666279,calls/second,milliseconds
1779198610,85,262.856941,58.404188,22.971400,36.483280,40.470306,80.359997,89.233315,100.533715,251.756663,262.856941,0.399200,0.404622,1.185389,1.666279,calls/second,milliseconds
1779198611,85,262.856941,58.404188,22.971400,36.483280,40.470306,80.359997,89.233315,100.533715,251.756663,262.856941,0.397332,0.404622,1.185389,1.666279,calls/second,milliseconds
1779198612,85,262.856941,58.404188,22.971400,36.483280,40.470306,80.359997,89.233315,100.533715,251.756663,262.856941,0.395480,0.404622,1.185389,1.666279,calls/second,milliseconds
1779198613,85,262.856941,58.404188,22.971400,36.483280,40.470306,80.359997,89.233315,100.533715,251.756663,262.856941,0.393646,0.372270,1.165797,1.657048,calls/second,milliseconds
1779198614,85,262.856941,58.404188,22.971400,36.483280,40.470306,80.359997,89.233315,100.533715,251.756663,262.856941,0.391828,0.372270,1.165797,1.657048,calls/second,milliseconds
1779198615,85,262.856941,58.404188,22.971400,36.483280,40.470306,80.359997,89.233315,100.533715,251.756663,262.856941,0.390027,0.372270,1.165797,1.657048,calls/second,milliseconds
1779198616,85,262.856941,58.404188,22.971400,36.483280,40.470306,80.359997,89.233315,100.533715,251.756663,262.856941,0.388243,0.372270,1.165797,1.657048,calls/second,milliseconds
1779198617,85,262.856941,58.404188,22.971400,36.483280,40.470306,80.359997,89.233315,100.533715,251.756663,262.856941,0.386475,0.372270,1.165797,1.657048,calls/second,milliseconds
1779198618,85,262.856941,58.404188,22.971400,36.483280,40.470306,80.359997,89.233315,100.533715,251.756663,262.856941,0.384722,0.342505,1.146528,1.647867,calls/second,milliseconds
1779198619,85,262.856941,58.404188,22.971400,36.483280,40.470306,80.359997,89.233315,100.533715,251.756663,262.856941,0.382986,0.342505,1.146528,1.647867,calls/second,milliseconds
1779198620,85,262.856941,58.404188,22.971400,36.483280,40.470306,80.359997,89.233315,100.533715,251.756663,262.856941,0.381266,0.342505,1.146528,1.647867,calls/second,milliseconds
1779198621,85,262.856941,58.404188,22.971400,36.483280,40.470306,80.359997,89.233315,100.533715,251.756663,262.856941,0.379561,0.342505,1.146528,1.647867,calls/second,milliseconds
1779198622,85,262.856941,58.404188,22.971400,36.483280,40.470306,80.359997,89.233315,100.533715,251.756663,262.856941,0.377871,0.342505,1.146528,1.647867,calls/second,milliseconds
1779198623,85,262.856941,58.404188,22.971400,36.483280,40.470306,80.359997,89.233315,100.533715,251.756663,262.856941,0.376196,0.315120,1.127577,1.638738,calls/second,milliseconds
1779198624,85,262.856941,58.404188,22.971400,36.483280,40.470306,80.359997,89.233315,100.533715,251.756663,262.856941,0.374536,0.315120,1.127577,1.638738,calls/second,milliseconds
1779198625,85,262.856941,58.404188,22.971400,36.483280,40.470306,80.359997,89.233315,100.533715,251.756663,262.856941,0.372891,0.315120,1.127577,1.638738,calls/second,milliseconds
1779198626,85,262.856941,58.404188,22.971400,36.483280,40.470306,80.359997,89.233315,100.533715,251.756663,262.856941,0.371259,0.315120,1.127577,1.638738,calls/second,milliseconds
1779198627,90,262.856941,63.045334,22.971400,33.219597,71.978098,81.908095,88.720005,90.322572,249.553821,262.856941,0.391385,0.315120,1.127577,1.638738,calls/second,milliseconds
1779198628,90,262.856941,63.045334,22.971400,33.219597,71.978098,81.908095,88.720005,90.322572,249.553821,262.856941,0.389688,0.369880,1.125469,1.635199,calls/second,milliseconds
1779198629,90,262.856941,63.045334,22.971400,33.219597,71.978098,81.908095,88.720005,90.322572,249.553821,262.856941,0.388006,0.369880,1.125469,1.635199,calls/second,milliseconds
1779198630,90,262.856941,63.045334,22.971400,33.219597,71.978098,81.908095,88.720005,90.322572,249.553821,262.856941,0.386338,0.369880,1.125469,1.635199,calls/second,milliseconds
1779198631,90,262.856941,63.045334,22.971400,33.219597,71.978098,81.908095,88.720005,90.322572,249.553821,262.856941,0.384685,0.369880,1.125469,1.635199,calls/second,milliseconds
1779198632,90,262.856941,63.045334,22.971400,33.219597,71.978098,81.908095,88.720005,90.322572,249.553821,262.856941,0.383045,0.369880,1.125469,1.635199,calls/second,milliseconds
1779198633,90,262.856941,63.045334,22.971400,33.219597,71.978098,81.908095,88.720005,90.322572,249.553821,262.856941,0.381419,0.340306,1.106866,1.626140,calls/second,milliseconds
1779198634,90,262.856941,63.045334,22.971400,33.219597,71.978098,81.908095,88.720005,90.322572,249.553821,262.856941,0.379807,0.340306,1.106866,1.626140,calls/second,milliseconds
1779198635,90,262.856941,63.045334,22.971400,33.219597,71.978098,81.908095,88.720005,90.322572,249.553821,262.856941,0.378209,0.340306,1.106866,1.626140,calls/second,milliseconds
1779198636,90,262.856941,63.045334,22.971400,33.219597,71.978098,81.908095,88.720005,90.322572,249.553821,262.856941,0.376624,0.340306,1.106866,1.626140,calls/second,milliseconds
1779198637,95,262.856941,56.330206,22.971400,32.330547,40.470306,78.947927,87.765706,89.841439,240.708146,262.856941,0.395888,0.340306,1.106866,1.626140,calls/second,milliseconds
1779198638,95,262.856941,56.330206,22.971400,32.330547,40.470306,78.947927,87.765706,89.841439,240.708146,262.856941,0.394243,0.393052,1.105100,1.622671,calls/second,milliseconds
1779198639,95,262.856941,56.330206,22.971400,32.330547,40.470306,78.947927,87.765706,89.841439,240.708146,262.856941,0.392611,0.393052,1.105100,1.622671,calls/second,milliseconds
1779198640,95,262.856941,56.330206,22.971400,32.330547,40.470306,78.947927,87.765706,89.841439,240.708146,262.856941,0.390992,0.393052,1.105100,1.622671,calls/second,milliseconds
1779198641,95,262.856941,56.330206,22.971400,32.330547,40.470306,78.947927,87.765706,89.841439,240.708146,262.856941,0.389387,0.393052,1.105100,1.622671,calls/second,milliseconds
1779198642,95,262.856941,56.330206,22.971400,32.330547,40.470306,78.947927,87.765706,89.841439,240.708146,262.856941,0.387796,0.393052,1.105100,1.622671,calls/second,milliseconds
1779198643,95,262.856941,56.330206,22.971400,32.330547,40.470306,78.947927,87.765706,89.841439,240.708146,262.856941,0.386216,0.361625,1.086834,1.613681,calls/second,milliseconds
1779198644,95,262.856941,56.330206,22.971400,32.330547,40.470306,78.947927,87.765706,89.841439,240.708146,262.856941,0.384650,0.361625,1.086834,1.613681,calls/second,milliseconds
1779198645,95,262.856941,56.330206,22.971400,32.330547,40.470306,78.947927,87.765706,89.841439,240.708146,262.856941,0.383096,0.361625,1.086834,1.613681,calls/second,milliseconds
1779198646,95,262.856941,56.330206,22.971400,32.330547,40.470306,78.947927,87.765706,89.841439,240.708146,262.856941,0.381556,0.361625,1.086834,1.613681,calls/second,milliseconds
1779198647,95,262.856941,56.330206,22.971400,32.330547,40.470306,78.947927,87.765706,89.841439,240.708146,262.856941,0.380027,0.361625,1.086834,1.613681,calls/second,milliseconds
1779198648,95,262.856941,56.330206,22.971400,32.330547,40.470306,78.947927,87.765706,89.841439,240.708146,262.856941,0.378511,0.332711,1.068870,1.604741,calls/second,milliseconds
1779198649,100,262.856941,60.523815,22.971400,30.144928,71.161741,80.682127,87.765706,89.233315,100.533715,260.978760,0.396849,0.332711,1.068870,1.604741,calls/second,milliseconds
1779198650,100,262.856941,60.523815,22.971400,30.144928,71.161741,80.682127,87.765706,89.233315,100.533715,260.978760,0.395278,0.332711,1.068870,1.604741,calls/second,milliseconds
1779198651,100,262.856941,60.523815,22.971400,30.144928,71.161741,80.682127,87.765706,89.233315,100.533715,260.978760,0.393720,0.332711,1.068870,1.604741,calls/second,milliseconds
1779198652,100,262.856941,60.523815,22.971400,30.144928,71.161741,80.682127,87.765706,89.233315,100.533715,260.978760,0.392174,0.332711,1.068870,1.604741,calls/second,milliseconds
1779198653,100,262.856941,60.523815,22.971400,30.144928,71.161741,80.682127,87.765706,89.233315,100.533715,260.978760,0.390640,0.386065,1.067732,1.601391,calls/second,milliseconds
1779198654,100,262.856941,60.523815,22.971400,30.144928,71.161741,80.682127,87.765706,89.233315,100.533715,260.978760,0.389118,0.386065,1.067732,1.601391,calls/second,milliseconds
1779198655,100,262.856941,60.523815,22.971400,30.144928,71.161741,80.682127,87.765706,89.233315,100.533715,260.978760,0.387607,0.386065,1.067732,1.601391,calls/second,milliseconds
1779198656,100,262.856941,60.523815,22.971400,30.144928,71.161741,80.682127,87.765706,89.233315,100.533715,260.978760,0.386108,0.386065,1.067732,1.601391,calls/second,milliseconds
1779198657,100,262.856941,60.523815,22.971400,30.144928,71.161741,80.682127,87.765706,89.233315,100.533715,260.978760,0.384621,0.386065,1.067732,1.601391,calls/second,milliseconds
1779198658,100,262.856941,60.523815,22.971400,30.144928,71.161741,80.682127,87.765706,89.233315,100.533715,260.978760,0.383146,0.355197,1.050084,1.592519,calls/second,milliseconds
1779198659,105,262.856941,54.927925,22.435403,29.594278,39.280611,78.947927,86.164612,89.233315,90.322572,260.978760,0.400766,0.355197,1.050084,1.592519,calls/second,milliseconds
1779198660,105,262.856941,54.927925,22.435403,29.594278,39.280611,78.947927,86.164612,89.233315,90.322572,260.978760,0.399240,0.355197,1.050084,1.592519,calls/second,milliseconds
1779198661,105,262.856941,54.927925,22.435403,29.594278,39.280611,78.947927,86.164612,89.233315,90.322572,260.978760,0.397725,0.355197,1.050084,1.592519,calls/second,milliseconds
1779198662,105,262.856941,54.927925,22.435403,29.594278,39.280611,78.947927,86.164612,89.233315,90.322572,260.978760,0.396222,0.406752,1.049256,1.589236,calls/second,milliseconds
1779198663,105,262.856941,54.927925,22.435403,29.594278,39.280611,78.947927,86.164612,89.233315,90.322572,260.978760,0.394730,0.406752,1.049256,1.589236,calls/second,milliseconds
1779198664,105,262.856941,54.927925,22.435403,29.594278,39.280611,78.947927,86.164612,89.233315,90.322572,260.978760,0.393250,0.406752,1.049256,1.589236,calls/second,milliseconds
1779198665,105,262.856941,54.927925,22.435403,29.594278,39.280611,78.947927,86.164612,89.233315,90.322572,260.978760,0.391781,0.406752,1.049256,1.589236,calls/second,milliseconds
1779198666,105,262.856941,54.927925,22.435403,29.594278,39.280611,78.947927,86.164612,89.233315,90.322572,260.978760,0.390322,0.406752,1.049256,1.589236,calls/second,milliseconds
1779198667,105,262.856941,54.927925,22.435403,29.594278,39.280611,78.947927,86.164612,89.233315,90.322572,260.978760,0.388875,0.374230,1.031913,1.580432,calls/second,milliseconds
1779198668,105,262.856941,54.927925,22.435403,29.594278,39.280611,78.947927,86.164612,89.233315,90.322572,260.978760,0.387438,0.374230,1.031913,1.580432,calls/second,milliseconds
1779198669,105,262.856941,54.927925,22.435403,29.594278,39.280611,78.947927,86.164612,89.233315,90.322572,260.978760,0.386011,0.374230,1.031913,1.580432,calls/second,milliseconds
1779198670,105,262.856941,54.927925,22.435403,29.594278,39.280611,78.947927,86.164612,89.233315,90.322572,260.978760,0.384596,0.374230,1.031913,1.580432,calls/second,milliseconds
1779198671,105,262.856941,54.927925,22.435403,29.594278,39.280611,78.947927,86.164612,89.233315,90.322572,260.978760,0.383190,0.374230,1.031913,1.580432,calls/second,milliseconds
1779198672,105,262.856941,54.927925,22.435403,29.594278,39.280611,78.947927,86.164612,89.233315,90.322572,260.978760,0.381795,0.344308,1.014857,1.571676,calls/second,milliseconds
1779198673,105,262.856941,54.927925,22.435403,29.594278,39.280611,78.947927,86.164612,89.233315,90.322572,260.978760,0.380409,0.344308,1.014857,1.571676,calls/second,milliseconds
1779198674,105,262.856941,54.927925,22.435403,29.594278,39.280611,78.947927,86.164612,89.233315,90.322572,260.978760,0.379033,0.344308,1.014857,1.571676,calls/second,milliseconds
1779198675,105,262.856941,54.927925,22.435403,29.594278,39.280611,78.947927,86.164612,89.233315,90.322572,260.978760,0.377668,0.344308,1.014857,1.571676,calls/second,milliseconds
1779198676,110,262.856941,59.500667,22.435403,28.198126,70.178868,80.326073,86.279317,89.233315,90.322572,260.978760,0.394232,0.344308,1.014857,1.571676,calls/second,milliseconds
1779198677,110,262.856941,59.500667,22.435403,28.198126,70.178868,80.326073,86.279317,89.233315,90.322572,260.978760,0.392822,0.396735,1.014612,1.568509,calls/second,milliseconds
1779198678,110,262.856941,59.500667,22.435403,28.198126,70.178868,80.326073,86.279317,89.233315,90.322572,260.978760,0.391423,0.396735,1.014612,1.568509,calls/second,milliseconds
1779198679,110,262.856941,59.500667,22.435403,28.198126,70.178868,80.326073,86.279317,89.233315,90.322572,260.978760,0.390033,0.396735,1.014612,1.568509,calls/second,milliseconds
1779198680,110,262.856941,59.500667,22.435403,28.198126,70.178868,80.326073,86.279317,89.233315,90.322572,260.978760,0.388653,0.396735,1.014612,1.568509,calls/second,milliseconds
1779198681,110,262.856941,59.500667,22.435403,28.198126,70.178868,80.326073,86.279317,89.233315,90.322572,260.978760,0.387282,0.396735,1.014612,1.568509,calls/second,milliseconds
1779198682,110,262.856941,59.500667,22.435403,28.198126,70.178868,80.326073,86.279317,89.233315,90.322572,260.978760,0.385922,0.365014,0.997842,1.559819,calls/second,milliseconds
1779198683,110,262.856941,59.500667,22.435403,28.198126,70.178868,80.326073,86.279317,89.233315,90.322572,260.978760,0.384571,0.365014,0.997842,1.559819,calls/second,milliseconds
1779198684,110,262.856941,59.500667,22.435403,28.198126,70.178868,80.326073,86.279317,89.233315,90.322572,260.978760,0.383229,0.365014,0.997842,1.559819,calls/second,milliseconds
1779198685,110,262.856941,59.500667,22.435403,28.198126,70.178868,80.326073,86.279317,89.233315,90.322572,260.978760,0.381897,0.365014,0.997842,1.559819,calls/second,milliseconds
1779198686,115,262.856941,54.210706,22.435403,27.840358,38.739613,78.302660,86.279317,87.765706,89.682072,258.545611,0.397872,0.365014,0.997842,1.559819,calls/second,milliseconds
1779198687,115,262.856941,54.210706,22.435403,27.840358,38.739613,78.302660,86.279317,87.765706,89.682072,258.545611,0.396499,0.415784,0.997877,1.556717,calls/second,milliseconds
1779198688,115,262.856941,54.210706,22.435403,27.840358,38.739613,78.302660,86.279317,87.765706,89.682072,258.545611,0.395134,0.415784,0.997877,1.556717,calls/second,milliseconds
1779198689,115,262.856941,54.210706,22.435403,27.840358,38.739613,78.302660,86.279317,87.765706,89.682072,258.545611,0.393780,0.415784,0.997877,1.556717,calls/second,milliseconds
1779198690,115,262.856941,54.210706,22.435403,27.840358,38.739613,78.302660,86.279317,87.765706,89.682072,258.545611,0.392434,0.415784,0.997877,1.556717,calls/second,milliseconds
1779198691,115,262.856941,54.210706,22.435403,27.840358,38.739613,78.302660,86.279317,87.765706,89.682072,258.545611,0.391098,0.415784,0.997877,1.556717,calls/second,milliseconds
1779198692,115,262.856941,54.210706,22.435403,27.840358,38.739613,78.302660,86.279317,87.765706,89.682072,258.545611,0.389770,0.382540,0.981384,1.548093,calls/second,milliseconds
1779198693,115,262.856941,54.210706,22.435403,27.840358,38.739613,78.302660,86.279317,87.765706,89.682072,258.545611,0.388452,0.382540,0.981384,1.548093,calls/second,milliseconds
1779198694,115,262.856941,54.210706,22.435403,27.840358,38.739613,78.302660,86.279317,87.765706,89.682072,258.545611,0.387143,0.382540,0.981384,1.548093,calls/second,milliseconds
1779198695,115,262.856941,54.210706,22.435403,27.840358,38.739613,78.302660,86.279317,87.765706,89.682072,258.545611,0.385842,0.382540,0.981384,1.548093,calls/second,milliseconds
1779198696,115,262.856941,54.210706,22.435403,27.840358,38.739613,78.302660,86.279317,87.765706,89.682072,258.545611,0.384550,0.382540,0.981384,1.548093,calls/second,milliseconds
1779198697,115,262.856941,54.210706,22.435403,27.840358,38.739613,78.302660,86.279317,87.765706,89.682072,258.545611,0.383266,0.351954,0.965163,1.539516,calls/second,milliseconds
1779198698,115,262.856941,54.210706,22.435403,27.840358,38.739613,78.302660,86.279317,87.765706,89.682072,258.545611,0.381992,0.351954,0.965163,1.539516,calls/second,milliseconds
1779198699,115,262.856941,54.210706,22.435403,27.840358,38.739613,78.302660,86.279317,87.765706,89.682072,258.545611,0.380726,0.351954,0.965163,1.539516,calls/second,milliseconds
1779198700,115,262.856941,54.210706,22.435403,27.840358,38.739613,78.302660,86.279317,87.765706,89.682072,258.545611,0.379467,0.351954,0.965163,1.539516,calls/second,milliseconds
1779198701,115,262.856941,54.210706,22.435403,27.840358,38.739613,78.302660,86.279317,87.765706,89.682072,258.545611,0.378217,0.351954,0.965163,1.539516,calls/second,milliseconds
1779198702,115,262.856941,54.210706,22.435403,27.840358,38.739613,78.302660,86.279317,87.765706,89.682072,258.545611,0.376976,0.323813,0.949210,1.530987,calls/second,milliseconds
1779198703,120,262.856941,58.402126,22.435403,26.503862,69.864729,78.947927,86.208027,87.765706,89.233315,258.545611,0.392079,0.323813,0.949210,1.530987,calls/second,milliseconds
1779198704,120,262.856941,58.402126,22.435403,26.503862,69.864729,78.947927,86.208027,87.765706,89.233315,258.545611,0.390800,0.323813,0.949210,1.530987,calls/second,milliseconds
1779198705,120,262.856941,58.402126,22.435403,26.503862,69.864729,78.947927,86.208027,87.765706,89.233315,258.545611,0.389530,0.323813,0.949210,1.530987,calls/second,milliseconds
1779198706,120,262.856941,58.402126,22.435403,26.503862,69.864729,78.947927,86.208027,87.765706,89.233315,258.545611,0.388268,0.323813,0.949210,1.530987,calls/second,milliseconds
1779198707,120,262.856941,58.402126,22.435403,26.503862,69.864729,78.947927,86.208027,87.765706,89.233315,258.545611,0.387013,0.377878,0.950050,1.528045,calls/second,milliseconds
1779198708,120,262.856941,58.402126,22.435403,26.503862,69.864729,78.947927,86.208027,87.765706,89.233315,258.545611,0.385767,0.377878,0.950050,1.528045,calls/second,milliseconds
1779198709,120,262.856941,58.402126,22.435403,26.503862,69.864729,78.947927,86.208027,87.765706,89.233315,258.545611,0.384529,0.377878,0.950050,1.528045,calls/second,milliseconds
1779198710,120,262.856941,58.402126,22.435403,26.503862,69.864729,78.947927,86.208027,87.765706,89.233315,258.545611,0.383299,0.377878,0.950050,1.528045,calls/second,milliseconds
1779198711,120,262.856941,58.402126,22.435403,26.503862,69.864729,78.947927,86.208027,87.765706,89.233315,258.545611,0.382077,0.377878,0.950050,1.528045,calls/second,milliseconds
1779198712,120,262.856941,58.402126,22.435403,26.503862,69.864729,78.947927,86.208027,87.765706,89.233315,258.545611,0.380863,0.347665,0.934347,1.519580,calls/second,milliseconds
1779198713,125,262.856941,53.590254,22.435403,26.159877,41.246037,76.620027,86.164612,86.279317,89.233315,256.663375,0.395475,0.347665,0.934347,1.519580,calls/second,milliseconds
1779198714,125,262.856941,53.590254,22.435403,26.159877,41.246037,76.620027,86.164612,86.279317,89.233315,256.663375,0.394226,0.347665,0.934347,1.519580,calls/second,milliseconds
1779198715,125,262.856941,53.590254,22.435403,26.159877,41.246037,76.620027,86.164612,86.279317,89.233315,256.663375,0.392985,0.347665,0.934347,1.519580,calls/second,milliseconds
1779198716,125,262.856941,53.590254,22.435403,26.159877,41.246037,76.620027,86.164612,86.279317,89.233315,256.663375,0.391751,0.347665,0.934347,1.519580,calls/second,milliseconds
1779198717,125,262.856941,53.590254,22.435403,26.159877,41.246037,76.620027,86.164612,86.279317,89.233315,256.663375,0.390526,0.399822,0.935432,1.516701,calls/second,milliseconds
1779198718,125,262.856941,53.590254,22.435403,26.159877,41.246037,76.620027,86.164612,86.279317,89.233315,256.663375,0.389308,0.399822,0.935432,1.516701,calls/second,milliseconds
1779198719,125,262.856941,53.590254,22.435403,26.159877,41.246037,76.620027,86.164612,86.279317,89.233315,256.663375,0.388097,0.399822,0.935432,1.516701,calls/second,milliseconds
1779198720,130,262.856941,57.714517,22.435403,25.633293,69.864063,78.302660,85.683250,86.279317,88.364077,256.663375,0.402370,0.399822,0.935432,1.516701,calls/second,milliseconds
1779198721,130,262.856941,57.714517,22.435403,25.633293,69.864063,78.302660,85.683250,86.279317,88.364077,256.663375,0.401127,0.399822,0.935432,1.516701,calls/second,milliseconds
1779198722,130,262.856941,57.714517,22.435403,25.633293,69.864063,78.302660,85.683250,86.279317,88.364077,256.663375,0.399891,0.447810,0.936499,1.513839,calls/second,milliseconds
1779198723,130,262.856941,57.714517,22.435403,25.633293,69.864063,78.302660,85.683250,86.279317,88.364077,256.663375,0.398663,0.447810,0.936499,1.513839,calls/second,milliseconds
1779198724,130,262.856941,57.714517,22.435403,25.633293,69.864063,78.302660,85.683250,86.279317,88.364077,256.663375,0.397439,0.447810,0.936499,1.513839,calls/second,milliseconds
1779198725,130,262.856941,57.714517,22.435403,25.633293,69.864063,78.302660,85.683250,86.279317,88.364077,256.663375,0.396226,0.447810,0.936499,1.513839,calls/second,milliseconds
1779198726,130,262.856941,57.714517,22.435403,25.633293,69.864063,78.302660,85.683250,86.279317,88.364077,256.663375,0.395020,0.447810,0.936499,1.513839,calls/second,milliseconds
1779198727,130,262.856941,57.714517,22.435403,25.633293,69.864063,78.302660,85.683250,86.279317,88.364077,256.663375,0.393821,0.412005,0.921020,1.505452,calls/second,milliseconds
1779198728,130,262.856941,57.714517,22.435403,25.633293,69.864063,78.302660,85.683250,86.279317,88.364077,256.663375,0.392630,0.412005,0.921020,1.505452,calls/second,milliseconds
1779198729,130,262.856941,57.714517,22.435403,25.633293,69.864063,78.302660,85.683250,86.279317,88.364077,256.663375,0.391446,0.412005,0.921020,1.505452,calls/second,milliseconds
1779198730,135,262.856941,53.171206,22.435403,25.643933,39.280611,77.472909,85.683250,86.279317,87.765706,254.066068,0.405278,0.412005,0.921020,1.505452,calls/second,milliseconds
1779198731,135,262.856941,53.171206,22.435403,25.643933,39.280611,77.472909,85.683250,86.279317,87.765706,254.066068,0.404063,0.412005,0.921020,1.505452,calls/second,milliseconds
1779198732,135,262.856941,53.171206,22.435403,25.643933,39.280611,77.472909,85.683250,86.279317,87.765706,254.066068,0.402856,0.459019,0.922326,1.502651,calls/second,milliseconds
1779198733,135,262.856941,53.171206,22.435403,25.643933,39.280611,77.472909,85.683250,86.279317,87.765706,254.066068,0.401655,0.459019,0.922326,1.502651,calls/second,milliseconds
1779198734,135,262.856941,53.171206,22.435403,25.643933,39.280611,77.472909,85.683250,86.279317,87.765706,254.066068,0.400462,0.459019,0.922326,1.502651,calls/second,milliseconds
1779198735,135,262.856941,53.171206,22.435403,25.643933,39.280611,77.472909,85.683250,86.279317,87.765706,254.066068,0.399276,0.459019,0.922326,1.502651,calls/second,milliseconds
1779198736,135,262.856941,53.171206,22.435403,25.643933,39.280611,77.472909,85.683250,86.279317,87.765706,254.066068,0.398097,0.459019,0.922326,1.502651,calls/second,milliseconds
1779198737,135,262.856941,53.171206,22.435403,25.643933,39.280611,77.472909,85.683250,86.279317,87.765706,254.066068,0.396924,0.422317,0.907081,1.494326,calls/second,milliseconds
1779198738,135,262.856941,53.171206,22.435403,25.643933,39.280611,77.472909,85.683250,86.279317,87.765706,254.066068,0.395759,0.422317,0.907081,1.494326,calls/second,milliseconds
1779198739,135,262.856941,53.171206,22.435403,25.643933,39.280611,77.472909,85.683250,86.279317,87.765706,254.066068,0.394601,0.422317,0.907081,1.494326,calls/second,milliseconds
1779198740,135,262.856941,53.171206,22.435403,25.643933,39.280611,77.472909,85.683250,86.279317,87.765706,254.066068,0.393449,0.422317,0.907081,1.494326,calls/second,milliseconds
1779198741,135,262.856941,53.171206,22.435403,25.643933,39.280611,77.472909,85.683250,86.279317,87.765706,254.066068,0.392304,0.422317,0.907081,1.494326,calls/second,milliseconds
1779198742,140,262.856941,57.227259,22.435403,25.233337,69.864729,78.167341,85.683250,86.279317,87.765706,251.756663,0.405654,0.468506,0.908617,1.491588,calls/second,milliseconds
1779198743,140,262.856941,57.227259,22.435403,25.233337,69.864729,78.167341,85.683250,86.279317,87.765706,251.756663,0.404480,0.468506,0.908617,1.491588,calls/second,milliseconds
1779198744,140,262.856941,57.227259,22.435403,25.233337,69.864729,78.167341,85.683250,86.279317,87.765706,251.756663,0.403313,0.468506,0.908617,1.491588,calls/second,milliseconds
1779198745,140,262.856941,57.227259,22.435403,25.233337,69.864729,78.167341,85.683250,86.279317,87.765706,251.756663,0.402153,0.468506,0.908617,1.491588,calls/second,milliseconds
1779198746,140,262.856941,57.227259,22.435403,25.233337,69.864729,78.167341,85.683250,86.279317,87.765706,251.756663,0.401000,0.468506,0.908617,1.491588,calls/second,milliseconds
1779198747,140,262.856941,57.227259,22.435403,25.233337,69.864729,78.167341,85.683250,86.279317,87.765706,251.756663,0.399853,0.431047,0.893599,1.483324,calls/second,milliseconds
1779198748,140,262.856941,57.227259,22.435403,25.233337,69.864729,78.167341,85.683250,86.279317,87.765706,251.756663,0.398712,0.431047,0.893599,1.483324,calls/second,milliseconds
1779198749,140,262.856941,57.227259,22.435403,25.233337,69.864729,78.167341,85.683250,86.279317,87.765706,251.756663,0.397579,0.431047,0.893599,1.483324,calls/second,milliseconds
1779198750,140,262.856941,57.227259,22.435403,25.233337,69.864729,78.167341,85.683250,86.279317,87.765706,251.756663,0.396451,0.431047,0.893599,1.483324,calls/second,milliseconds
1779198751,140,262.856941,57.227259,22.435403,25.233337,69.864729,78.167341,85.683250,86.279317,87.765706,251.756663,0.395331,0.431047,0.893599,1.483324,calls/second,milliseconds
1779198752,145,262.856941,52.671028,21.706607,25.432641,38.665859,77.790025,84.280065,86.208027,86.279317,249.553821,0.408295,0.476538,0.895357,1.480646,calls/second,milliseconds
1779198753,145,262.856941,52.671028,21.706607,25.432641,38.665859,77.790025,84.280065,86.208027,86.279317,249.553821,0.407146,0.476538,0.895357,1.480646,calls/second,milliseconds
1779198754,145,262.856941,52.671028,21.706607,25.432641,38.665859,77.790025,84.280065,86.208027,86.279317,249.553821,0.406004,0.476538,0.895357,1.480646,calls/second,milliseconds
1779198755,145,262.856941,52.671028,21.706607,25.432641,38.665859,77.790025,84.280065,86.208027,86.279317,249.553821,0.404869,0.476538,0.895357,1.480646,calls/second,milliseconds
1779198756,145,262.856941,52.671028,21.706607,25.432641,38.665859,77.790025,84.280065,86.208027,86.279317,249.553821,0.403740,0.476538,0.895357,1.480646,calls/second,milliseconds
1779198757,145,262.856941,52.671028,21.706607,25.432641,38.665859,77.790025,84.280065,86.208027,86.279317,249.553821,0.402617,0.438436,0.880558,1.472443,calls/second,milliseconds
1779198758,145,262.856941,52.671028,21.706607,25.432641,38.665859,77.790025,84.280065,86.208027,86.279317,249.553821,0.401500,0.438436,0.880558,1.472443,calls/second,milliseconds
1779198759,150,262.856941,56.305882,21.706607,25.032366,69.761627,78.167341,84.280065,86.164612,86.279317,243.758579,0.414197,0.438436,0.880558,1.472443,calls/second,milliseconds
1779198760,150,262.856941,56.305882,21.706607,25.032366,69.761627,78.167341,84.280065,86.164612,86.279317,243.758579,0.413054,0.438436,0.880558,1.472443,calls/second,milliseconds
1779198761,150,262.856941,56.305882,21.706607,25.032366,69.761627,78.167341,84.280065,86.164612,86.279317,243.758579,0.411918,0.438436,0.880558,1.472443,calls/second,milliseconds
1779198762,150,262.856941,56.305882,21.706607,25.032366,69.761627,78.167341,84.280065,86.164612,86.279317,243.758579,0.410788,0.483336,0.882533,1.469826,calls/second,milliseconds
1779198763,150,262.856941,56.305882,21.706607,25.032366,69.761627,78.167341,84.280065,86.164612,86.279317,243.758579,0.409664,0.483336,0.882533,1.469826,calls/second,milliseconds
1779198764,150,262.856941,56.305882,21.706607,25.032366,69.761627,78.167341,84.280065,86.164612,86.279317,243.758579,0.408546,0.483336,0.882533,1.469826,calls/second,milliseconds
1779198765,150,262.856941,56.305882,21.706607,25.032366,69.761627,78.167341,84.280065,86.164612,86.279317,243.758579,0.407435,0.483336,0.882533,1.469826,calls/second,milliseconds
1779198766,150,262.856941,56.305882,21.706607,25.032366,69.761627,78.167341,84.280065,86.164612,86.279317,243.758579,0.406330,0.483336,0.882533,1.469826,calls/second,milliseconds
1779198767,150,262.856941,56.305882,21.706607,25.032366,69.761627,78.167341,84.280065,86.164612,86.279317,243.758579,0.405231,0.444691,0.867946,1.461683,calls/second,milliseconds
1779198768,150,262.856941,56.305882,21.706607,25.032366,69.761627,78.167341,84.280065,86.164612,86.279317,243.758579,0.404137,0.444691,0.867946,1.461683,calls/second,milliseconds
1779198769,155,262.856941,52.462833,21.706607,24.913752,38.634698,76.858560,84.280065,85.683250,86.279317,240.708146,0.416485,0.444691,0.867946,1.461683,calls/second,milliseconds
1779198770,155,262.856941,52.462833,21.706607,24.913752,38.634698,76.858560,84.280065,85.683250,86.279317,240.708146,0.415366,0.444691,0.867946,1.461683,calls/second,milliseconds
1779198771,155,262.856941,52.462833,21.706607,24.913752,38.634698,76.858560,84.280065,85.683250,86.279317,240.708146,0.414254,0.444691,0.867946,1.461683,calls/second,milliseconds
1779198772,155,262.856941,52.462833,21.706607,24.913752,38.634698,76.858560,84.280065,85.683250,86.279317,240.708146,0.413149,0.489091,0.870128,1.459125,calls/second,milliseconds
1779198773,155,262.856941,52.462833,21.706607,24.913752,38.634698,76.858560,84.280065,85.683250,86.279317,240.708146,0.412049,0.489091,0.870128,1.459125,calls/second,milliseconds
1779198774,155,262.856941,52.462833,21.706607,24.913752,38.634698,76.858560,84.280065,85.683250,86.279317,240.708146,0.410954,0.489091,0.870128,1.459125,calls/second,milliseconds
1779198775,155,262.856941,52.462833,21.706607,24.913752,38.634698,76.858560,84.280065,85.683250,86.279317,240.708146,0.409865,0.489091,0.870128,1.459125,calls/second,milliseconds
1779198776,160,262.856941,55.861501,21.706607,24.600897,69.570864,77.790025,83.672251,85.683250,86.279317,100.533715,0.421970,0.489091,0.870128,1.459125,calls/second,milliseconds
1779198777,160,262.856941,55.861501,21.706607,24.600897,69.570864,77.790025,83.672251,85.683250,86.279317,100.533715,0.420858,0.529941,0.872275,1.456582,calls/second,milliseconds
1779198778,160,262.856941,55.861501,21.706607,24.600897,69.570864,77.790025,83.672251,85.683250,86.279317,100.533715,0.419752,0.529941,0.872275,1.456582,calls/second,milliseconds
1779198779,160,262.856941,55.861501,21.706607,24.600897,69.570864,77.790025,83.672251,85.683250,86.279317,100.533715,0.418652,0.529941,0.872275,1.456582,calls/second,milliseconds
1779198780,160,262.856941,55.861501,21.706607,24.600897,69.570864,77.790025,83.672251,85.683250,86.279317,100.533715,0.417558,0.529941,0.872275,1.456582,calls/second,milliseconds
1779198781,160,262.856941,55.861501,21.706607,24.600897,69.570864,77.790025,83.672251,85.683250,86.279317,100.533715,0.416469,0.529941,0.872275,1.456582,calls/second,milliseconds
1779198782,160,262.856941,55.861501,21.706607,24.600897,69.570864,77.790025,83.672251,85.683250,86.279317,100.533715,0.415387,0.487569,0.857858,1.448512,calls/second,milliseconds
1779198783,160,262.856941,55.861501,21.706607,24.600897,69.570864,77.790025,83.672251,85.683250,86.279317,100.533715,0.414310,0.487569,0.857858,1.448512,calls/second,milliseconds
1779198784,160,262.856941,55.861501,21.706607,24.600897,69.570864,77.790025,83.672251,85.683250,86.279317,100.533715,0.413238,0.487569,0.857858,1.448512,calls/second,milliseconds
1779198785,160,262.856941,55.861501,21.706607,24.600897,69.570864,77.790025,83.672251,85.683250,86.279317,100.533715,0.412172,0.487569,0.857858,1.448512,calls/second,milliseconds
1779198786,165,262.856941,52.099622,21.706607,24.660189,37.493828,76.441995,83.323520,85.683250,86.279317,95.837707,0.423959,0.487569,0.857858,1.448512,calls/second,milliseconds
1779198787,165,262.856941,52.099622,21.706607,24.660189,37.493828,76.441995,83.323520,85.683250,86.279317,95.837707,0.422870,0.528541,0.860207,1.446027,calls/second,milliseconds
1779198788,165,262.856941,52.099622,21.706607,24.660189,37.493828,76.441995,83.323520,85.683250,86.279317,95.837707,0.421788,0.528541,0.860207,1.446027,calls/second,milliseconds
1779198789,165,262.856941,52.099622,21.706607,24.660189,37.493828,76.441995,83.323520,85.683250,86.279317,95.837707,0.420711,0.528541,0.860207,1.446027,calls/second,milliseconds
1779198790,165,262.856941,52.099622,21.706607,24.660189,37.493828,76.441995,83.323520,85.683250,86.279317,95.837707,0.419639,0.528541,0.860207,1.446027,calls/second,milliseconds
1779198791,165,262.856941,52.099622,21.706607,24.660189,37.493828,76.441995,83.323520,85.683250,86.279317,95.837707,0.418574,0.528541,0.860207,1.446027,calls/second,milliseconds
1779198792,165,262.856941,52.099622,21.706607,24.660189,37.493828,76.441995,83.323520,85.683250,86.279317,95.837707,0.417513,0.486281,0.845989,1.438016,calls/second,milliseconds
1779198793,165,262.856941,52.099622,21.706607,24.660189,37.493828,76.441995,83.323520,85.683250,86.279317,95.837707,0.416458,0.486281,0.845989,1.438016,calls/second,milliseconds
1779198794,165,262.856941,52.099622,21.706607,24.660189,37.493828,76.441995,83.323520,85.683250,86.279317,95.837707,0.415408,0.486281,0.845989,1.438016,calls/second,milliseconds
1779198795,165,262.856941,52.099622,21.706607,24.660189,37.493828,76.441995,83.323520,85.683250,86.279317,95.837707,0.414363,0.486281,0.845989,1.438016,calls/second,milliseconds
1779198796,165,262.856941,52.099622,21.706607,24.660189,37.493828,76.441995,83.323520,85.683250,86.279317,95.837707,0.413324,0.486281,0.845989,1.438016,calls/second,milliseconds
1779198797,165,262.856941,52.099622,21.706607,24.660189,37.493828,76.441995,83.323520,85.683250,86.279317,95.837707,0.412289,0.447400,0.832006,1.430049,calls/second,milliseconds
1779198798,170,262.856941,55.794296,21.706607,24.528218,69.568904,77.485091,84.224670,85.683250,86.164612,90.322572,0.423723,0.447400,0.832006,1.430049,calls/second,milliseconds
1779198799,170,262.856941,55.794296,21.706607,24.528218,69.568904,77.485091,84.224670,85.683250,86.164612,90.322572,0.422668,0.447400,0.832006,1.430049,calls/second,milliseconds
1779198800,170,262.856941,55.794296,21.706607,24.528218,69.568904,77.485091,84.224670,85.683250,86.164612,90.322572,0.421618,0.447400,0.832006,1.430049,calls/second,milliseconds
1779198801,170,262.856941,55.794296,21.706607,24.528218,69.568904,77.485091,84.224670,85.683250,86.164612,90.322572,0.420574,0.447400,0.832006,1.430049,calls/second,milliseconds
1779198802,170,262.856941,55.794296,21.706607,24.528218,69.568904,77.485091,84.224670,85.683250,86.164612,90.322572,0.419534,0.491584,0.834783,1.427667,calls/second,milliseconds
1779198803,170,262.856941,55.794296,21.706607,24.528218,69.568904,77.485091,84.224670,85.683250,86.164612,90.322572,0.418500,0.491584,0.834783,1.427667,calls/second,milliseconds
1779198804,170,262.856941,55.794296,21.706607,24.528218,69.568904,77.485091,84.224670,85.683250,86.164612,90.322572,0.417471,0.491584,0.834783,1.427667,calls/second,milliseconds
1779198805,170,262.856941,55.794296,21.706607,24.528218,69.568904,77.485091,84.224670,85.683250,86.164612,90.322572,0.416447,0.491584,0.834783,1.427667,calls/second,milliseconds
1779198806,170,262.856941,55.794296,21.706607,24.528218,69.568904,77.485091,84.224670,85.683250,86.164612,90.322572,0.415428,0.491584,0.834783,1.427667,calls/second,milliseconds
1779198807,170,262.856941,55.794296,21.706607,24.528218,69.568904,77.485091,84.224670,85.683250,86.164612,90.322572,0.414414,0.452279,0.820985,1.419757,calls/second,milliseconds
1779198808,175,262.856941,52.096211,21.706607,24.485838,37.493828,76.858560,84.224670,84.280065,85.683250,90.322572,0.425563,0.452279,0.820985,1.419757,calls/second,milliseconds
1779198809,175,262.856941,52.096211,21.706607,24.485838,37.493828,76.858560,84.224670,84.280065,85.683250,90.322572,0.424529,0.452279,0.820985,1.419757,calls/second,milliseconds
1779198810,175,262.856941,52.096211,21.706607,24.485838,37.493828,76.858560,84.224670,84.280065,85.683250,90.322572,0.423500,0.452279,0.820985,1.419757,calls/second,milliseconds
1779198811,175,262.856941,52.096211,21.706607,24.485838,37.493828,76.858560,84.224670,84.280065,85.683250,90.322572,0.422476,0.452279,0.820985,1.419757,calls/second,milliseconds
1779198812,175,262.856941,52.096211,21.706607,24.485838,37.493828,76.858560,84.224670,84.280065,85.683250,90.322572,0.421457,0.496072,0.823944,1.417432,calls/second,milliseconds
1779198813,175,262.856941,52.096211,21.706607,24.485838,37.493828,76.858560,84.224670,84.280065,85.683250,90.322572,0.420443,0.496072,0.823944,1.417432,calls/second,milliseconds
1779198814,175,262.856941,52.096211,21.706607,24.485838,37.493828,76.858560,84.224670,84.280065,85.683250,90.322572,0.419434,0.496072,0.823944,1.417432,calls/second,milliseconds
1779198815,175,262.856941,52.096211,21.706607,24.485838,37.493828,76.858560,84.224670,84.280065,85.683250,90.322572,0.418430,0.496072,0.823944,1.417432,calls/second,milliseconds
1779198816,175,262.856941,52.096211,21.706607,24.485838,37.493828,76.858560,84.224670,84.280065,85.683250,90.322572,0.417430,0.496072,0.823944,1.417432,calls/second,milliseconds
1779198817,175,262.856941,52.096211,21.706607,24.485838,37.493828,76.858560,84.224670,84.280065,85.683250,90.322572,0.416436,0.456408,0.810325,1.409579,calls/second,milliseconds
1779198818,175,262.856941,52.096211,21.706607,24.485838,37.493828,76.858560,84.224670,84.280065,85.683250,90.322572,0.415445,0.456408,0.810325,1.409579,calls/second,milliseconds
1779198819,175,262.856941,52.096211,21.706607,24.485838,37.493828,76.858560,84.224670,84.280065,85.683250,90.322572,0.414460,0.456408,0.810325,1.409579,calls/second,milliseconds
1779198820,180,262.856941,55.536330,21.706607,24.122104,69.190711,77.485091,83.323520,84.280065,85.683250,89.682072,0.425294,0.456408,0.810325,1.409579,calls/second,milliseconds
1779198821,180,262.856941,55.536330,21.706607,24.122104,69.190711,77.485091,83.323520,84.280065,85.683250,89.682072,0.424289,0.456408,0.810325,1.409579,calls/second,milliseconds
1779198822,180,262.856941,55.536330,21.706607,24.122104,69.190711,77.485091,83.323520,84.280065,85.683250,89.682072,0.423291,0.499872,0.813460,1.407310,calls/second,milliseconds
1779198823,180,262.856941,55.536330,21.706607,24.122104,69.190711,77.485091,83.323520,84.280065,85.683250,89.682072,0.422296,0.499872,0.813460,1.407310,calls/second,milliseconds
1779198824,180,262.856941,55.536330,21.706607,24.122104,69.190711,77.485091,83.323520,84.280065,85.683250,89.682072,0.421306,0.499872,0.813460,1.407310,calls/second,milliseconds
1779198825,180,262.856941,55.536330,21.706607,24.122104,69.190711,77.485091,83.323520,84.280065,85.683250,89.682072,0.420321,0.499872,0.813460,1.407310,calls/second,milliseconds
1779198826,180,262.856941,55.536330,21.706607,24.122104,69.190711,77.485091,83.323520,84.280065,85.683250,89.682072,0.419340,0.499872,0.813460,1.407310,calls/second,milliseconds
1779198827,180,262.856941,55.536330,21.706607,24.122104,69.190711,77.485091,83.323520,84.280065,85.683250,89.682072,0.418364,0.459904,0.800015,1.399513,calls/second,milliseconds
1779198828,180,262.856941,55.536330,21.706607,24.122104,69.190711,77.485091,83.323520,84.280065,85.683250,89.682072,0.417392,0.459904,0.800015,1.399513,calls/second,milliseconds
1779198829,180,262.856941,55.536330,21.706607,24.122104,69.190711,77.485091,83.323520,84.280065,85.683250,89.682072,0.416425,0.459904,0.800015,1.399513,calls/second,milliseconds
1779198830,185,262.856941,51.809788,21.706607,24.120557,36.777156,76.441995,83.323520,84.280065,85.683250,89.233315,0.427003,0.459904,0.800015,1.399513,calls/second,milliseconds
1779198831,185,262.856941,51.809788,21.706607,24.120557,36.777156,76.441995,83.323520,84.280065,85.683250,89.233315,0.426018,0.459904,0.800015,1.399513,calls/second,milliseconds
1779198832,185,262.856941,51.809788,21.706607,24.120557,36.777156,76.441995,83.323520,84.280065,85.683250,89.233315,0.425038,0.503088,0.803320,1.397300,calls/second,milliseconds
1779198833,185,262.856941,51.809788,21.706607,24.120557,36.777156,76.441995,83.323520,84.280065,85.683250,89.233315,0.424063,0.503088,0.803320,1.397300,calls/second,milliseconds
1779198834,185,262.856941,51.809788,21.706607,24.120557,36.777156,76.441995,83.323520,84.280065,85.683250,89.233315,0.423092,0.503088,0.803320,1.397300,calls/second,milliseconds
1779198835,185,262.856941,51.809788,21.706607,24.120557,36.777156,76.441995,83.323520,84.280065,85.683250,89.233315,0.422125,0.503088,0.803320,1.397300,calls/second,milliseconds
1779198836,185,262.856941,51.809788,21.706607,24.120557,36.777156,76.441995,83.323520,84.280065,85.683250,89.233315,0.421162,0.503088,0.803320,1.397300,calls/second,milliseconds
1779198837,185,262.856941,51.809788,21.706607,24.120557,36.777156,76.441995,83.323520,84.280065,85.683250,89.233315,0.420205,0.462863,0.790043,1.389558,calls/second,milliseconds
1779198838,185,262.856941,51.809788,21.706607,24.120557,36.777156,76.441995,83.323520,84.280065,85.683250,89.233315,0.419251,0.462863,0.790043,1.389558,calls/second,milliseconds
1779198839,185,262.856941,51.809788,21.706607,24.120557,36.777156,76.441995,83.323520,84.280065,85.683250,89.233315,0.418302,0.462863,0.790043,1.389558,calls/second,milliseconds
1779198840,185,262.856941,51.809788,21.706607,24.120557,36.777156,76.441995,83.323520,84.280065,85.683250,89.233315,0.417357,0.462863,0.790043,1.389558,calls/second,milliseconds
1779198841,185,262.856941,51.809788,21.706607,24.120557,36.777156,76.441995,83.323520,84.280065,85.683250,89.233315,0.416416,0.462863,0.790043,1.389558,calls/second,milliseconds
1779198842,190,262.856941,55.226879,21.706607,23.763534,68.832152,77.485091,82.974527,84.224670,85.683250,89.233315,0.426708,0.505810,0.793513,1.387400,calls/second,milliseconds
1779198843,190,262.856941,55.226879,21.706607,23.763534,68.832152,77.485091,82.974527,84.224670,85.683250,89.233315,0.425751,0.505810,0.793513,1.387400,calls/second,milliseconds
1779198844,190,262.856941,55.226879,21.706607,23.763534,68.832152,77.485091,82.974527,84.224670,85.683250,89.233315,0.424798,0.505810,0.793513,1.387400,calls/second,milliseconds
1779198845,190,262.856941,55.226879,21.706607,23.763534,68.832152,77.485091,82.974527,84.224670,85.683250,89.233315,0.423849,0.505810,0.793513,1.387400,calls/second,milliseconds
1779198846,190,262.856941,55.226879,21.706607,23.763534,68.832152,77.485091,82.974527,84.224670,85.683250,89.233315,0.422903,0.505810,0.793513,1.387400,calls/second,milliseconds
1779198847,190,262.856941,55.226879,21.706607,23.763534,68.832152,77.485091,82.974527,84.224670,85.683250,89.233315,0.421963,0.465368,0.780397,1.379714,calls/second,milliseconds
1779198848,190,262.856941,55.226879,21.706607,23.763534,68.832152,77.485091,82.974527,84.224670,85.683250,89.233315,0.421026,0.465368,0.780397,1.379714,calls/second,milliseconds
1779198849,190,262.856941,55.226879,21.706607,23.763534,68.832152,77.485091,82.974527,84.224670,85.683250,89.233315,0.420094,0.465368,0.780397,1.379714,calls/second,milliseconds
1779198850,190,262.856941,55.226879,21.706607,23.763534,68.832152,77.485091,82.974527,84.224670,85.683250,89.233315,0.419166,0.465368,0.780397,1.379714,calls/second,milliseconds
1779198851,190,262.856941,55.226879,21.706607,23.763534,68.832152,77.485091,82.974527,84.224670,85.683250,89.233315,0.418242,0.465368,0.780397,1.379714,calls/second,milliseconds
1779198852,195,262.856941,51.408106,21.706607,23.864394,36.777156,75.581175,82.330391,84.224670,84.280065,89.233315,0.428304,0.508115,0.784027,1.377610,calls/second,milliseconds
1779198853,195,262.856941,51.408106,21.706607,23.864394,36.777156,75.581175,82.330391,84.224670,84.280065,89.233315,0.427364,0.508115,0.784027,1.377610,calls/second,milliseconds
1779198854,195,262.856941,51.408106,21.706607,23.864394,36.777156,75.581175,82.330391,84.224670,84.280065,89.233315,0.426428,0.508115,0.784027,1.377610,calls/second,milliseconds
1779198855,195,262.856941,51.408106,21.706607,23.864394,36.777156,75.581175,82.330391,84.224670,84.280065,89.233315,0.425496,0.508115,0.784027,1.377610,calls/second,milliseconds
1779198856,195,262.856941,51.408106,21.706607,23.864394,36.777156,75.581175,82.330391,84.224670,84.280065,89.233315,0.424569,0.508115,0.784027,1.377610,calls/second,milliseconds
1779198857,195,262.856941,51.408106,21.706607,23.864394,36.777156,75.581175,82.330391,84.224670,84.280065,89.233315,0.423644,0.467488,0.771068,1.369978,calls/second,milliseconds
1779198858,195,262.856941,51.408106,21.706607,23.864394,36.777156,75.581175,82.330391,84.224670,84.280065,89.233315,0.422725,0.467488,0.771068,1.369978,calls/second,milliseconds
1779198859,200,262.856941,54.930931,21.706607,23.798608,68.872378,76.441995,82.685256,84.224670,84.280065,88.364077,0.432625,0.467488,0.771068,1.369978,calls/second,milliseconds
1779198860,200,262.856941,54.930931,21.706607,23.798608,68.872378,76.441995,82.685256,84.224670,84.280065,88.364077,0.431689,0.467488,0.771068,1.369978,calls/second,milliseconds
1779198861,200,262.856941,54.930931,21.706607,23.798608,68.872378,76.441995,82.685256,84.224670,84.280065,88.364077,0.430758,0.467488,0.771068,1.369978,calls/second,milliseconds
1779198862,200,262.856941,54.930931,21.706607,23.798608,68.872378,76.441995,82.685256,84.224670,84.280065,88.364077,0.429830,0.510065,0.774852,1.367928,calls/second,milliseconds
1779198863,200,262.856941,54.930931,21.706607,23.798608,68.872378,76.441995,82.685256,84.224670,84.280065,88.364077,0.428907,0.510065,0.774852,1.367928,calls/second,milliseconds
1779198864,200,262.856941,54.930931,21.706607,23.798608,68.872378,76.441995,82.685256,84.224670,84.280065,88.364077,0.427987,0.510065,0.774852,1.367928,calls/second,milliseconds
1779198865,200,262.856941,54.930931,21.706607,23.798608,68.872378,76.441995,82.685256,84.224670,84.280065,88.364077,0.427072,0.510065,0.774852,1.367928,calls/second,milliseconds
1779198866,200,262.856941,54.930931,21.706607,23.798608,68.872378,76.441995,82.685256,84.224670,84.280065,88.364077,0.426161,0.510065,0.774852,1.367928,calls/second,milliseconds
1779198867,200,262.856941,54.930931,21.706607,23.798608,68.872378,76.441995,82.685256,84.224670,84.280065,88.364077,0.425254,0.469283,0.762045,1.360350,calls/second,milliseconds
1779198868,200,262.856941,54.930931,21.706607,23.798608,68.872378,76.441995,82.685256,84.224670,84.280065,88.364077,0.424350,0.469283,0.762045,1.360350,calls/second,milliseconds
1779198869,205,262.856941,51.306026,21.706607,23.893066,36.772736,75.581175,82.685256,84.224670,84.280065,87.765706,0.434037,0.469283,0.762045,1.360350,calls/second,milliseconds
1779198870,205,262.856941,51.306026,21.706607,23.893066,36.772736,75.581175,82.685256,84.224670,84.280065,87.765706,0.433115,0.469283,0.762045,1.360350,calls/second,milliseconds
1779198871,205,262.856941,51.306026,21.706607,23.893066,36.772736,75.581175,82.685256,84.224670,84.280065,87.765706,0.432200,0.469283,0.762045,1.360350,calls/second,milliseconds
1779198872,205,262.856941,51.306026,21.706607,23.893066,36.772736,75.581175,82.685256,84.224670,84.280065,87.765706,0.431290,0.511717,0.765978,1.358353,calls/second,milliseconds
1779198873,205,262.856941,51.306026,21.706607,23.893066,36.772736,75.581175,82.685256,84.224670,84.280065,87.765706,0.430383,0.511717,0.765978,1.358353,calls/second,milliseconds
1779198874,205,262.856941,51.306026,21.706607,23.893066,36.772736,75.581175,82.685256,84.224670,84.280065,87.765706,0.429480,0.511717,0.765978,1.358353,calls/second,milliseconds
1779198875,205,262.856941,51.306026,21.706607,23.893066,36.772736,75.581175,82.685256,84.224670,84.280065,87.765706,0.428580,0.511717,0.765978,1.358353,calls/second,milliseconds
1779198876,210,262.856941,54.829683,21.706607,23.985160,69.038868,77.467706,83.323520,84.243309,84.243309,87.765706,0.438116,0.511717,0.765978,1.358353,calls/second,milliseconds
1779198877,210,262.856941,54.829683,21.706607,23.985160,69.038868,77.467706,83.323520,84.243309,84.243309,87.765706,0.437203,0.550758,0.769846,1.356368,calls/second,milliseconds
1779198878,210,262.856941,54.829683,21.706607,23.985160,69.038868,77.467706,83.323520,84.243309,84.243309,87.765706,0.436293,0.550758,0.769846,1.356368,calls/second,milliseconds
1779198879,210,262.856941,54.829683,21.706607,23.985160,69.038868,77.467706,83.323520,84.243309,84.243309,87.765706,0.435387,0.550758,0.769846,1.356368,calls/second,milliseconds
1779198880,210,262.856941,54.829683,21.706607,23.985160,69.038868,77.467706,83.323520,84.243309,84.243309,87.765706,0.434485,0.550758,0.769846,1.356368,calls/second,milliseconds
1779198881,210,262.856941,54.829683,21.706607,23.985160,69.038868,77.467706,83.323520,84.243309,84.243309,87.765706,0.433587,0.550758,0.769846,1.356368,calls/second,milliseconds
1779198882,210,262.856941,54.829683,21.706607,23.985160,69.038868,77.467706,83.323520,84.243309,84.243309,87.765706,0.432692,0.506721,0.757122,1.348853,calls/second,milliseconds
1779198883,210,262.856941,54.829683,21.706607,23.985160,69.038868,77.467706,83.323520,84.243309,84.243309,87.765706,0.431801,0.506721,0.757122,1.348853,calls/second,milliseconds
1779198884,210,262.856941,54.829683,21.706607,23.985160,69.038868,77.467706,83.323520,84.243309,84.243309,87.765706,0.430913,0.506721,0.757122,1.348853,calls/second,milliseconds
1779198885,210,262.856941,54.829683,21.706607,23.985160,69.038868,77.467706,83.323520,84.243309,84.243309,87.765706,0.430030,0.506721,0.757122,1.348853,calls/second,milliseconds
1779198886,215,262.856941,51.291624,21.706607,24.099134,36.476975,76.271762,82.685256,84.243309,84.243309,87.765706,0.439367,0.506721,0.757122,1.348853,calls/second,milliseconds
1779198887,215,262.856941,51.291624,21.706607,24.099134,36.476975,76.271762,82.685256,84.243309,84.243309,87.765706,0.438470,0.546162,0.761136,1.346921,calls/second,milliseconds
1779198888,215,262.856941,51.291624,21.706607,24.099134,36.476975,76.271762,82.685256,84.243309,84.243309,87.765706,0.437576,0.546162,0.761136,1.346921,calls/second,milliseconds
1779198889,215,262.856941,51.291624,21.706607,24.099134,36.476975,76.271762,82.685256,84.243309,84.243309,87.765706,0.436686,0.546162,0.761136,1.346921,calls/second,milliseconds
1779198890,215,262.856941,51.291624,21.706607,24.099134,36.476975,76.271762,82.685256,84.243309,84.243309,87.765706,0.435800,0.546162,0.761136,1.346921,calls/second,milliseconds
1779198891,215,262.856941,51.291624,21.706607,24.099134,36.476975,76.271762,82.685256,84.243309,84.243309,87.765706,0.434917,0.546162,0.761136,1.346921,calls/second,milliseconds
1779198892,215,262.856941,51.291624,21.706607,24.099134,36.476975,76.271762,82.685256,84.243309,84.243309,87.765706,0.434038,0.502493,0.748556,1.339458,calls/second,milliseconds
1779198893,220,262.856941,54.656595,21.706607,24.112268,69.038868,77.098624,83.320693,84.243309,84.243309,86.279317,0.443236,0.502493,0.748556,1.339458,calls/second,milliseconds
1779198894,220,262.856941,54.656595,21.706607,24.112268,69.038868,77.098624,83.320693,84.243309,84.243309,86.279317,0.442343,0.502493,0.748556,1.339458,calls/second,milliseconds
1779198895,220,262.856941,54.656595,21.706607,24.112268,69.038868,77.098624,83.320693,84.243309,84.243309,86.279317,0.441454,0.502493,0.748556,1.339458,calls/second,milliseconds
1779198896,220,262.856941,54.656595,21.706607,24.112268,69.038868,77.098624,83.320693,84.243309,84.243309,86.279317,0.440569,0.502493,0.748556,1.339458,calls/second,milliseconds
1779198897,220,262.856941,54.656595,21.706607,24.112268,69.038868,77.098624,83.320693,84.243309,84.243309,86.279317,0.439687,0.542272,0.752712,1.337578,calls/second,milliseconds
1779198898,220,262.856941,54.656595,21.706607,24.112268,69.038868,77.098624,83.320693,84.243309,84.243309,86.279317,0.438809,0.542272,0.752712,1.337578,calls/second,milliseconds
1779198899,220,262.856941,54.656595,21.706607,24.112268,69.038868,77.098624,83.320693,84.243309,84.243309,86.279317,0.437934,0.542272,0.752712,1.337578,calls/second,milliseconds
1779198900,220,262.856941,54.656595,21.706607,24.112268,69.038868,77.098624,83.320693,84.243309,84.243309,86.279317,0.437063,0.542272,0.752712,1.337578,calls/second,milliseconds
1779198901,220,262.856941,54.656595,21.706607,24.112268,69.038868,77.098624,83.320693,84.243309,84.243309,86.279317,0.436195,0.542272,0.752712,1.337578,calls/second,milliseconds
1779198902,220,262.856941,54.656595,21.706607,24.112268,69.038868,77.098624,83.320693,84.243309,84.243309,86.279317,0.435331,0.498914,0.740270,1.330167,calls/second,milliseconds
1779198903,225,262.856941,51.201851,21.262515,24.213119,36.099418,76.271762,83.320693,84.243309,84.243309,86.279317,0.444344,0.498914,0.740270,1.330167,calls/second,milliseconds
1779198904,225,262.856941,51.201851,21.262515,24.213119,36.099418,76.271762,83.320693,84.243309,84.243309,86.279317,0.443467,0.498914,0.740270,1.330167,calls/second,milliseconds
1779198905,225,262.856941,51.201851,21.262515,24.213119,36.099418,76.271762,83.320693,84.243309,84.243309,86.279317,0.442593,0.498914,0.740270,1.330167,calls/second,milliseconds
1779198906,225,262.856941,51.201851,21.262515,24.213119,36.099418,76.271762,83.320693,84.243309,84.243309,86.279317,0.441723,0.498914,0.740270,1.330167,calls/second,milliseconds
1779198907,225,262.856941,51.201851,21.262515,24.213119,36.099418,76.271762,83.320693,84.243309,84.243309,86.279317,0.440856,0.538979,0.744563,1.328338,calls/second,milliseconds
1779198908,225,262.856941,51.201851,21.262515,24.213119,36.099418,76.271762,83.320693,84.243309,84.243309,86.279317,0.439992,0.538979,0.744563,1.328338,calls/second,milliseconds
1779198909,225,262.856941,51.201851,21.262515,24.213119,36.099418,76.271762,83.320693,84.243309,84.243309,86.279317,0.439133,0.538979,0.744563,1.328338,calls/second,milliseconds
1779198910,230,262.856941,54.401001,21.262515,24.150600,68.535271,77.098624,83.122182,84.243309,84.243309,86.279317,0.448015,0.538979,0.744563,1.328338,calls/second,milliseconds
1779198911,230,262.856941,54.401001,21.262515,24.150600,68.535271,77.098624,83.122182,84.243309,84.243309,86.279317,0.447143,0.538979,0.744563,1.328338,calls/second,milliseconds
1779198912,230,262.856941,54.401001,21.262515,24.150600,68.535271,77.098624,83.122182,84.243309,84.243309,86.279317,0.446274,0.575840,0.748785,1.326519,calls/second,milliseconds
1779198913,230,262.856941,54.401001,21.262515,24.150600,68.535271,77.098624,83.122182,84.243309,84.243309,86.279317,0.445408,0.575840,0.748785,1.326519,calls/second,milliseconds
1779198914,230,262.856941,54.401001,21.262515,24.150600,68.535271,77.098624,83.122182,84.243309,84.243309,86.279317,0.444546,0.575840,0.748785,1.326519,calls/second,milliseconds
1779198915,230,262.856941,54.401001,21.262515,24.150600,68.535271,77.098624,83.122182,84.243309,84.243309,86.279317,0.443687,0.575840,0.748785,1.326519,calls/second,milliseconds
1779198916,230,262.856941,54.401001,21.262515,24.150600,68.535271,77.098624,83.122182,84.243309,84.243309,86.279317,0.442832,0.575840,0.748785,1.326519,calls/second,milliseconds
1779198917,230,262.856941,54.401001,21.262515,24.150600,68.535271,77.098624,83.122182,84.243309,84.243309,86.279317,0.441979,0.529798,0.736409,1.319170,calls/second,milliseconds
1779198918,230,262.856941,54.401001,21.262515,24.150600,68.535271,77.098624,83.122182,84.243309,84.243309,86.279317,0.441131,0.529798,0.736409,1.319170,calls/second,milliseconds
1779198919,230,262.856941,54.401001,21.262515,24.150600,68.535271,77.098624,83.122182,84.243309,84.243309,86.279317,0.440285,0.529798,0.736409,1.319170,calls/second,milliseconds
1779198920,235,262.856941,51.032992,21.262515,24.235197,35.802973,76.217426,83.122182,84.224670,84.243309,86.279317,0.448996,0.529798,0.736409,1.319170,calls/second,milliseconds
1779198921,235,262.856941,51.032992,21.262515,24.235197,35.802973,76.217426,83.122182,84.224670,84.243309,86.279317,0.448139,0.529798,0.736409,1.319170,calls/second,milliseconds
1779198922,235,262.856941,51.032992,21.262515,24.235197,35.802973,76.217426,83.122182,84.224670,84.243309,86.279317,0.447284,0.567393,0.740766,1.317402,calls/second,milliseconds
1779198923,235,262.856941,51.032992,21.262515,24.235197,35.802973,76.217426,83.122182,84.224670,84.243309,86.279317,0.446434,0.567393,0.740766,1.317402,calls/second,milliseconds
1779198924,235,262.856941,51.032992,21.262515,24.235197,35.802973,76.217426,83.122182,84.224670,84.243309,86.279317,0.445586,0.567393,0.740766,1.317402,calls/second,milliseconds
1779198925,235,262.856941,51.032992,21.262515,24.235197,35.802973,76.217426,83.122182,84.224670,84.243309,86.279317,0.444741,0.567393,0.740766,1.317402,calls/second,milliseconds
1779198926,235,262.856941,51.032992,21.262515,24.235197,35.802973,76.217426,83.122182,84.224670,84.243309,86.279317,0.443899,0.567393,0.740766,1.317402,calls/second,milliseconds
1779198927,235,262.856941,51.032992,21.262515,24.235197,35.802973,76.217426,83.122182,84.224670,84.243309,86.279317,0.443061,0.522027,0.728522,1.310103,calls/second,milliseconds
1779198928,235,262.856941,51.032992,21.262515,24.235197,35.802973,76.217426,83.122182,84.224670,84.243309,86.279317,0.442226,0.522027,0.728522,1.310103,calls/second,milliseconds
1779198929,235,262.856941,51.032992,21.262515,24.235197,35.802973,76.217426,83.122182,84.224670,84.243309,86.279317,0.441394,0.522027,0.728522,1.310103,calls/second,milliseconds
1779198930,235,262.856941,51.032992,21.262515,24.235197,35.802973,76.217426,83.122182,84.224670,84.243309,86.279317,0.440566,0.522027,0.728522,1.310103,calls/second,milliseconds
1779198931,235,262.856941,51.032992,21.262515,24.235197,35.802973,76.217426,83.122182,84.224670,84.243309,86.279317,0.439740,0.522027,0.728522,1.310103,calls/second,milliseconds
1779198932,240,262.856941,54.391044,21.262515,24.135586,69.038868,76.858560,83.122182,83.672251,84.243309,86.279317,0.448256,0.560244,0.733009,1.308385,calls/second,milliseconds
1779198933,240,262.856941,54.391044,21.262515,24.135586,69.038868,76.858560,83.122182,83.672251,84.243309,86.279317,0.447419,0.560244,0.733009,1.308385,calls/second,milliseconds
1779198934,240,262.856941,54.391044,21.262515,24.135586,69.038868,76.858560,83.122182,83.672251,84.243309,86.279317,0.446586,0.560244,0.733009,1.308385,calls/second,milliseconds
1779198935,240,262.856941,54.391044,21.262515,24.135586,69.038868,76.858560,83.122182,83.672251,84.243309,86.279317,0.445755,0.560244,0.733009,1.308385,calls/second,milliseconds
1779198936,240,262.856941,54.391044,21.262515,24.135586,69.038868,76.858560,83.122182,83.672251,84.243309,86.279317,0.444928,0.560244,0.733009,1.308385,calls/second,milliseconds
1779198937,240,262.856941,54.391044,21.262515,24.135586,69.038868,76.858560,83.122182,83.672251,84.243309,86.279317,0.444103,0.515449,0.720894,1.301137,calls/second,milliseconds
1779198938,240,262.856941,54.391044,21.262515,24.135586,69.038868,76.858560,83.122182,83.672251,84.243309,86.279317,0.443282,0.515449,0.720894,1.301137,calls/second,milliseconds
1779198939,240,262.856941,54.391044,21.262515,24.135586,69.038868,76.858560,83.122182,83.672251,84.243309,86.279317,0.442464,0.515449,0.720894,1.301137,calls/second,milliseconds
1779198940,240,262.856941,54.391044,21.262515,24.135586,69.038868,76.858560,83.122182,83.672251,84.243309,86.279317,0.441648,0.515449,0.720894,1.301137,calls/second,milliseconds
1779198941,240,262.856941,54.391044,21.262515,24.135586,69.038868,76.858560,83.122182,83.672251,84.243309,86.279317,0.440836,0.515449,0.720894,1.301137,calls/second,milliseconds
1779198942,245,262.856941,50.850809,21.262515,24.248622,35.295126,76.271762,82.974527,83.320693,84.243309,86.164612,0.449194,0.554192,0.725507,1.299468,calls/second,milliseconds
1779198943,245,262.856941,50.850809,21.262515,24.248622,35.295126,76.271762,82.974527,83.320693,84.243309,86.164612,0.448370,0.554192,0.725507,1.299468,calls/second,milliseconds
1779198944,245,262.856941,50.850809,21.262515,24.248622,35.295126,76.271762,82.974527,83.320693,84.243309,86.164612,0.447550,0.554192,0.725507,1.299468,calls/second,milliseconds
1779198945,245,262.856941,50.850809,21.262515,24.248622,35.295126,76.271762,82.974527,83.320693,84.243309,86.164612,0.446733,0.554192,0.725507,1.299468,calls/second,milliseconds
1779198946,245,262.856941,50.850809,21.262515,24.248622,35.295126,76.271762,82.974527,83.320693,84.243309,86.164612,0.445919,0.554192,0.725507,1.299468,calls/second,milliseconds
1779198947,245,262.856941,50.850809,21.262515,24.248622,35.295126,76.271762,82.974527,83.320693,84.243309,86.164612,0.445108,0.509881,0.713515,1.292269,calls/second,milliseconds
1779198948,245,262.856941,50.850809,21.262515,24.248622,35.295126,76.271762,82.974527,83.320693,84.243309,86.164612,0.444299,0.509881,0.713515,1.292269,calls/second,milliseconds
1779198949,245,262.856941,50.850809,21.262515,24.248622,35.295126,76.271762,82.974527,83.320693,84.243309,86.164612,0.443494,0.509881,0.713515,1.292269,calls/second,milliseconds
1779198950,245,262.856941,50.850809,21.262515,24.248622,35.295126,76.271762,82.974527,83.320693,84.243309,86.164612,0.442692,0.509881,0.713515,1.292269,calls/second,milliseconds
1779198951,245,262.856941,50.850809,21.262515,24.248622,35.295126,76.271762,82.974527,83.320693,84.243309,86.164612,0.441892,0.509881,0.713515,1.292269,calls/second,milliseconds
1779198952,245,262.856941,50.850809,21.262515,24.248622,35.295126,76.271762,82.974527,83.320693,84.243309,86.164612,0.441096,0.469113,0.701722,1.285110,calls/second,milliseconds
1779198953,245,262.856941,50.850809,21.262515,24.248622,35.295126,76.271762,82.974527,83.320693,84.243309,86.164612,0.440302,0.469113,0.701722,1.285110,calls/second,milliseconds
1779198954,245,262.856941,50.850809,21.262515,24.248622,35.295126,76.271762,82.974527,83.320693,84.243309,86.164612,0.439510,0.469113,0.701722,1.285110,calls/second,milliseconds
1779198955,245,262.856941,50.850809,21.262515,24.248622,35.295126,76.271762,82.974527,83.320693,84.243309,86.164612,0.438722,0.469113,0.701722,1.285110,calls/second,milliseconds
1779198956,245,262.856941,50.850809,21.262515,24.248622,35.295126,76.271762,82.974527,83.320693,84.243309,86.164612,0.437937,0.469113,0.701722,1.285110,calls/second,milliseconds
1779198957,245,262.856941,50.850809,21.262515,24.248622,35.295126,76.271762,82.974527,83.320693,84.243309,86.164612,0.437155,0.431605,0.690123,1.277990,calls/second,milliseconds
1779198958,245,262.856941,50.850809,21.262515,24.248622,35.295126,76.271762,82.974527,83.320693,84.243309,86.164612,0.436375,0.431605,0.690123,1.277990,calls/second,milliseconds
1779198959,245,262.856941,50.850809,21.262515,24.248622,35.295126,76.271762,82.974527,83.320693,84.243309,86.164612,0.435598,0.431605,0.690123,1.277990,calls/second,milliseconds
1779198960,245,262.856941,50.850809,21.262515,24.248622,35.295126,76.271762,82.974527,83.320693,84.243309,86.164612,0.434824,0.431605,0.690123,1.277990,calls/second,milliseconds
1779198961,245,262.856941,50.850809,21.262515,24.248622,35.295126,76.271762,82.974527,83.320693,84.243309,86.164612,0.434052,0.431605,0.690123,1.277990,calls/second,milliseconds
1779198962,245,262.856941,50.850809,21.262515,24.248622,35.295126,76.271762,82.974527,83.320693,84.243309,86.164612,0.433284,0.397096,0.678717,1.270910,calls/second,milliseconds
1779198963,245,262.856941,50.850809,21.262515,24.248622,35.295126,76.271762,82.974527,83.320693,84.243309,86.164612,0.432518,0.397096,0.678717,1.270910,calls/second,milliseconds
1779198964,250,262.856941,54.487432,21.262515,23.806274,68.535271,76.312297,82.330391,83.320693,84.243309,86.164612,0.440566,0.397096,0.678717,1.270910,calls/second,milliseconds
1779198965,250,262.856941,54.487432,21.262515,23.806274,68.535271,76.312297,82.330391,83.320693,84.243309,86.164612,0.439790,0.397096,0.678717,1.270910,calls/second,milliseconds
1779198966,250,262.856941,54.487432,21.262515,23.806274,68.535271,76.312297,82.330391,83.320693,84.243309,86.164612,0.439016,0.397096,0.678717,1.270910,calls/second,milliseconds
1779198967,250,262.856941,54.487432,21.262515,23.806274,68.535271,76.312297,82.330391,83.320693,84.243309,86.164612,0.438246,0.445301,0.684027,1.269409,calls/second,milliseconds
1779198968,250,262.856941,54.487432,21.262515,23.806274,68.535271,76.312297,82.330391,83.320693,84.243309,86.164612,0.437478,0.445301,0.684027,1.269409,calls/second,milliseconds
1779198969,250,262.856941,54.487432,21.262515,23.806274,68.535271,76.312297,82.330391,83.320693,84.243309,86.164612,0.436713,0.445301,0.684027,1.269409,calls/second,milliseconds
1779198970,250,262.856941,54.487432,21.262515,23.806274,68.535271,76.312297,82.330391,83.320693,84.243309,86.164612,0.435950,0.445301,0.684027,1.269409,calls/second,milliseconds
1779198971,250,262.856941,54.487432,21.262515,23.806274,68.535271,76.312297,82.330391,83.320693,84.243309,86.164612,0.435190,0.445301,0.684027,1.269409,calls/second,milliseconds
1779198972,250,262.856941,54.487432,21.262515,23.806274,68.535271,76.312297,82.330391,83.320693,84.243309,86.164612,0.434433,0.409697,0.672721,1.262376,calls/second,milliseconds
1779198973,250,262.856941,54.487432,21.262515,23.806274,68.535271,76.312297,82.330391,83.320693,84.243309,86.164612,0.433678,0.409697,0.672721,1.262376,calls/second,milliseconds
1779198974,255,262.856941,50.801102,21.262515,23.625859,37.369904,75.085366,81.570846,83.320693,84.224670,85.683250,0.441584,0.409697,0.672721,1.262376,calls/second,milliseconds
1779198975,255,262.856941,50.801102,21.262515,23.625859,37.369904,75.085366,81.570846,83.320693,84.224670,85.683250,0.440819,0.409697,0.672721,1.262376,calls/second,milliseconds
1779198976,255,262.856941,50.801102,21.262515,23.625859,37.369904,75.085366,81.570846,83.320693,84.224670,85.683250,0.440057,0.409697,0.672721,1.262376,calls/second,milliseconds
1779198977,255,262.856941,50.801102,21.262515,23.625859,37.369904,75.085366,81.570846,83.320693,84.224670,85.683250,0.439298,0.456895,0.678130,1.260922,calls/second,milliseconds
1779198978,255,262.856941,50.801102,21.262515,23.625859,37.369904,75.085366,81.570846,83.320693,84.224670,85.683250,0.438542,0.456895,0.678130,1.260922,calls/second,milliseconds
1779198979,255,262.856941,50.801102,21.262515,23.625859,37.369904,75.085366,81.570846,83.320693,84.224670,85.683250,0.437788,0.456895,0.678130,1.260922,calls/second,milliseconds
1779198980,255,262.856941,50.801102,21.262515,23.625859,37.369904,75.085366,81.570846,83.320693,84.224670,85.683250,0.437036,0.456895,0.678130,1.260922,calls/second,milliseconds
1779198981,260,262.856941,54.676300,21.262515,23.789637,69.190711,76.474704,83.122182,83.924433,84.224670,85.683250,0.444842,0.456895,0.678130,1.260922,calls/second,milliseconds
1779198982,260,262.856941,54.676300,21.262515,23.789637,69.190711,76.474704,83.122182,83.924433,84.224670,85.683250,0.444081,0.500319,0.683450,1.259477,calls/second,milliseconds
1779198983,260,262.856941,54.676300,21.262515,23.789637,69.190711,76.474704,83.122182,83.924433,84.224670,85.683250,0.443323,0.500319,0.683450,1.259477,calls/second,milliseconds
1779198984,260,262.856941,54.676300,21.262515,23.789637,69.190711,76.474704,83.122182,83.924433,84.224670,85.683250,0.442567,0.500319,0.683450,1.259477,calls/second,milliseconds
1779198985,260,262.856941,54.676300,21.262515,23.789637,69.190711,76.474704,83.122182,83.924433,84.224670,85.683250,0.441814,0.500319,0.683450,1.259477,calls/second,milliseconds
1779198986,260,262.856941,54.676300,21.262515,23.789637,69.190711,76.474704,83.122182,83.924433,84.224670,85.683250,0.441063,0.500319,0.683450,1.259477,calls/second,milliseconds
1779198987,260,262.856941,54.676300,21.262515,23.789637,69.190711,76.474704,83.122182,83.924433,84.224670,85.683250,0.440315,0.460316,0.672154,1.252499,calls/second,milliseconds
1779198988,260,262.856941,54.676300,21.262515,23.789637,69.190711,76.474704,83.122182,83.924433,84.224670,85.683250,0.439570,0.460316,0.672154,1.252499,calls/second,milliseconds
1779198989,260,262.856941,54.676300,21.262515,23.789637,69.190711,76.474704,83.122182,83.924433,84.224670,85.683250,0.438826,0.460316,0.672154,1.252499,calls/second,milliseconds
1779198990,260,262.856941,54.676300,21.262515,23.789637,69.190711,76.474704,83.122182,83.924433,84.224670,85.683250,0.438086,0.460316,0.672154,1.252499,calls/second,milliseconds
1779198991,265,262.856941,50.521835,21.169861,24.236409,36.095267,76.217426,83.122182,83.924433,83.924433,85.683250,0.445758,0.460316,0.672154,1.252499,calls/second,milliseconds
1779198992,265,262.856941,50.521835,21.169861,24.236409,36.095267,76.217426,83.122182,83.924433,83.924433,85.683250,0.445009,0.503467,0.677573,1.251100,calls/second,milliseconds
1779198993,265,262.856941,50.521835,21.169861,24.236409,36.095267,76.217426,83.122182,83.924433,83.924433,85.683250,0.444261,0.503467,0.677573,1.251100,calls/second,milliseconds
1779198994,265,262.856941,50.521835,21.169861,24.236409,36.095267,76.217426,83.122182,83.924433,83.924433,85.683250,0.443517,0.503467,0.677573,1.251100,calls/second,milliseconds
1779198995,265,262.856941,50.521835,21.169861,24.236409,36.095267,76.217426,83.122182,83.924433,83.924433,85.683250,0.442775,0.503467,0.677573,1.251100,calls/second,milliseconds
1779198996,265,262.856941,50.521835,21.169861,24.236409,36.095267,76.217426,83.122182,83.924433,83.924433,85.683250,0.442035,0.503467,0.677573,1.251100,calls/second,milliseconds
1779198997,265,262.856941,50.521835,21.169861,24.236409,36.095267,76.217426,83.122182,83.924433,83.924433,85.683250,0.441298,0.463212,0.666374,1.244169,calls/second,milliseconds
1779198998,265,262.856941,50.521835,21.169861,24.236409,36.095267,76.217426,83.122182,83.924433,83.924433,85.683250,0.440563,0.463212,0.666374,1.244169,calls/second,milliseconds
1779198999,265,262.856941,50.521835,21.169861,24.236409,36.095267,76.217426,83.122182,83.924433,83.924433,85.683250,0.439831,0.463212,0.666374,1.244169,calls/second,milliseconds
1779199000,265,262.856941,50.521835,21.169861,24.236409,36.095267,76.217426,83.122182,83.924433,83.924433,85.683250,0.439101,0.463212,0.666374,1.244169,calls/second,milliseconds
1779199001,265,262.856941,50.521835,21.169861,24.236409,36.095267,76.217426,83.122182,83.924433,83.924433,85.683250,0.438373,0.463212,0.666374,1.244169,calls/second,milliseconds
1779199002,265,262.856941,50.521835,21.169861,24.236409,36.095267,76.217426,83.122182,83.924433,83.924433,85.683250,0.437648,0.426175,0.655359,1.237276,calls/second,milliseconds
1779199003,265,262.856941,50.521835,21.169861,24.236409,36.095267,76.217426,83.122182,83.924433,83.924433,85.683250,0.436926,0.426175,0.655359,1.237276,calls/second,milliseconds
1779199004,265,262.856941,50.521835,21.169861,24.236409,36.095267,76.217426,83.122182,83.924433,83.924433,85.683250,0.436206,0.426175,0.655359,1.237276,calls/second,milliseconds
1779199005,265,262.856941,50.521835,21.169861,24.236409,36.095267,76.217426,83.122182,83.924433,83.924433,85.683250,0.435488,0.426175,0.655359,1.237276,calls/second,milliseconds
1779199006,265,262.856941,50.521835,21.169861,24.236409,36.095267,76.217426,83.122182,83.924433,83.924433,85.683250,0.434772,0.426175,0.655359,1.237276,calls/second,milliseconds
1779199007,265,262.856941,50.521835,21.169861,24.236409,36.095267,76.217426,83.122182,83.924433,83.924433,85.683250,0.434059,0.392100,0.644527,1.230421,calls/second,milliseconds
1779199008,270,262.856941,54.542488,21.169861,24.122663,69.154174,76.474704,81.570846,83.924433,83.924433,85.355444,0.441524,0.392100,0.644527,1.230421,calls/second,milliseconds
1779199009,270,262.856941,54.542488,21.169861,24.122663,69.154174,76.474704,81.570846,83.924433,83.924433,85.355444,0.440802,0.392100,0.644527,1.230421,calls/second,milliseconds
1779199010,270,262.856941,54.542488,21.169861,24.122663,69.154174,76.474704,81.570846,83.924433,83.924433,85.355444,0.440083,0.392100,0.644527,1.230421,calls/second,milliseconds
1779199011,270,262.856941,54.542488,21.169861,24.122663,69.154174,76.474704,81.570846,83.924433,83.924433,85.355444,0.439366,0.392100,0.644527,1.230421,calls/second,milliseconds
1779199012,270,262.856941,54.542488,21.169861,24.122663,69.154174,76.474704,81.570846,83.924433,83.924433,85.355444,0.438651,0.440705,0.650403,1.229145,calls/second,milliseconds
1779199013,270,262.856941,54.542488,21.169861,24.122663,69.154174,76.474704,81.570846,83.924433,83.924433,85.355444,0.437938,0.440705,0.650403,1.229145,calls/second,milliseconds
1779199014,270,262.856941,54.542488,21.169861,24.122663,69.154174,76.474704,81.570846,83.924433,83.924433,85.355444,0.437229,0.440705,0.650403,1.229145,calls/second,milliseconds
1779199015,270,262.856941,54.542488,21.169861,24.122663,69.154174,76.474704,81.570846,83.924433,83.924433,85.355444,0.436520,0.440705,0.650403,1.229145,calls/second,milliseconds
1779199016,270,262.856941,54.542488,21.169861,24.122663,69.154174,76.474704,81.570846,83.924433,83.924433,85.355444,0.435812,0.440705,0.650403,1.229145,calls/second,milliseconds
1779199017,270,262.856941,54.542488,21.169861,24.122663,69.154174,76.474704,81.570846,83.924433,83.924433,85.355444,0.435109,0.405468,0.639652,1.222335,calls/second,milliseconds
1779199018,275,262.856941,50.428683,21.169861,24.234831,34.341671,76.154328,81.504873,83.924433,83.924433,84.280065,0.442452,0.405468,0.639652,1.222335,calls/second,milliseconds
1779199019,275,262.856941,50.428683,21.169861,24.234831,34.341671,76.154328,81.504873,83.924433,83.924433,84.280065,0.441740,0.405468,0.639652,1.222335,calls/second,milliseconds
1779199020,275,262.856941,50.428683,21.169861,24.234831,34.341671,76.154328,81.504873,83.924433,83.924433,84.280065,0.441030,0.405468,0.639652,1.222335,calls/second,milliseconds
1779199021,275,262.856941,50.428683,21.169861,24.234831,34.341671,76.154328,81.504873,83.924433,83.924433,84.280065,0.440323,0.405468,0.639652,1.222335,calls/second,milliseconds
1779199022,275,262.856941,50.428683,21.169861,24.234831,34.341671,76.154328,81.504873,83.924433,83.924433,84.280065,0.439618,0.453005,0.645609,1.221103,calls/second,milliseconds
1779199023,275,262.856941,50.428683,21.169861,24.234831,34.341671,76.154328,81.504873,83.924433,83.924433,84.280065,0.438916,0.453005,0.645609,1.221103,calls/second,milliseconds
1779199024,275,262.856941,50.428683,21.169861,24.234831,34.341671,76.154328,81.504873,83.924433,83.924433,84.280065,0.438216,0.453005,0.645609,1.221103,calls/second,milliseconds
1779199025,280,262.856941,54.165378,21.169861,24.154803,68.887512,76.312297,81.681156,83.924433,83.924433,84.280065,0.445472,0.453005,0.645609,1.221103,calls/second,milliseconds
1779199026,280,262.856941,54.165378,21.169861,24.154803,68.887512,76.312297,81.681156,83.924433,83.924433,84.280065,0.444763,0.453005,0.645609,1.221103,calls/second,milliseconds
1779199027,280,262.856941,54.165378,21.169861,24.154803,68.887512,76.312297,81.681156,83.924433,83.924433,84.280065,0.444057,0.496740,0.651466,1.219879,calls/second,milliseconds
1779199028,280,262.856941,54.165378,21.169861,24.154803,68.887512,76.312297,81.681156,83.924433,83.924433,84.280065,0.443353,0.496740,0.651466,1.219879,calls/second,milliseconds
1779199029,280,262.856941,54.165378,21.169861,24.154803,68.887512,76.312297,81.681156,83.924433,83.924433,84.280065,0.442651,0.496740,0.651466,1.219879,calls/second,milliseconds
1779199030,280,262.856941,54.165378,21.169861,24.154803,68.887512,76.312297,81.681156,83.924433,83.924433,84.280065,0.441951,0.496740,0.651466,1.219879,calls/second,milliseconds
1779199031,280,262.856941,54.165378,21.169861,24.154803,68.887512,76.312297,81.681156,83.924433,83.924433,84.280065,0.441254,0.496740,0.651466,1.219879,calls/second,milliseconds
1779199032,280,262.856941,54.165378,21.169861,24.154803,68.887512,76.312297,81.681156,83.924433,83.924433,84.280065,0.440559,0.457023,0.640698,1.213120,calls/second,milliseconds
1779199033,280,262.856941,54.165378,21.169861,24.154803,68.887512,76.312297,81.681156,83.924433,83.924433,84.280065,0.439866,0.457023,0.640698,1.213120,calls/second,milliseconds
1779199034,280,262.856941,54.165378,21.169861,24.154803,68.887512,76.312297,81.681156,83.924433,83.924433,84.280065,0.439175,0.457023,0.640698,1.213120,calls/second,milliseconds
1779199035,285,262.856941,50.198406,21.169861,24.363445,34.341671,75.892926,81.681156,83.320693,83.924433,84.243309,0.446316,0.457023,0.640698,1.213120,calls/second,milliseconds
1779199036,285,262.856941,50.198406,21.169861,24.363445,34.341671,75.892926,81.681156,83.320693,83.924433,84.243309,0.445617,0.457023,0.640698,1.213120,calls/second,milliseconds
1779199037,285,262.856941,50.198406,21.169861,24.363445,34.341671,75.892926,81.681156,83.320693,83.924433,84.243309,0.444921,0.500437,0.646637,1.211940,calls/second,milliseconds
1779199038,285,262.856941,50.198406,21.169861,24.363445,34.341671,75.892926,81.681156,83.320693,83.924433,84.243309,0.444226,0.500437,0.646637,1.211940,calls/second,milliseconds
1779199039,285,262.856941,50.198406,21.169861,24.363445,34.341671,75.892926,81.681156,83.320693,83.924433,84.243309,0.443534,0.500437,0.646637,1.211940,calls/second,milliseconds
1779199040,285,262.856941,50.198406,21.169861,24.363445,34.341671,75.892926,81.681156,83.320693,83.924433,84.243309,0.442844,0.500437,0.646637,1.211940,calls/second,milliseconds
1779199041,285,262.856941,50.198406,21.169861,24.363445,34.341671,75.892926,81.681156,83.320693,83.924433,84.243309,0.442156,0.500437,0.646637,1.211940,calls/second,milliseconds
1779199042,285,262.856941,50.198406,21.169861,24.363445,34.341671,75.892926,81.681156,83.320693,83.924433,84.243309,0.441470,0.460424,0.635949,1.205225,calls/second,milliseconds
1779199043,285,262.856941,50.198406,21.169861,24.363445,34.341671,75.892926,81.681156,83.320693,83.924433,84.243309,0.440786,0.460424,0.635949,1.205225,calls/second,milliseconds
1779199044,285,262.856941,50.198406,21.169861,24.363445,34.341671,75.892926,81.681156,83.320693,83.924433,84.243309,0.440105,0.460424,0.635949,1.205225,calls/second,milliseconds
1779199045,285,262.856941,50.198406,21.169861,24.363445,34.341671,75.892926,81.681156,83.320693,83.924433,84.243309,0.439425,0.460424,0.635949,1.205225,calls/second,milliseconds
1779199046,285,262.856941,50.198406,21.169861,24.363445,34.341671,75.892926,81.681156,83.320693,83.924433,84.243309,0.438748,0.460424,0.635949,1.205225,calls/second,milliseconds
1779199047,285,262.856941,50.198406,21.169861,24.363445,34.341671,75.892926,81.681156,83.320693,83.924433,84.243309,0.438073,0.423611,0.625438,1.198548,calls/second,milliseconds
1779199048,285,262.856941,50.198406,21.169861,24.363445,34.341671,75.892926,81.681156,83.320693,83.924433,84.243309,0.437399,0.423611,0.625438,1.198548,calls/second,milliseconds
1779199049,285,262.856941,50.198406,21.169861,24.363445,34.341671,75.892926,81.681156,83.320693,83.924433,84.243309,0.436728,0.423611,0.625438,1.198548,calls/second,milliseconds
1779199050,285,262.856941,50.198406,21.169861,24.363445,34.341671,75.892926,81.681156,83.320693,83.924433,84.243309,0.436059,0.423611,0.625438,1.198548,calls/second,milliseconds
1779199051,285,262.856941,50.198406,21.169861,24.363445,34.341671,75.892926,81.681156,83.320693,83.924433,84.243309,0.435392,0.423611,0.625438,1.198548,calls/second,milliseconds
1779199052,290,262.856941,54.285568,21.169861,24.283362,69.154174,76.279532,81.570846,83.122182,83.924433,84.243309,0.442353,0.469696,0.631629,1.197448,calls/second,milliseconds
1779199053,290,262.856941,54.285568,21.169861,24.283362,69.154174,76.279532,81.570846,83.122182,83.924433,84.243309,0.441679,0.469696,0.631629,1.197448,calls/second,milliseconds
1779199054,290,262.856941,54.285568,21.169861,24.283362,69.154174,76.279532,81.570846,83.122182,83.924433,84.243309,0.441006,0.469696,0.631629,1.197448,calls/second,milliseconds
1779199055,290,262.856941,54.285568,21.169861,24.283362,69.154174,76.279532,81.570846,83.122182,83.924433,84.243309,0.440336,0.469696,0.631629,1.197448,calls/second,milliseconds
1779199056,290,262.856941,54.285568,21.169861,24.283362,69.154174,76.279532,81.570846,83.122182,83.924433,84.243309,0.439667,0.469696,0.631629,1.197448,calls/second,milliseconds
1779199057,290,262.856941,54.285568,21.169861,24.283362,69.154174,76.279532,81.570846,83.122182,83.924433,84.243309,0.439000,0.432141,0.621189,1.190814,calls/second,milliseconds
1779199058,290,262.856941,54.285568,21.169861,24.283362,69.154174,76.279532,81.570846,83.122182,83.924433,84.243309,0.438336,0.432141,0.621189,1.190814,calls/second,milliseconds
1779199059,290,262.856941,54.285568,21.169861,24.283362,69.154174,76.279532,81.570846,83.122182,83.924433,84.243309,0.437673,0.432141,0.621189,1.190814,calls/second,milliseconds
1779199060,290,262.856941,54.285568,21.169861,24.283362,69.154174,76.279532,81.570846,83.122182,83.924433,84.243309,0.437013,0.432141,0.621189,1.190814,calls/second,milliseconds
1779199061,290,262.856941,54.285568,21.169861,24.283362,69.154174,76.279532,81.570846,83.122182,83.924433,84.243309,0.436354,0.432141,0.621189,1.190814,calls/second,milliseconds
1779199062,295,262.856941,49.998027,21.169861,24.518783,34.059741,76.154328,81.504873,82.685256,83.924433,84.243309,0.443210,0.477545,0.627450,1.189757,calls/second,milliseconds
1779199063,295,262.856941,49.998027,21.169861,24.518783,34.059741,76.154328,81.504873,82.685256,83.924433,84.243309,0.442544,0.477545,0.627450,1.189757,calls/second,milliseconds
1779199064,295,262.856941,49.998027,21.169861,24.518783,34.059741,76.154328,81.504873,82.685256,83.924433,84.243309,0.441880,0.477545,0.627450,1.189757,calls/second,milliseconds
1779199065,295,262.856941,49.998027,21.169861,24.518783,34.059741,76.154328,81.504873,82.685256,83.924433,84.243309,0.441218,0.477545,0.627450,1.189757,calls/second,milliseconds
1779199066,295,262.856941,49.998027,21.169861,24.518783,34.059741,76.154328,81.504873,82.685256,83.924433,84.243309,0.440558,0.477545,0.627450,1.189757,calls/second,milliseconds
1779199067,295,262.856941,49.998027,21.169861,24.518783,34.059741,76.154328,81.504873,82.685256,83.924433,84.243309,0.439900,0.439362,0.617079,1.183165,calls/second,milliseconds
1779199068,295,262.856941,49.998027,21.169861,24.518783,34.059741,76.154328,81.504873,82.685256,83.924433,84.243309,0.439244,0.439362,0.617079,1.183165,calls/second,milliseconds
1779199069,295,262.856941,49.998027,21.169861,24.518783,34.059741,76.154328,81.504873,82.685256,83.924433,84.243309,0.438590,0.439362,0.617079,1.183165,calls/second,milliseconds
1779199070,295,262.856941,49.998027,21.169861,24.518783,34.059741,76.154328,81.504873,82.685256,83.924433,84.243309,0.437938,0.439362,0.617079,1.183165,calls/second,milliseconds
1779199071,295,262.856941,49.998027,21.169861,24.518783,34.059741,76.154328,81.504873,82.685256,83.924433,84.243309,0.437288,0.439362,0.617079,1.183165,calls/second,milliseconds
1779199072,295,262.856941,49.998027,21.169861,24.518783,34.059741,76.154328,81.504873,82.685256,83.924433,84.243309,0.436640,0.404233,0.606880,1.176611,calls/second,milliseconds
1779199073,295,262.856941,49.998027,21.169861,24.518783,34.059741,76.154328,81.504873,82.685256,83.924433,84.243309,0.435994,0.404233,0.606880,1.176611,calls/second,milliseconds
1779199074,305,337.125276,91.997944,21.169861,98.228907,72.609617,78.926983,334.404493,337.125276,337.125276,337.125276,0.450107,0.404233,0.606880,1.176611,calls/second,milliseconds
1779199075,305,337.125276,91.997944,21.169861,98.228907,72.609617,78.926983,334.404493,337.125276,337.125276,337.125276,0.449443,0.404233,0.606880,1.176611,calls/second,milliseconds
1779199076,305,337.125276,91.997944,21.169861,98.228907,72.609617,78.926983,334.404493,337.125276,337.125276,337.125276,0.448781,0.404233,0.606880,1.176611,calls/second,milliseconds
1779199077,305,337.125276,91.997944,21.169861,98.228907,72.609617,78.926983,334.404493,337.125276,337.125276,337.125276,0.448120,0.531823,0.629906,1.181172,calls/second,milliseconds
1779199078,305,337.125276,91.997944,21.169861,98.228907,72.609617,78.926983,334.404493,337.125276,337.125276,337.125276,0.447462,0.531823,0.629906,1.181172,calls/second,milliseconds
1779199079,305,337.125276,91.997944,21.169861,98.228907,72.609617,78.926983,334.404493,337.125276,337.125276,337.125276,0.446805,0.531823,0.629906,1.181172,calls/second,milliseconds
1779199080,305,337.125276,91.997944,21.169861,98.228907,72.609617,78.926983,334.404493,337.125276,337.125276,337.125276,0.446151,0.531823,0.629906,1.181172,calls/second,milliseconds
1779199081,305,337.125276,91.997944,21.169861,98.228907,72.609617,78.926983,334.404493,337.125276,337.125276,337.125276,0.445498,0.531823,0.629906,1.181172,calls/second,milliseconds
1779199082,305,337.125276,91.997944,21.169861,98.228907,72.609617,78.926983,334.404493,337.125276,337.125276,337.125276,0.444848,0.489301,0.619495,1.174628,calls/second,milliseconds
1779199083,305,337.125276,91.997944,21.169861,98.228907,72.609617,78.926983,334.404493,337.125276,337.125276,337.125276,0.444199,0.489301,0.619495,1.174628,calls/second,milliseconds
1779199084,310,337.125276,83.110700,21.169861,94.085146,69.145172,78.867138,332.275971,337.125276,337.125276,337.125276,0.450823,0.489301,0.619495,1.174628,calls/second,milliseconds
1779199085,310,337.125276,83.110700,21.169861,94.085146,69.145172,78.867138,332.275971,337.125276,337.125276,337.125276,0.450168,0.489301,0.619495,1.174628,calls/second,milliseconds
1779199086,310,337.125276,83.110700,21.169861,94.085146,69.145172,78.867138,332.275971,337.125276,337.125276,337.125276,0.449514,0.489301,0.619495,1.174628,calls/second,milliseconds
1779199087,310,337.125276,83.110700,21.169861,94.085146,69.145172,78.867138,332.275971,337.125276,337.125276,337.125276,0.448862,0.530134,0.625784,1.173661,calls/second,milliseconds
1779199088,310,337.125276,83.110700,21.169861,94.085146,69.145172,78.867138,332.275971,337.125276,337.125276,337.125276,0.448212,0.530134,0.625784,1.173661,calls/second,milliseconds
1779199089,310,337.125276,83.110700,21.169861,94.085146,69.145172,78.867138,332.275971,337.125276,337.125276,337.125276,0.447564,0.530134,0.625784,1.173661,calls/second,milliseconds
1779199090,310,337.125276,83.110700,21.169861,94.085146,69.145172,78.867138,332.275971,337.125276,337.125276,337.125276,0.446918,0.530134,0.625784,1.173661,calls/second,milliseconds
1779199091,310,337.125276,83.110700,21.169861,94.085146,69.145172,78.867138,332.275971,337.125276,337.125276,337.125276,0.446274,0.530134,0.625784,1.173661,calls/second,milliseconds
1779199092,310,337.125276,83.110700,21.169861,94.085146,69.145172,78.867138,332.275971,337.125276,337.125276,337.125276,0.445632,0.487747,0.615440,1.167159,calls/second,milliseconds
1779199093,310,337.125276,83.110700,21.169861,94.085146,69.145172,78.867138,332.275971,337.125276,337.125276,337.125276,0.444991,0.487747,0.615440,1.167159,calls/second,milliseconds
1779199094,310,337.125276,83.110700,21.169861,94.085146,69.145172,78.867138,332.275971,337.125276,337.125276,337.125276,0.444352,0.487747,0.615440,1.167159,calls/second,milliseconds
1779199095,310,337.125276,83.110700,21.169861,94.085146,69.145172,78.867138,332.275971,337.125276,337.125276,337.125276,0.443715,0.487747,0.615440,1.167159,calls/second,milliseconds
1779199096,315,337.125276,81.887067,21.169861,87.262830,69.277605,78.265790,332.275971,337.125276,337.125276,337.125276,0.450226,0.487747,0.615440,1.167159,calls/second,milliseconds
1779199097,315,337.125276,81.887067,21.169861,87.262830,69.277605,78.265790,332.275971,337.125276,337.125276,337.125276,0.449582,0.528705,0.621797,1.166233,calls/second,milliseconds
1779199098,315,337.125276,81.887067,21.169861,87.262830,69.277605,78.265790,332.275971,337.125276,337.125276,337.125276,0.448941,0.528705,0.621797,1.166233,calls/second,milliseconds
1779199099,315,337.125276,81.887067,21.169861,87.262830,69.277605,78.265790,332.275971,337.125276,337.125276,337.125276,0.448301,0.528705,0.621797,1.166233,calls/second,milliseconds
1779199100,315,337.125276,81.887067,21.169861,87.262830,69.277605,78.265790,332.275971,337.125276,337.125276,337.125276,0.447663,0.528705,0.621797,1.166233,calls/second,milliseconds
1779199101,315,337.125276,81.887067,21.169861,87.262830,69.277605,78.265790,332.275971,337.125276,337.125276,337.125276,0.447027,0.528705,0.621797,1.166233,calls/second,milliseconds
1779199102,315,337.125276,81.887067,21.169861,87.262830,69.277605,78.265790,332.275971,337.125276,337.125276,337.125276,0.446392,0.486432,0.611519,1.159771,calls/second,milliseconds
1779199103,315,337.125276,81.887067,21.169861,87.262830,69.277605,78.265790,332.275971,337.125276,337.125276,337.125276,0.445760,0.486432,0.611519,1.159771,calls/second,milliseconds
1779199104,315,337.125276,81.887067,21.169861,87.262830,69.277605,78.265790,332.275971,337.125276,337.125276,337.125276,0.445129,0.486432,0.611519,1.159771,calls/second,milliseconds
1779199105,315,337.125276,81.887067,21.169861,87.262830,69.277605,78.265790,332.275971,337.125276,337.125276,337.125276,0.444500,0.486432,0.611519,1.159771,calls/second,milliseconds
1779199106,320,337.125276,74.571082,21.169861,83.006603,68.334115,77.471059,332.275971,334.404493,337.125276,337.125276,0.450918,0.486432,0.611519,1.159771,calls/second,milliseconds
1779199107,320,337.125276,74.571082,21.169861,83.006603,68.334115,77.471059,332.275971,334.404493,337.125276,337.125276,0.450282,0.527494,0.617940,1.158886,calls/second,milliseconds
1779199108,320,337.125276,74.571082,21.169861,83.006603,68.334115,77.471059,332.275971,334.404493,337.125276,337.125276,0.449648,0.527494,0.617940,1.158886,calls/second,milliseconds
1779199109,320,337.125276,74.571082,21.169861,83.006603,68.334115,77.471059,332.275971,334.404493,337.125276,337.125276,0.449017,0.527494,0.617940,1.158886,calls/second,milliseconds
1779199110,320,337.125276,74.571082,21.169861,83.006603,68.334115,77.471059,332.275971,334.404493,337.125276,337.125276,0.448387,0.527494,0.617940,1.158886,calls/second,milliseconds
1779199111,320,337.125276,74.571082,21.169861,83.006603,68.334115,77.471059,332.275971,334.404493,337.125276,337.125276,0.447758,0.527494,0.617940,1.158886,calls/second,milliseconds
1779199112,320,337.125276,74.571082,21.169861,83.006603,68.334115,77.471059,332.275971,334.404493,337.125276,337.125276,0.447131,0.485318,0.607727,1.152466,calls/second,milliseconds
1779199113,325,337.125276,74.651253,21.169861,77.194620,69.154174,78.240632,330.255591,334.404493,337.125276,337.125276,0.453483,0.485318,0.607727,1.152466,calls/second,milliseconds
1779199114,325,337.125276,74.651253,21.169861,77.194620,69.154174,78.240632,330.255591,334.404493,337.125276,337.125276,0.452850,0.485318,0.607727,1.152466,calls/second,milliseconds
1779199115,325,337.125276,74.651253,21.169861,77.194620,69.154174,78.240632,330.255591,334.404493,337.125276,337.125276,0.452219,0.485318,0.607727,1.152466,calls/second,milliseconds
1779199116,325,337.125276,74.651253,21.169861,77.194620,69.154174,78.240632,330.255591,334.404493,337.125276,337.125276,0.451590,0.485318,0.607727,1.152466,calls/second,milliseconds
1779199117,325,337.125276,74.651253,21.169861,77.194620,69.154174,78.240632,330.255591,334.404493,337.125276,337.125276,0.450963,0.526470,0.614210,1.151621,calls/second,milliseconds
1779199118,325,337.125276,74.651253,21.169861,77.194620,69.154174,78.240632,330.255591,334.404493,337.125276,337.125276,0.450337,0.526470,0.614210,1.151621,calls/second,milliseconds
1779199119,325,337.125276,74.651253,21.169861,77.194620,69.154174,78.240632,330.255591,334.404493,337.125276,337.125276,0.449713,0.526470,0.614210,1.151621,calls/second,milliseconds
1779199120,325,337.125276,74.651253,21.169861,77.194620,69.154174,78.240632,330.255591,334.404493,337.125276,337.125276,0.449091,0.526470,0.614210,1.151621,calls/second,milliseconds
1779199121,325,337.125276,74.651253,21.169861,77.194620,69.154174,78.240632,330.255591,334.404493,337.125276,337.125276,0.448470,0.526470,0.614210,1.151621,calls/second,milliseconds
1779199122,325,337.125276,74.651253,21.169861,77.194620,69.154174,78.240632,330.255591,334.404493,337.125276,337.125276,0.447851,0.484376,0.604058,1.145241,calls/second,milliseconds
1779199123,330,337.125276,68.208688,21.169861,73.678026,67.971667,76.279532,330.255591,334.404493,337.125276,337.125276,0.454114,0.484376,0.604058,1.145241,calls/second,milliseconds
1779199124,330,337.125276,68.208688,21.169861,73.678026,67.971667,76.279532,330.255591,334.404493,337.125276,337.125276,0.453489,0.484376,0.604058,1.145241,calls/second,milliseconds
1779199125,330,337.125276,68.208688,21.169861,73.678026,67.971667,76.279532,330.255591,334.404493,337.125276,337.125276,0.452866,0.484376,0.604058,1.145241,calls/second,milliseconds
1779199126,330,337.125276,68.208688,21.169861,73.678026,67.971667,76.279532,330.255591,334.404493,337.125276,337.125276,0.452244,0.484376,0.604058,1.145241,calls/second,milliseconds
1779199127,330,337.125276,68.208688,21.169861,73.678026,67.971667,76.279532,330.255591,334.404493,337.125276,337.125276,0.451624,0.525603,0.610603,1.144436,calls/second,milliseconds
1779199128,330,337.125276,68.208688,21.169861,73.678026,67.971667,76.279532,330.255591,334.404493,337.125276,337.125276,0.451006,0.525603,0.610603,1.144436,calls/second,milliseconds
1779199129,330,337.125276,68.208688,21.169861,73.678026,67.971667,76.279532,330.255591,334.404493,337.125276,337.125276,0.450390,0.525603,0.610603,1.144436,calls/second,milliseconds
1779199130,340,337.125276,72.809045,21.169861,65.415951,72.323757,80.001407,327.766696,334.404493,337.125276,337.125276,0.463405,0.525603,0.610603,1.144436,calls/second,milliseconds
1779199131,340,337.125276,72.809045,21.169861,65.415951,72.323757,80.001407,327.766696,334.404493,337.125276,337.125276,0.462773,0.525603,0.610603,1.144436,calls/second,milliseconds
1779199132,340,337.125276,72.809045,21.169861,65.415951,72.323757,80.001407,327.766696,334.404493,337.125276,337.125276,0.462143,0.643489,0.633567,1.149176,calls/second,milliseconds
1779199133,340,337.125276,72.809045,21.169861,65.415951,72.323757,80.001407,327.766696,334.404493,337.125276,337.125276,0.461515,0.643489,0.633567,1.149176,calls/second,milliseconds
1779199134,340,337.125276,72.809045,21.169861,65.415951,72.323757,80.001407,327.766696,334.404493,337.125276,337.125276,0.460889,0.643489,0.633567,1.149176,calls/second,milliseconds
1779199135,340,337.125276,72.809045,21.169861,65.415951,72.323757,80.001407,327.766696,334.404493,337.125276,337.125276,0.460264,0.643489,0.633567,1.149176,calls/second,milliseconds
1779199136,340,337.125276,72.809045,21.169861,65.415951,72.323757,80.001407,327.766696,334.404493,337.125276,337.125276,0.459641,0.643489,0.633567,1.149176,calls/second,milliseconds
1779199137,340,337.125276,72.809045,21.169861,65.415951,72.323757,80.001407,327.766696,334.404493,337.125276,337.125276,0.459019,0.592039,0.623095,1.142810,calls/second,milliseconds
1779199138,340,337.125276,72.809045,21.169861,65.415951,72.323757,80.001407,327.766696,334.404493,337.125276,337.125276,0.458400,0.592039,0.623095,1.142810,calls/second,milliseconds
1779199139,340,337.125276,72.809045,21.169861,65.415951,72.323757,80.001407,327.766696,334.404493,337.125276,337.125276,0.457782,0.592039,0.623095,1.142810,calls/second,milliseconds
1779199140,345,337.125276,67.405518,20.695888,63.233131,68.905119,78.265790,104.935303,332.275971,334.404493,337.125276,0.463888,0.592039,0.623095,1.142810,calls/second,milliseconds
1779199141,345,337.125276,67.405518,20.695888,63.233131,68.905119,78.265790,104.935303,332.275971,334.404493,337.125276,0.463264,0.592039,0.623095,1.142810,calls/second,milliseconds
1779199142,345,337.125276,67.405518,20.695888,63.233131,68.905119,78.265790,104.935303,332.275971,334.404493,337.125276,0.462642,0.624657,0.629325,1.142019,calls/second,milliseconds
1779199143,345,337.125276,67.405518,20.695888,63.233131,68.905119,78.265790,104.935303,332.275971,334.404493,337.125276,0.462022,0.624657,0.629325,1.142019,calls/second,milliseconds
1779199144,345,337.125276,67.405518,20.695888,63.233131,68.905119,78.265790,104.935303,332.275971,334.404493,337.125276,0.461403,0.624657,0.629325,1.142019,calls/second,milliseconds
1779199145,345,337.125276,67.405518,20.695888,63.233131,68.905119,78.265790,104.935303,332.275971,334.404493,337.125276,0.460786,0.624657,0.629325,1.142019,calls/second,milliseconds
1779199146,345,337.125276,67.405518,20.695888,63.233131,68.905119,78.265790,104.935303,332.275971,334.404493,337.125276,0.460171,0.624657,0.629325,1.142019,calls/second,milliseconds
1779199147,360,337.125276,96.549539,20.695888,93.729216,74.743352,99.036267,334.404493,336.480227,336.480227,337.125276,0.479537,0.654668,0.635452,1.141232,calls/second,milliseconds
1779199148,360,337.125276,96.549539,20.695888,93.729216,74.743352,99.036267,334.404493,336.480227,336.480227,337.125276,0.478899,0.654668,0.635452,1.141232,calls/second,milliseconds
1779199149,360,337.125276,96.549539,20.695888,93.729216,74.743352,99.036267,334.404493,336.480227,336.480227,337.125276,0.478262,0.654668,0.635452,1.141232,calls/second,milliseconds
1779199150,360,337.125276,96.549539,20.695888,93.729216,74.743352,99.036267,334.404493,336.480227,336.480227,337.125276,0.477626,0.654668,0.635452,1.141232,calls/second,milliseconds
1779199151,360,337.125276,96.549539,20.695888,93.729216,74.743352,99.036267,334.404493,336.480227,336.480227,337.125276,0.476992,0.654668,0.635452,1.141232,calls/second,milliseconds
1779199152,360,337.125276,96.549539,20.695888,93.729216,74.743352,99.036267,334.404493,336.480227,336.480227,337.125276,0.476361,0.762235,0.658006,1.145989,calls/second,milliseconds
1779199153,360,337.125276,96.549539,20.695888,93.729216,74.743352,99.036267,334.404493,336.480227,336.480227,337.125276,0.475730,0.762235,0.658006,1.145989,calls/second,milliseconds
1779199154,360,337.125276,96.549539,20.695888,93.729216,74.743352,99.036267,334.404493,336.480227,336.480227,337.125276,0.475101,0.762235,0.658006,1.145989,calls/second,milliseconds
1779199155,360,337.125276,96.549539,20.695888,93.729216,74.743352,99.036267,334.404493,336.480227,336.480227,337.125276,0.474474,0.762235,0.658006,1.145989,calls/second,milliseconds
1779199156,360,337.125276,96.549539,20.695888,93.729216,74.743352,99.036267,334.404493,336.480227,336.480227,337.125276,0.473849,0.762235,0.658006,1.145989,calls/second,milliseconds
1779199157,365,337.125276,89.911848,20.695888,91.286541,72.323757,98.997818,332.472431,336.480227,336.480227,337.125276,0.479798,0.781246,0.663659,1.145181,calls/second,milliseconds
1779199158,365,337.125276,89.911848,20.695888,91.286541,72.323757,98.997818,332.472431,336.480227,336.480227,337.125276,0.479166,0.781246,0.663659,1.145181,calls/second,milliseconds
1779199159,365,337.125276,89.911848,20.695888,91.286541,72.323757,98.997818,332.472431,336.480227,336.480227,337.125276,0.478537,0.781246,0.663659,1.145181,calls/second,milliseconds
1779199160,365,337.125276,89.911848,20.695888,91.286541,72.323757,98.997818,332.472431,336.480227,336.480227,337.125276,0.477910,0.781246,0.663659,1.145181,calls/second,milliseconds
1779199161,365,337.125276,89.911848,20.695888,91.286541,72.323757,98.997818,332.472431,336.480227,336.480227,337.125276,0.477284,0.781246,0.663659,1.145181,calls/second,milliseconds
1779199162,365,337.125276,89.911848,20.695888,91.286541,72.323757,98.997818,332.472431,336.480227,336.480227,337.125276,0.476660,0.718781,0.652689,1.138836,calls/second,milliseconds
1779199163,365,337.125276,89.911848,20.695888,91.286541,72.323757,98.997818,332.472431,336.480227,336.480227,337.125276,0.476037,0.718781,0.652689,1.138836,calls/second,milliseconds
1779199164,370,337.125276,88.295774,20.695888,86.779655,72.609617,81.487275,332.472431,336.480227,336.480227,337.125276,0.481929,0.718781,0.652689,1.138836,calls/second,milliseconds
1779199165,370,337.125276,88.295774,20.695888,86.779655,72.609617,81.487275,332.472431,336.480227,336.480227,337.125276,0.481301,0.718781,0.652689,1.138836,calls/second,milliseconds
1779199166,370,337.125276,88.295774,20.695888,86.779655,72.609617,81.487275,332.472431,336.480227,336.480227,337.125276,0.480675,0.718781,0.652689,1.138836,calls/second,milliseconds
1779199167,370,337.125276,88.295774,20.695888,86.779655,72.609617,81.487275,332.472431,336.480227,336.480227,337.125276,0.480050,0.741266,0.658430,1.138067,calls/second,milliseconds
1779199168,370,337.125276,88.295774,20.695888,86.779655,72.609617,81.487275,332.472431,336.480227,336.480227,337.125276,0.479427,0.741266,0.658430,1.138067,calls/second,milliseconds
1779199169,370,337.125276,88.295774,20.695888,86.779655,72.609617,81.487275,332.472431,336.480227,336.480227,337.125276,0.478806,0.741266,0.658430,1.138067,calls/second,milliseconds
1779199170,370,337.125276,88.295774,20.695888,86.779655,72.609617,81.487275,332.472431,336.480227,336.480227,337.125276,0.478186,0.741266,0.658430,1.138067,calls/second,milliseconds
1779199171,370,337.125276,88.295774,20.695888,86.779655,72.609617,81.487275,332.472431,336.480227,336.480227,337.125276,0.477568,0.741266,0.658430,1.138067,calls/second,milliseconds
1779199172,370,337.125276,88.295774,20.695888,86.779655,72.609617,81.487275,332.472431,336.480227,336.480227,337.125276,0.476952,0.681997,0.647547,1.131762,calls/second,milliseconds
1779199173,370,337.125276,88.295774,20.695888,86.779655,72.609617,81.487275,332.472431,336.480227,336.480227,337.125276,0.476337,0.681997,0.647547,1.131762,calls/second,milliseconds
1779199174,375,337.125276,82.086583,20.695888,84.277915,71.017228,80.456334,332.472431,334.529374,336.480227,337.125276,0.482152,0.681997,0.647547,1.131762,calls/second,milliseconds
1779199175,375,337.125276,82.086583,20.695888,84.277915,71.017228,80.456334,332.472431,334.529374,336.480227,337.125276,0.481532,0.681997,0.647547,1.131762,calls/second,milliseconds
1779199176,375,337.125276,82.086583,20.695888,84.277915,71.017228,80.456334,332.472431,334.529374,336.480227,337.125276,0.480914,0.681997,0.647547,1.131762,calls/second,milliseconds
1779199177,375,337.125276,82.086583,20.695888,84.277915,71.017228,80.456334,332.472431,334.529374,336.480227,337.125276,0.480297,0.707423,0.653372,1.131032,calls/second,milliseconds
1779199178,375,337.125276,82.086583,20.695888,84.277915,71.017228,80.456334,332.472431,334.529374,336.480227,337.125276,0.479682,0.707423,0.653372,1.131032,calls/second,milliseconds
1779199179,375,337.125276,82.086583,20.695888,84.277915,71.017228,80.456334,332.472431,334.529374,336.480227,337.125276,0.479068,0.707423,0.653372,1.131032,calls/second,milliseconds
1779199180,375,337.125276,82.086583,20.695888,84.277915,71.017228,80.456334,332.472431,334.529374,336.480227,337.125276,0.478456,0.707423,0.653372,1.131032,calls/second,milliseconds
1779199181,380,337.125276,80.972365,20.695888,79.885161,71.277618,79.215448,330.255591,334.529374,336.480227,337.125276,0.484216,0.707423,0.653372,1.131032,calls/second,milliseconds
1779199182,380,337.125276,80.972365,20.695888,79.885161,71.277618,79.215448,330.255591,334.529374,336.480227,337.125276,0.483599,0.730817,0.659102,1.130306,calls/second,milliseconds
1779199183,380,337.125276,80.972365,20.695888,79.885161,71.277618,79.215448,330.255591,334.529374,336.480227,337.125276,0.482984,0.730817,0.659102,1.130306,calls/second,milliseconds
1779199184,380,337.125276,80.972365,20.695888,79.885161,71.277618,79.215448,330.255591,334.529374,336.480227,337.125276,0.482370,0.730817,0.659102,1.130306,calls/second,milliseconds
1779199185,380,337.125276,80.972365,20.695888,79.885161,71.277618,79.215448,330.255591,334.529374,336.480227,337.125276,0.481757,0.730817,0.659102,1.130306,calls/second,milliseconds
1779199186,380,337.125276,80.972365,20.695888,79.885161,71.277618,79.215448,330.255591,334.529374,336.480227,337.125276,0.481146,0.730817,0.659102,1.130306,calls/second,milliseconds
1779199187,380,337.125276,80.972365,20.695888,79.885161,71.277618,79.215448,330.255591,334.529374,336.480227,337.125276,0.480536,0.672384,0.648208,1.124044,calls/second,milliseconds
1779199188,380,337.125276,80.972365,20.695888,79.885161,71.277618,79.215448,330.255591,334.529374,336.480227,337.125276,0.479929,0.672384,0.648208,1.124044,calls/second,milliseconds
1779199189,380,337.125276,80.972365,20.695888,79.885161,71.277618,79.215448,330.255591,334.529374,336.480227,337.125276,0.479322,0.672384,0.648208,1.124044,calls/second,milliseconds
1779199190,380,337.125276,80.972365,20.695888,79.885161,71.277618,79.215448,330.255591,334.529374,336.480227,337.125276,0.478717,0.672384,0.648208,1.124044,calls/second,milliseconds
1779199191,385,337.125276,75.400923,20.695888,77.211370,68.865548,77.961506,330.040356,334.529374,336.480227,337.125276,0.484405,0.672384,0.648208,1.124044,calls/second,milliseconds
1779199192,385,337.125276,75.400923,20.695888,77.211370,68.865548,77.961506,330.040356,334.529374,336.480227,337.125276,0.483796,0.698578,0.654022,1.123357,calls/second,milliseconds
1779199193,385,337.125276,75.400923,20.695888,77.211370,68.865548,77.961506,330.040356,334.529374,336.480227,337.125276,0.483188,0.698578,0.654022,1.123357,calls/second,milliseconds
1779199194,385,337.125276,75.400923,20.695888,77.211370,68.865548,77.961506,330.040356,334.529374,336.480227,337.125276,0.482581,0.698578,0.654022,1.123357,calls/second,milliseconds
1779199195,385,337.125276,75.400923,20.695888,77.211370,68.865548,77.961506,330.040356,334.529374,336.480227,337.125276,0.481976,0.698578,0.654022,1.123357,calls/second,milliseconds
1779199196,385,337.125276,75.400923,20.695888,77.211370,68.865548,77.961506,330.040356,334.529374,336.480227,337.125276,0.481373,0.698578,0.654022,1.123357,calls/second,milliseconds
1779199197,385,337.125276,75.400923,20.695888,77.211370,68.865548,77.961506,330.040356,334.529374,336.480227,337.125276,0.480771,0.642723,0.643212,1.117133,calls/second,milliseconds
1779199198,385,337.125276,75.400923,20.695888,77.211370,68.865548,77.961506,330.040356,334.529374,336.480227,337.125276,0.480170,0.642723,0.643212,1.117133,calls/second,milliseconds
1779199199,385,337.125276,75.400923,20.695888,77.211370,68.865548,77.961506,330.040356,334.529374,336.480227,337.125276,0.479571,0.642723,0.643212,1.117133,calls/second,milliseconds
1779199200,385,337.125276,75.400923,20.695888,77.211370,68.865548,77.961506,330.040356,334.529374,336.480227,337.125276,0.478974,0.642723,0.643212,1.117133,calls/second,milliseconds
1779199201,385,337.125276,75.400923,20.695888,77.211370,68.865548,77.961506,330.040356,334.529374,336.480227,337.125276,0.478378,0.642723,0.643212,1.117133,calls/second,milliseconds
1779199202,385,337.125276,75.400923,20.695888,77.211370,68.865548,77.961506,330.040356,334.529374,336.480227,337.125276,0.477784,0.591334,0.632581,1.110944,calls/second,milliseconds
1779199203,390,337.125276,74.893317,20.695888,72.710908,69.174945,76.342264,330.040356,334.529374,336.480227,337.125276,0.483388,0.591334,0.632581,1.110944,calls/second,milliseconds
1779199204,390,337.125276,74.893317,20.695888,72.710908,69.174945,76.342264,330.040356,334.529374,336.480227,337.125276,0.482789,0.591334,0.632581,1.110944,calls/second,milliseconds
1779199205,390,337.125276,74.893317,20.695888,72.710908,69.174945,76.342264,330.040356,334.529374,336.480227,337.125276,0.482191,0.591334,0.632581,1.110944,calls/second,milliseconds
1779199206,390,337.125276,74.893317,20.695888,72.710908,69.174945,76.342264,330.040356,334.529374,336.480227,337.125276,0.481594,0.591334,0.632581,1.110944,calls/second,milliseconds
1779199207,390,337.125276,74.893317,20.695888,72.710908,69.174945,76.342264,330.040356,334.529374,336.480227,337.125276,0.481000,0.624009,0.638654,1.110329,calls/second,milliseconds
1779199208,390,337.125276,74.893317,20.695888,72.710908,69.174945,76.342264,330.040356,334.529374,336.480227,337.125276,0.480406,0.624009,0.638654,1.110329,calls/second,milliseconds
1779199209,390,337.125276,74.893317,20.695888,72.710908,69.174945,76.342264,330.040356,334.529374,336.480227,337.125276,0.479814,0.624009,0.638654,1.110329,calls/second,milliseconds
1779199210,390,337.125276,74.893317,20.695888,72.710908,69.174945,76.342264,330.040356,334.529374,336.480227,337.125276,0.479224,0.624009,0.638654,1.110329,calls/second,milliseconds
1779199211,390,337.125276,74.893317,20.695888,72.710908,69.174945,76.342264,330.040356,334.529374,336.480227,337.125276,0.478635,0.624009,0.638654,1.110329,calls/second,milliseconds
1779199212,390,337.125276,74.893317,20.695888,72.710908,69.174945,76.342264,330.040356,334.529374,336.480227,337.125276,0.478048,0.574116,0.628098,1.104178,calls/second,milliseconds
1779199213,395,337.125276,69.332991,20.695888,70.042128,67.757345,75.551806,327.527743,334.529374,336.480227,337.125276,0.483583,0.574116,0.628098,1.104178,calls/second,milliseconds
1779199215,395,337.125276,69.332991,20.695888,70.042128,67.757345,75.551806,327.527743,334.529374,336.480227,337.125276,0.482991,0.574116,0.628098,1.104178,calls/second,milliseconds
1779199216,395,337.125276,69.332991,20.695888,70.042128,67.757345,75.551806,327.527743,334.529374,336.480227,337.125276,0.482400,0.574116,0.628098,1.104178,calls/second,milliseconds
1779199217,395,337.125276,69.332991,20.695888,70.042128,67.757345,75.551806,327.527743,334.529374,336.480227,337.125276,0.481811,0.574116,0.628098,1.104178,calls/second,milliseconds
1779199218,395,337.125276,69.332991,20.695888,70.042128,67.757345,75.551806,327.527743,334.529374,336.480227,337.125276,0.481223,0.608168,0.634245,1.103601,calls/second,milliseconds
1779199219,395,337.125276,69.332991,20.695888,70.042128,67.757345,75.551806,327.527743,334.529374,336.480227,337.125276,0.480636,0.608168,0.634245,1.103601,calls/second,milliseconds
1779199220,395,337.125276,69.332991,20.695888,70.042128,67.757345,75.551806,327.527743,334.529374,336.480227,337.125276,0.480051,0.608168,0.634245,1.103601,calls/second,milliseconds
1779199221,400,337.125276,69.912007,20.695888,65.934761,68.865548,76.255184,327.527743,334.404493,336.480227,337.125276,0.485537,0.608168,0.634245,1.103601,calls/second,milliseconds
1779199222,400,337.125276,69.912007,20.695888,65.934761,68.865548,76.255184,327.527743,334.404493,336.480227,337.125276,0.484947,0.608168,0.634245,1.103601,calls/second,milliseconds
1779199223,400,337.125276,69.912007,20.695888,65.934761,68.865548,76.255184,327.527743,334.404493,336.480227,337.125276,0.484359,0.639497,0.640290,1.103027,calls/second,milliseconds
1779199224,400,337.125276,69.912007,20.695888,65.934761,68.865548,76.255184,327.527743,334.404493,336.480227,337.125276,0.483773,0.639497,0.640290,1.103027,calls/second,milliseconds
1779199225,400,337.125276,69.912007,20.695888,65.934761,68.865548,76.255184,327.527743,334.404493,336.480227,337.125276,0.483188,0.639497,0.640290,1.103027,calls/second,milliseconds
1779199226,400,337.125276,69.912007,20.695888,65.934761,68.865548,76.255184,327.527743,334.404493,336.480227,337.125276,0.482604,0.639497,0.640290,1.103027,calls/second,milliseconds
1779199227,400,337.125276,69.912007,20.695888,65.934761,68.865548,76.255184,327.527743,334.404493,336.480227,337.125276,0.482021,0.639497,0.640290,1.103027,calls/second,milliseconds
1779199228,400,337.125276,69.912007,20.695888,65.934761,68.865548,76.255184,327.527743,334.404493,336.480227,337.125276,0.481440,0.588366,0.629707,1.096916,calls/second,milliseconds
1779199229,400,337.125276,69.912007,20.695888,65.934761,68.865548,76.255184,327.527743,334.404493,336.480227,337.125276,0.480861,0.588366,0.629707,1.096916,calls/second,milliseconds
1779199230,404,337.125276,65.642496,20.695888,64.034939,67.757345,75.122003,107.297528,332.472431,334.529374,337.125276,0.485085,0.588366,0.629707,1.096916,calls/second,milliseconds
1779199231,405,337.125276,64.869870,20.695888,63.472941,66.612144,74.743352,107.297528,332.472431,334.529374,337.125276,0.485702,0.588366,0.629707,1.096916,calls/second,milliseconds
1779199232,405,337.125276,64.869870,20.695888,63.472941,66.612144,74.743352,107.297528,332.472431,334.529374,337.125276,0.485119,0.588366,0.629707,1.096916,calls/second,milliseconds
1779199233,405,337.125276,64.869870,20.695888,63.472941,66.612144,74.743352,107.297528,332.472431,334.529374,337.125276,0.484538,0.621278,0.635828,1.096379,calls/second,milliseconds
1779199234,405,337.125276,64.869870,20.695888,63.472941,66.612144,74.743352,107.297528,332.472431,334.529374,337.125276,0.483958,0.621278,0.635828,1.096379,calls/second,milliseconds
1779199235,405,337.125276,64.869870,20.695888,63.472941,66.612144,74.743352,107.297528,332.472431,334.529374,337.125276,0.483380,0.621278,0.635828,1.096379,calls/second,milliseconds
1779199236,405,337.125276,64.869870,20.695888,63.472941,66.612144,74.743352,107.297528,332.472431,334.529374,337.125276,0.482802,0.621278,0.635828,1.096379,calls/second,milliseconds
1779199237,405,337.125276,64.869870,20.695888,63.472941,66.612144,74.743352,107.297528,332.472431,334.529374,337.125276,0.482227,0.621278,0.635828,1.096379,calls/second,milliseconds
1779199238,405,337.125276,64.869870,20.695888,63.472941,66.612144,74.743352,107.297528,332.472431,334.529374,337.125276,0.481653,0.571603,0.625318,1.090305,calls/second,milliseconds
1779199239,405,337.125276,64.869870,20.695888,63.472941,66.612144,74.743352,107.297528,332.472431,334.529374,337.125276,0.481080,0.571603,0.625318,1.090305,calls/second,milliseconds
1779199240,405,337.125276,64.869870,20.695888,63.472941,66.612144,74.743352,107.297528,332.472431,334.529374,337.125276,0.480508,0.571603,0.625318,1.090305,calls/second,milliseconds
1779199241,405,337.125276,64.869870,20.695888,63.472941,66.612144,74.743352,107.297528,332.472431,334.529374,337.125276,0.479938,0.571603,0.625318,1.090305,calls/second,milliseconds
1779199242,405,337.125276,64.869870,20.695888,63.472941,66.612144,74.743352,107.297528,332.472431,334.529374,337.125276,0.479369,0.571603,0.625318,1.090305,calls/second,milliseconds
1779199243,405,337.125276,64.869870,20.695888,63.472941,66.612144,74.743352,107.297528,332.472431,334.529374,337.125276,0.478802,0.525901,0.614983,1.084264,calls/second,milliseconds
1779199244,405,337.125276,64.869870,20.695888,63.472941,66.612144,74.743352,107.297528,332.472431,334.529374,337.125276,0.478235,0.525901,0.614983,1.084264,calls/second,milliseconds
1779199245,405,337.125276,64.869870,20.695888,63.472941,66.612144,74.743352,107.297528,332.472431,334.529374,337.125276,0.477671,0.525901,0.614983,1.084264,calls/second,milliseconds
1779199246,405,337.125276,64.869870,20.695888,63.472941,66.612144,74.743352,107.297528,332.472431,334.529374,337.125276,0.477107,0.525901,0.614983,1.084264,calls/second,milliseconds
1779199247,405,337.125276,64.869870,20.695888,63.472941,66.612144,74.743352,107.297528,332.472431,334.529374,337.125276,0.476545,0.525901,0.614983,1.084264,calls/second,milliseconds
1779199248,410,337.125276,66.042410,20.695888,59.237287,68.768720,76.255184,105.265542,332.472431,334.529374,337.125276,0.481860,0.483852,0.604818,1.078257,calls/second,milliseconds
1779199249,410,337.125276,66.042410,20.695888,59.237287,68.768720,76.255184,105.265542,332.472431,334.529374,337.125276,0.481294,0.483852,0.604818,1.078257,calls/second,milliseconds
1779199250,410,337.125276,66.042410,20.695888,59.237287,68.768720,76.255184,105.265542,332.472431,334.529374,337.125276,0.480729,0.483852,0.604818,1.078257,calls/second,milliseconds
1779199251,410,337.125276,66.042410,20.695888,59.237287,68.768720,76.255184,105.265542,332.472431,334.529374,337.125276,0.480165,0.483852,0.604818,1.078257,calls/second,milliseconds
1779199252,410,337.125276,66.042410,20.695888,59.237287,68.768720,76.255184,105.265542,332.472431,334.529374,337.125276,0.479602,0.483852,0.604818,1.078257,calls/second,milliseconds
1779199253,410,337.125276,66.042410,20.695888,59.237287,68.768720,76.255184,105.265542,332.472431,334.529374,337.125276,0.479041,0.525121,0.611350,1.077824,calls/second,milliseconds
1779199254,410,337.125276,66.042410,20.695888,59.237287,68.768720,76.255184,105.265542,332.472431,334.529374,337.125276,0.478481,0.525121,0.611350,1.077824,calls/second,milliseconds
1779199255,410,337.125276,66.042410,20.695888,59.237287,68.768720,76.255184,105.265542,332.472431,334.529374,337.125276,0.477923,0.525121,0.611350,1.077824,calls/second,milliseconds
1779199256,410,337.125276,66.042410,20.695888,59.237287,68.768720,76.255184,105.265542,332.472431,334.529374,337.125276,0.477366,0.525121,0.611350,1.077824,calls/second,milliseconds
1779199257,415,337.125276,60.901263,20.695888,56.726839,66.375803,74.549152,103.284675,332.275971,334.529374,337.125276,0.482625,0.525121,0.611350,1.077824,calls/second,milliseconds
1779199258,415,337.125276,60.901263,20.695888,56.726839,66.375803,74.549152,103.284675,332.275971,334.529374,337.125276,0.482063,0.563090,0.617773,1.077393,calls/second,milliseconds
1779199259,415,337.125276,60.901263,20.695888,56.726839,66.375803,74.549152,103.284675,332.275971,334.529374,337.125276,0.481503,0.563090,0.617773,1.077393,calls/second,milliseconds
1779199260,415,337.125276,60.901263,20.695888,56.726839,66.375803,74.549152,103.284675,332.275971,334.529374,337.125276,0.480944,0.563090,0.617773,1.077393,calls/second,milliseconds
1779199261,415,337.125276,60.901263,20.695888,56.726839,66.375803,74.549152,103.284675,332.275971,334.529374,337.125276,0.480387,0.563090,0.617773,1.077393,calls/second,milliseconds
1779199262,415,337.125276,60.901263,20.695888,56.726839,66.375803,74.549152,103.284675,332.275971,334.529374,337.125276,0.479831,0.563090,0.617773,1.077393,calls/second,milliseconds
1779199263,415,337.125276,60.901263,20.695888,56.726839,66.375803,74.549152,103.284675,332.275971,334.529374,337.125276,0.479276,0.518068,0.607563,1.071424,calls/second,milliseconds
1779199264,415,337.125276,60.901263,20.695888,56.726839,66.375803,74.549152,103.284675,332.275971,334.529374,337.125276,0.478722,0.518068,0.607563,1.071424,calls/second,milliseconds
1779199265,420,337.125276,62.473761,20.695888,53.129668,68.269058,75.122003,101.256094,330.040356,334.529374,337.125276,0.483931,0.518068,0.607563,1.071424,calls/second,milliseconds
1779199266,420,337.125276,62.473761,20.695888,53.129668,68.269058,75.122003,101.256094,330.040356,334.529374,337.125276,0.483373,0.518068,0.607563,1.071424,calls/second,milliseconds
1779199267,420,337.125276,62.473761,20.695888,53.129668,68.269058,75.122003,101.256094,330.040356,334.529374,337.125276,0.482816,0.518068,0.607563,1.071424,calls/second,milliseconds
1779199268,420,337.125276,62.473761,20.695888,53.129668,68.269058,75.122003,101.256094,330.040356,334.529374,337.125276,0.482261,0.556601,0.614049,1.071028,calls/second,milliseconds
1779199269,420,337.125276,62.473761,20.695888,53.129668,68.269058,75.122003,101.256094,330.040356,334.529374,337.125276,0.481707,0.556601,0.614049,1.071028,calls/second,milliseconds
1779199270,420,337.125276,62.473761,20.695888,53.129668,68.269058,75.122003,101.256094,330.040356,334.529374,337.125276,0.481154,0.556601,0.614049,1.071028,calls/second,milliseconds
1779199271,420,337.125276,62.473761,20.695888,53.129668,68.269058,75.122003,101.256094,330.040356,334.529374,337.125276,0.480603,0.556601,0.614049,1.071028,calls/second,milliseconds
1779199272,420,337.125276,62.473761,20.695888,53.129668,68.269058,75.122003,101.256094,330.040356,334.529374,337.125276,0.480053,0.556601,0.614049,1.071028,calls/second,milliseconds
1779199273,420,337.125276,62.473761,20.695888,53.129668,68.269058,75.122003,101.256094,330.040356,334.529374,337.125276,0.479504,0.512098,0.603900,1.065094,calls/second,milliseconds
1779199274,425,337.125276,58.100163,20.695888,50.859935,34.637674,74.105796,101.210295,330.040356,334.404493,337.125276,0.484659,0.512098,0.603900,1.065094,calls/second,milliseconds
1779199275,425,337.125276,58.100163,20.695888,50.859935,34.637674,74.105796,101.210295,330.040356,334.404493,337.125276,0.484106,0.512098,0.603900,1.065094,calls/second,milliseconds
1779199276,425,337.125276,58.100163,20.695888,50.859935,34.637674,74.105796,101.210295,330.040356,334.404493,337.125276,0.483554,0.512098,0.603900,1.065094,calls/second,milliseconds
1779199277,425,337.125276,58.100163,20.695888,50.859935,34.637674,74.105796,101.210295,330.040356,334.404493,337.125276,0.483004,0.512098,0.603900,1.065094,calls/second,milliseconds
1779199278,425,337.125276,58.100163,20.695888,50.859935,34.637674,74.105796,101.210295,330.040356,334.404493,337.125276,0.482455,0.551108,0.610447,1.064734,calls/second,milliseconds
1779199279,425,337.125276,58.100163,20.695888,50.859935,34.637674,74.105796,101.210295,330.040356,334.404493,337.125276,0.481907,0.551108,0.610447,1.064734,calls/second,milliseconds
1779199280,425,337.125276,58.100163,20.695888,50.859935,34.637674,74.105796,101.210295,330.040356,334.404493,337.125276,0.481360,0.551108,0.610447,1.064734,calls/second,milliseconds
1779199281,425,337.125276,58.100163,20.695888,50.859935,34.637674,74.105796,101.210295,330.040356,334.404493,337.125276,0.480815,0.551108,0.610447,1.064734,calls/second,milliseconds
1779199282,435,337.125276,64.697200,20.695888,46.946573,70.839301,77.173785,104.910053,327.527743,332.472431,337.125276,0.491571,0.551108,0.610447,1.064734,calls/second,milliseconds
1779199283,435,337.125276,64.697200,20.695888,46.946573,70.839301,77.173785,104.910053,327.527743,332.472431,337.125276,0.491015,0.666955,0.633414,1.069915,calls/second,milliseconds
1779199284,435,337.125276,64.697200,20.695888,46.946573,70.839301,77.173785,104.910053,327.527743,332.472431,337.125276,0.490461,0.666955,0.633414,1.069915,calls/second,milliseconds
1779199285,435,337.125276,64.697200,20.695888,46.946573,70.839301,77.173785,104.910053,327.527743,332.472431,337.125276,0.489908,0.666955,0.633414,1.069915,calls/second,milliseconds
1779199286,435,337.125276,64.697200,20.695888,46.946573,70.839301,77.173785,104.910053,327.527743,332.472431,337.125276,0.489356,0.666955,0.633414,1.069915,calls/second,milliseconds
1779199287,435,337.125276,64.697200,20.695888,46.946573,70.839301,77.173785,104.910053,327.527743,332.472431,337.125276,0.488805,0.666955,0.633414,1.069915,calls/second,milliseconds
1779199288,435,337.125276,64.697200,20.695888,46.946573,70.839301,77.173785,104.910053,327.527743,332.472431,337.125276,0.488256,0.613628,0.622944,1.063988,calls/second,milliseconds
1779199289,435,337.125276,64.697200,20.695888,46.946573,70.839301,77.173785,104.910053,327.527743,332.472431,337.125276,0.487708,0.613628,0.622944,1.063988,calls/second,milliseconds
1779199290,435,337.125276,64.697200,20.695888,46.946573,70.839301,77.173785,104.910053,327.527743,332.472431,337.125276,0.487161,0.613628,0.622944,1.063988,calls/second,milliseconds
1779199291,440,337.125276,60.264201,20.695888,45.857355,67.877821,76.363993,103.258649,107.297528,332.275971,336.480227,0.492208,0.613628,0.622944,1.063988,calls/second,milliseconds
1779199292,440,337.125276,60.264201,20.695888,45.857355,67.877821,76.363993,103.258649,107.297528,332.275971,336.480227,0.491657,0.613628,0.622944,1.063988,calls/second,milliseconds
1779199293,440,337.125276,60.264201,20.695888,45.857355,67.877821,76.363993,103.258649,107.297528,332.275971,336.480227,0.491108,0.644521,0.629177,1.063633,calls/second,milliseconds
1779199294,440,337.125276,60.264201,20.695888,45.857355,67.877821,76.363993,103.258649,107.297528,332.275971,336.480227,0.490559,0.644521,0.629177,1.063633,calls/second,milliseconds
1779199295,440,337.125276,60.264201,20.695888,45.857355,67.877821,76.363993,103.258649,107.297528,332.275971,336.480227,0.490012,0.644521,0.629177,1.063633,calls/second,milliseconds
1779199296,440,337.125276,60.264201,20.695888,45.857355,67.877821,76.363993,103.258649,107.297528,332.275971,336.480227,0.489467,0.644521,0.629177,1.063633,calls/second,milliseconds
1779199297,440,337.125276,60.264201,20.695888,45.857355,67.877821,76.363993,103.258649,107.297528,332.275971,336.480227,0.488922,0.644521,0.629177,1.063633,calls/second,milliseconds
1779199298,445,337.125276,56.710560,20.695888,44.321620,33.423006,75.748147,103.258649,105.265542,330.255591,336.480227,0.493928,0.592988,0.618777,1.057741,calls/second,milliseconds
1779199299,445,337.125276,56.710560,20.695888,44.321620,33.423006,75.748147,103.258649,105.265542,330.255591,336.480227,0.493379,0.592988,0.618777,1.057741,calls/second,milliseconds
1779199300,445,337.125276,56.710560,20.695888,44.321620,33.423006,75.748147,103.258649,105.265542,330.255591,336.480227,0.492832,0.592988,0.618777,1.057741,calls/second,milliseconds
1779199301,445,337.125276,56.710560,20.695888,44.321620,33.423006,75.748147,103.258649,105.265542,330.255591,336.480227,0.492286,0.592988,0.618777,1.057741,calls/second,milliseconds
1779199302,445,337.125276,56.710560,20.695888,44.321620,33.423006,75.748147,103.258649,105.265542,330.255591,336.480227,0.491741,0.592988,0.618777,1.057741,calls/second,milliseconds
1779199303,445,337.125276,56.710560,20.695888,44.321620,33.423006,75.748147,103.258649,105.265542,330.255591,336.480227,0.491198,0.625531,0.625078,1.057421,calls/second,milliseconds
1779199304,445,337.125276,56.710560,20.695888,44.321620,33.423006,75.748147,103.258649,105.265542,330.255591,336.480227,0.490656,0.625531,0.625078,1.057421,calls/second,milliseconds
1779199305,445,337.125276,56.710560,20.695888,44.321620,33.423006,75.748147,103.258649,105.265542,330.255591,336.480227,0.490114,0.625531,0.625078,1.057421,calls/second,milliseconds
1779199306,445,337.125276,56.710560,20.695888,44.321620,33.423006,75.748147,103.258649,105.265542,330.255591,336.480227,0.489575,0.625531,0.625078,1.057421,calls/second,milliseconds
1779199307,445,337.125276,56.710560,20.695888,44.321620,33.423006,75.748147,103.258649,105.265542,330.255591,336.480227,0.489036,0.625531,0.625078,1.057421,calls/second,milliseconds
1779199308,445,337.125276,56.710560,20.695888,44.321620,33.423006,75.748147,103.258649,105.265542,330.255591,336.480227,0.488498,0.575516,0.614747,1.051563,calls/second,milliseconds
1779199309,445,337.125276,56.710560,20.695888,44.321620,33.423006,75.748147,103.258649,105.265542,330.255591,336.480227,0.487962,0.575516,0.614747,1.051563,calls/second,milliseconds
1779199310,445,337.125276,56.710560,20.695888,44.321620,33.423006,75.748147,103.258649,105.265542,330.255591,336.480227,0.487427,0.575516,0.614747,1.051563,calls/second,milliseconds
1779199311,445,337.125276,56.710560,20.695888,44.321620,33.423006,75.748147,103.258649,105.265542,330.255591,336.480227,0.486893,0.575516,0.614747,1.051563,calls/second,milliseconds
1779199312,445,337.125276,56.710560,20.695888,44.321620,33.423006,75.748147,103.258649,105.265542,330.255591,336.480227,0.486360,0.575516,0.614747,1.051563,calls/second,milliseconds
1779199313,445,337.125276,56.710560,20.695888,44.321620,33.423006,75.748147,103.258649,105.265542,330.255591,336.480227,0.485828,0.529500,0.604586,1.045737,calls/second,milliseconds
1779199314,445,337.125276,56.710560,20.695888,44.321620,33.423006,75.748147,103.258649,105.265542,330.255591,336.480227,0.485297,0.529500,0.604586,1.045737,calls/second,milliseconds
1779199315,445,337.125276,56.710560,20.695888,44.321620,33.423006,75.748147,103.258649,105.265542,330.255591,336.480227,0.484768,0.529500,0.604586,1.045737,calls/second,milliseconds
1779199316,445,337.125276,56.710560,20.695888,44.321620,33.423006,75.748147,103.258649,105.265542,330.255591,336.480227,0.484240,0.529500,0.604586,1.045737,calls/second,milliseconds
